transaction_id,from_account,to_account,amount,timestamp,channel,label
TX_000001,ACC_0033,ACC_0044,344.91,2023-07-31 21:08:48,online,normal
TX_000002,ACC_0067,ACC_0120,143.34,2023-10-19 19:54:57,branch,normal
TX_000003,ACC_0046,ACC_0136,1472.04,2023-01-23 01:25:04,branch,normal
TX_000004,ACC_0022,ACC_0066,552.36,2023-01-12 13:08:10,atm,normal
TX_000005,ACC_0110,ACC_0069,49.37,2023-04-05 21:45:30,online,normal
TX_000006,ACC_0029,ACC_0063,139.05,2023-06-07 00:55:54,online,normal
TX_000007,ACC_0004,ACC_0090,1904.02,2023-11-09 16:29:11,branch,normal
TX_000008,ACC_0093,ACC_0031,475.69,2023-04-21 01:05:14,online,normal
TX_000009,ACC_0091,ACC_0147,737.65,2023-05-07 06:27:24,branch,normal
TX_000010,ACC_0072,ACC_0007,247.48,2023-01-15 21:49:37,wire,normal
TX_000011,ACC_0081,ACC_0060,1623.28,2023-05-25 01:47:03,online,normal
TX_000012,ACC_0121,ACC_0139,103.29,2023-10-20 15:33:40,online,normal
TX_000013,ACC_0096,ACC_0050,4.08,2023-06-02 16:59:15,branch,normal
TX_000014,ACC_0142,ACC_0025,37.44,2023-02-12 02:03:15,wire,normal
TX_000015,ACC_0032,ACC_0045,125.29,2023-11-08 20:05:09,online,normal
TX_000016,ACC_0064,ACC_0132,442.95,2023-07-09 21:42:01,online,normal
TX_000017,ACC_0074,ACC_0025,30.69,2023-01-14 07:05:21,branch,normal
TX_000018,ACC_0149,ACC_0120,429.03,2023-09-02 16:40:32,wire,normal
TX_000019,ACC_0044,ACC_0055,1319.03,2023-09-11 22:14:00,online,normal
TX_000020,ACC_0019,ACC_0076,144.34,2023-11-07 21:26:57,online,normal
TX_000021,ACC_0031,ACC_0100,23.16,2023-09-25 05:56:59,online,normal
TX_000022,ACC_0086,ACC_0150,358.47,2023-10-07 22:05:05,wire,normal
TX_000023,ACC_0131,ACC_0150,779.1,2023-12-28 03:39:41,branch,normal
TX_000024,ACC_0096,ACC_0124,112.58,2023-01-21 19:41:11,online,normal
TX_000025,ACC_0008,ACC_0036,3916.02,2023-11-26 05:30:51,online,normal
TX_000026,ACC_0128,ACC_0007,188.2,2023-01-29 05:19:36,online,normal
TX_000027,ACC_0103,ACC_0066,13.05,2023-07-14 15:19:05,online,normal
TX_000028,ACC_0038,ACC_0100,258.19,2023-07-23 03:20:17,online,normal
TX_000029,ACC_0001,ACC_0006,139.48,2023-03-30 06:34:03,wire,normal
TX_000030,ACC_0122,ACC_0044,285.89,2023-01-05 18:11:23,branch,normal
TX_000031,ACC_0080,ACC_0038,271.32,2023-01-27 23:10:57,wire,normal
TX_000032,ACC_0097,ACC_0023,437.84,2023-03-03 21:12:05,wire,normal
TX_000033,ACC_0107,ACC_0146,4541.14,2023-12-04 03:32:52,online,normal
TX_000034,ACC_0101,ACC_0029,56.39,2023-07-05 17:10:13,online,normal
TX_000035,ACC_0084,ACC_0031,67.77,2023-07-03 01:57:05,atm,normal
TX_000036,ACC_0115,ACC_0054,1264.84,2023-08-20 11:31:22,online,normal
TX_000037,ACC_0029,ACC_0145,274.41,2023-01-22 21:32:10,online,normal
TX_000038,ACC_0055,ACC_0106,233.59,2023-08-25 07:44:54,online,normal
TX_000039,ACC_0128,ACC_0085,590.94,2023-07-27 15:04:53,wire,normal
TX_000040,ACC_0126,ACC_0044,63.88,2023-05-21 07:45:08,online,normal
TX_000041,ACC_0059,ACC_0012,12.52,2023-02-23 19:41:47,online,normal
TX_000042,ACC_0147,ACC_0051,644.55,2023-08-05 11:36:22,branch,normal
TX_000043,ACC_0066,ACC_0010,475.83,2023-06-28 11:52:47,online,normal
TX_000044,ACC_0112,ACC_0052,53.76,2023-09-27 04:42:23,online,normal
TX_000045,ACC_0041,ACC_0039,1453.06,2023-01-26 19:21:49,wire,normal
TX_000046,ACC_0021,ACC_0145,55.16,2023-06-03 08:18:32,online,normal
TX_000047,ACC_0068,ACC_0056,476.66,2023-05-06 13:39:41,wire,normal
TX_000048,ACC_0105,ACC_0026,107.07,2023-05-22 19:43:50,wire,normal
TX_000049,ACC_0077,ACC_0076,156.14,2023-12-12 14:45:07,wire,normal
TX_000050,ACC_0024,ACC_0077,688.44,2023-05-28 12:16:46,branch,normal
TX_000051,ACC_0081,ACC_0109,127.91,2023-05-12 21:36:46,online,normal
TX_000052,ACC_0119,ACC_0020,211.5,2023-04-24 08:40:07,online,normal
TX_000053,ACC_0123,ACC_0111,248.97,2023-05-21 14:24:42,online,normal
TX_000054,ACC_0087,ACC_0082,341.45,2023-09-15 14:05:16,online,normal
TX_000055,ACC_0094,ACC_0053,208.13,2023-02-23 13:59:13,atm,normal
TX_000056,ACC_0055,ACC_0010,66.33,2023-05-06 17:40:51,online,normal
TX_000057,ACC_0004,ACC_0087,55.65,2023-09-13 21:55:26,branch,normal
TX_000058,ACC_0091,ACC_0032,1967.95,2023-11-23 03:11:56,wire,normal
TX_000059,ACC_0145,ACC_0142,138.59,2023-02-13 13:01:00,online,normal
TX_000060,ACC_0113,ACC_0112,943.49,2023-02-19 11:35:44,branch,normal
TX_000061,ACC_0029,ACC_0039,78.77,2023-03-10 14:38:22,branch,normal
TX_000062,ACC_0010,ACC_0059,91.06,2023-07-04 21:46:17,wire,normal
TX_000063,ACC_0145,ACC_0109,260.31,2023-02-11 09:25:49,online,normal
TX_000064,ACC_0071,ACC_0137,188.67,2023-07-25 18:02:23,online,normal
TX_000065,ACC_0076,ACC_0136,6.55,2023-09-10 02:43:34,online,normal
TX_000066,ACC_0095,ACC_0129,146.37,2023-10-26 05:39:23,wire,normal
TX_000067,ACC_0124,ACC_0109,202.12,2023-12-09 18:10:48,online,normal
TX_000068,ACC_0042,ACC_0017,379.73,2023-12-11 08:10:17,wire,normal
TX_000069,ACC_0025,ACC_0007,700.56,2023-04-14 01:18:43,wire,normal
TX_000070,ACC_0083,ACC_0053,282.29,2023-01-02 18:09:41,wire,normal
TX_000071,ACC_0149,ACC_0122,436.13,2023-07-11 20:46:48,wire,normal
TX_000072,ACC_0067,ACC_0111,146.29,2023-11-04 01:13:14,branch,normal
TX_000073,ACC_0092,ACC_0075,231.64,2023-03-16 19:20:39,online,normal
TX_000074,ACC_0032,ACC_0017,46.24,2023-10-18 23:30:24,online,normal
TX_000075,ACC_0065,ACC_0034,578.41,2023-08-15 09:27:49,online,normal
TX_000076,ACC_0115,ACC_0009,172.0,2023-11-16 18:58:39,online,normal
TX_000077,ACC_0065,ACC_0094,106.04,2023-02-01 02:20:51,wire,normal
TX_000078,ACC_0068,ACC_0025,45.52,2023-12-16 13:15:42,wire,normal
TX_000079,ACC_0017,ACC_0032,34.73,2023-12-16 11:16:05,online,normal
TX_000080,ACC_0146,ACC_0026,355.0,2023-02-23 23:47:22,online,normal
TX_000081,ACC_0043,ACC_0068,87.57,2023-07-20 21:12:51,atm,normal
TX_000082,ACC_0040,ACC_0034,109.92,2023-07-18 10:10:32,online,normal
TX_000083,ACC_0050,ACC_0148,77.43,2023-03-03 06:14:21,branch,normal
TX_000084,ACC_0066,ACC_0112,207.18,2023-11-03 06:17:12,online,normal
TX_000085,ACC_0057,ACC_0092,15.59,2023-12-01 13:38:38,wire,normal
TX_000086,ACC_0009,ACC_0071,521.41,2023-06-19 18:08:03,online,normal
TX_000087,ACC_0001,ACC_0090,114.87,2023-08-30 17:57:40,branch,normal
TX_000088,ACC_0051,ACC_0131,15.44,2023-06-11 00:51:14,online,normal
TX_000089,ACC_0060,ACC_0075,83.3,2023-09-09 04:23:56,online,normal
TX_000090,ACC_0074,ACC_0132,337.12,2023-05-17 15:46:28,wire,normal
TX_000091,ACC_0010,ACC_0096,249.57,2023-02-10 08:22:04,online,normal
TX_000092,ACC_0134,ACC_0004,282.07,2023-09-12 13:21:13,online,normal
TX_000093,ACC_0023,ACC_0141,59.0,2023-06-25 22:09:34,online,normal
TX_000094,ACC_0051,ACC_0036,200.38,2023-10-12 10:46:02,wire,normal
TX_000095,ACC_0054,ACC_0036,73.05,2023-01-25 05:01:52,online,normal
TX_000096,ACC_0075,ACC_0077,107.77,2023-03-24 22:09:57,branch,normal
TX_000097,ACC_0036,ACC_0028,175.94,2023-07-27 03:41:03,online,normal
TX_000098,ACC_0040,ACC_0029,81.44,2023-12-28 16:39:51,branch,normal
TX_000099,ACC_0004,ACC_0061,7.45,2023-02-24 14:52:38,wire,normal
TX_000100,ACC_0135,ACC_0118,85.34,2023-11-08 08:50:09,online,normal
TX_000101,ACC_0022,ACC_0115,890.96,2023-11-12 16:47:50,branch,normal
TX_000102,ACC_0066,ACC_0138,730.57,2023-05-17 07:14:22,online,normal
TX_000103,ACC_0148,ACC_0113,71.56,2023-04-24 06:26:30,branch,normal
TX_000104,ACC_0086,ACC_0002,243.12,2023-03-25 15:09:28,online,normal
TX_000105,ACC_0120,ACC_0035,426.29,2023-11-21 15:46:45,online,normal
TX_000106,ACC_0028,ACC_0064,115.0,2023-07-01 11:18:57,wire,normal
TX_000107,ACC_0020,ACC_0081,624.47,2023-04-26 16:13:42,online,normal
TX_000108,ACC_0125,ACC_0073,1086.71,2023-10-22 14:00:39,branch,normal
TX_000109,ACC_0078,ACC_0053,82.71,2023-10-06 11:03:00,online,normal
TX_000110,ACC_0021,ACC_0141,67.22,2023-08-10 08:18:24,wire,normal
TX_000111,ACC_0016,ACC_0044,490.8,2023-12-25 18:55:03,wire,normal
TX_000112,ACC_0120,ACC_0109,148.14,2023-10-26 12:33:48,branch,normal
TX_000113,ACC_0134,ACC_0082,12.69,2023-08-01 04:48:55,online,normal
TX_000114,ACC_0052,ACC_0133,26.28,2023-05-29 19:59:21,online,normal
TX_000115,ACC_0123,ACC_0034,76.67,2023-10-15 15:02:28,branch,normal
TX_000116,ACC_0101,ACC_0048,482.85,2023-11-14 16:06:01,online,normal
TX_000117,ACC_0038,ACC_0130,8151.6,2023-01-14 03:07:09,online,smurf
TX_000118,ACC_0067,ACC_0046,240.82,2023-09-26 18:50:58,wire,normal
TX_000119,ACC_0026,ACC_0092,9.68,2023-05-16 13:34:08,online,normal
TX_000120,ACC_0085,ACC_0056,141.18,2023-06-17 20:46:12,online,normal
TX_000121,ACC_0056,ACC_0100,71.16,2023-11-24 01:22:22,online,normal
TX_000122,ACC_0029,ACC_0041,337.09,2023-05-11 13:42:18,branch,normal
TX_000123,ACC_0052,ACC_0046,129.73,2023-03-11 01:26:16,online,normal
TX_000124,ACC_0126,ACC_0009,73.93,2023-05-19 10:10:56,wire,normal
TX_000125,ACC_0148,ACC_0139,55.76,2023-06-13 21:43:14,branch,normal
TX_000126,ACC_0027,ACC_0026,37.31,2023-01-09 06:59:37,online,normal
TX_000127,ACC_0139,ACC_0135,155.96,2023-10-04 09:55:17,online,normal
TX_000128,ACC_0129,ACC_0131,25.08,2023-02-24 23:31:48,online,normal
TX_000129,ACC_0059,ACC_0079,43.76,2023-12-02 07:08:03,branch,normal
TX_000130,ACC_0060,ACC_0005,94.52,2023-08-31 09:31:07,branch,normal
TX_000131,ACC_0019,ACC_0090,124.99,2023-08-20 08:01:43,online,normal
TX_000132,ACC_0064,ACC_0150,39.8,2023-03-21 00:11:08,branch,normal
TX_000133,ACC_0141,ACC_0124,533.68,2023-11-08 07:34:24,wire,normal
TX_000134,ACC_0089,ACC_0127,288.55,2023-06-18 16:03:46,atm,normal
TX_000135,ACC_0075,ACC_0118,89.22,2023-08-23 08:05:50,online,normal
TX_000136,ACC_0070,ACC_0147,201.24,2023-04-23 08:29:14,online,normal
TX_000137,ACC_0024,ACC_0125,364.12,2023-12-26 19:53:49,online,normal
TX_000138,ACC_0109,ACC_0129,77.0,2023-09-03 23:05:07,online,normal
TX_000139,ACC_0132,ACC_0044,215.03,2023-08-07 20:23:49,online,normal
TX_000140,ACC_0041,ACC_0096,284.55,2023-09-09 13:39:18,branch,normal
TX_000141,ACC_0074,ACC_0052,111.67,2023-04-30 02:32:14,branch,normal
TX_000142,ACC_0112,ACC_0061,330.69,2023-05-16 21:53:39,online,normal
TX_000143,ACC_0074,ACC_0046,198.02,2023-08-02 22:18:12,online,normal
TX_000144,ACC_0042,ACC_0013,195.78,2023-07-20 04:12:01,online,normal
TX_000145,ACC_0020,ACC_0146,46.37,2023-01-01 03:24:58,online,normal
TX_000146,ACC_0008,ACC_0034,35.19,2023-01-07 15:48:26,online,normal
TX_000147,ACC_0084,ACC_0048,139.11,2023-05-11 04:53:28,wire,normal
TX_000148,ACC_0107,ACC_0050,261.7,2023-02-28 04:15:20,online,normal
TX_000149,ACC_0072,ACC_0069,58.69,2023-06-10 23:43:12,online,normal
TX_000150,ACC_0143,ACC_0144,259.94,2023-07-03 23:47:36,wire,normal
TX_000151,ACC_0121,ACC_0149,396.03,2023-01-12 11:55:14,online,normal
TX_000152,ACC_0036,ACC_0089,21.92,2023-12-04 17:59:58,online,normal
TX_000153,ACC_0054,ACC_0033,144.02,2023-10-15 01:21:08,branch,normal
TX_000154,ACC_0107,ACC_0018,57.89,2023-06-30 19:12:05,online,normal
TX_000155,ACC_0037,ACC_0135,12.86,2023-02-18 12:51:18,branch,normal
TX_000156,ACC_0098,ACC_0042,993.98,2023-06-09 22:07:48,online,normal
TX_000157,ACC_0110,ACC_0124,643.32,2023-07-18 16:18:09,online,normal
TX_000158,ACC_0092,ACC_0096,152.8,2023-04-22 20:09:21,online,normal
TX_000159,ACC_0098,ACC_0120,10.03,2023-09-20 20:05:46,online,normal
TX_000160,ACC_0035,ACC_0102,11.15,2023-06-15 07:04:36,online,normal
TX_000161,ACC_0058,ACC_0082,171.14,2023-03-18 02:00:08,online,normal
TX_000162,ACC_0032,ACC_0097,1472.64,2023-11-11 11:13:22,online,normal
TX_000163,ACC_0114,ACC_0066,23.48,2023-12-16 18:58:37,online,normal
TX_000164,ACC_0037,ACC_0118,43.91,2023-01-11 05:09:23,wire,normal
TX_000165,ACC_0148,ACC_0083,750.95,2023-10-07 06:14:34,wire,normal
TX_000166,ACC_0114,ACC_0107,99.03,2023-07-20 19:32:20,wire,normal
TX_000167,ACC_0125,ACC_0086,125.21,2023-05-25 00:57:46,online,normal
TX_000168,ACC_0125,ACC_0037,96.93,2023-01-11 03:48:11,wire,normal
TX_000169,ACC_0035,ACC_0079,180.08,2023-04-12 11:43:34,branch,normal
TX_000170,ACC_0007,ACC_0141,757.07,2023-08-18 01:41:53,online,normal
TX_000171,ACC_0142,ACC_0005,39.32,2023-08-28 13:16:25,wire,normal
TX_000172,ACC_0149,ACC_0146,29.77,2023-11-02 19:13:08,online,normal
TX_000173,ACC_0055,ACC_0002,322.65,2023-08-15 15:02:24,online,normal
TX_000174,ACC_0124,ACC_0080,808.86,2023-12-01 16:53:11,online,normal
TX_000175,ACC_0038,ACC_0138,102.65,2023-10-16 17:33:49,wire,normal
TX_000176,ACC_0055,ACC_0052,276.63,2023-06-10 09:39:38,online,normal
TX_000177,ACC_0120,ACC_0065,157.11,2023-10-06 04:58:06,online,normal
TX_000178,ACC_0083,ACC_0019,54.58,2023-07-25 04:56:00,online,normal
TX_000179,ACC_0140,ACC_0114,296.79,2023-12-20 12:31:58,online,normal
TX_000180,ACC_0057,ACC_0003,2825.27,2023-08-27 16:17:05,wire,normal
TX_000181,ACC_0099,ACC_0147,1941.56,2023-07-24 15:59:52,atm,normal
TX_000182,ACC_0100,ACC_0072,74.04,2023-06-07 10:42:42,branch,normal
TX_000183,ACC_0042,ACC_0095,46.18,2023-05-14 03:30:26,online,normal
TX_000184,ACC_0119,ACC_0045,90.61,2023-05-29 09:19:14,wire,normal
TX_000185,ACC_0050,ACC_0020,308.92,2023-04-18 09:23:53,wire,normal
TX_000186,ACC_0042,ACC_0133,59.8,2023-06-03 04:23:26,wire,normal
TX_000187,ACC_0130,ACC_0041,675.39,2023-02-26 12:09:37,atm,normal
TX_000188,ACC_0111,ACC_0103,83.82,2023-07-17 00:56:00,online,normal
TX_000189,ACC_0056,ACC_0083,291.73,2023-05-13 10:49:12,branch,normal
TX_000190,ACC_0038,ACC_0096,50.37,2023-06-12 05:50:16,branch,normal
TX_000191,ACC_0122,ACC_0078,22.3,2023-01-14 10:35:40,online,normal
TX_000192,ACC_0080,ACC_0066,32.46,2023-10-14 01:28:36,branch,normal
TX_000193,ACC_0033,ACC_0024,521.47,2023-01-01 09:12:37,wire,normal
TX_000194,ACC_0056,ACC_0120,267.71,2023-05-07 13:25:39,branch,normal
TX_000195,ACC_0138,ACC_0039,27.17,2023-09-14 14:04:50,online,normal
TX_000196,ACC_0056,ACC_0135,172.75,2023-08-26 23:49:37,online,normal
TX_000197,ACC_0130,ACC_0084,1604.86,2023-03-21 13:40:45,online,normal
TX_000198,ACC_0101,ACC_0035,197.85,2023-08-10 22:23:33,wire,normal
TX_000199,ACC_0025,ACC_0132,26.88,2023-05-27 18:07:33,online,normal
TX_000200,ACC_0102,ACC_0054,110.38,2023-02-26 02:21:25,online,normal
TX_000201,ACC_0143,ACC_0070,195.37,2023-05-21 04:13:49,atm,normal
TX_000202,ACC_0008,ACC_0004,561.23,2023-04-05 00:05:16,online,normal
TX_000203,ACC_0115,ACC_0125,428.54,2023-03-04 16:10:46,online,normal
TX_000204,ACC_0047,ACC_0148,212.04,2023-01-01 00:03:13,online,normal
TX_000205,ACC_0131,ACC_0049,45.99,2023-11-13 12:34:32,branch,normal
TX_000206,ACC_0070,ACC_0079,32.42,2023-12-17 00:34:23,atm,normal
TX_000207,ACC_0102,ACC_0025,163.62,2023-06-04 02:46:04,online,normal
TX_000208,ACC_0057,ACC_0113,44.48,2023-02-10 23:33:10,online,normal
TX_000209,ACC_0124,ACC_0012,378.45,2023-05-16 20:57:10,online,normal
TX_000210,ACC_0040,ACC_0106,391.82,2023-03-06 12:24:38,online,normal
TX_000211,ACC_0128,ACC_0148,67.43,2023-05-19 14:34:47,online,normal
TX_000212,ACC_0128,ACC_0099,213.01,2023-12-14 02:43:24,online,normal
TX_000213,ACC_0111,ACC_0001,1160.95,2023-04-24 00:59:48,online,normal
TX_000214,ACC_0039,ACC_0109,91.23,2023-12-06 03:43:59,online,normal
TX_000215,ACC_0104,ACC_0146,82.84,2023-07-14 17:35:59,online,normal
TX_000216,ACC_0017,ACC_0075,154.88,2023-04-15 22:12:41,online,normal
TX_000217,ACC_0149,ACC_0029,122.48,2023-12-09 05:42:01,wire,normal
TX_000218,ACC_0027,ACC_0106,219.29,2023-10-17 22:48:05,online,normal
TX_000219,ACC_0038,ACC_0028,357.52,2023-01-18 01:27:23,online,normal
TX_000220,ACC_0009,ACC_0117,49.12,2023-08-25 05:00:46,online,normal
TX_000221,ACC_0121,ACC_0090,511.08,2023-04-15 06:43:36,atm,normal
TX_000222,ACC_0131,ACC_0124,154.6,2023-08-06 01:24:49,wire,normal
TX_000223,ACC_0074,ACC_0103,50.74,2023-08-19 02:31:23,wire,normal
TX_000224,ACC_0137,ACC_0111,218.96,2023-04-27 18:45:12,online,normal
TX_000225,ACC_0127,ACC_0055,134.51,2023-06-27 11:27:17,atm,normal
TX_000226,ACC_0106,ACC_0052,62.26,2023-11-13 02:39:58,online,normal
TX_000227,ACC_0133,ACC_0139,233.85,2023-07-01 19:13:32,online,normal
TX_000228,ACC_0004,ACC_0135,17.67,2023-05-13 12:32:55,online,normal
TX_000229,ACC_0047,ACC_0123,591.58,2023-11-05 02:01:49,online,normal
TX_000230,ACC_0112,ACC_0094,481.78,2023-07-16 04:04:46,online,normal
TX_000231,ACC_0003,ACC_0096,826.13,2023-12-01 09:28:12,branch,normal
TX_000232,ACC_0069,ACC_0059,11.47,2023-05-13 17:09:02,branch,normal
TX_000233,ACC_0003,ACC_0017,60.03,2023-08-30 14:20:11,online,normal
TX_000234,ACC_0112,ACC_0091,131.88,2023-11-05 18:28:24,wire,normal
TX_000235,ACC_0126,ACC_0060,118.52,2023-08-29 06:01:40,atm,normal
TX_000236,ACC_0027,ACC_0110,134.25,2023-08-01 14:22:50,online,normal
TX_000237,ACC_0046,ACC_0008,77.03,2023-05-25 14:47:14,online,normal
TX_000238,ACC_0135,ACC_0107,110.31,2023-09-22 09:57:23,online,normal
TX_000239,ACC_0090,ACC_0094,102.52,2023-06-10 20:41:21,online,normal
TX_000240,ACC_0132,ACC_0120,78.42,2023-10-30 10:33:34,branch,normal
TX_000241,ACC_0036,ACC_0147,398.31,2023-02-20 00:55:07,online,normal
TX_000242,ACC_0079,ACC_0128,149.45,2023-05-20 06:08:21,online,normal
TX_000243,ACC_0057,ACC_0147,3304.93,2023-08-10 18:21:41,atm,normal
TX_000244,ACC_0050,ACC_0046,91.78,2023-08-07 14:47:20,branch,normal
TX_000245,ACC_0118,ACC_0014,106.37,2023-10-26 19:18:14,atm,normal
TX_000246,ACC_0085,ACC_0128,39.71,2023-05-04 02:16:58,online,normal
TX_000247,ACC_0112,ACC_0057,179.39,2023-02-09 05:08:28,online,normal
TX_000248,ACC_0071,ACC_0033,56.64,2023-04-12 21:56:04,online,normal
TX_000249,ACC_0072,ACC_0058,80.56,2023-05-03 16:45:28,online,normal
TX_000250,ACC_0141,ACC_0146,81.57,2023-01-06 19:36:01,online,normal
TX_000251,ACC_0103,ACC_0112,733.38,2023-10-09 04:37:26,branch,normal
TX_000252,ACC_0054,ACC_0126,118.67,2023-11-15 09:22:58,wire,normal
TX_000253,ACC_0107,ACC_0122,108.42,2023-12-06 09:09:14,online,normal
TX_000254,ACC_0137,ACC_0143,281.02,2023-04-21 14:33:11,online,normal
TX_000255,ACC_0033,ACC_0006,556.68,2023-10-05 23:58:32,online,normal
TX_000256,ACC_0026,ACC_0108,9.42,2023-04-09 12:49:25,online,normal
TX_000257,ACC_0092,ACC_0081,438.14,2023-12-18 13:20:20,branch,normal
TX_000258,ACC_0020,ACC_0008,115.01,2023-05-09 09:19:15,online,normal
TX_000259,ACC_0043,ACC_0057,392.3,2023-02-10 22:53:13,wire,normal
TX_000260,ACC_0136,ACC_0077,112.09,2023-08-18 12:09:39,online,normal
TX_000261,ACC_0143,ACC_0103,307.71,2023-10-23 11:55:05,online,normal
TX_000262,ACC_0079,ACC_0015,143.9,2023-12-28 09:26:34,branch,normal
TX_000263,ACC_0087,ACC_0050,606.17,2023-03-21 20:40:56,online,normal
TX_000264,ACC_0141,ACC_0078,66.28,2023-02-14 23:19:48,branch,normal
TX_000265,ACC_0021,ACC_0077,422.0,2023-08-23 18:16:07,online,normal
TX_000266,ACC_0109,ACC_0057,130.51,2023-12-20 11:39:52,atm,normal
TX_000267,ACC_0051,ACC_0132,76.65,2023-05-13 07:07:35,atm,normal
TX_000268,ACC_0123,ACC_0114,761.39,2023-08-18 03:32:42,branch,normal
TX_000269,ACC_0108,ACC_0114,835.14,2023-05-13 08:01:17,online,normal
TX_000270,ACC_0128,ACC_0061,345.83,2023-03-08 23:36:24,online,normal
TX_000271,ACC_0072,ACC_0056,25.56,2023-01-19 19:43:07,wire,normal
TX_000272,ACC_0081,ACC_0058,535.06,2023-12-03 09:41:14,branch,normal
TX_000273,ACC_0127,ACC_0068,171.95,2023-11-15 13:41:18,online,normal
TX_000274,ACC_0081,ACC_0013,23.91,2023-08-14 23:11:05,online,normal
TX_000275,ACC_0052,ACC_0060,29.87,2023-12-22 01:51:20,branch,normal
TX_000276,ACC_0038,ACC_0143,74.86,2023-11-15 01:20:35,wire,normal
TX_000277,ACC_0131,ACC_0102,138.97,2023-11-28 08:08:55,atm,normal
TX_000278,ACC_0073,ACC_0077,318.93,2023-01-11 21:13:56,atm,normal
TX_000279,ACC_0078,ACC_0101,20.04,2023-10-06 07:08:00,wire,normal
TX_000280,ACC_0014,ACC_0001,143.81,2023-10-15 16:03:28,online,normal
TX_000281,ACC_0004,ACC_0143,30.42,2023-02-24 22:30:01,wire,normal
TX_000282,ACC_0020,ACC_0072,1014.63,2023-03-06 00:44:52,atm,normal
TX_000283,ACC_0048,ACC_0083,43.39,2023-12-21 19:39:47,branch,normal
TX_000284,ACC_0082,ACC_0013,10.54,2023-06-05 00:10:26,online,normal
TX_000285,ACC_0145,ACC_0026,170.51,2023-12-06 13:12:47,branch,normal
TX_000286,ACC_0074,ACC_0082,22.31,2023-07-19 18:01:41,online,normal
TX_000287,ACC_0134,ACC_0018,60.49,2023-11-21 06:21:14,wire,normal
TX_000288,ACC_0003,ACC_0067,22.34,2023-03-30 18:39:38,branch,normal
TX_000289,ACC_0056,ACC_0111,1044.25,2023-05-26 14:35:17,wire,normal
TX_000290,ACC_0005,ACC_0116,46.22,2023-07-16 16:44:19,online,normal
TX_000291,ACC_0124,ACC_0015,190.12,2023-06-03 19:16:13,atm,normal
TX_000292,ACC_0041,ACC_0142,871.7,2023-09-18 23:31:53,online,normal
TX_000293,ACC_0053,ACC_0109,21.34,2023-03-16 12:36:15,online,normal
TX_000294,ACC_0002,ACC_0147,177.9,2023-03-06 18:51:49,online,normal
TX_000295,ACC_0060,ACC_0148,139.92,2023-12-11 22:47:25,atm,normal
TX_000296,ACC_0130,ACC_0093,27.81,2023-08-21 05:04:21,wire,normal
TX_000297,ACC_0032,ACC_0026,27.48,2023-10-10 11:43:56,online,normal
TX_000298,ACC_0025,ACC_0067,67.57,2023-06-08 15:20:03,atm,normal
TX_000299,ACC_0028,ACC_0087,40.52,2023-11-09 19:59:46,atm,normal
TX_000300,ACC_0018,ACC_0038,11.59,2023-03-27 07:27:19,wire,normal
TX_000301,ACC_0034,ACC_0056,68.7,2023-06-07 14:37:45,online,normal
TX_000302,ACC_0095,ACC_0006,62.86,2023-04-20 01:54:55,online,normal
TX_000303,ACC_0039,ACC_0112,524.82,2023-02-02 03:13:45,online,normal
TX_000304,ACC_0044,ACC_0023,368.67,2023-09-22 15:11:16,atm,normal
TX_000305,ACC_0047,ACC_0021,68.8,2023-03-20 11:05:37,wire,normal
TX_000306,ACC_0068,ACC_0128,855.43,2023-09-30 23:05:55,branch,normal
TX_000307,ACC_0111,ACC_0123,93.62,2023-11-29 22:14:21,branch,normal
TX_000308,ACC_0110,ACC_0149,726.23,2023-04-03 01:34:07,wire,normal
TX_000309,ACC_0067,ACC_0116,208.11,2023-03-29 19:51:22,wire,normal
TX_000310,ACC_0039,ACC_0017,82.56,2023-01-10 22:20:06,online,normal
TX_000311,ACC_0040,ACC_0121,217.4,2023-11-13 01:14:11,wire,normal
TX_000312,ACC_0060,ACC_0001,146.48,2023-08-21 10:22:11,branch,normal
TX_000313,ACC_0108,ACC_0052,201.61,2023-06-17 06:28:25,online,normal
TX_000314,ACC_0085,ACC_0141,124.33,2023-05-10 10:55:03,atm,normal
TX_000315,ACC_0020,ACC_0059,254.09,2023-11-15 01:40:06,online,normal
TX_000316,ACC_0116,ACC_0125,137.8,2023-05-29 16:25:42,online,normal
TX_000317,ACC_0093,ACC_0072,280.98,2023-07-03 05:23:33,atm,normal
TX_000318,ACC_0026,ACC_0029,188.34,2023-08-06 01:09:22,online,normal
TX_000319,ACC_0102,ACC_0101,135.34,2023-10-15 01:23:49,online,normal
TX_000320,ACC_0141,ACC_0130,97.53,2023-09-22 01:09:43,online,normal
TX_000321,ACC_0104,ACC_0147,81.49,2023-03-05 16:21:26,online,normal
TX_000322,ACC_0021,ACC_0051,136.22,2023-05-05 11:15:37,atm,normal
TX_000323,ACC_0041,ACC_0122,1307.78,2023-12-21 10:11:16,wire,normal
TX_000324,ACC_0122,ACC_0090,1505.95,2023-04-19 07:27:34,online,normal
TX_000325,ACC_0105,ACC_0001,14.26,2023-05-09 11:52:53,online,normal
TX_000326,ACC_0079,ACC_0110,933.4,2023-06-19 21:26:13,wire,normal
TX_000327,ACC_0054,ACC_0137,1065.5,2023-09-10 20:54:51,online,normal
TX_000328,ACC_0052,ACC_0030,210.17,2023-04-03 15:00:06,atm,normal
TX_000329,ACC_0111,ACC_0003,221.15,2023-03-28 23:54:59,wire,normal
TX_000330,ACC_0112,ACC_0144,134.85,2023-01-19 09:46:54,online,normal
TX_000331,ACC_0046,ACC_0106,454.64,2023-09-07 05:42:36,online,normal
TX_000332,ACC_0140,ACC_0069,336.18,2023-09-10 19:57:01,branch,normal
TX_000333,ACC_0027,ACC_0057,443.04,2023-11-21 08:58:28,online,normal
TX_000334,ACC_0140,ACC_0062,36.58,2023-07-06 23:11:55,branch,normal
TX_000335,ACC_0036,ACC_0067,71.82,2023-12-28 05:29:35,wire,normal
TX_000336,ACC_0067,ACC_0084,1224.68,2023-11-11 06:42:30,online,normal
TX_000337,ACC_0107,ACC_0088,193.78,2023-04-25 15:50:40,atm,normal
TX_000338,ACC_0049,ACC_0089,3769.08,2023-12-16 07:46:37,branch,normal
TX_000339,ACC_0128,ACC_0025,65.15,2023-07-08 11:29:32,online,normal
TX_000340,ACC_0048,ACC_0062,318.71,2023-07-30 17:56:56,wire,normal
TX_000341,ACC_0076,ACC_0029,118.03,2023-06-30 18:21:36,online,normal
TX_000342,ACC_0077,ACC_0085,306.17,2023-05-07 10:51:24,online,normal
TX_000343,ACC_0022,ACC_0123,251.12,2023-02-27 18:46:11,online,normal
TX_000344,ACC_0032,ACC_0006,131.85,2023-07-03 00:15:49,online,normal
TX_000345,ACC_0010,ACC_0039,113.4,2023-06-27 02:55:42,branch,normal
TX_000346,ACC_0067,ACC_0135,23.65,2023-12-02 19:58:27,atm,normal
TX_000347,ACC_0082,ACC_0109,135.67,2023-09-08 07:46:22,online,normal
TX_000348,ACC_0060,ACC_0124,182.46,2023-10-10 08:33:48,online,normal
TX_000349,ACC_0035,ACC_0133,52.77,2023-04-02 16:11:18,branch,normal
TX_000350,ACC_0058,ACC_0032,12.52,2023-11-08 15:22:45,online,normal
TX_000351,ACC_0146,ACC_0062,67.4,2023-05-01 10:02:57,branch,normal
TX_000352,ACC_0146,ACC_0005,98.44,2023-09-16 04:40:11,wire,normal
TX_000353,ACC_0069,ACC_0014,409.58,2023-06-24 14:11:07,branch,normal
TX_000354,ACC_0053,ACC_0119,1058.06,2023-01-08 22:33:33,wire,normal
TX_000355,ACC_0117,ACC_0102,47.7,2023-11-03 08:09:06,branch,normal
TX_000356,ACC_0140,ACC_0027,179.13,2023-08-05 21:16:09,branch,normal
TX_000357,ACC_0098,ACC_0071,494.75,2023-08-07 15:15:38,online,normal
TX_000358,ACC_0029,ACC_0105,58.55,2023-04-20 01:23:43,online,normal
TX_000359,ACC_0036,ACC_0032,15.12,2023-04-18 14:38:35,branch,normal
TX_000360,ACC_0042,ACC_0110,974.19,2023-05-13 19:39:55,online,normal
TX_000361,ACC_0134,ACC_0022,19.49,2023-10-30 14:53:11,online,normal
TX_000362,ACC_0100,ACC_0041,84.89,2023-07-24 18:49:36,online,normal
TX_000363,ACC_0012,ACC_0048,812.88,2023-03-20 01:17:01,branch,normal
TX_000364,ACC_0061,ACC_0068,764.63,2023-02-09 08:59:40,online,normal
TX_000365,ACC_0054,ACC_0130,8265.12,2023-07-24 23:28:13,online,smurf
TX_000366,ACC_0015,ACC_0109,146.06,2023-08-26 15:13:06,wire,normal
TX_000367,ACC_0120,ACC_0115,44.73,2023-12-20 09:28:30,online,normal
TX_000368,ACC_0109,ACC_0065,86.62,2023-05-25 21:00:02,online,normal
TX_000369,ACC_0089,ACC_0035,49.1,2023-12-18 08:39:22,branch,normal
TX_000370,ACC_0080,ACC_0145,308.49,2023-07-23 06:29:36,wire,normal
TX_000371,ACC_0054,ACC_0039,379.95,2023-03-13 13:46:47,online,normal
TX_000372,ACC_0107,ACC_0089,483.4,2023-08-11 16:51:51,atm,normal
TX_000373,ACC_0090,ACC_0062,10.21,2023-05-07 13:52:26,online,normal
TX_000374,ACC_0113,ACC_0031,124.66,2023-08-06 21:54:07,online,normal
TX_000375,ACC_0133,ACC_0138,275.85,2023-07-14 13:43:39,wire,normal
TX_000376,ACC_0050,ACC_0029,26.01,2023-12-10 15:07:51,wire,normal
TX_000377,ACC_0123,ACC_0043,417.37,2023-02-16 13:36:19,online,normal
TX_000378,ACC_0063,ACC_0033,606.6,2023-11-09 11:58:39,branch,normal
TX_000379,ACC_0063,ACC_0072,669.72,2023-04-28 22:15:12,atm,normal
TX_000380,ACC_0004,ACC_0141,512.7,2023-07-19 04:46:41,wire,normal
TX_000381,ACC_0016,ACC_0051,27.36,2023-01-14 13:39:31,online,normal
TX_000382,ACC_0033,ACC_0009,115.11,2023-12-23 01:21:06,online,normal
TX_000383,ACC_0052,ACC_0063,66.52,2023-07-17 13:14:16,online,normal
TX_000384,ACC_0080,ACC_0139,73.42,2023-09-15 03:13:52,wire,normal
TX_000385,ACC_0102,ACC_0110,258.38,2023-04-04 20:32:31,branch,normal
TX_000386,ACC_0140,ACC_0062,240.19,2023-07-16 04:04:08,wire,normal
TX_000387,ACC_0006,ACC_0058,59.73,2023-11-30 17:42:54,online,normal
TX_000388,ACC_0070,ACC_0109,64.07,2023-03-27 15:37:22,online,normal
TX_000389,ACC_0027,ACC_0077,421.99,2023-03-03 09:35:07,atm,normal
TX_000390,ACC_0013,ACC_0006,113.46,2023-10-08 15:07:11,wire,normal
TX_000391,ACC_0026,ACC_0126,129.53,2023-01-01 08:51:30,atm,normal
TX_000392,ACC_0003,ACC_0086,70.76,2023-04-18 01:07:57,online,normal
TX_000393,ACC_0027,ACC_0084,527.42,2023-04-27 18:30:35,online,normal
TX_000394,ACC_0126,ACC_0028,232.3,2023-08-07 11:07:43,online,normal
TX_000395,ACC_0139,ACC_0030,283.31,2023-09-22 06:06:09,online,normal
TX_000396,ACC_0144,ACC_0053,40.67,2023-06-21 15:57:28,online,normal
TX_000397,ACC_0103,ACC_0138,109.85,2023-04-14 16:13:40,online,normal
TX_000398,ACC_0050,ACC_0115,71.25,2023-10-08 01:31:28,wire,normal
TX_000399,ACC_0097,ACC_0018,202.16,2023-04-19 02:15:32,wire,normal
TX_000400,ACC_0095,ACC_0017,176.48,2023-06-15 14:16:32,online,normal
TX_000401,ACC_0033,ACC_0021,152.54,2023-01-19 16:34:14,wire,normal
TX_000402,ACC_0136,ACC_0067,484.27,2023-04-05 10:36:14,branch,normal
TX_000403,ACC_0025,ACC_0148,107.74,2023-05-07 16:25:16,wire,normal
TX_000404,ACC_0061,ACC_0123,596.77,2023-06-12 03:26:29,atm,normal
TX_000405,ACC_0092,ACC_0127,165.31,2023-09-04 09:59:54,online,normal
TX_000406,ACC_0067,ACC_0140,670.82,2023-09-17 13:11:50,online,normal
TX_000407,ACC_0109,ACC_0035,214.84,2023-11-05 03:25:38,atm,normal
TX_000408,ACC_0127,ACC_0087,96.27,2023-03-03 18:41:55,online,normal
TX_000409,ACC_0143,ACC_0115,194.77,2023-07-18 03:49:28,branch,normal
TX_000410,ACC_0053,ACC_0092,178.45,2023-06-02 03:53:53,online,normal
TX_000411,ACC_0086,ACC_0137,570.21,2023-09-10 18:15:02,branch,normal
TX_000412,ACC_0068,ACC_0096,97.28,2023-02-12 12:10:53,online,normal
TX_000413,ACC_0095,ACC_0041,58.01,2023-10-05 07:46:26,branch,normal
TX_000414,ACC_0007,ACC_0076,27.47,2023-04-24 12:11:13,branch,normal
TX_000415,ACC_0145,ACC_0014,19.87,2023-10-05 08:34:40,branch,normal
TX_000416,ACC_0116,ACC_0139,95.45,2023-02-25 18:37:37,wire,normal
TX_000417,ACC_0027,ACC_0116,60.16,2023-05-19 15:10:24,online,normal
TX_000418,ACC_0139,ACC_0024,126.71,2023-11-14 06:17:15,online,normal
TX_000419,ACC_0138,ACC_0031,320.47,2023-12-13 13:58:36,online,normal
TX_000420,ACC_0049,ACC_0021,100.46,2023-10-08 16:55:39,online,normal
TX_000421,ACC_0106,ACC_0053,10.95,2023-11-18 08:45:22,online,normal
TX_000422,ACC_0053,ACC_0119,26.25,2023-10-03 01:41:50,online,normal
TX_000423,ACC_0083,ACC_0045,29.61,2023-09-01 23:52:46,online,normal
TX_000424,ACC_0012,ACC_0149,106.71,2023-11-04 09:45:24,atm,normal
TX_000425,ACC_0036,ACC_0001,41.62,2023-02-04 13:13:37,online,normal
TX_000426,ACC_0078,ACC_0130,9.37,2023-05-29 20:49:29,atm,normal
TX_000427,ACC_0035,ACC_0051,56.56,2023-08-30 09:58:20,online,normal
TX_000428,ACC_0104,ACC_0065,562.74,2023-09-19 12:28:23,atm,normal
TX_000429,ACC_0084,ACC_0069,147.31,2023-10-16 17:46:43,online,normal
TX_000430,ACC_0078,ACC_0061,228.16,2023-08-29 04:08:51,online,normal
TX_000431,ACC_0102,ACC_0105,243.65,2023-08-24 19:37:25,online,normal
TX_000432,ACC_0114,ACC_0052,119.05,2023-08-09 03:14:28,online,normal
TX_000433,ACC_0015,ACC_0077,1737.56,2023-06-05 06:25:54,online,normal
TX_000434,ACC_0030,ACC_0055,219.51,2023-10-05 05:23:37,online,normal
TX_000435,ACC_0042,ACC_0071,58.91,2023-07-25 04:34:33,atm,normal
TX_000436,ACC_0004,ACC_0082,427.27,2023-08-26 02:23:24,online,normal
TX_000437,ACC_0126,ACC_0141,839.24,2023-04-13 19:11:31,atm,normal
TX_000438,ACC_0072,ACC_0129,1588.98,2023-05-31 10:15:11,branch,normal
TX_000439,ACC_0072,ACC_0074,92.86,2023-10-22 03:42:26,online,normal
TX_000440,ACC_0001,ACC_0111,189.92,2023-09-12 09:14:38,wire,normal
TX_000441,ACC_0079,ACC_0061,402.68,2023-02-25 02:55:35,branch,normal
TX_000442,ACC_0133,ACC_0125,70.76,2023-02-07 18:02:45,online,normal
TX_000443,ACC_0042,ACC_0120,60.53,2023-10-30 17:59:40,online,normal
TX_000444,ACC_0034,ACC_0043,366.32,2023-09-15 04:40:26,online,normal
TX_000445,ACC_0062,ACC_0064,472.0,2023-08-24 15:54:18,branch,normal
TX_000446,ACC_0019,ACC_0016,419.09,2023-06-23 01:45:37,atm,normal
TX_000447,ACC_0076,ACC_0130,90.19,2023-06-04 16:01:05,online,normal
TX_000448,ACC_0026,ACC_0028,1585.88,2023-11-17 14:41:39,wire,normal
TX_000449,ACC_0112,ACC_0136,63.5,2023-11-27 04:04:38,online,normal
TX_000450,ACC_0046,ACC_0134,407.42,2023-05-19 15:35:11,online,normal
TX_000451,ACC_0104,ACC_0143,21.75,2023-02-05 20:02:17,atm,normal
TX_000452,ACC_0034,ACC_0059,437.44,2023-06-27 11:18:20,online,normal
TX_000453,ACC_0107,ACC_0083,12.18,2023-03-26 08:27:22,branch,normal
TX_000454,ACC_0083,ACC_0058,123.28,2023-04-23 19:49:08,online,normal
TX_000455,ACC_0040,ACC_0082,506.08,2023-12-28 00:38:00,online,normal
TX_000456,ACC_0135,ACC_0053,858.17,2023-06-20 09:30:42,online,normal
TX_000457,ACC_0063,ACC_0087,133.68,2023-09-18 18:22:37,online,normal
TX_000458,ACC_0134,ACC_0089,54.18,2023-10-13 00:34:14,branch,normal
TX_000459,ACC_0054,ACC_0016,75.62,2023-07-05 16:54:16,online,normal
TX_000460,ACC_0084,ACC_0042,93.21,2023-07-12 06:46:21,wire,normal
TX_000461,ACC_0069,ACC_0080,420.39,2023-11-19 13:40:33,online,normal
TX_000462,ACC_0037,ACC_0073,86.25,2023-03-15 03:47:47,online,normal
TX_000463,ACC_0075,ACC_0042,4.62,2023-07-31 12:29:15,online,normal
TX_000464,ACC_0123,ACC_0079,299.09,2023-08-21 19:37:11,online,normal
TX_000465,ACC_0055,ACC_0043,32.2,2023-09-25 19:56:46,online,normal
TX_000466,ACC_0030,ACC_0049,144.37,2023-06-22 06:06:55,online,normal
TX_000467,ACC_0111,ACC_0010,497.52,2023-12-30 16:12:42,wire,normal
TX_000468,ACC_0034,ACC_0128,260.97,2023-11-08 16:08:01,branch,normal
TX_000469,ACC_0082,ACC_0042,208.9,2023-11-20 23:11:01,wire,normal
TX_000470,ACC_0085,ACC_0088,355.28,2023-06-17 16:48:46,online,normal
TX_000471,ACC_0051,ACC_0029,707.84,2023-10-15 22:38:48,online,normal
TX_000472,ACC_0070,ACC_0113,370.9,2023-02-17 21:18:27,online,normal
TX_000473,ACC_0011,ACC_0148,28.8,2023-03-13 11:15:12,atm,normal
TX_000474,ACC_0023,ACC_0094,803.26,2023-04-13 04:44:42,online,normal
TX_000475,ACC_0090,ACC_0106,48.98,2023-12-10 05:01:14,online,normal
TX_000476,ACC_0138,ACC_0044,7671.85,2023-08-01 19:15:12,branch,normal
TX_000477,ACC_0133,ACC_0105,26.02,2023-08-06 10:35:07,wire,normal
TX_000478,ACC_0126,ACC_0123,297.55,2023-01-28 12:02:17,wire,normal
TX_000479,ACC_0026,ACC_0054,561.09,2023-11-07 12:55:16,atm,normal
TX_000480,ACC_0137,ACC_0020,521.66,2023-11-19 03:46:30,online,normal
TX_000481,ACC_0129,ACC_0031,266.44,2023-12-14 17:25:21,online,normal
TX_000482,ACC_0096,ACC_0077,36.51,2023-05-31 08:10:01,branch,normal
TX_000483,ACC_0086,ACC_0017,29.8,2023-06-07 13:44:40,wire,normal
TX_000484,ACC_0100,ACC_0102,16.94,2023-07-27 22:22:51,online,normal
TX_000485,ACC_0016,ACC_0077,80.0,2023-10-22 13:06:28,wire,normal
TX_000486,ACC_0149,ACC_0099,85.65,2023-08-16 08:39:32,wire,normal
TX_000487,ACC_0128,ACC_0105,322.72,2023-09-03 03:16:51,branch,normal
TX_000488,ACC_0109,ACC_0120,269.71,2023-08-12 05:29:23,online,normal
TX_000489,ACC_0146,ACC_0007,76.98,2023-04-21 03:43:54,online,normal
TX_000490,ACC_0024,ACC_0132,494.9,2023-01-29 23:22:40,online,normal
TX_000491,ACC_0047,ACC_0115,294.89,2023-01-13 23:44:18,wire,normal
TX_000492,ACC_0023,ACC_0068,389.91,2023-11-22 23:16:32,wire,normal
TX_000493,ACC_0048,ACC_0136,830.91,2023-05-27 21:18:34,branch,normal
TX_000494,ACC_0087,ACC_0026,86.58,2023-12-20 04:01:15,online,normal
TX_000495,ACC_0021,ACC_0131,106.34,2023-03-22 05:56:06,online,normal
TX_000496,ACC_0047,ACC_0109,107.36,2023-12-16 07:37:11,atm,normal
TX_000497,ACC_0102,ACC_0093,218.54,2023-04-09 23:40:56,atm,normal
TX_000498,ACC_0133,ACC_0105,141.74,2023-08-27 02:31:50,branch,normal
TX_000499,ACC_0074,ACC_0121,374.02,2023-09-16 08:41:59,online,normal
TX_000500,ACC_0046,ACC_0019,131.3,2023-09-23 07:04:05,online,normal
TX_000501,ACC_0064,ACC_0008,326.62,2023-05-17 03:37:31,branch,normal
TX_000502,ACC_0140,ACC_0120,725.97,2023-02-04 12:29:19,online,normal
TX_000503,ACC_0072,ACC_0018,415.39,2023-12-15 18:50:01,online,normal
TX_000504,ACC_0001,ACC_0043,121.82,2023-12-15 17:20:58,branch,normal
TX_000505,ACC_0102,ACC_0106,123.32,2023-04-25 21:46:21,online,normal
TX_000506,ACC_0121,ACC_0048,128.87,2023-03-20 08:20:50,wire,normal
TX_000507,ACC_0133,ACC_0055,442.42,2023-04-19 00:04:52,wire,normal
TX_000508,ACC_0068,ACC_0064,50.14,2023-08-04 19:25:42,online,normal
TX_000509,ACC_0084,ACC_0150,314.23,2023-11-30 07:36:59,branch,normal
TX_000510,ACC_0022,ACC_0110,232.29,2023-07-03 18:25:32,online,normal
TX_000511,ACC_0017,ACC_0148,257.78,2023-06-08 12:16:22,wire,normal
TX_000512,ACC_0049,ACC_0064,1825.58,2023-06-27 23:25:34,online,normal
TX_000513,ACC_0013,ACC_0015,143.13,2023-10-27 04:23:48,online,normal
TX_000514,ACC_0062,ACC_0106,376.36,2023-08-20 19:58:07,online,normal
TX_000515,ACC_0047,ACC_0107,191.41,2023-04-27 11:02:07,wire,normal
TX_000516,ACC_0036,ACC_0018,13.13,2023-05-28 01:16:22,online,normal
TX_000517,ACC_0113,ACC_0008,28.63,2023-03-31 09:20:53,online,normal
TX_000518,ACC_0080,ACC_0146,88.84,2023-10-18 11:58:59,online,normal
TX_000519,ACC_0073,ACC_0115,286.64,2023-06-28 09:17:01,branch,normal
TX_000520,ACC_0083,ACC_0026,210.1,2023-09-01 03:00:34,online,normal
TX_000521,ACC_0053,ACC_0110,161.47,2023-01-14 07:51:22,branch,normal
TX_000522,ACC_0085,ACC_0119,135.04,2023-06-22 08:11:03,online,normal
TX_000523,ACC_0069,ACC_0099,2.62,2023-11-01 12:48:48,branch,normal
TX_000524,ACC_0053,ACC_0007,563.4,2023-03-23 10:58:50,wire,normal
TX_000525,ACC_0093,ACC_0030,97.15,2023-10-11 07:42:33,atm,normal
TX_000526,ACC_0011,ACC_0058,179.28,2023-09-23 21:45:06,online,normal
TX_000527,ACC_0107,ACC_0122,15.55,2023-03-16 17:04:02,online,normal
TX_000528,ACC_0096,ACC_0070,25.2,2023-02-25 20:28:00,branch,normal
TX_000529,ACC_0021,ACC_0147,194.59,2023-12-27 14:50:08,online,normal
TX_000530,ACC_0026,ACC_0080,98.5,2023-02-09 22:12:30,wire,normal
TX_000531,ACC_0147,ACC_0039,105.93,2023-02-05 18:36:29,online,normal
TX_000532,ACC_0138,ACC_0027,342.4,2023-04-28 05:37:00,branch,normal
TX_000533,ACC_0136,ACC_0011,46.51,2023-07-10 15:51:44,online,normal
TX_000534,ACC_0106,ACC_0146,43.96,2023-10-13 15:44:14,online,normal
TX_000535,ACC_0005,ACC_0117,56.1,2023-01-13 12:32:48,branch,normal
TX_000536,ACC_0127,ACC_0074,1052.93,2023-01-27 08:34:16,online,normal
TX_000537,ACC_0030,ACC_0039,45.97,2023-06-25 22:32:18,online,normal
TX_000538,ACC_0048,ACC_0017,318.11,2023-06-24 05:56:49,atm,normal
TX_000539,ACC_0054,ACC_0130,9121.94,2023-10-17 21:23:47,online,smurf
TX_000540,ACC_0042,ACC_0083,81.85,2023-11-05 06:25:40,wire,normal
TX_000541,ACC_0134,ACC_0095,46.91,2023-04-22 01:08:52,atm,normal
TX_000542,ACC_0072,ACC_0129,319.62,2023-01-05 05:41:54,branch,normal
TX_000543,ACC_0003,ACC_0086,294.24,2023-02-14 21:00:54,wire,normal
TX_000544,ACC_0062,ACC_0094,9.65,2023-10-01 04:24:30,online,normal
TX_000545,ACC_0111,ACC_0084,167.73,2023-03-23 21:49:10,branch,normal
TX_000546,ACC_0089,ACC_0082,104.78,2023-10-29 15:45:33,online,normal
TX_000547,ACC_0020,ACC_0003,2210.4,2023-03-01 23:23:50,wire,normal
TX_000548,ACC_0038,ACC_0103,215.46,2023-06-22 18:38:55,wire,normal
TX_000549,ACC_0046,ACC_0069,163.62,2023-07-17 09:05:03,online,normal
TX_000550,ACC_0083,ACC_0027,85.8,2023-04-18 12:37:16,online,normal
TX_000551,ACC_0118,ACC_0028,78.24,2023-05-07 10:41:30,online,normal
TX_000552,ACC_0073,ACC_0027,100.63,2023-01-19 08:30:39,online,normal
TX_000553,ACC_0130,ACC_0145,145.58,2023-07-04 12:44:07,branch,normal
TX_000554,ACC_0116,ACC_0115,271.31,2023-08-05 13:50:31,online,normal
TX_000555,ACC_0054,ACC_0130,9407.27,2023-05-23 09:25:04,online,smurf
TX_000556,ACC_0091,ACC_0079,52.14,2023-05-15 05:01:44,branch,normal
TX_000557,ACC_0007,ACC_0009,344.36,2023-08-08 12:20:10,branch,normal
TX_000558,ACC_0089,ACC_0098,391.6,2023-12-25 03:09:40,online,normal
TX_000559,ACC_0118,ACC_0121,151.81,2023-03-08 08:25:27,online,normal
TX_000560,ACC_0123,ACC_0073,212.18,2023-09-19 00:54:50,online,normal
TX_000561,ACC_0096,ACC_0117,896.2,2023-09-04 16:02:46,branch,normal
TX_000562,ACC_0131,ACC_0014,42.28,2023-03-31 04:32:55,online,normal
TX_000563,ACC_0017,ACC_0059,373.16,2023-08-15 17:05:48,wire,normal
TX_000564,ACC_0079,ACC_0037,26.63,2023-06-27 12:09:14,branch,normal
TX_000565,ACC_0026,ACC_0052,1856.12,2023-09-05 22:04:25,branch,normal
TX_000566,ACC_0083,ACC_0109,65.7,2023-08-31 15:03:29,online,normal
TX_000567,ACC_0048,ACC_0005,548.88,2023-07-12 20:47:51,wire,normal
TX_000568,ACC_0103,ACC_0116,15.33,2023-11-19 16:15:29,online,normal
TX_000569,ACC_0138,ACC_0059,51.4,2023-02-14 18:27:53,atm,normal
TX_000570,ACC_0054,ACC_0087,113.87,2023-07-02 10:57:46,online,normal
TX_000571,ACC_0125,ACC_0058,702.03,2023-12-13 03:09:33,atm,normal
TX_000572,ACC_0045,ACC_0037,78.89,2023-11-02 19:06:20,wire,normal
TX_000573,ACC_0100,ACC_0023,25.25,2023-12-20 07:04:24,online,normal
TX_000574,ACC_0148,ACC_0055,10.91,2023-08-10 16:41:33,online,normal
TX_000575,ACC_0051,ACC_0121,47.86,2023-07-28 13:37:55,online,normal
TX_000576,ACC_0130,ACC_0027,317.42,2023-01-01 10:12:03,online,normal
TX_000577,ACC_0052,ACC_0003,215.73,2023-10-30 14:21:17,branch,normal
TX_000578,ACC_0033,ACC_0035,771.98,2023-05-02 16:24:00,online,normal
TX_000579,ACC_0146,ACC_0068,99.73,2023-01-09 23:25:28,branch,normal
TX_000580,ACC_0131,ACC_0144,81.55,2023-07-24 03:09:01,branch,normal
TX_000581,ACC_0019,ACC_0100,1317.5,2023-08-16 04:04:16,online,normal
TX_000582,ACC_0108,ACC_0023,746.66,2023-08-03 08:21:59,wire,normal
TX_000583,ACC_0109,ACC_0035,183.87,2023-03-02 17:18:56,wire,normal
TX_000584,ACC_0086,ACC_0102,57.68,2023-11-14 15:52:58,branch,normal
TX_000585,ACC_0016,ACC_0062,161.43,2023-03-18 18:02:59,online,normal
TX_000586,ACC_0115,ACC_0001,229.46,2023-06-03 01:31:32,branch,normal
TX_000587,ACC_0019,ACC_0059,210.5,2023-05-16 05:25:35,atm,normal
TX_000588,ACC_0114,ACC_0049,107.48,2023-03-13 22:03:13,online,normal
TX_000589,ACC_0026,ACC_0130,8377.79,2023-03-28 12:39:17,online,smurf
TX_000590,ACC_0094,ACC_0042,3194.79,2023-10-21 23:10:48,atm,normal
TX_000591,ACC_0020,ACC_0140,598.05,2023-04-04 11:22:19,wire,normal
TX_000592,ACC_0096,ACC_0044,109.6,2023-03-10 16:53:24,branch,normal
TX_000593,ACC_0068,ACC_0040,1550.41,2023-04-08 17:48:49,online,normal
TX_000594,ACC_0092,ACC_0033,250.07,2023-04-02 13:50:13,wire,normal
TX_000595,ACC_0022,ACC_0053,28.81,2023-12-07 18:13:46,branch,normal
TX_000596,ACC_0042,ACC_0115,265.75,2023-12-26 10:12:43,atm,normal
TX_000597,ACC_0141,ACC_0043,57.56,2023-05-22 07:04:43,online,normal
TX_000598,ACC_0118,ACC_0091,132.43,2023-09-23 11:03:38,wire,normal
TX_000599,ACC_0019,ACC_0129,415.13,2023-11-03 15:20:34,branch,normal
TX_000600,ACC_0140,ACC_0044,1035.73,2023-03-25 04:43:10,wire,normal
TX_000601,ACC_0018,ACC_0072,203.63,2023-11-12 03:31:00,online,normal
TX_000602,ACC_0130,ACC_0059,808.3,2023-07-19 23:54:34,branch,normal
TX_000603,ACC_0025,ACC_0132,38.39,2023-06-09 01:56:43,wire,normal
TX_000604,ACC_0109,ACC_0069,38.95,2023-04-19 05:10:42,online,normal
TX_000605,ACC_0138,ACC_0067,35.45,2023-01-14 08:20:09,branch,normal
TX_000606,ACC_0042,ACC_0143,49.07,2023-07-28 16:04:01,branch,normal
TX_000607,ACC_0132,ACC_0041,34.23,2023-11-19 16:05:11,online,normal
TX_000608,ACC_0121,ACC_0093,160.66,2023-11-08 11:29:36,online,normal
TX_000609,ACC_0139,ACC_0064,105.1,2023-10-24 23:06:49,online,normal
TX_000610,ACC_0086,ACC_0057,417.15,2023-11-28 22:29:46,branch,normal
TX_000611,ACC_0072,ACC_0129,112.23,2023-05-24 07:22:19,atm,normal
TX_000612,ACC_0129,ACC_0006,146.67,2023-11-15 18:12:39,online,normal
TX_000613,ACC_0051,ACC_0006,448.98,2023-10-12 02:43:35,atm,normal
TX_000614,ACC_0089,ACC_0076,352.4,2023-07-22 13:48:55,wire,normal
TX_000615,ACC_0105,ACC_0117,225.18,2023-08-27 19:03:08,online,normal
TX_000616,ACC_0038,ACC_0143,500.22,2023-10-04 10:19:44,online,normal
TX_000617,ACC_0126,ACC_0011,1676.47,2023-05-07 11:14:50,branch,normal
TX_000618,ACC_0087,ACC_0054,161.98,2023-07-03 15:27:08,wire,normal
TX_000619,ACC_0017,ACC_0119,90.54,2023-09-19 18:06:23,wire,normal
TX_000620,ACC_0017,ACC_0050,222.11,2023-04-13 13:09:16,online,normal
TX_000621,ACC_0143,ACC_0131,65.93,2023-06-14 10:33:26,online,normal
TX_000622,ACC_0129,ACC_0039,81.03,2023-04-03 22:54:28,branch,normal
TX_000623,ACC_0061,ACC_0092,242.0,2023-09-30 03:58:36,branch,normal
TX_000624,ACC_0104,ACC_0077,221.87,2023-01-23 01:18:48,online,normal
TX_000625,ACC_0094,ACC_0113,711.85,2023-04-15 15:42:31,online,normal
TX_000626,ACC_0119,ACC_0097,847.71,2023-11-13 20:59:06,online,normal
TX_000627,ACC_0043,ACC_0007,392.56,2023-08-23 22:08:34,atm,normal
TX_000628,ACC_0042,ACC_0088,1607.83,2023-02-23 20:11:30,branch,normal
TX_000629,ACC_0120,ACC_0073,114.31,2023-10-15 04:40:13,branch,normal
TX_000630,ACC_0013,ACC_0025,31.8,2023-07-02 18:39:09,atm,normal
TX_000631,ACC_0119,ACC_0019,28.59,2023-08-26 18:45:16,online,normal
TX_000632,ACC_0051,ACC_0019,663.85,2023-08-21 09:10:14,branch,normal
TX_000633,ACC_0080,ACC_0063,781.65,2023-11-11 10:18:41,branch,normal
TX_000634,ACC_0094,ACC_0007,137.05,2023-06-09 19:13:51,branch,normal
TX_000635,ACC_0087,ACC_0133,42.04,2023-05-03 22:29:34,online,normal
TX_000636,ACC_0084,ACC_0049,184.08,2023-11-20 17:25:13,branch,normal
TX_000637,ACC_0059,ACC_0137,191.57,2023-03-25 01:38:23,branch,normal
TX_000638,ACC_0146,ACC_0105,102.47,2023-09-08 16:12:53,online,normal
TX_000639,ACC_0049,ACC_0036,715.79,2023-10-06 17:35:02,branch,normal
TX_000640,ACC_0086,ACC_0059,206.6,2023-01-14 06:36:50,online,normal
TX_000641,ACC_0072,ACC_0134,84.45,2023-06-29 01:27:15,branch,normal
TX_000642,ACC_0097,ACC_0068,170.47,2023-07-11 09:44:33,online,normal
TX_000643,ACC_0054,ACC_0130,8194.74,2023-08-25 22:49:40,online,smurf
TX_000644,ACC_0021,ACC_0041,493.83,2023-07-30 19:35:58,branch,normal
TX_000645,ACC_0061,ACC_0042,291.87,2023-11-15 22:26:44,online,normal
TX_000646,ACC_0010,ACC_0059,723.64,2023-10-30 09:04:50,wire,normal
TX_000647,ACC_0115,ACC_0111,56.28,2023-11-22 13:16:16,online,normal
TX_000648,ACC_0063,ACC_0005,71.25,2023-08-18 06:05:58,atm,normal
TX_000649,ACC_0016,ACC_0028,7.45,2023-12-02 04:27:44,branch,normal
TX_000650,ACC_0019,ACC_0097,4.66,2023-09-17 13:11:59,online,normal
TX_000651,ACC_0012,ACC_0074,2054.45,2023-03-06 22:29:10,online,normal
TX_000652,ACC_0146,ACC_0063,264.03,2023-03-19 17:20:44,atm,normal
TX_000653,ACC_0100,ACC_0086,90.89,2023-07-06 00:12:19,wire,normal
TX_000654,ACC_0117,ACC_0049,330.22,2023-09-18 09:59:12,wire,normal
TX_000655,ACC_0121,ACC_0043,140.73,2023-07-01 02:27:42,online,normal
TX_000656,ACC_0086,ACC_0042,256.69,2023-04-26 21:24:33,atm,normal
TX_000657,ACC_0062,ACC_0137,58.28,2023-05-01 04:42:32,branch,normal
TX_000658,ACC_0033,ACC_0038,105.92,2023-03-16 11:04:47,online,normal
TX_000659,ACC_0080,ACC_0009,84.78,2023-10-16 20:49:21,branch,normal
TX_000660,ACC_0098,ACC_0150,44.46,2023-02-16 05:02:12,online,normal
TX_000661,ACC_0023,ACC_0045,47.01,2023-12-01 22:10:56,online,normal
TX_000662,ACC_0091,ACC_0026,204.52,2023-12-02 11:47:56,online,normal
TX_000663,ACC_0024,ACC_0004,241.09,2023-07-19 05:54:55,online,normal
TX_000664,ACC_0119,ACC_0101,554.02,2023-07-24 05:43:41,online,normal
TX_000665,ACC_0126,ACC_0022,115.4,2023-09-03 17:30:25,online,normal
TX_000666,ACC_0065,ACC_0079,33.18,2023-11-02 04:35:54,online,normal
TX_000667,ACC_0129,ACC_0060,150.32,2023-02-23 06:33:36,wire,normal
TX_000668,ACC_0036,ACC_0048,7.69,2023-06-10 02:12:14,wire,normal
TX_000669,ACC_0143,ACC_0031,148.25,2023-04-26 22:09:30,online,normal
TX_000670,ACC_0081,ACC_0010,200.86,2023-12-23 02:41:09,online,normal
TX_000671,ACC_0136,ACC_0024,406.62,2023-10-09 08:59:31,wire,normal
TX_000672,ACC_0074,ACC_0058,178.53,2023-11-11 12:25:58,online,normal
TX_000673,ACC_0054,ACC_0037,27.64,2023-10-08 20:01:04,wire,normal
TX_000674,ACC_0071,ACC_0029,368.99,2023-11-28 10:03:14,branch,normal
TX_000675,ACC_0081,ACC_0004,73.12,2023-10-27 02:41:27,online,normal
TX_000676,ACC_0063,ACC_0016,114.46,2023-02-02 19:23:39,online,normal
TX_000677,ACC_0062,ACC_0107,217.67,2023-07-04 01:08:30,branch,normal
TX_000678,ACC_0006,ACC_0015,522.09,2023-02-07 01:51:17,atm,normal
TX_000679,ACC_0085,ACC_0127,13.8,2023-01-05 07:09:34,branch,normal
TX_000680,ACC_0094,ACC_0019,489.93,2023-10-18 00:58:30,online,normal
TX_000681,ACC_0066,ACC_0068,166.82,2023-01-26 11:43:40,online,normal
TX_000682,ACC_0093,ACC_0018,466.9,2023-03-30 18:55:06,online,normal
TX_000683,ACC_0035,ACC_0093,79.0,2023-01-28 17:19:07,branch,normal
TX_000684,ACC_0146,ACC_0084,1739.69,2023-09-20 03:15:42,online,normal
TX_000685,ACC_0048,ACC_0019,508.32,2023-04-19 22:20:34,online,normal
TX_000686,ACC_0045,ACC_0090,176.59,2023-02-09 06:01:21,branch,normal
TX_000687,ACC_0057,ACC_0064,6978.03,2023-06-26 18:56:41,online,normal
TX_000688,ACC_0141,ACC_0058,158.81,2023-04-11 09:16:12,online,normal
TX_000689,ACC_0049,ACC_0094,132.94,2023-06-03 00:08:53,wire,normal
TX_000690,ACC_0121,ACC_0078,390.92,2023-07-13 10:47:59,atm,normal
TX_000691,ACC_0121,ACC_0124,34.27,2023-06-25 07:28:56,online,normal
TX_000692,ACC_0105,ACC_0024,102.85,2023-12-27 04:37:16,wire,normal
TX_000693,ACC_0105,ACC_0064,36.77,2023-06-23 08:15:09,wire,normal
TX_000694,ACC_0029,ACC_0116,18.41,2023-09-24 12:25:03,online,normal
TX_000695,ACC_0077,ACC_0018,82.89,2023-01-16 23:24:21,atm,normal
TX_000696,ACC_0094,ACC_0057,238.05,2023-08-21 01:37:38,wire,normal
TX_000697,ACC_0073,ACC_0019,1132.58,2023-05-14 02:03:58,online,normal
TX_000698,ACC_0056,ACC_0046,119.82,2023-12-17 21:48:01,online,normal
TX_000699,ACC_0052,ACC_0118,583.49,2023-11-30 21:52:51,online,normal
TX_000700,ACC_0137,ACC_0149,82.51,2023-04-06 04:23:04,online,normal
TX_000701,ACC_0053,ACC_0092,300.49,2023-12-24 04:43:26,branch,normal
TX_000702,ACC_0071,ACC_0024,97.07,2023-01-26 06:54:12,online,normal
TX_000703,ACC_0071,ACC_0130,8527.96,2023-10-02 09:37:39,online,smurf
TX_000704,ACC_0112,ACC_0077,15.33,2023-02-12 07:33:07,branch,normal
TX_000705,ACC_0150,ACC_0027,1379.8,2023-02-02 11:54:56,online,normal
TX_000706,ACC_0135,ACC_0011,113.87,2023-08-13 20:49:42,atm,normal
TX_000707,ACC_0046,ACC_0106,54.72,2023-04-05 05:10:56,branch,normal
TX_000708,ACC_0078,ACC_0022,144.07,2023-04-26 19:09:10,wire,normal
TX_000709,ACC_0071,ACC_0135,135.19,2023-02-09 02:45:58,online,normal
TX_000710,ACC_0052,ACC_0019,325.41,2023-08-06 12:19:44,online,normal
TX_000711,ACC_0039,ACC_0063,388.47,2023-11-20 03:34:33,wire,normal
TX_000712,ACC_0105,ACC_0002,352.8,2023-01-04 02:08:03,wire,normal
TX_000713,ACC_0126,ACC_0121,113.48,2023-10-06 15:55:03,online,normal
TX_000714,ACC_0043,ACC_0129,165.35,2023-05-31 15:56:12,online,normal
TX_000715,ACC_0034,ACC_0047,56.9,2023-07-18 18:47:09,online,normal
TX_000716,ACC_0004,ACC_0079,17.15,2023-07-14 19:53:01,online,normal
TX_000717,ACC_0013,ACC_0107,65.69,2023-12-30 01:58:12,online,normal
TX_000718,ACC_0068,ACC_0059,209.72,2023-05-05 23:18:31,online,normal
TX_000719,ACC_0001,ACC_0122,94.26,2023-11-05 07:05:22,atm,normal
TX_000720,ACC_0037,ACC_0004,271.33,2023-06-18 21:15:48,atm,normal
TX_000721,ACC_0095,ACC_0065,233.52,2023-09-12 11:52:17,online,normal
TX_000722,ACC_0026,ACC_0067,42.29,2023-06-08 04:13:21,wire,normal
TX_000723,ACC_0080,ACC_0060,350.81,2023-10-11 12:06:59,atm,normal
TX_000724,ACC_0089,ACC_0001,1434.53,2023-08-06 21:23:38,online,normal
TX_000725,ACC_0113,ACC_0077,52.82,2023-01-28 19:50:24,online,normal
TX_000726,ACC_0142,ACC_0132,80.49,2023-01-13 17:55:26,online,normal
TX_000727,ACC_0087,ACC_0081,300.95,2023-06-15 14:21:18,branch,normal
TX_000728,ACC_0046,ACC_0067,137.41,2023-09-09 22:06:23,wire,normal
TX_000729,ACC_0057,ACC_0001,100.23,2023-03-02 09:10:03,atm,normal
TX_000730,ACC_0142,ACC_0026,246.44,2023-06-04 05:39:03,online,normal
TX_000731,ACC_0149,ACC_0043,57.07,2023-04-15 23:30:28,online,normal
TX_000732,ACC_0075,ACC_0108,517.54,2023-11-05 17:52:01,online,normal
TX_000733,ACC_0026,ACC_0136,53.77,2023-06-16 11:40:23,wire,normal
TX_000734,ACC_0104,ACC_0127,20.97,2023-01-15 16:10:06,wire,normal
TX_000735,ACC_0132,ACC_0103,29.9,2023-10-03 07:29:18,wire,normal
TX_000736,ACC_0082,ACC_0088,860.16,2023-07-29 16:32:00,online,normal
TX_000737,ACC_0068,ACC_0046,360.85,2023-07-01 21:10:52,branch,normal
TX_000738,ACC_0122,ACC_0097,2581.76,2023-10-17 06:26:15,online,normal
TX_000739,ACC_0082,ACC_0117,290.79,2023-06-06 13:11:11,wire,normal
TX_000740,ACC_0099,ACC_0082,42.21,2023-10-09 02:26:26,online,normal
TX_000741,ACC_0092,ACC_0129,95.39,2023-04-02 12:01:56,branch,normal
TX_000742,ACC_0090,ACC_0115,62.42,2023-04-20 23:32:33,online,normal
TX_000743,ACC_0071,ACC_0046,72.75,2023-11-06 06:27:17,online,normal
TX_000744,ACC_0009,ACC_0022,284.35,2023-02-18 17:48:57,branch,normal
TX_000745,ACC_0053,ACC_0137,109.3,2023-02-09 03:11:11,online,normal
TX_000746,ACC_0057,ACC_0093,288.52,2023-12-19 03:29:25,branch,normal
TX_000747,ACC_0144,ACC_0135,33.02,2023-05-12 04:53:07,wire,normal
TX_000748,ACC_0002,ACC_0001,547.37,2023-03-28 04:31:55,online,normal
TX_000749,ACC_0055,ACC_0104,234.05,2023-11-04 09:34:11,wire,normal
TX_000750,ACC_0003,ACC_0093,108.69,2023-07-03 11:30:59,branch,normal
TX_000751,ACC_0076,ACC_0030,69.43,2023-08-10 18:52:59,branch,normal
TX_000752,ACC_0130,ACC_0078,1787.43,2023-05-24 22:04:03,online,normal
TX_000753,ACC_0102,ACC_0008,540.75,2023-07-24 00:39:23,online,normal
TX_000754,ACC_0003,ACC_0015,5.33,2023-07-29 08:27:20,branch,normal
TX_000755,ACC_0085,ACC_0043,193.91,2023-07-04 05:43:58,atm,normal
TX_000756,ACC_0020,ACC_0117,32.5,2023-10-21 19:13:22,wire,normal
TX_000757,ACC_0057,ACC_0052,323.46,2023-05-23 19:04:10,online,normal
TX_000758,ACC_0126,ACC_0035,936.15,2023-01-30 00:13:38,wire,normal
TX_000759,ACC_0004,ACC_0120,191.65,2023-10-31 13:12:30,wire,normal
TX_000760,ACC_0121,ACC_0024,37.12,2023-07-02 10:03:59,branch,normal
TX_000761,ACC_0044,ACC_0013,6.65,2023-01-16 00:32:09,branch,normal
TX_000762,ACC_0100,ACC_0061,313.11,2023-12-13 06:09:12,wire,normal
TX_000763,ACC_0032,ACC_0136,109.1,2023-04-10 07:07:13,branch,normal
TX_000764,ACC_0136,ACC_0022,29.79,2023-01-17 01:27:41,atm,normal
TX_000765,ACC_0018,ACC_0090,130.65,2023-02-18 04:06:47,wire,normal
TX_000766,ACC_0045,ACC_0062,630.65,2023-08-16 05:00:55,online,normal
TX_000767,ACC_0113,ACC_0030,42.17,2023-11-06 15:42:27,wire,normal
TX_000768,ACC_0138,ACC_0115,127.51,2023-07-25 12:48:41,online,normal
TX_000769,ACC_0127,ACC_0140,67.35,2023-10-11 17:41:08,online,normal
TX_000770,ACC_0123,ACC_0086,711.84,2023-06-30 15:38:00,wire,normal
TX_000771,ACC_0088,ACC_0076,1750.93,2023-04-15 17:29:27,atm,normal
TX_000772,ACC_0080,ACC_0058,45.74,2023-03-12 16:46:20,online,normal
TX_000773,ACC_0004,ACC_0001,128.3,2023-04-24 00:35:11,online,normal
TX_000774,ACC_0040,ACC_0026,80.25,2023-04-24 07:02:51,online,normal
TX_000775,ACC_0141,ACC_0108,215.22,2023-02-22 09:48:10,online,normal
TX_000776,ACC_0065,ACC_0039,140.71,2023-10-05 15:04:07,online,normal
TX_000777,ACC_0019,ACC_0127,1556.5,2023-10-16 14:02:13,online,normal
TX_000778,ACC_0051,ACC_0102,91.18,2023-05-16 12:03:22,branch,normal
TX_000779,ACC_0131,ACC_0115,163.98,2023-05-06 18:07:15,branch,normal
TX_000780,ACC_0103,ACC_0038,1025.25,2023-08-06 00:44:45,branch,normal
TX_000781,ACC_0139,ACC_0071,259.75,2023-09-23 12:06:42,branch,normal
TX_000782,ACC_0038,ACC_0142,297.86,2023-01-31 00:41:52,wire,normal
TX_000783,ACC_0030,ACC_0039,163.06,2023-08-22 06:55:50,branch,normal
TX_000784,ACC_0013,ACC_0124,471.87,2023-02-06 21:07:14,online,normal
TX_000785,ACC_0071,ACC_0130,8194.2,2023-09-27 01:24:21,online,smurf
TX_000786,ACC_0132,ACC_0068,73.92,2023-01-22 05:17:27,online,normal
TX_000787,ACC_0058,ACC_0034,340.99,2023-09-16 17:36:32,online,normal
TX_000788,ACC_0147,ACC_0092,974.46,2023-02-24 10:04:37,online,normal
TX_000789,ACC_0142,ACC_0053,406.27,2023-05-22 11:17:17,online,normal
TX_000790,ACC_0081,ACC_0039,26.26,2023-12-03 05:45:07,wire,normal
TX_000791,ACC_0003,ACC_0071,193.46,2023-07-08 20:19:05,wire,normal
TX_000792,ACC_0046,ACC_0067,165.02,2023-08-01 18:01:27,wire,normal
TX_000793,ACC_0124,ACC_0042,36.89,2023-05-23 13:17:12,wire,normal
TX_000794,ACC_0102,ACC_0120,64.07,2023-11-26 07:27:03,online,normal
TX_000795,ACC_0111,ACC_0017,678.48,2023-01-24 16:35:12,online,normal
TX_000796,ACC_0118,ACC_0045,81.28,2023-07-28 07:04:31,online,normal
TX_000797,ACC_0125,ACC_0005,87.58,2023-01-17 09:16:37,wire,normal
TX_000798,ACC_0123,ACC_0134,174.05,2023-03-25 09:48:20,branch,normal
TX_000799,ACC_0078,ACC_0059,50.5,2023-06-01 02:28:12,branch,normal
TX_000800,ACC_0031,ACC_0011,353.33,2023-01-10 09:33:10,branch,normal
TX_000801,ACC_0110,ACC_0046,591.37,2023-09-05 05:14:01,online,normal
TX_000802,ACC_0054,ACC_0130,1489.49,2023-08-15 15:52:11,online,normal
TX_000803,ACC_0019,ACC_0106,65.98,2023-07-18 14:31:47,online,normal
TX_000804,ACC_0071,ACC_0108,132.26,2023-01-23 01:56:14,online,normal
TX_000805,ACC_0141,ACC_0144,409.04,2023-03-10 21:20:08,branch,normal
TX_000806,ACC_0141,ACC_0112,573.88,2023-12-07 23:22:13,online,normal
TX_000807,ACC_0135,ACC_0076,119.47,2023-07-03 17:06:29,atm,normal
TX_000808,ACC_0063,ACC_0105,121.27,2023-11-25 04:23:01,wire,normal
TX_000809,ACC_0058,ACC_0091,265.8,2023-08-06 08:00:44,branch,normal
TX_000810,ACC_0022,ACC_0056,35.2,2023-06-18 05:06:48,online,normal
TX_000811,ACC_0040,ACC_0067,1257.34,2023-04-30 13:33:10,wire,normal
TX_000812,ACC_0078,ACC_0121,155.61,2023-08-25 14:31:12,online,normal
TX_000813,ACC_0123,ACC_0010,91.94,2023-06-13 16:06:07,online,normal
TX_000814,ACC_0142,ACC_0086,148.4,2023-02-02 03:14:36,online,normal
TX_000815,ACC_0041,ACC_0069,157.79,2023-11-16 05:38:26,wire,normal
TX_000816,ACC_0076,ACC_0091,120.25,2023-04-25 00:21:45,online,normal
TX_000817,ACC_0118,ACC_0065,41.1,2023-11-27 23:32:30,online,normal
TX_000818,ACC_0036,ACC_0004,95.9,2023-07-21 05:27:06,online,normal
TX_000819,ACC_0071,ACC_0102,100.8,2023-08-27 00:20:09,wire,normal
TX_000820,ACC_0093,ACC_0065,129.5,2023-07-29 23:47:51,branch,normal
TX_000821,ACC_0120,ACC_0138,90.26,2023-04-02 11:27:33,wire,normal
TX_000822,ACC_0103,ACC_0019,527.18,2023-11-06 03:47:52,online,normal
TX_000823,ACC_0117,ACC_0026,244.08,2023-08-08 10:30:10,branch,normal
TX_000824,ACC_0003,ACC_0006,26.88,2023-09-24 21:17:58,online,normal
TX_000825,ACC_0057,ACC_0123,371.55,2023-06-01 18:36:41,online,normal
TX_000826,ACC_0137,ACC_0052,19.11,2023-01-27 06:05:11,wire,normal
TX_000827,ACC_0057,ACC_0027,21.65,2023-06-19 13:48:06,branch,normal
TX_000828,ACC_0076,ACC_0092,167.6,2023-12-26 08:22:55,online,normal
TX_000829,ACC_0011,ACC_0012,1298.71,2023-05-28 22:48:22,online,normal
TX_000830,ACC_0015,ACC_0027,538.02,2023-06-19 10:43:05,online,normal
TX_000831,ACC_0081,ACC_0123,262.45,2023-02-12 21:56:40,online,normal
TX_000832,ACC_0128,ACC_0011,315.79,2023-01-30 09:59:39,wire,normal
TX_000833,ACC_0113,ACC_0029,439.09,2023-04-27 00:29:49,online,normal
TX_000834,ACC_0081,ACC_0084,880.9,2023-03-15 19:43:16,online,normal
TX_000835,ACC_0077,ACC_0061,170.7,2023-01-09 16:32:32,atm,normal
TX_000836,ACC_0120,ACC_0035,218.48,2023-09-06 19:27:53,online,normal
TX_000837,ACC_0082,ACC_0104,105.3,2023-04-04 15:54:52,online,normal
TX_000838,ACC_0063,ACC_0130,8719.22,2023-08-23 21:33:08,online,smurf
TX_000839,ACC_0134,ACC_0063,48.73,2023-03-19 19:19:53,online,normal
TX_000840,ACC_0123,ACC_0106,47.96,2023-05-02 18:14:58,wire,normal
TX_000841,ACC_0028,ACC_0121,281.73,2023-11-21 12:23:49,atm,normal
TX_000842,ACC_0122,ACC_0108,78.08,2023-07-12 08:15:25,branch,normal
TX_000843,ACC_0077,ACC_0025,303.8,2023-04-21 20:37:17,atm,normal
TX_000844,ACC_0054,ACC_0118,25.53,2023-01-24 16:38:02,branch,normal
TX_000845,ACC_0126,ACC_0049,129.85,2023-06-19 00:45:25,branch,normal
TX_000846,ACC_0123,ACC_0051,144.74,2023-06-08 12:34:09,online,normal
TX_000847,ACC_0145,ACC_0064,168.52,2023-06-08 19:23:19,branch,normal
TX_000848,ACC_0026,ACC_0130,8050.42,2023-06-26 21:23:24,online,smurf
TX_000849,ACC_0092,ACC_0075,527.02,2023-02-21 05:08:57,wire,normal
TX_000850,ACC_0089,ACC_0018,391.29,2023-02-14 22:00:27,wire,normal
TX_000851,ACC_0008,ACC_0138,351.17,2023-03-25 03:11:33,branch,normal
TX_000852,ACC_0072,ACC_0131,44.29,2023-10-18 07:14:50,online,normal
TX_000853,ACC_0120,ACC_0053,182.11,2023-06-27 18:26:13,online,normal
TX_000854,ACC_0115,ACC_0100,84.87,2023-05-30 22:32:09,wire,normal
TX_000855,ACC_0019,ACC_0063,184.16,2023-11-09 01:23:48,online,normal
TX_000856,ACC_0099,ACC_0138,62.71,2023-08-24 12:52:52,branch,normal
TX_000857,ACC_0075,ACC_0004,1279.47,2023-06-24 19:32:39,wire,normal
TX_000858,ACC_0073,ACC_0116,119.78,2023-11-02 02:50:45,wire,normal
TX_000859,ACC_0003,ACC_0102,396.9,2023-01-17 17:07:15,atm,normal
TX_000860,ACC_0061,ACC_0102,82.55,2023-06-20 19:29:38,wire,normal
TX_000861,ACC_0131,ACC_0037,106.19,2023-12-11 09:30:04,online,normal
TX_000862,ACC_0057,ACC_0056,705.92,2023-11-29 19:29:02,branch,normal
TX_000863,ACC_0104,ACC_0126,34.08,2023-07-05 18:06:51,wire,normal
TX_000864,ACC_0040,ACC_0101,103.34,2023-05-12 06:51:54,branch,normal
TX_000865,ACC_0063,ACC_0023,202.83,2023-07-01 05:57:15,online,normal
TX_000866,ACC_0109,ACC_0095,941.9,2023-04-24 19:29:17,online,normal
TX_000867,ACC_0086,ACC_0080,98.05,2023-11-18 00:03:40,online,normal
TX_000868,ACC_0043,ACC_0029,1621.07,2023-01-30 06:48:26,online,normal
TX_000869,ACC_0073,ACC_0084,470.5,2023-02-25 17:12:31,wire,normal
TX_000870,ACC_0027,ACC_0008,125.73,2023-11-15 19:30:10,online,normal
TX_000871,ACC_0013,ACC_0084,239.14,2023-03-07 16:21:51,branch,normal
TX_000872,ACC_0150,ACC_0055,250.23,2023-04-29 21:57:23,online,normal
TX_000873,ACC_0133,ACC_0065,849.0,2023-04-25 02:31:17,online,normal
TX_000874,ACC_0088,ACC_0121,28.96,2023-04-07 03:19:36,online,normal
TX_000875,ACC_0108,ACC_0111,27.91,2023-10-25 17:36:02,branch,normal
TX_000876,ACC_0136,ACC_0127,294.04,2023-11-28 14:19:40,branch,normal
TX_000877,ACC_0106,ACC_0079,718.43,2023-05-13 01:46:23,branch,normal
TX_000878,ACC_0077,ACC_0127,137.99,2023-12-10 12:19:42,online,normal
TX_000879,ACC_0120,ACC_0097,37.17,2023-11-16 17:23:02,online,normal
TX_000880,ACC_0095,ACC_0069,794.26,2023-11-27 13:47:35,online,normal
TX_000881,ACC_0018,ACC_0095,39.7,2023-07-14 03:01:08,online,normal
TX_000882,ACC_0027,ACC_0118,108.05,2023-11-26 08:00:49,online,normal
TX_000883,ACC_0134,ACC_0136,1923.88,2023-07-27 12:22:58,online,normal
TX_000884,ACC_0083,ACC_0136,196.07,2023-06-26 11:55:54,online,normal
TX_000885,ACC_0131,ACC_0076,74.1,2023-11-05 07:00:09,wire,normal
TX_000886,ACC_0145,ACC_0013,21.59,2023-03-06 08:52:59,atm,normal
TX_000887,ACC_0021,ACC_0064,361.5,2023-02-27 23:02:46,branch,normal
TX_000888,ACC_0136,ACC_0072,194.38,2023-08-07 16:11:43,branch,normal
TX_000889,ACC_0125,ACC_0119,172.11,2023-11-25 17:39:30,online,normal
TX_000890,ACC_0087,ACC_0111,4398.42,2023-05-03 21:58:55,branch,normal
TX_000891,ACC_0106,ACC_0139,494.18,2023-12-10 10:50:50,online,normal
TX_000892,ACC_0013,ACC_0108,62.66,2023-05-30 17:22:26,online,normal
TX_000893,ACC_0109,ACC_0068,87.59,2023-06-17 00:32:12,branch,normal
TX_000894,ACC_0140,ACC_0115,230.97,2023-11-22 07:05:03,atm,normal
TX_000895,ACC_0120,ACC_0091,59.39,2023-04-27 13:16:48,online,normal
TX_000896,ACC_0085,ACC_0127,225.97,2023-02-26 15:26:53,wire,normal
TX_000897,ACC_0096,ACC_0088,349.18,2023-12-10 14:43:07,atm,normal
TX_000898,ACC_0143,ACC_0005,26.61,2023-02-19 19:40:02,online,normal
TX_000899,ACC_0042,ACC_0117,176.95,2023-04-10 21:13:12,online,normal
TX_000900,ACC_0116,ACC_0009,67.07,2023-08-08 07:43:54,wire,normal
TX_000901,ACC_0084,ACC_0007,1635.23,2023-10-11 09:33:17,atm,normal
TX_000902,ACC_0119,ACC_0100,141.76,2023-03-28 05:32:29,branch,normal
TX_000903,ACC_0109,ACC_0111,36.76,2023-04-12 19:35:44,online,normal
TX_000904,ACC_0104,ACC_0007,191.88,2023-11-22 13:04:00,wire,normal
TX_000905,ACC_0006,ACC_0126,405.03,2023-05-01 07:16:23,online,normal
TX_000906,ACC_0096,ACC_0123,358.67,2023-05-02 12:16:58,online,normal
TX_000907,ACC_0076,ACC_0065,156.29,2023-07-09 04:56:42,wire,normal
TX_000908,ACC_0113,ACC_0036,18.62,2023-08-31 19:34:16,online,normal
TX_000909,ACC_0068,ACC_0092,285.66,2023-09-29 05:23:41,wire,normal
TX_000910,ACC_0047,ACC_0150,116.38,2023-04-24 16:46:43,branch,normal
TX_000911,ACC_0025,ACC_0064,120.52,2023-01-03 00:13:52,online,normal
TX_000912,ACC_0102,ACC_0035,255.12,2023-08-12 22:21:51,online,normal
TX_000913,ACC_0036,ACC_0128,120.6,2023-12-09 05:21:32,online,normal
TX_000914,ACC_0048,ACC_0071,188.08,2023-01-30 11:59:10,online,normal
TX_000915,ACC_0134,ACC_0019,1021.91,2023-12-07 01:46:39,online,normal
TX_000916,ACC_0077,ACC_0121,204.29,2023-02-16 16:32:45,wire,normal
TX_000917,ACC_0065,ACC_0062,607.64,2023-04-18 14:49:25,online,normal
TX_000918,ACC_0034,ACC_0087,54.08,2023-07-20 19:28:49,branch,normal
TX_000919,ACC_0067,ACC_0094,77.58,2023-11-29 13:57:21,online,normal
TX_000920,ACC_0123,ACC_0139,30.06,2023-08-16 02:45:25,branch,normal
TX_000921,ACC_0021,ACC_0001,25.39,2023-06-20 23:17:34,wire,normal
TX_000922,ACC_0126,ACC_0007,543.77,2023-10-28 04:59:36,online,normal
TX_000923,ACC_0050,ACC_0030,222.4,2023-04-28 13:50:18,branch,normal
TX_000924,ACC_0057,ACC_0126,361.92,2023-04-23 09:58:44,online,normal
TX_000925,ACC_0085,ACC_0053,37.74,2023-04-23 11:27:19,online,normal
TX_000926,ACC_0099,ACC_0042,15.34,2023-04-11 04:36:03,online,normal
TX_000927,ACC_0079,ACC_0123,566.47,2023-06-20 07:13:22,branch,normal
TX_000928,ACC_0070,ACC_0074,616.26,2023-04-30 19:12:31,online,normal
TX_000929,ACC_0023,ACC_0083,1420.86,2023-08-28 04:12:51,atm,normal
TX_000930,ACC_0065,ACC_0063,30.06,2023-05-26 01:03:12,online,normal
TX_000931,ACC_0145,ACC_0149,46.82,2023-07-10 16:37:49,atm,normal
TX_000932,ACC_0110,ACC_0099,262.89,2023-10-06 02:15:08,wire,normal
TX_000933,ACC_0105,ACC_0146,422.75,2023-11-30 08:48:32,online,normal
TX_000934,ACC_0113,ACC_0093,1005.83,2023-02-12 12:29:47,online,normal
TX_000935,ACC_0065,ACC_0052,79.98,2023-10-11 10:19:57,wire,normal
TX_000936,ACC_0086,ACC_0068,129.65,2023-08-04 19:00:46,online,normal
TX_000937,ACC_0079,ACC_0032,271.89,2023-01-20 21:11:30,online,normal
TX_000938,ACC_0110,ACC_0099,28.49,2023-12-22 01:52:05,branch,normal
TX_000939,ACC_0063,ACC_0021,488.19,2023-04-15 18:48:13,online,normal
TX_000940,ACC_0129,ACC_0008,265.1,2023-06-01 06:35:27,wire,normal
TX_000941,ACC_0021,ACC_0037,191.21,2023-01-20 05:58:18,branch,normal
TX_000942,ACC_0148,ACC_0138,586.08,2023-09-30 01:51:02,atm,normal
TX_000943,ACC_0020,ACC_0027,111.23,2023-03-18 17:48:02,branch,normal
TX_000944,ACC_0147,ACC_0084,116.02,2023-09-03 14:03:51,online,normal
TX_000945,ACC_0046,ACC_0055,30.03,2023-06-04 03:20:55,online,normal
TX_000946,ACC_0064,ACC_0068,89.42,2023-01-16 08:56:32,online,normal
TX_000947,ACC_0062,ACC_0144,209.98,2023-10-10 15:39:11,atm,normal
TX_000948,ACC_0084,ACC_0128,210.09,2023-07-06 03:50:40,online,normal
TX_000949,ACC_0076,ACC_0074,16.79,2023-08-05 19:29:00,online,normal
TX_000950,ACC_0146,ACC_0012,688.59,2023-08-20 20:48:27,branch,normal
TX_000951,ACC_0102,ACC_0020,127.32,2023-04-09 01:03:27,online,normal
TX_000952,ACC_0095,ACC_0056,81.55,2023-06-06 08:12:13,online,normal
TX_000953,ACC_0089,ACC_0064,382.11,2023-03-30 16:02:44,online,normal
TX_000954,ACC_0048,ACC_0143,396.36,2023-04-23 22:04:12,online,normal
TX_000955,ACC_0101,ACC_0024,71.5,2023-08-14 00:12:38,atm,normal
TX_000956,ACC_0057,ACC_0096,830.33,2023-10-14 15:46:17,online,normal
TX_000957,ACC_0045,ACC_0137,150.95,2023-01-03 14:04:27,online,normal
TX_000958,ACC_0068,ACC_0042,449.68,2023-04-25 05:38:12,online,normal
TX_000959,ACC_0115,ACC_0147,38.5,2023-12-20 04:58:07,online,normal
TX_000960,ACC_0090,ACC_0110,125.57,2023-07-26 00:30:50,online,normal
TX_000961,ACC_0119,ACC_0118,97.58,2023-08-11 21:24:00,wire,normal
TX_000962,ACC_0007,ACC_0032,650.85,2023-02-06 18:40:07,online,normal
TX_000963,ACC_0139,ACC_0108,94.92,2023-08-20 09:46:09,branch,normal
TX_000964,ACC_0018,ACC_0058,45.07,2023-02-17 20:59:23,wire,normal
TX_000965,ACC_0081,ACC_0002,269.84,2023-01-30 18:46:20,online,normal
TX_000966,ACC_0006,ACC_0148,21.03,2023-09-29 02:53:02,branch,normal
TX_000967,ACC_0118,ACC_0117,147.97,2023-02-13 05:51:16,online,normal
TX_000968,ACC_0119,ACC_0092,589.49,2023-07-19 15:05:07,online,normal
TX_000969,ACC_0134,ACC_0066,1524.54,2023-02-17 00:39:33,online,normal
TX_000970,ACC_0013,ACC_0093,104.02,2023-11-30 02:43:33,online,normal
TX_000971,ACC_0002,ACC_0123,114.56,2023-07-21 03:53:47,online,normal
TX_000972,ACC_0038,ACC_0150,76.89,2023-06-05 04:08:30,online,normal
TX_000973,ACC_0014,ACC_0078,741.25,2023-10-05 01:02:09,online,normal
TX_000974,ACC_0031,ACC_0037,1313.13,2023-07-16 05:44:43,online,normal
TX_000975,ACC_0124,ACC_0006,113.85,2023-12-29 06:20:53,branch,normal
TX_000976,ACC_0135,ACC_0066,322.24,2023-11-06 01:58:06,online,normal
TX_000977,ACC_0026,ACC_0114,16.4,2023-07-22 04:31:59,online,normal
TX_000978,ACC_0001,ACC_0108,297.38,2023-12-28 04:28:44,branch,normal
TX_000979,ACC_0147,ACC_0065,784.59,2023-01-22 16:05:33,atm,normal
TX_000980,ACC_0062,ACC_0041,369.41,2023-09-01 06:09:21,online,normal
TX_000981,ACC_0119,ACC_0138,52.17,2023-03-13 01:09:50,online,normal
TX_000982,ACC_0012,ACC_0087,318.13,2023-07-25 02:11:28,online,normal
TX_000983,ACC_0034,ACC_0010,71.53,2023-02-13 12:28:58,online,normal
TX_000984,ACC_0027,ACC_0148,99.49,2023-04-28 00:05:44,branch,normal
TX_000985,ACC_0089,ACC_0095,667.14,2023-11-14 05:18:28,wire,normal
TX_000986,ACC_0086,ACC_0129,87.01,2023-04-08 03:39:02,branch,normal
TX_000987,ACC_0148,ACC_0096,267.34,2023-10-19 01:38:51,atm,normal
TX_000988,ACC_0134,ACC_0135,167.71,2023-11-21 18:02:53,online,normal
TX_000989,ACC_0098,ACC_0032,209.86,2023-06-03 03:40:08,wire,normal
TX_000990,ACC_0090,ACC_0022,277.77,2023-07-04 18:07:34,online,normal
TX_000991,ACC_0093,ACC_0047,44.74,2023-09-15 23:08:46,branch,normal
TX_000992,ACC_0145,ACC_0122,112.69,2023-11-10 09:11:03,online,normal
TX_000993,ACC_0120,ACC_0093,30.46,2023-04-22 20:28:27,online,normal
TX_000994,ACC_0023,ACC_0135,29.16,2023-01-11 00:46:13,online,normal
TX_000995,ACC_0047,ACC_0019,127.94,2023-12-25 15:36:22,branch,normal
TX_000996,ACC_0047,ACC_0038,95.94,2023-12-24 04:39:33,atm,normal
TX_000997,ACC_0062,ACC_0136,190.57,2023-03-03 19:20:31,atm,normal
TX_000998,ACC_0097,ACC_0005,39.52,2023-10-08 18:28:55,wire,normal
TX_000999,ACC_0052,ACC_0029,582.94,2023-09-11 00:11:22,wire,normal
TX_001000,ACC_0074,ACC_0024,82.56,2023-12-16 01:07:32,wire,normal
TX_001001,ACC_0003,ACC_0091,105.44,2023-12-09 06:59:14,online,normal
TX_001002,ACC_0008,ACC_0017,176.97,2023-10-15 09:46:51,online,normal
TX_001003,ACC_0050,ACC_0008,42.97,2023-04-29 13:44:27,online,normal
TX_001004,ACC_0022,ACC_0031,225.78,2023-03-03 06:30:39,wire,normal
TX_001005,ACC_0097,ACC_0136,49.01,2023-09-21 02:05:01,wire,normal
TX_001006,ACC_0037,ACC_0095,124.07,2023-10-30 19:49:46,online,normal
TX_001007,ACC_0061,ACC_0077,17.5,2023-05-27 02:41:10,online,normal
TX_001008,ACC_0147,ACC_0144,424.29,2023-04-29 04:17:51,online,normal
TX_001009,ACC_0069,ACC_0004,134.81,2023-04-18 16:23:30,online,normal
TX_001010,ACC_0145,ACC_0110,30.39,2023-10-11 19:13:33,branch,normal
TX_001011,ACC_0087,ACC_0135,180.68,2023-11-15 00:41:58,online,normal
TX_001012,ACC_0010,ACC_0073,102.06,2023-03-06 16:34:52,wire,normal
TX_001013,ACC_0067,ACC_0143,19.59,2023-01-18 17:40:59,branch,normal
TX_001014,ACC_0083,ACC_0065,742.31,2023-11-02 20:42:39,branch,normal
TX_001015,ACC_0081,ACC_0074,32.16,2023-10-14 05:26:33,branch,normal
TX_001016,ACC_0088,ACC_0141,51.0,2023-09-05 04:00:31,wire,normal
TX_001017,ACC_0083,ACC_0011,152.27,2023-12-06 19:06:47,wire,normal
TX_001018,ACC_0023,ACC_0063,85.21,2023-01-10 09:18:56,wire,normal
TX_001019,ACC_0142,ACC_0004,4.29,2023-09-02 05:36:58,wire,normal
TX_001020,ACC_0016,ACC_0073,470.78,2023-09-12 06:39:51,branch,normal
TX_001021,ACC_0096,ACC_0107,116.09,2023-03-22 19:02:29,online,normal
TX_001022,ACC_0065,ACC_0146,950.3,2023-12-22 16:14:26,wire,normal
TX_001023,ACC_0069,ACC_0102,193.92,2023-04-01 02:43:14,online,normal
TX_001024,ACC_0033,ACC_0097,59.55,2023-01-16 03:32:07,online,normal
TX_001025,ACC_0023,ACC_0021,55.12,2023-02-15 23:40:56,atm,normal
TX_001026,ACC_0083,ACC_0072,119.12,2023-04-19 19:38:01,online,normal
TX_001027,ACC_0111,ACC_0062,33.5,2023-11-07 20:48:49,online,normal
TX_001028,ACC_0010,ACC_0089,177.4,2023-02-17 12:41:26,wire,normal
TX_001029,ACC_0148,ACC_0025,162.57,2023-03-28 09:17:09,wire,normal
TX_001030,ACC_0022,ACC_0027,51.02,2023-11-09 02:56:28,wire,normal
TX_001031,ACC_0091,ACC_0124,32.38,2023-05-19 16:04:33,online,normal
TX_001032,ACC_0097,ACC_0052,96.66,2023-05-16 11:48:16,online,normal
TX_001033,ACC_0019,ACC_0149,115.32,2023-07-29 01:43:12,atm,normal
TX_001034,ACC_0101,ACC_0103,72.86,2023-03-02 05:37:39,branch,normal
TX_001035,ACC_0031,ACC_0141,414.4,2023-11-28 23:06:40,online,normal
TX_001036,ACC_0050,ACC_0081,457.84,2023-08-22 03:34:09,wire,normal
TX_001037,ACC_0099,ACC_0044,62.5,2023-06-25 23:54:51,online,normal
TX_001038,ACC_0141,ACC_0026,855.29,2023-05-18 22:48:25,branch,normal
TX_001039,ACC_0098,ACC_0077,888.14,2023-07-14 11:22:43,branch,normal
TX_001040,ACC_0090,ACC_0033,33.35,2023-03-15 01:23:47,online,normal
TX_001041,ACC_0071,ACC_0040,73.23,2023-01-03 22:50:45,online,normal
TX_001042,ACC_0097,ACC_0105,55.31,2023-07-26 00:50:04,online,normal
TX_001043,ACC_0071,ACC_0150,151.9,2023-06-16 22:27:22,online,normal
TX_001044,ACC_0139,ACC_0013,41.39,2023-07-31 04:08:42,branch,normal
TX_001045,ACC_0138,ACC_0081,261.42,2023-05-28 02:46:46,wire,normal
TX_001046,ACC_0140,ACC_0124,98.82,2023-07-19 20:24:04,online,normal
TX_001047,ACC_0105,ACC_0070,25.31,2023-11-09 03:59:17,online,normal
TX_001048,ACC_0142,ACC_0134,352.67,2023-09-28 09:48:07,atm,normal
TX_001049,ACC_0065,ACC_0082,100.15,2023-08-04 04:32:55,online,normal
TX_001050,ACC_0074,ACC_0047,227.76,2023-09-03 20:13:27,branch,normal
TX_001051,ACC_0137,ACC_0019,31.7,2023-02-22 12:51:17,branch,normal
TX_001052,ACC_0043,ACC_0099,662.14,2023-12-24 05:53:17,online,normal
TX_001053,ACC_0030,ACC_0066,42.88,2023-05-05 06:53:02,online,normal
TX_001054,ACC_0026,ACC_0136,143.72,2023-12-18 11:24:27,wire,normal
TX_001055,ACC_0120,ACC_0134,138.44,2023-12-02 11:24:26,branch,normal
TX_001056,ACC_0103,ACC_0007,94.81,2023-01-07 17:25:30,atm,normal
TX_001057,ACC_0047,ACC_0029,55.59,2023-05-04 02:21:32,branch,normal
TX_001058,ACC_0055,ACC_0060,103.18,2023-04-02 16:07:16,branch,normal
TX_001059,ACC_0132,ACC_0115,336.46,2023-09-05 07:57:08,atm,normal
TX_001060,ACC_0003,ACC_0051,452.69,2023-06-06 19:52:42,wire,normal
TX_001061,ACC_0088,ACC_0017,441.88,2023-01-24 17:38:13,atm,normal
TX_001062,ACC_0092,ACC_0063,16.19,2023-04-18 22:31:10,online,normal
TX_001063,ACC_0035,ACC_0001,195.37,2023-10-01 12:20:19,wire,normal
TX_001064,ACC_0062,ACC_0076,215.45,2023-12-07 13:30:12,online,normal
TX_001065,ACC_0123,ACC_0080,518.06,2023-04-15 11:02:46,branch,normal
TX_001066,ACC_0028,ACC_0100,239.85,2023-04-15 23:03:44,branch,normal
TX_001067,ACC_0031,ACC_0146,160.98,2023-09-23 15:46:58,wire,normal
TX_001068,ACC_0053,ACC_0044,276.06,2023-06-02 18:13:04,online,normal
TX_001069,ACC_0078,ACC_0003,2376.88,2023-11-07 01:53:50,branch,normal
TX_001070,ACC_0001,ACC_0071,16.54,2023-02-18 19:59:57,branch,normal
TX_001071,ACC_0068,ACC_0087,120.22,2023-12-16 23:24:10,branch,normal
TX_001072,ACC_0059,ACC_0101,152.09,2023-04-19 03:42:01,branch,normal
TX_001073,ACC_0051,ACC_0001,294.49,2023-09-01 03:17:41,online,normal
TX_001074,ACC_0095,ACC_0079,62.54,2023-08-31 17:45:05,online,normal
TX_001075,ACC_0020,ACC_0134,26.64,2023-08-29 15:12:40,online,normal
TX_001076,ACC_0109,ACC_0081,156.26,2023-06-24 22:01:48,atm,normal
TX_001077,ACC_0047,ACC_0093,144.31,2023-06-25 07:21:23,online,normal
TX_001078,ACC_0017,ACC_0119,156.47,2023-07-16 17:42:19,online,normal
TX_001079,ACC_0061,ACC_0141,4991.16,2023-01-04 05:13:56,wire,normal
TX_001080,ACC_0080,ACC_0109,127.7,2023-08-19 13:53:12,branch,normal
TX_001081,ACC_0075,ACC_0052,181.0,2023-10-12 02:53:13,wire,normal
TX_001082,ACC_0002,ACC_0145,102.86,2023-01-27 16:36:10,online,normal
TX_001083,ACC_0103,ACC_0105,91.33,2023-07-31 04:26:50,online,normal
TX_001084,ACC_0022,ACC_0112,116.63,2023-08-13 15:11:10,wire,normal
TX_001085,ACC_0088,ACC_0095,410.39,2023-09-18 20:36:41,online,normal
TX_001086,ACC_0144,ACC_0024,409.63,2023-09-27 00:50:41,online,normal
TX_001087,ACC_0003,ACC_0078,181.32,2023-01-25 14:46:07,online,normal
TX_001088,ACC_0115,ACC_0103,109.17,2023-01-20 18:05:46,branch,normal
TX_001089,ACC_0061,ACC_0126,151.31,2023-02-02 09:44:20,online,normal
TX_001090,ACC_0023,ACC_0095,193.88,2023-04-20 21:39:11,branch,normal
TX_001091,ACC_0111,ACC_0133,60.58,2023-11-09 21:14:46,online,normal
TX_001092,ACC_0132,ACC_0076,154.73,2023-01-19 01:35:38,branch,normal
TX_001093,ACC_0070,ACC_0037,138.49,2023-01-28 13:02:56,online,normal
TX_001094,ACC_0114,ACC_0118,221.92,2023-08-01 05:48:10,wire,normal
TX_001095,ACC_0031,ACC_0091,317.63,2023-05-24 01:11:14,branch,normal
TX_001096,ACC_0006,ACC_0109,193.44,2023-05-15 03:54:12,online,normal
TX_001097,ACC_0112,ACC_0111,575.33,2023-03-28 15:33:24,online,normal
TX_001098,ACC_0087,ACC_0008,576.06,2023-12-15 07:13:47,branch,normal
TX_001099,ACC_0002,ACC_0136,378.39,2023-03-01 17:50:02,online,normal
TX_001100,ACC_0139,ACC_0006,162.72,2023-08-29 18:49:50,online,normal
TX_001101,ACC_0108,ACC_0048,46.3,2023-01-09 17:54:18,branch,normal
TX_001102,ACC_0067,ACC_0004,92.9,2023-02-15 18:45:14,online,normal
TX_001103,ACC_0036,ACC_0145,89.13,2023-08-13 09:01:15,wire,normal
TX_001104,ACC_0067,ACC_0133,296.94,2023-01-02 21:50:46,online,normal
TX_001105,ACC_0002,ACC_0073,117.34,2023-06-25 17:45:07,online,normal
TX_001106,ACC_0028,ACC_0094,579.43,2023-09-08 12:10:45,online,normal
TX_001107,ACC_0085,ACC_0086,186.82,2023-09-04 04:16:10,online,normal
TX_001108,ACC_0095,ACC_0125,26.43,2023-09-03 15:38:00,online,normal
TX_001109,ACC_0009,ACC_0118,201.79,2023-02-01 22:06:34,atm,normal
TX_001110,ACC_0062,ACC_0078,80.63,2023-02-04 16:27:45,wire,normal
TX_001111,ACC_0146,ACC_0119,46.65,2023-03-13 03:59:17,branch,normal
TX_001112,ACC_0127,ACC_0091,437.4,2023-10-04 19:26:07,online,normal
TX_001113,ACC_0003,ACC_0017,225.17,2023-06-23 06:47:48,wire,normal
TX_001114,ACC_0080,ACC_0045,580.44,2023-11-09 06:42:26,online,normal
TX_001115,ACC_0036,ACC_0090,1910.99,2023-02-17 20:31:40,branch,normal
TX_001116,ACC_0079,ACC_0103,255.09,2023-04-24 23:15:24,atm,normal
TX_001117,ACC_0115,ACC_0147,141.91,2023-12-27 18:43:40,branch,normal
TX_001118,ACC_0051,ACC_0003,69.02,2023-01-16 02:03:23,online,normal
TX_001119,ACC_0119,ACC_0133,231.84,2023-09-12 09:12:09,online,normal
TX_001120,ACC_0108,ACC_0075,59.94,2023-10-19 08:47:12,wire,normal
TX_001121,ACC_0144,ACC_0025,100.66,2023-12-19 22:04:00,atm,normal
TX_001122,ACC_0105,ACC_0118,138.86,2023-07-28 17:10:15,online,normal
TX_001123,ACC_0052,ACC_0105,40.17,2023-06-08 09:50:54,wire,normal
TX_001124,ACC_0146,ACC_0038,313.04,2023-11-10 09:52:33,online,normal
TX_001125,ACC_0001,ACC_0048,153.64,2023-09-23 17:16:46,online,normal
TX_001126,ACC_0038,ACC_0043,131.47,2023-09-28 15:22:52,online,normal
TX_001127,ACC_0138,ACC_0052,32.24,2023-05-21 17:59:22,online,normal
TX_001128,ACC_0103,ACC_0117,77.86,2023-11-16 18:05:25,atm,normal
TX_001129,ACC_0104,ACC_0099,376.51,2023-11-24 12:18:43,online,normal
TX_001130,ACC_0052,ACC_0091,49.62,2023-04-20 13:17:04,online,normal
TX_001131,ACC_0045,ACC_0083,580.23,2023-11-03 01:26:15,online,normal
TX_001132,ACC_0002,ACC_0064,244.07,2023-11-24 16:27:54,online,normal
TX_001133,ACC_0086,ACC_0035,44.4,2023-03-31 16:27:01,branch,normal
TX_001134,ACC_0003,ACC_0024,295.51,2023-05-19 15:47:54,online,normal
TX_001135,ACC_0097,ACC_0074,161.88,2023-08-29 08:18:41,branch,normal
TX_001136,ACC_0082,ACC_0064,37.56,2023-07-04 21:19:33,online,normal
TX_001137,ACC_0149,ACC_0070,57.31,2023-04-29 21:09:05,online,normal
TX_001138,ACC_0027,ACC_0031,78.9,2023-08-17 19:30:21,online,normal
TX_001139,ACC_0138,ACC_0081,45.81,2023-09-05 19:38:01,online,normal
TX_001140,ACC_0067,ACC_0150,1196.8,2023-09-26 22:21:38,online,normal
TX_001141,ACC_0044,ACC_0056,1028.95,2023-04-10 05:34:50,atm,normal
TX_001142,ACC_0131,ACC_0128,18.31,2023-05-25 16:36:23,atm,normal
TX_001143,ACC_0149,ACC_0001,396.44,2023-09-21 04:38:56,wire,normal
TX_001144,ACC_0140,ACC_0099,189.17,2023-05-30 21:55:17,wire,normal
TX_001145,ACC_0094,ACC_0095,837.05,2023-11-29 18:21:02,wire,normal
TX_001146,ACC_0134,ACC_0115,69.82,2023-05-20 10:23:17,wire,normal
TX_001147,ACC_0091,ACC_0080,1472.35,2023-10-05 22:53:12,wire,normal
TX_001148,ACC_0061,ACC_0133,70.77,2023-05-10 15:12:45,wire,normal
TX_001149,ACC_0148,ACC_0112,2172.3,2023-03-24 19:58:32,online,normal
TX_001150,ACC_0132,ACC_0002,162.73,2023-06-18 11:57:01,branch,normal
TX_001151,ACC_0109,ACC_0097,400.01,2023-07-10 22:22:06,online,normal
TX_001152,ACC_0134,ACC_0056,22.7,2023-12-03 09:55:09,online,normal
TX_001153,ACC_0136,ACC_0129,1722.7,2023-03-13 01:35:51,branch,normal
TX_001154,ACC_0109,ACC_0039,127.33,2023-12-19 22:24:53,online,normal
TX_001155,ACC_0008,ACC_0049,352.14,2023-03-01 11:52:58,online,normal
TX_001156,ACC_0025,ACC_0011,88.84,2023-05-14 20:29:59,online,normal
TX_001157,ACC_0063,ACC_0068,51.37,2023-08-04 13:43:14,wire,normal
TX_001158,ACC_0148,ACC_0082,172.93,2023-12-14 17:05:18,online,normal
TX_001159,ACC_0097,ACC_0092,64.12,2023-09-11 14:20:17,branch,normal
TX_001160,ACC_0035,ACC_0056,80.05,2023-05-19 09:35:51,branch,normal
TX_001161,ACC_0046,ACC_0023,263.25,2023-01-13 10:43:59,branch,normal
TX_001162,ACC_0050,ACC_0014,75.89,2023-04-04 01:45:06,atm,normal
TX_001163,ACC_0069,ACC_0047,412.74,2023-06-26 08:12:25,atm,normal
TX_001164,ACC_0072,ACC_0122,21.47,2023-11-09 02:52:48,online,normal
TX_001165,ACC_0074,ACC_0051,123.59,2023-10-30 11:02:40,wire,normal
TX_001166,ACC_0124,ACC_0086,114.09,2023-11-02 08:28:01,online,normal
TX_001167,ACC_0020,ACC_0111,497.42,2023-08-29 03:13:55,online,normal
TX_001168,ACC_0112,ACC_0146,96.98,2023-03-16 18:04:38,wire,normal
TX_001169,ACC_0012,ACC_0006,50.97,2023-01-07 16:55:10,online,normal
TX_001170,ACC_0111,ACC_0047,228.23,2023-06-02 23:55:27,atm,normal
TX_001171,ACC_0038,ACC_0130,9338.69,2023-10-02 01:12:45,online,smurf
TX_001172,ACC_0046,ACC_0086,434.92,2023-04-03 17:23:45,branch,normal
TX_001173,ACC_0003,ACC_0086,341.72,2023-03-29 11:28:21,atm,normal
TX_001174,ACC_0013,ACC_0015,93.75,2023-01-14 19:40:40,online,normal
TX_001175,ACC_0017,ACC_0124,74.73,2023-01-15 18:52:58,online,normal
TX_001176,ACC_0047,ACC_0023,79.63,2023-05-14 08:42:25,online,normal
TX_001177,ACC_0119,ACC_0142,104.92,2023-09-19 17:43:28,online,normal
TX_001178,ACC_0092,ACC_0147,341.84,2023-05-16 02:36:04,online,normal
TX_001179,ACC_0045,ACC_0065,123.18,2023-06-11 01:22:44,wire,normal
TX_001180,ACC_0110,ACC_0052,158.44,2023-09-09 22:46:30,branch,normal
TX_001181,ACC_0005,ACC_0020,79.18,2023-08-10 10:24:27,wire,normal
TX_001182,ACC_0141,ACC_0016,569.73,2023-02-14 21:57:20,branch,normal
TX_001183,ACC_0149,ACC_0046,257.77,2023-08-05 16:24:40,online,normal
TX_001184,ACC_0081,ACC_0116,94.37,2023-10-15 19:47:52,atm,normal
TX_001185,ACC_0146,ACC_0039,80.32,2023-11-15 08:43:54,online,normal
TX_001186,ACC_0025,ACC_0010,122.67,2023-04-23 04:20:54,branch,normal
TX_001187,ACC_0003,ACC_0142,29.77,2023-10-29 07:57:34,online,normal
TX_001188,ACC_0010,ACC_0016,79.34,2023-07-17 11:32:02,online,normal
TX_001189,ACC_0133,ACC_0090,287.52,2023-07-16 02:05:06,online,normal
TX_001190,ACC_0124,ACC_0027,94.56,2023-04-26 01:11:45,online,normal
TX_001191,ACC_0122,ACC_0117,116.04,2023-10-15 07:48:32,wire,normal
TX_001192,ACC_0049,ACC_0111,416.0,2023-11-18 03:16:43,online,normal
TX_001193,ACC_0108,ACC_0112,1.73,2023-09-23 12:42:22,online,normal
TX_001194,ACC_0004,ACC_0009,39.05,2023-12-30 10:42:36,online,normal
TX_001195,ACC_0057,ACC_0136,154.37,2023-10-14 18:18:50,online,normal
TX_001196,ACC_0074,ACC_0007,347.15,2023-03-15 05:29:41,online,normal
TX_001197,ACC_0028,ACC_0123,85.48,2023-08-07 07:23:35,online,normal
TX_001198,ACC_0050,ACC_0010,235.94,2023-01-21 22:36:37,online,normal
TX_001199,ACC_0148,ACC_0078,317.99,2023-07-19 02:15:43,online,normal
TX_001200,ACC_0114,ACC_0095,115.32,2023-09-02 08:54:30,online,normal
TX_001201,ACC_0009,ACC_0005,1883.76,2023-11-30 06:35:21,atm,normal
TX_001202,ACC_0082,ACC_0063,202.82,2023-10-12 20:40:49,online,normal
TX_001203,ACC_0034,ACC_0007,98.03,2023-01-02 09:38:02,online,normal
TX_001204,ACC_0083,ACC_0003,102.16,2023-01-01 02:29:36,online,normal
TX_001205,ACC_0016,ACC_0012,514.09,2023-10-01 01:46:39,online,normal
TX_001206,ACC_0070,ACC_0150,40.8,2023-06-25 03:18:04,wire,normal
TX_001207,ACC_0081,ACC_0069,284.44,2023-11-23 09:42:11,online,normal
TX_001208,ACC_0077,ACC_0093,319.2,2023-04-27 19:22:35,atm,normal
TX_001209,ACC_0110,ACC_0091,6.28,2023-09-23 11:42:24,branch,normal
TX_001210,ACC_0091,ACC_0081,647.29,2023-11-09 12:28:34,atm,normal
TX_001211,ACC_0136,ACC_0106,723.66,2023-06-26 13:33:07,online,normal
TX_001212,ACC_0055,ACC_0025,14.94,2023-09-04 04:10:30,online,normal
TX_001213,ACC_0027,ACC_0051,3048.66,2023-06-21 07:23:51,atm,normal
TX_001214,ACC_0145,ACC_0134,39.56,2023-06-02 13:27:30,online,normal
TX_001215,ACC_0107,ACC_0109,154.43,2023-12-30 03:00:13,online,normal
TX_001216,ACC_0026,ACC_0080,695.67,2023-02-17 08:39:56,online,normal
TX_001217,ACC_0129,ACC_0015,80.7,2023-04-20 15:31:45,online,normal
TX_001218,ACC_0119,ACC_0092,1720.7,2023-06-29 08:31:40,wire,normal
TX_001219,ACC_0099,ACC_0113,19.19,2023-09-24 05:37:15,branch,normal
TX_001220,ACC_0074,ACC_0109,231.1,2023-04-23 23:56:56,online,normal
TX_001221,ACC_0089,ACC_0074,456.74,2023-09-03 21:35:30,online,normal
TX_001222,ACC_0135,ACC_0045,84.94,2023-03-09 12:34:05,atm,normal
TX_001223,ACC_0095,ACC_0040,949.71,2023-09-01 07:50:27,wire,normal
TX_001224,ACC_0137,ACC_0074,227.41,2023-08-31 04:34:54,atm,normal
TX_001225,ACC_0139,ACC_0058,66.07,2023-10-20 07:15:56,online,normal
TX_001226,ACC_0084,ACC_0077,41.26,2023-10-17 09:29:58,wire,normal
TX_001227,ACC_0054,ACC_0125,395.96,2023-09-29 11:14:52,online,normal
TX_001228,ACC_0115,ACC_0039,764.68,2023-08-08 19:49:43,branch,normal
TX_001229,ACC_0090,ACC_0055,293.08,2023-06-16 02:44:32,wire,normal
TX_001230,ACC_0110,ACC_0103,99.2,2023-01-31 12:53:00,online,normal
TX_001231,ACC_0085,ACC_0093,414.6,2023-02-14 16:14:43,branch,normal
TX_001232,ACC_0030,ACC_0143,207.47,2023-12-04 15:53:37,online,normal
TX_001233,ACC_0133,ACC_0057,75.5,2023-01-08 04:18:06,online,normal
TX_001234,ACC_0053,ACC_0138,23.15,2023-12-20 17:08:15,online,normal
TX_001235,ACC_0150,ACC_0031,324.25,2023-09-04 01:40:18,wire,normal
TX_001236,ACC_0088,ACC_0113,20.27,2023-12-22 03:01:01,wire,normal
TX_001237,ACC_0063,ACC_0019,226.52,2023-02-27 15:27:18,online,normal
TX_001238,ACC_0100,ACC_0046,111.92,2023-02-21 22:13:34,online,normal
TX_001239,ACC_0006,ACC_0089,103.93,2023-03-17 05:51:24,atm,normal
TX_001240,ACC_0095,ACC_0109,308.03,2023-02-10 23:54:10,online,normal
TX_001241,ACC_0038,ACC_0130,9096.97,2023-11-27 13:40:23,online,smurf
TX_001242,ACC_0054,ACC_0049,132.7,2023-08-11 14:01:44,branch,normal
TX_001243,ACC_0034,ACC_0039,474.61,2023-07-28 08:51:42,online,normal
TX_001244,ACC_0099,ACC_0086,66.76,2023-09-06 21:53:07,online,normal
TX_001245,ACC_0143,ACC_0099,43.1,2023-01-24 12:33:48,branch,normal
TX_001246,ACC_0071,ACC_0131,1143.47,2023-11-18 10:02:13,online,normal
TX_001247,ACC_0110,ACC_0112,605.07,2023-03-31 00:41:09,online,normal
TX_001248,ACC_0122,ACC_0032,363.37,2023-07-04 11:08:11,online,normal
TX_001249,ACC_0113,ACC_0093,34.09,2023-12-21 12:48:46,branch,normal
TX_001250,ACC_0145,ACC_0039,79.93,2023-07-13 12:40:08,wire,normal
TX_001251,ACC_0056,ACC_0022,189.27,2023-05-22 19:53:48,online,normal
TX_001252,ACC_0016,ACC_0129,796.03,2023-08-31 22:01:41,online,normal
TX_001253,ACC_0072,ACC_0065,29.76,2023-05-14 12:10:47,online,normal
TX_001254,ACC_0054,ACC_0145,1191.94,2023-03-23 21:25:22,online,normal
TX_001255,ACC_0048,ACC_0130,96.17,2023-02-18 12:10:07,wire,normal
TX_001256,ACC_0094,ACC_0076,245.21,2023-11-30 00:22:02,atm,normal
TX_001257,ACC_0049,ACC_0030,575.17,2023-07-10 18:33:20,wire,normal
TX_001258,ACC_0002,ACC_0075,106.29,2023-08-08 04:06:21,online,normal
TX_001259,ACC_0087,ACC_0088,387.38,2023-10-23 05:14:34,wire,normal
TX_001260,ACC_0028,ACC_0070,248.69,2023-05-16 11:14:19,online,normal
TX_001261,ACC_0130,ACC_0059,148.33,2023-09-02 07:18:35,atm,normal
TX_001262,ACC_0126,ACC_0066,676.75,2023-10-24 21:03:56,online,normal
TX_001263,ACC_0010,ACC_0035,253.38,2023-08-29 08:36:01,online,normal
TX_001264,ACC_0080,ACC_0121,233.83,2023-03-15 20:27:41,online,normal
TX_001265,ACC_0099,ACC_0019,52.55,2023-04-08 21:41:57,online,normal
TX_001266,ACC_0115,ACC_0006,151.32,2023-11-24 08:10:28,online,normal
TX_001267,ACC_0060,ACC_0024,106.39,2023-12-01 04:49:24,online,normal
TX_001268,ACC_0073,ACC_0100,120.28,2023-03-15 12:46:01,online,normal
TX_001269,ACC_0032,ACC_0054,690.55,2023-09-23 20:35:24,online,normal
TX_001270,ACC_0065,ACC_0149,109.51,2023-04-15 21:04:00,wire,normal
TX_001271,ACC_0141,ACC_0049,414.85,2023-06-11 18:22:13,branch,normal
TX_001272,ACC_0006,ACC_0015,108.68,2023-07-27 10:13:37,online,normal
TX_001273,ACC_0055,ACC_0141,103.24,2023-03-30 12:17:15,wire,normal
TX_001274,ACC_0136,ACC_0021,231.08,2023-03-21 14:41:06,atm,normal
TX_001275,ACC_0031,ACC_0069,49.02,2023-08-09 18:32:49,branch,normal
TX_001276,ACC_0120,ACC_0127,436.58,2023-10-13 05:59:43,branch,normal
TX_001277,ACC_0111,ACC_0082,1111.15,2023-02-08 01:04:04,online,normal
TX_001278,ACC_0024,ACC_0008,440.57,2023-08-26 11:51:52,online,normal
TX_001279,ACC_0135,ACC_0078,47.92,2023-09-06 08:32:30,wire,normal
TX_001280,ACC_0020,ACC_0014,37.4,2023-03-31 18:07:49,atm,normal
TX_001281,ACC_0071,ACC_0130,9450.64,2023-01-14 16:06:45,online,smurf
TX_001282,ACC_0042,ACC_0082,872.51,2023-05-16 21:23:05,branch,normal
TX_001283,ACC_0060,ACC_0098,1051.77,2023-07-14 09:51:59,wire,normal
TX_001284,ACC_0109,ACC_0016,227.94,2023-11-21 03:55:41,wire,normal
TX_001285,ACC_0113,ACC_0012,44.57,2023-02-28 00:42:12,online,normal
TX_001286,ACC_0039,ACC_0140,150.22,2023-06-14 00:00:24,online,normal
TX_001287,ACC_0112,ACC_0085,148.69,2023-07-01 03:40:31,online,normal
TX_001288,ACC_0057,ACC_0075,348.78,2023-12-04 05:58:28,atm,normal
TX_001289,ACC_0105,ACC_0125,386.07,2023-01-29 21:50:51,wire,normal
TX_001290,ACC_0019,ACC_0135,104.87,2023-12-13 23:44:54,branch,normal
TX_001291,ACC_0098,ACC_0079,119.64,2023-12-07 11:15:18,online,normal
TX_001292,ACC_0051,ACC_0060,403.35,2023-09-10 02:33:55,atm,normal
TX_001293,ACC_0021,ACC_0026,113.19,2023-09-03 01:11:35,online,normal
TX_001294,ACC_0147,ACC_0080,140.07,2023-04-09 07:35:03,online,normal
TX_001295,ACC_0095,ACC_0127,40.55,2023-11-28 13:56:12,branch,normal
TX_001296,ACC_0098,ACC_0003,262.35,2023-06-22 13:26:04,branch,normal
TX_001297,ACC_0024,ACC_0046,213.41,2023-02-06 06:35:46,branch,normal
TX_001298,ACC_0055,ACC_0137,157.31,2023-07-15 22:41:48,online,normal
TX_001299,ACC_0088,ACC_0063,47.29,2023-04-18 15:32:04,atm,normal
TX_001300,ACC_0134,ACC_0135,487.66,2023-08-16 17:44:05,online,normal
TX_001301,ACC_0122,ACC_0026,38.32,2023-03-29 14:40:30,wire,normal
TX_001302,ACC_0016,ACC_0052,112.52,2023-01-27 13:34:59,branch,normal
TX_001303,ACC_0112,ACC_0045,46.6,2023-08-22 20:51:37,online,normal
TX_001304,ACC_0060,ACC_0006,592.7,2023-05-03 14:27:01,branch,normal
TX_001305,ACC_0043,ACC_0074,215.38,2023-11-19 01:30:37,online,normal
TX_001306,ACC_0023,ACC_0070,51.22,2023-07-01 15:00:22,online,normal
TX_001307,ACC_0133,ACC_0090,109.94,2023-01-30 19:42:15,atm,normal
TX_001308,ACC_0028,ACC_0081,155.5,2023-02-16 11:40:09,online,normal
TX_001309,ACC_0023,ACC_0081,184.53,2023-06-28 02:23:35,online,normal
TX_001310,ACC_0133,ACC_0075,310.01,2023-10-14 05:22:51,online,normal
TX_001311,ACC_0122,ACC_0123,103.96,2023-02-15 19:20:28,atm,normal
TX_001312,ACC_0106,ACC_0051,474.54,2023-08-14 11:18:57,online,normal
TX_001313,ACC_0081,ACC_0041,545.48,2023-11-27 10:19:47,online,normal
TX_001314,ACC_0139,ACC_0111,163.34,2023-02-27 10:54:59,online,normal
TX_001315,ACC_0066,ACC_0090,148.02,2023-04-17 14:10:42,online,normal
TX_001316,ACC_0142,ACC_0080,284.19,2023-05-07 10:02:01,branch,normal
TX_001317,ACC_0084,ACC_0131,90.59,2023-08-22 18:31:37,branch,normal
TX_001318,ACC_0082,ACC_0066,210.86,2023-05-04 03:55:10,online,normal
TX_001319,ACC_0146,ACC_0149,19.95,2023-07-12 08:41:22,wire,normal
TX_001320,ACC_0077,ACC_0002,249.98,2023-11-27 07:11:44,online,normal
TX_001321,ACC_0106,ACC_0125,189.44,2023-01-15 11:47:27,branch,normal
TX_001322,ACC_0117,ACC_0106,120.35,2023-09-16 13:33:13,online,normal
TX_001323,ACC_0076,ACC_0123,402.73,2023-03-31 16:17:34,online,normal
TX_001324,ACC_0137,ACC_0057,930.26,2023-11-29 22:18:09,online,normal
TX_001325,ACC_0052,ACC_0089,2908.14,2023-02-04 02:41:00,branch,normal
TX_001326,ACC_0074,ACC_0095,225.25,2023-08-01 23:49:11,online,normal
TX_001327,ACC_0118,ACC_0007,85.29,2023-11-08 14:42:30,branch,normal
TX_001328,ACC_0073,ACC_0076,33.73,2023-06-11 02:51:35,online,normal
TX_001329,ACC_0075,ACC_0013,59.0,2023-07-20 14:40:00,branch,normal
TX_001330,ACC_0044,ACC_0006,60.48,2023-12-13 22:16:27,online,normal
TX_001331,ACC_0018,ACC_0050,40.45,2023-09-24 10:38:47,branch,normal
TX_001332,ACC_0066,ACC_0013,39.57,2023-02-28 22:25:33,wire,normal
TX_001333,ACC_0043,ACC_0089,384.07,2023-06-03 03:07:32,atm,normal
TX_001334,ACC_0116,ACC_0049,282.76,2023-06-28 08:36:00,online,normal
TX_001335,ACC_0137,ACC_0131,42.22,2023-09-15 14:26:17,online,normal
TX_001336,ACC_0070,ACC_0082,256.19,2023-03-06 05:12:13,atm,normal
TX_001337,ACC_0047,ACC_0116,14.85,2023-10-04 18:11:05,wire,normal
TX_001338,ACC_0071,ACC_0067,62.19,2023-06-15 08:42:44,branch,normal
TX_001339,ACC_0055,ACC_0006,223.84,2023-05-21 09:57:20,atm,normal
TX_001340,ACC_0101,ACC_0058,570.53,2023-01-26 06:11:27,wire,normal
TX_001341,ACC_0122,ACC_0147,248.2,2023-09-13 00:45:24,online,normal
TX_001342,ACC_0042,ACC_0051,215.56,2023-11-05 15:51:16,online,normal
TX_001343,ACC_0017,ACC_0054,16.9,2023-06-16 22:34:09,online,normal
TX_001344,ACC_0046,ACC_0095,54.28,2023-05-24 02:51:52,online,normal
TX_001345,ACC_0118,ACC_0039,271.17,2023-11-04 10:56:41,online,normal
TX_001346,ACC_0079,ACC_0051,423.34,2023-10-03 07:06:29,online,normal
TX_001347,ACC_0036,ACC_0022,1453.71,2023-09-27 09:38:43,wire,normal
TX_001348,ACC_0026,ACC_0045,124.49,2023-11-18 19:06:32,online,normal
TX_001349,ACC_0111,ACC_0002,354.47,2023-07-27 13:46:59,online,normal
TX_001350,ACC_0064,ACC_0065,48.66,2023-07-29 23:56:13,online,normal
TX_001351,ACC_0001,ACC_0145,25.98,2023-09-19 19:45:57,online,normal
TX_001352,ACC_0042,ACC_0033,2303.65,2023-11-04 05:18:27,wire,normal
TX_001353,ACC_0008,ACC_0069,41.23,2023-04-07 20:01:38,online,normal
TX_001354,ACC_0111,ACC_0145,80.19,2023-08-02 08:29:39,online,normal
TX_001355,ACC_0134,ACC_0093,157.41,2023-06-22 06:10:37,online,normal
TX_001356,ACC_0145,ACC_0060,367.7,2023-02-25 07:27:42,branch,normal
TX_001357,ACC_0043,ACC_0082,40.23,2023-11-20 12:41:55,branch,normal
TX_001358,ACC_0100,ACC_0069,195.95,2023-04-21 10:57:19,online,normal
TX_001359,ACC_0043,ACC_0074,34.69,2023-05-14 21:00:21,online,normal
TX_001360,ACC_0063,ACC_0131,264.99,2023-11-04 14:42:38,online,normal
TX_001361,ACC_0097,ACC_0145,39.38,2023-05-19 00:53:45,branch,normal
TX_001362,ACC_0077,ACC_0085,84.82,2023-01-09 21:39:22,online,normal
TX_001363,ACC_0016,ACC_0021,438.64,2023-01-26 05:57:33,wire,normal
TX_001364,ACC_0053,ACC_0038,140.15,2023-11-24 08:08:51,branch,normal
TX_001365,ACC_0013,ACC_0086,733.6,2023-05-28 05:31:03,online,normal
TX_001366,ACC_0119,ACC_0070,329.87,2023-09-02 11:59:43,atm,normal
TX_001367,ACC_0077,ACC_0048,192.61,2023-07-02 14:10:39,branch,normal
TX_001368,ACC_0015,ACC_0068,237.58,2023-06-06 21:29:41,wire,normal
TX_001369,ACC_0073,ACC_0040,142.31,2023-08-12 00:24:10,branch,normal
TX_001370,ACC_0017,ACC_0025,70.73,2023-05-28 05:58:38,atm,normal
TX_001371,ACC_0067,ACC_0074,134.33,2023-08-17 23:44:44,branch,normal
TX_001372,ACC_0123,ACC_0139,35.95,2023-11-12 02:53:56,wire,normal
TX_001373,ACC_0130,ACC_0015,228.29,2023-07-15 12:23:25,branch,normal
TX_001374,ACC_0110,ACC_0065,1276.24,2023-10-30 11:59:38,online,normal
TX_001375,ACC_0024,ACC_0010,52.07,2023-07-04 09:25:51,branch,normal
TX_001376,ACC_0067,ACC_0102,40.71,2023-03-12 21:00:15,online,normal
TX_001377,ACC_0008,ACC_0012,155.2,2023-10-18 08:54:04,branch,normal
TX_001378,ACC_0035,ACC_0072,69.36,2023-11-02 13:17:20,branch,normal
TX_001379,ACC_0135,ACC_0137,613.92,2023-05-21 02:34:11,online,normal
TX_001380,ACC_0058,ACC_0127,4899.71,2023-10-20 04:22:08,online,normal
TX_001381,ACC_0085,ACC_0142,3124.75,2023-10-17 16:34:26,atm,normal
TX_001382,ACC_0047,ACC_0135,73.85,2023-01-05 02:22:51,online,normal
TX_001383,ACC_0110,ACC_0120,564.23,2023-05-28 03:15:01,online,normal
TX_001384,ACC_0042,ACC_0123,66.81,2023-02-26 11:08:38,online,normal
TX_001385,ACC_0027,ACC_0094,1352.7,2023-08-24 00:09:48,atm,normal
TX_001386,ACC_0012,ACC_0110,52.21,2023-06-01 10:03:07,branch,normal
TX_001387,ACC_0079,ACC_0145,106.43,2023-03-30 00:10:19,atm,normal
TX_001388,ACC_0111,ACC_0066,55.96,2023-11-27 20:10:02,online,normal
TX_001389,ACC_0088,ACC_0145,406.74,2023-07-12 11:02:41,online,normal
TX_001390,ACC_0037,ACC_0137,1738.75,2023-12-01 21:37:52,online,normal
TX_001391,ACC_0103,ACC_0128,348.97,2023-08-21 00:01:19,wire,normal
TX_001392,ACC_0139,ACC_0134,77.26,2023-02-14 15:26:18,wire,normal
TX_001393,ACC_0042,ACC_0061,832.76,2023-12-23 05:26:26,branch,normal
TX_001394,ACC_0146,ACC_0019,38.58,2023-11-18 14:09:00,online,normal
TX_001395,ACC_0103,ACC_0059,395.54,2023-07-29 04:57:55,online,normal
TX_001396,ACC_0126,ACC_0134,218.41,2023-02-08 10:04:29,online,normal
TX_001397,ACC_0053,ACC_0066,80.32,2023-04-01 00:37:31,branch,normal
TX_001398,ACC_0139,ACC_0046,41.71,2023-10-13 16:28:24,atm,normal
TX_001399,ACC_0106,ACC_0081,84.96,2023-02-04 13:31:41,atm,normal
TX_001400,ACC_0149,ACC_0143,610.7,2023-04-23 01:54:59,online,normal
TX_001401,ACC_0131,ACC_0090,12.67,2023-04-17 09:34:28,online,normal
TX_001402,ACC_0104,ACC_0051,113.56,2023-05-08 03:44:38,branch,normal
TX_001403,ACC_0049,ACC_0123,99.88,2023-06-23 23:58:47,atm,normal
TX_001404,ACC_0139,ACC_0087,120.98,2023-03-31 00:48:18,branch,normal
TX_001405,ACC_0065,ACC_0117,206.1,2023-12-30 04:38:00,online,normal
TX_001406,ACC_0087,ACC_0059,499.57,2023-11-07 07:07:14,online,normal
TX_001407,ACC_0029,ACC_0102,290.09,2023-07-21 09:53:55,wire,normal
TX_001408,ACC_0040,ACC_0068,39.96,2023-12-22 21:32:57,online,normal
TX_001409,ACC_0086,ACC_0112,91.8,2023-06-29 17:32:44,online,normal
TX_001410,ACC_0123,ACC_0025,56.14,2023-06-27 07:47:26,online,normal
TX_001411,ACC_0006,ACC_0108,181.93,2023-03-17 17:34:42,atm,normal
TX_001412,ACC_0045,ACC_0077,153.27,2023-06-10 15:34:20,wire,normal
TX_001413,ACC_0060,ACC_0093,761.19,2023-01-23 15:53:41,wire,normal
TX_001414,ACC_0054,ACC_0130,9036.2,2023-12-20 02:31:00,online,smurf
TX_001415,ACC_0132,ACC_0113,29.61,2023-01-16 00:17:46,online,normal
TX_001416,ACC_0088,ACC_0007,142.65,2023-11-27 11:33:24,wire,normal
TX_001417,ACC_0016,ACC_0094,218.31,2023-02-04 19:37:22,online,normal
TX_001418,ACC_0062,ACC_0054,32.32,2023-11-06 16:35:16,branch,normal
TX_001419,ACC_0041,ACC_0011,45.26,2023-08-02 06:24:41,wire,normal
TX_001420,ACC_0125,ACC_0081,32.58,2023-06-10 15:05:12,branch,normal
TX_001421,ACC_0131,ACC_0037,517.85,2023-04-30 18:06:23,online,normal
TX_001422,ACC_0069,ACC_0094,52.97,2023-10-12 18:34:51,wire,normal
TX_001423,ACC_0081,ACC_0123,453.25,2023-08-08 13:30:14,online,normal
TX_001424,ACC_0006,ACC_0149,42.16,2023-09-16 23:14:37,online,normal
TX_001425,ACC_0042,ACC_0109,88.95,2023-04-10 15:48:59,online,normal
TX_001426,ACC_0136,ACC_0101,102.83,2023-07-01 17:45:52,wire,normal
TX_001427,ACC_0100,ACC_0127,60.87,2023-09-15 06:04:12,online,normal
TX_001428,ACC_0081,ACC_0147,446.98,2023-07-11 14:03:17,online,normal
TX_001429,ACC_0062,ACC_0113,69.04,2023-03-27 23:39:43,online,normal
TX_001430,ACC_0039,ACC_0136,82.15,2023-08-01 18:28:21,branch,normal
TX_001431,ACC_0078,ACC_0106,81.51,2023-12-20 00:10:06,wire,normal
TX_001432,ACC_0087,ACC_0073,679.18,2023-04-18 13:47:57,online,normal
TX_001433,ACC_0122,ACC_0149,76.55,2023-05-23 17:14:56,online,normal
TX_001434,ACC_0128,ACC_0044,270.13,2023-11-03 02:25:19,online,normal
TX_001435,ACC_0007,ACC_0133,110.44,2023-07-10 01:58:12,atm,normal
TX_001436,ACC_0046,ACC_0149,365.04,2023-04-21 17:45:41,atm,normal
TX_001437,ACC_0139,ACC_0061,107.56,2023-01-18 03:34:54,online,normal
TX_001438,ACC_0001,ACC_0127,249.69,2023-10-17 10:05:53,wire,normal
TX_001439,ACC_0021,ACC_0026,20.45,2023-07-20 17:49:45,branch,normal
TX_001440,ACC_0106,ACC_0146,216.9,2023-07-29 05:17:16,wire,normal
TX_001441,ACC_0097,ACC_0051,1337.48,2023-06-11 10:06:19,online,normal
TX_001442,ACC_0021,ACC_0112,566.08,2023-04-04 09:43:52,online,normal
TX_001443,ACC_0111,ACC_0082,274.18,2023-11-17 15:02:35,online,normal
TX_001444,ACC_0101,ACC_0144,141.37,2023-06-03 06:32:13,online,normal
TX_001445,ACC_0065,ACC_0080,1515.75,2023-02-24 03:51:54,online,normal
TX_001446,ACC_0042,ACC_0064,4.84,2023-11-28 23:10:01,atm,normal
TX_001447,ACC_0048,ACC_0042,152.5,2023-01-09 10:34:13,atm,normal
TX_001448,ACC_0063,ACC_0091,117.08,2023-07-09 18:45:22,online,normal
TX_001449,ACC_0075,ACC_0010,426.98,2023-08-01 00:31:34,online,normal
TX_001450,ACC_0140,ACC_0018,140.71,2023-06-14 17:12:40,branch,normal
TX_001451,ACC_0139,ACC_0134,26.47,2023-12-15 14:25:21,online,normal
TX_001452,ACC_0107,ACC_0133,75.9,2023-10-22 07:16:06,online,normal
TX_001453,ACC_0121,ACC_0016,107.82,2023-06-07 00:06:46,online,normal
TX_001454,ACC_0035,ACC_0005,342.28,2023-05-28 05:18:56,online,normal
TX_001455,ACC_0007,ACC_0097,310.69,2023-03-23 20:15:12,online,normal
TX_001456,ACC_0106,ACC_0014,248.32,2023-10-03 16:26:26,wire,normal
TX_001457,ACC_0045,ACC_0082,307.57,2023-03-28 22:47:51,online,normal
TX_001458,ACC_0029,ACC_0010,81.74,2023-09-10 03:08:46,online,normal
TX_001459,ACC_0134,ACC_0108,277.12,2023-05-04 22:20:21,wire,normal
TX_001460,ACC_0069,ACC_0120,9.86,2023-02-08 20:47:25,branch,normal
TX_001461,ACC_0024,ACC_0060,307.67,2023-12-21 21:00:25,wire,normal
TX_001462,ACC_0045,ACC_0139,168.43,2023-06-27 22:42:20,wire,normal
TX_001463,ACC_0122,ACC_0054,109.64,2023-06-16 12:55:06,online,normal
TX_001464,ACC_0111,ACC_0071,71.36,2023-09-04 06:30:25,online,normal
TX_001465,ACC_0051,ACC_0072,165.81,2023-06-13 12:08:09,online,normal
TX_001466,ACC_0127,ACC_0098,39.56,2023-05-12 20:44:40,wire,normal
TX_001467,ACC_0028,ACC_0011,105.06,2023-10-24 13:38:50,online,normal
TX_001468,ACC_0037,ACC_0079,83.52,2023-03-26 01:16:31,online,normal
TX_001469,ACC_0078,ACC_0041,248.14,2023-10-17 09:19:07,branch,normal
TX_001470,ACC_0146,ACC_0100,17.62,2023-11-06 06:38:08,wire,normal
TX_001471,ACC_0149,ACC_0139,584.4,2023-11-12 23:36:55,branch,normal
TX_001472,ACC_0111,ACC_0128,266.34,2023-10-16 22:39:36,online,normal
TX_001473,ACC_0039,ACC_0013,211.41,2023-11-20 21:07:09,online,normal
TX_001474,ACC_0112,ACC_0096,168.24,2023-05-19 02:22:17,branch,normal
TX_001475,ACC_0007,ACC_0085,482.63,2023-09-11 20:10:37,online,normal
TX_001476,ACC_0033,ACC_0060,236.39,2023-08-13 10:30:38,branch,normal
TX_001477,ACC_0141,ACC_0138,145.92,2023-02-18 03:45:52,online,normal
TX_001478,ACC_0026,ACC_0130,8012.35,2023-05-18 17:35:55,online,smurf
TX_001479,ACC_0107,ACC_0096,115.5,2023-08-09 06:03:27,online,normal
TX_001480,ACC_0012,ACC_0130,412.95,2023-04-21 01:24:59,online,normal
TX_001481,ACC_0092,ACC_0061,208.87,2023-01-16 07:39:28,online,normal
TX_001482,ACC_0106,ACC_0139,14.34,2023-02-18 08:30:58,atm,normal
TX_001483,ACC_0107,ACC_0126,31.47,2023-08-20 06:09:59,branch,normal
TX_001484,ACC_0122,ACC_0096,270.24,2023-12-22 08:50:05,online,normal
TX_001485,ACC_0045,ACC_0035,45.91,2023-05-27 06:07:57,online,normal
TX_001486,ACC_0122,ACC_0030,121.31,2023-04-26 08:25:38,online,normal
TX_001487,ACC_0043,ACC_0091,57.81,2023-06-03 06:34:24,online,normal
TX_001488,ACC_0106,ACC_0086,89.25,2023-02-02 03:26:08,online,normal
TX_001489,ACC_0129,ACC_0096,91.7,2023-05-22 09:52:11,online,normal
TX_001490,ACC_0086,ACC_0108,476.37,2023-03-12 19:19:01,atm,normal
TX_001491,ACC_0106,ACC_0036,157.44,2023-11-10 23:00:38,branch,normal
TX_001492,ACC_0009,ACC_0030,10.03,2023-03-04 21:38:06,online,normal
TX_001493,ACC_0050,ACC_0076,526.3,2023-04-28 19:02:20,branch,normal
TX_001494,ACC_0090,ACC_0040,108.36,2023-10-21 23:23:12,online,normal
TX_001495,ACC_0087,ACC_0074,128.96,2023-06-28 17:34:10,atm,normal
TX_001496,ACC_0095,ACC_0125,188.36,2023-04-13 15:55:24,atm,normal
TX_001497,ACC_0049,ACC_0013,334.42,2023-11-29 15:14:14,atm,normal
TX_001498,ACC_0132,ACC_0139,33.88,2023-06-25 09:19:13,wire,normal
TX_001499,ACC_0027,ACC_0079,56.98,2023-04-20 23:24:05,online,normal
TX_001500,ACC_0115,ACC_0067,299.56,2023-09-13 19:42:27,wire,normal
TX_001501,ACC_0145,ACC_0073,555.12,2023-08-25 01:50:26,online,normal
TX_001502,ACC_0087,ACC_0053,49.08,2023-12-08 02:12:51,online,normal
TX_001503,ACC_0098,ACC_0110,69.75,2023-02-02 16:12:45,online,normal
TX_001504,ACC_0049,ACC_0017,135.73,2023-09-23 01:30:32,online,normal
TX_001505,ACC_0029,ACC_0102,99.39,2023-10-21 08:15:13,online,normal
TX_001506,ACC_0004,ACC_0122,950.3,2023-01-15 14:50:56,wire,normal
TX_001507,ACC_0077,ACC_0068,15.34,2023-06-17 04:45:27,online,normal
TX_001508,ACC_0126,ACC_0113,49.7,2023-07-06 01:01:52,online,normal
TX_001509,ACC_0013,ACC_0084,236.23,2023-09-20 17:18:13,online,normal
TX_001510,ACC_0080,ACC_0031,73.89,2023-05-30 06:54:47,online,normal
TX_001511,ACC_0125,ACC_0122,233.49,2023-07-24 10:28:23,atm,normal
TX_001512,ACC_0118,ACC_0079,92.55,2023-03-23 23:30:43,online,normal
TX_001513,ACC_0138,ACC_0029,320.25,2023-12-10 16:45:50,online,normal
TX_001514,ACC_0075,ACC_0022,338.34,2023-09-26 11:55:54,atm,normal
TX_001515,ACC_0031,ACC_0022,626.47,2023-06-29 07:45:53,branch,normal
TX_001516,ACC_0112,ACC_0018,391.94,2023-12-11 23:34:56,wire,normal
TX_001517,ACC_0008,ACC_0107,73.02,2023-08-08 15:22:57,branch,normal
TX_001518,ACC_0086,ACC_0106,44.45,2023-11-21 07:45:31,online,normal
TX_001519,ACC_0074,ACC_0068,302.9,2023-07-17 10:38:31,branch,normal
TX_001520,ACC_0024,ACC_0070,15.79,2023-07-07 03:43:42,online,normal
TX_001521,ACC_0055,ACC_0110,957.76,2023-11-15 02:48:13,branch,normal
TX_001522,ACC_0007,ACC_0110,254.42,2023-08-04 19:52:42,wire,normal
TX_001523,ACC_0093,ACC_0139,104.08,2023-07-12 04:29:02,wire,normal
TX_001524,ACC_0108,ACC_0126,404.75,2023-04-15 20:50:48,online,normal
TX_001525,ACC_0028,ACC_0136,342.67,2023-12-25 06:24:46,online,normal
TX_001526,ACC_0017,ACC_0112,288.58,2023-09-05 19:11:27,wire,normal
TX_001527,ACC_0104,ACC_0039,24.89,2023-10-16 23:05:59,online,normal
TX_001528,ACC_0024,ACC_0115,170.68,2023-07-13 13:43:46,wire,normal
TX_001529,ACC_0054,ACC_0133,169.31,2023-04-04 08:54:37,online,normal
TX_001530,ACC_0095,ACC_0084,1208.14,2023-08-23 01:47:29,atm,normal
TX_001531,ACC_0147,ACC_0145,12.61,2023-11-09 23:02:43,branch,normal
TX_001532,ACC_0099,ACC_0035,1556.26,2023-04-29 20:08:55,online,normal
TX_001533,ACC_0117,ACC_0138,19.1,2023-02-18 14:22:19,branch,normal
TX_001534,ACC_0056,ACC_0105,354.74,2023-05-10 09:49:16,wire,normal
TX_001535,ACC_0123,ACC_0121,89.18,2023-11-29 21:42:28,online,normal
TX_001536,ACC_0078,ACC_0033,101.36,2023-12-02 07:27:28,online,normal
TX_001537,ACC_0014,ACC_0102,523.96,2023-10-20 11:19:32,branch,normal
TX_001538,ACC_0121,ACC_0109,137.01,2023-10-02 03:53:51,online,normal
TX_001539,ACC_0094,ACC_0149,95.74,2023-10-07 23:21:27,online,normal
TX_001540,ACC_0073,ACC_0031,45.86,2023-03-15 20:50:31,branch,normal
TX_001541,ACC_0083,ACC_0080,27.57,2023-04-17 10:16:52,atm,normal
TX_001542,ACC_0115,ACC_0117,549.49,2023-10-18 23:49:47,branch,normal
TX_001543,ACC_0150,ACC_0026,378.05,2023-01-29 11:07:18,online,normal
TX_001544,ACC_0054,ACC_0032,89.5,2023-11-04 11:42:11,online,normal
TX_001545,ACC_0125,ACC_0060,138.81,2023-04-18 00:37:14,online,normal
TX_001546,ACC_0122,ACC_0024,300.73,2023-03-01 01:47:00,wire,normal
TX_001547,ACC_0150,ACC_0069,18.07,2023-01-12 08:35:16,branch,normal
TX_001548,ACC_0051,ACC_0011,588.83,2023-10-29 22:10:46,online,normal
TX_001549,ACC_0039,ACC_0046,157.03,2023-03-06 03:56:43,online,normal
TX_001550,ACC_0115,ACC_0090,41.66,2023-03-10 05:00:23,online,normal
TX_001551,ACC_0127,ACC_0135,769.44,2023-10-09 04:32:34,atm,normal
TX_001552,ACC_0115,ACC_0118,118.99,2023-10-30 17:54:36,online,normal
TX_001553,ACC_0088,ACC_0115,29.08,2023-04-05 01:53:27,wire,normal
TX_001554,ACC_0123,ACC_0053,313.86,2023-08-22 14:08:25,online,normal
TX_001555,ACC_0134,ACC_0024,126.42,2023-07-24 18:53:14,online,normal
TX_001556,ACC_0124,ACC_0049,314.25,2023-01-30 05:34:18,online,normal
TX_001557,ACC_0150,ACC_0045,75.76,2023-06-25 22:50:09,wire,normal
TX_001558,ACC_0028,ACC_0039,91.1,2023-05-27 02:06:58,online,normal
TX_001559,ACC_0017,ACC_0071,187.05,2023-01-09 15:12:18,wire,normal
TX_001560,ACC_0039,ACC_0026,638.95,2023-12-20 10:44:17,wire,normal
TX_001561,ACC_0118,ACC_0125,58.75,2023-09-08 18:07:09,atm,normal
TX_001562,ACC_0074,ACC_0081,136.18,2023-08-28 16:16:23,online,normal
TX_001563,ACC_0106,ACC_0143,108.14,2023-05-03 14:14:39,wire,normal
TX_001564,ACC_0084,ACC_0105,512.36,2023-05-15 17:34:02,branch,normal
TX_001565,ACC_0118,ACC_0055,51.36,2023-10-20 11:39:38,wire,normal
TX_001566,ACC_0137,ACC_0140,1289.19,2023-11-16 19:34:44,online,normal
TX_001567,ACC_0100,ACC_0029,330.57,2023-03-15 13:06:19,atm,normal
TX_001568,ACC_0128,ACC_0119,52.89,2023-03-12 18:02:20,online,normal
TX_001569,ACC_0112,ACC_0069,253.46,2023-09-06 06:18:54,branch,normal
TX_001570,ACC_0072,ACC_0054,8.69,2023-06-15 16:25:55,branch,normal
TX_001571,ACC_0146,ACC_0106,108.99,2023-04-20 20:15:48,online,normal
TX_001572,ACC_0037,ACC_0148,85.34,2023-02-21 09:34:29,branch,normal
TX_001573,ACC_0045,ACC_0130,90.06,2023-09-08 21:02:22,online,normal
TX_001574,ACC_0033,ACC_0034,7.46,2023-12-11 02:38:50,online,normal
TX_001575,ACC_0113,ACC_0076,188.28,2023-06-13 11:38:42,wire,normal
TX_001576,ACC_0069,ACC_0028,52.5,2023-09-14 03:51:41,online,normal
TX_001577,ACC_0050,ACC_0132,333.97,2023-11-03 21:48:15,wire,normal
TX_001578,ACC_0059,ACC_0028,48.91,2023-02-21 21:03:01,online,normal
TX_001579,ACC_0055,ACC_0149,152.06,2023-08-29 08:02:37,online,normal
TX_001580,ACC_0140,ACC_0144,129.61,2023-09-28 00:18:53,branch,normal
TX_001581,ACC_0057,ACC_0110,180.96,2023-03-01 11:25:49,branch,normal
TX_001582,ACC_0078,ACC_0124,189.06,2023-02-22 05:26:07,online,normal
TX_001583,ACC_0071,ACC_0086,503.21,2023-10-02 05:46:03,online,normal
TX_001584,ACC_0128,ACC_0084,86.32,2023-11-22 21:56:17,wire,normal
TX_001585,ACC_0118,ACC_0147,134.08,2023-09-08 21:58:15,online,normal
TX_001586,ACC_0117,ACC_0134,15.24,2023-05-04 16:38:06,online,normal
TX_001587,ACC_0006,ACC_0121,16.91,2023-04-16 23:50:12,branch,normal
TX_001588,ACC_0124,ACC_0106,84.48,2023-01-08 23:14:43,wire,normal
TX_001589,ACC_0106,ACC_0146,94.96,2023-05-10 03:52:22,online,normal
TX_001590,ACC_0010,ACC_0061,574.98,2023-06-23 02:00:24,online,normal
TX_001591,ACC_0136,ACC_0102,113.16,2023-10-31 01:29:26,atm,normal
TX_001592,ACC_0029,ACC_0067,49.21,2023-03-21 08:43:40,branch,normal
TX_001593,ACC_0137,ACC_0105,291.4,2023-06-03 01:17:49,online,normal
TX_001594,ACC_0101,ACC_0006,194.65,2023-08-19 05:23:01,online,normal
TX_001595,ACC_0001,ACC_0038,4.56,2023-08-16 22:41:29,online,normal
TX_001596,ACC_0052,ACC_0072,20.1,2023-01-19 01:31:03,online,normal
TX_001597,ACC_0095,ACC_0101,239.47,2023-05-15 17:41:21,branch,normal
TX_001598,ACC_0057,ACC_0030,189.2,2023-03-07 04:58:05,branch,normal
TX_001599,ACC_0033,ACC_0040,53.35,2023-04-15 19:36:38,online,normal
TX_001600,ACC_0039,ACC_0121,114.02,2023-05-19 04:52:03,atm,normal
TX_001601,ACC_0024,ACC_0095,1521.63,2023-07-29 15:20:52,branch,normal
TX_001602,ACC_0106,ACC_0138,644.92,2023-03-16 11:27:14,online,normal
TX_001603,ACC_0014,ACC_0053,418.68,2023-08-04 10:26:14,online,normal
TX_001604,ACC_0080,ACC_0008,134.04,2023-12-22 04:06:31,atm,normal
TX_001605,ACC_0127,ACC_0055,241.73,2023-07-11 08:31:54,online,normal
TX_001606,ACC_0106,ACC_0013,1502.12,2023-10-02 00:31:04,wire,normal
TX_001607,ACC_0087,ACC_0047,73.6,2023-10-04 17:22:42,online,normal
TX_001608,ACC_0084,ACC_0060,190.95,2023-10-09 20:12:33,online,normal
TX_001609,ACC_0005,ACC_0086,106.43,2023-10-05 16:30:48,online,normal
TX_001610,ACC_0133,ACC_0030,603.23,2023-08-15 20:37:19,branch,normal
TX_001611,ACC_0112,ACC_0027,84.48,2023-06-14 17:53:12,atm,normal
TX_001612,ACC_0046,ACC_0122,30.93,2023-11-17 02:50:27,online,normal
TX_001613,ACC_0014,ACC_0121,128.36,2023-09-16 16:31:44,online,normal
TX_001614,ACC_0103,ACC_0070,62.28,2023-04-11 15:12:20,atm,normal
TX_001615,ACC_0057,ACC_0093,362.75,2023-09-21 05:05:43,online,normal
TX_001616,ACC_0122,ACC_0017,572.97,2023-05-19 14:27:26,wire,normal
TX_001617,ACC_0081,ACC_0149,282.51,2023-10-23 10:39:07,online,normal
TX_001618,ACC_0028,ACC_0095,282.21,2023-09-14 22:07:24,atm,normal
TX_001619,ACC_0031,ACC_0074,236.79,2023-04-08 02:37:44,branch,normal
TX_001620,ACC_0146,ACC_0049,44.98,2023-04-15 00:35:03,online,normal
TX_001621,ACC_0101,ACC_0012,289.6,2023-09-23 19:37:17,wire,normal
TX_001622,ACC_0063,ACC_0093,2817.02,2023-08-26 11:34:22,online,normal
TX_001623,ACC_0124,ACC_0038,116.65,2023-04-17 17:22:08,online,normal
TX_001624,ACC_0064,ACC_0118,203.92,2023-04-29 14:53:18,branch,normal
TX_001625,ACC_0022,ACC_0083,417.23,2023-01-14 17:35:57,online,normal
TX_001626,ACC_0018,ACC_0048,282.64,2023-06-09 00:36:55,online,normal
TX_001627,ACC_0038,ACC_0087,325.47,2023-10-30 13:07:11,online,normal
TX_001628,ACC_0038,ACC_0084,224.93,2023-05-12 11:38:57,online,normal
TX_001629,ACC_0006,ACC_0137,56.34,2023-05-13 09:25:13,atm,normal
TX_001630,ACC_0005,ACC_0014,3039.67,2023-10-30 13:24:18,online,normal
TX_001631,ACC_0110,ACC_0058,318.3,2023-03-13 20:31:29,online,normal
TX_001632,ACC_0021,ACC_0064,246.38,2023-04-23 13:27:30,online,normal
TX_001633,ACC_0127,ACC_0105,117.39,2023-01-11 08:45:18,online,normal
TX_001634,ACC_0123,ACC_0082,325.63,2023-09-01 21:43:24,branch,normal
TX_001635,ACC_0009,ACC_0121,139.48,2023-04-13 16:03:55,online,normal
TX_001636,ACC_0044,ACC_0002,502.26,2023-08-05 09:09:56,online,normal
TX_001637,ACC_0019,ACC_0034,237.1,2023-09-26 09:40:37,branch,normal
TX_001638,ACC_0086,ACC_0045,8.75,2023-03-12 03:26:46,atm,normal
TX_001639,ACC_0058,ACC_0079,1045.3,2023-01-11 17:00:32,branch,normal
TX_001640,ACC_0049,ACC_0032,29.04,2023-10-12 06:08:19,branch,normal
TX_001641,ACC_0147,ACC_0121,74.14,2023-07-12 08:05:30,online,normal
TX_001642,ACC_0127,ACC_0113,79.46,2023-07-26 14:50:06,online,normal
TX_001643,ACC_0110,ACC_0019,326.73,2023-06-13 10:05:48,online,normal
TX_001644,ACC_0103,ACC_0031,173.37,2023-10-17 01:39:23,online,normal
TX_001645,ACC_0013,ACC_0141,1038.9,2023-02-01 18:19:07,online,normal
TX_001646,ACC_0023,ACC_0027,57.29,2023-03-21 04:16:43,branch,normal
TX_001647,ACC_0104,ACC_0122,71.0,2023-10-30 14:48:27,online,normal
TX_001648,ACC_0102,ACC_0078,397.49,2023-06-27 03:39:31,online,normal
TX_001649,ACC_0070,ACC_0005,165.15,2023-05-03 22:16:01,atm,normal
TX_001650,ACC_0081,ACC_0070,99.19,2023-09-06 09:11:03,wire,normal
TX_001651,ACC_0065,ACC_0078,310.5,2023-01-16 09:09:28,atm,normal
TX_001652,ACC_0041,ACC_0034,1646.96,2023-10-30 10:54:38,wire,normal
TX_001653,ACC_0123,ACC_0136,799.7,2023-12-18 03:05:01,wire,normal
TX_001654,ACC_0097,ACC_0140,2676.18,2023-10-12 19:22:03,online,normal
TX_001655,ACC_0066,ACC_0115,87.77,2023-09-13 05:08:07,online,normal
TX_001656,ACC_0108,ACC_0095,247.4,2023-02-13 23:01:09,branch,normal
TX_001657,ACC_0067,ACC_0118,630.93,2023-11-25 03:56:28,atm,normal
TX_001658,ACC_0055,ACC_0072,426.17,2023-02-16 09:27:18,branch,normal
TX_001659,ACC_0142,ACC_0022,8.04,2023-11-19 12:18:40,online,normal
TX_001660,ACC_0132,ACC_0114,320.55,2023-01-02 07:07:40,atm,normal
TX_001661,ACC_0011,ACC_0109,379.13,2023-03-01 02:05:17,atm,normal
TX_001662,ACC_0058,ACC_0021,91.1,2023-01-03 15:48:30,wire,normal
TX_001663,ACC_0122,ACC_0017,11.61,2023-08-29 06:56:18,online,normal
TX_001664,ACC_0123,ACC_0137,277.26,2023-12-14 17:36:14,wire,normal
TX_001665,ACC_0018,ACC_0121,80.22,2023-01-09 22:24:33,branch,normal
TX_001666,ACC_0065,ACC_0079,156.78,2023-11-01 10:08:34,online,normal
TX_001667,ACC_0117,ACC_0016,162.51,2023-04-10 16:42:07,wire,normal
TX_001668,ACC_0043,ACC_0017,18.67,2023-09-26 22:06:46,online,normal
TX_001669,ACC_0030,ACC_0026,4.49,2023-08-31 06:47:45,online,normal
TX_001670,ACC_0130,ACC_0063,3474.08,2023-08-25 20:24:39,wire,smurf
TX_001671,ACC_0015,ACC_0053,170.99,2023-11-25 00:59:34,branch,normal
TX_001672,ACC_0047,ACC_0143,161.0,2023-05-24 04:12:46,online,normal
TX_001673,ACC_0106,ACC_0035,330.67,2023-11-18 08:40:13,atm,normal
TX_001674,ACC_0019,ACC_0105,219.61,2023-03-30 17:30:05,online,normal
TX_001675,ACC_0095,ACC_0092,263.79,2023-10-14 05:34:00,online,normal
TX_001676,ACC_0012,ACC_0030,440.28,2023-02-05 23:51:09,wire,normal
TX_001677,ACC_0021,ACC_0058,169.72,2023-03-30 05:04:11,online,normal
TX_001678,ACC_0022,ACC_0097,15.2,2023-12-20 10:19:32,branch,normal
TX_001679,ACC_0022,ACC_0069,153.86,2023-12-19 10:18:20,online,normal
TX_001680,ACC_0084,ACC_0061,122.41,2023-03-06 19:20:45,online,normal
TX_001681,ACC_0138,ACC_0014,78.75,2023-07-19 07:21:42,online,normal
TX_001682,ACC_0017,ACC_0019,356.79,2023-08-22 00:04:58,online,normal
TX_001683,ACC_0032,ACC_0141,15.1,2023-09-20 12:59:10,wire,normal
TX_001684,ACC_0038,ACC_0134,18.48,2023-03-31 18:37:04,online,normal
TX_001685,ACC_0098,ACC_0028,3625.76,2023-04-15 08:17:00,atm,normal
TX_001686,ACC_0026,ACC_0029,137.15,2023-02-27 14:52:59,wire,normal
TX_001687,ACC_0055,ACC_0008,20.44,2023-06-23 20:39:55,wire,normal
TX_001688,ACC_0004,ACC_0108,67.49,2023-10-11 19:29:09,online,normal
TX_001689,ACC_0041,ACC_0143,308.07,2023-12-03 17:43:38,online,normal
TX_001690,ACC_0060,ACC_0097,249.77,2023-10-01 18:30:36,branch,normal
TX_001691,ACC_0054,ACC_0026,35.02,2023-03-28 18:20:53,atm,normal
TX_001692,ACC_0099,ACC_0096,156.91,2023-08-15 10:30:34,online,normal
TX_001693,ACC_0017,ACC_0146,745.4,2023-10-27 17:06:21,atm,normal
TX_001694,ACC_0088,ACC_0057,42.47,2023-05-04 17:41:44,online,normal
TX_001695,ACC_0115,ACC_0149,131.6,2023-04-21 18:58:09,online,normal
TX_001696,ACC_0024,ACC_0119,315.3,2023-05-23 03:58:28,online,normal
TX_001697,ACC_0061,ACC_0053,41.76,2023-06-14 20:25:24,online,normal
TX_001698,ACC_0094,ACC_0065,33.38,2023-02-09 14:37:13,online,normal
TX_001699,ACC_0049,ACC_0047,259.75,2023-06-02 00:30:10,online,normal
TX_001700,ACC_0115,ACC_0121,68.61,2023-07-09 03:07:13,online,normal
TX_001701,ACC_0071,ACC_0131,361.96,2023-03-25 13:38:00,branch,normal
TX_001702,ACC_0114,ACC_0020,30.47,2023-07-23 14:01:26,online,normal
TX_001703,ACC_0138,ACC_0044,233.96,2023-08-16 02:35:07,branch,normal
TX_001704,ACC_0028,ACC_0080,108.22,2023-02-25 12:22:31,wire,normal
TX_001705,ACC_0027,ACC_0093,179.37,2023-03-02 23:10:22,branch,normal
TX_001706,ACC_0121,ACC_0089,164.25,2023-03-20 06:01:40,online,normal
TX_001707,ACC_0060,ACC_0121,111.89,2023-11-14 19:00:13,online,normal
TX_001708,ACC_0109,ACC_0051,647.59,2023-10-28 02:21:40,online,normal
TX_001709,ACC_0005,ACC_0016,81.82,2023-07-18 03:06:07,online,normal
TX_001710,ACC_0006,ACC_0130,81.26,2023-12-22 19:32:42,atm,normal
TX_001711,ACC_0046,ACC_0022,111.85,2023-02-20 13:12:34,atm,normal
TX_001712,ACC_0103,ACC_0105,762.91,2023-05-15 11:17:54,wire,normal
TX_001713,ACC_0029,ACC_0022,493.35,2023-05-17 07:18:40,online,normal
TX_001714,ACC_0106,ACC_0032,231.42,2023-03-21 20:53:06,online,normal
TX_001715,ACC_0104,ACC_0135,429.15,2023-09-30 22:01:30,atm,normal
TX_001716,ACC_0073,ACC_0010,86.47,2023-03-05 06:19:52,branch,normal
TX_001717,ACC_0103,ACC_0041,420.82,2023-07-08 21:28:02,online,normal
TX_001718,ACC_0081,ACC_0032,196.16,2023-09-03 12:15:58,online,normal
TX_001719,ACC_0001,ACC_0150,173.31,2023-05-12 22:45:47,wire,normal
TX_001720,ACC_0069,ACC_0129,40.36,2023-03-10 20:35:33,branch,normal
TX_001721,ACC_0006,ACC_0094,957.59,2023-02-23 17:03:13,online,normal
TX_001722,ACC_0136,ACC_0135,749.45,2023-03-16 13:57:12,atm,normal
TX_001723,ACC_0100,ACC_0077,175.25,2023-04-01 17:36:19,branch,normal
TX_001724,ACC_0023,ACC_0092,419.21,2023-06-07 23:33:17,online,normal
TX_001725,ACC_0120,ACC_0107,108.97,2023-07-04 11:52:23,atm,normal
TX_001726,ACC_0122,ACC_0021,121.04,2023-02-26 07:53:35,online,normal
TX_001727,ACC_0100,ACC_0077,115.94,2023-09-19 00:23:03,branch,normal
TX_001728,ACC_0106,ACC_0007,56.22,2023-06-01 10:48:05,online,normal
TX_001729,ACC_0067,ACC_0013,1390.01,2023-11-30 07:41:44,atm,normal
TX_001730,ACC_0076,ACC_0009,272.62,2023-07-31 10:48:01,atm,normal
TX_001731,ACC_0114,ACC_0022,216.6,2023-06-06 06:47:53,branch,normal
TX_001732,ACC_0006,ACC_0027,253.19,2023-12-12 08:47:19,branch,normal
TX_001733,ACC_0044,ACC_0110,707.07,2023-08-08 15:18:26,branch,normal
TX_001734,ACC_0038,ACC_0140,139.23,2023-08-15 12:34:41,online,normal
TX_001735,ACC_0138,ACC_0004,432.1,2023-07-01 20:26:15,online,normal
TX_001736,ACC_0125,ACC_0073,173.61,2023-01-13 07:10:24,branch,normal
TX_001737,ACC_0075,ACC_0079,117.11,2023-06-10 19:30:49,wire,normal
TX_001738,ACC_0064,ACC_0021,74.21,2023-01-01 06:56:04,online,normal
TX_001739,ACC_0150,ACC_0032,174.21,2023-09-02 16:54:21,atm,normal
TX_001740,ACC_0063,ACC_0130,9848.92,2023-02-10 17:36:50,online,smurf
TX_001741,ACC_0113,ACC_0051,71.57,2023-12-23 12:38:14,atm,normal
TX_001742,ACC_0080,ACC_0100,38.89,2023-08-17 06:30:14,branch,normal
TX_001743,ACC_0025,ACC_0030,362.09,2023-02-08 12:59:42,wire,normal
TX_001744,ACC_0072,ACC_0032,23.12,2023-03-22 07:42:09,online,normal
TX_001745,ACC_0101,ACC_0084,175.32,2023-08-15 06:27:46,wire,normal
TX_001746,ACC_0050,ACC_0012,107.56,2023-12-04 17:30:00,wire,normal
TX_001747,ACC_0102,ACC_0075,520.65,2023-01-04 14:22:13,online,normal
TX_001748,ACC_0110,ACC_0034,25.34,2023-06-13 16:07:52,online,normal
TX_001749,ACC_0016,ACC_0144,298.33,2023-09-21 20:29:21,wire,normal
TX_001750,ACC_0020,ACC_0082,143.17,2023-12-15 17:54:40,online,normal
TX_001751,ACC_0147,ACC_0103,854.62,2023-08-10 14:00:27,atm,normal
TX_001752,ACC_0057,ACC_0127,39.5,2023-07-23 02:00:00,branch,normal
TX_001753,ACC_0049,ACC_0081,259.16,2023-05-31 22:43:56,branch,normal
TX_001754,ACC_0146,ACC_0126,88.57,2023-12-03 20:10:35,branch,normal
TX_001755,ACC_0063,ACC_0054,209.98,2023-02-21 00:40:52,online,normal
TX_001756,ACC_0034,ACC_0085,60.63,2023-03-11 01:27:17,online,normal
TX_001757,ACC_0034,ACC_0110,1663.1,2023-09-30 19:17:36,wire,normal
TX_001758,ACC_0093,ACC_0094,83.02,2023-08-11 16:50:13,online,normal
TX_001759,ACC_0066,ACC_0131,100.89,2023-11-17 22:13:34,online,normal
TX_001760,ACC_0121,ACC_0088,68.15,2023-05-10 21:15:25,branch,normal
TX_001761,ACC_0104,ACC_0114,28.22,2023-10-07 20:09:46,online,normal
TX_001762,ACC_0126,ACC_0145,22.53,2023-02-15 07:30:32,branch,normal
TX_001763,ACC_0116,ACC_0080,59.49,2023-02-12 14:00:52,online,normal
TX_001764,ACC_0092,ACC_0139,205.95,2023-02-12 14:10:15,branch,normal
TX_001765,ACC_0101,ACC_0149,63.83,2023-10-06 14:21:04,online,normal
TX_001766,ACC_0109,ACC_0027,515.96,2023-08-01 02:42:06,online,normal
TX_001767,ACC_0057,ACC_0106,54.62,2023-01-09 15:28:00,online,normal
TX_001768,ACC_0068,ACC_0015,93.57,2023-11-17 06:07:19,online,normal
TX_001769,ACC_0143,ACC_0044,33.83,2023-07-27 08:09:19,online,normal
TX_001770,ACC_0067,ACC_0074,124.84,2023-05-08 18:18:05,online,normal
TX_001771,ACC_0049,ACC_0039,214.71,2023-01-09 18:11:52,online,normal
TX_001772,ACC_0091,ACC_0105,66.08,2023-08-10 01:45:56,branch,normal
TX_001773,ACC_0094,ACC_0115,141.82,2023-07-22 16:20:17,wire,normal
TX_001774,ACC_0101,ACC_0117,2778.89,2023-07-17 18:40:52,online,normal
TX_001775,ACC_0145,ACC_0108,94.51,2023-01-13 15:35:51,branch,normal
TX_001776,ACC_0052,ACC_0103,333.57,2023-01-06 04:20:48,online,normal
TX_001777,ACC_0037,ACC_0029,168.76,2023-08-27 04:56:17,online,normal
TX_001778,ACC_0079,ACC_0042,16.07,2023-12-06 11:11:45,branch,normal
TX_001779,ACC_0117,ACC_0081,83.25,2023-06-23 01:29:46,wire,normal
TX_001780,ACC_0098,ACC_0088,156.92,2023-11-04 10:03:54,wire,normal
TX_001781,ACC_0069,ACC_0121,121.11,2023-01-22 06:55:47,branch,normal
TX_001782,ACC_0128,ACC_0037,1258.71,2023-08-27 04:01:16,online,normal
TX_001783,ACC_0005,ACC_0110,215.49,2023-07-28 02:40:28,online,normal
TX_001784,ACC_0042,ACC_0009,168.8,2023-03-10 07:37:54,online,normal
TX_001785,ACC_0001,ACC_0039,1989.66,2023-12-01 21:54:34,online,normal
TX_001786,ACC_0034,ACC_0121,465.95,2023-08-17 22:47:41,online,normal
TX_001787,ACC_0046,ACC_0083,822.87,2023-04-04 13:15:44,online,normal
TX_001788,ACC_0038,ACC_0141,30.79,2023-10-19 17:58:30,online,normal
TX_001789,ACC_0143,ACC_0134,479.05,2023-04-12 13:23:43,online,normal
TX_001790,ACC_0147,ACC_0007,133.81,2023-11-04 23:58:14,atm,normal
TX_001791,ACC_0116,ACC_0123,257.53,2023-10-25 13:23:24,online,normal
TX_001792,ACC_0059,ACC_0083,229.46,2023-06-15 02:53:00,atm,normal
TX_001793,ACC_0057,ACC_0118,28.83,2023-09-18 02:50:35,branch,normal
TX_001794,ACC_0083,ACC_0047,3125.21,2023-12-30 05:35:41,online,normal
TX_001795,ACC_0014,ACC_0149,238.34,2023-12-01 19:10:28,wire,normal
TX_001796,ACC_0016,ACC_0140,79.34,2023-06-26 08:22:26,branch,normal
TX_001797,ACC_0029,ACC_0059,20.59,2023-03-23 02:02:45,online,normal
TX_001798,ACC_0046,ACC_0026,67.88,2023-01-31 02:36:21,online,normal
TX_001799,ACC_0036,ACC_0025,26.32,2023-06-04 15:06:54,branch,normal
TX_001800,ACC_0069,ACC_0045,58.61,2023-07-02 07:32:19,online,normal
TX_001801,ACC_0149,ACC_0011,62.34,2023-01-03 16:37:24,online,normal
TX_001802,ACC_0018,ACC_0093,11.65,2023-12-17 11:48:28,online,normal
TX_001803,ACC_0024,ACC_0088,22.64,2023-08-22 20:53:37,online,normal
TX_001804,ACC_0022,ACC_0068,94.44,2023-01-22 02:43:36,wire,normal
TX_001805,ACC_0115,ACC_0130,47.94,2023-11-04 14:04:42,wire,normal
TX_001806,ACC_0077,ACC_0076,19.22,2023-10-11 20:15:26,online,normal
TX_001807,ACC_0059,ACC_0116,163.83,2023-07-19 15:24:04,online,normal
TX_001808,ACC_0001,ACC_0063,530.87,2023-01-12 19:46:21,wire,normal
TX_001809,ACC_0114,ACC_0123,66.54,2023-06-26 14:18:51,branch,normal
TX_001810,ACC_0055,ACC_0144,295.43,2023-05-05 00:20:12,wire,normal
TX_001811,ACC_0080,ACC_0103,184.85,2023-09-28 20:20:57,branch,normal
TX_001812,ACC_0062,ACC_0111,170.28,2023-06-17 03:46:35,wire,normal
TX_001813,ACC_0023,ACC_0080,200.83,2023-02-02 18:28:56,online,normal
TX_001814,ACC_0070,ACC_0148,45.05,2023-12-12 18:55:16,online,normal
TX_001815,ACC_0076,ACC_0012,48.19,2023-01-22 17:19:44,wire,normal
TX_001816,ACC_0028,ACC_0004,36.16,2023-01-25 21:58:42,branch,normal
TX_001817,ACC_0144,ACC_0016,311.59,2023-10-12 00:39:10,online,normal
TX_001818,ACC_0147,ACC_0012,57.06,2023-04-13 23:39:37,branch,normal
TX_001819,ACC_0011,ACC_0081,61.18,2023-10-07 05:32:17,online,normal
TX_001820,ACC_0014,ACC_0093,201.97,2023-07-16 06:24:47,online,normal
TX_001821,ACC_0027,ACC_0035,39.17,2023-05-26 19:06:10,branch,normal
TX_001822,ACC_0140,ACC_0085,71.64,2023-01-21 14:49:24,atm,normal
TX_001823,ACC_0055,ACC_0120,161.06,2023-11-07 13:41:10,online,normal
TX_001824,ACC_0128,ACC_0104,136.48,2023-02-15 09:11:46,online,normal
TX_001825,ACC_0001,ACC_0060,1196.37,2023-08-05 03:32:50,atm,normal
TX_001826,ACC_0005,ACC_0134,848.66,2023-11-14 11:08:41,branch,normal
TX_001827,ACC_0098,ACC_0058,569.83,2023-01-01 06:03:40,online,normal
TX_001828,ACC_0001,ACC_0043,93.34,2023-01-31 16:35:06,online,normal
TX_001829,ACC_0026,ACC_0099,212.6,2023-08-06 10:33:00,atm,normal
TX_001830,ACC_0094,ACC_0095,291.8,2023-12-22 01:11:09,online,normal
TX_001831,ACC_0049,ACC_0079,393.35,2023-11-20 14:28:24,online,normal
TX_001832,ACC_0119,ACC_0122,56.33,2023-06-06 02:06:29,online,normal
TX_001833,ACC_0014,ACC_0056,239.91,2023-06-15 05:54:52,wire,normal
TX_001834,ACC_0086,ACC_0054,88.33,2023-08-27 20:06:10,online,normal
TX_001835,ACC_0129,ACC_0042,585.25,2023-07-17 22:53:50,online,normal
TX_001836,ACC_0119,ACC_0052,45.97,2023-12-18 21:20:17,wire,normal
TX_001837,ACC_0047,ACC_0148,1233.52,2023-10-09 00:27:19,online,normal
TX_001838,ACC_0037,ACC_0020,177.51,2023-01-14 10:45:11,online,normal
TX_001839,ACC_0023,ACC_0059,123.02,2023-03-05 06:30:16,online,normal
TX_001840,ACC_0065,ACC_0067,80.62,2023-01-08 20:33:20,branch,normal
TX_001841,ACC_0047,ACC_0086,94.92,2023-01-10 05:21:19,branch,normal
TX_001842,ACC_0130,ACC_0095,732.55,2023-12-20 14:52:02,atm,normal
TX_001843,ACC_0125,ACC_0050,19.7,2023-01-22 00:54:48,online,normal
TX_001844,ACC_0138,ACC_0047,121.7,2023-11-17 16:39:27,online,normal
TX_001845,ACC_0015,ACC_0082,362.92,2023-01-08 23:01:15,online,normal
TX_001846,ACC_0095,ACC_0132,56.01,2023-08-29 23:26:20,atm,normal
TX_001847,ACC_0013,ACC_0016,66.6,2023-01-26 08:11:35,branch,normal
TX_001848,ACC_0092,ACC_0017,214.8,2023-07-26 07:01:20,online,normal
TX_001849,ACC_0032,ACC_0010,109.31,2023-01-29 03:49:45,online,normal
TX_001850,ACC_0067,ACC_0041,504.64,2023-12-28 10:36:24,online,normal
TX_001851,ACC_0124,ACC_0144,114.05,2023-05-01 17:57:18,online,normal
TX_001852,ACC_0148,ACC_0105,398.01,2023-07-18 01:08:05,online,normal
TX_001853,ACC_0043,ACC_0105,239.27,2023-03-12 22:35:35,branch,normal
TX_001854,ACC_0107,ACC_0049,31.01,2023-09-18 20:12:10,wire,normal
TX_001855,ACC_0121,ACC_0059,1251.18,2023-01-17 03:39:42,online,normal
TX_001856,ACC_0086,ACC_0019,174.56,2023-07-13 19:42:59,atm,normal
TX_001857,ACC_0025,ACC_0079,226.3,2023-05-02 14:22:55,wire,normal
TX_001858,ACC_0012,ACC_0120,9.94,2023-03-07 03:09:53,wire,normal
TX_001859,ACC_0048,ACC_0087,219.01,2023-12-19 07:57:19,wire,normal
TX_001860,ACC_0025,ACC_0115,227.74,2023-02-12 23:37:15,online,normal
TX_001861,ACC_0070,ACC_0110,706.94,2023-04-06 23:04:34,wire,normal
TX_001862,ACC_0058,ACC_0072,48.24,2023-02-24 07:36:06,online,normal
TX_001863,ACC_0028,ACC_0036,385.26,2023-04-22 11:44:37,online,normal
TX_001864,ACC_0029,ACC_0122,106.63,2023-10-18 06:52:25,branch,normal
TX_001865,ACC_0133,ACC_0015,1803.67,2023-07-29 11:44:16,online,normal
TX_001866,ACC_0062,ACC_0124,735.68,2023-03-25 21:03:59,online,normal
TX_001867,ACC_0034,ACC_0082,289.3,2023-12-17 02:21:04,online,normal
TX_001868,ACC_0063,ACC_0130,9018.83,2023-02-20 19:49:05,online,smurf
TX_001869,ACC_0013,ACC_0071,73.15,2023-09-08 14:50:02,branch,normal
TX_001870,ACC_0020,ACC_0132,39.03,2023-04-20 17:28:17,branch,normal
TX_001871,ACC_0057,ACC_0144,182.67,2023-12-27 12:37:37,wire,normal
TX_001872,ACC_0072,ACC_0107,64.19,2023-12-17 17:26:35,branch,normal
TX_001873,ACC_0014,ACC_0050,128.42,2023-03-08 22:41:16,online,normal
TX_001874,ACC_0027,ACC_0028,705.85,2023-07-12 07:31:33,online,normal
TX_001875,ACC_0029,ACC_0143,20.35,2023-02-14 04:00:15,online,normal
TX_001876,ACC_0141,ACC_0033,164.19,2023-01-27 02:56:09,online,normal
TX_001877,ACC_0101,ACC_0097,93.43,2023-06-11 21:49:55,wire,normal
TX_001878,ACC_0069,ACC_0081,117.44,2023-12-08 03:45:25,online,normal
TX_001879,ACC_0091,ACC_0033,174.05,2023-09-10 19:30:50,branch,normal
TX_001880,ACC_0065,ACC_0076,29.91,2023-07-08 14:07:29,branch,normal
TX_001881,ACC_0089,ACC_0061,111.1,2023-04-15 12:01:42,online,normal
TX_001882,ACC_0047,ACC_0048,274.88,2023-09-02 12:00:04,atm,normal
TX_001883,ACC_0082,ACC_0142,73.0,2023-10-11 00:15:45,wire,normal
TX_001884,ACC_0121,ACC_0055,61.4,2023-08-15 00:35:27,branch,normal
TX_001885,ACC_0009,ACC_0134,35.37,2023-02-27 16:15:38,online,normal
TX_001886,ACC_0145,ACC_0089,139.76,2023-07-06 09:21:00,online,normal
TX_001887,ACC_0050,ACC_0058,298.08,2023-03-18 13:06:51,online,normal
TX_001888,ACC_0112,ACC_0045,478.65,2023-06-06 11:57:04,branch,normal
TX_001889,ACC_0069,ACC_0009,41.67,2023-05-09 20:15:15,wire,normal
TX_001890,ACC_0148,ACC_0086,101.78,2023-06-22 04:06:07,online,normal
TX_001891,ACC_0133,ACC_0092,383.16,2023-07-16 16:52:11,wire,normal
TX_001892,ACC_0018,ACC_0003,54.68,2023-02-15 02:17:55,online,normal
TX_001893,ACC_0017,ACC_0068,27.82,2023-11-02 00:43:09,wire,normal
TX_001894,ACC_0036,ACC_0118,762.33,2023-05-09 05:24:42,online,normal
TX_001895,ACC_0087,ACC_0002,285.16,2023-12-16 04:48:12,online,normal
TX_001896,ACC_0063,ACC_0076,221.93,2023-10-30 13:12:46,online,normal
TX_001897,ACC_0145,ACC_0074,322.11,2023-11-08 07:28:32,atm,normal
TX_001898,ACC_0053,ACC_0088,120.99,2023-09-19 04:37:40,wire,normal
TX_001899,ACC_0072,ACC_0107,79.32,2023-10-01 20:37:55,branch,normal
TX_001900,ACC_0007,ACC_0133,603.75,2023-04-09 04:25:17,wire,normal
TX_001901,ACC_0063,ACC_0046,187.1,2023-01-18 18:18:33,online,normal
TX_001902,ACC_0097,ACC_0091,15.76,2023-03-19 18:44:37,online,normal
TX_001903,ACC_0063,ACC_0092,237.62,2023-03-02 18:25:44,online,normal
TX_001904,ACC_0082,ACC_0078,19.02,2023-04-25 05:26:06,branch,normal
TX_001905,ACC_0087,ACC_0146,269.04,2023-04-17 02:49:05,wire,normal
TX_001906,ACC_0054,ACC_0047,572.48,2023-02-11 10:42:53,online,normal
TX_001907,ACC_0016,ACC_0123,31.53,2023-01-19 21:35:36,wire,normal
TX_001908,ACC_0147,ACC_0128,156.37,2023-10-14 13:43:05,branch,normal
TX_001909,ACC_0093,ACC_0067,58.71,2023-01-02 12:59:57,online,normal
TX_001910,ACC_0067,ACC_0072,72.2,2023-01-26 21:01:31,online,normal
TX_001911,ACC_0067,ACC_0100,52.08,2023-10-03 17:23:34,online,normal
TX_001912,ACC_0010,ACC_0149,53.48,2023-06-01 12:58:36,atm,normal
TX_001913,ACC_0047,ACC_0078,145.62,2023-02-13 13:53:42,atm,normal
TX_001914,ACC_0032,ACC_0142,28.73,2023-03-01 00:43:01,online,normal
TX_001915,ACC_0107,ACC_0078,112.36,2023-08-08 22:07:06,wire,normal
TX_001916,ACC_0078,ACC_0058,539.41,2023-05-11 08:18:37,online,normal
TX_001917,ACC_0090,ACC_0092,75.4,2023-02-13 15:34:09,atm,normal
TX_001918,ACC_0080,ACC_0063,145.87,2023-06-16 07:44:08,online,normal
TX_001919,ACC_0059,ACC_0069,83.66,2023-11-30 23:40:58,online,normal
TX_001920,ACC_0109,ACC_0123,56.68,2023-11-06 17:21:19,online,normal
TX_001921,ACC_0096,ACC_0131,873.56,2023-07-21 11:41:01,wire,normal
TX_001922,ACC_0149,ACC_0057,67.8,2023-01-21 15:43:29,online,normal
TX_001923,ACC_0048,ACC_0012,203.71,2023-07-12 05:21:19,branch,normal
TX_001924,ACC_0035,ACC_0030,241.89,2023-06-29 01:36:28,wire,normal
TX_001925,ACC_0089,ACC_0072,105.69,2023-10-04 10:57:32,online,normal
TX_001926,ACC_0119,ACC_0101,283.44,2023-02-20 18:03:35,online,normal
TX_001927,ACC_0098,ACC_0014,482.3,2023-05-03 20:06:09,wire,normal
TX_001928,ACC_0070,ACC_0093,1237.52,2023-01-03 03:28:38,online,normal
TX_001929,ACC_0053,ACC_0129,427.45,2023-12-01 01:53:52,online,normal
TX_001930,ACC_0071,ACC_0013,415.77,2023-01-09 04:17:42,online,normal
TX_001931,ACC_0032,ACC_0143,26.82,2023-09-05 03:43:30,branch,normal
TX_001932,ACC_0002,ACC_0113,216.91,2023-06-20 12:37:48,branch,normal
TX_001933,ACC_0061,ACC_0127,14.91,2023-12-12 10:22:20,branch,normal
TX_001934,ACC_0064,ACC_0150,33.44,2023-07-04 13:45:14,online,normal
TX_001935,ACC_0148,ACC_0114,197.66,2023-11-13 06:50:05,wire,normal
TX_001936,ACC_0056,ACC_0081,576.4,2023-05-24 22:46:25,wire,normal
TX_001937,ACC_0019,ACC_0101,452.77,2023-04-23 19:11:53,online,normal
TX_001938,ACC_0116,ACC_0035,35.3,2023-07-23 13:29:48,wire,normal
TX_001939,ACC_0042,ACC_0025,1242.6,2023-10-03 01:23:20,online,normal
TX_001940,ACC_0046,ACC_0088,84.35,2023-05-25 03:53:37,online,normal
TX_001941,ACC_0073,ACC_0041,270.01,2023-07-17 22:21:52,wire,normal
TX_001942,ACC_0112,ACC_0013,306.87,2023-05-03 01:34:14,online,normal
TX_001943,ACC_0105,ACC_0003,53.83,2023-07-15 08:51:13,online,normal
TX_001944,ACC_0056,ACC_0022,48.06,2023-05-20 21:08:05,online,normal
TX_001945,ACC_0030,ACC_0021,94.42,2023-04-15 05:01:10,online,normal
TX_001946,ACC_0018,ACC_0149,96.33,2023-12-01 18:13:33,atm,normal
TX_001947,ACC_0113,ACC_0114,44.67,2023-11-21 18:16:19,online,normal
TX_001948,ACC_0003,ACC_0074,346.7,2023-03-14 19:14:27,online,normal
TX_001949,ACC_0021,ACC_0105,80.31,2023-10-29 18:37:37,online,normal
TX_001950,ACC_0079,ACC_0093,40.04,2023-04-01 21:07:08,wire,normal
TX_001951,ACC_0014,ACC_0104,428.2,2023-02-07 15:42:23,wire,normal
TX_001952,ACC_0140,ACC_0037,101.57,2023-09-07 10:58:16,online,normal
TX_001953,ACC_0088,ACC_0016,179.09,2023-08-28 02:06:00,atm,normal
TX_001954,ACC_0145,ACC_0047,52.9,2023-07-24 04:27:43,branch,normal
TX_001955,ACC_0025,ACC_0072,264.97,2023-08-19 02:41:11,online,normal
TX_001956,ACC_0143,ACC_0017,73.71,2023-06-13 08:38:54,online,normal
TX_001957,ACC_0098,ACC_0060,114.35,2023-08-16 02:11:24,branch,normal
TX_001958,ACC_0139,ACC_0116,269.32,2023-10-08 02:07:23,wire,normal
TX_001959,ACC_0134,ACC_0055,5.76,2023-07-18 02:53:40,online,normal
TX_001960,ACC_0126,ACC_0109,152.75,2023-01-16 13:38:28,online,normal
TX_001961,ACC_0049,ACC_0142,767.33,2023-01-20 12:06:49,atm,normal
TX_001962,ACC_0090,ACC_0141,136.74,2023-09-24 17:39:56,online,normal
TX_001963,ACC_0053,ACC_0109,112.72,2023-11-14 15:52:02,wire,normal
TX_001964,ACC_0030,ACC_0010,3457.18,2023-03-28 10:25:52,atm,normal
TX_001965,ACC_0035,ACC_0016,204.27,2023-08-19 07:31:42,branch,normal
TX_001966,ACC_0097,ACC_0081,156.57,2023-12-25 16:24:28,branch,normal
TX_001967,ACC_0087,ACC_0015,89.0,2023-07-04 10:17:51,branch,normal
TX_001968,ACC_0109,ACC_0086,61.12,2023-10-12 18:20:39,branch,normal
TX_001969,ACC_0028,ACC_0074,89.81,2023-03-27 20:38:14,online,normal
TX_001970,ACC_0146,ACC_0096,17.67,2023-07-25 22:14:42,online,normal
TX_001971,ACC_0057,ACC_0066,137.88,2023-11-01 06:58:23,branch,normal
TX_001972,ACC_0136,ACC_0087,59.09,2023-11-01 14:37:35,online,normal
TX_001973,ACC_0110,ACC_0093,315.61,2023-07-12 12:41:31,branch,normal
TX_001974,ACC_0115,ACC_0128,12.53,2023-07-22 03:24:39,branch,normal
TX_001975,ACC_0014,ACC_0056,549.58,2023-12-28 23:05:53,wire,normal
TX_001976,ACC_0013,ACC_0140,410.82,2023-04-21 00:35:51,wire,normal
TX_001977,ACC_0113,ACC_0120,121.55,2023-06-13 10:49:57,wire,normal
TX_001978,ACC_0134,ACC_0111,971.29,2023-09-10 21:08:15,branch,normal
TX_001979,ACC_0146,ACC_0018,165.44,2023-06-21 08:29:39,wire,normal
TX_001980,ACC_0064,ACC_0082,2883.43,2023-03-22 10:21:06,online,normal
TX_001981,ACC_0131,ACC_0044,23.77,2023-05-02 10:19:04,online,normal
TX_001982,ACC_0013,ACC_0073,43.3,2023-04-16 16:24:54,online,normal
TX_001983,ACC_0063,ACC_0095,50.33,2023-12-22 00:41:11,branch,normal
TX_001984,ACC_0049,ACC_0092,208.63,2023-05-24 05:45:52,atm,normal
TX_001985,ACC_0112,ACC_0062,150.61,2023-04-29 14:07:37,wire,normal
TX_001986,ACC_0109,ACC_0113,1398.11,2023-11-17 19:34:22,online,normal
TX_001987,ACC_0116,ACC_0004,245.39,2023-06-06 04:26:33,branch,normal
TX_001988,ACC_0073,ACC_0129,47.8,2023-02-23 01:07:18,online,normal
TX_001989,ACC_0040,ACC_0089,55.18,2023-09-20 04:24:37,online,normal
TX_001990,ACC_0065,ACC_0002,127.91,2023-04-27 03:06:53,online,normal
TX_001991,ACC_0066,ACC_0077,32.26,2023-09-08 05:55:57,atm,normal
TX_001992,ACC_0038,ACC_0130,8442.3,2023-11-11 10:59:14,online,smurf
TX_001993,ACC_0050,ACC_0130,596.13,2023-06-26 01:29:00,online,normal
TX_001994,ACC_0003,ACC_0144,654.13,2023-03-06 14:39:33,online,normal
TX_001995,ACC_0150,ACC_0131,1285.75,2023-10-28 06:45:00,wire,normal
TX_001996,ACC_0085,ACC_0137,231.09,2023-09-10 10:23:53,online,normal
TX_001997,ACC_0087,ACC_0102,453.66,2023-03-18 21:21:45,online,normal
TX_001998,ACC_0044,ACC_0125,20.16,2023-05-23 13:06:30,wire,normal
TX_001999,ACC_0149,ACC_0010,122.82,2023-05-27 15:01:46,online,normal
TX_002000,ACC_0007,ACC_0139,80.12,2023-09-03 09:17:59,online,normal
TX_002001,ACC_0039,ACC_0079,345.51,2023-12-12 13:46:04,online,normal
TX_002002,ACC_0025,ACC_0021,189.4,2023-09-03 10:54:24,branch,normal
TX_002003,ACC_0100,ACC_0031,98.48,2023-11-26 22:21:49,online,normal
TX_002004,ACC_0018,ACC_0047,96.8,2023-06-16 14:27:02,branch,normal
TX_002005,ACC_0111,ACC_0031,26.87,2023-12-28 01:07:39,online,normal
TX_002006,ACC_0148,ACC_0046,1059.69,2023-07-20 22:11:38,online,normal
TX_002007,ACC_0041,ACC_0002,415.49,2023-04-08 05:06:41,branch,normal
TX_002008,ACC_0030,ACC_0007,179.22,2023-03-03 02:25:47,branch,normal
TX_002009,ACC_0006,ACC_0023,88.98,2023-09-09 06:07:34,atm,normal
TX_002010,ACC_0043,ACC_0017,159.47,2023-08-28 21:27:46,online,normal
TX_002011,ACC_0051,ACC_0024,428.53,2023-12-28 13:03:06,branch,normal
TX_002012,ACC_0125,ACC_0038,216.89,2023-02-28 14:11:22,online,normal
TX_002013,ACC_0137,ACC_0035,388.92,2023-06-11 21:58:55,branch,normal
TX_002014,ACC_0078,ACC_0105,256.48,2023-07-20 04:21:14,online,normal
TX_002015,ACC_0119,ACC_0122,175.21,2023-03-01 08:17:42,online,normal
TX_002016,ACC_0053,ACC_0028,87.98,2023-02-24 13:48:41,branch,normal
TX_002017,ACC_0114,ACC_0115,143.0,2023-09-03 09:00:36,branch,normal
TX_002018,ACC_0061,ACC_0020,55.62,2023-05-18 02:49:05,branch,normal
TX_002019,ACC_0045,ACC_0009,60.86,2023-04-06 20:35:07,branch,normal
TX_002020,ACC_0109,ACC_0107,106.72,2023-10-01 08:33:34,online,normal
TX_002021,ACC_0028,ACC_0150,394.27,2023-10-18 10:53:51,branch,normal
TX_002022,ACC_0065,ACC_0073,123.63,2023-02-01 09:01:08,online,normal
TX_002023,ACC_0130,ACC_0145,481.87,2023-08-22 15:55:13,online,normal
TX_002024,ACC_0100,ACC_0068,746.93,2023-07-06 07:47:09,branch,normal
TX_002025,ACC_0022,ACC_0139,350.69,2023-04-02 21:23:59,branch,normal
TX_002026,ACC_0113,ACC_0134,60.54,2023-02-22 15:36:59,online,normal
TX_002027,ACC_0031,ACC_0123,629.87,2023-02-21 02:31:11,wire,normal
TX_002028,ACC_0025,ACC_0115,2853.41,2023-09-01 19:23:09,online,normal
TX_002029,ACC_0015,ACC_0001,472.83,2023-04-27 06:32:48,atm,normal
TX_002030,ACC_0138,ACC_0019,66.31,2023-09-16 19:22:55,online,normal
TX_002031,ACC_0071,ACC_0104,122.25,2023-04-30 17:17:43,online,normal
TX_002032,ACC_0150,ACC_0016,223.19,2023-07-16 17:58:42,online,normal
TX_002033,ACC_0032,ACC_0015,368.29,2023-10-14 18:18:46,online,normal
TX_002034,ACC_0021,ACC_0007,123.84,2023-01-28 07:20:26,atm,normal
TX_002035,ACC_0053,ACC_0118,36.99,2023-02-22 16:11:00,atm,normal
TX_002036,ACC_0074,ACC_0132,31.7,2023-12-15 04:23:43,online,normal
TX_002037,ACC_0025,ACC_0069,175.23,2023-01-07 09:16:45,online,normal
TX_002038,ACC_0062,ACC_0133,272.55,2023-12-08 14:34:13,branch,normal
TX_002039,ACC_0099,ACC_0129,207.36,2023-09-05 00:31:22,online,normal
TX_002040,ACC_0087,ACC_0147,312.21,2023-11-16 07:51:10,online,normal
TX_002041,ACC_0054,ACC_0088,82.13,2023-12-05 01:09:37,branch,normal
TX_002042,ACC_0025,ACC_0139,92.99,2023-04-01 05:20:26,branch,normal
TX_002043,ACC_0135,ACC_0071,40.31,2023-11-07 11:23:46,branch,normal
TX_002044,ACC_0035,ACC_0037,110.92,2023-03-16 01:35:35,branch,normal
TX_002045,ACC_0038,ACC_0067,302.56,2023-10-28 22:13:24,branch,normal
TX_002046,ACC_0141,ACC_0083,113.12,2023-01-11 17:51:29,wire,normal
TX_002047,ACC_0129,ACC_0097,248.28,2023-04-07 03:18:21,online,normal
TX_002048,ACC_0030,ACC_0078,555.97,2023-02-14 15:10:06,online,normal
TX_002049,ACC_0044,ACC_0056,510.98,2023-04-25 06:57:58,online,normal
TX_002050,ACC_0013,ACC_0065,73.73,2023-07-11 11:05:19,online,normal
TX_002051,ACC_0066,ACC_0075,296.67,2023-08-29 04:13:25,atm,normal
TX_002052,ACC_0032,ACC_0086,41.78,2023-06-15 11:44:58,branch,normal
TX_002053,ACC_0076,ACC_0035,113.67,2023-09-28 02:30:58,online,normal
TX_002054,ACC_0064,ACC_0086,760.18,2023-12-05 00:49:16,online,normal
TX_002055,ACC_0041,ACC_0051,19.12,2023-09-28 22:18:10,atm,normal
TX_002056,ACC_0002,ACC_0127,178.48,2023-10-03 21:03:09,wire,normal
TX_002057,ACC_0011,ACC_0061,184.55,2023-05-19 10:33:49,online,normal
TX_002058,ACC_0102,ACC_0115,88.04,2023-02-23 21:09:51,online,normal
TX_002059,ACC_0014,ACC_0080,122.24,2023-11-30 16:38:17,wire,normal
TX_002060,ACC_0138,ACC_0021,67.22,2023-05-14 12:48:37,online,normal
TX_002061,ACC_0050,ACC_0112,40.07,2023-09-10 03:01:10,online,normal
TX_002062,ACC_0026,ACC_0006,380.33,2023-08-24 08:51:21,online,normal
TX_002063,ACC_0131,ACC_0108,40.23,2023-12-11 15:18:00,branch,normal
TX_002064,ACC_0143,ACC_0114,34.6,2023-05-10 17:39:03,wire,normal
TX_002065,ACC_0058,ACC_0101,235.53,2023-03-17 07:14:08,atm,normal
TX_002066,ACC_0142,ACC_0096,251.66,2023-06-19 01:44:52,wire,normal
TX_002067,ACC_0106,ACC_0130,26.44,2023-05-18 12:24:45,online,normal
TX_002068,ACC_0025,ACC_0089,453.19,2023-08-12 12:11:13,branch,normal
TX_002069,ACC_0036,ACC_0006,54.75,2023-09-01 22:00:59,online,normal
TX_002070,ACC_0041,ACC_0071,64.28,2023-09-09 11:38:43,online,normal
TX_002071,ACC_0142,ACC_0069,758.44,2023-02-27 10:33:58,wire,normal
TX_002072,ACC_0120,ACC_0046,48.95,2023-09-01 18:45:40,online,normal
TX_002073,ACC_0006,ACC_0033,119.49,2023-05-31 06:49:42,online,normal
TX_002074,ACC_0024,ACC_0019,141.67,2023-12-10 05:01:55,atm,normal
TX_002075,ACC_0150,ACC_0111,91.86,2023-08-29 18:56:10,online,normal
TX_002076,ACC_0030,ACC_0101,418.35,2023-06-11 13:53:48,online,normal
TX_002077,ACC_0125,ACC_0131,169.69,2023-06-01 14:54:48,atm,normal
TX_002078,ACC_0052,ACC_0031,272.43,2023-09-30 04:11:15,branch,normal
TX_002079,ACC_0051,ACC_0130,410.04,2023-03-22 10:40:16,wire,normal
TX_002080,ACC_0003,ACC_0022,29.18,2023-08-05 18:00:52,online,normal
TX_002081,ACC_0039,ACC_0082,176.98,2023-10-12 23:47:45,wire,normal
TX_002082,ACC_0089,ACC_0112,7.91,2023-03-27 09:31:27,branch,normal
TX_002083,ACC_0077,ACC_0113,175.8,2023-11-11 17:20:00,online,normal
TX_002084,ACC_0084,ACC_0117,409.89,2023-11-23 08:49:19,atm,normal
TX_002085,ACC_0057,ACC_0026,125.28,2023-12-08 13:13:55,online,normal
TX_002086,ACC_0014,ACC_0143,96.11,2023-11-06 18:39:14,wire,normal
TX_002087,ACC_0071,ACC_0110,58.8,2023-08-31 21:39:39,online,normal
TX_002088,ACC_0141,ACC_0010,9848.29,2023-03-20 01:18:05,online,normal
TX_002089,ACC_0058,ACC_0031,121.44,2023-06-01 06:32:44,online,normal
TX_002090,ACC_0045,ACC_0111,18.75,2023-03-17 13:35:38,branch,normal
TX_002091,ACC_0002,ACC_0139,21.18,2023-05-13 14:08:49,wire,normal
TX_002092,ACC_0093,ACC_0097,292.11,2023-01-17 08:30:28,wire,normal
TX_002093,ACC_0052,ACC_0079,143.9,2023-03-04 16:09:21,online,normal
TX_002094,ACC_0003,ACC_0099,463.66,2023-03-30 22:01:24,online,normal
TX_002095,ACC_0096,ACC_0072,578.55,2023-06-21 02:03:15,online,normal
TX_002096,ACC_0145,ACC_0030,605.46,2023-08-08 14:32:31,online,normal
TX_002097,ACC_0085,ACC_0026,342.85,2023-06-19 16:46:43,wire,normal
TX_002098,ACC_0086,ACC_0032,62.62,2023-07-16 06:24:44,online,normal
TX_002099,ACC_0092,ACC_0134,70.77,2023-05-12 02:10:45,branch,normal
TX_002100,ACC_0075,ACC_0014,396.46,2023-01-10 18:51:35,online,normal
TX_002101,ACC_0054,ACC_0093,47.25,2023-05-01 17:45:09,online,normal
TX_002102,ACC_0054,ACC_0095,172.06,2023-03-13 16:05:36,branch,normal
TX_002103,ACC_0140,ACC_0053,50.99,2023-01-28 18:36:23,wire,normal
TX_002104,ACC_0083,ACC_0014,1066.6,2023-02-17 17:48:20,online,normal
TX_002105,ACC_0126,ACC_0005,56.43,2023-08-02 12:08:38,atm,normal
TX_002106,ACC_0089,ACC_0129,50.69,2023-06-09 00:52:03,atm,normal
TX_002107,ACC_0015,ACC_0083,190.3,2023-04-20 18:35:20,wire,normal
TX_002108,ACC_0059,ACC_0098,17.03,2023-03-29 19:19:04,online,normal
TX_002109,ACC_0011,ACC_0062,38.58,2023-04-29 06:17:45,wire,normal
TX_002110,ACC_0056,ACC_0065,46.65,2023-07-31 00:16:04,online,normal
TX_002111,ACC_0093,ACC_0049,74.49,2023-05-25 03:16:01,online,normal
TX_002112,ACC_0088,ACC_0020,366.82,2023-11-24 01:38:42,branch,normal
TX_002113,ACC_0082,ACC_0031,285.8,2023-03-04 17:02:12,online,normal
TX_002114,ACC_0002,ACC_0132,150.54,2023-03-11 14:27:21,online,normal
TX_002115,ACC_0062,ACC_0075,33.43,2023-05-28 12:44:23,branch,normal
TX_002116,ACC_0136,ACC_0075,324.13,2023-10-08 14:37:49,online,normal
TX_002117,ACC_0145,ACC_0055,405.73,2023-12-19 08:12:36,branch,normal
TX_002118,ACC_0013,ACC_0080,44.12,2023-11-06 19:20:49,online,normal
TX_002119,ACC_0094,ACC_0068,71.24,2023-04-28 14:12:48,atm,normal
TX_002120,ACC_0127,ACC_0014,368.39,2023-11-28 03:18:36,branch,normal
TX_002121,ACC_0019,ACC_0075,112.84,2023-12-23 08:20:17,online,normal
TX_002122,ACC_0144,ACC_0014,81.07,2023-10-30 06:10:02,atm,normal
TX_002123,ACC_0140,ACC_0018,368.52,2023-09-25 13:30:42,online,normal
TX_002124,ACC_0042,ACC_0141,92.63,2023-02-25 21:37:21,online,normal
TX_002125,ACC_0008,ACC_0055,171.21,2023-03-29 11:18:56,online,normal
TX_002126,ACC_0112,ACC_0138,185.75,2023-02-04 20:58:41,wire,normal
TX_002127,ACC_0142,ACC_0022,4.02,2023-03-04 00:05:20,wire,normal
TX_002128,ACC_0078,ACC_0028,232.21,2023-04-09 00:36:17,wire,normal
TX_002129,ACC_0052,ACC_0065,453.14,2023-06-13 23:07:48,branch,normal
TX_002130,ACC_0094,ACC_0039,306.88,2023-05-05 17:27:10,wire,normal
TX_002131,ACC_0016,ACC_0099,175.37,2023-09-26 07:23:11,online,normal
TX_002132,ACC_0056,ACC_0099,163.33,2023-09-07 23:10:06,online,normal
TX_002133,ACC_0049,ACC_0065,441.9,2023-04-28 13:52:05,online,normal
TX_002134,ACC_0076,ACC_0015,107.61,2023-08-01 12:23:32,online,normal
TX_002135,ACC_0031,ACC_0021,104.26,2023-01-22 04:24:53,online,normal
TX_002136,ACC_0125,ACC_0111,944.55,2023-04-09 13:58:15,branch,normal
TX_002137,ACC_0084,ACC_0119,351.86,2023-01-14 06:07:33,online,normal
TX_002138,ACC_0094,ACC_0051,4447.93,2023-02-03 01:27:26,online,normal
TX_002139,ACC_0077,ACC_0118,25.12,2023-07-23 10:54:37,branch,normal
TX_002140,ACC_0124,ACC_0125,14.61,2023-02-05 17:07:55,online,normal
TX_002141,ACC_0134,ACC_0145,279.95,2023-08-08 15:37:30,online,normal
TX_002142,ACC_0079,ACC_0072,111.04,2023-08-13 06:48:12,branch,normal
TX_002143,ACC_0086,ACC_0019,55.91,2023-02-11 18:08:57,branch,normal
TX_002144,ACC_0033,ACC_0020,402.35,2023-02-12 00:58:55,online,normal
TX_002145,ACC_0058,ACC_0080,1088.9,2023-02-19 03:02:27,wire,normal
TX_002146,ACC_0023,ACC_0083,125.63,2023-11-30 18:55:23,wire,normal
TX_002147,ACC_0036,ACC_0079,11.91,2023-07-28 09:01:56,online,normal
TX_002148,ACC_0048,ACC_0139,2776.95,2023-05-03 20:29:20,online,normal
TX_002149,ACC_0085,ACC_0135,101.31,2023-01-24 00:16:47,online,normal
TX_002150,ACC_0030,ACC_0149,371.26,2023-06-24 18:47:16,online,normal
TX_002151,ACC_0148,ACC_0131,120.88,2023-01-11 12:26:48,online,normal
TX_002152,ACC_0027,ACC_0141,163.76,2023-03-11 04:42:05,online,normal
TX_002153,ACC_0133,ACC_0071,924.79,2023-02-19 05:14:19,online,normal
TX_002154,ACC_0119,ACC_0045,929.98,2023-08-27 21:56:56,atm,normal
TX_002155,ACC_0087,ACC_0014,61.84,2023-01-14 07:17:02,wire,normal
TX_002156,ACC_0086,ACC_0115,124.01,2023-01-01 14:06:45,wire,normal
TX_002157,ACC_0138,ACC_0075,61.8,2023-07-10 00:35:37,online,normal
TX_002158,ACC_0056,ACC_0041,191.99,2023-05-01 01:05:39,branch,normal
TX_002159,ACC_0017,ACC_0014,226.12,2023-03-22 13:18:59,online,normal
TX_002160,ACC_0009,ACC_0064,34.68,2023-04-22 13:06:47,wire,normal
TX_002161,ACC_0142,ACC_0125,144.68,2023-09-17 09:45:30,online,normal
TX_002162,ACC_0016,ACC_0050,93.85,2023-04-19 14:11:14,branch,normal
TX_002163,ACC_0113,ACC_0143,231.45,2023-09-12 21:38:11,branch,normal
TX_002164,ACC_0083,ACC_0128,317.9,2023-06-25 10:16:30,atm,normal
TX_002165,ACC_0009,ACC_0040,57.22,2023-05-19 04:04:49,online,normal
TX_002166,ACC_0032,ACC_0047,607.91,2023-12-25 09:52:42,wire,normal
TX_002167,ACC_0032,ACC_0115,292.32,2023-04-06 20:02:31,wire,normal
TX_002168,ACC_0073,ACC_0101,111.68,2023-12-23 15:37:00,wire,normal
TX_002169,ACC_0017,ACC_0047,56.23,2023-08-07 05:09:05,wire,normal
TX_002170,ACC_0127,ACC_0058,934.19,2023-09-13 23:19:27,online,normal
TX_002171,ACC_0056,ACC_0031,543.81,2023-03-19 10:01:41,online,normal
TX_002172,ACC_0129,ACC_0130,21.78,2023-09-30 00:50:02,wire,normal
TX_002173,ACC_0100,ACC_0046,309.56,2023-02-28 18:24:51,atm,normal
TX_002174,ACC_0097,ACC_0009,416.34,2023-04-22 23:05:48,online,normal
TX_002175,ACC_0122,ACC_0132,126.48,2023-06-12 13:59:08,online,normal
TX_002176,ACC_0003,ACC_0023,1471.2,2023-04-07 01:52:52,atm,normal
TX_002177,ACC_0135,ACC_0109,36.52,2023-09-18 04:41:41,online,normal
TX_002178,ACC_0041,ACC_0077,253.87,2023-10-29 22:36:42,online,normal
TX_002179,ACC_0031,ACC_0002,295.0,2023-09-24 03:28:02,online,normal
TX_002180,ACC_0150,ACC_0022,114.78,2023-06-21 17:56:49,online,normal
TX_002181,ACC_0116,ACC_0075,70.73,2023-11-01 21:54:34,branch,normal
TX_002182,ACC_0067,ACC_0031,140.21,2023-11-23 09:58:36,online,normal
TX_002183,ACC_0032,ACC_0061,305.37,2023-03-31 17:23:23,online,normal
TX_002184,ACC_0026,ACC_0130,9035.39,2023-11-25 22:00:44,online,smurf
TX_002185,ACC_0073,ACC_0071,1556.3,2023-12-12 16:12:07,branch,normal
TX_002186,ACC_0094,ACC_0071,335.33,2023-01-31 11:35:35,branch,normal
TX_002187,ACC_0150,ACC_0139,23.8,2023-12-11 12:34:45,online,normal
TX_002188,ACC_0029,ACC_0060,86.78,2023-07-20 02:49:15,wire,normal
TX_002189,ACC_0083,ACC_0030,4.82,2023-12-14 17:18:31,atm,normal
TX_002190,ACC_0051,ACC_0076,396.58,2023-10-08 07:53:29,online,normal
TX_002191,ACC_0115,ACC_0003,119.08,2023-05-11 10:11:38,wire,normal
TX_002192,ACC_0117,ACC_0009,43.12,2023-11-30 15:48:58,online,normal
TX_002193,ACC_0068,ACC_0122,89.58,2023-02-21 21:13:23,wire,normal
TX_002194,ACC_0010,ACC_0084,550.54,2023-07-15 04:57:34,online,normal
TX_002195,ACC_0149,ACC_0038,92.5,2023-04-18 11:48:02,online,normal
TX_002196,ACC_0007,ACC_0072,282.58,2023-10-25 15:33:22,wire,normal
TX_002197,ACC_0121,ACC_0080,42.02,2023-10-16 13:12:37,wire,normal
TX_002198,ACC_0089,ACC_0013,223.35,2023-04-18 06:43:18,atm,normal
TX_002199,ACC_0063,ACC_0019,519.78,2023-10-14 13:56:54,online,normal
TX_002200,ACC_0099,ACC_0087,348.91,2023-12-23 23:09:06,online,normal
TX_002201,ACC_0063,ACC_0081,815.13,2023-09-17 11:57:08,wire,normal
TX_002202,ACC_0065,ACC_0046,154.05,2023-11-14 01:55:02,wire,normal
TX_002203,ACC_0024,ACC_0109,980.53,2023-03-28 05:01:18,online,normal
TX_002204,ACC_0081,ACC_0044,143.72,2023-10-04 01:30:01,online,normal
TX_002205,ACC_0146,ACC_0150,635.56,2023-06-22 11:44:52,wire,normal
TX_002206,ACC_0070,ACC_0017,62.81,2023-01-03 05:13:39,wire,normal
TX_002207,ACC_0137,ACC_0083,890.79,2023-11-26 09:58:54,branch,normal
TX_002208,ACC_0108,ACC_0125,92.23,2023-01-19 22:39:39,atm,normal
TX_002209,ACC_0039,ACC_0137,182.02,2023-08-17 10:16:49,online,normal
TX_002210,ACC_0090,ACC_0136,212.63,2023-10-27 00:09:09,atm,normal
TX_002211,ACC_0106,ACC_0125,300.78,2023-04-22 09:33:37,atm,normal
TX_002212,ACC_0093,ACC_0103,309.62,2023-03-09 04:50:57,online,normal
TX_002213,ACC_0010,ACC_0052,1805.77,2023-10-26 01:02:43,wire,normal
TX_002214,ACC_0065,ACC_0108,96.06,2023-08-25 06:43:48,online,normal
TX_002215,ACC_0114,ACC_0047,53.23,2023-09-27 06:06:48,online,normal
TX_002216,ACC_0046,ACC_0113,341.3,2023-08-19 11:09:01,online,normal
TX_002217,ACC_0007,ACC_0075,95.53,2023-05-17 21:33:33,wire,normal
TX_002218,ACC_0143,ACC_0061,176.56,2023-10-31 07:03:54,branch,normal
TX_002219,ACC_0113,ACC_0107,56.11,2023-09-11 03:26:37,branch,normal
TX_002220,ACC_0026,ACC_0021,3634.93,2023-10-24 19:00:16,online,normal
TX_002221,ACC_0041,ACC_0044,106.19,2023-08-30 21:39:37,online,normal
TX_002222,ACC_0111,ACC_0066,162.02,2023-12-10 13:42:55,wire,normal
TX_002223,ACC_0048,ACC_0069,64.9,2023-07-06 12:34:41,online,normal
TX_002224,ACC_0022,ACC_0004,1037.87,2023-01-27 01:48:52,online,normal
TX_002225,ACC_0061,ACC_0069,379.65,2023-08-01 09:33:25,wire,normal
TX_002226,ACC_0104,ACC_0040,83.36,2023-07-07 22:17:30,branch,normal
TX_002227,ACC_0114,ACC_0125,163.59,2023-12-07 01:42:51,online,normal
TX_002228,ACC_0056,ACC_0047,41.94,2023-06-19 23:09:19,online,normal
TX_002229,ACC_0061,ACC_0137,59.1,2023-06-13 02:52:16,online,normal
TX_002230,ACC_0050,ACC_0072,208.04,2023-06-04 03:39:33,atm,normal
TX_002231,ACC_0057,ACC_0054,120.85,2023-03-13 23:48:10,online,normal
TX_002232,ACC_0115,ACC_0127,143.16,2023-11-05 09:04:13,atm,normal
TX_002233,ACC_0071,ACC_0106,579.76,2023-04-23 04:38:20,wire,normal
TX_002234,ACC_0028,ACC_0123,44.01,2023-06-29 07:34:59,online,normal
TX_002235,ACC_0082,ACC_0144,71.23,2023-12-25 16:53:17,online,normal
TX_002236,ACC_0020,ACC_0106,65.33,2023-05-27 00:53:18,wire,normal
TX_002237,ACC_0143,ACC_0149,424.03,2023-03-16 15:14:09,branch,normal
TX_002238,ACC_0121,ACC_0011,16.42,2023-07-16 01:28:33,atm,normal
TX_002239,ACC_0136,ACC_0120,318.48,2023-05-07 04:32:24,online,normal
TX_002240,ACC_0114,ACC_0125,34.75,2023-08-22 07:28:25,online,normal
TX_002241,ACC_0084,ACC_0029,463.08,2023-07-22 18:46:16,wire,normal
TX_002242,ACC_0100,ACC_0063,1095.23,2023-03-21 20:15:13,online,normal
TX_002243,ACC_0045,ACC_0016,254.09,2023-01-07 10:41:48,online,normal
TX_002244,ACC_0142,ACC_0066,50.93,2023-09-10 06:16:29,branch,normal
TX_002245,ACC_0136,ACC_0104,17.85,2023-06-25 01:27:47,atm,normal
TX_002246,ACC_0149,ACC_0126,267.51,2023-08-17 12:02:18,atm,normal
TX_002247,ACC_0114,ACC_0021,179.26,2023-09-14 10:42:05,online,normal
TX_002248,ACC_0123,ACC_0118,127.63,2023-01-28 06:30:46,online,normal
TX_002249,ACC_0047,ACC_0133,331.4,2023-04-23 07:54:21,online,normal
TX_002250,ACC_0010,ACC_0064,365.7,2023-04-20 19:24:15,online,normal
TX_002251,ACC_0068,ACC_0055,110.97,2023-06-11 22:30:05,online,normal
TX_002252,ACC_0040,ACC_0066,109.75,2023-02-20 10:32:55,online,normal
TX_002253,ACC_0021,ACC_0096,235.34,2023-08-24 12:20:06,branch,normal
TX_002254,ACC_0097,ACC_0026,157.0,2023-03-08 15:57:43,online,normal
TX_002255,ACC_0102,ACC_0118,56.27,2023-08-28 21:47:16,branch,normal
TX_002256,ACC_0044,ACC_0062,651.28,2023-05-09 23:48:16,branch,normal
TX_002257,ACC_0135,ACC_0141,1423.4,2023-08-27 20:44:53,wire,normal
TX_002258,ACC_0076,ACC_0139,398.57,2023-11-02 21:13:29,online,normal
TX_002259,ACC_0021,ACC_0018,170.96,2023-01-08 01:39:31,online,normal
TX_002260,ACC_0113,ACC_0017,189.2,2023-06-10 16:54:06,atm,normal
TX_002261,ACC_0028,ACC_0066,14.0,2023-11-11 13:54:08,wire,normal
TX_002262,ACC_0146,ACC_0110,635.24,2023-11-18 04:03:09,wire,normal
TX_002263,ACC_0023,ACC_0009,42.32,2023-08-18 10:29:21,wire,normal
TX_002264,ACC_0028,ACC_0046,158.85,2023-09-07 18:55:01,wire,normal
TX_002265,ACC_0128,ACC_0071,48.04,2023-01-14 20:59:18,wire,normal
TX_002266,ACC_0125,ACC_0066,230.44,2023-04-15 10:17:43,wire,normal
TX_002267,ACC_0046,ACC_0001,210.69,2023-01-19 20:26:21,atm,normal
TX_002268,ACC_0077,ACC_0062,64.56,2023-01-06 06:11:53,online,normal
TX_002269,ACC_0120,ACC_0025,88.36,2023-02-04 07:12:54,online,normal
TX_002270,ACC_0010,ACC_0052,186.08,2023-06-23 15:12:11,online,normal
TX_002271,ACC_0101,ACC_0071,33.58,2023-07-11 21:08:33,branch,normal
TX_002272,ACC_0044,ACC_0100,197.45,2023-09-15 10:35:54,branch,normal
TX_002273,ACC_0104,ACC_0029,857.45,2023-01-06 21:56:19,online,normal
TX_002274,ACC_0147,ACC_0087,89.33,2023-09-25 14:15:53,online,normal
TX_002275,ACC_0056,ACC_0065,402.2,2023-06-04 22:19:37,online,normal
TX_002276,ACC_0011,ACC_0142,64.15,2023-09-17 21:27:02,online,normal
TX_002277,ACC_0003,ACC_0084,733.46,2023-10-21 01:29:41,branch,normal
TX_002278,ACC_0123,ACC_0112,206.84,2023-09-07 20:09:38,online,normal
TX_002279,ACC_0019,ACC_0143,121.18,2023-03-11 04:14:15,online,normal
TX_002280,ACC_0085,ACC_0020,86.58,2023-01-13 18:28:25,online,normal
TX_002281,ACC_0146,ACC_0057,23.92,2023-09-21 20:10:05,branch,normal
TX_002282,ACC_0056,ACC_0078,252.68,2023-10-19 18:13:15,branch,normal
TX_002283,ACC_0090,ACC_0005,357.82,2023-10-12 05:58:14,online,normal
TX_002284,ACC_0110,ACC_0125,38.47,2023-11-20 17:35:59,branch,normal
TX_002285,ACC_0088,ACC_0076,143.22,2023-07-26 05:58:09,branch,normal
TX_002286,ACC_0056,ACC_0060,290.51,2023-01-19 15:21:24,online,normal
TX_002287,ACC_0064,ACC_0034,34.19,2023-02-04 03:41:49,branch,normal
TX_002288,ACC_0074,ACC_0061,57.87,2023-05-15 20:14:29,branch,normal
TX_002289,ACC_0059,ACC_0043,13.57,2023-02-13 02:46:27,branch,normal
TX_002290,ACC_0067,ACC_0033,851.37,2023-05-29 11:39:30,branch,normal
TX_002291,ACC_0019,ACC_0109,117.28,2023-02-20 14:24:02,wire,normal
TX_002292,ACC_0149,ACC_0025,829.79,2023-08-06 05:46:55,branch,normal
TX_002293,ACC_0034,ACC_0041,518.23,2023-10-08 22:22:41,atm,normal
TX_002294,ACC_0129,ACC_0116,328.34,2023-04-08 15:12:55,online,normal
TX_002295,ACC_0056,ACC_0022,78.03,2023-12-15 09:17:04,online,normal
TX_002296,ACC_0124,ACC_0147,23.94,2023-07-29 11:12:57,online,normal
TX_002297,ACC_0039,ACC_0108,380.85,2023-07-04 03:58:53,online,normal
TX_002298,ACC_0102,ACC_0106,23.32,2023-05-08 23:26:55,wire,normal
TX_002299,ACC_0145,ACC_0136,1839.14,2023-05-15 14:59:02,online,normal
TX_002300,ACC_0104,ACC_0089,49.77,2023-04-27 06:04:39,atm,normal
TX_002301,ACC_0076,ACC_0038,81.51,2023-02-10 03:09:23,wire,normal
TX_002302,ACC_0062,ACC_0100,384.75,2023-09-16 02:32:14,atm,normal
TX_002303,ACC_0147,ACC_0020,304.57,2023-07-11 07:02:03,online,normal
TX_002304,ACC_0139,ACC_0146,457.54,2023-03-19 16:00:40,online,normal
TX_002305,ACC_0025,ACC_0095,768.64,2023-12-11 19:53:11,online,normal
TX_002306,ACC_0046,ACC_0072,766.41,2023-02-02 00:24:15,online,normal
TX_002307,ACC_0037,ACC_0056,181.65,2023-11-19 06:21:43,online,normal
TX_002308,ACC_0001,ACC_0021,1392.72,2023-04-16 16:53:01,online,normal
TX_002309,ACC_0045,ACC_0051,31.58,2023-07-20 19:27:24,branch,normal
TX_002310,ACC_0015,ACC_0117,35.33,2023-08-20 17:58:00,online,normal
TX_002311,ACC_0124,ACC_0078,1757.79,2023-07-06 16:26:25,wire,normal
TX_002312,ACC_0106,ACC_0096,1735.62,2023-12-07 05:57:36,wire,normal
TX_002313,ACC_0043,ACC_0131,298.63,2023-12-20 06:21:21,online,normal
TX_002314,ACC_0073,ACC_0049,129.98,2023-01-22 18:16:47,online,normal
TX_002315,ACC_0059,ACC_0001,17.24,2023-10-15 18:27:44,wire,normal
TX_002316,ACC_0131,ACC_0150,43.15,2023-04-12 12:56:34,online,normal
TX_002317,ACC_0051,ACC_0010,81.04,2023-03-14 22:17:43,branch,normal
TX_002318,ACC_0080,ACC_0054,901.52,2023-12-18 05:51:38,branch,normal
TX_002319,ACC_0071,ACC_0026,65.94,2023-06-05 11:21:27,online,normal
TX_002320,ACC_0143,ACC_0135,419.72,2023-05-26 18:34:27,wire,normal
TX_002321,ACC_0069,ACC_0050,108.31,2023-09-09 21:33:19,online,normal
TX_002322,ACC_0139,ACC_0008,1502.97,2023-10-24 20:53:35,online,normal
TX_002323,ACC_0070,ACC_0014,383.51,2023-09-21 07:38:30,online,normal
TX_002324,ACC_0131,ACC_0089,353.41,2023-11-27 10:15:56,online,normal
TX_002325,ACC_0035,ACC_0113,551.38,2023-01-09 03:03:20,wire,normal
TX_002326,ACC_0094,ACC_0116,18.33,2023-12-12 02:31:22,online,normal
TX_002327,ACC_0057,ACC_0037,126.58,2023-08-25 19:34:17,branch,normal
TX_002328,ACC_0146,ACC_0132,1173.98,2023-08-09 09:22:39,online,normal
TX_002329,ACC_0136,ACC_0102,71.16,2023-09-15 23:28:07,online,normal
TX_002330,ACC_0101,ACC_0062,14.14,2023-07-04 10:01:54,atm,normal
TX_002331,ACC_0078,ACC_0056,72.47,2023-11-18 11:17:17,branch,normal
TX_002332,ACC_0111,ACC_0050,688.59,2023-03-01 04:24:44,online,normal
TX_002333,ACC_0092,ACC_0022,18.56,2023-05-11 21:58:37,wire,normal
TX_002334,ACC_0011,ACC_0126,136.23,2023-03-30 08:14:07,atm,normal
TX_002335,ACC_0030,ACC_0137,169.84,2023-12-03 06:20:56,online,normal
TX_002336,ACC_0102,ACC_0086,82.36,2023-10-14 01:19:48,branch,normal
TX_002337,ACC_0123,ACC_0016,1429.71,2023-01-07 17:06:58,online,normal
TX_002338,ACC_0076,ACC_0132,180.31,2023-05-03 23:59:12,wire,normal
TX_002339,ACC_0031,ACC_0033,254.91,2023-07-29 20:12:45,wire,normal
TX_002340,ACC_0128,ACC_0124,144.53,2023-01-26 22:33:23,atm,normal
TX_002341,ACC_0119,ACC_0107,42.71,2023-06-01 07:20:27,online,normal
TX_002342,ACC_0146,ACC_0058,135.4,2023-01-28 19:21:48,branch,normal
TX_002343,ACC_0013,ACC_0055,137.67,2023-01-05 03:27:22,online,normal
TX_002344,ACC_0113,ACC_0099,661.6,2023-08-06 16:26:30,online,normal
TX_002345,ACC_0032,ACC_0026,40.63,2023-01-10 02:58:43,branch,normal
TX_002346,ACC_0085,ACC_0064,233.39,2023-04-02 06:51:11,wire,normal
TX_002347,ACC_0134,ACC_0067,544.74,2023-09-04 13:09:52,atm,normal
TX_002348,ACC_0141,ACC_0131,3950.08,2023-08-25 06:45:37,wire,normal
TX_002349,ACC_0121,ACC_0046,140.15,2023-09-07 15:27:29,online,normal
TX_002350,ACC_0109,ACC_0125,959.06,2023-09-06 14:39:12,online,normal
TX_002351,ACC_0124,ACC_0037,310.14,2023-07-17 15:36:37,branch,normal
TX_002352,ACC_0086,ACC_0115,262.67,2023-05-13 17:14:05,online,normal
TX_002353,ACC_0139,ACC_0130,267.26,2023-01-25 14:29:18,branch,normal
TX_002354,ACC_0042,ACC_0036,193.78,2023-11-19 08:41:07,online,normal
TX_002355,ACC_0055,ACC_0041,302.29,2023-12-03 13:17:01,wire,normal
TX_002356,ACC_0120,ACC_0011,706.31,2023-03-05 10:44:38,branch,normal
TX_002357,ACC_0045,ACC_0033,81.86,2023-05-09 05:22:18,wire,normal
TX_002358,ACC_0064,ACC_0090,55.55,2023-08-17 22:02:37,branch,normal
TX_002359,ACC_0003,ACC_0075,242.76,2023-04-29 16:20:16,online,normal
TX_002360,ACC_0094,ACC_0063,573.35,2023-03-15 17:11:05,online,normal
TX_002361,ACC_0020,ACC_0115,46.62,2023-02-20 03:46:02,online,normal
TX_002362,ACC_0030,ACC_0010,19.09,2023-02-13 04:52:10,online,normal
TX_002363,ACC_0148,ACC_0089,172.81,2023-11-20 07:48:03,wire,normal
TX_002364,ACC_0086,ACC_0052,834.92,2023-11-25 01:47:00,online,normal
TX_002365,ACC_0015,ACC_0060,141.41,2023-11-21 04:19:22,online,normal
TX_002366,ACC_0019,ACC_0059,1110.39,2023-10-17 18:04:16,wire,normal
TX_002367,ACC_0055,ACC_0115,19.47,2023-04-14 07:06:40,online,normal
TX_002368,ACC_0122,ACC_0075,807.25,2023-06-07 21:42:24,branch,normal
TX_002369,ACC_0002,ACC_0147,91.17,2023-08-21 23:26:30,wire,normal
TX_002370,ACC_0077,ACC_0009,601.07,2023-09-23 14:49:29,online,normal
TX_002371,ACC_0016,ACC_0002,130.23,2023-03-24 20:08:25,branch,normal
TX_002372,ACC_0081,ACC_0103,770.7,2023-01-07 17:29:22,online,normal
TX_002373,ACC_0024,ACC_0099,149.96,2023-11-06 08:09:29,branch,normal
TX_002374,ACC_0124,ACC_0077,39.46,2023-11-26 22:56:28,online,normal
TX_002375,ACC_0080,ACC_0094,103.94,2023-03-20 14:53:34,online,normal
TX_002376,ACC_0130,ACC_0032,202.37,2023-12-10 15:47:58,online,normal
TX_002377,ACC_0128,ACC_0051,507.55,2023-10-15 10:12:51,branch,normal
TX_002378,ACC_0091,ACC_0114,13.66,2023-11-13 04:22:20,wire,normal
TX_002379,ACC_0087,ACC_0148,219.32,2023-12-12 15:58:06,online,normal
TX_002380,ACC_0016,ACC_0099,381.86,2023-03-10 14:12:02,branch,normal
TX_002381,ACC_0006,ACC_0062,211.61,2023-07-04 20:43:29,wire,normal
TX_002382,ACC_0064,ACC_0042,73.4,2023-05-23 04:59:05,wire,normal
TX_002383,ACC_0134,ACC_0003,299.84,2023-10-18 22:47:25,branch,normal
TX_002384,ACC_0009,ACC_0022,141.49,2023-04-03 05:44:34,online,normal
TX_002385,ACC_0126,ACC_0133,265.21,2023-03-10 02:24:34,online,normal
TX_002386,ACC_0014,ACC_0112,282.91,2023-06-08 07:00:52,branch,normal
TX_002387,ACC_0034,ACC_0088,214.83,2023-01-06 06:56:22,online,normal
TX_002388,ACC_0019,ACC_0024,138.59,2023-11-12 17:19:28,branch,normal
TX_002389,ACC_0021,ACC_0072,26.59,2023-07-13 10:36:35,branch,normal
TX_002390,ACC_0032,ACC_0074,298.96,2023-04-24 21:48:43,branch,normal
TX_002391,ACC_0014,ACC_0078,6.48,2023-12-19 08:41:10,online,normal
TX_002392,ACC_0043,ACC_0117,180.86,2023-05-17 02:57:10,wire,normal
TX_002393,ACC_0095,ACC_0013,17.51,2023-05-02 22:44:13,online,normal
TX_002394,ACC_0144,ACC_0018,52.0,2023-11-18 16:05:34,online,normal
TX_002395,ACC_0001,ACC_0053,95.1,2023-09-03 18:46:15,wire,normal
TX_002396,ACC_0057,ACC_0117,853.67,2023-04-09 02:15:34,wire,normal
TX_002397,ACC_0021,ACC_0001,352.22,2023-07-09 20:13:34,atm,normal
TX_002398,ACC_0005,ACC_0091,289.44,2023-11-30 18:29:50,online,normal
TX_002399,ACC_0100,ACC_0136,118.72,2023-08-14 18:05:40,online,normal
TX_002400,ACC_0077,ACC_0121,16.19,2023-04-26 04:11:15,online,normal
TX_002401,ACC_0062,ACC_0138,259.11,2023-01-12 02:44:35,online,normal
TX_002402,ACC_0003,ACC_0116,123.9,2023-04-29 05:05:01,online,normal
TX_002403,ACC_0027,ACC_0113,47.53,2023-07-20 13:35:47,online,normal
TX_002404,ACC_0017,ACC_0120,190.28,2023-04-12 11:56:05,online,normal
TX_002405,ACC_0043,ACC_0115,240.75,2023-04-05 08:08:26,branch,normal
TX_002406,ACC_0058,ACC_0149,112.46,2023-05-09 09:01:08,online,normal
TX_002407,ACC_0094,ACC_0115,842.47,2023-04-13 21:10:10,online,normal
TX_002408,ACC_0017,ACC_0024,129.1,2023-01-26 08:34:07,branch,normal
TX_002409,ACC_0065,ACC_0110,54.31,2023-02-01 02:34:44,branch,normal
TX_002410,ACC_0128,ACC_0112,25.99,2023-04-23 08:59:50,wire,normal
TX_002411,ACC_0138,ACC_0136,3735.43,2023-02-20 22:59:54,online,normal
TX_002412,ACC_0064,ACC_0072,26.5,2023-09-30 23:52:45,online,normal
TX_002413,ACC_0129,ACC_0136,45.55,2023-10-02 05:31:29,online,normal
TX_002414,ACC_0031,ACC_0045,163.24,2023-06-15 05:27:44,online,normal
TX_002415,ACC_0090,ACC_0087,368.35,2023-07-04 11:45:16,online,normal
TX_002416,ACC_0009,ACC_0034,99.56,2023-04-29 22:17:47,online,normal
TX_002417,ACC_0136,ACC_0149,317.26,2023-11-09 08:07:27,online,normal
TX_002418,ACC_0004,ACC_0133,459.76,2023-01-18 19:15:17,online,normal
TX_002419,ACC_0097,ACC_0131,19.6,2023-01-25 05:36:07,online,normal
TX_002420,ACC_0003,ACC_0043,476.5,2023-07-13 21:28:52,online,normal
TX_002421,ACC_0041,ACC_0023,451.66,2023-01-28 01:02:10,online,normal
TX_002422,ACC_0064,ACC_0119,277.4,2023-07-26 05:04:10,branch,normal
TX_002423,ACC_0054,ACC_0100,70.39,2023-11-25 09:06:34,branch,normal
TX_002424,ACC_0027,ACC_0007,68.87,2023-01-18 04:42:51,online,normal
TX_002425,ACC_0074,ACC_0104,17.56,2023-09-02 10:41:45,online,normal
TX_002426,ACC_0007,ACC_0072,68.69,2023-10-26 07:57:09,wire,normal
TX_002427,ACC_0076,ACC_0030,163.67,2023-05-16 02:50:41,online,normal
TX_002428,ACC_0061,ACC_0026,94.81,2023-04-29 16:36:16,online,normal
TX_002429,ACC_0111,ACC_0071,45.84,2023-02-11 12:48:21,wire,normal
TX_002430,ACC_0140,ACC_0090,157.53,2023-02-13 23:54:25,wire,normal
TX_002431,ACC_0069,ACC_0098,32.28,2023-01-15 09:19:50,online,normal
TX_002432,ACC_0001,ACC_0081,941.48,2023-10-13 11:11:02,branch,normal
TX_002433,ACC_0017,ACC_0059,390.58,2023-08-01 14:41:00,online,normal
TX_002434,ACC_0130,ACC_0006,172.98,2023-10-06 17:51:17,online,normal
TX_002435,ACC_0004,ACC_0055,52.63,2023-04-06 16:24:40,atm,normal
TX_002436,ACC_0073,ACC_0029,2381.38,2023-06-23 01:59:10,online,normal
TX_002437,ACC_0146,ACC_0128,116.96,2023-07-12 06:15:44,online,normal
TX_002438,ACC_0042,ACC_0124,48.82,2023-03-29 09:56:39,branch,normal
TX_002439,ACC_0114,ACC_0130,21.59,2023-07-12 06:19:24,branch,normal
TX_002440,ACC_0003,ACC_0091,66.23,2023-08-11 21:14:54,atm,normal
TX_002441,ACC_0147,ACC_0090,408.22,2023-08-21 18:26:53,online,normal
TX_002442,ACC_0027,ACC_0104,141.81,2023-01-16 18:03:11,online,normal
TX_002443,ACC_0051,ACC_0119,313.24,2023-05-11 05:32:20,online,normal
TX_002444,ACC_0014,ACC_0019,266.83,2023-07-16 20:23:45,online,normal
TX_002445,ACC_0148,ACC_0136,165.35,2023-11-03 11:20:53,atm,normal
TX_002446,ACC_0050,ACC_0105,492.81,2023-03-28 21:25:19,online,normal
TX_002447,ACC_0008,ACC_0062,68.67,2023-08-27 20:08:32,wire,normal
TX_002448,ACC_0038,ACC_0085,86.87,2023-05-31 19:44:38,branch,normal
TX_002449,ACC_0111,ACC_0096,182.08,2023-09-23 10:11:49,wire,normal
TX_002450,ACC_0056,ACC_0134,26.77,2023-06-23 16:59:24,online,normal
TX_002451,ACC_0103,ACC_0044,366.93,2023-01-21 06:19:52,online,normal
TX_002452,ACC_0129,ACC_0041,54.19,2023-07-25 23:34:59,wire,normal
TX_002453,ACC_0048,ACC_0127,73.52,2023-04-28 23:53:02,online,normal
TX_002454,ACC_0118,ACC_0055,472.15,2023-08-23 12:16:30,online,normal
TX_002455,ACC_0114,ACC_0087,532.84,2023-08-12 21:30:52,branch,normal
TX_002456,ACC_0054,ACC_0130,8060.39,2023-07-14 10:02:07,online,smurf
TX_002457,ACC_0119,ACC_0094,113.52,2023-04-15 19:10:12,online,normal
TX_002458,ACC_0074,ACC_0085,287.69,2023-12-02 17:50:20,online,normal
TX_002459,ACC_0006,ACC_0031,173.37,2023-06-24 15:57:51,wire,normal
TX_002460,ACC_0078,ACC_0020,136.95,2023-03-16 00:03:02,online,normal
TX_002461,ACC_0030,ACC_0103,187.69,2023-09-28 15:23:50,atm,normal
TX_002462,ACC_0014,ACC_0132,464.06,2023-07-05 12:03:45,online,normal
TX_002463,ACC_0095,ACC_0017,207.34,2023-10-21 15:26:23,wire,normal
TX_002464,ACC_0113,ACC_0062,141.16,2023-04-06 22:04:55,wire,normal
TX_002465,ACC_0031,ACC_0117,50.14,2023-06-10 22:37:05,online,normal
TX_002466,ACC_0038,ACC_0103,105.45,2023-01-18 22:01:13,wire,normal
TX_002467,ACC_0150,ACC_0037,38.34,2023-10-25 23:03:26,branch,normal
TX_002468,ACC_0023,ACC_0093,283.97,2023-03-20 11:44:07,wire,normal
TX_002469,ACC_0072,ACC_0149,14.94,2023-09-16 08:11:09,online,normal
TX_002470,ACC_0083,ACC_0025,275.27,2023-02-13 00:28:08,branch,normal
TX_002471,ACC_0075,ACC_0021,96.94,2023-01-02 23:36:47,branch,normal
TX_002472,ACC_0104,ACC_0005,23.49,2023-07-27 13:08:18,wire,normal
TX_002473,ACC_0002,ACC_0080,1584.03,2023-05-28 02:14:21,online,normal
TX_002474,ACC_0107,ACC_0126,40.23,2023-04-29 11:50:05,online,normal
TX_002475,ACC_0003,ACC_0132,115.49,2023-10-14 12:25:26,wire,normal
TX_002476,ACC_0002,ACC_0111,105.14,2023-01-29 14:11:28,online,normal
TX_002477,ACC_0003,ACC_0021,2332.9,2023-12-10 11:26:13,atm,normal
TX_002478,ACC_0015,ACC_0061,123.1,2023-12-19 07:39:25,wire,normal
TX_002479,ACC_0063,ACC_0022,225.78,2023-04-04 22:12:33,online,normal
TX_002480,ACC_0007,ACC_0092,30.56,2023-08-17 21:47:59,online,normal
TX_002481,ACC_0082,ACC_0147,377.67,2023-05-27 05:05:41,online,normal
TX_002482,ACC_0028,ACC_0059,7.24,2023-10-02 18:41:33,online,normal
TX_002483,ACC_0042,ACC_0032,47.7,2023-09-26 15:15:24,online,normal
TX_002484,ACC_0071,ACC_0130,8721.86,2023-11-09 19:26:01,online,smurf
TX_002485,ACC_0091,ACC_0114,53.44,2023-04-09 11:32:55,atm,normal
TX_002486,ACC_0135,ACC_0140,454.55,2023-10-05 13:24:38,online,normal
TX_002487,ACC_0001,ACC_0132,316.23,2023-09-24 14:47:31,branch,normal
TX_002488,ACC_0056,ACC_0031,19.86,2023-08-28 18:00:52,wire,normal
TX_002489,ACC_0028,ACC_0051,615.75,2023-08-13 02:26:32,online,normal
TX_002490,ACC_0125,ACC_0053,148.57,2023-11-27 03:38:26,online,normal
TX_002491,ACC_0143,ACC_0022,128.41,2023-12-29 18:41:39,online,normal
TX_002492,ACC_0142,ACC_0059,41.39,2023-04-28 04:16:48,online,normal
TX_002493,ACC_0068,ACC_0126,604.93,2023-03-06 01:48:01,online,normal
TX_002494,ACC_0118,ACC_0009,202.94,2023-08-24 06:56:52,online,normal
TX_002495,ACC_0090,ACC_0049,558.58,2023-09-04 20:02:33,online,normal
TX_002496,ACC_0084,ACC_0074,67.98,2023-02-13 21:00:40,online,normal
TX_002497,ACC_0002,ACC_0142,43.76,2023-03-19 11:39:02,wire,normal
TX_002498,ACC_0132,ACC_0025,55.95,2023-02-28 12:45:45,wire,normal
TX_002499,ACC_0013,ACC_0072,519.44,2023-05-19 17:29:59,online,normal
TX_002500,ACC_0129,ACC_0040,26.44,2023-07-08 17:07:28,online,normal
TX_002501,ACC_0103,ACC_0094,91.91,2023-05-18 11:50:49,online,normal
TX_002502,ACC_0055,ACC_0098,1288.53,2023-12-25 04:23:24,online,normal
TX_002503,ACC_0013,ACC_0132,98.52,2023-11-16 00:42:41,atm,normal
TX_002504,ACC_0112,ACC_0131,323.33,2023-07-03 00:15:53,online,normal
TX_002505,ACC_0107,ACC_0067,117.03,2023-09-12 12:20:57,online,normal
TX_002506,ACC_0005,ACC_0113,144.56,2023-02-12 08:10:24,atm,normal
TX_002507,ACC_0077,ACC_0014,208.29,2023-03-28 20:43:47,atm,normal
TX_002508,ACC_0080,ACC_0095,1026.75,2023-10-12 12:58:14,online,normal
TX_002509,ACC_0090,ACC_0108,766.92,2023-04-14 06:18:37,branch,normal
TX_002510,ACC_0040,ACC_0022,363.37,2023-10-24 00:52:34,online,normal
TX_002511,ACC_0149,ACC_0100,106.38,2023-03-12 04:18:28,online,normal
TX_002512,ACC_0090,ACC_0053,280.9,2023-11-14 00:23:08,online,normal
TX_002513,ACC_0098,ACC_0146,167.85,2023-09-27 11:01:49,online,normal
TX_002514,ACC_0100,ACC_0059,500.9,2023-10-15 11:07:16,branch,normal
TX_002515,ACC_0091,ACC_0037,252.33,2023-02-06 18:55:03,branch,normal
TX_002516,ACC_0097,ACC_0048,1105.7,2023-06-18 01:05:52,online,normal
TX_002517,ACC_0028,ACC_0025,56.11,2023-10-19 09:47:07,wire,normal
TX_002518,ACC_0102,ACC_0118,134.74,2023-12-03 21:19:30,online,normal
TX_002519,ACC_0126,ACC_0003,198.49,2023-06-06 07:46:45,atm,normal
TX_002520,ACC_0066,ACC_0052,194.13,2023-12-20 17:45:38,online,normal
TX_002521,ACC_0067,ACC_0076,24.0,2023-08-21 22:36:21,online,normal
TX_002522,ACC_0031,ACC_0119,20.1,2023-12-28 20:34:17,online,normal
TX_002523,ACC_0034,ACC_0036,88.47,2023-02-17 14:01:35,online,normal
TX_002524,ACC_0025,ACC_0034,111.94,2023-08-17 11:14:49,online,normal
TX_002525,ACC_0124,ACC_0134,91.61,2023-04-23 11:40:34,online,normal
TX_002526,ACC_0070,ACC_0078,47.91,2023-07-15 01:16:38,online,normal
TX_002527,ACC_0077,ACC_0116,28.15,2023-01-21 13:14:49,wire,normal
TX_002528,ACC_0010,ACC_0114,7.41,2023-01-28 00:53:14,online,normal
TX_002529,ACC_0077,ACC_0078,85.85,2023-01-13 08:48:12,branch,normal
TX_002530,ACC_0129,ACC_0033,292.74,2023-08-09 14:39:51,atm,normal
TX_002531,ACC_0019,ACC_0066,50.23,2023-05-26 12:36:12,online,normal
TX_002532,ACC_0070,ACC_0122,177.99,2023-06-18 10:55:21,online,normal
TX_002533,ACC_0009,ACC_0038,60.46,2023-11-23 13:59:45,atm,normal
TX_002534,ACC_0008,ACC_0121,154.76,2023-12-08 07:05:11,branch,normal
TX_002535,ACC_0101,ACC_0016,25.79,2023-09-09 18:32:42,online,normal
TX_002536,ACC_0125,ACC_0027,362.04,2023-02-24 06:30:58,wire,normal
TX_002537,ACC_0107,ACC_0113,157.34,2023-07-03 04:07:08,branch,normal
TX_002538,ACC_0108,ACC_0040,118.9,2023-03-14 09:26:28,online,normal
TX_002539,ACC_0026,ACC_0046,599.97,2023-03-03 10:44:10,branch,normal
TX_002540,ACC_0080,ACC_0144,113.83,2023-02-03 14:41:37,atm,normal
TX_002541,ACC_0024,ACC_0035,137.02,2023-03-29 04:32:13,wire,normal
TX_002542,ACC_0133,ACC_0033,138.45,2023-01-16 22:47:23,atm,normal
TX_002543,ACC_0128,ACC_0135,437.11,2023-02-07 19:29:51,branch,normal
TX_002544,ACC_0137,ACC_0095,415.84,2023-11-07 02:34:43,online,normal
TX_002545,ACC_0016,ACC_0146,301.99,2023-10-08 19:38:30,online,normal
TX_002546,ACC_0030,ACC_0066,196.3,2023-07-23 09:13:42,online,normal
TX_002547,ACC_0046,ACC_0125,442.19,2023-01-20 15:36:39,online,normal
TX_002548,ACC_0121,ACC_0066,35.6,2023-06-03 09:53:37,wire,normal
TX_002549,ACC_0134,ACC_0010,1630.12,2023-01-19 09:32:13,online,normal
TX_002550,ACC_0081,ACC_0022,37.58,2023-08-16 15:59:52,wire,normal
TX_002551,ACC_0148,ACC_0048,33.74,2023-03-16 00:37:05,branch,normal
TX_002552,ACC_0067,ACC_0093,7.21,2023-04-03 04:11:02,atm,normal
TX_002553,ACC_0004,ACC_0095,75.74,2023-07-26 22:16:40,branch,normal
TX_002554,ACC_0029,ACC_0117,418.49,2023-06-05 10:04:16,online,normal
TX_002555,ACC_0034,ACC_0076,117.35,2023-03-22 06:57:13,branch,normal
TX_002556,ACC_0084,ACC_0056,134.33,2023-05-07 21:54:07,branch,normal
TX_002557,ACC_0042,ACC_0015,146.16,2023-10-08 14:34:14,atm,normal
TX_002558,ACC_0135,ACC_0143,147.52,2023-12-28 04:20:29,online,normal
TX_002559,ACC_0066,ACC_0010,155.36,2023-08-27 19:44:39,atm,normal
TX_002560,ACC_0150,ACC_0064,311.6,2023-03-03 03:26:22,wire,normal
TX_002561,ACC_0130,ACC_0011,273.46,2023-05-30 05:37:57,online,normal
TX_002562,ACC_0133,ACC_0052,6099.16,2023-02-11 16:39:02,wire,normal
TX_002563,ACC_0017,ACC_0096,410.3,2023-06-18 23:28:12,wire,normal
TX_002564,ACC_0114,ACC_0116,134.36,2023-05-18 08:41:20,branch,normal
TX_002565,ACC_0081,ACC_0071,43.29,2023-08-21 03:14:25,online,normal
TX_002566,ACC_0118,ACC_0066,34.07,2023-05-24 18:20:52,online,normal
TX_002567,ACC_0027,ACC_0120,101.96,2023-09-28 04:18:44,wire,normal
TX_002568,ACC_0129,ACC_0111,250.66,2023-11-11 15:29:52,online,normal
TX_002569,ACC_0032,ACC_0082,124.76,2023-01-03 11:09:54,branch,normal
TX_002570,ACC_0131,ACC_0019,431.12,2023-01-28 01:23:01,online,normal
TX_002571,ACC_0067,ACC_0131,5.38,2023-01-06 18:19:41,wire,normal
TX_002572,ACC_0124,ACC_0023,55.17,2023-12-04 02:21:47,atm,normal
TX_002573,ACC_0091,ACC_0033,93.11,2023-09-12 07:38:11,branch,normal
TX_002574,ACC_0130,ACC_0141,272.82,2023-07-16 09:41:26,wire,normal
TX_002575,ACC_0037,ACC_0036,812.44,2023-08-06 13:56:06,online,normal
TX_002576,ACC_0016,ACC_0104,279.43,2023-01-29 07:15:05,online,normal
TX_002577,ACC_0100,ACC_0017,146.27,2023-06-17 12:09:35,wire,normal
TX_002578,ACC_0140,ACC_0072,105.82,2023-05-08 12:24:18,online,normal
TX_002579,ACC_0009,ACC_0017,244.35,2023-02-01 01:43:22,branch,normal
TX_002580,ACC_0063,ACC_0121,587.12,2023-04-01 19:49:36,online,normal
TX_002581,ACC_0014,ACC_0039,280.44,2023-06-10 19:16:56,branch,normal
TX_002582,ACC_0119,ACC_0009,270.13,2023-12-26 05:32:51,online,normal
TX_002583,ACC_0141,ACC_0128,100.5,2023-10-24 10:36:20,online,normal
TX_002584,ACC_0049,ACC_0078,93.38,2023-04-07 01:36:56,branch,normal
TX_002585,ACC_0074,ACC_0145,70.79,2023-11-27 00:04:35,online,normal
TX_002586,ACC_0037,ACC_0068,158.69,2023-07-06 20:05:36,online,normal
TX_002587,ACC_0050,ACC_0040,183.5,2023-05-06 19:11:23,online,normal
TX_002588,ACC_0057,ACC_0013,1174.77,2023-05-03 11:36:05,online,normal
TX_002589,ACC_0078,ACC_0068,184.22,2023-05-20 20:10:20,online,normal
TX_002590,ACC_0107,ACC_0045,533.79,2023-10-22 22:38:19,branch,normal
TX_002591,ACC_0083,ACC_0099,297.32,2023-05-22 18:07:54,online,normal
TX_002592,ACC_0107,ACC_0120,387.94,2023-02-05 13:04:14,online,normal
TX_002593,ACC_0103,ACC_0131,86.47,2023-11-11 19:42:17,branch,normal
TX_002594,ACC_0130,ACC_0085,35.68,2023-11-18 22:44:55,online,normal
TX_002595,ACC_0048,ACC_0017,157.46,2023-02-05 11:42:58,atm,normal
TX_002596,ACC_0079,ACC_0150,12.17,2023-09-02 16:38:05,wire,normal
TX_002597,ACC_0015,ACC_0087,43.22,2023-11-18 00:11:07,wire,normal
TX_002598,ACC_0082,ACC_0010,50.51,2023-08-20 17:57:57,online,normal
TX_002599,ACC_0012,ACC_0059,122.27,2023-03-08 08:36:42,branch,normal
TX_002600,ACC_0126,ACC_0015,657.61,2023-04-13 03:35:50,atm,normal
TX_002601,ACC_0091,ACC_0033,613.55,2023-01-14 21:25:54,online,normal
TX_002602,ACC_0026,ACC_0029,249.68,2023-05-30 04:32:13,branch,normal
TX_002603,ACC_0008,ACC_0088,194.77,2023-09-03 16:21:35,branch,normal
TX_002604,ACC_0064,ACC_0048,362.21,2023-04-09 02:37:06,branch,normal
TX_002605,ACC_0112,ACC_0069,111.89,2023-02-18 04:55:37,online,normal
TX_002606,ACC_0111,ACC_0017,39.2,2023-02-19 18:23:12,online,normal
TX_002607,ACC_0086,ACC_0010,136.94,2023-09-24 03:44:40,branch,normal
TX_002608,ACC_0090,ACC_0059,293.26,2023-03-02 14:11:18,online,normal
TX_002609,ACC_0064,ACC_0057,39.76,2023-06-30 20:44:15,online,normal
TX_002610,ACC_0050,ACC_0121,80.92,2023-06-12 15:21:21,online,normal
TX_002611,ACC_0095,ACC_0088,67.92,2023-07-21 14:58:21,online,normal
TX_002612,ACC_0147,ACC_0058,101.96,2023-12-01 09:33:12,branch,normal
TX_002613,ACC_0088,ACC_0089,735.15,2023-10-04 07:08:46,online,normal
TX_002614,ACC_0013,ACC_0004,366.83,2023-05-31 15:11:59,wire,normal
TX_002615,ACC_0019,ACC_0106,88.36,2023-09-06 16:17:01,atm,normal
TX_002616,ACC_0110,ACC_0116,143.55,2023-11-13 15:39:00,online,normal
TX_002617,ACC_0037,ACC_0054,91.88,2023-02-15 20:24:18,branch,normal
TX_002618,ACC_0078,ACC_0070,230.07,2023-04-08 13:19:17,online,normal
TX_002619,ACC_0023,ACC_0057,609.75,2023-07-31 00:12:20,online,normal
TX_002620,ACC_0137,ACC_0119,80.88,2023-02-24 15:57:47,atm,normal
TX_002621,ACC_0147,ACC_0029,263.88,2023-07-04 14:45:07,online,normal
TX_002622,ACC_0124,ACC_0073,52.14,2023-06-04 16:07:58,online,normal
TX_002623,ACC_0150,ACC_0131,179.86,2023-01-24 11:06:46,wire,normal
TX_002624,ACC_0128,ACC_0026,171.34,2023-01-19 15:49:11,online,normal
TX_002625,ACC_0083,ACC_0026,182.45,2023-12-21 03:02:00,online,normal
TX_002626,ACC_0073,ACC_0135,83.71,2023-09-09 16:12:42,atm,normal
TX_002627,ACC_0010,ACC_0057,264.47,2023-07-26 00:51:45,wire,normal
TX_002628,ACC_0018,ACC_0063,583.73,2023-12-28 12:56:00,online,normal
TX_002629,ACC_0013,ACC_0083,454.37,2023-02-09 22:44:39,branch,normal
TX_002630,ACC_0043,ACC_0096,102.72,2023-03-23 06:16:44,branch,normal
TX_002631,ACC_0090,ACC_0021,215.91,2023-11-13 05:32:27,branch,normal
TX_002632,ACC_0063,ACC_0076,1513.51,2023-11-16 07:32:28,online,normal
TX_002633,ACC_0121,ACC_0110,13.94,2023-11-06 23:45:15,online,normal
TX_002634,ACC_0140,ACC_0096,17.19,2023-06-12 18:16:29,wire,normal
TX_002635,ACC_0108,ACC_0044,83.39,2023-02-25 22:08:50,wire,normal
TX_002636,ACC_0050,ACC_0036,369.04,2023-11-26 10:38:33,branch,normal
TX_002637,ACC_0093,ACC_0084,795.63,2023-01-19 12:07:43,online,normal
TX_002638,ACC_0113,ACC_0078,131.97,2023-11-16 12:16:27,branch,normal
TX_002639,ACC_0011,ACC_0085,105.78,2023-09-27 00:43:29,atm,normal
TX_002640,ACC_0066,ACC_0037,253.04,2023-02-02 10:39:24,online,normal
TX_002641,ACC_0118,ACC_0022,71.91,2023-10-11 09:33:35,branch,normal
TX_002642,ACC_0078,ACC_0147,47.71,2023-04-18 04:37:23,online,normal
TX_002643,ACC_0126,ACC_0020,6160.05,2023-05-30 09:04:49,branch,normal
TX_002644,ACC_0101,ACC_0077,109.73,2023-03-10 17:01:15,branch,normal
TX_002645,ACC_0082,ACC_0046,124.44,2023-06-22 00:11:06,wire,normal
TX_002646,ACC_0119,ACC_0037,220.88,2023-04-29 17:52:44,online,normal
TX_002647,ACC_0084,ACC_0083,223.2,2023-07-21 00:58:21,online,normal
TX_002648,ACC_0107,ACC_0146,61.17,2023-11-27 00:05:57,branch,normal
TX_002649,ACC_0144,ACC_0124,65.75,2023-05-18 16:05:58,online,normal
TX_002650,ACC_0105,ACC_0018,91.3,2023-12-29 18:47:23,wire,normal
TX_002651,ACC_0020,ACC_0054,50.4,2023-01-19 22:20:39,online,normal
TX_002652,ACC_0148,ACC_0133,141.57,2023-07-05 23:06:46,online,normal
TX_002653,ACC_0078,ACC_0145,1370.25,2023-03-23 19:58:30,online,normal
TX_002654,ACC_0143,ACC_0096,179.71,2023-08-24 02:25:35,online,normal
TX_002655,ACC_0028,ACC_0128,29.64,2023-10-01 10:36:25,online,normal
TX_002656,ACC_0143,ACC_0004,105.6,2023-10-05 09:11:17,wire,normal
TX_002657,ACC_0062,ACC_0046,243.03,2023-09-06 20:15:21,online,normal
TX_002658,ACC_0129,ACC_0038,23.08,2023-11-01 16:51:28,online,normal
TX_002659,ACC_0047,ACC_0022,415.73,2023-09-24 09:26:57,branch,normal
TX_002660,ACC_0120,ACC_0133,269.94,2023-12-29 21:33:42,branch,normal
TX_002661,ACC_0112,ACC_0018,24.84,2023-07-06 08:28:49,online,normal
TX_002662,ACC_0062,ACC_0006,1404.76,2023-03-30 11:47:23,online,normal
TX_002663,ACC_0143,ACC_0040,83.81,2023-04-06 09:34:14,wire,normal
TX_002664,ACC_0088,ACC_0030,28.32,2023-07-28 19:12:53,wire,normal
TX_002665,ACC_0028,ACC_0129,220.19,2023-10-04 11:31:43,wire,normal
TX_002666,ACC_0026,ACC_0121,1038.44,2023-07-27 11:30:07,online,normal
TX_002667,ACC_0105,ACC_0098,42.7,2023-07-05 11:06:16,atm,normal
TX_002668,ACC_0059,ACC_0091,902.24,2023-03-27 11:59:36,wire,normal
TX_002669,ACC_0146,ACC_0125,237.82,2023-07-09 05:05:21,branch,normal
TX_002670,ACC_0148,ACC_0009,47.24,2023-02-01 22:46:17,online,normal
TX_002671,ACC_0136,ACC_0146,80.01,2023-12-12 20:16:42,online,normal
TX_002672,ACC_0135,ACC_0145,18.97,2023-08-28 17:46:58,branch,normal
TX_002673,ACC_0136,ACC_0010,114.98,2023-12-13 17:41:12,branch,normal
TX_002674,ACC_0047,ACC_0015,198.2,2023-07-31 00:49:14,branch,normal
TX_002675,ACC_0063,ACC_0082,30.13,2023-02-05 05:01:29,wire,normal
TX_002676,ACC_0098,ACC_0111,525.58,2023-04-29 07:25:51,online,normal
TX_002677,ACC_0006,ACC_0110,53.43,2023-12-08 11:03:28,online,normal
TX_002678,ACC_0081,ACC_0140,144.61,2023-07-20 04:55:04,branch,normal
TX_002679,ACC_0012,ACC_0106,192.4,2023-05-16 11:19:16,online,normal
TX_002680,ACC_0005,ACC_0034,470.67,2023-11-24 23:13:30,online,normal
TX_002681,ACC_0147,ACC_0102,137.58,2023-05-21 13:35:31,online,normal
TX_002682,ACC_0104,ACC_0105,45.38,2023-11-23 10:51:49,atm,normal
TX_002683,ACC_0061,ACC_0123,416.71,2023-12-25 21:28:16,branch,normal
TX_002684,ACC_0096,ACC_0008,195.25,2023-09-05 22:41:47,online,normal
TX_002685,ACC_0024,ACC_0065,171.62,2023-04-05 21:07:55,online,normal
TX_002686,ACC_0084,ACC_0043,49.64,2023-07-01 14:00:52,atm,normal
TX_002687,ACC_0048,ACC_0138,491.03,2023-08-27 06:26:59,wire,normal
TX_002688,ACC_0088,ACC_0010,110.33,2023-11-03 17:53:27,online,normal
TX_002689,ACC_0001,ACC_0139,1872.14,2023-06-06 01:34:49,online,normal
TX_002690,ACC_0113,ACC_0109,301.86,2023-03-08 02:41:16,online,normal
TX_002691,ACC_0067,ACC_0118,14.79,2023-09-10 00:37:23,branch,normal
TX_002692,ACC_0037,ACC_0072,134.39,2023-08-08 15:15:49,atm,normal
TX_002693,ACC_0060,ACC_0028,14.95,2023-04-02 05:08:34,wire,normal
TX_002694,ACC_0049,ACC_0046,82.93,2023-06-26 01:25:05,online,normal
TX_002695,ACC_0021,ACC_0051,413.42,2023-10-24 22:41:52,wire,normal
TX_002696,ACC_0038,ACC_0018,247.26,2023-08-07 13:20:45,wire,normal
TX_002697,ACC_0122,ACC_0023,85.33,2023-08-29 10:04:21,online,normal
TX_002698,ACC_0123,ACC_0129,439.52,2023-06-13 11:23:40,online,normal
TX_002699,ACC_0058,ACC_0105,338.41,2023-05-17 20:48:54,online,normal
TX_002700,ACC_0139,ACC_0143,185.48,2023-04-28 03:47:36,wire,normal
TX_002701,ACC_0039,ACC_0113,89.62,2023-06-15 01:10:11,wire,normal
TX_002702,ACC_0010,ACC_0097,131.23,2023-08-31 22:09:24,online,normal
TX_002703,ACC_0125,ACC_0058,230.6,2023-11-20 08:49:54,branch,normal
TX_002704,ACC_0095,ACC_0009,132.41,2023-04-25 12:19:40,online,normal
TX_002705,ACC_0120,ACC_0111,110.74,2023-10-06 08:33:36,wire,normal
TX_002706,ACC_0065,ACC_0017,135.19,2023-03-21 20:20:12,online,normal
TX_002707,ACC_0018,ACC_0040,82.48,2023-11-13 03:33:05,atm,normal
TX_002708,ACC_0047,ACC_0121,36.88,2023-05-19 09:12:31,branch,normal
TX_002709,ACC_0075,ACC_0097,50.83,2023-02-13 04:28:55,branch,normal
TX_002710,ACC_0087,ACC_0149,3241.81,2023-10-10 18:36:30,branch,normal
TX_002711,ACC_0109,ACC_0012,225.41,2023-09-25 12:45:22,branch,normal
TX_002712,ACC_0038,ACC_0059,68.26,2023-09-17 16:42:12,atm,normal
TX_002713,ACC_0004,ACC_0001,30.08,2023-06-28 19:02:30,online,normal
TX_002714,ACC_0035,ACC_0104,265.91,2023-01-03 01:29:00,online,normal
TX_002715,ACC_0079,ACC_0070,385.18,2023-02-15 02:53:58,branch,normal
TX_002716,ACC_0139,ACC_0017,243.69,2023-10-19 05:39:01,atm,normal
TX_002717,ACC_0120,ACC_0136,41.63,2023-08-10 02:34:10,branch,normal
TX_002718,ACC_0143,ACC_0037,96.76,2023-04-14 14:43:15,online,normal
TX_002719,ACC_0027,ACC_0036,725.7,2023-01-16 09:22:40,atm,normal
TX_002720,ACC_0002,ACC_0065,94.12,2023-08-29 06:49:55,online,normal
TX_002721,ACC_0047,ACC_0076,335.37,2023-05-14 23:29:14,atm,normal
TX_002722,ACC_0082,ACC_0141,15.56,2023-12-02 02:05:04,wire,normal
TX_002723,ACC_0087,ACC_0006,168.58,2023-08-22 05:19:31,wire,normal
TX_002724,ACC_0093,ACC_0048,48.89,2023-06-16 01:08:04,online,normal
TX_002725,ACC_0075,ACC_0014,648.81,2023-09-23 15:08:10,wire,normal
TX_002726,ACC_0059,ACC_0128,154.36,2023-10-15 11:44:06,branch,normal
TX_002727,ACC_0014,ACC_0003,172.73,2023-04-13 20:05:41,branch,normal
TX_002728,ACC_0055,ACC_0099,20.16,2023-04-14 09:30:54,branch,normal
TX_002729,ACC_0028,ACC_0066,1164.58,2023-06-04 00:49:35,online,normal
TX_002730,ACC_0126,ACC_0122,58.23,2023-09-17 10:23:24,online,normal
TX_002731,ACC_0065,ACC_0086,62.67,2023-01-29 19:53:40,atm,normal
TX_002732,ACC_0062,ACC_0080,312.56,2023-05-17 08:39:19,wire,normal
TX_002733,ACC_0037,ACC_0099,262.57,2023-12-15 14:43:46,online,normal
TX_002734,ACC_0104,ACC_0073,128.44,2023-08-08 07:06:38,branch,normal
TX_002735,ACC_0082,ACC_0069,250.76,2023-09-29 05:35:42,wire,normal
TX_002736,ACC_0033,ACC_0135,967.61,2023-03-29 13:07:01,online,normal
TX_002737,ACC_0015,ACC_0132,162.53,2023-09-04 00:38:14,branch,normal
TX_002738,ACC_0067,ACC_0016,1413.56,2023-06-27 22:30:41,online,normal
TX_002739,ACC_0037,ACC_0146,141.25,2023-11-01 19:19:35,branch,normal
TX_002740,ACC_0122,ACC_0120,204.12,2023-06-23 18:04:29,branch,normal
TX_002741,ACC_0115,ACC_0001,376.26,2023-09-16 03:56:50,atm,normal
TX_002742,ACC_0034,ACC_0088,185.33,2023-10-27 23:40:40,wire,normal
TX_002743,ACC_0025,ACC_0035,52.82,2023-08-14 14:44:01,wire,normal
TX_002744,ACC_0008,ACC_0098,837.43,2023-01-31 01:09:12,online,normal
TX_002745,ACC_0125,ACC_0087,344.03,2023-05-28 13:11:38,online,normal
TX_002746,ACC_0028,ACC_0036,112.81,2023-03-31 22:42:29,online,normal
TX_002747,ACC_0010,ACC_0017,19.16,2023-07-27 14:55:15,wire,normal
TX_002748,ACC_0036,ACC_0079,73.92,2023-03-17 05:58:38,online,normal
TX_002749,ACC_0037,ACC_0119,54.03,2023-12-07 01:38:27,online,normal
TX_002750,ACC_0097,ACC_0044,62.88,2023-06-02 02:09:34,online,normal
TX_002751,ACC_0071,ACC_0145,150.25,2023-10-31 07:20:02,branch,normal
TX_002752,ACC_0095,ACC_0006,160.01,2023-05-20 04:55:20,online,normal
TX_002753,ACC_0096,ACC_0075,64.24,2023-03-28 05:38:33,branch,normal
TX_002754,ACC_0150,ACC_0083,136.88,2023-12-13 10:07:54,wire,normal
TX_002755,ACC_0121,ACC_0090,212.43,2023-02-24 07:00:34,online,normal
TX_002756,ACC_0143,ACC_0033,267.54,2023-06-08 00:02:23,online,normal
TX_002757,ACC_0073,ACC_0076,595.08,2023-04-18 14:29:18,atm,normal
TX_002758,ACC_0123,ACC_0038,47.67,2023-06-15 21:56:30,online,normal
TX_002759,ACC_0137,ACC_0068,79.72,2023-10-25 19:49:49,wire,normal
TX_002760,ACC_0126,ACC_0057,62.42,2023-04-28 03:55:51,online,normal
TX_002761,ACC_0100,ACC_0146,299.22,2023-02-13 19:14:23,online,normal
TX_002762,ACC_0108,ACC_0140,21.04,2023-11-05 12:56:57,wire,normal
TX_002763,ACC_0089,ACC_0060,85.23,2023-07-26 01:50:12,online,normal
TX_002764,ACC_0087,ACC_0089,75.13,2023-11-04 21:50:30,atm,normal
TX_002765,ACC_0054,ACC_0087,112.31,2023-03-22 14:31:46,online,normal
TX_002766,ACC_0022,ACC_0107,230.58,2023-12-18 05:30:16,online,normal
TX_002767,ACC_0012,ACC_0119,160.5,2023-01-24 19:03:23,online,normal
TX_002768,ACC_0077,ACC_0116,748.02,2023-10-10 15:13:12,online,normal
TX_002769,ACC_0034,ACC_0147,136.95,2023-06-02 04:08:20,online,normal
TX_002770,ACC_0032,ACC_0124,358.64,2023-05-16 03:56:47,online,normal
TX_002771,ACC_0121,ACC_0115,20.42,2023-05-26 01:03:37,online,normal
TX_002772,ACC_0030,ACC_0126,42.25,2023-08-15 13:58:29,online,normal
TX_002773,ACC_0069,ACC_0134,145.26,2023-02-21 19:33:49,online,normal
TX_002774,ACC_0049,ACC_0002,695.42,2023-02-10 07:47:26,atm,normal
TX_002775,ACC_0084,ACC_0047,110.99,2023-12-19 20:47:51,branch,normal
TX_002776,ACC_0024,ACC_0149,457.37,2023-03-17 06:16:27,online,normal
TX_002777,ACC_0029,ACC_0109,557.59,2023-02-10 05:18:08,wire,normal
TX_002778,ACC_0035,ACC_0063,524.34,2023-03-30 06:13:54,wire,normal
TX_002779,ACC_0144,ACC_0003,34.74,2023-05-26 11:21:33,wire,normal
TX_002780,ACC_0073,ACC_0103,23.56,2023-11-02 13:10:14,wire,normal
TX_002781,ACC_0015,ACC_0036,106.87,2023-12-28 01:15:56,online,normal
TX_002782,ACC_0069,ACC_0034,1557.09,2023-01-05 00:04:26,wire,normal
TX_002783,ACC_0107,ACC_0069,218.06,2023-06-12 16:29:45,atm,normal
TX_002784,ACC_0078,ACC_0062,422.15,2023-09-21 16:15:49,online,normal
TX_002785,ACC_0117,ACC_0149,286.67,2023-08-20 01:14:46,wire,normal
TX_002786,ACC_0057,ACC_0138,73.81,2023-01-22 23:59:36,online,normal
TX_002787,ACC_0047,ACC_0127,61.29,2023-12-18 12:19:04,wire,normal
TX_002788,ACC_0139,ACC_0048,185.15,2023-02-28 19:27:10,online,normal
TX_002789,ACC_0033,ACC_0023,12.13,2023-10-17 00:17:04,online,normal
TX_002790,ACC_0012,ACC_0004,210.24,2023-12-14 22:11:45,online,normal
TX_002791,ACC_0054,ACC_0146,161.54,2023-03-26 07:46:02,branch,normal
TX_002792,ACC_0012,ACC_0027,39.38,2023-12-12 23:49:54,branch,normal
TX_002793,ACC_0001,ACC_0019,26.15,2023-03-15 02:54:00,online,normal
TX_002794,ACC_0091,ACC_0037,204.07,2023-04-11 04:12:04,online,normal
TX_002795,ACC_0048,ACC_0091,63.26,2023-01-23 12:53:49,atm,normal
TX_002796,ACC_0131,ACC_0133,66.95,2023-08-01 17:49:40,online,normal
TX_002797,ACC_0062,ACC_0088,105.7,2023-07-30 23:05:57,wire,normal
TX_002798,ACC_0051,ACC_0105,49.18,2023-01-11 05:46:29,branch,normal
TX_002799,ACC_0125,ACC_0045,22.94,2023-12-20 00:29:43,branch,normal
TX_002800,ACC_0054,ACC_0065,120.71,2023-06-09 03:33:53,online,normal
TX_002801,ACC_0089,ACC_0099,137.51,2023-01-02 06:57:00,wire,normal
TX_002802,ACC_0117,ACC_0005,365.88,2023-08-27 14:25:31,online,normal
TX_002803,ACC_0058,ACC_0113,78.22,2023-04-11 20:13:02,branch,normal
TX_002804,ACC_0059,ACC_0096,47.11,2023-04-13 12:06:05,online,normal
TX_002805,ACC_0003,ACC_0079,194.91,2023-10-12 19:04:27,online,normal
TX_002806,ACC_0060,ACC_0086,158.5,2023-04-24 07:20:04,online,normal
TX_002807,ACC_0148,ACC_0119,452.47,2023-11-08 11:23:03,wire,normal
TX_002808,ACC_0065,ACC_0052,438.07,2023-11-29 03:46:38,branch,normal
TX_002809,ACC_0013,ACC_0004,104.54,2023-05-29 22:15:15,online,normal
TX_002810,ACC_0065,ACC_0031,623.92,2023-08-19 14:42:21,branch,normal
TX_002811,ACC_0142,ACC_0145,961.59,2023-10-09 03:47:16,atm,normal
TX_002812,ACC_0013,ACC_0003,97.22,2023-09-01 12:30:28,atm,normal
TX_002813,ACC_0065,ACC_0043,84.78,2023-02-12 02:43:26,branch,normal
TX_002814,ACC_0001,ACC_0087,496.49,2023-01-20 20:44:30,online,normal
TX_002815,ACC_0074,ACC_0087,2879.86,2023-05-01 17:30:21,online,normal
TX_002816,ACC_0034,ACC_0124,187.33,2023-05-19 03:29:36,online,normal
TX_002817,ACC_0041,ACC_0062,233.76,2023-09-19 10:04:18,online,normal
TX_002818,ACC_0013,ACC_0142,293.89,2023-09-02 23:37:22,online,normal
TX_002819,ACC_0034,ACC_0101,163.0,2023-11-20 13:58:26,branch,normal
TX_002820,ACC_0040,ACC_0041,1203.99,2023-03-03 16:39:34,branch,normal
TX_002821,ACC_0033,ACC_0096,46.82,2023-05-10 16:20:38,atm,normal
TX_002822,ACC_0089,ACC_0024,17.26,2023-11-21 18:59:15,online,normal
TX_002823,ACC_0062,ACC_0084,132.95,2023-01-26 15:04:12,online,normal
TX_002824,ACC_0015,ACC_0100,341.94,2023-10-03 10:30:21,online,normal
TX_002825,ACC_0087,ACC_0081,287.51,2023-01-15 15:23:55,branch,normal
TX_002826,ACC_0087,ACC_0076,11.16,2023-02-22 15:26:05,wire,normal
TX_002827,ACC_0135,ACC_0091,110.3,2023-08-16 08:03:11,online,normal
TX_002828,ACC_0079,ACC_0093,44.45,2023-05-21 22:44:55,online,normal
TX_002829,ACC_0112,ACC_0025,147.29,2023-12-21 07:18:41,atm,normal
TX_002830,ACC_0061,ACC_0062,1030.68,2023-12-16 01:35:16,online,normal
TX_002831,ACC_0004,ACC_0141,32.55,2023-10-10 18:38:37,branch,normal
TX_002832,ACC_0139,ACC_0012,96.94,2023-06-16 06:52:36,wire,normal
TX_002833,ACC_0082,ACC_0025,124.66,2023-09-23 05:07:33,branch,normal
TX_002834,ACC_0040,ACC_0047,692.8,2023-01-11 20:55:45,wire,normal
TX_002835,ACC_0007,ACC_0130,1204.87,2023-07-22 22:56:44,wire,normal
TX_002836,ACC_0002,ACC_0085,1235.63,2023-04-16 10:54:24,branch,normal
TX_002837,ACC_0020,ACC_0082,105.16,2023-03-06 08:26:55,branch,normal
TX_002838,ACC_0128,ACC_0104,357.27,2023-12-17 14:07:15,wire,normal
TX_002839,ACC_0069,ACC_0010,189.93,2023-06-14 14:53:04,wire,normal
TX_002840,ACC_0038,ACC_0044,20.09,2023-10-17 21:26:05,branch,normal
TX_002841,ACC_0098,ACC_0049,23.5,2023-03-22 14:43:54,branch,normal
TX_002842,ACC_0021,ACC_0009,46.86,2023-04-05 22:07:32,wire,normal
TX_002843,ACC_0029,ACC_0012,65.76,2023-12-18 07:49:21,online,normal
TX_002844,ACC_0077,ACC_0121,48.62,2023-09-01 11:29:00,branch,normal
TX_002845,ACC_0086,ACC_0016,89.61,2023-10-31 18:27:05,branch,normal
TX_002846,ACC_0053,ACC_0124,42.62,2023-09-11 05:28:40,online,normal
TX_002847,ACC_0054,ACC_0090,118.27,2023-08-01 10:07:12,online,normal
TX_002848,ACC_0075,ACC_0098,34.84,2023-06-09 06:34:48,online,normal
TX_002849,ACC_0018,ACC_0057,302.2,2023-09-25 17:57:11,online,normal
TX_002850,ACC_0058,ACC_0112,136.27,2023-07-12 11:44:17,branch,normal
TX_002851,ACC_0101,ACC_0076,39.83,2023-10-29 13:15:02,branch,normal
TX_002852,ACC_0046,ACC_0141,70.73,2023-12-30 19:20:04,online,normal
TX_002853,ACC_0045,ACC_0147,259.39,2023-01-29 10:24:12,branch,normal
TX_002854,ACC_0012,ACC_0099,4.38,2023-06-19 13:22:01,branch,normal
TX_002855,ACC_0140,ACC_0027,255.0,2023-01-27 19:12:55,branch,normal
TX_002856,ACC_0007,ACC_0013,35.25,2023-01-24 12:31:41,atm,normal
TX_002857,ACC_0065,ACC_0131,148.31,2023-07-25 12:24:42,atm,normal
TX_002858,ACC_0045,ACC_0032,34.76,2023-04-21 00:39:35,online,normal
TX_002859,ACC_0004,ACC_0113,130.85,2023-02-13 12:24:21,online,normal
TX_002860,ACC_0072,ACC_0137,45.8,2023-04-15 23:02:36,branch,normal
TX_002861,ACC_0001,ACC_0116,49.99,2023-03-13 21:35:54,atm,normal
TX_002862,ACC_0029,ACC_0110,79.32,2023-11-30 15:06:53,online,normal
TX_002863,ACC_0036,ACC_0057,199.57,2023-08-23 23:44:00,wire,normal
TX_002864,ACC_0006,ACC_0039,242.26,2023-01-17 21:11:46,online,normal
TX_002865,ACC_0129,ACC_0056,88.99,2023-09-30 04:53:48,branch,normal
TX_002866,ACC_0004,ACC_0075,422.12,2023-11-18 01:07:12,wire,normal
TX_002867,ACC_0041,ACC_0022,364.91,2023-12-21 13:17:55,branch,normal
TX_002868,ACC_0030,ACC_0088,653.79,2023-05-12 07:05:06,branch,normal
TX_002869,ACC_0083,ACC_0060,102.88,2023-04-16 14:41:13,branch,normal
TX_002870,ACC_0017,ACC_0092,108.71,2023-09-18 11:10:15,atm,normal
TX_002871,ACC_0043,ACC_0077,53.31,2023-08-28 04:38:04,online,normal
TX_002872,ACC_0066,ACC_0125,34.31,2023-10-02 21:08:21,branch,normal
TX_002873,ACC_0126,ACC_0024,106.0,2023-10-08 05:27:53,online,normal
TX_002874,ACC_0101,ACC_0046,53.16,2023-07-13 19:44:34,atm,normal
TX_002875,ACC_0136,ACC_0123,38.62,2023-11-02 13:58:43,wire,normal
TX_002876,ACC_0031,ACC_0004,266.72,2023-10-05 11:35:46,online,normal
TX_002877,ACC_0131,ACC_0144,370.24,2023-04-13 05:33:04,wire,normal
TX_002878,ACC_0076,ACC_0072,425.45,2023-08-28 01:50:09,wire,normal
TX_002879,ACC_0047,ACC_0085,137.64,2023-04-17 06:02:16,atm,normal
TX_002880,ACC_0114,ACC_0132,153.45,2023-05-03 19:58:37,online,normal
TX_002881,ACC_0075,ACC_0042,29.56,2023-08-16 04:51:12,atm,normal
TX_002882,ACC_0129,ACC_0090,43.64,2023-07-30 22:43:00,online,normal
TX_002883,ACC_0099,ACC_0047,106.69,2023-05-13 23:10:56,branch,normal
TX_002884,ACC_0079,ACC_0015,198.66,2023-11-15 07:35:35,online,normal
TX_002885,ACC_0088,ACC_0048,299.49,2023-07-28 03:53:27,online,normal
TX_002886,ACC_0065,ACC_0124,20.87,2023-03-13 09:25:43,online,normal
TX_002887,ACC_0056,ACC_0122,23.99,2023-06-10 19:08:17,online,normal
TX_002888,ACC_0007,ACC_0128,11.52,2023-09-03 08:09:18,branch,normal
TX_002889,ACC_0010,ACC_0030,308.49,2023-07-21 11:07:56,online,normal
TX_002890,ACC_0127,ACC_0088,96.95,2023-12-26 22:58:19,online,normal
TX_002891,ACC_0044,ACC_0016,64.06,2023-04-03 05:13:17,wire,normal
TX_002892,ACC_0048,ACC_0049,23.0,2023-07-13 11:06:41,online,normal
TX_002893,ACC_0120,ACC_0046,96.24,2023-12-02 13:32:54,branch,normal
TX_002894,ACC_0055,ACC_0117,158.02,2023-06-24 06:47:47,atm,normal
TX_002895,ACC_0096,ACC_0079,80.41,2023-07-11 16:02:27,branch,normal
TX_002896,ACC_0139,ACC_0110,76.41,2023-07-28 15:47:11,online,normal
TX_002897,ACC_0072,ACC_0014,9.43,2023-05-27 23:21:16,online,normal
TX_002898,ACC_0075,ACC_0034,291.98,2023-09-19 12:58:54,atm,normal
TX_002899,ACC_0038,ACC_0032,402.98,2023-08-05 18:18:37,online,normal
TX_002900,ACC_0058,ACC_0128,557.47,2023-08-26 10:46:41,online,normal
TX_002901,ACC_0091,ACC_0042,620.77,2023-11-05 01:41:40,online,normal
TX_002902,ACC_0060,ACC_0113,809.44,2023-05-07 03:48:29,online,normal
TX_002903,ACC_0082,ACC_0058,37.69,2023-06-09 01:59:10,branch,normal
TX_002904,ACC_0045,ACC_0087,457.21,2023-08-26 19:58:54,atm,normal
TX_002905,ACC_0016,ACC_0116,234.76,2023-09-14 09:23:14,online,normal
TX_002906,ACC_0004,ACC_0054,7.65,2023-08-17 18:22:34,wire,normal
TX_002907,ACC_0149,ACC_0078,90.16,2023-04-01 00:12:47,wire,normal
TX_002908,ACC_0005,ACC_0100,143.59,2023-06-20 23:45:37,online,normal
TX_002909,ACC_0066,ACC_0032,817.58,2023-05-15 03:37:11,online,normal
TX_002910,ACC_0114,ACC_0063,618.34,2023-03-20 19:25:02,online,normal
TX_002911,ACC_0150,ACC_0016,99.43,2023-08-16 21:49:01,wire,normal
TX_002912,ACC_0109,ACC_0072,58.61,2023-01-05 04:55:13,online,normal
TX_002913,ACC_0004,ACC_0145,43.43,2023-08-22 16:52:54,branch,normal
TX_002914,ACC_0139,ACC_0093,65.94,2023-01-08 01:23:53,branch,normal
TX_002915,ACC_0060,ACC_0125,1565.16,2023-02-28 14:08:17,wire,normal
TX_002916,ACC_0110,ACC_0072,53.67,2023-04-06 15:06:25,atm,normal
TX_002917,ACC_0093,ACC_0049,29.26,2023-08-07 09:45:40,online,normal
TX_002918,ACC_0076,ACC_0147,200.58,2023-11-13 04:41:58,online,normal
TX_002919,ACC_0108,ACC_0131,161.38,2023-09-01 21:16:39,online,normal
TX_002920,ACC_0084,ACC_0004,31.75,2023-02-26 16:40:26,online,normal
TX_002921,ACC_0030,ACC_0104,154.01,2023-12-29 05:47:57,wire,normal
TX_002922,ACC_0143,ACC_0144,43.82,2023-10-19 14:49:19,online,normal
TX_002923,ACC_0034,ACC_0101,822.38,2023-02-12 08:02:47,online,normal
TX_002924,ACC_0050,ACC_0137,52.8,2023-06-15 20:36:42,online,normal
TX_002925,ACC_0081,ACC_0084,501.49,2023-01-24 14:19:21,branch,normal
TX_002926,ACC_0076,ACC_0062,308.1,2023-03-14 06:41:17,online,normal
TX_002927,ACC_0024,ACC_0002,131.21,2023-12-21 06:22:50,online,normal
TX_002928,ACC_0015,ACC_0145,137.44,2023-04-01 08:29:17,branch,normal
TX_002929,ACC_0112,ACC_0123,811.63,2023-06-28 20:16:55,online,normal
TX_002930,ACC_0079,ACC_0116,1042.75,2023-03-05 15:17:39,wire,normal
TX_002931,ACC_0080,ACC_0087,97.6,2023-04-05 15:39:17,wire,normal
TX_002932,ACC_0078,ACC_0054,87.96,2023-01-25 00:32:42,atm,normal
TX_002933,ACC_0038,ACC_0062,1829.9,2023-08-24 00:28:50,online,normal
TX_002934,ACC_0102,ACC_0042,138.12,2023-02-04 02:48:45,online,normal
TX_002935,ACC_0039,ACC_0102,289.75,2023-02-25 22:48:58,online,normal
TX_002936,ACC_0063,ACC_0085,95.3,2023-03-05 02:03:57,online,normal
TX_002937,ACC_0063,ACC_0132,210.15,2023-09-28 00:59:52,wire,normal
TX_002938,ACC_0111,ACC_0137,495.86,2023-03-27 03:57:43,online,normal
TX_002939,ACC_0109,ACC_0020,36.64,2023-01-31 16:02:09,online,normal
TX_002940,ACC_0140,ACC_0144,94.59,2023-10-26 18:55:23,wire,normal
TX_002941,ACC_0023,ACC_0122,643.79,2023-02-06 06:14:17,branch,normal
TX_002942,ACC_0133,ACC_0113,29.88,2023-12-09 22:22:12,online,normal
TX_002943,ACC_0094,ACC_0015,82.52,2023-03-08 10:49:41,online,normal
TX_002944,ACC_0058,ACC_0140,710.87,2023-12-27 19:37:44,branch,normal
TX_002945,ACC_0124,ACC_0018,167.72,2023-02-27 00:06:38,online,normal
TX_002946,ACC_0086,ACC_0133,1506.11,2023-08-19 03:16:41,online,normal
TX_002947,ACC_0021,ACC_0078,51.63,2023-04-26 01:22:23,atm,normal
TX_002948,ACC_0124,ACC_0096,79.12,2023-02-03 11:31:47,online,normal
TX_002949,ACC_0137,ACC_0008,685.06,2023-10-17 00:08:44,online,normal
TX_002950,ACC_0140,ACC_0039,71.98,2023-01-10 16:43:27,atm,normal
TX_002951,ACC_0043,ACC_0119,40.68,2023-03-12 13:03:47,wire,normal
TX_002952,ACC_0024,ACC_0116,307.58,2023-09-11 22:06:39,online,normal
TX_002953,ACC_0007,ACC_0141,115.75,2023-05-12 08:33:39,atm,normal
TX_002954,ACC_0021,ACC_0037,123.97,2023-10-06 00:46:04,wire,normal
TX_002955,ACC_0059,ACC_0114,31.83,2023-01-30 17:41:15,wire,normal
TX_002956,ACC_0037,ACC_0030,66.81,2023-06-10 07:13:28,online,normal
TX_002957,ACC_0097,ACC_0094,889.87,2023-10-01 05:08:01,wire,normal
TX_002958,ACC_0104,ACC_0054,110.97,2023-01-26 07:03:10,online,normal
TX_002959,ACC_0021,ACC_0100,32.67,2023-07-21 18:48:17,branch,normal
TX_002960,ACC_0018,ACC_0050,135.48,2023-08-18 14:45:40,wire,normal
TX_002961,ACC_0058,ACC_0049,1344.81,2023-12-13 18:08:05,wire,normal
TX_002962,ACC_0078,ACC_0091,1300.67,2023-03-15 15:57:20,atm,normal
TX_002963,ACC_0123,ACC_0020,164.63,2023-08-22 21:46:53,branch,normal
TX_002964,ACC_0021,ACC_0127,1293.74,2023-11-30 23:04:05,wire,normal
TX_002965,ACC_0100,ACC_0022,22.67,2023-01-06 04:32:14,online,normal
TX_002966,ACC_0095,ACC_0070,209.16,2023-02-20 04:05:26,online,normal
TX_002967,ACC_0110,ACC_0143,371.09,2023-05-09 07:05:49,online,normal
TX_002968,ACC_0017,ACC_0142,103.69,2023-03-24 16:03:59,online,normal
TX_002969,ACC_0143,ACC_0096,323.48,2023-04-08 03:49:30,online,normal
TX_002970,ACC_0010,ACC_0120,327.61,2023-02-10 03:08:09,online,normal
TX_002971,ACC_0117,ACC_0012,165.26,2023-04-04 07:16:11,online,normal
TX_002972,ACC_0074,ACC_0061,29.23,2023-12-28 19:14:26,branch,normal
TX_002973,ACC_0074,ACC_0114,342.79,2023-06-21 14:23:23,atm,normal
TX_002974,ACC_0034,ACC_0032,591.18,2023-10-29 09:43:09,online,normal
TX_002975,ACC_0031,ACC_0066,16.84,2023-01-19 15:30:13,online,normal
TX_002976,ACC_0021,ACC_0066,38.33,2023-09-16 05:55:48,branch,normal
TX_002977,ACC_0139,ACC_0120,178.99,2023-03-03 20:16:50,online,normal
TX_002978,ACC_0038,ACC_0130,8433.01,2023-08-16 20:06:22,online,smurf
TX_002979,ACC_0060,ACC_0140,72.3,2023-09-14 13:20:51,online,normal
TX_002980,ACC_0035,ACC_0051,794.87,2023-08-10 00:00:56,wire,normal
TX_002981,ACC_0034,ACC_0110,212.67,2023-08-17 03:34:52,atm,normal
TX_002982,ACC_0023,ACC_0037,178.82,2023-12-21 10:28:15,atm,normal
TX_002983,ACC_0068,ACC_0071,337.19,2023-02-10 22:26:37,online,normal
TX_002984,ACC_0012,ACC_0035,83.65,2023-02-05 19:51:32,branch,normal
TX_002985,ACC_0088,ACC_0141,175.46,2023-07-16 01:49:36,online,normal
TX_002986,ACC_0132,ACC_0100,331.99,2023-07-12 12:28:53,online,normal
TX_002987,ACC_0074,ACC_0046,210.62,2023-02-07 20:12:40,wire,normal
TX_002988,ACC_0066,ACC_0042,12.09,2023-08-31 17:59:52,branch,normal
TX_002989,ACC_0077,ACC_0085,128.3,2023-02-25 03:14:28,online,normal
TX_002990,ACC_0001,ACC_0101,327.45,2023-02-03 02:50:36,online,normal
TX_002991,ACC_0114,ACC_0111,612.02,2023-11-20 20:33:41,wire,normal
TX_002992,ACC_0036,ACC_0108,74.58,2023-06-14 23:09:59,online,normal
TX_002993,ACC_0032,ACC_0100,44.47,2023-05-15 02:58:29,online,normal
TX_002994,ACC_0077,ACC_0115,205.87,2023-10-21 12:11:25,branch,normal
TX_002995,ACC_0050,ACC_0048,494.9,2023-05-22 15:27:07,wire,normal
TX_002996,ACC_0141,ACC_0078,651.88,2023-03-19 01:42:30,atm,normal
TX_002997,ACC_0006,ACC_0149,12.52,2023-11-18 07:57:59,online,normal
TX_002998,ACC_0078,ACC_0053,127.49,2023-01-26 03:41:10,online,normal
TX_002999,ACC_0063,ACC_0049,8.49,2023-09-11 03:52:34,wire,normal
TX_003000,ACC_0093,ACC_0117,352.65,2023-04-06 23:43:06,online,normal
TX_003001,ACC_0068,ACC_0037,259.26,2023-08-07 07:51:09,online,normal
TX_003002,ACC_0007,ACC_0110,700.15,2023-05-30 11:13:02,online,normal
TX_003003,ACC_0139,ACC_0056,338.18,2023-03-30 23:08:27,branch,normal
TX_003004,ACC_0109,ACC_0068,339.09,2023-09-04 07:40:31,online,normal
TX_003005,ACC_0108,ACC_0044,41.53,2023-07-08 13:52:23,branch,normal
TX_003006,ACC_0127,ACC_0140,234.03,2023-08-28 23:15:45,online,normal
TX_003007,ACC_0148,ACC_0127,147.51,2023-10-28 21:06:01,online,normal
TX_003008,ACC_0083,ACC_0075,74.92,2023-09-09 15:54:41,atm,normal
TX_003009,ACC_0047,ACC_0043,46.87,2023-03-05 07:53:38,online,normal
TX_003010,ACC_0014,ACC_0121,1711.38,2023-11-21 16:37:09,online,normal
TX_003011,ACC_0085,ACC_0019,265.9,2023-02-19 01:51:40,online,normal
TX_003012,ACC_0097,ACC_0006,3.03,2023-11-05 23:24:50,wire,normal
TX_003013,ACC_0006,ACC_0024,48.94,2023-07-28 21:40:31,online,normal
TX_003014,ACC_0102,ACC_0044,284.97,2023-02-24 09:52:29,online,normal
TX_003015,ACC_0134,ACC_0102,271.25,2023-02-27 20:37:03,online,normal
TX_003016,ACC_0101,ACC_0079,266.81,2023-09-13 10:06:26,online,normal
TX_003017,ACC_0059,ACC_0015,80.28,2023-03-31 23:29:44,branch,normal
TX_003018,ACC_0129,ACC_0106,40.85,2023-06-29 05:11:59,online,normal
TX_003019,ACC_0068,ACC_0147,35.92,2023-11-22 01:14:49,wire,normal
TX_003020,ACC_0059,ACC_0109,102.27,2023-12-22 01:03:43,branch,normal
TX_003021,ACC_0046,ACC_0035,425.19,2023-05-07 06:25:21,wire,normal
TX_003022,ACC_0049,ACC_0096,15.59,2023-11-16 08:50:28,online,normal
TX_003023,ACC_0030,ACC_0010,131.02,2023-02-06 16:05:26,wire,normal
TX_003024,ACC_0100,ACC_0123,81.76,2023-04-14 05:43:49,wire,normal
TX_003025,ACC_0047,ACC_0077,145.27,2023-12-12 13:52:26,wire,normal
TX_003026,ACC_0025,ACC_0033,302.42,2023-10-30 08:47:32,wire,normal
TX_003027,ACC_0063,ACC_0013,73.26,2023-01-10 05:58:29,online,normal
TX_003028,ACC_0074,ACC_0039,291.82,2023-03-04 23:23:10,online,normal
TX_003029,ACC_0128,ACC_0027,52.21,2023-08-20 14:30:11,online,normal
TX_003030,ACC_0048,ACC_0057,135.11,2023-07-02 06:39:19,branch,normal
TX_003031,ACC_0113,ACC_0025,91.22,2023-04-27 09:17:41,wire,normal
TX_003032,ACC_0111,ACC_0116,58.1,2023-09-14 13:46:51,online,normal
TX_003033,ACC_0090,ACC_0095,150.0,2023-01-19 17:49:33,atm,normal
TX_003034,ACC_0027,ACC_0047,36.68,2023-02-21 12:25:55,online,normal
TX_003035,ACC_0058,ACC_0094,459.66,2023-02-10 12:17:28,wire,normal
TX_003036,ACC_0103,ACC_0137,227.56,2023-04-14 14:01:11,online,normal
TX_003037,ACC_0109,ACC_0148,356.71,2023-09-15 23:32:51,online,normal
TX_003038,ACC_0085,ACC_0123,311.89,2023-07-09 05:14:19,wire,normal
TX_003039,ACC_0089,ACC_0013,54.35,2023-10-14 00:37:33,wire,normal
TX_003040,ACC_0148,ACC_0098,694.16,2023-10-20 02:23:42,wire,normal
TX_003041,ACC_0131,ACC_0042,16.9,2023-06-26 21:09:15,online,normal
TX_003042,ACC_0087,ACC_0097,128.28,2023-11-20 20:44:23,online,normal
TX_003043,ACC_0081,ACC_0061,114.82,2023-05-25 01:31:50,branch,normal
TX_003044,ACC_0104,ACC_0077,51.78,2023-12-03 10:03:06,atm,normal
TX_003045,ACC_0080,ACC_0041,28.58,2023-08-17 12:22:31,online,normal
TX_003046,ACC_0033,ACC_0071,503.32,2023-09-30 18:45:58,wire,normal
TX_003047,ACC_0131,ACC_0109,107.91,2023-12-04 07:58:40,wire,normal
TX_003048,ACC_0029,ACC_0059,356.78,2023-10-11 11:29:47,wire,normal
TX_003049,ACC_0093,ACC_0105,360.92,2023-07-13 05:50:49,atm,normal
TX_003050,ACC_0010,ACC_0117,6076.08,2023-08-01 11:49:50,wire,normal
TX_003051,ACC_0075,ACC_0065,81.44,2023-08-15 19:20:54,wire,normal
TX_003052,ACC_0024,ACC_0015,226.84,2023-06-13 13:36:32,wire,normal
TX_003053,ACC_0073,ACC_0012,2058.98,2023-07-30 02:13:30,wire,normal
TX_003054,ACC_0106,ACC_0014,67.92,2023-05-01 02:40:17,wire,normal
TX_003055,ACC_0002,ACC_0041,352.85,2023-05-02 08:17:32,atm,normal
TX_003056,ACC_0049,ACC_0006,66.14,2023-04-29 22:15:32,atm,normal
TX_003057,ACC_0035,ACC_0083,58.01,2023-08-21 01:17:18,online,normal
TX_003058,ACC_0054,ACC_0074,99.52,2023-05-06 16:13:40,online,normal
TX_003059,ACC_0021,ACC_0040,415.46,2023-02-08 16:52:22,online,normal
TX_003060,ACC_0146,ACC_0077,168.87,2023-10-15 14:13:14,online,normal
TX_003061,ACC_0074,ACC_0020,185.75,2023-09-21 21:05:32,online,normal
TX_003062,ACC_0094,ACC_0017,33.14,2023-03-26 19:00:58,online,normal
TX_003063,ACC_0075,ACC_0054,70.61,2023-07-01 17:40:10,online,normal
TX_003064,ACC_0080,ACC_0064,270.12,2023-11-28 02:46:35,online,normal
TX_003065,ACC_0039,ACC_0132,2524.84,2023-10-04 14:42:22,online,normal
TX_003066,ACC_0093,ACC_0008,54.41,2023-06-13 20:32:25,online,normal
TX_003067,ACC_0024,ACC_0098,289.33,2023-03-17 16:22:15,branch,normal
TX_003068,ACC_0055,ACC_0100,59.38,2023-09-20 02:38:52,atm,normal
TX_003069,ACC_0047,ACC_0005,119.34,2023-02-27 10:25:58,online,normal
TX_003070,ACC_0147,ACC_0067,134.69,2023-12-07 20:58:24,online,normal
TX_003071,ACC_0005,ACC_0027,29.53,2023-07-07 02:58:57,branch,normal
TX_003072,ACC_0126,ACC_0032,27.21,2023-02-18 23:29:34,wire,normal
TX_003073,ACC_0050,ACC_0084,577.18,2023-02-03 02:16:40,branch,normal
TX_003074,ACC_0084,ACC_0022,248.89,2023-01-01 19:18:40,wire,normal
TX_003075,ACC_0026,ACC_0034,122.7,2023-06-09 16:43:15,online,normal
TX_003076,ACC_0017,ACC_0014,430.02,2023-03-13 15:50:31,branch,normal
TX_003077,ACC_0122,ACC_0147,83.04,2023-04-12 14:24:58,wire,normal
TX_003078,ACC_0010,ACC_0026,250.06,2023-09-03 07:17:03,online,normal
TX_003079,ACC_0121,ACC_0079,102.24,2023-02-13 20:38:23,online,normal
TX_003080,ACC_0011,ACC_0053,117.18,2023-03-22 02:00:26,atm,normal
TX_003081,ACC_0048,ACC_0023,199.07,2023-12-26 17:54:19,atm,normal
TX_003082,ACC_0064,ACC_0093,113.59,2023-08-31 23:47:40,online,normal
TX_003083,ACC_0097,ACC_0051,136.95,2023-07-25 19:37:45,atm,normal
TX_003084,ACC_0013,ACC_0145,183.83,2023-02-28 00:32:57,branch,normal
TX_003085,ACC_0135,ACC_0014,227.93,2023-02-25 16:09:05,online,normal
TX_003086,ACC_0060,ACC_0095,60.78,2023-04-28 13:31:50,online,normal
TX_003087,ACC_0059,ACC_0086,21.4,2023-03-20 22:00:18,atm,normal
TX_003088,ACC_0015,ACC_0017,206.46,2023-08-11 06:47:16,online,normal
TX_003089,ACC_0055,ACC_0063,184.43,2023-12-18 23:42:50,branch,normal
TX_003090,ACC_0139,ACC_0150,31.66,2023-01-08 05:28:34,branch,normal
TX_003091,ACC_0072,ACC_0025,28.35,2023-05-03 14:47:40,online,normal
TX_003092,ACC_0059,ACC_0048,160.19,2023-06-29 18:33:40,atm,normal
TX_003093,ACC_0009,ACC_0061,79.15,2023-08-25 12:34:32,wire,normal
TX_003094,ACC_0138,ACC_0150,151.08,2023-02-18 03:33:51,online,normal
TX_003095,ACC_0079,ACC_0027,257.73,2023-07-07 19:44:11,branch,normal
TX_003096,ACC_0134,ACC_0087,22.39,2023-02-04 06:02:00,wire,normal
TX_003097,ACC_0045,ACC_0122,89.8,2023-09-14 15:00:22,online,normal
TX_003098,ACC_0131,ACC_0001,599.55,2023-05-22 16:04:01,atm,normal
TX_003099,ACC_0078,ACC_0014,308.67,2023-11-05 01:18:50,online,normal
TX_003100,ACC_0082,ACC_0077,246.76,2023-11-04 07:31:54,online,normal
TX_003101,ACC_0146,ACC_0088,183.13,2023-03-19 17:09:16,wire,normal
TX_003102,ACC_0023,ACC_0083,229.0,2023-05-14 08:30:58,wire,normal
TX_003103,ACC_0035,ACC_0123,27.57,2023-01-25 02:32:03,wire,normal
TX_003104,ACC_0006,ACC_0142,18.01,2023-03-17 07:55:50,branch,normal
TX_003105,ACC_0053,ACC_0104,198.43,2023-11-17 00:21:33,online,normal
TX_003106,ACC_0063,ACC_0104,129.09,2023-10-22 16:06:29,branch,normal
TX_003107,ACC_0044,ACC_0076,21.01,2023-11-16 19:19:08,branch,normal
TX_003108,ACC_0036,ACC_0144,861.52,2023-07-11 17:35:00,wire,normal
TX_003109,ACC_0110,ACC_0057,127.62,2023-06-16 06:59:57,online,normal
TX_003110,ACC_0128,ACC_0092,247.43,2023-08-23 09:44:19,atm,normal
TX_003111,ACC_0026,ACC_0130,9537.92,2023-08-22 01:41:33,online,smurf
TX_003112,ACC_0087,ACC_0142,134.28,2023-04-01 04:24:00,online,normal
TX_003113,ACC_0028,ACC_0026,43.28,2023-12-23 14:25:27,online,normal
TX_003114,ACC_0093,ACC_0137,49.58,2023-10-02 02:38:19,branch,normal
TX_003115,ACC_0101,ACC_0008,154.66,2023-08-15 11:24:38,atm,normal
TX_003116,ACC_0036,ACC_0010,176.61,2023-11-16 21:52:46,branch,normal
TX_003117,ACC_0039,ACC_0115,207.94,2023-11-08 10:15:57,online,normal
TX_003118,ACC_0092,ACC_0010,403.41,2023-01-06 23:23:39,online,normal
TX_003119,ACC_0070,ACC_0056,245.53,2023-08-22 06:00:43,branch,normal
TX_003120,ACC_0105,ACC_0068,69.85,2023-05-24 02:54:21,atm,normal
TX_003121,ACC_0029,ACC_0125,86.69,2023-05-20 12:44:00,online,normal
TX_003122,ACC_0018,ACC_0043,55.51,2023-06-24 10:28:35,online,normal
TX_003123,ACC_0042,ACC_0145,40.3,2023-07-23 06:35:47,atm,normal
TX_003124,ACC_0060,ACC_0099,179.77,2023-02-15 08:25:35,online,normal
TX_003125,ACC_0080,ACC_0067,173.0,2023-07-12 14:32:11,branch,normal
TX_003126,ACC_0040,ACC_0037,8.08,2023-09-02 09:22:16,online,normal
TX_003127,ACC_0002,ACC_0121,173.3,2023-10-16 17:16:14,online,normal
TX_003128,ACC_0108,ACC_0047,156.29,2023-11-10 14:32:27,online,normal
TX_003129,ACC_0068,ACC_0110,394.82,2023-01-27 00:30:36,wire,normal
TX_003130,ACC_0040,ACC_0089,358.42,2023-06-10 09:43:54,wire,normal
TX_003131,ACC_0102,ACC_0049,316.97,2023-03-01 17:23:51,online,normal
TX_003132,ACC_0087,ACC_0119,309.34,2023-07-27 16:22:52,online,normal
TX_003133,ACC_0034,ACC_0039,375.05,2023-01-26 15:18:06,online,normal
TX_003134,ACC_0066,ACC_0079,120.64,2023-07-28 14:26:19,online,normal
TX_003135,ACC_0038,ACC_0111,351.69,2023-02-27 13:29:41,online,normal
TX_003136,ACC_0125,ACC_0112,460.75,2023-04-01 01:23:08,online,normal
TX_003137,ACC_0056,ACC_0112,129.89,2023-12-28 09:38:43,online,normal
TX_003138,ACC_0026,ACC_0025,185.65,2023-10-04 01:37:19,online,normal
TX_003139,ACC_0033,ACC_0018,75.43,2023-11-08 09:20:20,branch,normal
TX_003140,ACC_0130,ACC_0150,121.07,2023-02-09 17:15:13,online,normal
TX_003141,ACC_0110,ACC_0071,586.63,2023-07-18 14:17:03,online,normal
TX_003142,ACC_0145,ACC_0004,30.17,2023-06-14 14:28:31,branch,normal
TX_003143,ACC_0118,ACC_0025,121.47,2023-09-10 01:00:47,wire,normal
TX_003144,ACC_0005,ACC_0031,2.62,2023-03-29 10:11:03,online,normal
TX_003145,ACC_0123,ACC_0059,83.97,2023-02-24 12:33:16,branch,normal
TX_003146,ACC_0085,ACC_0125,1054.41,2023-07-23 09:54:24,wire,normal
TX_003147,ACC_0001,ACC_0128,130.67,2023-04-21 06:13:55,wire,normal
TX_003148,ACC_0003,ACC_0007,52.12,2023-10-28 10:19:37,online,normal
TX_003149,ACC_0105,ACC_0031,196.23,2023-03-30 21:53:56,online,normal
TX_003150,ACC_0110,ACC_0136,229.97,2023-06-25 18:52:21,online,normal
TX_003151,ACC_0069,ACC_0048,81.42,2023-02-24 05:54:37,online,normal
TX_003152,ACC_0026,ACC_0124,225.83,2023-09-30 12:38:19,branch,normal
TX_003153,ACC_0072,ACC_0069,104.98,2023-03-10 11:19:32,online,normal
TX_003154,ACC_0075,ACC_0116,601.3,2023-10-03 05:49:48,wire,normal
TX_003155,ACC_0095,ACC_0144,204.86,2023-08-27 09:27:40,wire,normal
TX_003156,ACC_0016,ACC_0063,32.54,2023-01-29 08:52:25,wire,normal
TX_003157,ACC_0128,ACC_0034,156.41,2023-05-06 06:15:06,atm,normal
TX_003158,ACC_0051,ACC_0050,871.79,2023-10-06 22:47:37,online,normal
TX_003159,ACC_0132,ACC_0106,387.85,2023-09-03 02:48:19,branch,normal
TX_003160,ACC_0058,ACC_0037,100.58,2023-10-29 04:21:00,online,normal
TX_003161,ACC_0116,ACC_0090,130.76,2023-05-16 23:15:36,wire,normal
TX_003162,ACC_0103,ACC_0140,105.1,2023-10-25 22:45:19,online,normal
TX_003163,ACC_0054,ACC_0092,134.66,2023-12-24 23:49:38,online,normal
TX_003164,ACC_0043,ACC_0034,110.99,2023-03-15 22:25:25,online,normal
TX_003165,ACC_0015,ACC_0038,17.18,2023-08-13 10:50:53,online,normal
TX_003166,ACC_0066,ACC_0141,683.56,2023-05-12 18:09:35,online,normal
TX_003167,ACC_0036,ACC_0066,52.41,2023-03-14 15:25:00,online,normal
TX_003168,ACC_0116,ACC_0138,16.39,2023-07-22 11:14:09,branch,normal
TX_003169,ACC_0046,ACC_0048,1111.6,2023-01-07 10:05:15,online,normal
TX_003170,ACC_0085,ACC_0026,13.75,2023-01-14 13:35:57,atm,normal
TX_003171,ACC_0075,ACC_0060,420.16,2023-08-11 13:56:14,online,normal
TX_003172,ACC_0085,ACC_0006,310.53,2023-07-11 08:25:34,branch,normal
TX_003173,ACC_0070,ACC_0150,383.16,2023-04-04 08:46:29,online,normal
TX_003174,ACC_0150,ACC_0023,4797.37,2023-06-17 02:13:03,online,normal
TX_003175,ACC_0057,ACC_0022,90.27,2023-11-14 14:07:44,wire,normal
TX_003176,ACC_0108,ACC_0026,21.21,2023-12-04 22:37:13,online,normal
TX_003177,ACC_0116,ACC_0036,241.99,2023-05-27 01:51:21,online,normal
TX_003178,ACC_0073,ACC_0015,98.48,2023-06-11 01:56:55,branch,normal
TX_003179,ACC_0149,ACC_0082,93.12,2023-11-09 10:52:56,online,normal
TX_003180,ACC_0018,ACC_0016,32.98,2023-03-08 21:21:07,wire,normal
TX_003181,ACC_0054,ACC_0116,64.94,2023-02-14 12:30:03,branch,normal
TX_003182,ACC_0043,ACC_0017,64.07,2023-05-18 01:27:58,online,normal
TX_003183,ACC_0062,ACC_0039,10.47,2023-05-08 07:40:08,branch,normal
TX_003184,ACC_0130,ACC_0027,155.94,2023-09-16 11:44:19,online,normal
TX_003185,ACC_0007,ACC_0077,220.49,2023-10-09 19:22:25,wire,normal
TX_003186,ACC_0091,ACC_0144,599.41,2023-06-04 03:35:21,branch,normal
TX_003187,ACC_0113,ACC_0100,262.8,2023-01-10 01:39:15,branch,normal
TX_003188,ACC_0041,ACC_0112,430.21,2023-01-09 19:13:27,online,normal
TX_003189,ACC_0044,ACC_0036,169.46,2023-05-09 21:37:28,atm,normal
TX_003190,ACC_0039,ACC_0037,121.17,2023-07-23 07:35:20,online,normal
TX_003191,ACC_0059,ACC_0125,17.04,2023-04-19 12:50:05,wire,normal
TX_003192,ACC_0012,ACC_0020,445.68,2023-10-19 01:22:18,online,normal
TX_003193,ACC_0017,ACC_0049,42.49,2023-10-12 07:27:03,online,normal
TX_003194,ACC_0112,ACC_0021,325.46,2023-01-03 08:51:54,online,normal
TX_003195,ACC_0029,ACC_0022,73.39,2023-01-28 09:20:44,online,normal
TX_003196,ACC_0084,ACC_0082,60.54,2023-09-28 14:26:46,wire,normal
TX_003197,ACC_0036,ACC_0125,171.29,2023-11-04 06:40:38,online,normal
TX_003198,ACC_0139,ACC_0078,13.99,2023-05-19 22:44:47,wire,normal
TX_003199,ACC_0058,ACC_0039,17.95,2023-07-07 23:17:02,online,normal
TX_003200,ACC_0037,ACC_0003,439.58,2023-08-26 03:35:01,online,normal
TX_003201,ACC_0119,ACC_0007,774.9,2023-09-24 14:11:21,online,normal
TX_003202,ACC_0084,ACC_0096,110.83,2023-11-08 01:19:15,online,normal
TX_003203,ACC_0142,ACC_0053,73.99,2023-03-27 23:59:29,online,normal
TX_003204,ACC_0045,ACC_0119,179.89,2023-11-25 12:59:44,online,normal
TX_003205,ACC_0002,ACC_0086,96.66,2023-10-15 12:37:32,online,normal
TX_003206,ACC_0110,ACC_0008,25.73,2023-11-26 15:29:46,online,normal
TX_003207,ACC_0094,ACC_0047,590.72,2023-11-25 08:25:55,online,normal
TX_003208,ACC_0098,ACC_0137,1225.3,2023-09-14 15:03:36,online,normal
TX_003209,ACC_0040,ACC_0064,91.45,2023-08-12 11:09:34,wire,normal
TX_003210,ACC_0091,ACC_0114,490.07,2023-01-27 22:46:33,online,normal
TX_003211,ACC_0031,ACC_0003,104.51,2023-05-25 03:45:13,online,normal
TX_003212,ACC_0108,ACC_0094,85.05,2023-12-11 08:53:06,online,normal
TX_003213,ACC_0096,ACC_0126,998.2,2023-12-18 06:19:30,wire,normal
TX_003214,ACC_0033,ACC_0031,193.61,2023-09-26 13:08:26,online,normal
TX_003215,ACC_0017,ACC_0069,1665.46,2023-07-29 12:42:17,wire,normal
TX_003216,ACC_0009,ACC_0015,610.78,2023-03-14 07:36:20,branch,normal
TX_003217,ACC_0140,ACC_0143,160.17,2023-05-25 07:04:55,wire,normal
TX_003218,ACC_0036,ACC_0029,506.57,2023-07-14 20:47:18,online,normal
TX_003219,ACC_0014,ACC_0110,441.85,2023-04-14 14:37:03,branch,normal
TX_003220,ACC_0011,ACC_0042,1579.77,2023-04-29 14:29:09,online,normal
TX_003221,ACC_0030,ACC_0115,87.48,2023-03-13 13:21:15,wire,normal
TX_003222,ACC_0023,ACC_0083,330.38,2023-04-13 17:28:28,branch,normal
TX_003223,ACC_0069,ACC_0085,333.14,2023-11-05 01:46:57,online,normal
TX_003224,ACC_0131,ACC_0017,1779.88,2023-09-05 00:31:32,online,normal
TX_003225,ACC_0031,ACC_0093,112.55,2023-07-15 03:38:27,atm,normal
TX_003226,ACC_0075,ACC_0008,157.76,2023-10-19 02:24:35,atm,normal
TX_003227,ACC_0046,ACC_0131,637.76,2023-03-02 05:17:36,online,normal
TX_003228,ACC_0016,ACC_0150,243.76,2023-08-28 06:11:02,online,normal
TX_003229,ACC_0017,ACC_0107,369.17,2023-02-19 07:34:21,online,normal
TX_003230,ACC_0017,ACC_0039,26.05,2023-09-02 23:36:20,wire,normal
TX_003231,ACC_0081,ACC_0100,119.13,2023-01-07 17:15:42,wire,normal
TX_003232,ACC_0118,ACC_0038,1351.72,2023-12-04 09:08:50,branch,normal
TX_003233,ACC_0053,ACC_0138,49.41,2023-03-23 19:36:59,wire,normal
TX_003234,ACC_0131,ACC_0112,129.66,2023-05-27 08:03:16,online,normal
TX_003235,ACC_0003,ACC_0051,176.26,2023-06-16 15:13:06,online,normal
TX_003236,ACC_0016,ACC_0031,392.29,2023-01-19 13:30:00,wire,normal
TX_003237,ACC_0038,ACC_0043,95.07,2023-04-24 13:14:00,online,normal
TX_003238,ACC_0094,ACC_0061,44.76,2023-09-24 10:41:45,branch,normal
TX_003239,ACC_0048,ACC_0096,119.62,2023-07-24 07:46:36,branch,normal
TX_003240,ACC_0133,ACC_0083,1167.91,2023-03-03 09:40:49,wire,normal
TX_003241,ACC_0002,ACC_0081,217.09,2023-12-20 00:24:44,online,normal
TX_003242,ACC_0149,ACC_0126,92.11,2023-06-12 07:55:25,online,normal
TX_003243,ACC_0121,ACC_0076,324.25,2023-11-07 06:39:56,online,normal
TX_003244,ACC_0033,ACC_0086,139.48,2023-10-16 07:05:02,atm,normal
TX_003245,ACC_0112,ACC_0126,88.35,2023-07-05 11:37:08,branch,normal
TX_003246,ACC_0133,ACC_0020,185.27,2023-08-20 10:49:12,wire,normal
TX_003247,ACC_0047,ACC_0040,87.73,2023-04-20 18:15:42,branch,normal
TX_003248,ACC_0093,ACC_0102,734.41,2023-06-26 00:10:04,online,normal
TX_003249,ACC_0042,ACC_0004,495.13,2023-01-23 12:03:25,online,normal
TX_003250,ACC_0094,ACC_0032,397.69,2023-03-24 10:26:36,online,normal
TX_003251,ACC_0006,ACC_0053,367.91,2023-08-23 10:31:30,online,normal
TX_003252,ACC_0038,ACC_0130,8087.07,2023-04-29 12:03:44,online,smurf
TX_003253,ACC_0048,ACC_0112,75.34,2023-09-04 11:14:46,online,normal
TX_003254,ACC_0113,ACC_0129,139.58,2023-11-29 05:12:12,online,normal
TX_003255,ACC_0090,ACC_0058,850.46,2023-07-08 14:00:23,online,normal
TX_003256,ACC_0118,ACC_0039,625.11,2023-08-29 07:20:54,wire,normal
TX_003257,ACC_0149,ACC_0014,176.75,2023-01-08 11:45:19,branch,normal
TX_003258,ACC_0040,ACC_0121,136.56,2023-06-14 02:12:54,wire,normal
TX_003259,ACC_0104,ACC_0141,98.65,2023-09-02 21:35:38,wire,normal
TX_003260,ACC_0102,ACC_0064,399.82,2023-09-26 12:51:59,wire,normal
TX_003261,ACC_0011,ACC_0143,45.21,2023-06-27 14:53:40,branch,normal
TX_003262,ACC_0073,ACC_0134,155.33,2023-03-05 04:52:48,atm,normal
TX_003263,ACC_0036,ACC_0117,173.7,2023-08-08 15:34:23,online,normal
TX_003264,ACC_0032,ACC_0135,138.29,2023-04-09 08:33:04,wire,normal
TX_003265,ACC_0003,ACC_0052,160.36,2023-02-13 05:45:20,online,normal
TX_003266,ACC_0046,ACC_0107,893.6,2023-12-03 10:14:13,online,normal
TX_003267,ACC_0024,ACC_0059,20.46,2023-04-30 21:21:47,branch,normal
TX_003268,ACC_0130,ACC_0108,150.78,2023-02-03 02:37:10,online,normal
TX_003269,ACC_0085,ACC_0011,51.35,2023-03-04 22:07:34,online,normal
TX_003270,ACC_0058,ACC_0106,505.64,2023-11-06 15:55:23,online,normal
TX_003271,ACC_0011,ACC_0046,96.39,2023-06-18 20:13:55,branch,normal
TX_003272,ACC_0122,ACC_0105,133.12,2023-01-26 10:37:50,online,normal
TX_003273,ACC_0125,ACC_0055,126.65,2023-10-19 02:43:44,online,normal
TX_003274,ACC_0084,ACC_0016,233.94,2023-11-14 20:22:46,branch,normal
TX_003275,ACC_0109,ACC_0005,135.87,2023-01-27 16:56:24,wire,normal
TX_003276,ACC_0036,ACC_0043,622.12,2023-03-31 07:13:33,online,normal
TX_003277,ACC_0050,ACC_0004,332.7,2023-05-11 13:45:46,online,normal
TX_003278,ACC_0126,ACC_0097,7.52,2023-07-04 17:09:38,online,normal
TX_003279,ACC_0137,ACC_0053,27.23,2023-01-11 19:10:09,online,normal
TX_003280,ACC_0070,ACC_0110,273.59,2023-11-23 10:11:16,atm,normal
TX_003281,ACC_0147,ACC_0087,837.01,2023-07-01 18:20:28,online,normal
TX_003282,ACC_0144,ACC_0114,120.9,2023-07-11 01:29:06,wire,normal
TX_003283,ACC_0128,ACC_0020,414.42,2023-11-12 09:17:57,wire,normal
TX_003284,ACC_0034,ACC_0080,170.5,2023-08-21 01:29:30,atm,normal
TX_003285,ACC_0125,ACC_0138,46.6,2023-03-25 20:52:39,wire,normal
TX_003286,ACC_0023,ACC_0047,198.0,2023-03-14 23:22:37,online,normal
TX_003287,ACC_0014,ACC_0099,51.05,2023-04-18 23:08:32,online,normal
TX_003288,ACC_0108,ACC_0033,498.15,2023-05-03 14:42:16,atm,normal
TX_003289,ACC_0143,ACC_0037,249.45,2023-03-18 16:32:54,branch,normal
TX_003290,ACC_0105,ACC_0118,283.4,2023-08-30 04:40:02,online,normal
TX_003291,ACC_0035,ACC_0006,69.24,2023-09-12 18:37:14,online,normal
TX_003292,ACC_0037,ACC_0134,227.19,2023-10-05 01:39:39,branch,normal
TX_003293,ACC_0086,ACC_0037,52.49,2023-08-16 11:01:26,online,normal
TX_003294,ACC_0048,ACC_0139,722.93,2023-03-16 15:56:09,atm,normal
TX_003295,ACC_0076,ACC_0150,528.73,2023-07-15 08:31:27,online,normal
TX_003296,ACC_0031,ACC_0108,487.43,2023-04-30 16:40:14,atm,normal
TX_003297,ACC_0052,ACC_0102,108.25,2023-02-05 04:29:00,wire,normal
TX_003298,ACC_0017,ACC_0068,175.89,2023-07-10 21:28:33,online,normal
TX_003299,ACC_0017,ACC_0030,71.31,2023-07-05 07:28:38,online,normal
TX_003300,ACC_0111,ACC_0062,27.07,2023-01-18 05:29:28,atm,normal
TX_003301,ACC_0106,ACC_0095,115.86,2023-11-14 09:10:49,wire,normal
TX_003302,ACC_0126,ACC_0083,120.92,2023-01-31 08:53:22,online,normal
TX_003303,ACC_0142,ACC_0042,111.65,2023-07-13 03:00:58,online,normal
TX_003304,ACC_0002,ACC_0119,873.59,2023-10-21 08:30:03,wire,normal
TX_003305,ACC_0034,ACC_0007,251.08,2023-09-10 09:36:26,wire,normal
TX_003306,ACC_0130,ACC_0119,367.83,2023-10-20 10:17:58,online,normal
TX_003307,ACC_0028,ACC_0062,48.45,2023-11-05 13:37:38,online,normal
TX_003308,ACC_0112,ACC_0014,486.09,2023-01-22 00:13:00,online,normal
TX_003309,ACC_0064,ACC_0014,132.64,2023-03-16 09:08:01,online,normal
TX_003310,ACC_0115,ACC_0074,783.15,2023-09-30 09:53:39,wire,normal
TX_003311,ACC_0117,ACC_0027,164.97,2023-12-24 02:29:16,branch,normal
TX_003312,ACC_0028,ACC_0149,184.27,2023-12-16 06:53:25,online,normal
TX_003313,ACC_0134,ACC_0082,43.4,2023-04-11 15:45:20,branch,normal
TX_003314,ACC_0058,ACC_0048,415.09,2023-01-03 05:55:40,online,normal
TX_003315,ACC_0084,ACC_0072,286.05,2023-04-14 20:45:51,online,normal
TX_003316,ACC_0022,ACC_0111,44.58,2023-07-10 17:16:08,online,normal
TX_003317,ACC_0063,ACC_0130,9048.88,2023-07-22 19:48:24,online,smurf
TX_003318,ACC_0044,ACC_0134,551.81,2023-06-24 23:21:51,online,normal
TX_003319,ACC_0149,ACC_0065,697.25,2023-07-19 15:28:09,online,normal
TX_003320,ACC_0108,ACC_0023,93.44,2023-08-09 23:09:25,online,normal
TX_003321,ACC_0026,ACC_0121,56.56,2023-08-28 15:34:17,online,normal
TX_003322,ACC_0025,ACC_0038,122.91,2023-04-03 06:58:24,online,normal
TX_003323,ACC_0019,ACC_0032,69.86,2023-10-18 03:18:12,online,normal
TX_003324,ACC_0032,ACC_0009,376.28,2023-02-02 10:41:23,online,normal
TX_003325,ACC_0001,ACC_0006,169.57,2023-05-13 21:10:57,online,normal
TX_003326,ACC_0045,ACC_0077,288.32,2023-09-14 09:47:56,online,normal
TX_003327,ACC_0096,ACC_0021,120.82,2023-10-25 05:04:35,branch,normal
TX_003328,ACC_0034,ACC_0045,16.01,2023-09-24 05:58:53,wire,normal
TX_003329,ACC_0006,ACC_0030,147.95,2023-01-05 09:20:20,wire,normal
TX_003330,ACC_0120,ACC_0145,141.14,2023-04-25 00:39:01,online,normal
TX_003331,ACC_0051,ACC_0111,790.53,2023-12-07 13:29:02,online,normal
TX_003332,ACC_0073,ACC_0052,462.99,2023-09-24 22:08:15,atm,normal
TX_003333,ACC_0100,ACC_0047,2012.25,2023-09-29 05:32:34,wire,normal
TX_003334,ACC_0050,ACC_0137,20.72,2023-11-27 12:08:00,online,normal
TX_003335,ACC_0057,ACC_0079,118.79,2023-05-05 14:11:20,online,normal
TX_003336,ACC_0118,ACC_0080,173.58,2023-07-23 23:15:48,atm,normal
TX_003337,ACC_0134,ACC_0026,158.96,2023-02-19 10:22:59,branch,normal
TX_003338,ACC_0058,ACC_0085,57.47,2023-12-18 09:30:15,online,normal
TX_003339,ACC_0054,ACC_0031,326.06,2023-04-25 11:33:16,wire,normal
TX_003340,ACC_0145,ACC_0037,88.29,2023-09-19 03:57:21,online,normal
TX_003341,ACC_0012,ACC_0089,20.8,2023-08-03 07:56:33,online,normal
TX_003342,ACC_0034,ACC_0150,618.87,2023-02-25 18:57:26,branch,normal
TX_003343,ACC_0013,ACC_0055,112.61,2023-04-29 00:27:47,atm,normal
TX_003344,ACC_0013,ACC_0007,113.39,2023-03-15 20:24:43,online,normal
TX_003345,ACC_0060,ACC_0011,71.69,2023-11-12 20:41:37,online,normal
TX_003346,ACC_0092,ACC_0065,609.51,2023-09-23 00:39:49,atm,normal
TX_003347,ACC_0053,ACC_0026,69.91,2023-07-18 08:17:29,wire,normal
TX_003348,ACC_0149,ACC_0048,110.73,2023-10-30 20:29:32,online,normal
TX_003349,ACC_0020,ACC_0101,598.4,2023-10-15 05:20:51,branch,normal
TX_003350,ACC_0062,ACC_0028,123.97,2023-03-21 02:19:16,wire,normal
TX_003351,ACC_0026,ACC_0130,9531.06,2023-06-12 00:15:56,online,smurf
TX_003352,ACC_0083,ACC_0027,42.76,2023-03-09 22:20:07,wire,normal
TX_003353,ACC_0064,ACC_0100,17.05,2023-01-16 13:37:22,online,normal
TX_003354,ACC_0143,ACC_0052,1422.26,2023-07-25 19:16:18,atm,normal
TX_003355,ACC_0089,ACC_0137,141.42,2023-07-18 09:27:26,online,normal
TX_003356,ACC_0071,ACC_0040,187.71,2023-01-29 00:13:38,atm,normal
TX_003357,ACC_0065,ACC_0059,54.3,2023-12-25 21:40:20,online,normal
TX_003358,ACC_0028,ACC_0038,208.27,2023-10-04 22:11:08,online,normal
TX_003359,ACC_0082,ACC_0123,62.14,2023-06-28 09:39:23,online,normal
TX_003360,ACC_0069,ACC_0123,640.64,2023-09-08 15:48:47,atm,normal
TX_003361,ACC_0126,ACC_0098,175.03,2023-12-25 18:43:42,online,normal
TX_003362,ACC_0091,ACC_0133,42.63,2023-02-26 18:24:08,atm,normal
TX_003363,ACC_0066,ACC_0120,271.14,2023-11-23 05:16:53,online,normal
TX_003364,ACC_0142,ACC_0097,580.0,2023-12-18 16:33:04,online,normal
TX_003365,ACC_0136,ACC_0055,1678.89,2023-04-12 23:55:24,wire,normal
TX_003366,ACC_0107,ACC_0126,152.05,2023-09-09 19:06:50,online,normal
TX_003367,ACC_0099,ACC_0003,564.55,2023-03-29 12:36:41,branch,normal
TX_003368,ACC_0123,ACC_0144,100.4,2023-04-01 11:55:41,online,normal
TX_003369,ACC_0099,ACC_0027,351.31,2023-11-27 00:31:43,online,normal
TX_003370,ACC_0038,ACC_0134,147.73,2023-02-19 11:10:37,branch,normal
TX_003371,ACC_0086,ACC_0034,131.18,2023-08-31 03:38:59,online,normal
TX_003372,ACC_0094,ACC_0085,101.69,2023-09-06 06:58:04,branch,normal
TX_003373,ACC_0019,ACC_0057,63.94,2023-05-05 02:19:36,atm,normal
TX_003374,ACC_0043,ACC_0031,426.23,2023-05-25 00:11:37,branch,normal
TX_003375,ACC_0068,ACC_0128,40.02,2023-07-21 12:46:29,wire,normal
TX_003376,ACC_0112,ACC_0058,305.36,2023-05-04 07:18:34,online,normal
TX_003377,ACC_0083,ACC_0043,411.14,2023-12-10 06:45:16,wire,normal
TX_003378,ACC_0124,ACC_0011,54.88,2023-10-10 01:14:29,online,normal
TX_003379,ACC_0079,ACC_0090,58.71,2023-09-16 14:48:55,wire,normal
TX_003380,ACC_0044,ACC_0081,99.5,2023-10-08 17:17:34,online,normal
TX_003381,ACC_0006,ACC_0038,107.16,2023-06-20 00:55:15,online,normal
TX_003382,ACC_0051,ACC_0106,60.31,2023-05-30 17:35:34,branch,normal
TX_003383,ACC_0070,ACC_0113,43.27,2023-04-09 22:39:11,online,normal
TX_003384,ACC_0048,ACC_0081,74.52,2023-04-28 22:03:39,atm,normal
TX_003385,ACC_0076,ACC_0142,24.75,2023-06-12 07:33:49,online,normal
TX_003386,ACC_0086,ACC_0115,349.75,2023-10-15 02:27:49,online,normal
TX_003387,ACC_0069,ACC_0005,1456.73,2023-07-19 20:14:04,branch,normal
TX_003388,ACC_0088,ACC_0080,748.49,2023-11-25 01:30:04,online,normal
TX_003389,ACC_0055,ACC_0006,147.34,2023-09-21 21:22:53,wire,normal
TX_003390,ACC_0077,ACC_0141,731.49,2023-07-31 03:50:19,online,normal
TX_003391,ACC_0139,ACC_0086,1013.11,2023-02-24 03:47:07,online,normal
TX_003392,ACC_0075,ACC_0095,206.21,2023-05-26 22:05:13,online,normal
TX_003393,ACC_0045,ACC_0074,804.6,2023-03-11 03:51:21,atm,normal
TX_003394,ACC_0030,ACC_0046,82.56,2023-12-11 16:34:01,online,normal
TX_003395,ACC_0126,ACC_0084,47.49,2023-02-22 05:38:34,wire,normal
TX_003396,ACC_0003,ACC_0007,14.2,2023-09-20 08:23:35,wire,normal
TX_003397,ACC_0130,ACC_0057,185.24,2023-06-27 20:03:36,branch,normal
TX_003398,ACC_0061,ACC_0147,85.72,2023-08-15 21:44:04,wire,normal
TX_003399,ACC_0087,ACC_0025,83.92,2023-12-21 07:48:20,online,normal
TX_003400,ACC_0052,ACC_0095,185.49,2023-10-02 12:11:26,wire,normal
TX_003401,ACC_0040,ACC_0091,323.73,2023-06-20 05:58:08,online,normal
TX_003402,ACC_0043,ACC_0058,281.49,2023-06-20 11:06:01,online,normal
TX_003403,ACC_0034,ACC_0008,14.57,2023-11-05 13:43:50,wire,normal
TX_003404,ACC_0048,ACC_0039,1387.55,2023-02-18 14:16:45,atm,normal
TX_003405,ACC_0095,ACC_0038,174.8,2023-12-12 08:40:04,branch,normal
TX_003406,ACC_0029,ACC_0064,88.82,2023-02-18 03:17:54,online,normal
TX_003407,ACC_0102,ACC_0098,40.6,2023-01-19 20:01:21,online,normal
TX_003408,ACC_0013,ACC_0144,134.94,2023-10-22 19:05:01,branch,normal
TX_003409,ACC_0040,ACC_0072,100.36,2023-10-20 12:53:13,online,normal
TX_003410,ACC_0017,ACC_0141,238.35,2023-07-08 12:20:10,branch,normal
TX_003411,ACC_0084,ACC_0047,617.03,2023-07-01 05:34:43,online,normal
TX_003412,ACC_0137,ACC_0017,13.46,2023-11-01 23:59:54,online,normal
TX_003413,ACC_0141,ACC_0046,228.34,2023-06-10 00:55:38,online,normal
TX_003414,ACC_0030,ACC_0146,50.79,2023-03-26 04:15:05,online,normal
TX_003415,ACC_0049,ACC_0145,536.3,2023-06-22 09:51:07,atm,normal
TX_003416,ACC_0100,ACC_0087,313.27,2023-11-29 17:49:24,branch,normal
TX_003417,ACC_0056,ACC_0065,296.61,2023-05-02 22:21:53,online,normal
TX_003418,ACC_0057,ACC_0105,709.3,2023-07-23 22:36:03,atm,normal
TX_003419,ACC_0075,ACC_0026,649.19,2023-05-15 03:05:50,online,normal
TX_003420,ACC_0052,ACC_0082,90.16,2023-10-15 21:22:43,online,normal
TX_003421,ACC_0016,ACC_0119,99.54,2023-09-10 23:03:35,atm,normal
TX_003422,ACC_0007,ACC_0074,20.01,2023-11-06 15:07:47,wire,normal
TX_003423,ACC_0054,ACC_0040,67.37,2023-09-12 23:43:40,online,normal
TX_003424,ACC_0048,ACC_0095,90.48,2023-09-29 21:05:53,branch,normal
TX_003425,ACC_0103,ACC_0080,724.48,2023-01-16 11:25:18,online,normal
TX_003426,ACC_0112,ACC_0023,409.99,2023-02-20 18:35:35,wire,normal
TX_003427,ACC_0104,ACC_0001,228.31,2023-07-04 18:49:14,online,normal
TX_003428,ACC_0141,ACC_0138,74.78,2023-02-28 03:24:35,online,normal
TX_003429,ACC_0085,ACC_0050,128.81,2023-05-06 17:18:50,wire,normal
TX_003430,ACC_0073,ACC_0072,117.46,2023-07-17 19:17:21,wire,normal
TX_003431,ACC_0066,ACC_0107,146.6,2023-07-26 00:40:36,branch,normal
TX_003432,ACC_0075,ACC_0107,170.74,2023-12-13 01:47:10,wire,normal
TX_003433,ACC_0107,ACC_0132,267.72,2023-12-27 01:06:57,online,normal
TX_003434,ACC_0149,ACC_0073,344.35,2023-11-02 09:55:39,online,normal
TX_003435,ACC_0149,ACC_0030,101.63,2023-04-01 15:29:37,online,normal
TX_003436,ACC_0057,ACC_0031,94.57,2023-07-04 10:22:00,atm,normal
TX_003437,ACC_0080,ACC_0041,24.17,2023-02-04 22:17:23,online,normal
TX_003438,ACC_0085,ACC_0066,1088.59,2023-10-04 01:48:06,online,normal
TX_003439,ACC_0149,ACC_0112,1642.29,2023-10-29 15:34:44,online,normal
TX_003440,ACC_0002,ACC_0104,317.21,2023-05-25 01:58:12,online,normal
TX_003441,ACC_0038,ACC_0127,65.87,2023-04-12 14:33:01,wire,normal
TX_003442,ACC_0083,ACC_0034,5.36,2023-11-04 08:59:25,online,normal
TX_003443,ACC_0030,ACC_0022,17.79,2023-09-28 10:20:43,online,normal
TX_003444,ACC_0130,ACC_0019,392.81,2023-02-23 08:50:35,online,normal
TX_003445,ACC_0011,ACC_0103,103.35,2023-10-24 03:50:08,branch,normal
TX_003446,ACC_0127,ACC_0032,129.44,2023-03-04 00:49:33,branch,normal
TX_003447,ACC_0103,ACC_0056,90.69,2023-12-23 12:34:51,online,normal
TX_003448,ACC_0042,ACC_0105,411.62,2023-04-16 11:55:59,wire,normal
TX_003449,ACC_0042,ACC_0077,174.03,2023-05-29 20:38:50,branch,normal
TX_003450,ACC_0149,ACC_0098,181.03,2023-05-01 09:47:45,atm,normal
TX_003451,ACC_0023,ACC_0074,41.97,2023-08-23 23:29:43,wire,normal
TX_003452,ACC_0116,ACC_0121,239.35,2023-04-21 19:12:44,online,normal
TX_003453,ACC_0075,ACC_0150,59.03,2023-03-10 06:13:07,online,normal
TX_003454,ACC_0117,ACC_0004,647.48,2023-03-02 04:59:03,online,normal
TX_003455,ACC_0071,ACC_0050,383.67,2023-02-23 05:28:47,branch,normal
TX_003456,ACC_0027,ACC_0012,185.91,2023-09-06 15:30:55,online,normal
TX_003457,ACC_0128,ACC_0059,40.52,2023-10-05 11:56:59,wire,normal
TX_003458,ACC_0132,ACC_0074,20.6,2023-01-13 07:19:26,branch,normal
TX_003459,ACC_0140,ACC_0115,1023.4,2023-01-11 04:48:06,wire,normal
TX_003460,ACC_0072,ACC_0127,282.25,2023-03-07 20:15:48,online,normal
TX_003461,ACC_0027,ACC_0102,316.43,2023-12-23 05:42:31,online,normal
TX_003462,ACC_0021,ACC_0027,35.93,2023-03-20 00:06:56,wire,normal
TX_003463,ACC_0022,ACC_0086,93.78,2023-04-23 19:23:23,online,normal
TX_003464,ACC_0106,ACC_0002,179.32,2023-10-05 10:55:07,wire,normal
TX_003465,ACC_0062,ACC_0053,448.62,2023-11-11 21:18:20,atm,normal
TX_003466,ACC_0029,ACC_0014,131.85,2023-11-16 21:01:42,branch,normal
TX_003467,ACC_0074,ACC_0008,447.23,2023-11-10 07:47:15,branch,normal
TX_003468,ACC_0057,ACC_0054,170.29,2023-05-31 04:39:20,branch,normal
TX_003469,ACC_0089,ACC_0062,48.94,2023-01-17 11:16:05,wire,normal
TX_003470,ACC_0142,ACC_0070,1279.38,2023-04-04 15:20:39,online,normal
TX_003471,ACC_0150,ACC_0060,538.52,2023-11-09 03:27:19,wire,normal
TX_003472,ACC_0028,ACC_0080,58.39,2023-02-11 04:04:53,online,normal
TX_003473,ACC_0004,ACC_0033,9.1,2023-11-08 20:08:01,online,normal
TX_003474,ACC_0088,ACC_0105,13.63,2023-07-01 09:20:27,online,normal
TX_003475,ACC_0070,ACC_0046,109.59,2023-04-03 05:19:29,wire,normal
TX_003476,ACC_0109,ACC_0100,35.51,2023-01-28 12:10:09,atm,normal
TX_003477,ACC_0061,ACC_0149,79.68,2023-01-06 11:45:51,atm,normal
TX_003478,ACC_0019,ACC_0103,544.49,2023-03-01 05:20:25,online,normal
TX_003479,ACC_0115,ACC_0035,57.45,2023-01-09 07:52:46,branch,normal
TX_003480,ACC_0072,ACC_0133,91.45,2023-01-30 23:50:03,wire,normal
TX_003481,ACC_0001,ACC_0131,110.04,2023-10-12 12:26:18,branch,normal
TX_003482,ACC_0010,ACC_0040,133.19,2023-06-19 08:03:49,online,normal
TX_003483,ACC_0139,ACC_0094,64.82,2023-05-21 13:49:05,online,normal
TX_003484,ACC_0045,ACC_0087,1555.86,2023-04-14 05:26:55,wire,normal
TX_003485,ACC_0047,ACC_0112,96.8,2023-10-10 01:57:17,atm,normal
TX_003486,ACC_0107,ACC_0054,353.9,2023-05-26 19:52:37,wire,normal
TX_003487,ACC_0010,ACC_0149,691.44,2023-12-19 03:01:12,wire,normal
TX_003488,ACC_0063,ACC_0036,619.81,2023-02-27 19:06:20,branch,normal
TX_003489,ACC_0099,ACC_0093,276.11,2023-08-22 05:09:11,wire,normal
TX_003490,ACC_0111,ACC_0125,28.07,2023-01-20 03:12:16,atm,normal
TX_003491,ACC_0089,ACC_0029,213.84,2023-05-20 11:45:01,online,normal
TX_003492,ACC_0063,ACC_0130,9386.49,2023-03-20 19:52:49,online,smurf
TX_003493,ACC_0125,ACC_0038,224.94,2023-03-31 03:11:31,atm,normal
TX_003494,ACC_0015,ACC_0012,201.51,2023-06-02 00:15:28,online,normal
TX_003495,ACC_0111,ACC_0082,41.97,2023-03-11 05:05:40,wire,normal
TX_003496,ACC_0111,ACC_0048,682.85,2023-04-29 06:57:41,online,normal
TX_003497,ACC_0145,ACC_0055,40.28,2023-08-24 03:51:49,wire,normal
TX_003498,ACC_0046,ACC_0038,89.55,2023-09-16 14:22:55,online,normal
TX_003499,ACC_0138,ACC_0019,406.84,2023-01-10 02:14:29,branch,normal
TX_003500,ACC_0111,ACC_0096,170.36,2023-02-12 05:50:47,branch,normal
TX_003501,ACC_0054,ACC_0130,9408.95,2023-12-22 08:37:43,online,smurf
TX_003502,ACC_0051,ACC_0043,255.73,2023-09-11 06:40:51,branch,normal
TX_003503,ACC_0044,ACC_0109,686.3,2023-05-21 22:48:10,wire,normal
TX_003504,ACC_0079,ACC_0085,682.39,2023-09-29 16:23:14,online,normal
TX_003505,ACC_0047,ACC_0149,91.82,2023-02-08 14:32:04,branch,normal
TX_003506,ACC_0116,ACC_0103,1106.27,2023-03-05 22:59:25,online,normal
TX_003507,ACC_0045,ACC_0087,419.67,2023-11-19 23:20:21,online,normal
TX_003508,ACC_0026,ACC_0130,9234.78,2023-01-19 21:46:55,online,smurf
TX_003509,ACC_0008,ACC_0039,929.36,2023-10-30 05:18:22,online,normal
TX_003510,ACC_0106,ACC_0119,226.39,2023-02-03 01:26:57,online,normal
TX_003511,ACC_0085,ACC_0049,319.8,2023-12-20 13:51:42,wire,normal
TX_003512,ACC_0118,ACC_0042,181.68,2023-01-02 14:02:56,wire,normal
TX_003513,ACC_0145,ACC_0146,628.79,2023-01-25 21:51:25,online,normal
TX_003514,ACC_0117,ACC_0127,126.76,2023-04-16 04:36:42,online,normal
TX_003515,ACC_0072,ACC_0080,61.9,2023-10-04 20:06:42,wire,normal
TX_003516,ACC_0138,ACC_0143,507.45,2023-09-22 12:19:18,online,normal
TX_003517,ACC_0045,ACC_0148,66.67,2023-12-24 02:03:46,online,normal
TX_003518,ACC_0030,ACC_0130,24.14,2023-03-13 10:41:14,online,normal
TX_003519,ACC_0016,ACC_0010,37.97,2023-07-13 12:01:59,online,normal
TX_003520,ACC_0075,ACC_0067,35.56,2023-02-14 02:26:23,online,normal
TX_003521,ACC_0030,ACC_0008,194.84,2023-02-03 12:18:33,online,normal
TX_003522,ACC_0080,ACC_0054,282.49,2023-02-18 08:39:50,online,normal
TX_003523,ACC_0117,ACC_0010,193.02,2023-04-19 20:39:49,branch,normal
TX_003524,ACC_0029,ACC_0093,1130.95,2023-03-27 18:06:26,branch,normal
TX_003525,ACC_0020,ACC_0113,123.12,2023-07-26 18:22:21,wire,normal
TX_003526,ACC_0003,ACC_0103,184.61,2023-11-13 01:28:59,online,normal
TX_003527,ACC_0084,ACC_0021,69.93,2023-06-26 19:03:17,wire,normal
TX_003528,ACC_0110,ACC_0113,173.87,2023-10-01 14:55:02,online,normal
TX_003529,ACC_0146,ACC_0111,968.14,2023-10-03 10:19:43,branch,normal
TX_003530,ACC_0132,ACC_0102,437.8,2023-08-23 08:05:04,wire,normal
TX_003531,ACC_0109,ACC_0099,23.21,2023-04-07 02:24:09,wire,normal
TX_003532,ACC_0104,ACC_0049,39.34,2023-04-02 09:17:42,online,normal
TX_003533,ACC_0129,ACC_0102,839.12,2023-05-16 12:27:48,online,normal
TX_003534,ACC_0034,ACC_0097,207.43,2023-03-15 15:26:49,wire,normal
TX_003535,ACC_0100,ACC_0129,46.61,2023-01-19 20:32:49,online,normal
TX_003536,ACC_0075,ACC_0149,75.19,2023-07-07 22:48:23,wire,normal
TX_003537,ACC_0054,ACC_0098,51.39,2023-06-27 23:26:50,online,normal
TX_003538,ACC_0089,ACC_0119,89.44,2023-04-02 13:16:38,wire,normal
TX_003539,ACC_0079,ACC_0116,133.67,2023-01-29 18:31:03,branch,normal
TX_003540,ACC_0004,ACC_0131,45.48,2023-12-17 02:07:03,online,normal
TX_003541,ACC_0147,ACC_0148,266.37,2023-08-10 13:59:51,branch,normal
TX_003542,ACC_0038,ACC_0092,93.69,2023-02-18 17:57:31,branch,normal
TX_003543,ACC_0029,ACC_0131,334.5,2023-05-16 17:38:20,wire,normal
TX_003544,ACC_0029,ACC_0117,1619.49,2023-05-10 20:18:02,online,normal
TX_003545,ACC_0110,ACC_0124,304.64,2023-05-24 22:35:29,online,normal
TX_003546,ACC_0018,ACC_0113,455.09,2023-05-05 04:46:21,online,normal
TX_003547,ACC_0008,ACC_0044,63.1,2023-09-02 11:16:30,online,normal
TX_003548,ACC_0106,ACC_0033,196.01,2023-03-13 02:39:32,branch,normal
TX_003549,ACC_0002,ACC_0134,66.39,2023-05-16 00:22:55,online,normal
TX_003550,ACC_0016,ACC_0072,139.94,2023-01-23 06:56:28,wire,normal
TX_003551,ACC_0053,ACC_0128,1687.44,2023-12-14 12:31:48,online,normal
TX_003552,ACC_0046,ACC_0078,1927.2,2023-03-27 03:15:40,atm,normal
TX_003553,ACC_0069,ACC_0009,1125.66,2023-04-02 07:46:00,atm,normal
TX_003554,ACC_0105,ACC_0032,244.25,2023-07-27 14:21:23,online,normal
TX_003555,ACC_0034,ACC_0122,133.27,2023-08-11 08:38:32,online,normal
TX_003556,ACC_0024,ACC_0086,461.8,2023-08-20 14:03:00,online,normal
TX_003557,ACC_0039,ACC_0056,189.18,2023-05-30 05:28:41,online,normal
TX_003558,ACC_0039,ACC_0012,164.41,2023-10-31 19:56:40,online,normal
TX_003559,ACC_0116,ACC_0093,89.38,2023-07-31 01:12:55,branch,normal
TX_003560,ACC_0114,ACC_0036,256.87,2023-05-10 01:43:47,wire,normal
TX_003561,ACC_0020,ACC_0115,117.23,2023-07-06 11:30:04,atm,normal
TX_003562,ACC_0033,ACC_0015,446.16,2023-10-26 15:31:12,online,normal
TX_003563,ACC_0091,ACC_0090,114.88,2023-06-23 07:14:51,online,normal
TX_003564,ACC_0137,ACC_0098,96.53,2023-12-18 21:09:40,atm,normal
TX_003565,ACC_0086,ACC_0118,172.11,2023-11-11 16:17:53,branch,normal
TX_003566,ACC_0104,ACC_0072,151.87,2023-01-17 19:36:53,wire,normal
TX_003567,ACC_0084,ACC_0138,294.73,2023-01-14 09:15:11,branch,normal
TX_003568,ACC_0008,ACC_0042,256.7,2023-06-05 15:30:30,branch,normal
TX_003569,ACC_0096,ACC_0117,53.16,2023-04-24 04:35:18,online,normal
TX_003570,ACC_0060,ACC_0138,109.65,2023-02-20 08:53:15,online,normal
TX_003571,ACC_0062,ACC_0084,203.15,2023-11-20 18:04:05,wire,normal
TX_003572,ACC_0041,ACC_0074,126.42,2023-04-22 05:58:27,branch,normal
TX_003573,ACC_0088,ACC_0027,18.51,2023-10-01 14:14:55,atm,normal
TX_003574,ACC_0072,ACC_0143,90.58,2023-06-30 10:56:31,online,normal
TX_003575,ACC_0145,ACC_0143,1063.58,2023-04-24 17:54:15,online,normal
TX_003576,ACC_0056,ACC_0104,861.51,2023-10-24 12:31:07,wire,normal
TX_003577,ACC_0141,ACC_0104,2793.09,2023-08-03 13:28:57,online,normal
TX_003578,ACC_0087,ACC_0082,106.58,2023-08-24 21:35:52,branch,normal
TX_003579,ACC_0069,ACC_0067,184.13,2023-08-24 23:07:15,atm,normal
TX_003580,ACC_0127,ACC_0003,464.13,2023-02-15 08:47:39,online,normal
TX_003581,ACC_0039,ACC_0016,72.46,2023-04-14 07:39:58,branch,normal
TX_003582,ACC_0092,ACC_0059,126.42,2023-10-02 04:26:28,online,normal
TX_003583,ACC_0079,ACC_0070,221.21,2023-12-25 18:58:45,online,normal
TX_003584,ACC_0054,ACC_0104,288.38,2023-06-16 22:01:17,branch,normal
TX_003585,ACC_0009,ACC_0048,33.11,2023-02-09 20:47:13,online,normal
TX_003586,ACC_0104,ACC_0091,24.02,2023-06-03 07:35:53,online,normal
TX_003587,ACC_0141,ACC_0046,229.29,2023-11-10 03:34:46,online,normal
TX_003588,ACC_0094,ACC_0113,304.9,2023-10-03 08:21:19,online,normal
TX_003589,ACC_0141,ACC_0070,70.76,2023-03-11 21:49:38,online,normal
TX_003590,ACC_0140,ACC_0119,174.26,2023-01-01 12:44:33,wire,normal
TX_003591,ACC_0150,ACC_0068,358.63,2023-06-05 21:01:00,online,normal
TX_003592,ACC_0140,ACC_0038,134.19,2023-03-01 07:59:51,branch,normal
TX_003593,ACC_0016,ACC_0013,218.99,2023-02-22 23:21:06,online,normal
TX_003594,ACC_0122,ACC_0076,377.03,2023-03-21 23:01:07,online,normal
TX_003595,ACC_0142,ACC_0020,8.68,2023-09-19 14:44:32,online,normal
TX_003596,ACC_0144,ACC_0004,82.6,2023-01-13 13:56:25,wire,normal
TX_003597,ACC_0013,ACC_0089,80.0,2023-08-20 15:59:17,wire,normal
TX_003598,ACC_0097,ACC_0024,258.51,2023-11-12 13:52:49,wire,normal
TX_003599,ACC_0039,ACC_0113,698.16,2023-03-04 18:21:13,wire,normal
TX_003600,ACC_0037,ACC_0119,298.45,2023-05-10 06:48:18,atm,normal
TX_003601,ACC_0015,ACC_0043,35.96,2023-07-30 12:23:10,atm,normal
TX_003602,ACC_0013,ACC_0149,122.43,2023-05-23 10:19:52,online,normal
TX_003603,ACC_0082,ACC_0116,458.21,2023-11-22 21:02:58,online,normal
TX_003604,ACC_0039,ACC_0066,67.02,2023-06-06 10:49:24,wire,normal
TX_003605,ACC_0104,ACC_0040,109.09,2023-10-30 12:49:12,online,normal
TX_003606,ACC_0143,ACC_0103,24.79,2023-01-01 04:27:02,online,normal
TX_003607,ACC_0083,ACC_0147,106.71,2023-03-20 05:40:02,wire,normal
TX_003608,ACC_0100,ACC_0105,166.63,2023-07-12 09:30:27,branch,normal
TX_003609,ACC_0134,ACC_0068,228.8,2023-02-19 10:16:25,atm,normal
TX_003610,ACC_0004,ACC_0019,362.87,2023-12-26 04:01:33,online,normal
TX_003611,ACC_0083,ACC_0012,52.58,2023-11-16 05:28:30,online,normal
TX_003612,ACC_0135,ACC_0016,951.09,2023-05-20 19:36:03,wire,normal
TX_003613,ACC_0138,ACC_0051,99.5,2023-12-13 01:32:37,online,normal
TX_003614,ACC_0129,ACC_0117,367.92,2023-07-08 11:12:55,online,normal
TX_003615,ACC_0066,ACC_0026,338.37,2023-09-18 10:15:24,wire,normal
TX_003616,ACC_0031,ACC_0088,12.95,2023-07-10 03:32:14,atm,normal
TX_003617,ACC_0081,ACC_0044,189.42,2023-07-30 01:16:14,branch,normal
TX_003618,ACC_0104,ACC_0032,55.78,2023-05-25 23:08:00,online,normal
TX_003619,ACC_0086,ACC_0133,21.0,2023-08-27 16:18:08,wire,normal
TX_003620,ACC_0113,ACC_0003,141.82,2023-11-04 07:55:09,online,normal
TX_003621,ACC_0082,ACC_0054,133.48,2023-07-03 14:41:37,branch,normal
TX_003622,ACC_0005,ACC_0041,7.31,2023-08-24 18:35:44,wire,normal
TX_003623,ACC_0016,ACC_0147,349.3,2023-07-03 19:08:00,wire,normal
TX_003624,ACC_0092,ACC_0003,1281.41,2023-03-21 09:28:14,online,normal
TX_003625,ACC_0110,ACC_0106,50.36,2023-05-02 19:27:09,online,normal
TX_003626,ACC_0031,ACC_0013,172.02,2023-06-18 14:20:06,online,normal
TX_003627,ACC_0026,ACC_0142,24.79,2023-03-31 08:25:07,online,normal
TX_003628,ACC_0089,ACC_0022,168.9,2023-03-27 00:13:24,branch,normal
TX_003629,ACC_0065,ACC_0075,90.76,2023-06-12 10:27:37,branch,normal
TX_003630,ACC_0051,ACC_0064,150.75,2023-03-21 00:12:35,atm,normal
TX_003631,ACC_0072,ACC_0074,44.78,2023-01-23 03:51:51,online,normal
TX_003632,ACC_0040,ACC_0107,971.97,2023-12-18 20:42:53,online,normal
TX_003633,ACC_0031,ACC_0089,60.67,2023-01-17 06:30:04,online,normal
TX_003634,ACC_0061,ACC_0030,164.52,2023-02-06 07:40:30,online,normal
TX_003635,ACC_0120,ACC_0046,122.31,2023-01-08 06:41:36,branch,normal
TX_003636,ACC_0004,ACC_0003,16.71,2023-10-28 08:26:19,atm,normal
TX_003637,ACC_0148,ACC_0081,41.14,2023-11-12 05:09:49,atm,normal
TX_003638,ACC_0148,ACC_0099,33.96,2023-12-21 20:35:26,online,normal
TX_003639,ACC_0088,ACC_0098,86.02,2023-10-23 03:53:17,wire,normal
TX_003640,ACC_0075,ACC_0062,38.34,2023-12-16 03:36:11,wire,normal
TX_003641,ACC_0131,ACC_0102,46.14,2023-05-30 06:53:07,online,normal
TX_003642,ACC_0064,ACC_0043,216.92,2023-04-21 19:20:46,wire,normal
TX_003643,ACC_0052,ACC_0112,595.14,2023-07-16 11:01:35,wire,normal
TX_003644,ACC_0028,ACC_0077,48.74,2023-02-05 09:33:31,online,normal
TX_003645,ACC_0083,ACC_0107,180.86,2023-10-07 14:02:11,online,normal
TX_003646,ACC_0025,ACC_0016,60.34,2023-09-25 23:34:54,wire,normal
TX_003647,ACC_0052,ACC_0031,455.05,2023-06-23 01:43:22,wire,normal
TX_003648,ACC_0066,ACC_0087,1821.13,2023-02-25 11:58:26,online,normal
TX_003649,ACC_0125,ACC_0079,1666.76,2023-05-03 08:47:35,branch,normal
TX_003650,ACC_0068,ACC_0127,70.97,2023-05-19 04:08:10,branch,normal
TX_003651,ACC_0083,ACC_0092,352.29,2023-02-22 18:07:30,branch,normal
TX_003652,ACC_0145,ACC_0114,452.91,2023-12-14 18:30:18,wire,normal
TX_003653,ACC_0114,ACC_0021,91.07,2023-08-06 15:09:52,atm,normal
TX_003654,ACC_0095,ACC_0002,14.92,2023-03-12 11:33:30,atm,normal
TX_003655,ACC_0104,ACC_0149,340.59,2023-11-12 15:24:02,online,normal
TX_003656,ACC_0111,ACC_0001,1537.9,2023-01-26 19:28:35,online,normal
TX_003657,ACC_0062,ACC_0027,303.84,2023-10-17 20:31:04,online,normal
TX_003658,ACC_0076,ACC_0027,33.43,2023-06-01 02:14:59,online,normal
TX_003659,ACC_0129,ACC_0053,477.71,2023-06-21 15:05:38,branch,normal
TX_003660,ACC_0094,ACC_0134,201.36,2023-12-26 08:33:54,branch,normal
TX_003661,ACC_0141,ACC_0009,218.67,2023-12-23 08:19:10,online,normal
TX_003662,ACC_0115,ACC_0015,211.11,2023-02-03 11:32:19,online,normal
TX_003663,ACC_0146,ACC_0034,56.47,2023-10-18 17:09:09,online,normal
TX_003664,ACC_0049,ACC_0089,77.27,2023-02-02 13:09:38,online,normal
TX_003665,ACC_0046,ACC_0064,34.8,2023-08-17 07:17:26,online,normal
TX_003666,ACC_0113,ACC_0023,51.68,2023-12-11 08:24:59,online,normal
TX_003667,ACC_0029,ACC_0019,91.36,2023-06-25 21:31:48,online,normal
TX_003668,ACC_0049,ACC_0149,31.15,2023-01-29 00:29:24,online,normal
TX_003669,ACC_0073,ACC_0101,123.22,2023-09-11 22:28:42,online,normal
TX_003670,ACC_0027,ACC_0116,3.24,2023-04-30 17:07:08,branch,normal
TX_003671,ACC_0148,ACC_0129,141.84,2023-07-28 03:54:48,branch,normal
TX_003672,ACC_0117,ACC_0031,1433.01,2023-01-09 23:53:09,online,normal
TX_003673,ACC_0062,ACC_0145,36.3,2023-08-20 12:35:30,online,normal
TX_003674,ACC_0088,ACC_0084,41.48,2023-02-04 03:56:17,branch,normal
TX_003675,ACC_0004,ACC_0118,63.05,2023-04-17 16:39:34,online,normal
TX_003676,ACC_0071,ACC_0150,223.06,2023-09-19 08:41:35,online,normal
TX_003677,ACC_0044,ACC_0133,75.38,2023-02-02 23:56:53,online,normal
TX_003678,ACC_0075,ACC_0009,117.38,2023-05-18 02:58:33,online,normal
TX_003679,ACC_0063,ACC_0073,1310.87,2023-05-10 19:18:17,wire,normal
TX_003680,ACC_0141,ACC_0123,75.14,2023-11-11 16:03:27,online,normal
TX_003681,ACC_0141,ACC_0114,319.63,2023-10-12 02:43:56,branch,normal
TX_003682,ACC_0102,ACC_0111,76.86,2023-06-02 01:53:22,wire,normal
TX_003683,ACC_0066,ACC_0065,236.55,2023-06-11 09:59:20,branch,normal
TX_003684,ACC_0108,ACC_0042,30.41,2023-01-23 17:27:19,branch,normal
TX_003685,ACC_0126,ACC_0045,61.61,2023-10-21 16:00:41,online,normal
TX_003686,ACC_0045,ACC_0088,85.97,2023-11-05 09:10:39,online,normal
TX_003687,ACC_0011,ACC_0079,427.48,2023-08-01 19:04:12,wire,normal
TX_003688,ACC_0116,ACC_0050,244.36,2023-12-15 09:08:22,atm,normal
TX_003689,ACC_0013,ACC_0011,53.67,2023-01-28 05:45:37,online,normal
TX_003690,ACC_0051,ACC_0036,36.28,2023-11-17 20:12:35,online,normal
TX_003691,ACC_0139,ACC_0020,614.49,2023-01-03 13:04:21,online,normal
TX_003692,ACC_0027,ACC_0069,1634.64,2023-01-20 00:24:57,wire,normal
TX_003693,ACC_0061,ACC_0071,111.95,2023-02-14 06:25:03,online,normal
TX_003694,ACC_0146,ACC_0044,18.27,2023-05-21 13:29:38,wire,normal
TX_003695,ACC_0099,ACC_0040,71.34,2023-03-22 03:15:34,online,normal
TX_003696,ACC_0028,ACC_0087,195.06,2023-05-07 15:47:03,online,normal
TX_003697,ACC_0091,ACC_0093,136.42,2023-10-20 02:00:49,online,normal
TX_003698,ACC_0143,ACC_0083,47.75,2023-06-01 03:45:14,online,normal
TX_003699,ACC_0104,ACC_0116,46.55,2023-04-16 04:43:46,wire,normal
TX_003700,ACC_0028,ACC_0050,52.36,2023-01-05 21:20:11,online,normal
TX_003701,ACC_0149,ACC_0028,392.32,2023-08-25 01:58:57,atm,normal
TX_003702,ACC_0091,ACC_0135,88.6,2023-11-30 18:53:42,online,normal
TX_003703,ACC_0128,ACC_0101,150.39,2023-04-16 19:51:07,branch,normal
TX_003704,ACC_0014,ACC_0081,17.62,2023-08-31 15:58:53,atm,normal
TX_003705,ACC_0037,ACC_0086,238.24,2023-12-07 05:44:37,wire,normal
TX_003706,ACC_0071,ACC_0130,8653.52,2023-10-10 20:44:24,online,smurf
TX_003707,ACC_0071,ACC_0048,19.21,2023-01-06 14:38:46,online,normal
TX_003708,ACC_0047,ACC_0028,479.71,2023-06-19 11:32:27,branch,normal
TX_003709,ACC_0022,ACC_0140,385.86,2023-04-06 19:33:33,online,normal
TX_003710,ACC_0107,ACC_0018,169.03,2023-03-26 01:41:16,online,normal
TX_003711,ACC_0016,ACC_0080,109.48,2023-05-30 03:04:36,wire,normal
TX_003712,ACC_0053,ACC_0074,385.43,2023-01-05 15:11:36,wire,normal
TX_003713,ACC_0063,ACC_0116,80.74,2023-03-09 04:29:03,online,normal
TX_003714,ACC_0141,ACC_0100,270.06,2023-12-17 11:56:47,online,normal
TX_003715,ACC_0019,ACC_0091,18.95,2023-03-18 20:51:49,atm,normal
TX_003716,ACC_0128,ACC_0134,334.49,2023-02-19 10:02:57,online,normal
TX_003717,ACC_0023,ACC_0077,1873.98,2023-09-15 07:20:02,wire,normal
TX_003718,ACC_0066,ACC_0079,47.76,2023-08-15 02:34:27,online,normal
TX_003719,ACC_0018,ACC_0015,3037.09,2023-05-31 06:49:21,online,normal
TX_003720,ACC_0124,ACC_0116,398.64,2023-05-04 16:44:47,online,normal
TX_003721,ACC_0045,ACC_0124,474.25,2023-11-29 07:25:24,wire,normal
TX_003722,ACC_0144,ACC_0079,38.26,2023-01-29 10:14:56,atm,normal
TX_003723,ACC_0011,ACC_0025,91.34,2023-12-17 22:45:49,branch,normal
TX_003724,ACC_0039,ACC_0010,253.57,2023-01-19 10:28:20,wire,normal
TX_003725,ACC_0085,ACC_0042,144.65,2023-04-09 04:31:09,atm,normal
TX_003726,ACC_0135,ACC_0079,141.37,2023-04-24 23:22:38,online,normal
TX_003727,ACC_0115,ACC_0085,71.79,2023-12-12 13:31:50,atm,normal
TX_003728,ACC_0013,ACC_0049,32.99,2023-10-14 01:03:25,wire,normal
TX_003729,ACC_0083,ACC_0133,242.17,2023-11-07 09:08:10,wire,normal
TX_003730,ACC_0148,ACC_0118,64.8,2023-12-14 04:49:06,branch,normal
TX_003731,ACC_0127,ACC_0133,191.31,2023-12-30 07:18:21,wire,normal
TX_003732,ACC_0115,ACC_0112,134.79,2023-01-06 18:48:53,wire,normal
TX_003733,ACC_0029,ACC_0074,139.76,2023-09-30 14:51:33,branch,normal
TX_003734,ACC_0133,ACC_0149,328.45,2023-03-11 15:16:03,wire,normal
TX_003735,ACC_0002,ACC_0088,480.17,2023-06-13 17:55:07,branch,normal
TX_003736,ACC_0037,ACC_0026,3.83,2023-07-16 03:46:31,online,normal
TX_003737,ACC_0053,ACC_0120,129.04,2023-10-23 20:28:28,online,normal
TX_003738,ACC_0112,ACC_0102,106.58,2023-05-19 11:43:13,branch,normal
TX_003739,ACC_0022,ACC_0127,658.11,2023-08-24 07:39:00,branch,normal
TX_003740,ACC_0124,ACC_0061,1867.14,2023-09-24 23:43:12,online,normal
TX_003741,ACC_0143,ACC_0055,14.31,2023-07-06 22:34:38,branch,normal
TX_003742,ACC_0035,ACC_0060,217.23,2023-04-15 21:14:25,wire,normal
TX_003743,ACC_0111,ACC_0047,135.78,2023-01-15 16:16:39,online,normal
TX_003744,ACC_0072,ACC_0048,187.63,2023-05-22 00:31:07,wire,normal
TX_003745,ACC_0049,ACC_0042,229.3,2023-01-24 02:07:21,wire,normal
TX_003746,ACC_0143,ACC_0078,188.68,2023-11-12 16:18:59,branch,normal
TX_003747,ACC_0035,ACC_0096,217.84,2023-04-29 04:08:34,atm,normal
TX_003748,ACC_0034,ACC_0032,74.61,2023-04-20 03:30:04,online,normal
TX_003749,ACC_0125,ACC_0007,18.01,2023-04-28 19:26:01,online,normal
TX_003750,ACC_0023,ACC_0002,117.79,2023-08-13 15:26:49,online,normal
TX_003751,ACC_0020,ACC_0119,171.06,2023-09-06 13:04:37,online,normal
TX_003752,ACC_0113,ACC_0038,168.78,2023-05-23 18:25:21,wire,normal
TX_003753,ACC_0074,ACC_0086,252.67,2023-06-23 06:54:31,branch,normal
TX_003754,ACC_0075,ACC_0142,132.13,2023-04-12 07:32:43,online,normal
TX_003755,ACC_0140,ACC_0096,115.05,2023-12-01 07:42:45,wire,normal
TX_003756,ACC_0045,ACC_0042,96.22,2023-09-14 19:42:07,branch,normal
TX_003757,ACC_0014,ACC_0073,88.15,2023-01-15 23:04:32,wire,normal
TX_003758,ACC_0119,ACC_0149,645.16,2023-04-26 23:56:35,branch,normal
TX_003759,ACC_0125,ACC_0069,238.3,2023-01-26 03:06:03,online,normal
TX_003760,ACC_0128,ACC_0077,163.42,2023-01-21 17:34:57,wire,normal
TX_003761,ACC_0141,ACC_0093,81.09,2023-03-25 14:29:01,online,normal
TX_003762,ACC_0018,ACC_0020,58.2,2023-04-27 23:52:42,online,normal
TX_003763,ACC_0049,ACC_0144,26.49,2023-09-17 14:23:03,online,normal
TX_003764,ACC_0046,ACC_0080,190.44,2023-06-23 21:40:27,online,normal
TX_003765,ACC_0095,ACC_0063,104.27,2023-01-19 04:54:21,wire,normal
TX_003766,ACC_0053,ACC_0085,270.96,2023-05-05 13:05:37,atm,normal
TX_003767,ACC_0040,ACC_0069,867.88,2023-12-30 10:04:42,atm,normal
TX_003768,ACC_0108,ACC_0145,41.9,2023-07-16 05:28:25,online,normal
TX_003769,ACC_0018,ACC_0116,185.07,2023-02-21 18:12:56,online,normal
TX_003770,ACC_0119,ACC_0057,1752.61,2023-09-01 08:32:42,online,normal
TX_003771,ACC_0084,ACC_0116,226.56,2023-10-02 18:32:03,branch,normal
TX_003772,ACC_0116,ACC_0084,541.14,2023-12-04 02:02:11,online,normal
TX_003773,ACC_0034,ACC_0111,133.98,2023-05-02 20:24:54,online,normal
TX_003774,ACC_0026,ACC_0036,1377.76,2023-04-28 08:57:18,wire,normal
TX_003775,ACC_0065,ACC_0109,44.87,2023-05-30 00:13:20,wire,normal
TX_003776,ACC_0038,ACC_0130,36.92,2023-07-10 12:09:43,branch,normal
TX_003777,ACC_0011,ACC_0073,333.29,2023-06-15 17:15:13,wire,normal
TX_003778,ACC_0113,ACC_0042,150.87,2023-10-01 16:28:21,wire,normal
TX_003779,ACC_0038,ACC_0070,118.64,2023-07-18 08:44:40,online,normal
TX_003780,ACC_0095,ACC_0028,918.24,2023-12-03 08:22:48,wire,normal
TX_003781,ACC_0070,ACC_0021,76.33,2023-10-31 13:06:51,online,normal
TX_003782,ACC_0015,ACC_0003,222.92,2023-09-29 04:27:09,online,normal
TX_003783,ACC_0054,ACC_0130,8211.53,2023-07-23 21:53:54,online,smurf
TX_003784,ACC_0064,ACC_0025,48.66,2023-12-30 17:07:23,atm,normal
TX_003785,ACC_0021,ACC_0055,149.16,2023-08-23 18:40:01,online,normal
TX_003786,ACC_0100,ACC_0126,18.43,2023-10-21 02:56:05,wire,normal
TX_003787,ACC_0045,ACC_0150,40.57,2023-02-21 11:28:49,online,normal
TX_003788,ACC_0014,ACC_0032,15.72,2023-07-07 09:53:00,atm,normal
TX_003789,ACC_0111,ACC_0040,608.95,2023-10-10 02:39:00,atm,normal
TX_003790,ACC_0103,ACC_0090,23.07,2023-08-14 23:56:51,online,normal
TX_003791,ACC_0119,ACC_0027,417.26,2023-07-08 18:45:49,atm,normal
TX_003792,ACC_0017,ACC_0121,72.5,2023-01-09 17:03:08,wire,normal
TX_003793,ACC_0087,ACC_0117,351.11,2023-09-22 05:37:26,online,normal
TX_003794,ACC_0116,ACC_0013,308.94,2023-08-14 10:34:22,branch,normal
TX_003795,ACC_0025,ACC_0116,150.05,2023-09-13 06:02:24,online,normal
TX_003796,ACC_0146,ACC_0042,84.35,2023-07-30 23:15:21,wire,normal
TX_003797,ACC_0077,ACC_0050,30.31,2023-01-09 03:11:27,branch,normal
TX_003798,ACC_0063,ACC_0147,39.27,2023-12-20 04:49:03,atm,normal
TX_003799,ACC_0114,ACC_0133,147.93,2023-11-30 09:31:54,online,normal
TX_003800,ACC_0096,ACC_0059,238.38,2023-10-02 17:40:13,online,normal
TX_003801,ACC_0083,ACC_0118,219.57,2023-07-30 03:51:18,branch,normal
TX_003802,ACC_0014,ACC_0091,113.45,2023-11-09 15:02:39,online,normal
TX_003803,ACC_0125,ACC_0039,51.22,2023-09-20 20:10:01,online,normal
TX_003804,ACC_0011,ACC_0084,38.71,2023-11-21 23:08:09,wire,normal
TX_003805,ACC_0104,ACC_0034,271.98,2023-05-20 09:00:34,online,normal
TX_003806,ACC_0149,ACC_0079,1210.86,2023-08-12 08:01:38,online,normal
TX_003807,ACC_0037,ACC_0007,50.31,2023-05-04 01:39:40,online,normal
TX_003808,ACC_0111,ACC_0023,495.41,2023-10-25 17:17:57,online,normal
TX_003809,ACC_0031,ACC_0005,112.52,2023-02-03 00:51:06,atm,normal
TX_003810,ACC_0072,ACC_0134,159.96,2023-05-07 19:49:20,branch,normal
TX_003811,ACC_0137,ACC_0131,109.54,2023-10-12 16:58:18,wire,normal
TX_003812,ACC_0084,ACC_0049,430.68,2023-08-14 19:33:43,online,normal
TX_003813,ACC_0131,ACC_0127,208.37,2023-10-13 05:58:49,online,normal
TX_003814,ACC_0064,ACC_0030,554.78,2023-12-21 22:04:08,online,normal
TX_003815,ACC_0052,ACC_0079,684.57,2023-12-01 22:56:09,online,normal
TX_003816,ACC_0121,ACC_0116,246.39,2023-12-02 18:00:22,atm,normal
TX_003817,ACC_0053,ACC_0040,14.89,2023-05-12 06:24:52,wire,normal
TX_003818,ACC_0079,ACC_0086,13.02,2023-11-01 22:20:05,online,normal
TX_003819,ACC_0087,ACC_0100,46.39,2023-05-03 11:52:06,wire,normal
TX_003820,ACC_0082,ACC_0088,91.62,2023-07-06 17:46:44,wire,normal
TX_003821,ACC_0058,ACC_0076,245.95,2023-09-20 00:30:42,wire,normal
TX_003822,ACC_0038,ACC_0077,54.89,2023-07-24 14:11:24,online,normal
TX_003823,ACC_0128,ACC_0150,616.31,2023-06-26 00:33:11,atm,normal
TX_003824,ACC_0149,ACC_0001,543.82,2023-04-11 02:06:17,online,normal
TX_003825,ACC_0117,ACC_0073,160.33,2023-03-18 08:34:34,online,normal
TX_003826,ACC_0110,ACC_0138,317.31,2023-08-30 08:58:13,online,normal
TX_003827,ACC_0119,ACC_0091,641.36,2023-11-24 07:01:29,online,normal
TX_003828,ACC_0136,ACC_0133,4171.19,2023-06-17 22:11:28,branch,normal
TX_003829,ACC_0144,ACC_0003,152.53,2023-06-10 22:37:04,wire,normal
TX_003830,ACC_0007,ACC_0036,808.24,2023-10-03 03:56:18,online,normal
TX_003831,ACC_0064,ACC_0040,118.61,2023-09-24 06:18:45,online,normal
TX_003832,ACC_0068,ACC_0103,20.89,2023-11-28 01:35:27,online,normal
TX_003833,ACC_0029,ACC_0061,37.19,2023-04-14 08:22:43,branch,normal
TX_003834,ACC_0053,ACC_0007,95.37,2023-01-03 11:22:50,online,normal
TX_003835,ACC_0095,ACC_0150,50.06,2023-12-16 18:05:00,atm,normal
TX_003836,ACC_0090,ACC_0012,13.64,2023-09-01 13:16:36,online,normal
TX_003837,ACC_0124,ACC_0081,276.09,2023-09-24 05:12:53,online,normal
TX_003838,ACC_0078,ACC_0122,180.94,2023-04-02 02:45:00,atm,normal
TX_003839,ACC_0137,ACC_0021,56.88,2023-05-20 10:09:41,online,normal
TX_003840,ACC_0067,ACC_0023,180.34,2023-05-15 01:43:03,wire,normal
TX_003841,ACC_0131,ACC_0128,605.36,2023-07-11 11:00:27,online,normal
TX_003842,ACC_0108,ACC_0021,91.22,2023-03-12 06:38:38,online,normal
TX_003843,ACC_0148,ACC_0079,41.34,2023-09-27 13:46:33,wire,normal
TX_003844,ACC_0001,ACC_0072,407.79,2023-01-18 09:26:51,wire,normal
TX_003845,ACC_0081,ACC_0003,17.42,2023-04-03 06:06:19,branch,normal
TX_003846,ACC_0071,ACC_0130,8682.06,2023-04-19 15:24:28,online,smurf
TX_003847,ACC_0009,ACC_0013,277.5,2023-11-17 21:57:10,atm,normal
TX_003848,ACC_0018,ACC_0057,52.82,2023-07-24 02:31:51,branch,normal
TX_003849,ACC_0013,ACC_0021,13.4,2023-03-30 23:33:11,online,normal
TX_003850,ACC_0133,ACC_0064,238.81,2023-07-15 07:37:38,online,normal
TX_003851,ACC_0118,ACC_0080,326.57,2023-08-28 12:54:48,online,normal
TX_003852,ACC_0141,ACC_0019,80.63,2023-06-02 22:32:19,branch,normal
TX_003853,ACC_0109,ACC_0040,101.69,2023-01-07 07:44:33,wire,normal
TX_003854,ACC_0134,ACC_0025,171.32,2023-05-09 18:34:41,online,normal
TX_003855,ACC_0053,ACC_0038,603.42,2023-04-14 20:36:41,wire,normal
TX_003856,ACC_0012,ACC_0010,603.24,2023-05-24 19:49:20,online,normal
TX_003857,ACC_0066,ACC_0004,133.34,2023-02-22 13:33:16,online,normal
TX_003858,ACC_0150,ACC_0110,146.48,2023-12-24 13:58:45,wire,normal
TX_003859,ACC_0142,ACC_0055,596.57,2023-06-03 00:50:26,wire,normal
TX_003860,ACC_0085,ACC_0065,574.13,2023-06-27 13:08:39,online,normal
TX_003861,ACC_0142,ACC_0134,242.8,2023-05-14 23:54:12,online,normal
TX_003862,ACC_0093,ACC_0144,135.17,2023-09-18 18:10:55,online,normal
TX_003863,ACC_0074,ACC_0005,334.81,2023-08-16 13:31:42,wire,normal
TX_003864,ACC_0057,ACC_0078,26.63,2023-03-29 02:05:17,online,normal
TX_003865,ACC_0084,ACC_0010,84.97,2023-01-14 15:51:28,branch,normal
TX_003866,ACC_0055,ACC_0110,187.53,2023-06-20 19:01:56,online,normal
TX_003867,ACC_0057,ACC_0042,40.05,2023-06-14 21:51:54,wire,normal
TX_003868,ACC_0105,ACC_0146,1600.26,2023-09-11 21:27:14,online,normal
TX_003869,ACC_0022,ACC_0128,21.8,2023-03-20 19:41:56,wire,normal
TX_003870,ACC_0012,ACC_0077,86.59,2023-06-15 06:11:48,online,normal
TX_003871,ACC_0005,ACC_0054,94.81,2023-03-06 15:27:47,atm,normal
TX_003872,ACC_0032,ACC_0141,2440.47,2023-07-27 21:25:54,online,normal
TX_003873,ACC_0022,ACC_0076,182.09,2023-03-18 13:46:46,branch,normal
TX_003874,ACC_0047,ACC_0049,88.38,2023-12-05 23:11:11,branch,normal
TX_003875,ACC_0025,ACC_0130,295.92,2023-04-01 11:11:33,atm,normal
TX_003876,ACC_0004,ACC_0043,1203.58,2023-01-24 23:47:01,online,normal
TX_003877,ACC_0081,ACC_0129,1093.38,2023-09-29 10:25:19,online,normal
TX_003878,ACC_0118,ACC_0080,118.74,2023-02-09 06:11:31,branch,normal
TX_003879,ACC_0137,ACC_0021,158.83,2023-06-11 08:16:40,online,normal
TX_003880,ACC_0120,ACC_0022,494.82,2023-06-11 02:02:35,branch,normal
TX_003881,ACC_0088,ACC_0033,16.13,2023-10-06 19:40:53,branch,normal
TX_003882,ACC_0142,ACC_0093,359.61,2023-12-10 21:57:36,online,normal
TX_003883,ACC_0100,ACC_0065,277.59,2023-10-14 03:23:43,atm,normal
TX_003884,ACC_0111,ACC_0149,206.17,2023-07-20 06:28:57,online,normal
TX_003885,ACC_0128,ACC_0045,385.62,2023-10-01 13:12:29,branch,normal
TX_003886,ACC_0015,ACC_0131,142.0,2023-02-24 17:47:24,branch,normal
TX_003887,ACC_0046,ACC_0048,52.62,2023-11-01 04:04:32,online,normal
TX_003888,ACC_0083,ACC_0137,99.04,2023-03-27 07:05:59,online,normal
TX_003889,ACC_0102,ACC_0044,50.78,2023-05-28 07:27:43,branch,normal
TX_003890,ACC_0019,ACC_0051,37.84,2023-11-15 16:14:54,wire,normal
TX_003891,ACC_0067,ACC_0041,32.07,2023-10-03 02:30:54,branch,normal
TX_003892,ACC_0015,ACC_0069,6.62,2023-01-16 17:21:16,online,normal
TX_003893,ACC_0054,ACC_0130,8178.02,2023-07-15 16:27:34,online,smurf
TX_003894,ACC_0114,ACC_0010,1994.21,2023-09-22 09:18:52,atm,normal
TX_003895,ACC_0060,ACC_0074,307.41,2023-12-14 11:24:39,wire,normal
TX_003896,ACC_0059,ACC_0068,72.1,2023-08-08 02:46:13,branch,normal
TX_003897,ACC_0131,ACC_0126,438.36,2023-01-24 15:48:40,atm,normal
TX_003898,ACC_0055,ACC_0135,89.74,2023-05-07 11:53:06,online,normal
TX_003899,ACC_0111,ACC_0090,108.56,2023-09-29 22:18:39,atm,normal
TX_003900,ACC_0114,ACC_0058,147.68,2023-10-23 06:31:37,branch,normal
TX_003901,ACC_0081,ACC_0046,1043.56,2023-04-02 10:23:46,wire,normal
TX_003902,ACC_0050,ACC_0040,839.84,2023-05-08 05:50:00,branch,normal
TX_003903,ACC_0140,ACC_0076,18.9,2023-10-01 09:17:16,online,normal
TX_003904,ACC_0119,ACC_0108,282.22,2023-08-21 08:41:21,wire,normal
TX_003905,ACC_0099,ACC_0011,1081.92,2023-02-21 12:18:51,wire,normal
TX_003906,ACC_0046,ACC_0011,281.56,2023-09-30 07:06:18,branch,normal
TX_003907,ACC_0073,ACC_0102,669.23,2023-07-03 13:06:22,atm,normal
TX_003908,ACC_0144,ACC_0098,2104.04,2023-07-30 03:09:32,wire,normal
TX_003909,ACC_0129,ACC_0088,480.83,2023-06-17 02:17:14,online,normal
TX_003910,ACC_0134,ACC_0026,98.41,2023-03-13 21:13:31,online,normal
TX_003911,ACC_0036,ACC_0062,46.6,2023-09-02 14:23:36,online,normal
TX_003912,ACC_0052,ACC_0006,41.28,2023-04-09 09:17:56,online,normal
TX_003913,ACC_0059,ACC_0053,42.64,2023-11-18 14:10:01,online,normal
TX_003914,ACC_0124,ACC_0123,134.7,2023-08-19 11:38:11,online,normal
TX_003915,ACC_0062,ACC_0016,86.96,2023-11-30 13:14:00,online,normal
TX_003916,ACC_0013,ACC_0023,90.97,2023-02-11 22:38:14,wire,normal
TX_003917,ACC_0125,ACC_0047,24.81,2023-10-19 12:58:22,atm,normal
TX_003918,ACC_0091,ACC_0106,15.6,2023-02-03 16:45:42,branch,normal
TX_003919,ACC_0093,ACC_0116,536.58,2023-12-14 02:13:14,branch,normal
TX_003920,ACC_0035,ACC_0024,427.25,2023-06-28 07:14:41,online,normal
TX_003921,ACC_0036,ACC_0119,2408.97,2023-04-28 04:11:57,branch,normal
TX_003922,ACC_0085,ACC_0137,31.52,2023-09-19 12:57:07,wire,normal
TX_003923,ACC_0017,ACC_0138,71.02,2023-01-26 06:48:43,branch,normal
TX_003924,ACC_0081,ACC_0138,1586.16,2023-09-22 16:57:57,wire,normal
TX_003925,ACC_0047,ACC_0043,186.61,2023-01-30 18:33:38,branch,normal
TX_003926,ACC_0059,ACC_0009,77.62,2023-05-25 08:43:09,branch,normal
TX_003927,ACC_0058,ACC_0077,86.29,2023-06-04 18:05:00,wire,normal
TX_003928,ACC_0139,ACC_0037,59.54,2023-11-14 04:28:36,branch,normal
TX_003929,ACC_0089,ACC_0077,99.61,2023-10-06 06:03:27,online,normal
TX_003930,ACC_0018,ACC_0021,39.78,2023-07-30 10:07:08,wire,normal
TX_003931,ACC_0088,ACC_0031,40.67,2023-07-02 23:11:35,online,normal
TX_003932,ACC_0079,ACC_0121,122.23,2023-12-21 08:15:59,wire,normal
TX_003933,ACC_0076,ACC_0030,126.81,2023-05-20 01:37:12,online,normal
TX_003934,ACC_0031,ACC_0085,64.86,2023-10-18 19:03:48,online,normal
TX_003935,ACC_0008,ACC_0149,389.85,2023-07-17 10:40:35,branch,normal
TX_003936,ACC_0011,ACC_0150,216.98,2023-04-03 18:45:03,online,normal
TX_003937,ACC_0140,ACC_0071,139.84,2023-07-12 22:39:53,online,normal
TX_003938,ACC_0074,ACC_0138,73.68,2023-08-07 16:23:33,online,normal
TX_003939,ACC_0125,ACC_0033,98.05,2023-09-30 23:27:57,atm,normal
TX_003940,ACC_0108,ACC_0111,1218.99,2023-04-14 21:33:29,online,normal
TX_003941,ACC_0071,ACC_0126,91.8,2023-06-17 12:08:33,online,normal
TX_003942,ACC_0001,ACC_0133,16.97,2023-08-22 05:33:57,wire,normal
TX_003943,ACC_0002,ACC_0076,150.33,2023-09-29 18:00:57,wire,normal
TX_003944,ACC_0008,ACC_0072,53.08,2023-01-22 13:54:43,online,normal
TX_003945,ACC_0014,ACC_0070,381.82,2023-03-25 00:33:04,wire,normal
TX_003946,ACC_0025,ACC_0105,62.24,2023-06-09 01:27:38,branch,normal
TX_003947,ACC_0072,ACC_0059,73.35,2023-06-27 05:06:08,wire,normal
TX_003948,ACC_0033,ACC_0062,1333.46,2023-09-29 14:40:13,wire,normal
TX_003949,ACC_0033,ACC_0126,25.04,2023-09-14 19:49:38,atm,normal
TX_003950,ACC_0128,ACC_0134,57.77,2023-04-13 04:33:06,branch,normal
TX_003951,ACC_0102,ACC_0069,224.6,2023-07-30 07:56:34,branch,normal
TX_003952,ACC_0044,ACC_0076,109.17,2023-12-03 05:24:54,online,normal
TX_003953,ACC_0129,ACC_0149,9.58,2023-07-08 07:38:23,wire,normal
TX_003954,ACC_0047,ACC_0031,939.3,2023-07-22 06:40:14,online,normal
TX_003955,ACC_0082,ACC_0069,49.25,2023-02-02 16:54:10,branch,normal
TX_003956,ACC_0083,ACC_0054,290.88,2023-06-23 16:31:42,atm,normal
TX_003957,ACC_0016,ACC_0119,207.48,2023-07-02 02:40:42,atm,normal
TX_003958,ACC_0129,ACC_0124,204.64,2023-11-25 00:51:19,branch,normal
TX_003959,ACC_0085,ACC_0045,70.38,2023-05-03 20:18:00,branch,normal
TX_003960,ACC_0071,ACC_0137,161.7,2023-10-24 05:34:01,online,normal
TX_003961,ACC_0046,ACC_0130,277.4,2023-01-13 14:34:24,wire,normal
TX_003962,ACC_0067,ACC_0051,34.24,2023-09-12 18:22:03,online,normal
TX_003963,ACC_0089,ACC_0042,331.5,2023-02-28 08:40:04,online,normal
TX_003964,ACC_0074,ACC_0039,1360.97,2023-06-18 23:27:13,online,normal
TX_003965,ACC_0032,ACC_0126,145.34,2023-03-07 04:14:15,branch,normal
TX_003966,ACC_0127,ACC_0093,48.2,2023-02-06 15:56:56,online,normal
TX_003967,ACC_0099,ACC_0144,50.89,2023-02-18 15:47:15,online,normal
TX_003968,ACC_0125,ACC_0146,149.88,2023-04-09 08:41:43,online,normal
TX_003969,ACC_0007,ACC_0110,45.87,2023-12-29 03:52:41,branch,normal
TX_003970,ACC_0149,ACC_0023,25.08,2023-10-20 06:25:43,online,normal
TX_003971,ACC_0106,ACC_0114,833.68,2023-01-29 14:39:33,wire,normal
TX_003972,ACC_0111,ACC_0097,485.62,2023-11-05 10:57:44,online,normal
TX_003973,ACC_0069,ACC_0073,337.22,2023-09-25 13:48:31,online,normal
TX_003974,ACC_0050,ACC_0101,271.31,2023-07-15 05:57:10,wire,normal
TX_003975,ACC_0059,ACC_0069,21.34,2023-06-27 07:30:44,online,normal
TX_003976,ACC_0131,ACC_0021,380.3,2023-10-18 19:55:02,branch,normal
TX_003977,ACC_0126,ACC_0061,342.62,2023-07-01 23:36:26,wire,normal
TX_003978,ACC_0129,ACC_0079,129.04,2023-05-21 16:41:32,branch,normal
TX_003979,ACC_0076,ACC_0137,3828.21,2023-09-23 22:13:21,branch,normal
TX_003980,ACC_0108,ACC_0025,5.83,2023-12-25 12:40:18,wire,normal
TX_003981,ACC_0110,ACC_0020,179.22,2023-07-21 00:43:39,online,normal
TX_003982,ACC_0015,ACC_0114,115.43,2023-12-02 01:41:28,wire,normal
TX_003983,ACC_0082,ACC_0038,123.81,2023-12-07 12:38:18,online,normal
TX_003984,ACC_0009,ACC_0063,174.04,2023-07-20 21:38:24,wire,normal
TX_003985,ACC_0119,ACC_0036,238.15,2023-02-02 01:43:09,atm,normal
TX_003986,ACC_0058,ACC_0094,522.41,2023-03-05 17:51:38,online,normal
TX_003987,ACC_0102,ACC_0087,61.49,2023-03-30 20:00:35,online,normal
TX_003988,ACC_0094,ACC_0145,732.54,2023-12-10 20:51:44,online,normal
TX_003989,ACC_0136,ACC_0093,358.19,2023-03-19 23:36:29,online,normal
TX_003990,ACC_0127,ACC_0019,1218.93,2023-09-02 17:03:07,online,normal
TX_003991,ACC_0060,ACC_0093,276.06,2023-06-28 16:58:47,branch,normal
TX_003992,ACC_0011,ACC_0138,238.94,2023-04-26 13:03:55,wire,normal
TX_003993,ACC_0120,ACC_0018,303.57,2023-10-28 22:00:10,online,normal
TX_003994,ACC_0075,ACC_0049,76.85,2023-10-08 01:03:05,atm,normal
TX_003995,ACC_0086,ACC_0114,43.03,2023-06-14 19:58:39,online,normal
TX_003996,ACC_0041,ACC_0052,280.06,2023-05-27 01:54:11,online,normal
TX_003997,ACC_0103,ACC_0017,111.72,2023-04-07 16:34:54,online,normal
TX_003998,ACC_0071,ACC_0017,39.94,2023-06-07 12:40:15,branch,normal
TX_003999,ACC_0140,ACC_0016,284.0,2023-05-02 00:09:33,online,normal
TX_004000,ACC_0106,ACC_0020,222.55,2023-08-05 03:39:58,online,normal
TX_004001,ACC_0004,ACC_0100,104.66,2023-03-23 10:02:42,branch,normal
TX_004002,ACC_0017,ACC_0098,30.13,2023-10-20 08:55:34,online,normal
TX_004003,ACC_0041,ACC_0130,387.5,2023-12-08 11:32:18,online,normal
TX_004004,ACC_0113,ACC_0065,144.99,2023-04-20 16:31:36,wire,normal
TX_004005,ACC_0011,ACC_0013,13.17,2023-03-09 00:52:41,wire,normal
TX_004006,ACC_0110,ACC_0150,76.6,2023-12-07 17:43:42,branch,normal
TX_004007,ACC_0107,ACC_0050,624.34,2023-11-03 04:11:43,online,normal
TX_004008,ACC_0077,ACC_0012,186.67,2023-03-21 03:57:20,branch,normal
TX_004009,ACC_0018,ACC_0037,624.58,2023-02-07 06:48:42,wire,normal
TX_004010,ACC_0092,ACC_0090,56.26,2023-01-23 03:55:08,online,normal
TX_004011,ACC_0097,ACC_0051,79.25,2023-03-29 10:21:37,branch,normal
TX_004012,ACC_0004,ACC_0093,649.49,2023-10-29 19:27:45,branch,normal
TX_004013,ACC_0038,ACC_0116,62.34,2023-08-15 05:42:45,online,normal
TX_004014,ACC_0046,ACC_0141,292.98,2023-07-04 16:55:03,online,normal
TX_004015,ACC_0095,ACC_0064,71.9,2023-10-12 09:27:50,online,normal
TX_004016,ACC_0067,ACC_0062,211.26,2023-08-27 19:10:50,atm,normal
TX_004017,ACC_0138,ACC_0011,199.93,2023-11-12 12:52:31,atm,normal
TX_004018,ACC_0135,ACC_0026,380.22,2023-01-20 13:36:22,wire,normal
TX_004019,ACC_0142,ACC_0069,24.3,2023-07-19 05:28:07,branch,normal
TX_004020,ACC_0126,ACC_0044,469.17,2023-12-05 22:52:37,online,normal
TX_004021,ACC_0009,ACC_0054,742.94,2023-02-03 12:44:50,wire,normal
TX_004022,ACC_0080,ACC_0135,697.48,2023-12-02 03:04:10,online,normal
TX_004023,ACC_0104,ACC_0013,27.87,2023-02-19 21:11:26,online,normal
TX_004024,ACC_0150,ACC_0042,229.64,2023-08-22 19:53:31,branch,normal
TX_004025,ACC_0101,ACC_0095,379.34,2023-12-25 04:14:56,online,normal
TX_004026,ACC_0104,ACC_0098,35.43,2023-11-30 19:55:18,online,normal
TX_004027,ACC_0150,ACC_0063,13.73,2023-04-19 19:56:23,atm,normal
TX_004028,ACC_0041,ACC_0133,90.91,2023-03-21 09:06:09,online,normal
TX_004029,ACC_0082,ACC_0131,112.47,2023-08-20 11:35:13,online,normal
TX_004030,ACC_0015,ACC_0072,261.05,2023-01-10 13:51:37,wire,normal
TX_004031,ACC_0062,ACC_0076,48.8,2023-11-11 07:03:11,online,normal
TX_004032,ACC_0097,ACC_0002,425.32,2023-12-18 23:04:49,branch,normal
TX_004033,ACC_0038,ACC_0019,362.57,2023-07-18 08:56:19,branch,normal
TX_004034,ACC_0018,ACC_0050,153.59,2023-03-19 21:11:07,branch,normal
TX_004035,ACC_0104,ACC_0072,743.63,2023-06-10 15:28:37,online,normal
TX_004036,ACC_0144,ACC_0016,57.89,2023-09-24 11:25:17,online,normal
TX_004037,ACC_0027,ACC_0002,39.55,2023-12-09 21:46:23,online,normal
TX_004038,ACC_0071,ACC_0146,199.92,2023-09-21 19:47:36,wire,normal
TX_004039,ACC_0003,ACC_0129,135.45,2023-11-15 23:32:52,wire,normal
TX_004040,ACC_0065,ACC_0084,19.39,2023-05-02 12:37:37,online,normal
TX_004041,ACC_0015,ACC_0047,58.29,2023-12-19 03:39:18,atm,normal
TX_004042,ACC_0037,ACC_0026,231.83,2023-05-25 23:01:11,atm,normal
TX_004043,ACC_0042,ACC_0045,315.77,2023-06-08 10:07:54,branch,normal
TX_004044,ACC_0082,ACC_0072,1051.41,2023-08-06 06:42:47,online,normal
TX_004045,ACC_0108,ACC_0137,132.92,2023-12-02 02:13:16,atm,normal
TX_004046,ACC_0046,ACC_0136,48.6,2023-05-26 14:35:24,online,normal
TX_004047,ACC_0144,ACC_0062,156.03,2023-03-17 20:32:01,wire,normal
TX_004048,ACC_0008,ACC_0139,244.25,2023-10-14 04:44:50,wire,normal
TX_004049,ACC_0095,ACC_0140,79.16,2023-11-18 10:37:43,wire,normal
TX_004050,ACC_0119,ACC_0129,73.87,2023-07-31 13:58:11,online,normal
TX_004051,ACC_0060,ACC_0096,485.18,2023-02-27 04:50:46,online,normal
TX_004052,ACC_0010,ACC_0051,1017.95,2023-07-26 03:13:12,branch,normal
TX_004053,ACC_0022,ACC_0081,220.46,2023-11-21 17:00:08,branch,normal
TX_004054,ACC_0118,ACC_0003,1382.93,2023-11-13 17:35:57,wire,normal
TX_004055,ACC_0027,ACC_0052,214.3,2023-11-03 23:08:05,branch,normal
TX_004056,ACC_0036,ACC_0134,112.75,2023-12-05 05:42:32,online,normal
TX_004057,ACC_0001,ACC_0143,71.1,2023-03-07 14:20:58,online,normal
TX_004058,ACC_0023,ACC_0003,57.01,2023-04-04 12:00:58,branch,normal
TX_004059,ACC_0082,ACC_0116,84.9,2023-04-12 10:35:22,wire,normal
TX_004060,ACC_0003,ACC_0137,46.4,2023-01-07 22:57:45,branch,normal
TX_004061,ACC_0087,ACC_0090,290.47,2023-08-17 02:31:07,online,normal
TX_004062,ACC_0060,ACC_0066,416.46,2023-08-24 03:36:48,wire,normal
TX_004063,ACC_0130,ACC_0023,568.13,2023-02-16 03:12:01,online,normal
TX_004064,ACC_0009,ACC_0063,898.97,2023-03-13 02:12:58,branch,normal
TX_004065,ACC_0129,ACC_0143,71.55,2023-04-11 08:17:04,online,normal
TX_004066,ACC_0065,ACC_0064,124.81,2023-11-28 14:56:48,branch,normal
TX_004067,ACC_0098,ACC_0025,206.88,2023-04-24 20:55:44,online,normal
TX_004068,ACC_0101,ACC_0073,280.27,2023-02-03 04:00:09,online,normal
TX_004069,ACC_0107,ACC_0068,49.82,2023-01-02 08:02:16,online,normal
TX_004070,ACC_0091,ACC_0090,20.96,2023-06-02 21:47:13,wire,normal
TX_004071,ACC_0129,ACC_0116,112.92,2023-09-19 20:09:52,online,normal
TX_004072,ACC_0113,ACC_0013,331.55,2023-03-03 03:17:00,online,normal
TX_004073,ACC_0071,ACC_0130,8409.1,2023-02-14 10:45:01,online,smurf
TX_004074,ACC_0037,ACC_0052,97.39,2023-05-24 21:21:11,online,normal
TX_004075,ACC_0018,ACC_0028,204.82,2023-08-19 03:06:10,atm,normal
TX_004076,ACC_0068,ACC_0016,264.13,2023-02-17 20:26:35,wire,normal
TX_004077,ACC_0017,ACC_0133,8.0,2023-01-30 10:54:00,online,normal
TX_004078,ACC_0108,ACC_0111,62.86,2023-09-29 07:42:30,online,normal
TX_004079,ACC_0107,ACC_0144,485.41,2023-05-02 12:58:47,branch,normal
TX_004080,ACC_0067,ACC_0109,22.32,2023-08-05 11:40:19,atm,normal
TX_004081,ACC_0127,ACC_0019,16.56,2023-07-18 17:36:23,atm,normal
TX_004082,ACC_0022,ACC_0117,46.82,2023-08-18 14:48:22,online,normal
TX_004083,ACC_0060,ACC_0046,115.33,2023-07-15 13:30:26,wire,normal
TX_004084,ACC_0131,ACC_0009,513.49,2023-04-04 18:50:22,online,normal
TX_004085,ACC_0085,ACC_0072,66.57,2023-04-15 18:17:37,atm,normal
TX_004086,ACC_0087,ACC_0114,3029.01,2023-11-30 18:09:49,branch,normal
TX_004087,ACC_0002,ACC_0074,216.4,2023-09-28 07:53:55,atm,normal
TX_004088,ACC_0086,ACC_0053,114.09,2023-12-21 13:49:40,online,normal
TX_004089,ACC_0003,ACC_0142,381.23,2023-08-03 17:47:57,atm,normal
TX_004090,ACC_0136,ACC_0035,320.71,2023-09-22 09:41:17,online,normal
TX_004091,ACC_0052,ACC_0024,1741.48,2023-02-24 21:17:21,online,normal
TX_004092,ACC_0132,ACC_0121,150.38,2023-07-21 03:51:41,online,normal
TX_004093,ACC_0131,ACC_0044,997.9,2023-01-16 06:11:47,branch,normal
TX_004094,ACC_0042,ACC_0031,31.23,2023-03-01 05:23:36,branch,normal
TX_004095,ACC_0144,ACC_0105,154.06,2023-05-29 00:14:27,online,normal
TX_004096,ACC_0008,ACC_0130,73.86,2023-11-04 09:24:29,branch,normal
TX_004097,ACC_0116,ACC_0013,152.99,2023-03-23 16:02:38,online,normal
TX_004098,ACC_0076,ACC_0084,34.08,2023-05-29 18:10:16,branch,normal
TX_004099,ACC_0062,ACC_0118,451.64,2023-06-11 05:18:10,online,normal
TX_004100,ACC_0032,ACC_0064,331.47,2023-06-02 15:38:45,online,normal
TX_004101,ACC_0084,ACC_0035,115.0,2023-05-07 19:20:05,wire,normal
TX_004102,ACC_0009,ACC_0028,410.51,2023-03-17 12:25:14,online,normal
TX_004103,ACC_0062,ACC_0103,40.16,2023-02-05 10:37:28,branch,normal
TX_004104,ACC_0086,ACC_0046,215.31,2023-07-17 16:15:32,online,normal
TX_004105,ACC_0029,ACC_0147,156.35,2023-05-03 08:43:50,branch,normal
TX_004106,ACC_0116,ACC_0009,63.4,2023-09-04 13:30:26,atm,normal
TX_004107,ACC_0092,ACC_0028,355.24,2023-11-23 07:34:06,wire,normal
TX_004108,ACC_0122,ACC_0002,79.92,2023-09-08 03:06:20,branch,normal
TX_004109,ACC_0112,ACC_0110,272.81,2023-01-21 08:29:43,online,normal
TX_004110,ACC_0020,ACC_0041,188.07,2023-02-13 22:12:11,branch,normal
TX_004111,ACC_0076,ACC_0051,56.43,2023-10-09 01:50:36,online,normal
TX_004112,ACC_0141,ACC_0087,37.39,2023-04-03 07:51:25,branch,normal
TX_004113,ACC_0058,ACC_0086,60.19,2023-01-25 11:17:54,branch,normal
TX_004114,ACC_0101,ACC_0012,405.93,2023-05-27 14:30:16,wire,normal
TX_004115,ACC_0027,ACC_0076,762.88,2023-12-16 15:05:45,online,normal
TX_004116,ACC_0142,ACC_0036,123.6,2023-11-28 23:35:30,online,normal
TX_004117,ACC_0073,ACC_0052,28.92,2023-02-11 00:07:51,branch,normal
TX_004118,ACC_0133,ACC_0143,853.41,2023-06-09 22:54:06,online,normal
TX_004119,ACC_0122,ACC_0149,68.21,2023-11-15 08:25:27,online,normal
TX_004120,ACC_0146,ACC_0100,32.56,2023-10-31 10:43:36,wire,normal
TX_004121,ACC_0074,ACC_0077,96.29,2023-08-02 11:07:15,online,normal
TX_004122,ACC_0113,ACC_0056,165.12,2023-10-09 16:36:14,branch,normal
TX_004123,ACC_0130,ACC_0137,2288.87,2023-06-01 19:50:48,online,normal
TX_004124,ACC_0015,ACC_0114,243.74,2023-10-07 23:47:14,online,normal
TX_004125,ACC_0108,ACC_0045,193.75,2023-05-05 16:58:04,online,normal
TX_004126,ACC_0052,ACC_0007,743.41,2023-05-06 02:55:23,atm,normal
TX_004127,ACC_0130,ACC_0084,217.35,2023-10-05 16:24:23,online,normal
TX_004128,ACC_0020,ACC_0054,593.55,2023-01-26 13:00:34,online,normal
TX_004129,ACC_0062,ACC_0082,68.63,2023-04-19 03:45:07,online,normal
TX_004130,ACC_0015,ACC_0124,529.2,2023-08-28 17:20:40,atm,normal
TX_004131,ACC_0108,ACC_0086,132.6,2023-04-06 23:00:34,wire,normal
TX_004132,ACC_0042,ACC_0142,315.45,2023-10-15 15:37:12,branch,normal
TX_004133,ACC_0123,ACC_0047,180.85,2023-11-23 20:26:15,atm,normal
TX_004134,ACC_0036,ACC_0056,38.94,2023-04-19 06:48:09,online,normal
TX_004135,ACC_0018,ACC_0084,593.05,2023-01-11 13:43:59,atm,normal
TX_004136,ACC_0025,ACC_0102,161.21,2023-05-25 10:00:42,online,normal
TX_004137,ACC_0032,ACC_0021,11.95,2023-08-20 23:50:57,wire,normal
TX_004138,ACC_0047,ACC_0067,146.22,2023-09-18 05:00:18,online,normal
TX_004139,ACC_0056,ACC_0094,94.17,2023-02-07 08:09:55,online,normal
TX_004140,ACC_0075,ACC_0029,119.93,2023-06-15 19:57:17,online,normal
TX_004141,ACC_0005,ACC_0145,93.08,2023-03-11 23:42:58,wire,normal
TX_004142,ACC_0045,ACC_0059,92.3,2023-05-22 15:04:07,online,normal
TX_004143,ACC_0109,ACC_0036,78.18,2023-01-20 13:41:29,online,normal
TX_004144,ACC_0138,ACC_0078,1041.14,2023-10-20 22:29:45,branch,normal
TX_004145,ACC_0069,ACC_0049,54.94,2023-03-19 21:44:44,atm,normal
TX_004146,ACC_0030,ACC_0045,43.0,2023-08-27 15:56:47,online,normal
TX_004147,ACC_0048,ACC_0049,1318.07,2023-01-12 15:23:15,online,normal
TX_004148,ACC_0118,ACC_0014,73.0,2023-11-19 13:57:52,branch,normal
TX_004149,ACC_0020,ACC_0113,44.59,2023-02-22 08:37:57,branch,normal
TX_004150,ACC_0134,ACC_0025,56.86,2023-02-06 08:09:20,online,normal
TX_004151,ACC_0122,ACC_0029,257.51,2023-11-17 12:48:48,online,normal
TX_004152,ACC_0091,ACC_0052,15.55,2023-11-25 23:59:53,wire,normal
TX_004153,ACC_0010,ACC_0061,225.81,2023-12-04 07:53:59,wire,normal
TX_004154,ACC_0117,ACC_0144,126.52,2023-03-24 05:33:15,branch,normal
TX_004155,ACC_0135,ACC_0126,72.77,2023-03-12 04:05:03,online,normal
TX_004156,ACC_0073,ACC_0116,164.48,2023-09-09 10:25:48,wire,normal
TX_004157,ACC_0135,ACC_0071,148.72,2023-11-25 04:56:16,branch,normal
TX_004158,ACC_0098,ACC_0116,233.72,2023-11-12 16:51:11,online,normal
TX_004159,ACC_0122,ACC_0137,146.79,2023-09-20 02:30:49,branch,normal
TX_004160,ACC_0137,ACC_0027,84.33,2023-04-07 21:18:38,online,normal
TX_004161,ACC_0077,ACC_0016,41.73,2023-01-16 02:05:42,online,normal
TX_004162,ACC_0052,ACC_0049,94.21,2023-08-18 10:28:36,branch,normal
TX_004163,ACC_0094,ACC_0145,95.88,2023-11-12 03:12:18,online,normal
TX_004164,ACC_0047,ACC_0064,143.1,2023-06-28 04:15:07,online,normal
TX_004165,ACC_0056,ACC_0075,120.81,2023-10-25 03:47:10,online,normal
TX_004166,ACC_0014,ACC_0056,409.14,2023-05-07 20:31:16,online,normal
TX_004167,ACC_0082,ACC_0139,623.83,2023-05-15 00:39:29,online,normal
TX_004168,ACC_0025,ACC_0148,21.82,2023-02-24 18:35:53,online,normal
TX_004169,ACC_0087,ACC_0139,1239.48,2023-07-12 18:46:18,online,normal
TX_004170,ACC_0137,ACC_0065,3138.96,2023-05-16 16:54:48,wire,normal
TX_004171,ACC_0043,ACC_0008,136.4,2023-10-16 00:46:13,wire,normal
TX_004172,ACC_0098,ACC_0141,1168.9,2023-10-07 13:12:05,wire,normal
TX_004173,ACC_0072,ACC_0070,346.56,2023-04-22 12:00:11,wire,normal
TX_004174,ACC_0116,ACC_0061,7.11,2023-08-25 09:33:46,online,normal
TX_004175,ACC_0021,ACC_0143,44.67,2023-04-13 08:31:42,online,normal
TX_004176,ACC_0029,ACC_0112,222.8,2023-06-16 20:27:38,online,normal
TX_004177,ACC_0132,ACC_0098,80.37,2023-03-14 15:30:35,branch,normal
TX_004178,ACC_0150,ACC_0148,135.81,2023-01-19 06:31:05,online,normal
TX_004179,ACC_0147,ACC_0068,103.82,2023-05-06 12:27:57,online,normal
TX_004180,ACC_0140,ACC_0002,887.45,2023-01-17 16:24:07,branch,normal
TX_004181,ACC_0069,ACC_0068,28.28,2023-08-14 16:41:47,online,normal
TX_004182,ACC_0007,ACC_0137,65.89,2023-09-25 16:14:15,online,normal
TX_004183,ACC_0122,ACC_0012,114.78,2023-02-20 23:41:01,branch,normal
TX_004184,ACC_0144,ACC_0025,368.16,2023-03-10 21:52:55,atm,normal
TX_004185,ACC_0019,ACC_0095,198.66,2023-06-28 03:09:51,online,normal
TX_004186,ACC_0068,ACC_0137,205.22,2023-05-21 00:02:54,online,normal
TX_004187,ACC_0008,ACC_0041,37.18,2023-07-29 06:42:38,branch,normal
TX_004188,ACC_0061,ACC_0129,413.82,2023-10-05 17:00:54,branch,normal
TX_004189,ACC_0112,ACC_0006,80.14,2023-07-14 15:22:55,online,normal
TX_004190,ACC_0124,ACC_0143,1408.49,2023-12-05 16:25:53,online,normal
TX_004191,ACC_0067,ACC_0137,116.92,2023-07-18 19:27:11,atm,normal
TX_004192,ACC_0007,ACC_0144,753.06,2023-01-04 03:14:49,online,normal
TX_004193,ACC_0056,ACC_0069,55.58,2023-12-20 11:16:11,online,normal
TX_004194,ACC_0105,ACC_0035,154.64,2023-04-07 03:46:03,branch,normal
TX_004195,ACC_0132,ACC_0029,198.95,2023-01-29 13:30:41,branch,normal
TX_004196,ACC_0099,ACC_0110,680.63,2023-05-06 23:40:05,branch,normal
TX_004197,ACC_0009,ACC_0033,176.6,2023-11-24 15:45:18,branch,normal
TX_004198,ACC_0084,ACC_0020,454.65,2023-01-10 09:03:58,branch,normal
TX_004199,ACC_0146,ACC_0054,272.78,2023-07-11 00:37:18,online,normal
TX_004200,ACC_0058,ACC_0016,55.15,2023-12-21 21:44:50,online,normal
TX_004201,ACC_0149,ACC_0016,21.96,2023-10-06 00:31:11,online,normal
TX_004202,ACC_0062,ACC_0007,47.05,2023-02-24 18:07:51,branch,normal
TX_004203,ACC_0012,ACC_0035,169.44,2023-01-06 12:09:48,online,normal
TX_004204,ACC_0014,ACC_0086,395.86,2023-06-14 22:05:09,online,normal
TX_004205,ACC_0148,ACC_0075,172.44,2023-01-01 17:46:32,branch,normal
TX_004206,ACC_0072,ACC_0054,10.92,2023-08-05 18:30:43,online,normal
TX_004207,ACC_0091,ACC_0117,19.56,2023-11-24 10:47:45,online,normal
TX_004208,ACC_0080,ACC_0071,211.98,2023-12-21 06:16:55,online,normal
TX_004209,ACC_0121,ACC_0095,125.29,2023-07-07 06:45:31,online,normal
TX_004210,ACC_0011,ACC_0148,503.93,2023-11-12 02:24:47,online,normal
TX_004211,ACC_0045,ACC_0088,954.83,2023-08-23 02:37:40,online,normal
TX_004212,ACC_0091,ACC_0098,323.91,2023-02-18 08:17:10,online,normal
TX_004213,ACC_0018,ACC_0016,406.02,2023-06-25 19:54:12,branch,normal
TX_004214,ACC_0049,ACC_0015,192.9,2023-02-06 23:02:36,wire,normal
TX_004215,ACC_0136,ACC_0008,121.66,2023-10-16 14:26:51,online,normal
TX_004216,ACC_0041,ACC_0130,271.15,2023-02-23 07:26:58,wire,normal
TX_004217,ACC_0019,ACC_0142,67.15,2023-08-31 10:46:45,online,normal
TX_004218,ACC_0100,ACC_0117,25.67,2023-09-15 10:40:06,online,normal
TX_004219,ACC_0012,ACC_0053,150.3,2023-08-14 03:39:01,wire,normal
TX_004220,ACC_0147,ACC_0028,192.03,2023-09-15 06:39:05,wire,normal
TX_004221,ACC_0095,ACC_0032,1022.46,2023-12-28 10:59:46,branch,normal
TX_004222,ACC_0128,ACC_0088,201.64,2023-02-13 06:57:14,branch,normal
TX_004223,ACC_0116,ACC_0088,20.9,2023-10-22 14:56:18,branch,normal
TX_004224,ACC_0022,ACC_0092,239.76,2023-12-12 21:09:45,wire,normal
TX_004225,ACC_0145,ACC_0059,89.08,2023-10-29 20:42:17,online,normal
TX_004226,ACC_0107,ACC_0041,68.94,2023-08-01 12:46:32,wire,normal
TX_004227,ACC_0113,ACC_0045,23.63,2023-04-20 01:44:34,online,normal
TX_004228,ACC_0142,ACC_0025,59.29,2023-12-13 01:50:25,online,normal
TX_004229,ACC_0042,ACC_0116,179.54,2023-01-04 20:31:04,atm,normal
TX_004230,ACC_0077,ACC_0001,62.0,2023-05-20 21:13:02,branch,normal
TX_004231,ACC_0088,ACC_0073,3213.23,2023-01-31 06:34:25,wire,normal
TX_004232,ACC_0079,ACC_0023,149.98,2023-06-05 19:31:20,online,normal
TX_004233,ACC_0106,ACC_0089,144.47,2023-11-03 11:16:23,wire,normal
TX_004234,ACC_0075,ACC_0003,191.56,2023-08-24 23:21:33,wire,normal
TX_004235,ACC_0031,ACC_0066,535.57,2023-09-10 04:15:04,online,normal
TX_004236,ACC_0019,ACC_0085,164.31,2023-01-13 14:34:36,atm,normal
TX_004237,ACC_0077,ACC_0127,210.49,2023-11-24 21:04:26,online,normal
TX_004238,ACC_0084,ACC_0006,198.73,2023-02-27 07:13:59,atm,normal
TX_004239,ACC_0012,ACC_0013,24.41,2023-08-21 08:42:59,atm,normal
TX_004240,ACC_0085,ACC_0078,89.85,2023-04-14 11:56:58,online,normal
TX_004241,ACC_0132,ACC_0087,69.82,2023-07-05 11:37:17,online,normal
TX_004242,ACC_0107,ACC_0123,122.48,2023-12-08 17:37:12,wire,normal
TX_004243,ACC_0111,ACC_0137,96.2,2023-12-12 20:31:19,online,normal
TX_004244,ACC_0080,ACC_0051,620.27,2023-06-30 09:48:20,atm,normal
TX_004245,ACC_0148,ACC_0080,347.76,2023-02-14 01:04:39,branch,normal
TX_004246,ACC_0075,ACC_0088,130.82,2023-02-19 09:35:59,branch,normal
TX_004247,ACC_0090,ACC_0058,144.52,2023-06-23 21:44:15,wire,normal
TX_004248,ACC_0046,ACC_0022,174.71,2023-03-30 06:27:26,online,normal
TX_004249,ACC_0058,ACC_0081,158.76,2023-07-09 17:34:39,branch,normal
TX_004250,ACC_0058,ACC_0146,706.72,2023-12-05 19:35:55,online,normal
TX_004251,ACC_0086,ACC_0141,111.38,2023-07-20 03:43:12,online,normal
TX_004252,ACC_0014,ACC_0059,11.9,2023-05-12 08:55:31,online,normal
TX_004253,ACC_0071,ACC_0106,482.23,2023-07-24 21:42:45,online,normal
TX_004254,ACC_0145,ACC_0097,47.44,2023-08-25 05:29:21,wire,normal
TX_004255,ACC_0131,ACC_0086,39.67,2023-06-05 22:40:38,branch,normal
TX_004256,ACC_0058,ACC_0030,309.57,2023-04-04 05:07:31,wire,normal
TX_004257,ACC_0098,ACC_0141,87.16,2023-05-27 13:16:58,wire,normal
TX_004258,ACC_0034,ACC_0008,206.82,2023-08-09 23:26:38,branch,normal
TX_004259,ACC_0072,ACC_0021,490.24,2023-06-18 11:11:02,online,normal
TX_004260,ACC_0006,ACC_0073,505.02,2023-02-24 01:23:40,atm,normal
TX_004261,ACC_0148,ACC_0143,111.68,2023-03-03 21:37:51,wire,normal
TX_004262,ACC_0029,ACC_0059,56.31,2023-04-05 04:26:35,wire,normal
TX_004263,ACC_0013,ACC_0069,1422.98,2023-04-04 11:55:19,wire,normal
TX_004264,ACC_0029,ACC_0105,320.94,2023-09-11 11:54:46,online,normal
TX_004265,ACC_0035,ACC_0145,204.35,2023-12-10 19:27:59,online,normal
TX_004266,ACC_0073,ACC_0113,5.96,2023-12-09 10:39:48,online,normal
TX_004267,ACC_0036,ACC_0073,2879.35,2023-05-26 06:58:26,online,normal
TX_004268,ACC_0117,ACC_0130,69.3,2023-12-28 13:06:49,online,normal
TX_004269,ACC_0024,ACC_0102,66.24,2023-02-16 13:24:24,online,normal
TX_004270,ACC_0063,ACC_0082,225.83,2023-06-02 10:05:39,online,normal
TX_004271,ACC_0146,ACC_0137,46.78,2023-01-18 00:18:40,online,normal
TX_004272,ACC_0090,ACC_0042,260.56,2023-07-06 20:07:59,online,normal
TX_004273,ACC_0111,ACC_0101,212.53,2023-06-25 04:14:55,online,normal
TX_004274,ACC_0089,ACC_0125,82.28,2023-01-29 05:44:47,branch,normal
TX_004275,ACC_0104,ACC_0049,544.04,2023-08-02 10:05:16,online,normal
TX_004276,ACC_0066,ACC_0002,159.95,2023-10-10 21:02:44,online,normal
TX_004277,ACC_0030,ACC_0116,1534.33,2023-12-17 10:31:17,online,normal
TX_004278,ACC_0054,ACC_0024,1037.87,2023-07-11 05:10:05,branch,normal
TX_004279,ACC_0062,ACC_0003,36.15,2023-01-04 20:20:43,online,normal
TX_004280,ACC_0082,ACC_0027,824.38,2023-09-11 14:49:59,atm,normal
TX_004281,ACC_0069,ACC_0070,107.16,2023-03-03 17:28:41,online,normal
TX_004282,ACC_0121,ACC_0061,102.39,2023-12-20 22:59:02,online,normal
TX_004283,ACC_0099,ACC_0035,127.71,2023-11-23 07:27:32,online,normal
TX_004284,ACC_0082,ACC_0102,178.12,2023-09-21 02:59:52,atm,normal
TX_004285,ACC_0137,ACC_0069,773.3,2023-10-14 20:21:37,online,normal
TX_004286,ACC_0148,ACC_0144,121.05,2023-12-13 21:13:43,online,normal
TX_004287,ACC_0089,ACC_0097,177.33,2023-12-28 03:43:58,online,normal
TX_004288,ACC_0092,ACC_0001,202.14,2023-10-31 17:34:01,online,normal
TX_004289,ACC_0014,ACC_0091,146.61,2023-10-14 05:32:49,branch,normal
TX_004290,ACC_0111,ACC_0035,21.74,2023-06-03 19:48:28,online,normal
TX_004291,ACC_0052,ACC_0063,14.96,2023-01-08 04:37:38,online,normal
TX_004292,ACC_0131,ACC_0095,61.57,2023-12-08 07:17:30,wire,normal
TX_004293,ACC_0015,ACC_0053,511.38,2023-04-08 10:37:07,online,normal
TX_004294,ACC_0120,ACC_0010,157.46,2023-07-12 06:12:33,branch,normal
TX_004295,ACC_0061,ACC_0053,84.14,2023-12-09 03:43:05,wire,normal
TX_004296,ACC_0126,ACC_0021,35.71,2023-08-14 06:43:04,online,normal
TX_004297,ACC_0115,ACC_0064,15.03,2023-03-06 08:08:29,branch,normal
TX_004298,ACC_0052,ACC_0114,21.1,2023-07-05 07:27:43,online,normal
TX_004299,ACC_0147,ACC_0025,538.71,2023-05-10 09:07:17,atm,normal
TX_004300,ACC_0094,ACC_0056,21.62,2023-04-14 13:47:59,online,normal
TX_004301,ACC_0114,ACC_0089,100.28,2023-12-20 18:45:44,wire,normal
TX_004302,ACC_0127,ACC_0131,149.55,2023-06-19 13:58:03,wire,normal
TX_004303,ACC_0106,ACC_0024,318.88,2023-01-10 21:06:55,branch,normal
TX_004304,ACC_0146,ACC_0006,144.8,2023-09-15 09:19:10,online,normal
TX_004305,ACC_0141,ACC_0021,638.15,2023-07-02 02:56:05,online,normal
TX_004306,ACC_0047,ACC_0103,672.52,2023-03-08 06:04:07,online,normal
TX_004307,ACC_0072,ACC_0092,417.11,2023-03-11 01:43:50,wire,normal
TX_004308,ACC_0112,ACC_0051,609.57,2023-11-09 00:39:07,online,normal
TX_004309,ACC_0059,ACC_0109,406.55,2023-03-28 07:15:28,online,normal
TX_004310,ACC_0106,ACC_0070,144.66,2023-09-13 00:16:35,online,normal
TX_004311,ACC_0004,ACC_0084,13.58,2023-01-13 03:30:40,online,normal
TX_004312,ACC_0132,ACC_0111,1178.92,2023-06-29 21:05:59,wire,normal
TX_004313,ACC_0137,ACC_0071,70.42,2023-03-11 18:38:19,online,normal
TX_004314,ACC_0116,ACC_0106,1386.17,2023-05-05 08:15:18,wire,normal
TX_004315,ACC_0004,ACC_0102,141.29,2023-04-16 07:31:25,wire,normal
TX_004316,ACC_0005,ACC_0033,89.51,2023-03-15 00:27:06,atm,normal
TX_004317,ACC_0095,ACC_0017,301.25,2023-08-26 02:05:24,branch,normal
TX_004318,ACC_0140,ACC_0041,58.57,2023-03-03 14:35:30,online,normal
TX_004319,ACC_0007,ACC_0056,132.93,2023-04-15 18:26:39,wire,normal
TX_004320,ACC_0011,ACC_0112,610.38,2023-09-12 08:14:09,atm,normal
TX_004321,ACC_0113,ACC_0030,682.14,2023-11-28 05:04:13,wire,normal
TX_004322,ACC_0143,ACC_0084,12.17,2023-09-23 05:11:44,wire,normal
TX_004323,ACC_0069,ACC_0087,112.76,2023-02-21 19:38:20,online,normal
TX_004324,ACC_0026,ACC_0130,9119.6,2023-06-16 01:02:04,online,smurf
TX_004325,ACC_0053,ACC_0084,413.28,2023-05-11 09:26:58,wire,normal
TX_004326,ACC_0064,ACC_0062,159.26,2023-11-24 02:18:51,branch,normal
TX_004327,ACC_0040,ACC_0084,277.22,2023-03-05 00:20:49,wire,normal
TX_004328,ACC_0078,ACC_0038,13.31,2023-11-23 06:51:03,online,normal
TX_004329,ACC_0056,ACC_0126,190.64,2023-05-24 18:55:20,online,normal
TX_004330,ACC_0100,ACC_0052,24.03,2023-12-13 21:36:00,atm,normal
TX_004331,ACC_0120,ACC_0123,105.99,2023-08-03 03:03:28,branch,normal
TX_004332,ACC_0079,ACC_0090,215.11,2023-12-24 06:04:45,wire,normal
TX_004333,ACC_0008,ACC_0040,937.66,2023-11-29 19:44:14,online,normal
TX_004334,ACC_0057,ACC_0100,1244.76,2023-12-05 20:39:31,atm,normal
TX_004335,ACC_0099,ACC_0141,165.13,2023-04-17 03:38:45,wire,normal
TX_004336,ACC_0094,ACC_0102,276.81,2023-02-05 10:20:29,online,normal
TX_004337,ACC_0058,ACC_0110,229.87,2023-10-23 19:05:34,branch,normal
TX_004338,ACC_0104,ACC_0066,784.6,2023-12-26 05:45:54,online,normal
TX_004339,ACC_0069,ACC_0132,38.93,2023-10-08 13:11:35,wire,normal
TX_004340,ACC_0132,ACC_0039,166.39,2023-05-12 01:39:13,online,normal
TX_004341,ACC_0052,ACC_0004,368.62,2023-03-08 21:17:15,online,normal
TX_004342,ACC_0027,ACC_0081,77.99,2023-12-09 20:44:57,branch,normal
TX_004343,ACC_0026,ACC_0072,695.48,2023-11-13 18:05:55,online,normal
TX_004344,ACC_0001,ACC_0147,108.69,2023-03-22 02:34:57,wire,normal
TX_004345,ACC_0010,ACC_0056,18.61,2023-08-12 10:49:01,wire,normal
TX_004346,ACC_0125,ACC_0022,397.49,2023-11-21 20:26:14,online,normal
TX_004347,ACC_0111,ACC_0098,7.13,2023-03-15 04:08:27,wire,normal
TX_004348,ACC_0040,ACC_0051,250.92,2023-12-24 04:56:53,wire,normal
TX_004349,ACC_0076,ACC_0026,23.79,2023-08-10 16:32:14,wire,normal
TX_004350,ACC_0082,ACC_0066,185.11,2023-07-28 03:22:24,online,normal
TX_004351,ACC_0009,ACC_0024,347.83,2023-02-16 01:45:59,atm,normal
TX_004352,ACC_0114,ACC_0147,152.6,2023-04-22 09:48:44,online,normal
TX_004353,ACC_0032,ACC_0139,71.41,2023-07-21 13:44:14,online,normal
TX_004354,ACC_0050,ACC_0122,34.89,2023-11-30 05:03:09,branch,normal
TX_004355,ACC_0150,ACC_0067,49.95,2023-06-13 15:10:04,wire,normal
TX_004356,ACC_0064,ACC_0099,75.56,2023-08-14 05:51:53,online,normal
TX_004357,ACC_0089,ACC_0148,525.82,2023-02-23 22:24:09,online,normal
TX_004358,ACC_0121,ACC_0125,183.43,2023-03-10 04:18:35,branch,normal
TX_004359,ACC_0103,ACC_0063,306.29,2023-02-11 14:47:40,online,normal
TX_004360,ACC_0145,ACC_0030,388.36,2023-09-12 18:41:13,branch,normal
TX_004361,ACC_0120,ACC_0137,205.82,2023-12-30 04:06:47,branch,normal
TX_004362,ACC_0047,ACC_0071,468.46,2023-05-14 15:04:01,wire,normal
TX_004363,ACC_0048,ACC_0088,120.76,2023-12-03 08:44:18,wire,normal
TX_004364,ACC_0093,ACC_0114,115.31,2023-07-02 04:38:28,branch,normal
TX_004365,ACC_0084,ACC_0068,1664.16,2023-12-14 21:32:46,online,normal
TX_004366,ACC_0053,ACC_0049,82.59,2023-05-07 08:40:57,atm,normal
TX_004367,ACC_0103,ACC_0042,300.6,2023-08-30 06:14:24,online,normal
TX_004368,ACC_0046,ACC_0014,86.93,2023-08-24 21:35:41,online,normal
TX_004369,ACC_0108,ACC_0147,1726.58,2023-10-08 09:03:53,online,normal
TX_004370,ACC_0004,ACC_0072,32.89,2023-07-14 06:33:03,online,normal
TX_004371,ACC_0080,ACC_0068,433.0,2023-05-24 20:41:06,online,normal
TX_004372,ACC_0018,ACC_0027,88.27,2023-12-08 11:22:38,online,normal
TX_004373,ACC_0108,ACC_0109,48.16,2023-10-16 03:50:23,online,normal
TX_004374,ACC_0099,ACC_0131,1214.35,2023-04-17 06:53:16,wire,normal
TX_004375,ACC_0002,ACC_0112,41.7,2023-02-25 10:29:52,online,normal
TX_004376,ACC_0068,ACC_0048,300.97,2023-12-12 14:28:15,wire,normal
TX_004377,ACC_0082,ACC_0087,8.62,2023-07-23 14:46:03,online,normal
TX_004378,ACC_0081,ACC_0073,487.45,2023-03-26 05:46:17,online,normal
TX_004379,ACC_0120,ACC_0147,110.1,2023-06-06 09:58:50,wire,normal
TX_004380,ACC_0063,ACC_0013,35.83,2023-07-19 02:37:55,online,normal
TX_004381,ACC_0085,ACC_0057,123.14,2023-12-13 12:09:36,wire,normal
TX_004382,ACC_0106,ACC_0145,14.01,2023-09-16 14:43:33,atm,normal
TX_004383,ACC_0066,ACC_0144,84.62,2023-07-02 22:06:13,online,normal
TX_004384,ACC_0112,ACC_0046,385.83,2023-05-19 00:46:06,online,normal
TX_004385,ACC_0127,ACC_0042,1151.66,2023-07-20 02:40:51,atm,normal
TX_004386,ACC_0039,ACC_0121,1.34,2023-11-08 14:22:57,online,normal
TX_004387,ACC_0091,ACC_0096,1068.94,2023-06-24 09:29:52,online,normal
TX_004388,ACC_0068,ACC_0075,37.83,2023-02-08 14:19:23,online,normal
TX_004389,ACC_0083,ACC_0145,61.1,2023-04-02 14:50:00,online,normal
TX_004390,ACC_0113,ACC_0080,120.38,2023-03-25 04:27:41,branch,normal
TX_004391,ACC_0078,ACC_0088,114.33,2023-04-19 18:22:07,atm,normal
TX_004392,ACC_0074,ACC_0023,99.31,2023-02-18 16:06:38,online,normal
TX_004393,ACC_0011,ACC_0059,29.43,2023-06-05 03:31:47,online,normal
TX_004394,ACC_0014,ACC_0006,46.33,2023-02-19 05:16:25,branch,normal
TX_004395,ACC_0043,ACC_0143,130.24,2023-03-24 15:24:31,wire,normal
TX_004396,ACC_0080,ACC_0134,853.64,2023-03-25 00:45:58,branch,normal
TX_004397,ACC_0110,ACC_0053,2127.04,2023-11-05 19:36:50,wire,normal
TX_004398,ACC_0044,ACC_0032,429.61,2023-08-23 17:24:37,online,normal
TX_004399,ACC_0028,ACC_0051,492.58,2023-02-08 11:24:48,online,normal
TX_004400,ACC_0128,ACC_0086,148.47,2023-03-15 07:42:52,branch,normal
TX_004401,ACC_0026,ACC_0003,99.27,2023-11-27 11:22:19,online,normal
TX_004402,ACC_0084,ACC_0134,41.68,2023-01-30 14:57:56,atm,normal
TX_004403,ACC_0057,ACC_0017,191.03,2023-01-10 22:42:57,branch,normal
TX_004404,ACC_0107,ACC_0130,33.13,2023-03-11 03:43:13,online,normal
TX_004405,ACC_0026,ACC_0042,117.74,2023-12-15 18:28:22,online,normal
TX_004406,ACC_0120,ACC_0063,357.14,2023-03-26 05:05:10,branch,normal
TX_004407,ACC_0054,ACC_0062,522.67,2023-12-30 06:17:08,online,normal
TX_004408,ACC_0061,ACC_0123,62.0,2023-02-05 23:16:33,wire,normal
TX_004409,ACC_0090,ACC_0008,38.11,2023-05-03 07:41:29,branch,normal
TX_004410,ACC_0036,ACC_0122,1584.61,2023-07-29 08:36:20,online,normal
TX_004411,ACC_0018,ACC_0011,315.4,2023-10-18 16:47:53,wire,normal
TX_004412,ACC_0046,ACC_0011,34.37,2023-02-20 22:43:15,branch,normal
TX_004413,ACC_0003,ACC_0040,575.83,2023-11-07 09:24:11,branch,normal
TX_004414,ACC_0119,ACC_0035,85.22,2023-02-04 02:16:56,branch,normal
TX_004415,ACC_0005,ACC_0012,263.7,2023-02-06 19:03:21,branch,normal
TX_004416,ACC_0031,ACC_0114,4.36,2023-09-06 22:38:02,online,normal
TX_004417,ACC_0059,ACC_0122,780.7,2023-05-11 10:31:28,atm,normal
TX_004418,ACC_0138,ACC_0147,387.57,2023-09-19 05:07:03,online,normal
TX_004419,ACC_0074,ACC_0125,244.99,2023-12-30 03:09:41,wire,normal
TX_004420,ACC_0027,ACC_0031,1329.99,2023-06-09 01:08:06,branch,normal
TX_004421,ACC_0040,ACC_0130,67.86,2023-06-01 10:24:41,online,normal
TX_004422,ACC_0129,ACC_0138,275.09,2023-11-04 04:07:27,online,normal
TX_004423,ACC_0140,ACC_0074,415.52,2023-05-05 05:22:18,online,normal
TX_004424,ACC_0111,ACC_0124,103.67,2023-01-05 22:02:10,wire,normal
TX_004425,ACC_0094,ACC_0015,11.09,2023-12-21 23:14:02,atm,normal
TX_004426,ACC_0080,ACC_0141,161.05,2023-08-30 15:00:34,wire,normal
TX_004427,ACC_0019,ACC_0102,465.27,2023-08-11 15:56:56,online,normal
TX_004428,ACC_0035,ACC_0041,36.57,2023-03-11 00:56:13,wire,normal
TX_004429,ACC_0108,ACC_0021,23.18,2023-10-03 19:22:08,online,normal
TX_004430,ACC_0063,ACC_0012,51.73,2023-02-05 15:56:42,branch,normal
TX_004431,ACC_0095,ACC_0105,145.27,2023-11-09 01:55:06,online,normal
TX_004432,ACC_0021,ACC_0085,137.34,2023-10-05 17:22:04,atm,normal
TX_004433,ACC_0063,ACC_0068,311.97,2023-07-15 05:49:19,atm,normal
TX_004434,ACC_0145,ACC_0027,212.94,2023-01-22 22:56:19,atm,normal
TX_004435,ACC_0070,ACC_0123,57.66,2023-05-23 16:31:09,online,normal
TX_004436,ACC_0086,ACC_0135,227.24,2023-07-31 06:20:43,online,normal
TX_004437,ACC_0118,ACC_0081,73.69,2023-12-11 20:19:23,online,normal
TX_004438,ACC_0142,ACC_0046,185.38,2023-07-08 09:27:24,wire,normal
TX_004439,ACC_0128,ACC_0011,1591.69,2023-10-01 20:02:59,online,normal
TX_004440,ACC_0032,ACC_0056,156.77,2023-10-22 02:21:01,branch,normal
TX_004441,ACC_0149,ACC_0070,28.78,2023-05-05 04:01:51,online,normal
TX_004442,ACC_0097,ACC_0090,645.79,2023-07-19 11:16:32,wire,normal
TX_004443,ACC_0132,ACC_0065,220.8,2023-06-29 12:09:21,branch,normal
TX_004444,ACC_0029,ACC_0113,53.62,2023-11-24 06:28:27,wire,normal
TX_004445,ACC_0133,ACC_0081,635.06,2023-12-13 23:38:46,wire,normal
TX_004446,ACC_0045,ACC_0118,93.93,2023-05-10 10:53:22,branch,normal
TX_004447,ACC_0060,ACC_0100,173.31,2023-07-02 06:05:14,wire,normal
TX_004448,ACC_0134,ACC_0108,73.13,2023-09-09 01:51:41,atm,normal
TX_004449,ACC_0141,ACC_0148,51.25,2023-05-31 21:56:31,online,normal
TX_004450,ACC_0015,ACC_0037,198.92,2023-05-16 07:14:50,online,normal
TX_004451,ACC_0057,ACC_0038,5.26,2023-10-25 05:12:37,online,normal
TX_004452,ACC_0113,ACC_0083,289.1,2023-04-03 08:42:51,online,normal
TX_004453,ACC_0075,ACC_0122,75.14,2023-10-29 17:08:21,atm,normal
TX_004454,ACC_0132,ACC_0080,366.29,2023-10-13 18:11:22,wire,normal
TX_004455,ACC_0073,ACC_0026,44.03,2023-04-24 07:56:04,online,normal
TX_004456,ACC_0143,ACC_0082,1867.63,2023-09-27 07:17:14,branch,normal
TX_004457,ACC_0077,ACC_0116,15.55,2023-04-14 17:44:12,online,normal
TX_004458,ACC_0005,ACC_0001,4.65,2023-06-01 14:24:34,online,normal
TX_004459,ACC_0037,ACC_0132,120.19,2023-09-28 02:21:48,atm,normal
TX_004460,ACC_0146,ACC_0023,172.22,2023-03-28 00:58:32,wire,normal
TX_004461,ACC_0073,ACC_0122,65.76,2023-02-11 16:44:37,online,normal
TX_004462,ACC_0078,ACC_0090,10.87,2023-06-09 01:34:37,online,normal
TX_004463,ACC_0013,ACC_0034,189.65,2023-02-01 14:08:29,branch,normal
TX_004464,ACC_0149,ACC_0006,229.08,2023-03-11 10:00:56,online,normal
TX_004465,ACC_0026,ACC_0063,310.83,2023-07-22 15:25:47,online,normal
TX_004466,ACC_0052,ACC_0140,386.44,2023-04-25 18:09:26,branch,normal
TX_004467,ACC_0096,ACC_0044,211.71,2023-10-27 06:18:08,online,normal
TX_004468,ACC_0063,ACC_0021,34.73,2023-05-19 17:37:44,wire,normal
TX_004469,ACC_0080,ACC_0124,62.22,2023-07-03 17:44:33,wire,normal
TX_004470,ACC_0063,ACC_0148,239.99,2023-08-18 05:04:02,wire,normal
TX_004471,ACC_0105,ACC_0150,553.2,2023-10-21 11:55:54,branch,normal
TX_004472,ACC_0134,ACC_0129,62.16,2023-01-08 21:05:34,online,normal
TX_004473,ACC_0092,ACC_0041,1269.91,2023-07-09 14:04:12,atm,normal
TX_004474,ACC_0027,ACC_0055,120.74,2023-08-08 15:07:35,online,normal
TX_004475,ACC_0129,ACC_0008,27.92,2023-11-23 00:51:22,online,normal
TX_004476,ACC_0057,ACC_0035,132.85,2023-01-24 18:15:45,atm,normal
TX_004477,ACC_0039,ACC_0105,430.42,2023-09-10 04:08:02,online,normal
TX_004478,ACC_0093,ACC_0022,114.67,2023-10-11 08:00:00,branch,normal
TX_004479,ACC_0104,ACC_0079,552.97,2023-01-17 11:33:39,branch,normal
TX_004480,ACC_0092,ACC_0082,381.62,2023-10-17 09:00:02,wire,normal
TX_004481,ACC_0060,ACC_0087,134.73,2023-08-15 09:12:53,online,normal
TX_004482,ACC_0047,ACC_0099,212.0,2023-10-12 20:57:13,online,normal
TX_004483,ACC_0093,ACC_0030,353.17,2023-04-18 20:36:40,atm,normal
TX_004484,ACC_0065,ACC_0083,114.68,2023-10-15 18:54:07,branch,normal
TX_004485,ACC_0010,ACC_0130,59.95,2023-10-22 08:13:16,atm,normal
TX_004486,ACC_0023,ACC_0048,88.28,2023-05-10 23:07:59,online,normal
TX_004487,ACC_0031,ACC_0099,158.09,2023-05-30 10:33:01,online,normal
TX_004488,ACC_0022,ACC_0060,399.63,2023-01-26 18:29:16,online,normal
TX_004489,ACC_0037,ACC_0046,1334.47,2023-05-20 18:40:37,online,normal
TX_004490,ACC_0099,ACC_0052,258.71,2023-09-28 10:29:20,online,normal
TX_004491,ACC_0136,ACC_0125,64.38,2023-05-03 20:43:24,online,normal
TX_004492,ACC_0110,ACC_0077,69.86,2023-11-01 17:52:26,wire,normal
TX_004493,ACC_0065,ACC_0100,493.98,2023-12-13 13:24:25,atm,normal
TX_004494,ACC_0021,ACC_0033,20.23,2023-02-19 07:27:50,branch,normal
TX_004495,ACC_0097,ACC_0124,106.14,2023-04-28 00:45:05,online,normal
TX_004496,ACC_0073,ACC_0115,103.28,2023-03-13 09:12:55,wire,normal
TX_004497,ACC_0090,ACC_0014,745.17,2023-02-03 04:41:42,branch,normal
TX_004498,ACC_0144,ACC_0092,547.57,2023-06-17 04:50:44,online,normal
TX_004499,ACC_0040,ACC_0003,268.66,2023-10-24 14:34:37,branch,normal
TX_004500,ACC_0063,ACC_0071,158.1,2023-01-02 01:33:46,online,normal
TX_004501,ACC_0036,ACC_0101,31.19,2023-04-18 02:51:57,online,normal
TX_004502,ACC_0126,ACC_0012,952.25,2023-11-07 05:23:56,online,normal
TX_004503,ACC_0150,ACC_0107,1182.22,2023-10-23 04:22:56,branch,normal
TX_004504,ACC_0042,ACC_0130,144.07,2023-01-02 17:07:01,online,normal
TX_004505,ACC_0087,ACC_0126,169.41,2023-09-07 05:00:33,branch,normal
TX_004506,ACC_0041,ACC_0056,168.24,2023-09-13 22:51:16,wire,normal
TX_004507,ACC_0136,ACC_0133,114.21,2023-08-30 11:35:56,online,normal
TX_004508,ACC_0064,ACC_0001,67.72,2023-08-22 01:36:31,online,normal
TX_004509,ACC_0140,ACC_0060,153.59,2023-06-06 02:37:15,online,normal
TX_004510,ACC_0143,ACC_0009,14.14,2023-06-19 21:38:16,online,normal
TX_004511,ACC_0031,ACC_0112,133.85,2023-12-16 18:38:01,atm,normal
TX_004512,ACC_0133,ACC_0120,72.01,2023-05-23 13:46:32,online,normal
TX_004513,ACC_0023,ACC_0028,26.01,2023-02-15 08:36:02,branch,normal
TX_004514,ACC_0035,ACC_0022,102.26,2023-03-11 20:48:14,branch,normal
TX_004515,ACC_0103,ACC_0095,49.73,2023-12-13 23:08:50,wire,normal
TX_004516,ACC_0097,ACC_0077,169.43,2023-03-27 21:46:54,wire,normal
TX_004517,ACC_0018,ACC_0058,396.77,2023-05-15 12:30:54,online,normal
TX_004518,ACC_0118,ACC_0038,45.48,2023-06-18 07:47:36,online,normal
TX_004519,ACC_0117,ACC_0106,436.25,2023-10-05 06:32:08,wire,normal
TX_004520,ACC_0088,ACC_0025,58.97,2023-06-03 14:08:40,online,normal
TX_004521,ACC_0064,ACC_0126,323.35,2023-12-28 10:20:45,wire,normal
TX_004522,ACC_0128,ACC_0120,2014.09,2023-09-28 15:03:17,online,normal
TX_004523,ACC_0054,ACC_0133,428.08,2023-05-17 08:25:41,wire,normal
TX_004524,ACC_0047,ACC_0029,456.35,2023-05-17 21:13:27,online,normal
TX_004525,ACC_0008,ACC_0031,153.7,2023-10-01 03:52:41,online,normal
TX_004526,ACC_0038,ACC_0017,83.08,2023-09-03 21:32:19,atm,normal
TX_004527,ACC_0025,ACC_0131,80.99,2023-07-04 17:32:09,atm,normal
TX_004528,ACC_0049,ACC_0141,38.39,2023-10-15 03:12:50,branch,normal
TX_004529,ACC_0093,ACC_0004,468.2,2023-01-08 17:07:37,branch,normal
TX_004530,ACC_0033,ACC_0042,7269.18,2023-04-09 13:56:40,online,normal
TX_004531,ACC_0130,ACC_0049,536.16,2023-04-09 19:30:05,online,normal
TX_004532,ACC_0099,ACC_0056,58.89,2023-05-22 07:23:42,wire,normal
TX_004533,ACC_0125,ACC_0061,74.48,2023-05-13 04:57:56,online,normal
TX_004534,ACC_0084,ACC_0069,81.32,2023-11-14 13:56:24,online,normal
TX_004535,ACC_0030,ACC_0022,284.88,2023-07-08 11:41:56,online,normal
TX_004536,ACC_0038,ACC_0130,8549.84,2023-03-31 10:43:48,online,smurf
TX_004537,ACC_0016,ACC_0085,125.1,2023-12-08 22:44:38,online,normal
TX_004538,ACC_0012,ACC_0145,55.87,2023-03-23 03:02:04,branch,normal
TX_004539,ACC_0030,ACC_0145,673.99,2023-10-23 07:38:46,branch,normal
TX_004540,ACC_0096,ACC_0148,199.1,2023-06-20 18:29:30,wire,normal
TX_004541,ACC_0018,ACC_0060,12.4,2023-02-27 14:58:56,branch,normal
TX_004542,ACC_0146,ACC_0092,409.77,2023-04-26 23:40:38,wire,normal
TX_004543,ACC_0147,ACC_0006,17.54,2023-07-03 17:48:29,branch,normal
TX_004544,ACC_0087,ACC_0005,10.02,2023-02-24 04:49:38,online,normal
TX_004545,ACC_0033,ACC_0062,70.36,2023-07-11 00:18:41,online,normal
TX_004546,ACC_0026,ACC_0140,58.75,2023-01-27 15:56:21,wire,normal
TX_004547,ACC_0110,ACC_0114,25.46,2023-11-14 18:37:50,online,normal
TX_004548,ACC_0116,ACC_0059,71.09,2023-12-13 22:32:37,online,normal
TX_004549,ACC_0143,ACC_0031,3.07,2023-04-16 05:09:49,branch,normal
TX_004550,ACC_0040,ACC_0011,742.17,2023-02-23 02:39:54,online,normal
TX_004551,ACC_0130,ACC_0013,1497.35,2023-03-05 16:22:14,atm,normal
TX_004552,ACC_0023,ACC_0070,22.53,2023-09-26 06:50:59,online,normal
TX_004553,ACC_0030,ACC_0071,447.06,2023-06-14 10:35:05,online,normal
TX_004554,ACC_0100,ACC_0111,26.75,2023-09-12 05:08:11,branch,normal
TX_004555,ACC_0129,ACC_0015,76.62,2023-03-14 17:49:25,wire,normal
TX_004556,ACC_0055,ACC_0045,1452.62,2023-06-14 05:45:07,online,normal
TX_004557,ACC_0107,ACC_0131,404.98,2023-11-12 21:34:44,online,normal
TX_004558,ACC_0082,ACC_0019,499.8,2023-04-09 11:31:13,wire,normal
TX_004559,ACC_0046,ACC_0081,202.24,2023-01-04 03:49:21,atm,normal
TX_004560,ACC_0014,ACC_0025,171.12,2023-05-30 07:35:12,wire,normal
TX_004561,ACC_0089,ACC_0031,185.87,2023-10-19 02:59:35,wire,normal
TX_004562,ACC_0059,ACC_0113,62.6,2023-07-19 23:51:53,atm,normal
TX_004563,ACC_0098,ACC_0124,289.08,2023-03-23 10:10:56,atm,normal
TX_004564,ACC_0044,ACC_0082,518.7,2023-07-13 19:05:50,online,normal
TX_004565,ACC_0012,ACC_0077,484.68,2023-02-10 14:52:50,online,normal
TX_004566,ACC_0059,ACC_0058,133.52,2023-05-18 18:31:46,wire,normal
TX_004567,ACC_0107,ACC_0101,70.68,2023-03-03 04:53:08,branch,normal
TX_004568,ACC_0086,ACC_0118,1562.21,2023-06-07 20:43:20,online,normal
TX_004569,ACC_0121,ACC_0033,115.88,2023-03-24 09:55:38,wire,normal
TX_004570,ACC_0141,ACC_0069,39.74,2023-01-26 13:30:31,wire,normal
TX_004571,ACC_0022,ACC_0130,94.04,2023-09-08 07:58:53,wire,normal
TX_004572,ACC_0145,ACC_0038,117.9,2023-02-01 01:44:26,online,normal
TX_004573,ACC_0066,ACC_0126,1495.07,2023-08-02 18:47:02,atm,normal
TX_004574,ACC_0140,ACC_0091,158.92,2023-10-26 18:52:53,branch,normal
TX_004575,ACC_0140,ACC_0033,119.33,2023-03-16 19:18:57,online,normal
TX_004576,ACC_0059,ACC_0041,29.99,2023-09-20 06:53:01,online,normal
TX_004577,ACC_0022,ACC_0039,44.49,2023-03-05 02:53:26,online,normal
TX_004578,ACC_0130,ACC_0096,108.11,2023-04-22 20:41:30,online,normal
TX_004579,ACC_0015,ACC_0007,148.21,2023-02-01 13:47:22,branch,normal
TX_004580,ACC_0122,ACC_0044,247.3,2023-05-18 00:09:05,online,normal
TX_004581,ACC_0116,ACC_0082,289.97,2023-02-11 04:29:03,online,normal
TX_004582,ACC_0067,ACC_0148,25.63,2023-02-13 17:51:12,atm,normal
TX_004583,ACC_0121,ACC_0147,81.71,2023-05-02 09:25:54,wire,normal
TX_004584,ACC_0087,ACC_0128,773.59,2023-10-10 00:16:39,branch,normal
TX_004585,ACC_0092,ACC_0075,70.86,2023-12-04 14:09:42,wire,normal
TX_004586,ACC_0124,ACC_0090,77.12,2023-02-15 19:54:50,online,normal
TX_004587,ACC_0022,ACC_0070,114.22,2023-11-10 03:52:35,branch,normal
TX_004588,ACC_0029,ACC_0136,10.61,2023-10-28 01:11:22,online,normal
TX_004589,ACC_0060,ACC_0046,6.99,2023-02-19 09:07:59,online,normal
TX_004590,ACC_0091,ACC_0002,471.84,2023-11-23 20:09:37,online,normal
TX_004591,ACC_0008,ACC_0036,91.01,2023-05-30 13:34:26,branch,normal
TX_004592,ACC_0070,ACC_0145,1293.87,2023-03-13 19:29:57,online,normal
TX_004593,ACC_0041,ACC_0020,22.23,2023-05-11 13:02:23,online,normal
TX_004594,ACC_0005,ACC_0047,45.85,2023-10-08 13:37:49,online,normal
TX_004595,ACC_0078,ACC_0046,120.27,2023-10-16 18:31:50,branch,normal
TX_004596,ACC_0062,ACC_0057,475.36,2023-08-18 01:31:26,wire,normal
TX_004597,ACC_0112,ACC_0017,210.61,2023-07-03 21:39:50,online,normal
TX_004598,ACC_0053,ACC_0078,51.88,2023-07-15 09:57:35,online,normal
TX_004599,ACC_0131,ACC_0102,68.83,2023-09-07 06:02:31,branch,normal
TX_004600,ACC_0013,ACC_0120,10.03,2023-05-27 12:03:31,online,normal
TX_004601,ACC_0035,ACC_0014,31.98,2023-12-06 17:32:00,atm,normal
TX_004602,ACC_0047,ACC_0147,390.21,2023-04-19 04:56:14,wire,normal
TX_004603,ACC_0036,ACC_0131,185.99,2023-04-01 04:05:33,branch,normal
TX_004604,ACC_0062,ACC_0017,245.34,2023-05-21 20:22:52,online,normal
TX_004605,ACC_0132,ACC_0120,65.01,2023-11-12 17:47:27,branch,normal
TX_004606,ACC_0067,ACC_0044,398.94,2023-12-03 22:07:46,online,normal
TX_004607,ACC_0113,ACC_0030,88.51,2023-03-28 17:46:17,wire,normal
TX_004608,ACC_0033,ACC_0019,53.72,2023-05-22 14:48:58,atm,normal
TX_004609,ACC_0136,ACC_0133,259.84,2023-05-01 23:36:52,wire,normal
TX_004610,ACC_0034,ACC_0012,381.74,2023-09-02 10:24:24,online,normal
TX_004611,ACC_0116,ACC_0079,241.93,2023-03-30 06:10:12,branch,normal
TX_004612,ACC_0022,ACC_0126,12.3,2023-05-16 02:48:23,online,normal
TX_004613,ACC_0127,ACC_0087,11.75,2023-12-27 00:19:04,branch,normal
TX_004614,ACC_0079,ACC_0037,111.76,2023-08-14 15:10:54,online,normal
TX_004615,ACC_0130,ACC_0087,21.32,2023-11-10 19:36:38,wire,normal
TX_004616,ACC_0146,ACC_0060,16.4,2023-05-22 21:21:52,atm,normal
TX_004617,ACC_0007,ACC_0072,42.33,2023-01-27 11:51:54,online,normal
TX_004618,ACC_0117,ACC_0126,133.79,2023-04-13 00:18:19,atm,normal
TX_004619,ACC_0136,ACC_0149,170.28,2023-11-30 15:39:15,online,normal
TX_004620,ACC_0100,ACC_0037,288.87,2023-10-01 12:27:36,online,normal
TX_004621,ACC_0044,ACC_0142,37.95,2023-06-12 22:29:44,wire,normal
TX_004622,ACC_0013,ACC_0128,82.89,2023-01-15 02:40:55,online,normal
TX_004623,ACC_0144,ACC_0015,148.65,2023-07-28 20:11:11,branch,normal
TX_004624,ACC_0124,ACC_0030,256.31,2023-05-14 07:46:05,wire,normal
TX_004625,ACC_0024,ACC_0084,31.38,2023-05-30 07:06:12,branch,normal
TX_004626,ACC_0092,ACC_0056,167.75,2023-05-13 18:22:28,online,normal
TX_004627,ACC_0069,ACC_0104,76.33,2023-03-25 12:31:13,branch,normal
TX_004628,ACC_0145,ACC_0059,51.06,2023-12-12 12:56:54,online,normal
TX_004629,ACC_0030,ACC_0090,324.05,2023-10-13 11:52:46,wire,normal
TX_004630,ACC_0112,ACC_0072,77.82,2023-07-30 19:26:44,online,normal
TX_004631,ACC_0131,ACC_0122,114.98,2023-02-19 09:51:44,online,normal
TX_004632,ACC_0085,ACC_0137,21.51,2023-07-08 03:43:31,branch,normal
TX_004633,ACC_0068,ACC_0112,124.47,2023-10-31 16:48:52,online,normal
TX_004634,ACC_0032,ACC_0028,249.53,2023-06-10 13:57:27,atm,normal
TX_004635,ACC_0020,ACC_0116,232.07,2023-01-15 08:10:54,branch,normal
TX_004636,ACC_0087,ACC_0114,117.74,2023-06-17 07:14:55,wire,normal
TX_004637,ACC_0012,ACC_0032,198.39,2023-02-25 03:59:28,wire,normal
TX_004638,ACC_0108,ACC_0062,72.2,2023-02-20 14:25:25,wire,normal
TX_004639,ACC_0077,ACC_0076,106.46,2023-09-23 09:41:40,online,normal
TX_004640,ACC_0004,ACC_0126,42.71,2023-04-12 17:34:26,online,normal
TX_004641,ACC_0120,ACC_0032,47.95,2023-12-30 10:20:59,online,normal
TX_004642,ACC_0093,ACC_0061,78.55,2023-12-17 04:50:31,online,normal
TX_004643,ACC_0022,ACC_0113,90.54,2023-11-28 01:12:24,wire,normal
TX_004644,ACC_0011,ACC_0083,18.44,2023-11-14 18:57:46,online,normal
TX_004645,ACC_0026,ACC_0087,1002.32,2023-05-20 03:38:49,online,normal
TX_004646,ACC_0092,ACC_0018,314.57,2023-09-26 13:08:20,online,normal
TX_004647,ACC_0009,ACC_0027,1619.13,2023-03-21 21:28:53,online,normal
TX_004648,ACC_0150,ACC_0127,168.85,2023-10-23 06:24:13,wire,normal
TX_004649,ACC_0048,ACC_0142,196.84,2023-10-27 10:22:35,branch,normal
TX_004650,ACC_0004,ACC_0129,493.33,2023-07-13 06:04:32,branch,normal
TX_004651,ACC_0146,ACC_0082,1207.3,2023-10-20 18:11:31,branch,normal
TX_004652,ACC_0116,ACC_0023,121.43,2023-10-05 10:48:54,branch,normal
TX_004653,ACC_0100,ACC_0082,177.6,2023-03-17 14:01:51,wire,normal
TX_004654,ACC_0139,ACC_0110,75.1,2023-08-05 08:57:13,atm,normal
TX_004655,ACC_0092,ACC_0125,2359.48,2023-06-07 14:10:49,atm,normal
TX_004656,ACC_0023,ACC_0091,18.2,2023-03-18 05:22:29,online,normal
TX_004657,ACC_0137,ACC_0065,80.99,2023-02-15 08:54:21,wire,normal
TX_004658,ACC_0070,ACC_0116,60.16,2023-10-10 13:17:43,branch,normal
TX_004659,ACC_0142,ACC_0134,151.75,2023-08-03 06:18:23,wire,normal
TX_004660,ACC_0089,ACC_0144,1623.64,2023-06-21 09:17:21,online,normal
TX_004661,ACC_0023,ACC_0110,13.65,2023-11-02 10:20:30,branch,normal
TX_004662,ACC_0125,ACC_0102,19.3,2023-04-11 19:19:03,wire,normal
TX_004663,ACC_0021,ACC_0110,1328.11,2023-11-21 00:19:31,online,normal
TX_004664,ACC_0150,ACC_0033,446.82,2023-07-14 08:52:09,online,normal
TX_004665,ACC_0108,ACC_0054,32.61,2023-01-13 08:05:05,branch,normal
TX_004666,ACC_0044,ACC_0076,76.93,2023-05-30 00:34:43,wire,normal
TX_004667,ACC_0083,ACC_0093,102.4,2023-08-27 05:05:11,wire,normal
TX_004668,ACC_0053,ACC_0132,306.14,2023-02-17 20:10:06,online,normal
TX_004669,ACC_0131,ACC_0087,392.1,2023-11-25 09:23:19,wire,normal
TX_004670,ACC_0075,ACC_0103,109.5,2023-10-07 15:31:44,online,normal
TX_004671,ACC_0131,ACC_0114,91.0,2023-03-20 17:41:52,wire,normal
TX_004672,ACC_0092,ACC_0052,131.24,2023-10-02 07:11:05,online,normal
TX_004673,ACC_0092,ACC_0027,100.06,2023-10-25 07:05:26,branch,normal
TX_004674,ACC_0064,ACC_0087,990.33,2023-03-28 05:13:47,online,normal
TX_004675,ACC_0002,ACC_0019,18.9,2023-06-25 06:45:28,branch,normal
TX_004676,ACC_0110,ACC_0114,250.71,2023-11-21 02:25:13,online,normal
TX_004677,ACC_0118,ACC_0084,121.54,2023-01-18 18:44:27,online,normal
TX_004678,ACC_0062,ACC_0109,31.91,2023-01-17 15:32:21,online,normal
TX_004679,ACC_0103,ACC_0112,70.97,2023-02-21 21:51:23,online,normal
TX_004680,ACC_0128,ACC_0137,16.11,2023-01-12 22:52:44,branch,normal
TX_004681,ACC_0042,ACC_0034,61.04,2023-06-05 03:36:28,branch,normal
TX_004682,ACC_0015,ACC_0010,243.63,2023-04-01 19:09:14,online,normal
TX_004683,ACC_0141,ACC_0080,195.74,2023-07-24 22:23:04,online,normal
TX_004684,ACC_0122,ACC_0046,97.75,2023-10-13 12:54:40,branch,normal
TX_004685,ACC_0007,ACC_0101,32.63,2023-02-02 20:19:16,branch,normal
TX_004686,ACC_0005,ACC_0066,97.66,2023-12-05 14:20:04,branch,normal
TX_004687,ACC_0073,ACC_0038,171.56,2023-10-14 14:30:29,branch,normal
TX_004688,ACC_0050,ACC_0002,498.96,2023-07-04 06:27:58,wire,normal
TX_004689,ACC_0116,ACC_0063,25.9,2023-05-17 22:03:11,online,normal
TX_004690,ACC_0063,ACC_0111,224.57,2023-11-10 16:06:40,online,normal
TX_004691,ACC_0052,ACC_0038,95.34,2023-10-14 16:25:21,online,normal
TX_004692,ACC_0037,ACC_0042,64.3,2023-01-31 04:34:33,wire,normal
TX_004693,ACC_0108,ACC_0024,67.85,2023-09-13 06:45:44,atm,normal
TX_004694,ACC_0145,ACC_0093,20.33,2023-02-19 12:14:00,atm,normal
TX_004695,ACC_0029,ACC_0019,270.38,2023-02-14 07:54:55,atm,normal
TX_004696,ACC_0125,ACC_0118,139.04,2023-08-20 00:05:00,online,normal
TX_004697,ACC_0042,ACC_0093,125.42,2023-10-16 21:19:50,atm,normal
TX_004698,ACC_0010,ACC_0145,34.88,2023-01-15 05:16:31,wire,normal
TX_004699,ACC_0017,ACC_0140,333.82,2023-08-11 11:03:38,wire,normal
TX_004700,ACC_0081,ACC_0059,83.5,2023-07-12 04:23:58,wire,normal
TX_004701,ACC_0085,ACC_0019,397.02,2023-05-03 23:42:51,branch,normal
TX_004702,ACC_0112,ACC_0148,48.46,2023-05-03 08:52:06,branch,normal
TX_004703,ACC_0136,ACC_0019,98.0,2023-01-30 19:02:46,online,normal
TX_004704,ACC_0026,ACC_0130,8418.84,2023-11-22 11:37:48,online,smurf
TX_004705,ACC_0055,ACC_0096,172.58,2023-09-29 11:33:14,atm,normal
TX_004706,ACC_0025,ACC_0016,1293.95,2023-11-17 19:22:31,online,normal
TX_004707,ACC_0146,ACC_0134,38.04,2023-07-05 13:51:02,branch,normal
TX_004708,ACC_0149,ACC_0007,597.02,2023-11-05 15:36:09,branch,normal
TX_004709,ACC_0107,ACC_0096,231.1,2023-06-18 08:06:20,atm,normal
TX_004710,ACC_0117,ACC_0041,77.99,2023-02-10 19:44:35,wire,normal
TX_004711,ACC_0099,ACC_0112,775.51,2023-04-24 22:40:25,online,normal
TX_004712,ACC_0059,ACC_0003,25.84,2023-10-25 18:33:37,online,normal
TX_004713,ACC_0081,ACC_0088,226.16,2023-01-31 11:42:37,atm,normal
TX_004714,ACC_0055,ACC_0134,209.64,2023-03-09 07:07:56,branch,normal
TX_004715,ACC_0011,ACC_0138,1239.03,2023-03-15 04:10:55,branch,normal
TX_004716,ACC_0108,ACC_0114,1310.15,2023-04-16 00:35:04,branch,normal
TX_004717,ACC_0132,ACC_0124,534.85,2023-05-22 14:06:37,wire,normal
TX_004718,ACC_0091,ACC_0082,34.69,2023-12-23 18:04:04,online,normal
TX_004719,ACC_0024,ACC_0044,87.74,2023-03-02 17:56:27,branch,normal
TX_004720,ACC_0115,ACC_0036,63.25,2023-10-01 22:43:06,online,normal
TX_004721,ACC_0023,ACC_0019,125.2,2023-02-24 00:24:25,branch,normal
TX_004722,ACC_0088,ACC_0149,13.29,2023-05-29 11:05:40,online,normal
TX_004723,ACC_0096,ACC_0010,97.07,2023-06-01 15:09:09,atm,normal
TX_004724,ACC_0113,ACC_0044,109.92,2023-01-26 17:16:07,branch,normal
TX_004725,ACC_0020,ACC_0079,327.75,2023-09-06 11:03:47,wire,normal
TX_004726,ACC_0008,ACC_0106,77.99,2023-11-23 03:32:44,branch,normal
TX_004727,ACC_0052,ACC_0031,12.31,2023-03-17 15:00:29,online,normal
TX_004728,ACC_0056,ACC_0015,32.36,2023-05-12 07:53:13,wire,normal
TX_004729,ACC_0090,ACC_0122,39.3,2023-07-13 13:48:35,wire,normal
TX_004730,ACC_0009,ACC_0093,17.04,2023-06-29 05:36:46,online,normal
TX_004731,ACC_0092,ACC_0024,9.33,2023-03-04 06:07:44,wire,normal
TX_004732,ACC_0093,ACC_0080,45.35,2023-03-22 19:48:04,online,normal
TX_004733,ACC_0075,ACC_0029,74.52,2023-01-23 15:44:23,online,normal
TX_004734,ACC_0045,ACC_0146,1335.92,2023-11-10 04:52:10,online,normal
TX_004735,ACC_0095,ACC_0070,254.93,2023-03-25 04:14:53,branch,normal
TX_004736,ACC_0012,ACC_0104,181.1,2023-05-12 03:54:01,online,normal
TX_004737,ACC_0014,ACC_0123,38.47,2023-02-19 05:24:40,wire,normal
TX_004738,ACC_0075,ACC_0104,1029.23,2023-07-30 01:00:39,branch,normal
TX_004739,ACC_0077,ACC_0142,108.32,2023-08-02 02:20:19,branch,normal
TX_004740,ACC_0075,ACC_0058,125.23,2023-12-25 07:18:46,atm,normal
TX_004741,ACC_0112,ACC_0105,429.28,2023-04-17 13:43:35,online,normal
TX_004742,ACC_0107,ACC_0116,37.05,2023-06-29 15:51:19,branch,normal
TX_004743,ACC_0115,ACC_0137,219.15,2023-05-09 10:40:04,wire,normal
TX_004744,ACC_0098,ACC_0031,51.5,2023-07-14 22:39:32,atm,normal
TX_004745,ACC_0131,ACC_0126,3057.14,2023-09-13 19:48:22,online,normal
TX_004746,ACC_0136,ACC_0149,174.12,2023-01-31 13:02:19,online,normal
TX_004747,ACC_0148,ACC_0077,28.71,2023-10-21 21:32:10,online,normal
TX_004748,ACC_0097,ACC_0009,283.4,2023-06-04 11:21:57,online,normal
TX_004749,ACC_0124,ACC_0107,494.82,2023-05-02 01:46:14,wire,normal
TX_004750,ACC_0144,ACC_0132,35.17,2023-06-20 17:54:07,wire,normal
TX_004751,ACC_0059,ACC_0141,52.33,2023-01-21 13:54:39,online,normal
TX_004752,ACC_0122,ACC_0070,225.32,2023-09-10 15:52:06,online,normal
TX_004753,ACC_0117,ACC_0032,1214.4,2023-12-20 08:22:50,wire,normal
TX_004754,ACC_0104,ACC_0054,460.56,2023-05-01 23:53:37,online,normal
TX_004755,ACC_0081,ACC_0051,52.44,2023-08-12 10:10:49,wire,normal
TX_004756,ACC_0020,ACC_0073,1377.43,2023-02-07 05:15:33,atm,normal
TX_004757,ACC_0147,ACC_0128,90.36,2023-12-20 08:39:09,online,normal
TX_004758,ACC_0105,ACC_0051,131.85,2023-10-23 19:33:49,branch,normal
TX_004759,ACC_0012,ACC_0090,34.39,2023-04-30 08:17:45,online,normal
TX_004760,ACC_0104,ACC_0016,38.75,2023-11-30 08:38:25,online,normal
TX_004761,ACC_0027,ACC_0113,11.17,2023-06-30 06:47:42,online,normal
TX_004762,ACC_0099,ACC_0076,56.48,2023-01-16 18:55:04,online,normal
TX_004763,ACC_0049,ACC_0010,57.1,2023-10-24 18:05:28,online,normal
TX_004764,ACC_0034,ACC_0013,349.35,2023-03-27 12:21:51,atm,normal
TX_004765,ACC_0016,ACC_0059,817.98,2023-08-22 04:34:06,online,normal
TX_004766,ACC_0007,ACC_0054,435.16,2023-10-22 00:39:50,branch,normal
TX_004767,ACC_0119,ACC_0069,191.6,2023-07-15 09:36:48,online,normal
TX_004768,ACC_0123,ACC_0102,85.12,2023-05-23 15:46:46,branch,normal
TX_004769,ACC_0008,ACC_0096,272.19,2023-11-27 10:14:13,online,normal
TX_004770,ACC_0025,ACC_0033,1094.43,2023-11-15 07:21:52,atm,normal
TX_004771,ACC_0066,ACC_0031,71.57,2023-03-03 16:33:12,wire,normal
TX_004772,ACC_0049,ACC_0103,112.0,2023-02-24 19:38:10,online,normal
TX_004773,ACC_0070,ACC_0113,1321.61,2023-08-12 07:28:09,online,normal
TX_004774,ACC_0147,ACC_0001,249.99,2023-01-16 00:17:53,atm,normal
TX_004775,ACC_0033,ACC_0019,724.44,2023-10-13 10:38:17,wire,normal
TX_004776,ACC_0038,ACC_0142,175.74,2023-07-10 09:11:22,online,normal
TX_004777,ACC_0098,ACC_0141,1379.55,2023-10-28 19:12:32,online,normal
TX_004778,ACC_0025,ACC_0128,35.45,2023-11-13 08:02:25,branch,normal
TX_004779,ACC_0004,ACC_0055,437.93,2023-06-27 03:20:00,online,normal
TX_004780,ACC_0040,ACC_0127,333.92,2023-11-11 15:21:29,wire,normal
TX_004781,ACC_0122,ACC_0024,200.19,2023-04-12 14:09:06,atm,normal
TX_004782,ACC_0148,ACC_0028,142.28,2023-01-02 18:33:18,online,normal
TX_004783,ACC_0024,ACC_0078,393.05,2023-06-22 02:01:03,online,normal
TX_004784,ACC_0064,ACC_0057,730.4,2023-12-11 09:33:09,online,normal
TX_004785,ACC_0063,ACC_0113,88.73,2023-09-23 04:19:12,atm,normal
TX_004786,ACC_0071,ACC_0030,31.86,2023-11-25 23:02:28,wire,normal
TX_004787,ACC_0126,ACC_0057,406.15,2023-08-20 12:13:20,online,normal
TX_004788,ACC_0130,ACC_0127,26.58,2023-05-05 00:44:37,online,normal
TX_004789,ACC_0140,ACC_0055,275.78,2023-01-10 09:58:54,online,normal
TX_004790,ACC_0007,ACC_0092,182.63,2023-11-06 13:45:46,wire,normal
TX_004791,ACC_0027,ACC_0072,85.05,2023-10-17 08:58:35,online,normal
TX_004792,ACC_0046,ACC_0097,35.05,2023-07-05 21:11:20,branch,normal
TX_004793,ACC_0065,ACC_0082,79.22,2023-06-06 18:05:55,branch,normal
TX_004794,ACC_0135,ACC_0105,417.46,2023-06-17 12:06:28,online,normal
TX_004795,ACC_0013,ACC_0051,100.66,2023-07-05 13:26:28,wire,normal
TX_004796,ACC_0107,ACC_0141,173.5,2023-04-02 13:16:32,wire,normal
TX_004797,ACC_0068,ACC_0133,26.48,2023-06-04 07:21:36,online,normal
TX_004798,ACC_0049,ACC_0147,214.54,2023-09-15 09:45:56,wire,normal
TX_004799,ACC_0046,ACC_0073,28.26,2023-10-08 07:28:10,wire,normal
TX_004800,ACC_0096,ACC_0128,412.37,2023-08-15 16:53:20,online,normal
TX_004801,ACC_0053,ACC_0063,106.74,2023-09-27 22:36:01,online,normal
TX_004802,ACC_0096,ACC_0032,214.3,2023-06-14 10:37:08,online,normal
TX_004803,ACC_0061,ACC_0058,1141.04,2023-06-23 08:45:23,atm,normal
TX_004804,ACC_0028,ACC_0132,102.97,2023-03-26 12:31:17,online,normal
TX_004805,ACC_0102,ACC_0056,663.68,2023-08-01 08:25:12,online,normal
TX_004806,ACC_0102,ACC_0093,102.8,2023-12-12 04:00:33,atm,normal
TX_004807,ACC_0116,ACC_0148,476.91,2023-02-25 02:18:43,online,normal
TX_004808,ACC_0113,ACC_0015,469.56,2023-03-13 11:40:38,online,normal
TX_004809,ACC_0018,ACC_0149,154.67,2023-05-31 16:27:17,online,normal
TX_004810,ACC_0059,ACC_0072,234.84,2023-02-16 17:23:40,wire,normal
TX_004811,ACC_0101,ACC_0089,68.93,2023-07-11 23:12:34,branch,normal
TX_004812,ACC_0018,ACC_0035,89.25,2023-10-21 21:10:00,atm,normal
TX_004813,ACC_0008,ACC_0029,329.65,2023-05-23 19:06:49,online,normal
TX_004814,ACC_0077,ACC_0001,250.66,2023-06-27 04:35:44,online,normal
TX_004815,ACC_0069,ACC_0061,529.63,2023-06-11 14:55:57,branch,normal
TX_004816,ACC_0062,ACC_0093,446.3,2023-08-25 03:54:24,branch,normal
TX_004817,ACC_0137,ACC_0149,251.64,2023-06-17 00:47:47,wire,normal
TX_004818,ACC_0115,ACC_0075,91.46,2023-06-17 06:18:51,branch,normal
TX_004819,ACC_0046,ACC_0077,310.97,2023-04-30 17:06:55,online,normal
TX_004820,ACC_0113,ACC_0057,38.49,2023-09-22 08:14:43,wire,normal
TX_004821,ACC_0107,ACC_0093,693.77,2023-03-24 14:55:08,branch,normal
TX_004822,ACC_0050,ACC_0130,115.12,2023-11-05 09:18:18,branch,normal
TX_004823,ACC_0029,ACC_0137,51.73,2023-03-13 23:06:31,online,normal
TX_004824,ACC_0002,ACC_0106,220.14,2023-04-24 05:29:23,branch,normal
TX_004825,ACC_0007,ACC_0029,233.38,2023-09-27 06:42:02,online,normal
TX_004826,ACC_0113,ACC_0014,29.1,2023-05-27 00:09:45,online,normal
TX_004827,ACC_0131,ACC_0111,327.29,2023-07-04 10:52:29,online,normal
TX_004828,ACC_0149,ACC_0060,48.95,2023-06-04 04:58:15,branch,normal
TX_004829,ACC_0066,ACC_0095,15.96,2023-10-28 04:31:51,branch,normal
TX_004830,ACC_0141,ACC_0003,588.27,2023-05-16 19:44:37,online,normal
TX_004831,ACC_0019,ACC_0018,516.97,2023-10-30 09:42:57,branch,normal
TX_004832,ACC_0015,ACC_0105,15.49,2023-05-28 18:28:14,online,normal
TX_004833,ACC_0029,ACC_0102,34.21,2023-10-05 21:32:34,online,normal
TX_004834,ACC_0125,ACC_0076,14.86,2023-12-24 08:06:16,branch,normal
TX_004835,ACC_0074,ACC_0066,38.59,2023-03-07 15:51:00,online,normal
TX_004836,ACC_0039,ACC_0007,145.37,2023-12-14 15:55:43,wire,normal
TX_004837,ACC_0079,ACC_0136,135.72,2023-09-03 08:51:35,online,normal
TX_004838,ACC_0105,ACC_0031,203.21,2023-09-28 09:04:12,online,normal
TX_004839,ACC_0072,ACC_0052,56.68,2023-06-22 12:01:25,branch,normal
TX_004840,ACC_0134,ACC_0082,1120.6,2023-01-28 14:59:56,wire,normal
TX_004841,ACC_0098,ACC_0141,731.98,2023-08-08 02:37:16,wire,normal
TX_004842,ACC_0128,ACC_0142,816.32,2023-07-24 15:44:59,atm,normal
TX_004843,ACC_0094,ACC_0150,691.59,2023-05-19 08:25:19,online,normal
TX_004844,ACC_0102,ACC_0137,34.14,2023-04-04 04:46:06,online,normal
TX_004845,ACC_0041,ACC_0060,219.11,2023-09-13 23:50:11,wire,normal
TX_004846,ACC_0028,ACC_0117,239.73,2023-12-26 15:56:28,atm,normal
TX_004847,ACC_0085,ACC_0010,207.92,2023-12-27 12:07:51,branch,normal
TX_004848,ACC_0118,ACC_0048,69.61,2023-08-05 05:36:16,online,normal
TX_004849,ACC_0038,ACC_0142,138.46,2023-11-15 07:52:11,wire,normal
TX_004850,ACC_0050,ACC_0112,303.91,2023-02-22 19:25:54,online,normal
TX_004851,ACC_0149,ACC_0099,44.43,2023-07-23 16:15:23,branch,normal
TX_004852,ACC_0140,ACC_0094,455.4,2023-06-04 10:43:06,online,normal
TX_004853,ACC_0121,ACC_0074,168.78,2023-03-10 09:26:00,wire,normal
TX_004854,ACC_0052,ACC_0120,315.55,2023-11-30 12:47:36,wire,normal
TX_004855,ACC_0024,ACC_0099,652.63,2023-10-22 17:57:16,branch,normal
TX_004856,ACC_0004,ACC_0103,49.06,2023-09-24 01:24:35,online,normal
TX_004857,ACC_0088,ACC_0074,203.73,2023-01-25 03:41:20,online,normal
TX_004858,ACC_0036,ACC_0085,214.6,2023-11-13 07:51:10,branch,normal
TX_004859,ACC_0144,ACC_0126,57.76,2023-01-30 10:47:05,wire,normal
TX_004860,ACC_0036,ACC_0112,295.11,2023-10-25 04:15:16,online,normal
TX_004861,ACC_0010,ACC_0067,377.24,2023-01-03 06:42:08,online,normal
TX_004862,ACC_0034,ACC_0092,2.28,2023-03-19 13:16:26,wire,normal
TX_004863,ACC_0116,ACC_0097,199.3,2023-12-24 03:41:43,branch,normal
TX_004864,ACC_0077,ACC_0043,235.84,2023-05-18 20:51:46,online,normal
TX_004865,ACC_0058,ACC_0146,63.9,2023-04-29 22:48:53,online,normal
TX_004866,ACC_0108,ACC_0039,83.55,2023-08-18 11:03:37,online,normal
TX_004867,ACC_0081,ACC_0037,361.25,2023-11-19 12:59:45,online,normal
TX_004868,ACC_0115,ACC_0120,92.38,2023-06-21 09:39:52,online,normal
TX_004869,ACC_0027,ACC_0060,463.85,2023-12-08 09:19:43,online,normal
TX_004870,ACC_0056,ACC_0007,61.57,2023-01-27 04:08:04,online,normal
TX_004871,ACC_0079,ACC_0094,99.52,2023-04-01 01:27:08,branch,normal
TX_004872,ACC_0116,ACC_0109,283.38,2023-08-02 01:05:41,branch,normal
TX_004873,ACC_0020,ACC_0043,151.27,2023-05-29 13:06:40,online,normal
TX_004874,ACC_0087,ACC_0111,108.07,2023-08-20 22:27:57,branch,normal
TX_004875,ACC_0061,ACC_0051,220.91,2023-05-04 06:37:23,online,normal
TX_004876,ACC_0023,ACC_0105,553.54,2023-01-24 09:52:46,online,normal
TX_004877,ACC_0054,ACC_0052,247.24,2023-07-07 16:18:01,online,normal
TX_004878,ACC_0029,ACC_0031,124.01,2023-11-08 15:16:24,online,normal
TX_004879,ACC_0061,ACC_0013,18.93,2023-06-03 12:28:32,online,normal
TX_004880,ACC_0094,ACC_0048,1667.15,2023-05-07 17:23:53,online,normal
TX_004881,ACC_0143,ACC_0145,97.34,2023-08-14 19:24:29,wire,normal
TX_004882,ACC_0100,ACC_0066,341.88,2023-03-04 19:24:57,online,normal
TX_004883,ACC_0067,ACC_0060,128.97,2023-02-10 03:45:19,online,normal
TX_004884,ACC_0038,ACC_0097,525.99,2023-12-27 14:16:50,atm,normal
TX_004885,ACC_0052,ACC_0138,206.31,2023-03-10 05:30:54,branch,normal
TX_004886,ACC_0101,ACC_0134,290.01,2023-12-22 07:27:51,online,normal
TX_004887,ACC_0005,ACC_0096,91.5,2023-05-11 20:30:30,online,normal
TX_004888,ACC_0023,ACC_0098,6.73,2023-11-25 22:37:27,online,normal
TX_004889,ACC_0105,ACC_0019,171.07,2023-08-01 09:34:31,atm,normal
TX_004890,ACC_0113,ACC_0062,184.76,2023-11-13 16:02:40,online,normal
TX_004891,ACC_0042,ACC_0112,593.86,2023-07-17 10:02:14,online,normal
TX_004892,ACC_0143,ACC_0039,397.39,2023-06-03 21:22:30,online,normal
TX_004893,ACC_0033,ACC_0020,370.84,2023-03-18 23:08:18,wire,normal
TX_004894,ACC_0060,ACC_0108,238.5,2023-09-26 02:33:29,branch,normal
TX_004895,ACC_0100,ACC_0018,7.65,2023-12-30 02:46:30,branch,normal
TX_004896,ACC_0078,ACC_0075,65.85,2023-04-03 03:05:17,wire,normal
TX_004897,ACC_0041,ACC_0036,769.84,2023-09-02 05:02:53,online,normal
TX_004898,ACC_0019,ACC_0062,1143.34,2023-02-25 02:16:40,wire,normal
TX_004899,ACC_0019,ACC_0040,337.11,2023-02-07 00:46:31,online,normal
TX_004900,ACC_0035,ACC_0107,320.21,2023-04-11 02:43:05,branch,normal
TX_004901,ACC_0010,ACC_0025,77.28,2023-03-16 17:41:39,branch,normal
TX_004902,ACC_0001,ACC_0131,268.06,2023-07-11 17:22:40,online,normal
TX_004903,ACC_0106,ACC_0063,112.92,2023-08-26 07:33:58,wire,normal
TX_004904,ACC_0061,ACC_0106,34.65,2023-01-22 16:29:53,branch,normal
TX_004905,ACC_0082,ACC_0068,561.5,2023-09-20 17:35:16,online,normal
TX_004906,ACC_0024,ACC_0065,23.81,2023-05-20 19:58:03,branch,normal
TX_004907,ACC_0110,ACC_0026,290.16,2023-04-11 01:23:16,wire,normal
TX_004908,ACC_0069,ACC_0015,134.01,2023-01-25 18:33:37,branch,normal
TX_004909,ACC_0096,ACC_0116,246.87,2023-01-23 08:33:51,online,normal
TX_004910,ACC_0052,ACC_0101,373.3,2023-04-16 05:47:13,wire,normal
TX_004911,ACC_0103,ACC_0047,476.82,2023-03-24 21:05:48,branch,normal
TX_004912,ACC_0084,ACC_0044,72.39,2023-08-31 11:17:55,online,normal
TX_004913,ACC_0016,ACC_0022,93.76,2023-09-22 19:28:08,online,normal
TX_004914,ACC_0098,ACC_0040,224.03,2023-06-08 16:17:11,branch,normal
TX_004915,ACC_0081,ACC_0136,307.53,2023-07-28 23:11:57,online,normal
TX_004916,ACC_0113,ACC_0098,245.14,2023-12-25 13:19:38,atm,normal
TX_004917,ACC_0056,ACC_0119,253.51,2023-08-26 18:52:18,wire,normal
TX_004918,ACC_0063,ACC_0080,51.95,2023-06-07 05:40:52,atm,normal
TX_004919,ACC_0096,ACC_0077,425.02,2023-09-07 13:05:50,wire,normal
TX_004920,ACC_0133,ACC_0065,384.84,2023-06-21 20:09:05,online,normal
TX_004921,ACC_0037,ACC_0144,82.34,2023-08-29 07:44:11,online,normal
TX_004922,ACC_0004,ACC_0075,13.35,2023-10-19 03:29:57,branch,normal
TX_004923,ACC_0077,ACC_0055,480.33,2023-08-15 05:29:49,online,normal
TX_004924,ACC_0048,ACC_0059,39.31,2023-04-07 12:30:09,online,normal
TX_004925,ACC_0009,ACC_0079,1860.39,2023-01-28 13:21:50,online,normal
TX_004926,ACC_0008,ACC_0149,812.82,2023-08-24 00:56:58,wire,normal
TX_004927,ACC_0068,ACC_0104,95.92,2023-06-03 03:14:52,online,normal
TX_004928,ACC_0017,ACC_0114,729.06,2023-12-17 13:18:00,online,normal
TX_004929,ACC_0088,ACC_0049,84.58,2023-05-26 06:39:48,online,normal
TX_004930,ACC_0053,ACC_0107,112.07,2023-10-31 19:36:17,branch,normal
TX_004931,ACC_0036,ACC_0133,845.6,2023-09-24 10:07:59,branch,normal
TX_004932,ACC_0001,ACC_0144,16.32,2023-05-02 14:16:30,branch,normal
TX_004933,ACC_0083,ACC_0143,23.33,2023-05-04 23:15:25,online,normal
TX_004934,ACC_0147,ACC_0076,413.55,2023-01-04 00:38:14,online,normal
TX_004935,ACC_0053,ACC_0084,215.56,2023-05-11 03:47:40,wire,normal
TX_004936,ACC_0070,ACC_0093,633.81,2023-01-14 04:26:42,online,normal
TX_004937,ACC_0123,ACC_0114,100.4,2023-10-20 14:01:11,online,normal
TX_004938,ACC_0103,ACC_0145,422.04,2023-02-27 22:01:53,online,normal
TX_004939,ACC_0056,ACC_0054,80.9,2023-11-14 19:35:21,online,normal
TX_004940,ACC_0044,ACC_0130,934.01,2023-10-02 02:11:53,branch,normal
TX_004941,ACC_0047,ACC_0103,529.5,2023-04-04 20:04:41,online,normal
TX_004942,ACC_0014,ACC_0027,77.69,2023-12-19 20:16:31,online,normal
TX_004943,ACC_0016,ACC_0077,471.07,2023-01-25 01:37:40,wire,normal
TX_004944,ACC_0054,ACC_0130,8465.29,2023-10-22 13:04:01,online,smurf
TX_004945,ACC_0024,ACC_0039,506.2,2023-05-04 07:29:25,online,normal
TX_004946,ACC_0001,ACC_0013,677.8,2023-09-22 09:07:38,online,normal
TX_004947,ACC_0056,ACC_0025,125.41,2023-01-23 11:26:45,atm,normal
TX_004948,ACC_0132,ACC_0147,260.7,2023-10-29 08:23:46,online,normal
TX_004949,ACC_0081,ACC_0031,72.47,2023-03-24 13:44:38,online,normal
TX_004950,ACC_0011,ACC_0128,91.68,2023-08-31 14:20:59,online,normal
TX_004951,ACC_0119,ACC_0080,149.68,2023-12-13 01:51:50,branch,normal
TX_004952,ACC_0081,ACC_0106,63.09,2023-01-19 10:53:57,online,normal
TX_004953,ACC_0105,ACC_0048,324.4,2023-11-18 02:31:21,branch,normal
TX_004954,ACC_0093,ACC_0109,27.45,2023-01-07 18:53:02,branch,normal
TX_004955,ACC_0057,ACC_0054,330.1,2023-05-12 09:35:34,online,normal
TX_004956,ACC_0106,ACC_0118,19.6,2023-10-27 18:12:19,online,normal
TX_004957,ACC_0150,ACC_0118,3150.32,2023-07-17 21:54:25,atm,normal
TX_004958,ACC_0108,ACC_0076,210.94,2023-12-01 07:53:50,atm,normal
TX_004959,ACC_0068,ACC_0098,830.66,2023-11-20 16:48:18,online,normal
TX_004960,ACC_0003,ACC_0128,73.28,2023-04-27 13:39:38,online,normal
TX_004961,ACC_0007,ACC_0051,277.32,2023-09-16 06:45:02,online,normal
TX_004962,ACC_0143,ACC_0004,36.15,2023-07-14 19:55:13,branch,normal
TX_004963,ACC_0141,ACC_0057,617.15,2023-11-30 22:58:01,wire,normal
TX_004964,ACC_0112,ACC_0008,67.05,2023-03-12 11:50:14,atm,normal
TX_004965,ACC_0147,ACC_0011,44.39,2023-04-14 16:42:56,atm,normal
TX_004966,ACC_0129,ACC_0006,400.39,2023-10-30 15:43:31,atm,normal
TX_004967,ACC_0022,ACC_0030,37.09,2023-11-08 22:42:38,atm,normal
TX_004968,ACC_0026,ACC_0050,423.0,2023-04-24 20:10:31,wire,normal
TX_004969,ACC_0025,ACC_0147,100.74,2023-07-14 14:13:28,online,normal
TX_004970,ACC_0069,ACC_0132,615.25,2023-03-23 20:46:12,atm,normal
TX_004971,ACC_0096,ACC_0031,85.0,2023-09-19 01:59:56,online,normal
TX_004972,ACC_0055,ACC_0019,1263.35,2023-01-14 12:02:36,branch,normal
TX_004973,ACC_0098,ACC_0121,290.72,2023-12-28 21:49:23,online,normal
TX_004974,ACC_0122,ACC_0052,169.49,2023-04-01 06:34:38,online,normal
TX_004975,ACC_0069,ACC_0108,76.21,2023-06-02 04:02:11,wire,normal
TX_004976,ACC_0039,ACC_0130,1209.9,2023-09-06 08:09:58,branch,normal
TX_004977,ACC_0088,ACC_0046,302.7,2023-10-24 14:58:02,online,normal
TX_004978,ACC_0133,ACC_0130,135.66,2023-11-19 21:21:45,online,normal
TX_004979,ACC_0123,ACC_0067,149.84,2023-01-01 13:53:01,online,normal
TX_004980,ACC_0147,ACC_0058,6.07,2023-11-29 07:41:51,online,normal
TX_004981,ACC_0008,ACC_0001,60.92,2023-01-17 23:32:12,online,normal
TX_004982,ACC_0089,ACC_0119,24.3,2023-06-27 12:07:46,atm,normal
TX_004983,ACC_0112,ACC_0065,504.75,2023-04-25 06:41:21,online,normal
TX_004984,ACC_0077,ACC_0116,227.97,2023-09-10 09:53:21,branch,normal
TX_004985,ACC_0130,ACC_0088,111.12,2023-10-31 15:26:18,branch,normal
TX_004986,ACC_0050,ACC_0124,249.49,2023-11-22 17:55:54,wire,normal
TX_004987,ACC_0134,ACC_0118,122.42,2023-05-26 02:21:55,online,normal
TX_004988,ACC_0101,ACC_0124,272.18,2023-07-24 14:13:51,online,normal
TX_004989,ACC_0092,ACC_0145,181.27,2023-04-15 03:45:10,online,normal
TX_004990,ACC_0129,ACC_0079,115.0,2023-07-26 23:52:58,online,normal
TX_004991,ACC_0078,ACC_0023,672.83,2023-08-15 21:50:59,online,normal
TX_004992,ACC_0025,ACC_0138,843.39,2023-06-27 18:43:51,online,normal
TX_004993,ACC_0013,ACC_0043,102.87,2023-06-28 10:25:02,online,normal
TX_004994,ACC_0140,ACC_0129,64.53,2023-08-16 23:42:44,online,normal
TX_004995,ACC_0020,ACC_0109,116.84,2023-04-10 18:09:22,online,normal
TX_004996,ACC_0065,ACC_0069,312.27,2023-03-30 12:53:49,branch,normal
TX_004997,ACC_0135,ACC_0050,156.98,2023-03-14 09:11:20,online,normal
TX_004998,ACC_0120,ACC_0048,93.94,2023-01-05 02:25:25,online,normal
TX_004999,ACC_0072,ACC_0041,220.14,2023-06-17 04:18:17,online,normal
TX_005000,ACC_0143,ACC_0006,148.37,2023-06-01 23:34:41,online,normal
TX_005001,ACC_0115,ACC_0049,81.2,2023-10-29 21:58:05,online,normal
TX_005002,ACC_0071,ACC_0107,27.82,2023-12-18 17:13:11,branch,normal
TX_005003,ACC_0106,ACC_0098,2334.63,2023-11-01 08:27:06,wire,normal
TX_005004,ACC_0120,ACC_0022,95.54,2023-02-21 03:36:54,branch,normal
TX_005005,ACC_0124,ACC_0079,47.63,2023-08-25 16:40:11,branch,normal
TX_005006,ACC_0018,ACC_0056,207.49,2023-08-22 03:56:57,online,normal
TX_005007,ACC_0068,ACC_0070,148.32,2023-01-09 07:05:05,wire,normal
TX_005008,ACC_0095,ACC_0107,413.85,2023-10-24 22:16:43,online,normal
TX_005009,ACC_0149,ACC_0015,81.78,2023-10-14 00:33:20,branch,normal
TX_005010,ACC_0038,ACC_0068,615.41,2023-07-28 09:59:03,wire,normal
TX_005011,ACC_0015,ACC_0031,909.0,2023-03-20 12:35:48,online,normal
TX_005012,ACC_0109,ACC_0091,56.06,2023-11-18 10:56:19,online,normal
TX_005013,ACC_0044,ACC_0086,52.95,2023-07-12 13:25:09,online,normal
TX_005014,ACC_0149,ACC_0136,98.35,2023-03-28 09:03:59,online,normal
TX_005015,ACC_0102,ACC_0062,366.52,2023-06-12 23:09:54,online,normal
TX_005016,ACC_0057,ACC_0065,113.97,2023-06-17 15:48:09,online,normal
TX_005017,ACC_0065,ACC_0088,22.88,2023-04-13 05:34:28,atm,normal
TX_005018,ACC_0135,ACC_0147,192.4,2023-02-20 07:44:49,online,normal
TX_005019,ACC_0123,ACC_0006,111.57,2023-05-19 21:21:49,online,normal
TX_005020,ACC_0144,ACC_0109,141.92,2023-01-20 07:48:32,atm,normal
TX_005021,ACC_0140,ACC_0048,261.93,2023-08-13 21:36:49,online,normal
TX_005022,ACC_0142,ACC_0120,78.88,2023-10-15 08:12:48,atm,normal
TX_005023,ACC_0082,ACC_0105,361.94,2023-05-12 08:14:51,online,normal
TX_005024,ACC_0014,ACC_0017,153.93,2023-07-13 17:25:42,online,normal
TX_005025,ACC_0099,ACC_0055,553.63,2023-12-10 23:01:40,online,normal
TX_005026,ACC_0034,ACC_0070,155.05,2023-02-25 12:49:35,online,normal
TX_005027,ACC_0107,ACC_0051,166.87,2023-06-30 01:25:32,online,normal
TX_005028,ACC_0002,ACC_0080,1648.61,2023-10-27 01:20:23,online,normal
TX_005029,ACC_0107,ACC_0134,352.8,2023-07-28 03:38:07,branch,normal
TX_005030,ACC_0080,ACC_0013,32.36,2023-08-18 14:42:59,wire,normal
TX_005031,ACC_0001,ACC_0075,704.53,2023-10-08 00:11:32,atm,normal
TX_005032,ACC_0085,ACC_0139,60.38,2023-12-15 02:44:30,online,normal
TX_005033,ACC_0132,ACC_0013,2254.35,2023-08-24 12:10:23,branch,normal
TX_005034,ACC_0004,ACC_0113,68.09,2023-11-12 20:34:08,atm,normal
TX_005035,ACC_0134,ACC_0070,244.52,2023-02-17 07:38:25,online,normal
TX_005036,ACC_0146,ACC_0104,31.53,2023-04-08 04:05:37,wire,normal
TX_005037,ACC_0032,ACC_0095,15.87,2023-11-01 23:15:39,wire,normal
TX_005038,ACC_0019,ACC_0008,264.33,2023-11-28 20:44:17,online,normal
TX_005039,ACC_0123,ACC_0073,21.88,2023-12-23 15:24:42,online,normal
