account_id,name,branch_code,account_type,is_smurf_related,role
ACC_00000,Allison Hill,BR-DEL,SAVINGS,False,normal
ACC_00001,Noah Rhodes,BR-BLR,SAVINGS,False,normal
ACC_00002,Angie Henderson,BR-MUM,SAVINGS,False,normal
ACC_00003,Daniel Wagner,BR-DEL,SAVINGS,False,normal
ACC_00004,Cristian Santos,BR-KOL,CURRENT,False,normal
ACC_00005,Connie Lawrence,BR-DEL,SAVINGS,False,normal
ACC_00006,Abigail Shaffer,BR-DEL,SAVINGS,False,normal
ACC_00007,Gina Moore,BR-MUM,SAVINGS,False,normal
ACC_00008,Gabrielle Davis,BR-KOL,SAVINGS,False,normal
ACC_00009,Ryan Munoz,BR-KOL,CURRENT,False,normal
ACC_00010,Monica Herrera,BR-MUM,CURRENT,False,normal
ACC_00011,Jamie Arnold,BR-KOL,CURRENT,False,normal
ACC_00012,Lisa Hensley,BR-DEL,SAVINGS,False,normal
ACC_00013,Michele Williams,BR-LKO,CURRENT,False,normal
ACC_00014,Dylan Miller,BR-BLR,SAVINGS,False,normal
ACC_00015,Brian Ramirez,BR-MUM,CURRENT,False,normal
ACC_00016,Holly Wood,BR-DEL,SAVINGS,False,normal
ACC_00017,Derek Zuniga,BR-LKO,SAVINGS,False,normal
ACC_00018,Lisa Jackson,BR-BLR,CURRENT,False,normal
ACC_00019,Carla Gray,BR-KOL,CURRENT,False,normal
ACC_00020,Margaret Hawkins DDS,BR-DEL,CURRENT,False,normal
ACC_00021,Patty Perez,BR-KOL,SAVINGS,False,normal
ACC_00022,Ethan Adams,BR-LKO,SAVINGS,False,normal
ACC_00023,Tommy Walter,BR-KOL,CURRENT,False,normal
ACC_00024,Matthew Foster,BR-KOL,CURRENT,False,normal
ACC_00025,Judy Baker,BR-KOL,SAVINGS,False,normal
ACC_00026,Justin Baker,BR-DEL,SAVINGS,False,normal
ACC_00027,Stephanie Ross,BR-MUM,CURRENT,False,normal
ACC_00028,Zachary Hicks,BR-DEL,SAVINGS,False,normal
ACC_00029,Anthony Rodriguez,BR-DEL,CURRENT,False,normal
ACC_00030,Rebecca Henderson,BR-BLR,CURRENT,False,normal
ACC_00031,James Ferrell,BR-BLR,SAVINGS,False,normal
ACC_00032,Tricia Valencia,BR-BLR,CURRENT,False,normal
ACC_00033,Nathan Maldonado,BR-MUM,CURRENT,False,normal
ACC_00034,Debra Davidson,BR-DEL,SAVINGS,False,normal
ACC_00035,Jeffrey Chavez,BR-KOL,SAVINGS,False,normal
ACC_00036,Sherri Baker,BR-MUM,CURRENT,False,normal
ACC_00037,Cassandra Gaines,BR-LKO,CURRENT,False,normal
ACC_00038,Elizabeth Fowler,BR-KOL,SAVINGS,False,normal
ACC_00039,Brittany Farmer,BR-BLR,SAVINGS,False,normal
ACC_00040,Paula Moreno,BR-MUM,SAVINGS,False,normal
ACC_00041,Fred Smith,BR-BLR,CURRENT,False,normal
ACC_00042,Sherry Decker,BR-BLR,SAVINGS,False,normal
ACC_00043,Anthony Humphrey,BR-MUM,CURRENT,False,normal
ACC_00044,Angelica Tucker,BR-MUM,CURRENT,False,normal
ACC_00045,Philip Cannon,BR-LKO,CURRENT,False,normal
ACC_00046,John Pierce,BR-MUM,CURRENT,False,normal
ACC_00047,Shane Henderson,BR-MUM,SAVINGS,False,normal
ACC_00048,Joshua Blair,BR-KOL,CURRENT,False,normal
ACC_00049,Eric Carney,BR-KOL,CURRENT,False,normal
ACC_00050,Jessica Holmes,BR-KOL,CURRENT,False,normal
ACC_00051,Danny Morgan,BR-BLR,SAVINGS,False,normal
ACC_00052,Crystal Robinson,BR-MUM,CURRENT,False,normal
ACC_00053,Mark Perez,BR-DEL,SAVINGS,False,normal
ACC_00054,Shannon Jones,BR-DEL,SAVINGS,False,normal
ACC_00055,Michael Lewis,BR-MUM,CURRENT,False,normal
ACC_00056,Timothy Duncan,BR-KOL,SAVINGS,False,normal
ACC_00057,Richard Aguirre,BR-LKO,CURRENT,False,normal
ACC_00058,Brent Jordan,BR-KOL,CURRENT,False,normal
ACC_00059,John Daniel,BR-KOL,CURRENT,False,normal
ACC_00060,Victoria Garcia,BR-KOL,SAVINGS,False,normal
ACC_00061,Gerald Hensley,BR-DEL,CURRENT,False,normal
ACC_00062,Connor West,BR-BLR,SAVINGS,False,normal
ACC_00063,Donald Wright,BR-BLR,CURRENT,False,normal
ACC_00064,Jessica Callahan,BR-MUM,CURRENT,False,normal
ACC_00065,Amber Kidd,BR-DEL,CURRENT,False,normal
ACC_00066,Tracy House,BR-KOL,SAVINGS,False,normal
ACC_00067,Carol Tucker,BR-KOL,SAVINGS,False,normal
ACC_00068,James Brown,BR-BLR,SAVINGS,False,normal
ACC_00069,William Baker,BR-MUM,CURRENT,False,normal
ACC_00070,Jordan Henderson,BR-MUM,SAVINGS,False,normal
ACC_00071,Whitney Peters,BR-KOL,CURRENT,False,normal
ACC_00072,Brittney Phillips,BR-LKO,SAVINGS,False,normal
ACC_00073,Lauren Daniels,BR-DEL,CURRENT,False,normal
ACC_00074,Amy Silva,BR-BLR,SAVINGS,False,normal
ACC_00075,Sarah Moore,BR-DEL,SAVINGS,False,normal
ACC_00076,Angela Lopez,BR-KOL,SAVINGS,False,normal
ACC_00077,Megan Young,BR-DEL,CURRENT,False,normal
ACC_00078,Steve Sanchez,BR-DEL,SAVINGS,False,normal
ACC_00079,Lisa Barnes,BR-MUM,CURRENT,False,normal
ACC_00080,Kelly Donovan,BR-KOL,SAVINGS,False,normal
ACC_00081,Mike Allen,BR-BLR,CURRENT,False,normal
ACC_00082,Michael Evans,BR-MUM,SAVINGS,False,normal
ACC_00083,Paul Jones,BR-BLR,CURRENT,False,normal
ACC_00084,Zachary Ferrell,BR-BLR,CURRENT,False,normal
ACC_00085,Daniel Baker,BR-KOL,CURRENT,False,normal
ACC_00086,Shirley Suarez,BR-DEL,SAVINGS,False,normal
ACC_00087,Christopher Bass,BR-MUM,SAVINGS,False,normal
ACC_00088,Lisa Archer,BR-BLR,SAVINGS,False,normal
ACC_00089,Aimee Montoya,BR-KOL,SAVINGS,False,normal
ACC_00090,Matthew Mcmillan,BR-KOL,SAVINGS,False,normal
ACC_00091,Brian Rodriguez,BR-DEL,SAVINGS,False,normal
ACC_00092,Denise Jacobs,BR-DEL,SAVINGS,False,normal
ACC_00093,Christina Walters,BR-DEL,SAVINGS,False,normal
ACC_00094,John Whitehead,BR-BLR,SAVINGS,False,normal
ACC_00095,Anna Henderson,BR-KOL,SAVINGS,False,normal
ACC_00096,Aaron Wise,BR-BLR,CURRENT,False,normal
ACC_00097,Deborah Figueroa,BR-MUM,SAVINGS,False,normal
ACC_00098,Jessica Smith,BR-KOL,CURRENT,False,normal
ACC_00099,Stephen Mckee,BR-MUM,CURRENT,False,normal
ACC_00100,Sandra Aguilar,BR-LKO,SAVINGS,False,normal
ACC_00101,Cameron Parker,BR-DEL,SAVINGS,False,normal
ACC_00102,Rebecca Valencia,BR-LKO,CURRENT,False,normal
ACC_00103,Christine Wright,BR-LKO,CURRENT,False,normal
ACC_00104,Richard Henson,BR-LKO,SAVINGS,False,normal
ACC_00105,Marc Moore,BR-DEL,SAVINGS,False,normal
ACC_00106,Sharon Cherry,BR-LKO,CURRENT,False,normal
ACC_00107,Sierra Johnson,BR-DEL,SAVINGS,False,normal
ACC_00108,Evelyn Galvan,BR-MUM,SAVINGS,False,normal
ACC_00109,Sharon Cochran,BR-KOL,CURRENT,False,normal
ACC_00110,Richard Rodriguez,BR-MUM,CURRENT,False,normal
ACC_00111,Shannon Walker,BR-MUM,CURRENT,False,normal
ACC_00112,Julia Torres,BR-LKO,SAVINGS,False,normal
ACC_00113,Crystal Johnson,BR-DEL,CURRENT,False,normal
ACC_00114,Garrett Lin,BR-KOL,SAVINGS,False,normal
ACC_00115,Diana May,BR-DEL,SAVINGS,False,normal
ACC_00116,William Herrera,BR-DEL,SAVINGS,False,normal
ACC_00117,Ashley Waller,BR-MUM,CURRENT,False,normal
ACC_00118,Victor Baker,BR-LKO,CURRENT,False,normal
ACC_00119,Jeffrey Chandler,BR-MUM,CURRENT,False,normal
ACC_00120,Larry Dixon,BR-DEL,SAVINGS,False,normal
ACC_00121,Kenneth Scott,BR-LKO,SAVINGS,False,normal
ACC_00122,April Frost,BR-LKO,CURRENT,False,normal
ACC_00123,Michelle Harmon,BR-LKO,CURRENT,False,normal
ACC_00124,Helen Jones,BR-LKO,CURRENT,False,normal
ACC_00125,Erin Edwards,BR-MUM,SAVINGS,False,normal
ACC_00126,Michelle Evans,BR-BLR,SAVINGS,False,normal
ACC_00127,Jason Powell,BR-DEL,SAVINGS,False,normal
ACC_00128,Cameron Fisher,BR-BLR,SAVINGS,False,normal
ACC_00129,Megan Orr,BR-DEL,CURRENT,False,normal
ACC_00130,Elizabeth Kelley,BR-KOL,SAVINGS,False,normal
ACC_00131,Dustin Jordan,BR-DEL,SAVINGS,False,normal
ACC_00132,Mary Marshall,BR-MUM,SAVINGS,False,normal
ACC_00133,Daniel Kennedy,BR-KOL,SAVINGS,False,normal
ACC_00134,Rebecca Jackson,BR-MUM,CURRENT,False,normal
ACC_00135,Jose Schultz,BR-DEL,SAVINGS,False,normal
ACC_00136,Robert Potter,BR-KOL,SAVINGS,False,normal
ACC_00137,Courtney Gonzalez,BR-KOL,SAVINGS,False,normal
ACC_00138,David Alvarez,BR-LKO,CURRENT,False,normal
ACC_00139,Angel Perry,BR-BLR,SAVINGS,False,normal
ACC_00140,Cheyenne Horton,BR-BLR,SAVINGS,False,normal
ACC_00141,David Douglas Jr.,BR-BLR,CURRENT,False,normal
ACC_00142,Patricia Rodriguez,BR-MUM,CURRENT,False,normal
ACC_00143,Christopher Rubio,BR-LKO,CURRENT,False,normal
ACC_00144,Amber Wright,BR-DEL,SAVINGS,False,normal
ACC_00145,Joyce Solis,BR-LKO,SAVINGS,False,normal
ACC_00146,Victoria Larson,BR-DEL,SAVINGS,False,normal
ACC_00147,Stephanie Salazar,BR-KOL,CURRENT,False,normal
ACC_00148,Kathy Rivas,BR-MUM,CURRENT,False,normal
ACC_00149,Stephanie Manning,BR-DEL,SAVINGS,False,normal
ACC_00150,David Wright,BR-BLR,CURRENT,False,normal
ACC_00151,Pamela Boyd,BR-MUM,CURRENT,False,normal
ACC_00152,Denise Jones,BR-KOL,CURRENT,False,normal
ACC_00153,Devon Flores,BR-KOL,SAVINGS,False,normal
ACC_00154,Brenda Hall,BR-KOL,CURRENT,False,normal
ACC_00155,Michelle Brown,BR-DEL,SAVINGS,False,normal
ACC_00156,Joshua Perry,BR-BLR,SAVINGS,False,normal
ACC_00157,Jason Stein,BR-DEL,SAVINGS,False,normal
ACC_00158,Melissa Gates,BR-BLR,CURRENT,False,normal
ACC_00159,Jamie Smith,BR-KOL,SAVINGS,False,normal
ACC_00160,Paul Castaneda,BR-BLR,SAVINGS,False,normal
ACC_00161,Jennifer Adkins,BR-BLR,CURRENT,False,normal
ACC_00162,Lindsey Walker,BR-BLR,SAVINGS,False,normal
ACC_00163,Jeffrey Johnson,BR-DEL,CURRENT,False,normal
ACC_00164,Michael Powell,BR-BLR,SAVINGS,False,normal
ACC_00165,John Anderson,BR-DEL,CURRENT,False,normal
ACC_00166,Alyssa Long,BR-MUM,CURRENT,False,normal
ACC_00167,Alyssa Day,BR-MUM,CURRENT,False,normal
ACC_00168,Joel Williams,BR-KOL,CURRENT,False,normal
ACC_00169,Daniel Murphy,BR-KOL,SAVINGS,False,normal
ACC_00170,Jamie Walton,BR-DEL,SAVINGS,False,normal
ACC_00171,Darlene Miller,BR-MUM,SAVINGS,False,normal
ACC_00172,Joshua Cooke,BR-BLR,SAVINGS,False,normal
ACC_00173,Matthew Harrington,BR-LKO,SAVINGS,False,normal
ACC_00174,Nicole Herring,BR-DEL,CURRENT,False,normal
ACC_00175,Alex Hernandez,BR-BLR,SAVINGS,False,normal
ACC_00176,Michael Elliott,BR-BLR,SAVINGS,False,normal
ACC_00177,Michael Wang,BR-MUM,SAVINGS,False,normal
ACC_00178,Lawrence Adkins,BR-BLR,CURRENT,False,normal
ACC_00179,Robert Oconnell,BR-KOL,SAVINGS,False,normal
ACC_00180,Alexander Collins,BR-MUM,SAVINGS,False,normal
ACC_00181,Tina Sanders,BR-MUM,CURRENT,False,normal
ACC_00182,Angela Vaughn,BR-DEL,SAVINGS,False,normal
ACC_00183,Ashley Barton,BR-BLR,CURRENT,False,normal
ACC_00184,Lindsay Martinez,BR-MUM,CURRENT,False,normal
ACC_00185,Dr. Hannah Patterson,BR-MUM,SAVINGS,False,normal
ACC_00186,Jonathan Peterson,BR-LKO,SAVINGS,False,normal
ACC_00187,Samantha Garcia,BR-LKO,SAVINGS,False,normal
ACC_00188,Madison Poole,BR-MUM,CURRENT,False,normal
ACC_00189,Jessica Gross,BR-BLR,CURRENT,False,normal
ACC_00190,Debra Morton,BR-MUM,SAVINGS,False,normal
ACC_00191,Karen Graham,BR-DEL,SAVINGS,False,normal
ACC_00192,Debra Christian,BR-LKO,CURRENT,False,normal
ACC_00193,Angelica Keith,BR-BLR,SAVINGS,False,normal
ACC_00194,John Bishop,BR-BLR,CURRENT,False,normal
ACC_00195,Allen Rosales,BR-KOL,CURRENT,False,normal
ACC_00196,Daniel Salinas,BR-KOL,CURRENT,False,normal
ACC_00197,Spencer Haynes,BR-DEL,SAVINGS,False,normal
ACC_00198,Adam Vaughan,BR-BLR,SAVINGS,False,normal
ACC_00199,Nathan Freeman,BR-KOL,CURRENT,False,normal
ACC_00200,Melissa Brewer,BR-DEL,SAVINGS,False,normal
ACC_00201,Ricky Davis II,BR-KOL,CURRENT,False,normal
ACC_00202,Elizabeth Perkins,BR-BLR,CURRENT,False,normal
ACC_00203,Joseph Coleman,BR-LKO,SAVINGS,False,normal
ACC_00204,Erin Warner,BR-LKO,SAVINGS,False,normal
ACC_00205,David Martinez,BR-BLR,SAVINGS,False,normal
ACC_00206,Bryan Herrera,BR-LKO,SAVINGS,False,normal
ACC_00207,Cathy Robinson,BR-KOL,SAVINGS,False,normal
ACC_00208,Dr. William Warren,BR-BLR,CURRENT,False,normal
ACC_00209,Brian Lee,BR-DEL,CURRENT,False,normal
ACC_00210,Christopher Smith,BR-KOL,CURRENT,False,normal
ACC_00211,Denise Mccann,BR-DEL,CURRENT,False,normal
ACC_00212,Melissa Martinez,BR-KOL,CURRENT,False,normal
ACC_00213,Katherine Salas,BR-LKO,CURRENT,False,normal
ACC_00214,Julie Alexander,BR-LKO,CURRENT,False,normal
ACC_00215,Anthony Everett,BR-KOL,SAVINGS,False,normal
ACC_00216,Rodney Morales,BR-MUM,CURRENT,False,normal
ACC_00217,Mark Brown,BR-LKO,SAVINGS,False,normal
ACC_00218,Justin Torres,BR-KOL,CURRENT,False,normal
ACC_00219,Bailey Duran DDS,BR-LKO,SAVINGS,False,normal
ACC_00220,Courtney Mills,BR-BLR,CURRENT,False,normal
ACC_00221,Jeremy Dalton,BR-MUM,CURRENT,False,normal
ACC_00222,Elizabeth Oliver DDS,BR-KOL,CURRENT,False,normal
ACC_00223,Theresa Clark,BR-LKO,CURRENT,False,normal
ACC_00224,Matthew Moore,BR-LKO,SAVINGS,False,normal
ACC_00225,Benjamin Smith,BR-KOL,CURRENT,False,normal
ACC_00226,Kirk Carter,BR-MUM,SAVINGS,False,normal
ACC_00227,Michael Warner,BR-BLR,CURRENT,False,normal
ACC_00228,Michael Bradshaw,BR-DEL,SAVINGS,False,normal
ACC_00229,Lori Guerrero,BR-BLR,SAVINGS,False,normal
ACC_00230,Jessica Stephens,BR-MUM,SAVINGS,False,normal
ACC_00231,Susan Serrano,BR-DEL,SAVINGS,False,normal
ACC_00232,Christopher Parker,BR-MUM,CURRENT,False,normal
ACC_00233,Laura Roberts,BR-KOL,SAVINGS,False,normal
ACC_00234,Michael Lyons,BR-LKO,CURRENT,False,normal
ACC_00235,Kathryn Snyder,BR-KOL,SAVINGS,False,normal
ACC_00236,Andrew Reynolds,BR-LKO,CURRENT,False,normal
ACC_00237,David Davis,BR-LKO,SAVINGS,False,normal
ACC_00238,Sara Johnston,BR-MUM,SAVINGS,False,normal
ACC_00239,Yvonne Chambers,BR-DEL,CURRENT,False,normal
ACC_00240,Andrew Avila,BR-MUM,SAVINGS,False,normal
ACC_00241,Matthew Moon,BR-KOL,CURRENT,False,normal
ACC_00242,Kevin Walters,BR-DEL,SAVINGS,False,normal
ACC_00243,Brandon Bailey MD,BR-DEL,CURRENT,False,normal
ACC_00244,Shannon Rivera,BR-MUM,CURRENT,False,normal
ACC_00245,Donna Landry,BR-KOL,CURRENT,False,normal
ACC_00246,Krista Gibson,BR-LKO,CURRENT,False,normal
ACC_00247,Frank Cordova,BR-KOL,CURRENT,False,normal
ACC_00248,Jose Travis,BR-MUM,CURRENT,False,normal
ACC_00249,Kimberly Gutierrez,BR-LKO,CURRENT,False,normal
ACC_00250,Isaiah Avila,BR-MUM,CURRENT,False,normal
ACC_00251,Olivia Harris,BR-KOL,CURRENT,False,normal
ACC_00252,Tanya Kim,BR-MUM,CURRENT,False,normal
ACC_00253,Barbara Dudley,BR-LKO,SAVINGS,False,normal
ACC_00254,Cynthia Moore,BR-BLR,SAVINGS,False,normal
ACC_00255,Kristen Davis,BR-BLR,CURRENT,False,normal
ACC_00256,Susan Murray MD,BR-BLR,SAVINGS,False,normal
ACC_00257,Kathleen Moran,BR-MUM,SAVINGS,False,normal
ACC_00258,Denise Davenport,BR-MUM,CURRENT,False,normal
ACC_00259,Mrs. Kristen Reyes,BR-MUM,SAVINGS,False,normal
ACC_00260,Katie Suarez,BR-DEL,CURRENT,False,normal
ACC_00261,Desiree Tyler,BR-LKO,CURRENT,False,normal
ACC_00262,Timothy Romero,BR-KOL,CURRENT,False,normal
ACC_00263,Diane Evans,BR-LKO,SAVINGS,False,normal
ACC_00264,Yvonne Burns,BR-MUM,CURRENT,False,normal
ACC_00265,Joshua Reed,BR-LKO,SAVINGS,False,normal
ACC_00266,Kimberly Gibson,BR-KOL,CURRENT,False,normal
ACC_00267,Colin Terry,BR-LKO,SAVINGS,False,normal
ACC_00268,Cynthia Rowe,BR-BLR,CURRENT,False,normal
ACC_00269,Patrick Thornton,BR-LKO,CURRENT,False,normal
ACC_00270,Jasmin Alvarado,BR-KOL,SAVINGS,False,normal
ACC_00271,Veronica Simpson,BR-LKO,SAVINGS,False,normal
ACC_00272,Jonathan Lawrence,BR-BLR,CURRENT,False,normal
ACC_00273,Shelly Alexander,BR-LKO,SAVINGS,False,normal
ACC_00274,Joyce Bowen,BR-LKO,CURRENT,False,normal
ACC_00275,Matthew Moore,BR-LKO,SAVINGS,False,normal
ACC_00276,Wayne Morgan,BR-LKO,SAVINGS,False,normal
ACC_00277,Marie Christian,BR-KOL,SAVINGS,False,normal
ACC_00278,Shannon James,BR-LKO,SAVINGS,False,normal
ACC_00279,Nathan Malone,BR-DEL,CURRENT,False,normal
ACC_00280,Amanda Jones,BR-MUM,CURRENT,False,normal
ACC_00281,Tammie Bright,BR-MUM,SAVINGS,False,normal
ACC_00282,Jessica Garcia,BR-BLR,CURRENT,False,normal
ACC_00283,Shelia Wallace,BR-BLR,SAVINGS,False,normal
ACC_00284,Stephanie Williams,BR-LKO,CURRENT,False,normal
ACC_00285,Elaine Brooks,BR-BLR,CURRENT,False,normal
ACC_00286,Joseph Knight,BR-BLR,CURRENT,False,normal
ACC_00287,Carolyn Miller,BR-BLR,SAVINGS,False,normal
ACC_00288,Lisa Allen,BR-LKO,SAVINGS,False,normal
ACC_00289,Briana Murray,BR-KOL,SAVINGS,False,normal
ACC_00290,David Smith,BR-BLR,SAVINGS,False,normal
ACC_00291,Stephanie Byrd,BR-DEL,SAVINGS,False,normal
ACC_00292,Jeremy Reed,BR-DEL,SAVINGS,False,normal
ACC_00293,Margaret Coleman,BR-MUM,SAVINGS,False,normal
ACC_00294,Ryan Gonzalez,BR-KOL,SAVINGS,False,normal
ACC_00295,John Young,BR-MUM,SAVINGS,False,normal
ACC_00296,Laura Haney,BR-LKO,SAVINGS,False,normal
ACC_00297,William Barrett,BR-KOL,SAVINGS,False,normal
ACC_00298,Keith Jennings,BR-LKO,CURRENT,False,normal
ACC_00299,Amber Obrien,BR-BLR,SAVINGS,False,normal
ACC_00300,Tanner Mitchell DDS,BR-KOL,SAVINGS,False,normal
ACC_00301,Heather Fields,BR-MUM,CURRENT,False,normal
ACC_00302,Megan Le,BR-DEL,SAVINGS,False,normal
ACC_00303,Sara Fuller,BR-BLR,CURRENT,False,normal
ACC_00304,Maria Parker,BR-LKO,SAVINGS,False,normal
ACC_00305,Kevin Oconnor,BR-DEL,SAVINGS,False,normal
ACC_00306,Edward Burgess,BR-DEL,CURRENT,False,normal
ACC_00307,Carlos Ryan,BR-KOL,SAVINGS,False,normal
ACC_00308,Kiara Mcintyre,BR-KOL,SAVINGS,False,normal
ACC_00309,Dawn Summers,BR-BLR,CURRENT,False,normal
ACC_00310,Dr. Paul Morgan,BR-BLR,SAVINGS,False,normal
ACC_00311,Victor Taylor,BR-KOL,CURRENT,False,normal
ACC_00312,Shannon Ramsey,BR-DEL,CURRENT,False,normal
ACC_00313,Tracy Ballard,BR-LKO,SAVINGS,False,normal
ACC_00314,Richard Smith,BR-LKO,CURRENT,False,normal
ACC_00315,Jordan Chambers,BR-LKO,SAVINGS,False,normal
ACC_00316,Lauren Carson,BR-LKO,SAVINGS,False,normal
ACC_00317,Ashley Hall,BR-KOL,CURRENT,False,normal
ACC_00318,Stephen Hoffman,BR-KOL,CURRENT,False,normal
ACC_00319,Connie Brown,BR-LKO,CURRENT,False,normal
ACC_00320,Susan Turner,BR-KOL,CURRENT,False,normal
ACC_00321,Charles Shah,BR-BLR,SAVINGS,False,normal
ACC_00322,Johnathan Davis,BR-DEL,CURRENT,False,normal
ACC_00323,Brandy Chavez,BR-LKO,SAVINGS,False,normal
ACC_00324,Natalie Bautista,BR-LKO,CURRENT,False,normal
ACC_00325,Patrick Moore,BR-BLR,SAVINGS,False,normal
ACC_00326,Brett Burns,BR-LKO,CURRENT,False,normal
ACC_00327,Trevor Johnson,BR-MUM,CURRENT,False,normal
ACC_00328,Jeremy Sampson,BR-MUM,CURRENT,False,normal
ACC_00329,Ariana Jennings,BR-BLR,CURRENT,False,normal
ACC_00330,Vanessa Howard,BR-BLR,CURRENT,False,normal
ACC_00331,Colton Martinez,BR-KOL,SAVINGS,False,normal
ACC_00332,Jordan Bates,BR-KOL,SAVINGS,False,normal
ACC_00333,Linda Smith,BR-DEL,SAVINGS,False,normal
ACC_00334,Dana Martinez,BR-LKO,CURRENT,False,normal
ACC_00335,Andrea Hubbard,BR-KOL,SAVINGS,False,normal
ACC_00336,Daniel Kane,BR-LKO,CURRENT,False,normal
ACC_00337,Charles Lester,BR-LKO,SAVINGS,False,normal
ACC_00338,Scott Thomas,BR-DEL,CURRENT,False,normal
ACC_00339,David Thompson,BR-MUM,CURRENT,False,normal
ACC_00340,Allison Smith,BR-MUM,CURRENT,False,normal
ACC_00341,Cynthia Morris,BR-KOL,CURRENT,False,normal
ACC_00342,Anthony Harmon,BR-LKO,CURRENT,False,normal
ACC_00343,Nichole Alvarez,BR-LKO,CURRENT,False,normal
ACC_00344,Kayla Rodriguez,BR-BLR,CURRENT,False,normal
ACC_00345,Theresa Williams,BR-BLR,CURRENT,False,normal
ACC_00346,Sharon Boyd,BR-BLR,SAVINGS,False,normal
ACC_00347,Victor Brown,BR-DEL,SAVINGS,False,normal
ACC_00348,James Parks,BR-BLR,SAVINGS,False,normal
ACC_00349,Theodore Jones Jr.,BR-KOL,SAVINGS,False,normal
ACC_00350,Ana Hill,BR-MUM,SAVINGS,False,normal
ACC_00351,Kimberly Nguyen,BR-LKO,CURRENT,False,normal
ACC_00352,Kerry Chavez DDS,BR-KOL,CURRENT,False,normal
ACC_00353,Michael Farrell,BR-DEL,SAVINGS,False,normal
ACC_00354,Patricia Le,BR-BLR,SAVINGS,False,normal
ACC_00355,Jesse Perez,BR-BLR,SAVINGS,False,normal
ACC_00356,Jesse Perry,BR-BLR,SAVINGS,False,normal
ACC_00357,Jeffery Ortega,BR-KOL,SAVINGS,False,normal
ACC_00358,Christian Leblanc,BR-BLR,SAVINGS,False,normal
ACC_00359,Ronald Davis,BR-DEL,CURRENT,False,normal
ACC_00360,Parker Cain,BR-MUM,CURRENT,False,normal
ACC_00361,Laurie Hoffman,BR-DEL,SAVINGS,False,normal
ACC_00362,Bryan Gomez,BR-KOL,CURRENT,False,normal
ACC_00363,Nicole Parrish,BR-LKO,CURRENT,False,normal
ACC_00364,Tracy Burke,BR-LKO,CURRENT,False,normal
ACC_00365,Kenneth Lewis,BR-MUM,SAVINGS,False,normal
ACC_00366,Courtney Rodriguez,BR-BLR,CURRENT,False,normal
ACC_00367,Holly Farmer,BR-DEL,SAVINGS,False,normal
ACC_00368,Renee Bruce,BR-LKO,CURRENT,False,normal
ACC_00369,Sabrina Austin,BR-DEL,SAVINGS,False,normal
ACC_00370,Allison Hickman,BR-MUM,SAVINGS,False,normal
ACC_00371,Debra White,BR-KOL,CURRENT,False,normal
ACC_00372,Ellen Morgan,BR-DEL,SAVINGS,False,normal
ACC_00373,Sergio Knight,BR-DEL,CURRENT,False,normal
ACC_00374,Charles Schultz,BR-KOL,SAVINGS,False,normal
ACC_00375,Paul Lewis,BR-KOL,CURRENT,False,normal
ACC_00376,Glen Wood,BR-LKO,CURRENT,False,normal
ACC_00377,Paula Bradley,BR-BLR,CURRENT,False,normal
ACC_00378,Anthony Moore,BR-BLR,SAVINGS,False,normal
ACC_00379,Megan Nelson,BR-KOL,SAVINGS,False,normal
ACC_00380,Karla Ramos,BR-MUM,SAVINGS,False,normal
ACC_00381,Paul Wilson,BR-BLR,SAVINGS,False,normal
ACC_00382,Douglas Gregory,BR-MUM,SAVINGS,False,normal
ACC_00383,Mr. Andrew Foster,BR-MUM,SAVINGS,False,normal
ACC_00384,Aimee Turner,BR-MUM,SAVINGS,False,normal
ACC_00385,Chad Scott,BR-LKO,CURRENT,False,normal
ACC_00386,Adam Burgess,BR-KOL,CURRENT,False,normal
ACC_00387,James Padilla,BR-BLR,SAVINGS,False,normal
ACC_00388,Sandra Drake,BR-MUM,CURRENT,False,normal
ACC_00389,Scott Williams,BR-BLR,CURRENT,False,normal
ACC_00390,Thomas Atkins,BR-DEL,SAVINGS,False,normal
ACC_00391,Laura Mckinney,BR-BLR,SAVINGS,False,normal
ACC_00392,Brian Smith,BR-LKO,SAVINGS,False,normal
ACC_00393,Robert Montgomery,BR-KOL,SAVINGS,False,normal
ACC_00394,Tamara Davis,BR-MUM,CURRENT,False,normal
ACC_00395,Dana Chapman,BR-MUM,SAVINGS,False,normal
ACC_00396,Jennifer Collins,BR-DEL,SAVINGS,False,normal
ACC_00397,Gary Jackson,BR-BLR,CURRENT,False,normal
ACC_00398,Ashley Hicks,BR-LKO,SAVINGS,False,normal
ACC_00399,Hannah Luna,BR-LKO,CURRENT,False,normal
ACC_00400,Robin Young,BR-LKO,CURRENT,False,normal
ACC_00401,Craig Morrison,BR-KOL,CURRENT,False,normal
ACC_00402,Mary Thompson,BR-LKO,SAVINGS,False,normal
ACC_00403,Kathleen Webster,BR-KOL,SAVINGS,False,normal
ACC_00404,Joann Glass,BR-LKO,CURRENT,False,normal
ACC_00405,Madison Weber,BR-KOL,CURRENT,False,normal
ACC_00406,Lori Hernandez,BR-DEL,SAVINGS,False,normal
ACC_00407,Jeremy Turner,BR-MUM,SAVINGS,False,normal
ACC_00408,Anthony Romero,BR-BLR,SAVINGS,False,normal
ACC_00409,Jesse Brown,BR-MUM,CURRENT,False,normal
ACC_00410,Angela Lin,BR-KOL,CURRENT,False,normal
ACC_00411,Lisa Hunter,BR-BLR,SAVINGS,False,normal
ACC_00412,Julian Conner,BR-KOL,CURRENT,False,normal
ACC_00413,Joanna Pacheco,BR-LKO,SAVINGS,False,normal
ACC_00414,Erica Alvarez,BR-LKO,CURRENT,False,normal
ACC_00415,Antonio Garcia,BR-LKO,CURRENT,False,normal
ACC_00416,Gwendolyn Klein,BR-BLR,SAVINGS,False,normal
ACC_00417,Carrie Wright,BR-MUM,CURRENT,False,normal
ACC_00418,Jeffrey Mills,BR-LKO,CURRENT,False,normal
ACC_00419,Jake Campbell,BR-BLR,CURRENT,False,normal
ACC_00420,George Harper,BR-KOL,SAVINGS,False,normal
ACC_00421,Maria Jones,BR-LKO,SAVINGS,False,normal
ACC_00422,Michael Mitchell,BR-BLR,CURRENT,False,normal
ACC_00423,Mary Escobar,BR-BLR,SAVINGS,False,normal
ACC_00424,Felicia Aguilar,BR-LKO,SAVINGS,False,normal
ACC_00425,Gregory Ponce,BR-KOL,CURRENT,False,normal
ACC_00426,Jenna Larson,BR-LKO,SAVINGS,False,normal
ACC_00427,Emily Bennett,BR-MUM,CURRENT,False,normal
ACC_00428,Robin Santiago,BR-KOL,CURRENT,False,normal
ACC_00429,Nancy Jennings,BR-LKO,SAVINGS,False,normal
ACC_00430,Maria Henderson,BR-MUM,CURRENT,False,normal
ACC_00431,Jack White,BR-KOL,SAVINGS,False,normal
ACC_00432,Travis Tucker,BR-BLR,CURRENT,False,normal
ACC_00433,Chad Jones,BR-LKO,SAVINGS,False,normal
ACC_00434,Ashley Wise,BR-DEL,SAVINGS,False,normal
ACC_00435,Sophia Johnson,BR-MUM,CURRENT,False,normal
ACC_00436,Ralph Anderson,BR-KOL,SAVINGS,False,normal
ACC_00437,Christopher Guerra,BR-KOL,CURRENT,False,normal
ACC_00438,Rhonda Martin,BR-DEL,SAVINGS,False,normal
ACC_00439,Jason Rhodes,BR-DEL,CURRENT,False,normal
ACC_00440,Jeremy Mitchell,BR-DEL,SAVINGS,False,normal
ACC_00441,Joann Ferguson,BR-LKO,CURRENT,False,normal
ACC_00442,Robert Harrison,BR-KOL,CURRENT,False,normal
ACC_00443,Holly Valentine,BR-LKO,CURRENT,False,normal
ACC_00444,Mrs. Diane Reyes,BR-LKO,SAVINGS,False,normal
ACC_00445,Tracy Montoya,BR-LKO,SAVINGS,False,normal
ACC_00446,Brenda Wright,BR-LKO,SAVINGS,False,normal
ACC_00447,Shelly Spencer,BR-KOL,SAVINGS,False,normal
ACC_00448,Ryan Rosales,BR-DEL,CURRENT,False,normal
ACC_00449,Phillip Nelson,BR-LKO,CURRENT,False,normal
ACC_00450,Brittany Kim,BR-KOL,CURRENT,False,normal
ACC_00451,Courtney Hayes,BR-DEL,CURRENT,False,normal
ACC_00452,Alexander Brown,BR-BLR,CURRENT,False,normal
ACC_00453,Cynthia Vang,BR-MUM,CURRENT,False,normal
ACC_00454,Alfred Galvan,BR-KOL,CURRENT,False,normal
ACC_00455,Marie Moody,BR-BLR,CURRENT,False,normal
ACC_00456,Dustin Gallegos,BR-KOL,CURRENT,False,normal
ACC_00457,Brenda Thornton,BR-LKO,CURRENT,False,normal
ACC_00458,Aaron Miller,BR-MUM,SAVINGS,False,normal
ACC_00459,Ruben Dunn,BR-KOL,CURRENT,False,normal
ACC_00460,Kelsey Rodriguez,BR-MUM,CURRENT,False,normal
ACC_00461,Eric Williams,BR-DEL,CURRENT,False,normal
ACC_00462,Riley Bryant,BR-LKO,CURRENT,False,normal
ACC_00463,Taylor Carlson,BR-LKO,SAVINGS,False,normal
ACC_00464,Jose Allen,BR-LKO,SAVINGS,False,normal
ACC_00465,Jeffrey Mendez,BR-MUM,CURRENT,False,normal
ACC_00466,Jason Beck,BR-DEL,CURRENT,False,normal
ACC_00467,William Jones,BR-DEL,CURRENT,False,normal
ACC_00468,Katie Mcneil,BR-DEL,SAVINGS,False,normal
ACC_00469,Jeanette Harrison,BR-LKO,SAVINGS,False,normal
ACC_00470,Veronica King,BR-DEL,CURRENT,False,normal
ACC_00471,Richard Cooper,BR-BLR,CURRENT,False,normal
ACC_00472,Lori Ingram,BR-KOL,CURRENT,False,normal
ACC_00473,Evelyn Williams,BR-DEL,CURRENT,False,normal
ACC_00474,Robin Thompson,BR-KOL,CURRENT,False,normal
ACC_00475,Julie Dominguez,BR-BLR,CURRENT,False,normal
ACC_00476,Robin Brown,BR-KOL,SAVINGS,False,normal
ACC_00477,Judith Carter,BR-KOL,SAVINGS,False,normal
ACC_00478,Curtis Williams,BR-MUM,CURRENT,False,normal
ACC_00479,Kaylee Hays,BR-MUM,SAVINGS,False,normal
ACC_00480,Dawn Mullins,BR-LKO,SAVINGS,False,normal
ACC_00481,Howard Norman,BR-DEL,CURRENT,False,normal
ACC_00482,Evelyn Martinez,BR-MUM,CURRENT,False,normal
ACC_00483,Steve Paul,BR-DEL,SAVINGS,False,normal
ACC_00484,Jasmine Beltran,BR-BLR,SAVINGS,False,normal
ACC_00485,Jonathan Glass MD,BR-BLR,CURRENT,False,normal
ACC_00486,Monica Miller,BR-BLR,CURRENT,False,normal
ACC_00487,Samantha Gardner,BR-MUM,SAVINGS,False,normal
ACC_00488,Bobby Guerrero,BR-KOL,CURRENT,False,normal
ACC_00489,Lance Simmons,BR-KOL,SAVINGS,False,normal
ACC_00490,Heather Williams,BR-MUM,SAVINGS,False,normal
ACC_00491,Heather Bolton,BR-DEL,CURRENT,False,normal
ACC_00492,William Gould,BR-KOL,SAVINGS,False,normal
ACC_00493,Mark Cox,BR-LKO,SAVINGS,False,normal
ACC_00494,Meghan Cisneros,BR-MUM,CURRENT,False,normal
ACC_00495,Lawrence Harrington,BR-BLR,CURRENT,False,normal
ACC_00496,Austin Osborne,BR-BLR,SAVINGS,False,normal
ACC_00497,James Bradley,BR-LKO,CURRENT,False,normal
ACC_00498,Meghan Rush,BR-KOL,SAVINGS,False,normal
ACC_00499,Phillip Berry,BR-DEL,CURRENT,False,normal
ACC_00500,Jennifer Banks,BR-BLR,CURRENT,False,normal
ACC_00501,Brian Fitzgerald,BR-LKO,CURRENT,False,normal
ACC_00502,Mr. Justin Green III,BR-LKO,CURRENT,False,normal
ACC_00503,Zachary Mitchell,BR-MUM,CURRENT,False,normal
ACC_00504,Katherine Martinez,BR-LKO,SAVINGS,False,normal
ACC_00505,Jodi Roach,BR-MUM,CURRENT,False,normal
ACC_00506,Brandon Fleming,BR-KOL,CURRENT,False,normal
ACC_00507,Emma Reed,BR-KOL,CURRENT,False,normal
ACC_00508,Joshua Vance,BR-BLR,SAVINGS,False,normal
ACC_00509,Michelle Ho,BR-LKO,CURRENT,False,normal
ACC_00510,Rebecca Hicks,BR-DEL,SAVINGS,False,normal
ACC_00511,Curtis Taylor,BR-KOL,CURRENT,False,normal
ACC_00512,Allison Spencer,BR-BLR,SAVINGS,False,normal
ACC_00513,Robert Arnold,BR-KOL,CURRENT,False,normal
ACC_00514,Angelica Parker,BR-MUM,SAVINGS,False,normal
ACC_00515,Dr. Kelly Hammond DVM,BR-KOL,CURRENT,False,normal
ACC_00516,William Day,BR-MUM,SAVINGS,False,normal
ACC_00517,Michael Cooper,BR-DEL,CURRENT,False,normal
ACC_00518,Penny Bowman,BR-LKO,SAVINGS,False,normal
ACC_00519,Vincent Reynolds,BR-KOL,CURRENT,False,normal
ACC_00520,Amy Martinez,BR-MUM,SAVINGS,False,normal
ACC_00521,Christopher Morris,BR-BLR,CURRENT,False,normal
ACC_00522,Hannah Everett,BR-LKO,SAVINGS,False,normal
ACC_00523,Sarah King,BR-MUM,SAVINGS,False,normal
ACC_00524,Krista Martinez,BR-KOL,CURRENT,False,normal
ACC_00525,Joseph Shaw,BR-KOL,CURRENT,False,normal
ACC_00526,Todd Moore,BR-MUM,CURRENT,False,normal
ACC_00527,Michelle Jacobs,BR-LKO,CURRENT,False,normal
ACC_00528,Kristy Bryan,BR-BLR,SAVINGS,False,normal
ACC_00529,Angel May,BR-LKO,SAVINGS,False,normal
ACC_00530,Marilyn Wang,BR-MUM,SAVINGS,False,normal
ACC_00531,Mark Jimenez,BR-LKO,CURRENT,False,normal
ACC_00532,Donna Frye,BR-DEL,CURRENT,False,normal
ACC_00533,Dr. Michael Evans,BR-DEL,CURRENT,False,normal
ACC_00534,Anthony Gonzales,BR-KOL,SAVINGS,False,normal
ACC_00535,Mr. Lawrence Edwards,BR-LKO,CURRENT,False,normal
ACC_00536,Morgan Valencia,BR-BLR,CURRENT,False,normal
ACC_00537,Bianca Wood,BR-BLR,SAVINGS,False,normal
ACC_00538,Emma Owens,BR-MUM,CURRENT,False,normal
ACC_00539,David Davis,BR-DEL,CURRENT,False,normal
ACC_00540,James Gilbert,BR-KOL,SAVINGS,False,normal
ACC_00541,Sean Moore,BR-DEL,CURRENT,False,normal
ACC_00542,Kenneth Edwards,BR-BLR,CURRENT,False,normal
ACC_00543,Kathleen Robertson,BR-DEL,SAVINGS,False,normal
ACC_00544,Mr. Alexander Landry MD,BR-DEL,SAVINGS,False,normal
ACC_00545,Cindy Gomez,BR-BLR,CURRENT,False,normal
ACC_00546,Johnny Khan,BR-DEL,SAVINGS,False,normal
ACC_00547,Julie Herrera,BR-MUM,SAVINGS,False,normal
ACC_00548,Jessica Khan,BR-LKO,CURRENT,False,normal
ACC_00549,Pamela Diaz,BR-BLR,CURRENT,False,normal
ACC_00550,Kelly Lee,BR-KOL,SAVINGS,False,normal
ACC_00551,Angel Gordon,BR-LKO,SAVINGS,False,normal
ACC_00552,Diana Hays,BR-LKO,CURRENT,False,normal
ACC_00553,Barbara Hester,BR-BLR,SAVINGS,False,normal
ACC_00554,Robert Morgan,BR-BLR,SAVINGS,False,normal
ACC_00555,Nicole Gonzalez,BR-LKO,CURRENT,False,normal
ACC_00556,Kathryn Williams,BR-MUM,CURRENT,False,normal
ACC_00557,Gary Wells,BR-DEL,CURRENT,False,normal
ACC_00558,Larry Robertson,BR-KOL,CURRENT,False,normal
ACC_00559,Louis Martin,BR-DEL,CURRENT,False,normal
ACC_00560,Nancy Evans MD,BR-BLR,SAVINGS,False,normal
ACC_00561,Kim Erickson,BR-DEL,CURRENT,False,normal
ACC_00562,Robert Richardson,BR-DEL,SAVINGS,False,normal
ACC_00563,Veronica Silva,BR-KOL,SAVINGS,False,normal
ACC_00564,Molly Watts,BR-DEL,CURRENT,False,normal
ACC_00565,John Coffey,BR-MUM,SAVINGS,False,normal
ACC_00566,Paula Lane,BR-KOL,SAVINGS,False,normal
ACC_00567,Lauren Jackson,BR-DEL,SAVINGS,False,normal
ACC_00568,Lisa Randall,BR-KOL,SAVINGS,False,normal
ACC_00569,Michael Johnson,BR-MUM,CURRENT,False,normal
ACC_00570,Ashley Smith,BR-MUM,SAVINGS,False,normal
ACC_00571,Christian Vaughn,BR-BLR,SAVINGS,False,normal
ACC_00572,Reginald Knapp,BR-MUM,CURRENT,False,normal
ACC_00573,Nancy Brown,BR-MUM,SAVINGS,False,normal
ACC_00574,Daniel Nguyen,BR-DEL,SAVINGS,False,normal
ACC_00575,Kelly Edwards,BR-DEL,CURRENT,False,normal
ACC_00576,Thomas Peterson,BR-MUM,CURRENT,False,normal
ACC_00577,Raymond Le,BR-DEL,SAVINGS,False,normal
ACC_00578,Melissa Bishop,BR-BLR,SAVINGS,False,normal
ACC_00579,David Grant,BR-MUM,CURRENT,False,normal
ACC_00580,William Evans,BR-KOL,SAVINGS,False,normal
ACC_00581,Daniel Bush,BR-DEL,CURRENT,False,normal
ACC_00582,Gregory Peck,BR-LKO,CURRENT,False,normal
ACC_00583,Denise Martinez,BR-KOL,SAVINGS,False,normal
ACC_00584,Jamie Baird,BR-LKO,SAVINGS,False,normal
ACC_00585,Tina Ballard,BR-KOL,SAVINGS,False,normal
ACC_00586,Dwayne Klein,BR-KOL,CURRENT,False,normal
ACC_00587,Jeremy Scott,BR-LKO,SAVINGS,False,normal
ACC_00588,Dale Ryan,BR-DEL,CURRENT,False,normal
ACC_00589,Melissa Taylor,BR-LKO,CURRENT,False,normal
ACC_00590,Laurie Sanchez,BR-DEL,CURRENT,False,normal
ACC_00591,Kiara Little,BR-LKO,SAVINGS,False,normal
ACC_00592,Jason Love,BR-DEL,CURRENT,False,normal
ACC_00593,Randy Smith,BR-KOL,SAVINGS,False,normal
ACC_00594,Tanya Russell,BR-DEL,SAVINGS,False,normal
ACC_00595,Sherry Woods,BR-BLR,CURRENT,False,normal
ACC_00596,Victor Morris,BR-LKO,CURRENT,False,normal
ACC_00597,Susan Davis,BR-LKO,CURRENT,False,normal
ACC_00598,Kimberly Sharp,BR-DEL,SAVINGS,False,normal
ACC_00599,Susan Thompson,BR-KOL,SAVINGS,False,normal
ACC_00600,Casey Gillespie,BR-LKO,CURRENT,False,normal
ACC_00601,Jennifer Simpson DVM,BR-MUM,CURRENT,False,normal
ACC_00602,Tammy Mcdowell,BR-BLR,CURRENT,False,normal
ACC_00603,Keith Rodriguez,BR-LKO,CURRENT,False,normal
ACC_00604,Mrs. Virginia Daniels,BR-DEL,CURRENT,False,normal
ACC_00605,Todd Rosales MD,BR-LKO,CURRENT,False,normal
ACC_00606,Brian Martin,BR-BLR,CURRENT,False,normal
ACC_00607,David Lopez,BR-MUM,CURRENT,False,normal
ACC_00608,Rachel Bradley,BR-DEL,SAVINGS,False,normal
ACC_00609,Casey Chase,BR-DEL,SAVINGS,False,normal
ACC_00610,Samantha Robertson,BR-LKO,SAVINGS,False,normal
ACC_00611,Michael Lopez,BR-BLR,SAVINGS,False,normal
ACC_00612,Franklin Wright,BR-KOL,SAVINGS,False,normal
ACC_00613,David Molina,BR-KOL,CURRENT,False,normal
ACC_00614,Elizabeth Sharp,BR-DEL,CURRENT,False,normal
ACC_00615,Matthew Schwartz,BR-BLR,CURRENT,False,normal
ACC_00616,Bryan Parker,BR-DEL,CURRENT,False,normal
ACC_00617,Jonathan Jacobson,BR-KOL,CURRENT,False,normal
ACC_00618,Emily Wilson,BR-BLR,SAVINGS,False,normal
ACC_00619,Elizabeth Mendez,BR-KOL,SAVINGS,False,normal
ACC_00620,Casey Hernandez,BR-MUM,CURRENT,False,normal
ACC_00621,Lisa Perry,BR-MUM,SAVINGS,False,normal
ACC_00622,Kaitlin Medina,BR-BLR,CURRENT,False,normal
ACC_00623,Colleen Wright,BR-DEL,CURRENT,False,normal
ACC_00624,Shelley Miller,BR-KOL,SAVINGS,False,normal
ACC_00625,Michael Miller,BR-LKO,SAVINGS,False,normal
ACC_00626,Amy Kelley,BR-KOL,CURRENT,False,normal
ACC_00627,Laura Hernandez,BR-DEL,SAVINGS,False,normal
ACC_00628,Joseph Wilson,BR-BLR,CURRENT,False,normal
ACC_00629,Kevin Davis,BR-BLR,CURRENT,False,normal
ACC_00630,Rhonda Chavez,BR-DEL,SAVINGS,False,normal
ACC_00631,Joyce Brown,BR-MUM,CURRENT,False,normal
ACC_00632,Robert Cummings,BR-DEL,SAVINGS,False,normal
ACC_00633,Robert Reese,BR-DEL,SAVINGS,False,normal
ACC_00634,Amber Cooper,BR-KOL,SAVINGS,False,normal
ACC_00635,Zachary Michael,BR-LKO,CURRENT,False,normal
ACC_00636,Timothy Johnson,BR-LKO,CURRENT,False,normal
ACC_00637,Randy Cannon,BR-MUM,CURRENT,False,normal
ACC_00638,Maria Fisher,BR-BLR,CURRENT,False,normal
ACC_00639,Janet Kane DVM,BR-KOL,SAVINGS,False,normal
ACC_00640,Michael Stanley,BR-DEL,SAVINGS,False,normal
ACC_00641,Martha Bailey,BR-MUM,SAVINGS,False,normal
ACC_00642,Joshua Rice,BR-DEL,CURRENT,False,normal
ACC_00643,Courtney Smith,BR-LKO,CURRENT,False,normal
ACC_00644,Edwin Nunez,BR-LKO,CURRENT,False,normal
ACC_00645,Kim Morrow,BR-LKO,CURRENT,False,normal
ACC_00646,Gregory Hill,BR-MUM,SAVINGS,False,normal
ACC_00647,Molly Rodriguez,BR-BLR,CURRENT,False,normal
ACC_00648,Jennifer Miranda,BR-DEL,CURRENT,False,normal
ACC_00649,Alexis Harris,BR-KOL,CURRENT,False,normal
ACC_00650,Andrew Harper,BR-KOL,CURRENT,False,normal
ACC_00651,Amber Yang,BR-DEL,SAVINGS,False,normal
ACC_00652,David Robinson,BR-LKO,SAVINGS,False,normal
ACC_00653,Amy Gordon,BR-DEL,SAVINGS,False,normal
ACC_00654,Robert Dennis,BR-BLR,SAVINGS,False,normal
ACC_00655,Kyle Chambers,BR-MUM,CURRENT,False,normal
ACC_00656,Eric Thomas,BR-BLR,CURRENT,False,normal
ACC_00657,Connie Turner,BR-DEL,SAVINGS,False,normal
ACC_00658,Travis Hobbs,BR-LKO,CURRENT,False,normal
ACC_00659,Lori Simmons,BR-MUM,SAVINGS,False,normal
ACC_00660,William David DDS,BR-LKO,SAVINGS,False,normal
ACC_00661,Emma Butler,BR-KOL,CURRENT,False,normal
ACC_00662,James Webster,BR-DEL,CURRENT,False,normal
ACC_00663,Samuel Turner,BR-DEL,CURRENT,False,normal
ACC_00664,Renee Melendez,BR-DEL,CURRENT,False,normal
ACC_00665,Tracy Grant,BR-DEL,CURRENT,False,normal
ACC_00666,David Harris,BR-KOL,CURRENT,False,normal
ACC_00667,Tammy Boone,BR-KOL,CURRENT,False,normal
ACC_00668,Nathaniel Lee,BR-LKO,CURRENT,False,normal
ACC_00669,Michael Morrison,BR-DEL,CURRENT,False,normal
ACC_00670,Chelsea Gill,BR-DEL,CURRENT,False,normal
ACC_00671,Kristin Mendoza,BR-MUM,CURRENT,False,normal
ACC_00672,Felicia Krueger,BR-BLR,SAVINGS,False,normal
ACC_00673,Timothy Hayden,BR-LKO,SAVINGS,False,normal
ACC_00674,Zachary Mendoza,BR-MUM,CURRENT,False,normal
ACC_00675,Larry Harris,BR-KOL,CURRENT,False,normal
ACC_00676,Kristen Rowe,BR-KOL,SAVINGS,False,normal
ACC_00677,Joseph Howard,BR-LKO,CURRENT,False,normal
ACC_00678,Jose Crawford,BR-BLR,SAVINGS,False,normal
ACC_00679,William Harrison,BR-BLR,SAVINGS,False,normal
ACC_00680,Suzanne Wood,BR-DEL,SAVINGS,False,normal
ACC_00681,Justin Walker,BR-KOL,SAVINGS,False,normal
ACC_00682,Dean Donovan,BR-BLR,CURRENT,False,normal
ACC_00683,Jennifer Hernandez,BR-MUM,SAVINGS,False,normal
ACC_00684,James Whitaker,BR-DEL,SAVINGS,False,normal
ACC_00685,Mr. Michael Scott PhD,BR-BLR,SAVINGS,False,normal
ACC_00686,Maria Henry,BR-MUM,SAVINGS,False,normal
ACC_00687,Robert Jackson,BR-DEL,SAVINGS,False,normal
ACC_00688,Katherine Stark,BR-LKO,CURRENT,False,normal
ACC_00689,Maria Brown,BR-KOL,CURRENT,False,normal
ACC_00690,Ryan Landry,BR-KOL,CURRENT,False,normal
ACC_00691,Pamela Gutierrez,BR-BLR,SAVINGS,False,normal
ACC_00692,Crystal Mann,BR-LKO,SAVINGS,False,normal
ACC_00693,Jonathan Brooks,BR-LKO,CURRENT,False,normal
ACC_00694,Mary Jensen,BR-BLR,CURRENT,False,normal
ACC_00695,Mr. Aaron Arnold,BR-KOL,SAVINGS,False,normal
ACC_00696,Joseph Hill,BR-BLR,SAVINGS,False,normal
ACC_00697,Alicia Li,BR-BLR,CURRENT,False,normal
ACC_00698,Renee Browning,BR-LKO,SAVINGS,False,normal
ACC_00699,Brent Hernandez,BR-DEL,CURRENT,False,normal
ACC_00700,Joseph Ochoa,BR-BLR,SAVINGS,False,normal
ACC_00701,James Watson,BR-DEL,CURRENT,False,normal
ACC_00702,Karl Branch,BR-LKO,SAVINGS,False,normal
ACC_00703,Michael Abbott,BR-LKO,SAVINGS,False,normal
ACC_00704,Shannon Malone,BR-BLR,CURRENT,False,normal
ACC_00705,James Tran,BR-KOL,SAVINGS,False,normal
ACC_00706,Adam Jackson,BR-DEL,CURRENT,False,normal
ACC_00707,Mr. Richard Knight PhD,BR-DEL,CURRENT,False,normal
ACC_00708,Joseph Williams,BR-DEL,SAVINGS,False,normal
ACC_00709,Sean Clay,BR-DEL,SAVINGS,False,normal
ACC_00710,Anthony Jones,BR-LKO,CURRENT,False,normal
ACC_00711,Stephanie Elliott,BR-KOL,SAVINGS,False,normal
ACC_00712,Timothy Edwards,BR-BLR,CURRENT,False,normal
ACC_00713,Laurie Goodwin,BR-BLR,CURRENT,False,normal
ACC_00714,Jennifer Jones,BR-LKO,CURRENT,False,normal
ACC_00715,David Davenport,BR-KOL,SAVINGS,False,normal
ACC_00716,Steven Rivera,BR-BLR,SAVINGS,False,normal
ACC_00717,Brenda Hinton,BR-BLR,SAVINGS,False,normal
ACC_00718,Kathryn Mccann,BR-KOL,CURRENT,False,normal
ACC_00719,Jeffrey Roberson,BR-BLR,CURRENT,False,normal
ACC_00720,Randy Friedman,BR-KOL,SAVINGS,False,normal
ACC_00721,Raymond Johnson,BR-BLR,SAVINGS,False,normal
ACC_00722,Willie Henry,BR-KOL,SAVINGS,False,normal
ACC_00723,Todd Reynolds,BR-BLR,CURRENT,False,normal
ACC_00724,Mary Miller,BR-LKO,SAVINGS,False,normal
ACC_00725,Rebecca Marquez,BR-KOL,SAVINGS,False,normal
ACC_00726,Christian Dawson,BR-BLR,CURRENT,False,normal
ACC_00727,Nancy Stewart,BR-BLR,SAVINGS,False,normal
ACC_00728,Aaron Parker,BR-KOL,SAVINGS,False,normal
ACC_00729,Derrick Anderson,BR-LKO,CURRENT,False,normal
ACC_00730,Jerry Peters,BR-DEL,CURRENT,False,normal
ACC_00731,Alexander Gomez,BR-BLR,SAVINGS,False,normal
ACC_00732,Kyle Nguyen,BR-MUM,CURRENT,False,normal
ACC_00733,Edgar Hughes,BR-LKO,SAVINGS,False,normal
ACC_00734,Steven Stein,BR-MUM,SAVINGS,False,normal
ACC_00735,Laura Jackson,BR-MUM,SAVINGS,False,normal
ACC_00736,Charles Turner,BR-BLR,SAVINGS,False,normal
ACC_00737,Arthur Hamilton MD,BR-KOL,SAVINGS,False,normal
ACC_00738,Mr. David Wright,BR-BLR,SAVINGS,False,normal
ACC_00739,Linda Gonzalez,BR-KOL,CURRENT,False,normal
ACC_00740,Eric Rush,BR-MUM,SAVINGS,False,normal
ACC_00741,Manuel Brock,BR-MUM,SAVINGS,False,normal
ACC_00742,George Ochoa,BR-LKO,SAVINGS,False,normal
ACC_00743,Valerie Taylor,BR-LKO,CURRENT,False,normal
ACC_00744,Travis Harris,BR-MUM,CURRENT,False,normal
ACC_00745,Vincent Novak,BR-KOL,CURRENT,False,normal
ACC_00746,Michael Henry,BR-LKO,SAVINGS,False,normal
ACC_00747,Dana Bennett,BR-KOL,SAVINGS,False,normal
ACC_00748,Jenna Wilson,BR-BLR,CURRENT,False,normal
ACC_00749,Leslie Gardner,BR-MUM,CURRENT,False,normal
ACC_00750,Krista Benton,BR-KOL,CURRENT,False,normal
ACC_00751,Michael Gonzales,BR-LKO,CURRENT,False,normal
ACC_00752,Michael Fuentes,BR-LKO,CURRENT,False,normal
ACC_00753,Jennifer Porter,BR-MUM,SAVINGS,False,normal
ACC_00754,Dana Hopkins,BR-KOL,SAVINGS,False,normal
ACC_00755,Rachel Jones,BR-BLR,SAVINGS,False,normal
ACC_00756,Karen Morales DDS,BR-LKO,CURRENT,False,normal
ACC_00757,Melissa Stephens,BR-KOL,SAVINGS,False,normal
ACC_00758,Heather Woodard,BR-KOL,SAVINGS,False,normal
ACC_00759,Margaret Miller,BR-BLR,SAVINGS,False,normal
ACC_00760,Mary Kelly,BR-MUM,CURRENT,False,normal
ACC_00761,Amanda Terrell,BR-LKO,SAVINGS,False,normal
ACC_00762,Jennifer Goodwin,BR-LKO,SAVINGS,False,normal
ACC_00763,Jessica Smith,BR-MUM,CURRENT,False,normal
ACC_00764,Jorge Stone,BR-BLR,SAVINGS,False,normal
ACC_00765,Laura Griffin,BR-LKO,SAVINGS,False,normal
ACC_00766,Raymond Chapman,BR-LKO,CURRENT,False,normal
ACC_00767,Haley Johnson,BR-MUM,CURRENT,False,normal
ACC_00768,Jason Nixon,BR-DEL,CURRENT,False,normal
ACC_00769,Todd Thomas,BR-MUM,SAVINGS,False,normal
ACC_00770,Jesse Clark,BR-BLR,SAVINGS,False,normal
ACC_00771,Mr. Jeffrey Horton,BR-BLR,SAVINGS,False,normal
ACC_00772,Eric Patrick,BR-MUM,SAVINGS,False,normal
ACC_00773,Samuel Wong,BR-BLR,CURRENT,False,normal
ACC_00774,Carly Riggs,BR-MUM,CURRENT,False,normal
ACC_00775,Christopher Moore,BR-LKO,SAVINGS,False,normal
ACC_00776,Tina Hall,BR-DEL,SAVINGS,False,normal
ACC_00777,Cody Davidson,BR-BLR,SAVINGS,False,normal
ACC_00778,Allen Mendez,BR-MUM,CURRENT,False,normal
ACC_00779,Kevin Price,BR-DEL,CURRENT,False,normal
ACC_00780,Christine Goodwin,BR-MUM,CURRENT,False,normal
ACC_00781,Amy Garcia,BR-DEL,SAVINGS,False,normal
ACC_00782,Chelsea Nguyen,BR-MUM,CURRENT,False,normal
ACC_00783,Dennis Huffman,BR-KOL,CURRENT,False,normal
ACC_00784,Margaret Harper,BR-DEL,SAVINGS,False,normal
ACC_00785,Laurie Bailey,BR-LKO,SAVINGS,False,normal
ACC_00786,Lisa Cervantes,BR-KOL,SAVINGS,False,normal
ACC_00787,Elizabeth Mendez,BR-MUM,CURRENT,False,normal
ACC_00788,Cesar Wilson,BR-LKO,SAVINGS,False,normal
ACC_00789,Clayton Steele,BR-KOL,CURRENT,False,normal
ACC_00790,Jennifer Taylor,BR-MUM,CURRENT,False,normal
ACC_00791,Cody Reid,BR-MUM,SAVINGS,False,normal
ACC_00792,Maria Cooke,BR-KOL,CURRENT,False,normal
ACC_00793,Katherine Taylor,BR-DEL,SAVINGS,False,normal
ACC_00794,Jerry Brown,BR-LKO,CURRENT,False,normal
ACC_00795,Adam Taylor,BR-DEL,CURRENT,False,normal
ACC_00796,Tracey Wagner,BR-BLR,CURRENT,False,normal
ACC_00797,Michael Perry PhD,BR-DEL,CURRENT,False,normal
ACC_00798,Bradley Johnson DDS,BR-DEL,CURRENT,False,normal
ACC_00799,Donald Medina,BR-MUM,SAVINGS,False,normal
ACC_00800,Jim Newton,BR-KOL,CURRENT,False,normal
ACC_00801,Krista Wilson,BR-MUM,SAVINGS,False,normal
ACC_00802,Reginald Morrow,BR-BLR,CURRENT,False,normal
ACC_00803,Rodney Williams,BR-MUM,CURRENT,False,normal
ACC_00804,Kimberly Fritz,BR-LKO,SAVINGS,False,normal
ACC_00805,Ronald Potter,BR-MUM,SAVINGS,False,normal
ACC_00806,Zachary Cole,BR-LKO,SAVINGS,False,normal
ACC_00807,Robert Gonzales,BR-BLR,SAVINGS,False,normal
ACC_00808,Patricia Young PhD,BR-DEL,SAVINGS,False,normal
ACC_00809,Heather Page,BR-DEL,CURRENT,False,normal
ACC_00810,Carol Taylor,BR-BLR,CURRENT,False,normal
ACC_00811,Daniel Brown,BR-KOL,CURRENT,False,normal
ACC_00812,Douglas Ryan,BR-BLR,SAVINGS,False,normal
ACC_00813,Michael Roberts,BR-MUM,CURRENT,False,normal
ACC_00814,Scott Duke,BR-BLR,SAVINGS,False,normal
ACC_00815,Anna Estes,BR-BLR,CURRENT,False,normal
ACC_00816,Tamara Riddle,BR-DEL,CURRENT,False,normal
ACC_00817,Beth Cline,BR-LKO,CURRENT,False,normal
ACC_00818,Michael Poole,BR-LKO,CURRENT,False,normal
ACC_00819,Megan Burns,BR-BLR,SAVINGS,False,normal
ACC_00820,Debra Perry,BR-LKO,CURRENT,False,normal
ACC_00821,Mark Beard,BR-BLR,CURRENT,False,normal
ACC_00822,Jose Ramirez,BR-DEL,CURRENT,False,normal
ACC_00823,Jackie Clements,BR-DEL,CURRENT,False,normal
ACC_00824,Aaron Schroeder,BR-KOL,SAVINGS,False,normal
ACC_00825,Monica Ellis,BR-KOL,CURRENT,False,normal
ACC_00826,Heather Brown,BR-BLR,SAVINGS,False,normal
ACC_00827,Claudia Jordan,BR-DEL,CURRENT,False,normal
ACC_00828,Derrick Clayton,BR-BLR,CURRENT,False,normal
ACC_00829,Kenneth Knight,BR-LKO,CURRENT,False,normal
ACC_00830,Mr. Michael Williams,BR-MUM,CURRENT,False,normal
ACC_00831,Richard Stevens,BR-BLR,CURRENT,False,normal
ACC_00832,Scott Alexander,BR-DEL,CURRENT,False,normal
ACC_00833,Tyler Harris,BR-KOL,CURRENT,False,normal
ACC_00834,Bonnie Santos,BR-BLR,SAVINGS,False,normal
ACC_00835,Timothy Hill,BR-DEL,CURRENT,False,normal
ACC_00836,Danielle Watson,BR-BLR,SAVINGS,False,normal
ACC_00837,Carol Sanders,BR-DEL,SAVINGS,False,normal
ACC_00838,Michael Young,BR-KOL,CURRENT,False,normal
ACC_00839,Michele Smith,BR-DEL,SAVINGS,False,normal
ACC_00840,Casey Perez,BR-DEL,SAVINGS,False,normal
ACC_00841,Alexandra Dominguez,BR-BLR,CURRENT,False,normal
ACC_00842,Virginia Henderson,BR-LKO,SAVINGS,False,normal
ACC_00843,Benjamin Reyes,BR-KOL,SAVINGS,False,normal
ACC_00844,Ashley Edwards,BR-LKO,CURRENT,False,normal
ACC_00845,Breanna Ayala,BR-BLR,CURRENT,False,normal
ACC_00846,Brandi Haney,BR-DEL,SAVINGS,False,normal
ACC_00847,Joseph Smith,BR-KOL,CURRENT,False,normal
ACC_00848,Jessica Bowen,BR-LKO,CURRENT,False,normal
ACC_00849,Brittany Jenkins,BR-BLR,SAVINGS,False,normal
ACC_00850,Shannon Miller,BR-DEL,SAVINGS,False,normal
ACC_00851,Paul Lawrence,BR-MUM,CURRENT,False,normal
ACC_00852,Victor Edwards,BR-KOL,CURRENT,False,normal
ACC_00853,Donald Miller,BR-KOL,SAVINGS,False,normal
ACC_00854,Lindsay Lawson,BR-BLR,CURRENT,False,normal
ACC_00855,Melissa Abbott,BR-LKO,SAVINGS,False,normal
ACC_00856,Elizabeth Holmes,BR-KOL,CURRENT,False,normal
ACC_00857,Nicole Phillips,BR-LKO,SAVINGS,False,normal
ACC_00858,Steven Blevins,BR-DEL,SAVINGS,False,normal
ACC_00859,Brian Porter MD,BR-DEL,CURRENT,False,normal
ACC_00860,Vanessa Hatfield,BR-MUM,CURRENT,False,normal
ACC_00861,Bonnie Valencia,BR-DEL,CURRENT,False,normal
ACC_00862,Holly Vega,BR-BLR,SAVINGS,False,normal
ACC_00863,Tiffany Townsend,BR-KOL,CURRENT,False,normal
ACC_00864,Austin Baker,BR-BLR,SAVINGS,False,normal
ACC_00865,Antonio Mccormick,BR-MUM,CURRENT,False,normal
ACC_00866,Lori Mason,BR-KOL,SAVINGS,False,normal
ACC_00867,Michael Miller,BR-DEL,SAVINGS,False,normal
ACC_00868,Lisa Ramirez,BR-MUM,SAVINGS,False,normal
ACC_00869,Jorge Harris,BR-LKO,SAVINGS,False,normal
ACC_00870,Kimberly Myers,BR-BLR,CURRENT,False,normal
ACC_00871,Sandra Becker,BR-LKO,SAVINGS,False,normal
ACC_00872,Michael Blair,BR-KOL,SAVINGS,False,normal
ACC_00873,Amy Miller,BR-DEL,CURRENT,False,normal
ACC_00874,Jesse Lynch,BR-LKO,CURRENT,False,normal
ACC_00875,Patrick Yang,BR-KOL,CURRENT,False,normal
ACC_00876,Michael Miles,BR-LKO,SAVINGS,False,normal
ACC_00877,Troy Mills,BR-MUM,CURRENT,False,normal
ACC_00878,Michelle Jackson,BR-DEL,CURRENT,False,normal
ACC_00879,Richard Adams,BR-LKO,CURRENT,False,normal
ACC_00880,Patricia Johnson,BR-MUM,SAVINGS,False,normal
ACC_00881,Denise Brown,BR-MUM,CURRENT,False,normal
ACC_00882,Laura Jones,BR-KOL,SAVINGS,False,normal
ACC_00883,Ian Porter,BR-DEL,SAVINGS,False,normal
ACC_00884,Holly Scott,BR-BLR,SAVINGS,False,normal
ACC_00885,Kenneth Sharp,BR-MUM,CURRENT,False,normal
ACC_00886,Jordan Williams,BR-MUM,CURRENT,False,normal
ACC_00887,Dana Ruiz,BR-KOL,CURRENT,False,normal
ACC_00888,Chris Velazquez,BR-DEL,CURRENT,False,normal
ACC_00889,Kristen Sloan,BR-MUM,CURRENT,False,normal
ACC_00890,Jennifer Morris,BR-MUM,CURRENT,False,normal
ACC_00891,Nathan Nelson,BR-KOL,SAVINGS,False,normal
ACC_00892,Jake Shaw,BR-KOL,SAVINGS,False,normal
ACC_00893,Cassie Brock,BR-KOL,SAVINGS,False,normal
ACC_00894,Dr. Andrea Marshall,BR-MUM,CURRENT,False,normal
ACC_00895,Ryan Murphy,BR-KOL,SAVINGS,False,normal
ACC_00896,Aimee Gonzalez,BR-DEL,SAVINGS,False,normal
ACC_00897,Elizabeth Dean,BR-DEL,CURRENT,False,normal
ACC_00898,Kevin Snyder,BR-MUM,CURRENT,False,normal
ACC_00899,Christie Mccullough,BR-KOL,SAVINGS,False,normal
ACC_00900,Danielle Smith,BR-LKO,CURRENT,False,normal
ACC_00901,David Reed,BR-BLR,CURRENT,False,normal
ACC_00902,Sherry Tapia,BR-MUM,CURRENT,False,normal
ACC_00903,Matthew Sweeney,BR-BLR,CURRENT,False,normal
ACC_00904,Ashley Moreno,BR-DEL,SAVINGS,False,normal
ACC_00905,Johnathan Brown,BR-MUM,CURRENT,False,normal
ACC_00906,Michelle Davis DVM,BR-LKO,CURRENT,False,normal
ACC_00907,Kelly Haynes,BR-LKO,SAVINGS,False,normal
ACC_00908,William Miller,BR-BLR,SAVINGS,False,normal
ACC_00909,Casey Wilkins,BR-BLR,CURRENT,False,normal
ACC_00910,Keith Graham,BR-BLR,CURRENT,False,normal
ACC_00911,Cynthia Green,BR-MUM,CURRENT,False,normal
ACC_00912,Robert Haynes,BR-KOL,SAVINGS,False,normal
ACC_00913,Emily Nelson,BR-BLR,SAVINGS,False,normal
ACC_00914,Dale Chan,BR-LKO,SAVINGS,False,normal
ACC_00915,Brittney Martin,BR-BLR,CURRENT,False,normal
ACC_00916,Jason Herrera,BR-MUM,SAVINGS,False,normal
ACC_00917,Christine Parker,BR-DEL,SAVINGS,False,normal
ACC_00918,Bryan Moore,BR-BLR,CURRENT,False,normal
ACC_00919,Samantha Terry,BR-KOL,CURRENT,False,normal
ACC_00920,Russell Murphy,BR-MUM,SAVINGS,False,normal
ACC_00921,David Kelly,BR-BLR,CURRENT,False,normal
ACC_00922,Megan Green,BR-MUM,SAVINGS,False,normal
ACC_00923,Amanda Sullivan MD,BR-LKO,CURRENT,False,normal
ACC_00924,Danielle Murray,BR-LKO,CURRENT,False,normal
ACC_00925,Brenda Smith,BR-LKO,SAVINGS,False,normal
ACC_00926,Vickie Anderson,BR-DEL,CURRENT,False,normal
ACC_00927,Jacqueline Mccoy,BR-KOL,CURRENT,False,normal
ACC_00928,Lauren Green,BR-MUM,SAVINGS,False,normal
ACC_00929,Alison Brown,BR-KOL,CURRENT,False,normal
ACC_00930,Jill Anderson,BR-DEL,SAVINGS,False,normal
ACC_00931,Sandra Rivera,BR-BLR,CURRENT,False,normal
ACC_00932,Joel Jackson,BR-KOL,CURRENT,False,normal
ACC_00933,Samantha Foster,BR-BLR,SAVINGS,False,normal
ACC_00934,Michael Thompson,BR-DEL,CURRENT,False,normal
ACC_00935,Cody Ramirez,BR-MUM,CURRENT,False,normal
ACC_00936,Amanda Harvey,BR-BLR,CURRENT,False,normal
ACC_00937,Edward Jenkins,BR-BLR,SAVINGS,False,normal
ACC_00938,Amy Ramirez,BR-LKO,SAVINGS,False,normal
ACC_00939,Curtis Wilkerson,BR-KOL,SAVINGS,False,normal
ACC_00940,Lydia Pham,BR-BLR,CURRENT,False,normal
ACC_00941,Virginia Casey,BR-DEL,CURRENT,False,normal
ACC_00942,Joshua Washington,BR-KOL,CURRENT,False,normal
ACC_00943,Kathryn Price,BR-KOL,CURRENT,False,normal
ACC_00944,Francis Robinson,BR-KOL,SAVINGS,False,normal
ACC_00945,Paula Brown,BR-MUM,SAVINGS,False,normal
ACC_00946,Kendra Wang DVM,BR-LKO,CURRENT,False,normal
ACC_00947,Ariel Sandoval,BR-BLR,CURRENT,False,normal
ACC_00948,Robert Stark,BR-MUM,SAVINGS,False,normal
ACC_00949,Zachary Robinson,BR-KOL,CURRENT,False,normal
ACC_00950,Rebecca Kelly,BR-KOL,SAVINGS,False,normal
ACC_00951,Sarah Thompson,BR-DEL,SAVINGS,False,normal
ACC_00952,Renee Wolfe,BR-MUM,CURRENT,False,normal
ACC_00953,Alyssa Haynes,BR-LKO,CURRENT,False,normal
ACC_00954,Kristy Hart,BR-MUM,SAVINGS,False,normal
ACC_00955,William Keith,BR-BLR,CURRENT,False,normal
ACC_00956,Eric Henry Jr.,BR-MUM,CURRENT,False,normal
ACC_00957,Daniel Fox,BR-KOL,CURRENT,False,normal
ACC_00958,Thomas Harris,BR-KOL,CURRENT,False,normal
ACC_00959,Mitchell Sellers,BR-KOL,CURRENT,False,normal
ACC_00960,Erica Johnson,BR-KOL,CURRENT,False,normal
ACC_00961,Sylvia Schroeder,BR-LKO,SAVINGS,False,normal
ACC_00962,Shannon Yu,BR-BLR,CURRENT,False,normal
ACC_00963,Tom Foster,BR-DEL,CURRENT,False,normal
ACC_00964,Eric Taylor,BR-KOL,CURRENT,False,normal
ACC_00965,Travis Conner,BR-DEL,CURRENT,False,normal
ACC_00966,Marie Thompson,BR-BLR,SAVINGS,False,normal
ACC_00967,Melissa Mcfarland,BR-DEL,CURRENT,False,normal
ACC_00968,Courtney Chapman,BR-MUM,CURRENT,False,normal
ACC_00969,Eric Barker,BR-MUM,SAVINGS,False,normal
ACC_00970,Nicholas Rush,BR-DEL,SAVINGS,False,normal
ACC_00971,Jenna Gamble,BR-MUM,SAVINGS,False,normal
ACC_00972,Amanda Guzman,BR-LKO,CURRENT,False,normal
ACC_00973,Tracy Walker,BR-LKO,SAVINGS,False,normal
ACC_00974,Taylor Taylor,BR-LKO,SAVINGS,False,normal
ACC_00975,Cynthia Haas,BR-LKO,CURRENT,False,normal
ACC_00976,Stephen Davis,BR-DEL,SAVINGS,False,normal
ACC_00977,Margaret Tanner,BR-KOL,SAVINGS,False,normal
ACC_00978,Derek Wright,BR-KOL,CURRENT,False,normal
ACC_00979,David Rodriguez,BR-LKO,CURRENT,False,normal
ACC_00980,James Oconnor,BR-BLR,SAVINGS,False,normal
ACC_00981,Stacey Snyder,BR-LKO,CURRENT,False,normal
ACC_00982,Joshua Garcia,BR-KOL,CURRENT,False,normal
ACC_00983,Sean Curtis,BR-BLR,CURRENT,False,normal
ACC_00984,Carla Jones,BR-MUM,SAVINGS,False,normal
ACC_00985,Elizabeth Flores,BR-BLR,CURRENT,False,normal
ACC_00986,Angela Jackson,BR-MUM,CURRENT,False,normal
ACC_00987,Nicholas Payne,BR-BLR,SAVINGS,False,normal
ACC_00988,Anna Wheeler,BR-LKO,CURRENT,False,normal
ACC_00989,Karen Johnson,BR-LKO,CURRENT,False,normal
ACC_00990,Carmen Preston,BR-KOL,CURRENT,False,normal
ACC_00991,Brian Harris,BR-BLR,SAVINGS,False,normal
ACC_00992,Michael Bowen,BR-KOL,CURRENT,False,normal
ACC_00993,Deborah Campbell,BR-LKO,CURRENT,False,normal
ACC_00994,Anthony Armstrong,BR-MUM,CURRENT,False,normal
ACC_00995,Brittany Ward,BR-DEL,CURRENT,False,normal
ACC_00996,Edward Stanley,BR-DEL,CURRENT,False,normal
ACC_00997,Christina Johnson,BR-LKO,CURRENT,False,normal
ACC_00998,Edgar Miller,BR-LKO,SAVINGS,False,normal
ACC_00999,Elizabeth Sanders,BR-MUM,CURRENT,False,normal
ACC_01000,Matthew Davis MD,BR-KOL,CURRENT,False,normal
ACC_01001,Stephen Wood,BR-MUM,SAVINGS,False,normal
ACC_01002,Dennis Marshall,BR-KOL,SAVINGS,False,normal
ACC_01003,Derrick Brown,BR-MUM,SAVINGS,False,normal
ACC_01004,Mary Miller,BR-KOL,SAVINGS,False,normal
ACC_01005,Joshua Arellano,BR-MUM,SAVINGS,False,normal
ACC_01006,Kristen Randall,BR-DEL,CURRENT,False,normal
ACC_01007,Jennifer Nichols,BR-BLR,CURRENT,False,normal
ACC_01008,Karen Keith,BR-DEL,SAVINGS,False,normal
ACC_01009,Blake Orr,BR-DEL,SAVINGS,False,normal
ACC_01010,Kathryn Lester,BR-LKO,CURRENT,False,normal
ACC_01011,Megan Oliver,BR-LKO,SAVINGS,False,normal
ACC_01012,Peter Thompson,BR-BLR,CURRENT,False,normal
ACC_01013,Dr. Rhonda Martinez,BR-BLR,SAVINGS,False,normal
ACC_01014,William Graham,BR-DEL,SAVINGS,False,normal
ACC_01015,Lori Flowers MD,BR-KOL,SAVINGS,False,normal
ACC_01016,Suzanne Jones,BR-MUM,CURRENT,False,normal
ACC_01017,James Nguyen,BR-MUM,SAVINGS,False,normal
ACC_01018,Jimmy Marks,BR-LKO,CURRENT,False,normal
ACC_01019,Lisa Mills,BR-MUM,CURRENT,False,normal
ACC_01020,Jason Hernandez,BR-DEL,SAVINGS,False,normal
ACC_01021,Olivia Ayers,BR-BLR,SAVINGS,False,normal
ACC_01022,Kristine Garcia,BR-BLR,CURRENT,False,normal
ACC_01023,Joseph Cooper,BR-LKO,CURRENT,False,normal
ACC_01024,James Washington,BR-MUM,CURRENT,False,normal
ACC_01025,Amanda Hill,BR-BLR,SAVINGS,False,normal
ACC_01026,Lee Steele,BR-DEL,CURRENT,False,normal
ACC_01027,Steve Rivera,BR-MUM,CURRENT,False,normal
ACC_01028,Patrick Mccall,BR-BLR,SAVINGS,False,normal
ACC_01029,Alicia Roth,BR-DEL,CURRENT,False,normal
ACC_01030,Douglas Vasquez,BR-BLR,SAVINGS,False,normal
ACC_01031,Annette Melton,BR-MUM,CURRENT,False,normal
ACC_01032,William Ramos,BR-LKO,CURRENT,False,normal
ACC_01033,Debra Butler,BR-DEL,CURRENT,False,normal
ACC_01034,Chelsea Lewis,BR-DEL,SAVINGS,False,normal
ACC_01035,Natalie Malone,BR-MUM,CURRENT,False,normal
ACC_01036,Samantha Robertson,BR-BLR,SAVINGS,False,normal
ACC_01037,Eric Hunter,BR-DEL,CURRENT,False,normal
ACC_01038,Samuel Suarez,BR-LKO,SAVINGS,False,normal
ACC_01039,Corey Whitaker,BR-LKO,CURRENT,False,normal
ACC_01040,Danielle Bryant,BR-BLR,CURRENT,False,normal
ACC_01041,Michele Hill,BR-KOL,SAVINGS,False,normal
ACC_01042,Kathy Reid,BR-BLR,CURRENT,False,normal
ACC_01043,Andre Watson,BR-MUM,SAVINGS,False,normal
ACC_01044,Cassandra Harrell,BR-DEL,CURRENT,False,normal
ACC_01045,Hannah Martin,BR-BLR,SAVINGS,False,normal
ACC_01046,Nicole Barker,BR-LKO,CURRENT,False,normal
ACC_01047,James Martin,BR-DEL,CURRENT,False,normal
ACC_01048,Traci Vincent,BR-BLR,SAVINGS,False,normal
ACC_01049,Megan Adams,BR-MUM,SAVINGS,False,normal
ACC_01050,Alejandro Deleon,BR-LKO,SAVINGS,False,normal
ACC_01051,Alexa Buck,BR-LKO,CURRENT,False,normal
ACC_01052,Lindsay Smith,BR-LKO,CURRENT,False,normal
ACC_01053,Robert Torres,BR-KOL,SAVINGS,False,normal
ACC_01054,Maria Coleman,BR-MUM,SAVINGS,False,normal
ACC_01055,Gregory King,BR-KOL,CURRENT,False,normal
ACC_01056,Michael Holloway,BR-KOL,CURRENT,False,normal
ACC_01057,Brian Hunt,BR-DEL,SAVINGS,False,normal
ACC_01058,Sarah Brooks,BR-DEL,SAVINGS,False,normal
ACC_01059,Lisa Evans,BR-KOL,SAVINGS,False,normal
ACC_01060,Arthur Mcneil,BR-MUM,CURRENT,False,normal
ACC_01061,Shannon Green,BR-KOL,CURRENT,False,normal
ACC_01062,Stephanie Evans,BR-DEL,SAVINGS,False,normal
ACC_01063,Ralph Yoder,BR-KOL,CURRENT,False,normal
ACC_01064,Rebekah Greene,BR-DEL,CURRENT,False,normal
ACC_01065,Melanie Griffith,BR-DEL,CURRENT,False,normal
ACC_01066,Yolanda Green,BR-MUM,CURRENT,False,normal
ACC_01067,James Johnson,BR-LKO,SAVINGS,False,normal
ACC_01068,Laura Lee,BR-KOL,CURRENT,False,normal
ACC_01069,Courtney Nichols,BR-BLR,SAVINGS,False,normal
ACC_01070,Susan Powers,BR-LKO,CURRENT,False,normal
ACC_01071,Sarah Pittman,BR-DEL,SAVINGS,False,normal
ACC_01072,Catherine Davis,BR-KOL,SAVINGS,False,normal
ACC_01073,David Stokes,BR-DEL,CURRENT,False,normal
ACC_01074,Catherine Frazier,BR-BLR,SAVINGS,False,normal
ACC_01075,Brandon Kelly,BR-KOL,SAVINGS,False,normal
ACC_01076,Elizabeth French,BR-DEL,CURRENT,False,normal
ACC_01077,David Carter,BR-DEL,CURRENT,False,normal
ACC_01078,Julie Delacruz,BR-LKO,SAVINGS,False,normal
ACC_01079,Terry Jones,BR-MUM,CURRENT,False,normal
ACC_01080,Kathryn Dillon,BR-BLR,CURRENT,False,normal
ACC_01081,Edwin Brown,BR-LKO,CURRENT,False,normal
ACC_01082,Brenda Gonzalez,BR-LKO,SAVINGS,False,normal
ACC_01083,Keith Knox,BR-KOL,SAVINGS,False,normal
ACC_01084,Eugene Baldwin,BR-BLR,SAVINGS,False,normal
ACC_01085,Katherine Welch,BR-MUM,CURRENT,False,normal
ACC_01086,Mark Smith,BR-KOL,SAVINGS,False,normal
ACC_01087,Philip Jackson,BR-MUM,SAVINGS,False,normal
ACC_01088,Katherine Gallagher,BR-DEL,CURRENT,False,normal
ACC_01089,Lucas Schultz,BR-LKO,CURRENT,False,normal
ACC_01090,Vincent Reyes,BR-KOL,CURRENT,False,normal
ACC_01091,Curtis Watson,BR-MUM,SAVINGS,False,normal
ACC_01092,Frank Whitaker,BR-LKO,CURRENT,False,normal
ACC_01093,Michael Sims,BR-MUM,CURRENT,False,normal
ACC_01094,Michael Cooper,BR-MUM,SAVINGS,False,normal
ACC_01095,James Chapman,BR-DEL,CURRENT,False,normal
ACC_01096,Rodney Evans,BR-KOL,SAVINGS,False,normal
ACC_01097,Nicholas Carlson,BR-MUM,SAVINGS,False,normal
ACC_01098,Stephen Cowan,BR-DEL,SAVINGS,False,normal
ACC_01099,Steven Howard,BR-KOL,SAVINGS,False,normal
ACC_01100,Travis Hull,BR-LKO,SAVINGS,False,normal
ACC_01101,Darryl Acosta,BR-MUM,SAVINGS,False,normal
ACC_01102,Nicholas Lawrence,BR-LKO,CURRENT,False,normal
ACC_01103,Jacob Santos,BR-MUM,SAVINGS,False,normal
ACC_01104,Shawn Scott,BR-DEL,SAVINGS,False,normal
ACC_01105,Amber Vang,BR-KOL,CURRENT,False,normal
ACC_01106,Martha Smith,BR-MUM,CURRENT,False,normal
ACC_01107,Jennifer James,BR-KOL,CURRENT,False,normal
ACC_01108,Kara Hernandez,BR-MUM,CURRENT,False,normal
ACC_01109,Lorraine Turner,BR-MUM,SAVINGS,False,normal
ACC_01110,Mary Nelson,BR-LKO,CURRENT,False,normal
ACC_01111,Breanna Rivas,BR-BLR,SAVINGS,False,normal
ACC_01112,Nathan Wilson,BR-KOL,SAVINGS,False,normal
ACC_01113,Brian Gonzalez,BR-LKO,CURRENT,False,normal
ACC_01114,Dennis Mills,BR-DEL,CURRENT,False,normal
ACC_01115,Michael Phillips,BR-LKO,CURRENT,False,normal
ACC_01116,Jon Clark,BR-LKO,CURRENT,False,normal
ACC_01117,Erin Smith,BR-MUM,CURRENT,False,normal
ACC_01118,Susan Conley,BR-LKO,SAVINGS,False,normal
ACC_01119,Brittany Davis,BR-KOL,CURRENT,False,normal
ACC_01120,Misty Garcia,BR-MUM,SAVINGS,False,normal
ACC_01121,David Hinton,BR-BLR,SAVINGS,False,normal
ACC_01122,John Garcia,BR-LKO,SAVINGS,False,normal
ACC_01123,Andrew Roberts,BR-KOL,CURRENT,False,normal
ACC_01124,Emily Rodgers,BR-LKO,SAVINGS,False,normal
ACC_01125,Peter Williams,BR-LKO,SAVINGS,False,normal
ACC_01126,Mary Jackson,BR-BLR,SAVINGS,False,normal
ACC_01127,Jeffrey Howell,BR-BLR,SAVINGS,False,normal
ACC_01128,Anna Briggs,BR-LKO,CURRENT,False,normal
ACC_01129,James Rivers,BR-DEL,SAVINGS,False,normal
ACC_01130,James Jefferson,BR-DEL,CURRENT,False,normal
ACC_01131,Mariah Robles,BR-LKO,SAVINGS,False,normal
ACC_01132,Michael Brown,BR-DEL,SAVINGS,False,normal
ACC_01133,Caitlin Perry,BR-KOL,SAVINGS,False,normal
ACC_01134,Rebekah Gregory,BR-LKO,SAVINGS,False,normal
ACC_01135,James Howard,BR-BLR,CURRENT,False,normal
ACC_01136,Michael Roberson,BR-DEL,SAVINGS,False,normal
ACC_01137,Bianca Knapp,BR-MUM,SAVINGS,False,normal
ACC_01138,Jason Williams,BR-LKO,SAVINGS,False,normal
ACC_01139,Ernest Bush,BR-KOL,SAVINGS,False,normal
ACC_01140,Patricia Ray,BR-LKO,SAVINGS,False,normal
ACC_01141,Vanessa Santiago,BR-KOL,CURRENT,False,normal
ACC_01142,Joseph Haynes,BR-BLR,CURRENT,False,normal
ACC_01143,Matthew Wright,BR-LKO,CURRENT,False,normal
ACC_01144,Michael Cruz,BR-BLR,CURRENT,False,normal
ACC_01145,Kristin Huerta,BR-BLR,CURRENT,False,normal
ACC_01146,Mason Moore,BR-LKO,SAVINGS,False,normal
ACC_01147,Sarah Booth,BR-LKO,CURRENT,False,normal
ACC_01148,John Allen,BR-MUM,CURRENT,False,normal
ACC_01149,Amber Walker,BR-BLR,CURRENT,False,normal
ACC_01150,Jennifer Young,BR-DEL,SAVINGS,False,normal
ACC_01151,Robert West,BR-MUM,SAVINGS,False,normal
ACC_01152,Jillian Wilson,BR-BLR,CURRENT,False,normal
ACC_01153,Matthew Garcia MD,BR-BLR,SAVINGS,False,normal
ACC_01154,April Davis,BR-MUM,CURRENT,False,normal
ACC_01155,Lisa Torres,BR-MUM,CURRENT,False,normal
ACC_01156,Christine Powers,BR-KOL,SAVINGS,False,normal
ACC_01157,Heidi Brown,BR-LKO,CURRENT,False,normal
ACC_01158,Jesse Castro,BR-BLR,CURRENT,False,normal
ACC_01159,Kara Sandoval,BR-LKO,CURRENT,False,normal
ACC_01160,Ashley Malone,BR-MUM,CURRENT,False,normal
ACC_01161,Glenn Gallegos,BR-MUM,SAVINGS,False,normal
ACC_01162,Dorothy Boyd,BR-KOL,CURRENT,False,normal
ACC_01163,Amber Martin,BR-MUM,SAVINGS,False,normal
ACC_01164,Mitchell Griffith,BR-KOL,SAVINGS,False,normal
ACC_01165,Levi Lopez,BR-DEL,SAVINGS,False,normal
ACC_01166,Jenna Bryant,BR-DEL,CURRENT,False,normal
ACC_01167,Michelle Rodriguez,BR-MUM,SAVINGS,False,normal
ACC_01168,Timothy Monroe,BR-DEL,SAVINGS,False,normal
ACC_01169,Patricia Hayes,BR-DEL,SAVINGS,False,normal
ACC_01170,Tina Taylor,BR-KOL,CURRENT,False,normal
ACC_01171,Mr. Anthony Mcconnell PhD,BR-BLR,SAVINGS,False,normal
ACC_01172,Mr. Thomas Thompson,BR-KOL,CURRENT,False,normal
ACC_01173,Monica Anderson,BR-LKO,SAVINGS,False,normal
ACC_01174,Kyle Andrade,BR-DEL,CURRENT,False,normal
ACC_01175,Janice Petty,BR-DEL,SAVINGS,False,normal
ACC_01176,Pamela Hill,BR-KOL,CURRENT,False,normal
ACC_01177,Tracy Chavez,BR-KOL,CURRENT,False,normal
ACC_01178,Jason Graves,BR-DEL,CURRENT,False,normal
ACC_01179,Elizabeth Miles,BR-MUM,SAVINGS,False,normal
ACC_01180,Michelle Walls,BR-DEL,SAVINGS,False,normal
ACC_01181,Christina Weber,BR-MUM,SAVINGS,False,normal
ACC_01182,Gregory Chambers,BR-KOL,CURRENT,False,normal
ACC_01183,Miss Tina Gordon,BR-BLR,CURRENT,False,normal
ACC_01184,Erica Wilson,BR-LKO,SAVINGS,False,normal
ACC_01185,John Duncan,BR-BLR,CURRENT,False,normal
ACC_01186,Jennifer Adkins,BR-LKO,SAVINGS,False,normal
ACC_01187,Donna Boone,BR-MUM,CURRENT,False,normal
ACC_01188,Kelly Johnson,BR-DEL,SAVINGS,False,normal
ACC_01189,Michael Gonzalez,BR-DEL,CURRENT,False,normal
ACC_01190,Candace Mitchell,BR-LKO,CURRENT,False,normal
ACC_01191,Ryan Vaughn,BR-KOL,CURRENT,False,normal
ACC_01192,Paul Johnson,BR-DEL,SAVINGS,False,normal
ACC_01193,Ashley Parrish,BR-MUM,SAVINGS,False,normal
ACC_01194,Sharon Newton,BR-LKO,CURRENT,False,normal
ACC_01195,Cynthia Mueller,BR-BLR,SAVINGS,False,normal
ACC_01196,Donna Beck,BR-KOL,SAVINGS,False,normal
ACC_01197,Jasmine Frye,BR-MUM,SAVINGS,False,normal
ACC_01198,Emily Arnold,BR-KOL,CURRENT,False,normal
ACC_01199,David Oliver,BR-BLR,SAVINGS,False,normal
ACC_01200,Sheila Greer,BR-DEL,CURRENT,False,normal
ACC_01201,Michele Holland,BR-KOL,SAVINGS,False,normal
ACC_01202,Kimberly Morrison,BR-MUM,CURRENT,False,normal
ACC_01203,Tracey Phillips,BR-DEL,SAVINGS,False,normal
ACC_01204,Michael Lopez,BR-KOL,SAVINGS,False,normal
ACC_01205,Jose Bennett,BR-LKO,SAVINGS,False,normal
ACC_01206,Justin Anderson,BR-BLR,SAVINGS,False,normal
ACC_01207,Dawn Rivera,BR-KOL,SAVINGS,False,normal
ACC_01208,Brittney Hernandez,BR-KOL,CURRENT,False,normal
ACC_01209,Anthony Randolph,BR-KOL,CURRENT,False,normal
ACC_01210,Mary Henry,BR-LKO,SAVINGS,False,normal
ACC_01211,Heather Bowers,BR-DEL,CURRENT,False,normal
ACC_01212,Daniel White,BR-DEL,SAVINGS,False,normal
ACC_01213,Jonathan Perry,BR-LKO,SAVINGS,False,normal
ACC_01214,Anna Walker,BR-DEL,CURRENT,False,normal
ACC_01215,Gary Ward,BR-KOL,CURRENT,False,normal
ACC_01216,Paul Moreno,BR-BLR,SAVINGS,False,normal
ACC_01217,Samantha Zavala MD,BR-BLR,CURRENT,False,normal
ACC_01218,Jill Conway,BR-LKO,SAVINGS,False,normal
ACC_01219,Lisa Haley,BR-BLR,CURRENT,False,normal
ACC_01220,Erica Moon,BR-LKO,SAVINGS,False,normal
ACC_01221,Janice Fernandez,BR-KOL,CURRENT,False,normal
ACC_01222,Thomas Short,BR-DEL,CURRENT,False,normal
ACC_01223,Robert Griffin,BR-MUM,SAVINGS,False,normal
ACC_01224,Steven Lee,BR-DEL,CURRENT,False,normal
ACC_01225,Tiffany Jackson,BR-MUM,CURRENT,False,normal
ACC_01226,Kimberly Smith,BR-MUM,CURRENT,False,normal
ACC_01227,Michael Ayala,BR-BLR,CURRENT,False,normal
ACC_01228,Jessica Garcia,BR-DEL,SAVINGS,False,normal
ACC_01229,Michele Cherry,BR-DEL,CURRENT,False,normal
ACC_01230,Maria Case,BR-LKO,CURRENT,False,normal
ACC_01231,Brittany Stevens,BR-BLR,SAVINGS,False,normal
ACC_01232,Brandon Brown,BR-MUM,SAVINGS,False,normal
ACC_01233,Kristin Andrews,BR-MUM,CURRENT,False,normal
ACC_01234,David Hughes,BR-LKO,CURRENT,False,normal
ACC_01235,Jessica Smith,BR-DEL,SAVINGS,False,normal
ACC_01236,Kimberly May,BR-DEL,CURRENT,False,normal
ACC_01237,Nicole Richards,BR-KOL,SAVINGS,False,normal
ACC_01238,Angel Reilly,BR-KOL,CURRENT,False,normal
ACC_01239,Richard Turner,BR-LKO,SAVINGS,False,normal
ACC_01240,Preston Kim,BR-BLR,CURRENT,False,normal
ACC_01241,Matthew Wells,BR-LKO,SAVINGS,False,normal
ACC_01242,Brandy Myers,BR-KOL,SAVINGS,False,normal
ACC_01243,Kimberly Choi,BR-KOL,SAVINGS,False,normal
ACC_01244,Michael Sloan,BR-LKO,SAVINGS,False,normal
ACC_01245,Monica Brooks,BR-MUM,CURRENT,False,normal
ACC_01246,Kristen Peters,BR-BLR,CURRENT,False,normal
ACC_01247,Aaron Carlson,BR-LKO,SAVINGS,False,normal
ACC_01248,Theresa Torres,BR-DEL,SAVINGS,False,normal
ACC_01249,Stephanie Cooper,BR-LKO,CURRENT,False,normal
ACC_01250,Matthew Hunt,BR-LKO,CURRENT,False,normal
ACC_01251,Daniel Davenport,BR-LKO,SAVINGS,False,normal
ACC_01252,Christopher Marsh,BR-BLR,CURRENT,False,normal
ACC_01253,Sarah Randolph,BR-MUM,CURRENT,False,normal
ACC_01254,Julia Dunn MD,BR-KOL,SAVINGS,False,normal
ACC_01255,Brett Swanson,BR-LKO,SAVINGS,False,normal
ACC_01256,Mr. Carl Rios,BR-MUM,CURRENT,False,normal
ACC_01257,Manuel Mccullough,BR-DEL,CURRENT,False,normal
ACC_01258,Jerry Jensen,BR-BLR,CURRENT,False,normal
ACC_01259,Kevin Cunningham,BR-BLR,CURRENT,False,normal
ACC_01260,Eugene Patterson,BR-BLR,CURRENT,False,normal
ACC_01261,David Walker,BR-KOL,SAVINGS,False,normal
ACC_01262,Jessica Larsen,BR-BLR,CURRENT,False,normal
ACC_01263,Nicholas Humphrey,BR-KOL,SAVINGS,False,normal
ACC_01264,Ian Torres,BR-LKO,CURRENT,False,normal
ACC_01265,Casey Obrien,BR-MUM,CURRENT,False,normal
ACC_01266,Shannon Taylor,BR-BLR,CURRENT,False,normal
ACC_01267,Deborah Mercado,BR-LKO,SAVINGS,False,normal
ACC_01268,Bernard Smith,BR-BLR,CURRENT,False,normal
ACC_01269,Amanda Perkins,BR-BLR,CURRENT,False,normal
ACC_01270,Kevin Escobar,BR-BLR,SAVINGS,False,normal
ACC_01271,Kimberly Lutz,BR-KOL,SAVINGS,False,normal
ACC_01272,Reginald Diaz,BR-KOL,SAVINGS,False,normal
ACC_01273,Raymond Quinn,BR-KOL,SAVINGS,False,normal
ACC_01274,John Dixon,BR-LKO,SAVINGS,False,normal
ACC_01275,Jonathan Bates,BR-LKO,CURRENT,False,normal
ACC_01276,Renee Mendez,BR-DEL,CURRENT,False,normal
ACC_01277,Jose Griffin,BR-LKO,SAVINGS,False,normal
ACC_01278,Travis Hopkins,BR-BLR,SAVINGS,False,normal
ACC_01279,Nancy Webb,BR-BLR,SAVINGS,False,normal
ACC_01280,Daniel Freeman,BR-LKO,CURRENT,False,normal
ACC_01281,Jacob Williams,BR-DEL,CURRENT,False,normal
ACC_01282,Terry Ward,BR-KOL,CURRENT,False,normal
ACC_01283,Jesse Williams,BR-KOL,CURRENT,False,normal
ACC_01284,Mrs. Michele Boyd,BR-KOL,CURRENT,False,normal
ACC_01285,Sandy Baker,BR-KOL,SAVINGS,False,normal
ACC_01286,Carrie Valdez,BR-BLR,SAVINGS,False,normal
ACC_01287,Matthew Houston,BR-DEL,SAVINGS,False,normal
ACC_01288,Jamie Solomon,BR-BLR,SAVINGS,False,normal
ACC_01289,Heather Parrish,BR-KOL,SAVINGS,False,normal
ACC_01290,Mr. Larry Shaw,BR-KOL,CURRENT,False,normal
ACC_01291,Christopher Jones,BR-BLR,CURRENT,False,normal
ACC_01292,Christine Lopez,BR-DEL,SAVINGS,False,normal
ACC_01293,Mitchell Wilson,BR-DEL,CURRENT,False,normal
ACC_01294,Robert Cortez,BR-MUM,SAVINGS,False,normal
ACC_01295,Mr. Daniel Martin,BR-LKO,CURRENT,False,normal
ACC_01296,Alison Williams,BR-LKO,CURRENT,False,normal
ACC_01297,Candace Soto,BR-KOL,SAVINGS,False,normal
ACC_01298,Kenneth Brown,BR-BLR,SAVINGS,False,normal
ACC_01299,Christopher Mullen,BR-LKO,SAVINGS,False,normal
ACC_01300,Kristy Smith,BR-BLR,CURRENT,False,normal
ACC_01301,Mary Campbell,BR-DEL,SAVINGS,False,normal
ACC_01302,Jerry Haney,BR-MUM,CURRENT,False,normal
ACC_01303,Carolyn Greer,BR-BLR,CURRENT,False,normal
ACC_01304,Rebecca Hoover,BR-LKO,SAVINGS,False,normal
ACC_01305,Matthew Baker,BR-KOL,CURRENT,False,normal
ACC_01306,Grace Chavez,BR-BLR,CURRENT,False,normal
ACC_01307,Crystal Cruz,BR-DEL,CURRENT,False,normal
ACC_01308,Dale Heath,BR-LKO,CURRENT,False,normal
ACC_01309,Jennifer Hernandez,BR-DEL,CURRENT,False,normal
ACC_01310,John Mendez,BR-DEL,SAVINGS,False,normal
ACC_01311,Richard Gordon,BR-DEL,CURRENT,False,normal
ACC_01312,John Anderson,BR-DEL,SAVINGS,False,normal
ACC_01313,Samantha Prince,BR-MUM,SAVINGS,False,normal
ACC_01314,Marie Boyd,BR-KOL,SAVINGS,False,normal
ACC_01315,Andrew Moreno,BR-BLR,CURRENT,False,normal
ACC_01316,Robert Clarke,BR-LKO,SAVINGS,False,normal
ACC_01317,Kevin Figueroa,BR-LKO,SAVINGS,False,normal
ACC_01318,Melissa Davis,BR-MUM,CURRENT,False,normal
ACC_01319,John Hall,BR-LKO,SAVINGS,False,normal
ACC_01320,Diane Mcdowell,BR-KOL,SAVINGS,False,normal
ACC_01321,Colin Fletcher,BR-LKO,CURRENT,False,normal
ACC_01322,Laura Wilson,BR-LKO,SAVINGS,False,normal
ACC_01323,Matthew Watts,BR-MUM,SAVINGS,False,normal
ACC_01324,Jack Moore,BR-BLR,SAVINGS,False,normal
ACC_01325,Dawn Wyatt,BR-KOL,SAVINGS,False,normal
ACC_01326,Jacob Hill,BR-KOL,SAVINGS,False,normal
ACC_01327,Nicole Gutierrez,BR-BLR,CURRENT,False,normal
ACC_01328,Karen Wood,BR-MUM,CURRENT,False,normal
ACC_01329,Dawn Parker,BR-DEL,CURRENT,False,normal
ACC_01330,Michael Fitzgerald,BR-LKO,CURRENT,False,normal
ACC_01331,Mary Adkins,BR-KOL,CURRENT,False,normal
ACC_01332,Michael Martin,BR-KOL,CURRENT,False,normal
ACC_01333,James Morgan,BR-KOL,SAVINGS,False,normal
ACC_01334,Melissa Mann,BR-BLR,CURRENT,False,normal
ACC_01335,Vincent Smith,BR-LKO,SAVINGS,False,normal
ACC_01336,Charles Frost,BR-BLR,SAVINGS,False,normal
ACC_01337,Austin Walker,BR-MUM,CURRENT,False,normal
ACC_01338,Andrew Cruz,BR-DEL,SAVINGS,False,normal
ACC_01339,Miss Kelly Dawson,BR-BLR,SAVINGS,False,normal
ACC_01340,Theresa Wilkins,BR-MUM,CURRENT,False,normal
ACC_01341,Jessica Harris,BR-MUM,CURRENT,False,normal
ACC_01342,Regina Mitchell,BR-LKO,SAVINGS,False,normal
ACC_01343,Kyle Black,BR-KOL,CURRENT,False,normal
ACC_01344,Christopher Johnson,BR-LKO,SAVINGS,False,normal
ACC_01345,Aaron Moore,BR-LKO,SAVINGS,False,normal
ACC_01346,Penny Gomez MD,BR-KOL,SAVINGS,False,normal
ACC_01347,Kelly Mclaughlin,BR-LKO,CURRENT,False,normal
ACC_01348,Brandon Mitchell,BR-MUM,SAVINGS,False,normal
ACC_01349,Suzanne Bailey,BR-BLR,CURRENT,False,normal
ACC_01350,Destiny Obrien,BR-KOL,SAVINGS,False,normal
ACC_01351,Timothy Andrews,BR-BLR,SAVINGS,False,normal
ACC_01352,Jason Rodriguez,BR-LKO,SAVINGS,False,normal
ACC_01353,Edward Arroyo,BR-MUM,CURRENT,False,normal
ACC_01354,Tina Walter,BR-KOL,CURRENT,False,normal
ACC_01355,Laura Benson,BR-LKO,CURRENT,False,normal
ACC_01356,Kristine Carrillo,BR-LKO,CURRENT,False,normal
ACC_01357,Tonya Ellis,BR-LKO,SAVINGS,False,normal
ACC_01358,Kevin Johnson,BR-DEL,SAVINGS,False,normal
ACC_01359,Austin Schultz,BR-MUM,CURRENT,False,normal
ACC_01360,Megan Hall MD,BR-DEL,CURRENT,False,normal
ACC_01361,Kelli Smith,BR-MUM,CURRENT,False,normal
ACC_01362,Danielle Davis,BR-MUM,CURRENT,False,normal
ACC_01363,Samantha Jones,BR-KOL,CURRENT,False,normal
ACC_01364,Karen Gomez,BR-KOL,SAVINGS,False,normal
ACC_01365,Debra Valentine,BR-KOL,SAVINGS,False,normal
ACC_01366,Susan Porter,BR-BLR,CURRENT,False,normal
ACC_01367,Nicolas Salas,BR-KOL,SAVINGS,False,normal
ACC_01368,Dale Wright,BR-LKO,SAVINGS,False,normal
ACC_01369,Brittney Rodriguez,BR-LKO,SAVINGS,False,normal
ACC_01370,Megan Alvarado,BR-MUM,CURRENT,False,normal
ACC_01371,Pamela Weaver,BR-DEL,CURRENT,False,normal
ACC_01372,John Oliver,BR-BLR,CURRENT,False,normal
ACC_01373,William Prince PhD,BR-DEL,CURRENT,False,normal
ACC_01374,William Moon IV,BR-DEL,SAVINGS,False,normal
ACC_01375,Kenneth Brown,BR-MUM,CURRENT,False,normal
ACC_01376,Karen Fernandez,BR-KOL,CURRENT,False,normal
ACC_01377,Jennifer Parks,BR-MUM,SAVINGS,False,normal
ACC_01378,William Wolfe,BR-MUM,SAVINGS,False,normal
ACC_01379,Michael Smith,BR-DEL,CURRENT,False,normal
ACC_01380,Kevin Nguyen,BR-KOL,CURRENT,False,normal
ACC_01381,Debbie Dunn,BR-KOL,SAVINGS,False,normal
ACC_01382,John Austin,BR-BLR,CURRENT,False,normal
ACC_01383,Jonathan Clark,BR-BLR,CURRENT,False,normal
ACC_01384,Jacqueline Dickerson,BR-KOL,SAVINGS,False,normal
ACC_01385,Christopher Anderson,BR-MUM,CURRENT,False,normal
ACC_01386,Crystal Garcia,BR-DEL,CURRENT,False,normal
ACC_01387,David Reynolds,BR-MUM,SAVINGS,False,normal
ACC_01388,Charles Haley,BR-MUM,SAVINGS,False,normal
ACC_01389,Robert Thompson,BR-BLR,SAVINGS,False,normal
ACC_01390,Dr. Samuel Holmes DDS,BR-LKO,CURRENT,False,normal
ACC_01391,Elizabeth Hart,BR-MUM,CURRENT,False,normal
ACC_01392,Jennifer Vaughn,BR-LKO,CURRENT,False,normal
ACC_01393,Robert Woods,BR-LKO,SAVINGS,False,normal
ACC_01394,Joanna Cook,BR-DEL,CURRENT,False,normal
ACC_01395,Justin Frederick,BR-KOL,CURRENT,False,normal
ACC_01396,Alejandro Martinez,BR-BLR,CURRENT,False,normal
ACC_01397,Tracey Gonzalez,BR-LKO,CURRENT,False,normal
ACC_01398,Mariah Thompson,BR-KOL,SAVINGS,False,normal
ACC_01399,Heather Nunez,BR-DEL,CURRENT,False,normal
ACC_01400,Dr. Steve James,BR-BLR,SAVINGS,False,normal
ACC_01401,Mark Thomas,BR-KOL,CURRENT,False,normal
ACC_01402,Robert Rogers,BR-MUM,CURRENT,False,normal
ACC_01403,Laura Sweeney,BR-MUM,CURRENT,False,normal
ACC_01404,Christopher Perez,BR-BLR,CURRENT,False,normal
ACC_01405,Eddie Adams,BR-BLR,CURRENT,False,normal
ACC_01406,Denise Wallace,BR-KOL,SAVINGS,False,normal
ACC_01407,Heidi Matthews,BR-KOL,CURRENT,False,normal
ACC_01408,Jennifer White,BR-BLR,SAVINGS,False,normal
ACC_01409,Nicholas Stanley,BR-DEL,SAVINGS,False,normal
ACC_01410,Mercedes Miller,BR-LKO,SAVINGS,False,normal
ACC_01411,Brian Brown,BR-DEL,SAVINGS,False,normal
ACC_01412,Kimberly Johnson,BR-LKO,CURRENT,False,normal
ACC_01413,Phillip Miller,BR-DEL,CURRENT,False,normal
ACC_01414,Christopher Pena,BR-MUM,SAVINGS,False,normal
ACC_01415,Ellen Wright,BR-BLR,SAVINGS,False,normal
ACC_01416,Mark Anderson,BR-BLR,SAVINGS,False,normal
ACC_01417,Alyssa Alvarado,BR-BLR,CURRENT,False,normal
ACC_01418,Erika Alvarez,BR-DEL,CURRENT,False,normal
ACC_01419,Kimberly Nelson,BR-MUM,SAVINGS,False,normal
ACC_01420,Wayne Wolfe,BR-LKO,CURRENT,False,normal
ACC_01421,Kyle Welch,BR-MUM,CURRENT,False,normal
ACC_01422,Kristy Mills,BR-DEL,SAVINGS,False,normal
ACC_01423,Emily Reed,BR-DEL,SAVINGS,False,normal
ACC_01424,Regina Ramos,BR-LKO,SAVINGS,False,normal
ACC_01425,David Torres,BR-MUM,SAVINGS,False,normal
ACC_01426,Robert Charles,BR-KOL,CURRENT,False,normal
ACC_01427,John Smith,BR-DEL,SAVINGS,False,normal
ACC_01428,Theresa Woods,BR-BLR,SAVINGS,False,normal
ACC_01429,Jeffrey Carter,BR-LKO,SAVINGS,False,normal
ACC_01430,Adam Brooks,BR-LKO,SAVINGS,False,normal
ACC_01431,Justin Foster,BR-MUM,CURRENT,False,normal
ACC_01432,Omar Price,BR-DEL,SAVINGS,False,normal
ACC_01433,Dennis Henderson,BR-DEL,CURRENT,False,normal
ACC_01434,Phillip Kent,BR-BLR,CURRENT,False,normal
ACC_01435,Melinda Mitchell,BR-MUM,CURRENT,False,normal
ACC_01436,Rhonda Gutierrez,BR-MUM,SAVINGS,False,normal
ACC_01437,Catherine Roberts,BR-DEL,SAVINGS,False,normal
ACC_01438,Lisa Nelson,BR-KOL,SAVINGS,False,normal
ACC_01439,Chelsea Smith,BR-LKO,CURRENT,False,normal
ACC_01440,Joseph Lopez,BR-MUM,SAVINGS,False,normal
ACC_01441,Derrick Espinoza,BR-LKO,CURRENT,False,normal
ACC_01442,Crystal Hernandez,BR-MUM,SAVINGS,False,normal
ACC_01443,Glenn Collins DDS,BR-DEL,SAVINGS,False,normal
ACC_01444,Mrs. Raven Rivera DVM,BR-DEL,CURRENT,False,normal
ACC_01445,Amy Rowe,BR-BLR,CURRENT,False,normal
ACC_01446,John Lee,BR-BLR,SAVINGS,False,normal
ACC_01447,Ruth Clayton,BR-MUM,CURRENT,False,normal
ACC_01448,Randy Wright,BR-DEL,SAVINGS,False,normal
ACC_01449,Jessica Rojas,BR-KOL,CURRENT,False,normal
ACC_01450,Joel Wise,BR-DEL,CURRENT,False,normal
ACC_01451,Vickie Kennedy,BR-MUM,SAVINGS,False,normal
ACC_01452,Emily Morris,BR-LKO,CURRENT,False,normal
ACC_01453,Amanda Pineda,BR-DEL,SAVINGS,False,normal
ACC_01454,Dawn Little,BR-LKO,CURRENT,False,normal
ACC_01455,Stephen Boyer,BR-DEL,SAVINGS,False,normal
ACC_01456,Brian Chen,BR-LKO,SAVINGS,False,normal
ACC_01457,Christopher Hill,BR-KOL,SAVINGS,False,normal
ACC_01458,Richard Smith,BR-BLR,CURRENT,False,normal
ACC_01459,Richard Alvarez,BR-MUM,CURRENT,False,normal
ACC_01460,Jacqueline Davis,BR-KOL,CURRENT,False,normal
ACC_01461,Brandon Montgomery,BR-BLR,SAVINGS,False,normal
ACC_01462,Yolanda Garrett,BR-LKO,SAVINGS,False,normal
ACC_01463,Matthew Miles,BR-DEL,SAVINGS,False,normal
ACC_01464,Beth Hall,BR-DEL,CURRENT,False,normal
ACC_01465,Dr. Nicole Trujillo,BR-MUM,SAVINGS,False,normal
ACC_01466,Corey Norris,BR-DEL,CURRENT,False,normal
ACC_01467,Chad Roach,BR-KOL,CURRENT,False,normal
ACC_01468,Mr. Edward Terry,BR-KOL,CURRENT,False,normal
ACC_01469,Cody Bailey,BR-LKO,CURRENT,False,normal
ACC_01470,Denise Guerra,BR-DEL,SAVINGS,False,normal
ACC_01471,Kristen Jones,BR-BLR,SAVINGS,False,normal
ACC_01472,Edward Baker,BR-BLR,SAVINGS,False,normal
ACC_01473,Aaron Little,BR-KOL,SAVINGS,False,normal
ACC_01474,Cody Smith,BR-MUM,CURRENT,False,normal
ACC_01475,Patty Allen,BR-LKO,SAVINGS,False,normal
ACC_01476,Mary Ryan,BR-BLR,CURRENT,False,normal
ACC_01477,Joseph Jimenez,BR-MUM,SAVINGS,False,normal
ACC_01478,Lisa Morris,BR-MUM,SAVINGS,False,normal
ACC_01479,Ashley Mills,BR-LKO,SAVINGS,False,normal
ACC_01480,Russell Anderson,BR-LKO,SAVINGS,False,normal
ACC_01481,Christina Washington,BR-BLR,SAVINGS,False,normal
ACC_01482,Kenneth Huff,BR-DEL,SAVINGS,False,normal
ACC_01483,Kelly Miles,BR-MUM,SAVINGS,False,normal
ACC_01484,Jacob Obrien,BR-MUM,CURRENT,False,normal
ACC_01485,Timothy Clark,BR-BLR,CURRENT,False,normal
ACC_01486,Steve Miller PhD,BR-MUM,CURRENT,False,normal
ACC_01487,Justin Hurley,BR-MUM,CURRENT,False,normal
ACC_01488,Jacob Erickson,BR-DEL,SAVINGS,False,normal
ACC_01489,Deborah Williams,BR-BLR,CURRENT,False,normal
ACC_01490,Eric Blackburn,BR-BLR,SAVINGS,False,normal
ACC_01491,Anne Hardy,BR-BLR,SAVINGS,False,normal
ACC_01492,Chelsey Fox,BR-LKO,CURRENT,False,normal
ACC_01493,Mario White,BR-KOL,CURRENT,False,normal
ACC_01494,Jennifer Garcia,BR-DEL,CURRENT,False,normal
ACC_01495,Heather Ellis,BR-KOL,SAVINGS,False,normal
ACC_01496,Sonya Jackson,BR-BLR,SAVINGS,False,normal
ACC_01497,James Morgan,BR-BLR,SAVINGS,False,normal
ACC_01498,Zachary Ramos,BR-KOL,SAVINGS,False,normal
ACC_01499,Ethan Frey,BR-MUM,SAVINGS,False,normal
ACC_01500,Jacob Duran,BR-DEL,SAVINGS,False,normal
ACC_01501,Nicholas Franklin,BR-MUM,SAVINGS,False,normal
ACC_01502,Cindy Cannon,BR-LKO,CURRENT,False,normal
ACC_01503,Dawn Nixon,BR-LKO,SAVINGS,False,normal
ACC_01504,James Barber,BR-MUM,SAVINGS,False,normal
ACC_01505,Ms. Kelly Holder,BR-KOL,CURRENT,False,normal
ACC_01506,Eric Walker,BR-MUM,CURRENT,False,normal
ACC_01507,Alison Short,BR-MUM,CURRENT,False,normal
ACC_01508,Desiree Spencer,BR-BLR,CURRENT,False,normal
ACC_01509,Tammy Moore,BR-DEL,CURRENT,False,normal
ACC_01510,Henry Taylor,BR-DEL,SAVINGS,False,normal
ACC_01511,Kevin Hall,BR-MUM,SAVINGS,False,normal
ACC_01512,Anna Ross,BR-KOL,SAVINGS,False,normal
ACC_01513,Morgan Cummings,BR-LKO,SAVINGS,False,normal
ACC_01514,Carrie Petersen,BR-LKO,CURRENT,False,normal
ACC_01515,Laura Velez,BR-BLR,CURRENT,False,normal
ACC_01516,Elizabeth Cross,BR-DEL,CURRENT,False,normal
ACC_01517,Angela Brown,BR-DEL,CURRENT,False,normal
ACC_01518,Hannah Montoya,BR-MUM,CURRENT,False,normal
ACC_01519,Sean Kane,BR-KOL,CURRENT,False,normal
ACC_01520,Matthew Guzman,BR-KOL,SAVINGS,False,normal
ACC_01521,Richard Reyes,BR-LKO,CURRENT,False,normal
ACC_01522,Andrew Fernandez,BR-KOL,CURRENT,False,normal
ACC_01523,Jonathan Walker,BR-MUM,SAVINGS,False,normal
ACC_01524,Nicholas Long,BR-MUM,SAVINGS,False,normal
ACC_01525,Kurt Wagner,BR-LKO,SAVINGS,False,normal
ACC_01526,Dylan Foster,BR-MUM,CURRENT,False,normal
ACC_01527,Bradley Duncan,BR-DEL,CURRENT,False,normal
ACC_01528,James Miller,BR-DEL,CURRENT,False,normal
ACC_01529,Patricia Anderson,BR-BLR,SAVINGS,False,normal
ACC_01530,Justin Freeman,BR-MUM,SAVINGS,False,normal
ACC_01531,Christina Gilbert,BR-LKO,CURRENT,False,normal
ACC_01532,Danielle Jones,BR-DEL,SAVINGS,False,normal
ACC_01533,Erica Glass,BR-BLR,SAVINGS,False,normal
ACC_01534,Michael Henderson,BR-DEL,SAVINGS,False,normal
ACC_01535,Frank Wheeler,BR-KOL,CURRENT,False,normal
ACC_01536,Eric Huerta,BR-BLR,CURRENT,False,normal
ACC_01537,Wanda Ramos,BR-DEL,SAVINGS,False,normal
ACC_01538,Andrew Meyers,BR-KOL,SAVINGS,False,normal
ACC_01539,James Todd,BR-LKO,SAVINGS,False,normal
ACC_01540,Ashley Brown,BR-KOL,SAVINGS,False,normal
ACC_01541,Tammy Melton,BR-LKO,SAVINGS,False,normal
ACC_01542,Alexis Benson,BR-MUM,CURRENT,False,normal
ACC_01543,Jerry Johnson,BR-BLR,CURRENT,False,normal
ACC_01544,Joshua Harris,BR-LKO,CURRENT,False,normal
ACC_01545,Deanna Webb,BR-BLR,CURRENT,False,normal
ACC_01546,Brenda Hale,BR-BLR,SAVINGS,False,normal
ACC_01547,Kevin Alvarado,BR-DEL,SAVINGS,False,normal
ACC_01548,Christopher Campbell,BR-MUM,SAVINGS,False,normal
ACC_01549,Lisa Brown,BR-MUM,SAVINGS,False,normal
ACC_01550,Alejandra Price,BR-MUM,CURRENT,False,normal
ACC_01551,Samuel Keller,BR-LKO,CURRENT,False,normal
ACC_01552,Alicia Dillon,BR-LKO,SAVINGS,False,normal
ACC_01553,Crystal James,BR-KOL,CURRENT,False,normal
ACC_01554,Ariana Stewart,BR-MUM,CURRENT,False,normal
ACC_01555,Kim Lopez,BR-BLR,CURRENT,False,normal
ACC_01556,Judith House,BR-BLR,SAVINGS,False,normal
ACC_01557,David Moreno,BR-DEL,SAVINGS,False,normal
ACC_01558,James Moore,BR-BLR,SAVINGS,False,normal
ACC_01559,Harold Garrett,BR-MUM,CURRENT,False,normal
ACC_01560,William Mason,BR-MUM,SAVINGS,False,normal
ACC_01561,Lori Johns,BR-MUM,CURRENT,False,normal
ACC_01562,Robin Johnson,BR-LKO,SAVINGS,False,normal
ACC_01563,Diana Hernandez,BR-BLR,CURRENT,False,normal
ACC_01564,Mary Miller,BR-MUM,SAVINGS,False,normal
ACC_01565,Tyler Salazar,BR-LKO,CURRENT,False,normal
ACC_01566,Crystal Allen,BR-KOL,SAVINGS,False,normal
ACC_01567,Wesley Browning,BR-DEL,CURRENT,False,normal
ACC_01568,Joshua Clark,BR-DEL,SAVINGS,False,normal
ACC_01569,Joshua Mcbride,BR-DEL,SAVINGS,False,normal
ACC_01570,Ellen Thornton,BR-DEL,SAVINGS,False,normal
ACC_01571,Brandy Forbes,BR-MUM,SAVINGS,False,normal
ACC_01572,Brianna Fitzpatrick,BR-LKO,CURRENT,False,normal
ACC_01573,Emily Grant,BR-DEL,CURRENT,False,normal
ACC_01574,Bailey Stewart,BR-DEL,SAVINGS,False,normal
ACC_01575,Monica Cannon,BR-DEL,SAVINGS,False,normal
ACC_01576,Jennifer Jenkins,BR-LKO,SAVINGS,False,normal
ACC_01577,Timothy Shannon,BR-DEL,CURRENT,False,normal
ACC_01578,Denise Maxwell,BR-DEL,SAVINGS,False,normal
ACC_01579,Cody Farmer,BR-LKO,SAVINGS,False,normal
ACC_01580,Debra Bradley,BR-MUM,CURRENT,False,normal
ACC_01581,David Mcdaniel,BR-LKO,CURRENT,False,normal
ACC_01582,Michael Woods,BR-DEL,CURRENT,False,normal
ACC_01583,Lisa Joseph,BR-LKO,SAVINGS,False,normal
ACC_01584,Samuel Henry,BR-BLR,SAVINGS,False,normal
ACC_01585,Corey Johnson,BR-MUM,CURRENT,False,normal
ACC_01586,Alexis Nelson,BR-BLR,CURRENT,False,normal
ACC_01587,Patrick Mcneil,BR-MUM,SAVINGS,False,normal
ACC_01588,Andrea Ho,BR-KOL,SAVINGS,False,normal
ACC_01589,Dr. Katherine Nguyen,BR-BLR,CURRENT,False,normal
ACC_01590,David Sullivan,BR-LKO,CURRENT,False,normal
ACC_01591,Nicolas James,BR-DEL,SAVINGS,False,normal
ACC_01592,Logan Newton,BR-BLR,CURRENT,False,normal
ACC_01593,Kelly Liu,BR-MUM,CURRENT,False,normal
ACC_01594,Kelly Hayes,BR-MUM,SAVINGS,False,normal
ACC_01595,Amanda Forbes,BR-KOL,SAVINGS,False,normal
ACC_01596,Jennifer Moss,BR-LKO,CURRENT,False,normal
ACC_01597,Kelli Mccoy,BR-LKO,CURRENT,False,normal
ACC_01598,Eddie Sanders,BR-BLR,CURRENT,False,normal
ACC_01599,Ronald Murray,BR-LKO,CURRENT,False,normal
ACC_01600,Louis Brown,BR-MUM,SAVINGS,False,normal
ACC_01601,Brenda Gallegos,BR-BLR,SAVINGS,False,normal
ACC_01602,Nathan Wilson,BR-DEL,CURRENT,False,normal
ACC_01603,Teresa Horton,BR-DEL,CURRENT,False,normal
ACC_01604,Jason Hayes,BR-KOL,CURRENT,False,normal
ACC_01605,Kevin Marquez,BR-KOL,SAVINGS,False,normal
ACC_01606,Jesse Wright,BR-MUM,SAVINGS,False,normal
ACC_01607,Susan Hogan,BR-MUM,SAVINGS,False,normal
ACC_01608,Becky Wilson,BR-BLR,SAVINGS,False,normal
ACC_01609,Jack Mills,BR-MUM,CURRENT,False,normal
ACC_01610,Richard Hunt,BR-BLR,SAVINGS,False,normal
ACC_01611,Jamie James,BR-MUM,SAVINGS,False,normal
ACC_01612,Susan Cunningham,BR-KOL,CURRENT,False,normal
ACC_01613,Brittany Melton,BR-BLR,SAVINGS,False,normal
ACC_01614,Michael Barnes,BR-BLR,SAVINGS,False,normal
ACC_01615,Randy Griffin,BR-KOL,SAVINGS,False,normal
ACC_01616,Autumn Anderson,BR-LKO,CURRENT,False,normal
ACC_01617,Marcus King,BR-MUM,CURRENT,False,normal
ACC_01618,Scott Stephens,BR-DEL,SAVINGS,False,normal
ACC_01619,Stephen Young,BR-DEL,SAVINGS,False,normal
ACC_01620,Karen Ortiz,BR-KOL,SAVINGS,False,normal
ACC_01621,Kyle Sanchez,BR-DEL,CURRENT,False,normal
ACC_01622,Lisa Grant,BR-DEL,CURRENT,False,normal
ACC_01623,Amber Hernandez,BR-KOL,SAVINGS,False,normal
ACC_01624,Amanda Nash,BR-MUM,CURRENT,False,normal
ACC_01625,Sara Evans,BR-MUM,CURRENT,False,normal
ACC_01626,Amber Butler,BR-DEL,SAVINGS,False,normal
ACC_01627,Michael Carr,BR-MUM,SAVINGS,False,normal
ACC_01628,Linda Cobb,BR-DEL,CURRENT,False,normal
ACC_01629,Jesse Riley,BR-DEL,CURRENT,False,normal
ACC_01630,Anna Evans,BR-LKO,SAVINGS,False,normal
ACC_01631,James Jones,BR-BLR,CURRENT,False,normal
ACC_01632,Joshua Carter,BR-BLR,SAVINGS,False,normal
ACC_01633,Michael Hill,BR-MUM,CURRENT,False,normal
ACC_01634,Kelly Dominguez,BR-LKO,CURRENT,False,normal
ACC_01635,Ashley Blair,BR-MUM,CURRENT,False,normal
ACC_01636,Victoria Webb,BR-MUM,SAVINGS,False,normal
ACC_01637,Taylor Andersen,BR-LKO,CURRENT,False,normal
ACC_01638,Lee Stewart,BR-BLR,SAVINGS,False,normal
ACC_01639,Whitney Gomez,BR-MUM,SAVINGS,False,normal
ACC_01640,Justin Stone,BR-KOL,CURRENT,False,normal
ACC_01641,Katherine White,BR-KOL,SAVINGS,False,normal
ACC_01642,Michelle Krause,BR-MUM,CURRENT,False,normal
ACC_01643,Alexander Garrett,BR-KOL,SAVINGS,False,normal
ACC_01644,Ryan Marsh,BR-KOL,SAVINGS,False,normal
ACC_01645,Mrs. Felicia Castro DDS,BR-LKO,SAVINGS,False,normal
ACC_01646,Curtis Campbell,BR-BLR,SAVINGS,False,normal
ACC_01647,Elizabeth Hunter,BR-MUM,CURRENT,False,normal
ACC_01648,Aaron Jennings,BR-BLR,SAVINGS,False,normal
ACC_01649,Nathaniel Gilbert,BR-DEL,CURRENT,False,normal
ACC_01650,Christopher Rivera,BR-LKO,SAVINGS,False,normal
ACC_01651,Michael Hendricks,BR-BLR,SAVINGS,False,normal
ACC_01652,Maria Olson,BR-MUM,SAVINGS,False,normal
ACC_01653,Stephanie Herrera,BR-BLR,CURRENT,False,normal
ACC_01654,Richard Gutierrez,BR-DEL,SAVINGS,False,normal
ACC_01655,Sandy Evans,BR-DEL,CURRENT,False,normal
ACC_01656,Emily Herrera,BR-LKO,CURRENT,False,normal
ACC_01657,Michael Marsh,BR-MUM,CURRENT,False,normal
ACC_01658,Heather Montes,BR-LKO,CURRENT,False,normal
ACC_01659,Andre Terrell,BR-BLR,CURRENT,False,normal
ACC_01660,Sarah Duncan,BR-DEL,CURRENT,False,normal
ACC_01661,Kurt Hancock,BR-KOL,SAVINGS,False,normal
ACC_01662,Michele Edwards,BR-MUM,CURRENT,False,normal
ACC_01663,Jason Crawford,BR-DEL,SAVINGS,False,normal
ACC_01664,Jesse Sampson,BR-BLR,SAVINGS,False,normal
ACC_01665,Eric Rodriguez,BR-BLR,CURRENT,False,normal
ACC_01666,Paula Gentry,BR-DEL,SAVINGS,False,normal
ACC_01667,Alexander Webb,BR-BLR,SAVINGS,False,normal
ACC_01668,Cheryl Mclean,BR-LKO,SAVINGS,False,normal
ACC_01669,Kelly Rowe,BR-DEL,SAVINGS,False,normal
ACC_01670,Shane Short,BR-BLR,CURRENT,False,normal
ACC_01671,Megan Anderson,BR-DEL,CURRENT,False,normal
ACC_01672,Julia Reeves,BR-MUM,CURRENT,False,normal
ACC_01673,April Randolph,BR-MUM,SAVINGS,False,normal
ACC_01674,Linda Miller,BR-DEL,CURRENT,False,normal
ACC_01675,Angel Meyer,BR-MUM,SAVINGS,False,normal
ACC_01676,Emily Lane,BR-LKO,CURRENT,False,normal
ACC_01677,Steven Flores,BR-BLR,CURRENT,False,normal
ACC_01678,Donald Flores,BR-MUM,SAVINGS,False,normal
ACC_01679,Bruce Hernandez,BR-DEL,CURRENT,False,normal
ACC_01680,Adrian Dean,BR-KOL,CURRENT,False,normal
ACC_01681,Christine Bell,BR-MUM,SAVINGS,False,normal
ACC_01682,Charles Bush,BR-BLR,SAVINGS,False,normal
ACC_01683,David Jones,BR-LKO,SAVINGS,False,normal
ACC_01684,Gina Wallace,BR-BLR,CURRENT,False,normal
ACC_01685,John Lowe,BR-MUM,SAVINGS,False,normal
ACC_01686,Anthony Simmons,BR-DEL,SAVINGS,False,normal
ACC_01687,Kyle Watkins,BR-MUM,CURRENT,False,normal
ACC_01688,Melissa Jensen,BR-DEL,CURRENT,False,normal
ACC_01689,Robert Marquez,BR-DEL,CURRENT,False,normal
ACC_01690,Kim Beltran,BR-LKO,CURRENT,False,normal
ACC_01691,Julie Anderson,BR-LKO,CURRENT,False,normal
ACC_01692,Tamara Mcdonald,BR-DEL,CURRENT,False,normal
ACC_01693,Michael Mckinney,BR-MUM,CURRENT,False,normal
ACC_01694,David Walker,BR-LKO,CURRENT,False,normal
ACC_01695,Lisa Durham,BR-MUM,CURRENT,False,normal
ACC_01696,Michael Ortega,BR-DEL,CURRENT,False,normal
ACC_01697,Sonya Chavez,BR-LKO,CURRENT,False,normal
ACC_01698,John Bell,BR-BLR,SAVINGS,False,normal
ACC_01699,Christopher Tate,BR-BLR,SAVINGS,False,normal
ACC_01700,Bethany Garcia,BR-MUM,SAVINGS,False,normal
ACC_01701,Rebecca Nguyen,BR-DEL,CURRENT,False,normal
ACC_01702,Rebecca Patel,BR-KOL,CURRENT,False,normal
ACC_01703,Jason Oliver,BR-KOL,SAVINGS,False,normal
ACC_01704,Valerie Reyes,BR-KOL,SAVINGS,False,normal
ACC_01705,Robert Garza,BR-LKO,CURRENT,False,normal
ACC_01706,Jessica Cobb,BR-KOL,CURRENT,False,normal
ACC_01707,Cynthia Bates,BR-KOL,SAVINGS,False,normal
ACC_01708,Timothy Andrews,BR-LKO,CURRENT,False,normal
ACC_01709,Mr. Joel Peters,BR-DEL,CURRENT,False,normal
ACC_01710,Casey Blanchard,BR-DEL,SAVINGS,False,normal
ACC_01711,Brian Cervantes,BR-DEL,CURRENT,False,normal
ACC_01712,Jamie Snyder,BR-MUM,SAVINGS,False,normal
ACC_01713,Ann Montoya,BR-MUM,SAVINGS,False,normal
ACC_01714,Stephanie Fields,BR-MUM,SAVINGS,False,normal
ACC_01715,Charles Hernandez,BR-LKO,SAVINGS,False,normal
ACC_01716,Jean Lane,BR-LKO,SAVINGS,False,normal
ACC_01717,Michael Stewart,BR-MUM,CURRENT,False,normal
ACC_01718,Susan Torres,BR-BLR,SAVINGS,False,normal
ACC_01719,Jessica Haas,BR-DEL,CURRENT,False,normal
ACC_01720,Brandon Smith,BR-KOL,CURRENT,False,normal
ACC_01721,Mrs. Bethany Phillips,BR-KOL,CURRENT,False,normal
ACC_01722,Joshua Brown,BR-BLR,CURRENT,False,normal
ACC_01723,Samantha Howard,BR-DEL,CURRENT,False,normal
ACC_01724,Sharon Young,BR-DEL,CURRENT,False,normal
ACC_01725,Jennifer Flores,BR-MUM,SAVINGS,False,normal
ACC_01726,James Gardner,BR-KOL,SAVINGS,False,normal
ACC_01727,Karen Lopez,BR-DEL,SAVINGS,False,normal
ACC_01728,Tim Larsen,BR-BLR,CURRENT,False,normal
ACC_01729,Zachary Santiago,BR-LKO,CURRENT,False,normal
ACC_01730,Benjamin Smith,BR-LKO,CURRENT,False,normal
ACC_01731,Katelyn Kim,BR-KOL,CURRENT,False,normal
ACC_01732,Angela May MD,BR-DEL,SAVINGS,False,normal
ACC_01733,Richard Munoz,BR-BLR,CURRENT,False,normal
ACC_01734,Christopher Hicks,BR-MUM,CURRENT,False,normal
ACC_01735,Joanna Kelly,BR-DEL,CURRENT,False,normal
ACC_01736,Larry Lane,BR-BLR,SAVINGS,False,normal
ACC_01737,Cynthia Shaw,BR-DEL,CURRENT,False,normal
ACC_01738,Joshua Richardson,BR-BLR,CURRENT,False,normal
ACC_01739,Laura Bush,BR-DEL,CURRENT,False,normal
ACC_01740,John Vaughn,BR-BLR,CURRENT,False,normal
ACC_01741,Nicholas Terrell,BR-BLR,CURRENT,False,normal
ACC_01742,Dr. Julie Miller,BR-DEL,SAVINGS,False,normal
ACC_01743,Ann Kennedy,BR-MUM,CURRENT,False,normal
ACC_01744,Toni Miller,BR-LKO,CURRENT,False,normal
ACC_01745,Rebecca Edwards,BR-BLR,CURRENT,False,normal
ACC_01746,Greg Osborne,BR-KOL,SAVINGS,False,normal
ACC_01747,Jose Harrison,BR-MUM,CURRENT,False,normal
ACC_01748,Jennifer Yu,BR-MUM,CURRENT,False,normal
ACC_01749,Donna Johnson,BR-LKO,CURRENT,False,normal
ACC_01750,Nicole Acosta,BR-DEL,SAVINGS,False,normal
ACC_01751,Amy Kennedy,BR-DEL,CURRENT,False,normal
ACC_01752,Anthony Mooney,BR-KOL,CURRENT,False,normal
ACC_01753,Lori Mitchell,BR-MUM,SAVINGS,False,normal
ACC_01754,Jonathan York,BR-MUM,SAVINGS,False,normal
ACC_01755,Casey Campbell,BR-MUM,SAVINGS,False,normal
ACC_01756,Alexis Rodriguez,BR-MUM,SAVINGS,False,normal
ACC_01757,Kevin Hernandez,BR-LKO,SAVINGS,False,normal
ACC_01758,Robert Green,BR-BLR,SAVINGS,False,normal
ACC_01759,Kari Lloyd,BR-BLR,CURRENT,False,normal
ACC_01760,Grace Miller,BR-LKO,CURRENT,False,normal
ACC_01761,Timothy Moore,BR-DEL,SAVINGS,False,normal
ACC_01762,Wyatt Townsend II,BR-MUM,CURRENT,False,normal
ACC_01763,Mark Clark,BR-LKO,CURRENT,False,normal
ACC_01764,Haley May,BR-MUM,CURRENT,False,normal
ACC_01765,Audrey Jackson,BR-KOL,CURRENT,False,normal
ACC_01766,Eric Reese,BR-BLR,SAVINGS,False,normal
ACC_01767,Kim James,BR-BLR,SAVINGS,False,normal
ACC_01768,Karen Thomas,BR-BLR,SAVINGS,False,normal
ACC_01769,Alexandra Ho,BR-LKO,SAVINGS,False,normal
ACC_01770,Michael Nixon,BR-MUM,SAVINGS,False,normal
ACC_01771,Amanda Hardin,BR-MUM,SAVINGS,False,normal
ACC_01772,Tina Reynolds,BR-MUM,CURRENT,False,normal
ACC_01773,Shannon Rogers,BR-LKO,SAVINGS,False,normal
ACC_01774,Brett Pena,BR-DEL,CURRENT,False,normal
ACC_01775,Raymond Curry,BR-MUM,SAVINGS,False,normal
ACC_01776,Leah Lee,BR-KOL,SAVINGS,False,normal
ACC_01777,Michael White,BR-MUM,CURRENT,False,normal
ACC_01778,Megan Decker,BR-KOL,CURRENT,False,normal
ACC_01779,Brent Garcia,BR-BLR,CURRENT,False,normal
ACC_01780,Daniel Campbell,BR-LKO,CURRENT,False,normal
ACC_01781,Alexander Davis,BR-LKO,CURRENT,False,normal
ACC_01782,Mary Houston,BR-MUM,CURRENT,False,normal
ACC_01783,Margaret Erickson,BR-BLR,CURRENT,False,normal
ACC_01784,Scott Anderson,BR-KOL,SAVINGS,False,normal
ACC_01785,Stephanie Knight,BR-DEL,CURRENT,False,normal
ACC_01786,Stephanie Dominguez,BR-KOL,CURRENT,False,normal
ACC_01787,John Mayer,BR-BLR,SAVINGS,False,normal
ACC_01788,Tammy Hill,BR-LKO,SAVINGS,False,normal
ACC_01789,Steven Carrillo,BR-BLR,CURRENT,False,normal
ACC_01790,Christopher Jones,BR-BLR,CURRENT,False,normal
ACC_01791,Janet Cook,BR-BLR,CURRENT,False,normal
ACC_01792,Tyler Baker,BR-MUM,SAVINGS,False,normal
ACC_01793,John Mcfarland,BR-KOL,SAVINGS,False,normal
ACC_01794,Cassandra Vasquez,BR-DEL,CURRENT,False,normal
ACC_01795,Randy Robinson,BR-BLR,SAVINGS,False,normal
ACC_01796,Susan Baldwin,BR-DEL,CURRENT,False,normal
ACC_01797,Benjamin Duncan,BR-BLR,CURRENT,False,normal
ACC_01798,Jeremy Mosley,BR-LKO,CURRENT,False,normal
ACC_01799,Martin Fitzpatrick,BR-LKO,SAVINGS,False,normal
ACC_01800,Deborah Graves,BR-KOL,SAVINGS,False,normal
ACC_01801,Laura Robertson,BR-BLR,SAVINGS,False,normal
ACC_01802,Katherine Graham,BR-KOL,CURRENT,False,normal
ACC_01803,Priscilla Floyd,BR-BLR,CURRENT,False,normal
ACC_01804,April Finley,BR-MUM,SAVINGS,False,normal
ACC_01805,Karen Bradley,BR-BLR,SAVINGS,False,normal
ACC_01806,Heather Maldonado,BR-LKO,SAVINGS,False,normal
ACC_01807,Mark Benjamin,BR-BLR,SAVINGS,False,normal
ACC_01808,Joseph Woodward,BR-BLR,SAVINGS,False,normal
ACC_01809,Joe Miranda,BR-MUM,CURRENT,False,normal
ACC_01810,Cassandra Williams,BR-MUM,CURRENT,False,normal
ACC_01811,Connor Dominguez,BR-LKO,CURRENT,False,normal
ACC_01812,Lydia Howard,BR-BLR,CURRENT,False,normal
ACC_01813,Mark Moss,BR-KOL,CURRENT,False,normal
ACC_01814,Corey Cortez,BR-LKO,SAVINGS,False,normal
ACC_01815,Katherine Brown,BR-LKO,SAVINGS,False,normal
ACC_01816,Elizabeth Ferguson,BR-KOL,SAVINGS,False,normal
ACC_01817,Joann Forbes,BR-LKO,SAVINGS,False,normal
ACC_01818,Anthony French,BR-KOL,SAVINGS,False,normal
ACC_01819,Bruce Roman,BR-LKO,CURRENT,False,normal
ACC_01820,Judy Gregory,BR-LKO,SAVINGS,False,normal
ACC_01821,Brittany Riley,BR-MUM,SAVINGS,False,normal
ACC_01822,Amanda Thomas,BR-MUM,CURRENT,False,normal
ACC_01823,Kaitlin Hardin,BR-LKO,CURRENT,False,normal
ACC_01824,Michael Anderson,BR-MUM,CURRENT,False,normal
ACC_01825,Anthony Parker,BR-MUM,SAVINGS,False,normal
ACC_01826,Joy Jackson,BR-LKO,CURRENT,False,normal
ACC_01827,Sabrina Rodriguez,BR-MUM,CURRENT,False,normal
ACC_01828,Robert Walker PhD,BR-DEL,SAVINGS,False,normal
ACC_01829,Robert Hendrix,BR-LKO,CURRENT,False,normal
ACC_01830,Erika Daugherty,BR-MUM,SAVINGS,False,normal
ACC_01831,Brenda Copeland,BR-KOL,SAVINGS,False,normal
ACC_01832,Pamela Watkins,BR-LKO,SAVINGS,False,normal
ACC_01833,Bryan Thomas,BR-MUM,CURRENT,False,normal
ACC_01834,Michael Tran,BR-LKO,CURRENT,False,normal
ACC_01835,Timothy Williams,BR-LKO,CURRENT,False,normal
ACC_01836,Ryan Salazar,BR-LKO,SAVINGS,False,normal
ACC_01837,Alexis Tucker,BR-DEL,SAVINGS,False,normal
ACC_01838,Christopher Davis,BR-BLR,SAVINGS,False,normal
ACC_01839,Stacie Butler,BR-BLR,SAVINGS,False,normal
ACC_01840,Patricia Schwartz,BR-DEL,SAVINGS,False,normal
ACC_01841,Mark Mills,BR-MUM,SAVINGS,False,normal
ACC_01842,Todd Bishop,BR-BLR,CURRENT,False,normal
ACC_01843,Christopher Porter,BR-MUM,SAVINGS,False,normal
ACC_01844,Lori Patton,BR-LKO,CURRENT,False,normal
ACC_01845,Aaron Young,BR-MUM,SAVINGS,False,normal
ACC_01846,Joseph Davis,BR-DEL,CURRENT,False,normal
ACC_01847,Philip Fernandez,BR-BLR,CURRENT,False,normal
ACC_01848,Randy Hopkins,BR-KOL,CURRENT,False,normal
ACC_01849,Cory Hogan,BR-LKO,SAVINGS,False,normal
ACC_01850,Tracy Wells,BR-BLR,CURRENT,False,normal
ACC_01851,Michael Williams,BR-BLR,SAVINGS,False,normal
ACC_01852,Dominique Hamilton,BR-MUM,CURRENT,False,normal
ACC_01853,Robert Chang,BR-DEL,SAVINGS,False,normal
ACC_01854,Patrick Buckley,BR-MUM,SAVINGS,False,normal
ACC_01855,Richard Washington,BR-MUM,SAVINGS,False,normal
ACC_01856,Steven Griffith,BR-KOL,SAVINGS,False,normal
ACC_01857,Erika Gonzalez,BR-DEL,CURRENT,False,normal
ACC_01858,Erika Maxwell,BR-DEL,CURRENT,False,normal
ACC_01859,Brent Rojas,BR-BLR,SAVINGS,False,normal
ACC_01860,Jaime Walker,BR-KOL,SAVINGS,False,normal
ACC_01861,John Zamora,BR-DEL,SAVINGS,False,normal
ACC_01862,Timothy Gibson,BR-DEL,SAVINGS,False,normal
ACC_01863,Chad Cortez,BR-LKO,CURRENT,False,normal
ACC_01864,Vanessa Harris,BR-LKO,SAVINGS,False,normal
ACC_01865,Michael Brown,BR-KOL,CURRENT,False,normal
ACC_01866,Samuel Ellis,BR-LKO,SAVINGS,False,normal
ACC_01867,Greg Tanner,BR-MUM,SAVINGS,False,normal
ACC_01868,Rachel Little,BR-BLR,CURRENT,False,normal
ACC_01869,Carolyn Cordova,BR-DEL,CURRENT,False,normal
ACC_01870,Angelica Vincent,BR-KOL,SAVINGS,False,normal
ACC_01871,Zachary Vargas PhD,BR-LKO,SAVINGS,False,normal
ACC_01872,Nicholas Fitzgerald,BR-KOL,SAVINGS,False,normal
ACC_01873,Garrett Riley,BR-BLR,SAVINGS,False,normal
ACC_01874,Leslie Hernandez,BR-DEL,CURRENT,False,normal
ACC_01875,Abigail Baird,BR-MUM,SAVINGS,False,normal
ACC_01876,John Mack,BR-BLR,SAVINGS,False,normal
ACC_01877,Joseph Mendoza,BR-BLR,CURRENT,False,normal
ACC_01878,Samantha Chavez,BR-BLR,SAVINGS,False,normal
ACC_01879,Justin Smith,BR-DEL,CURRENT,False,normal
ACC_01880,Tiffany Anderson,BR-MUM,CURRENT,False,normal
ACC_01881,Matthew Davis,BR-BLR,SAVINGS,False,normal
ACC_01882,Eric Warner,BR-DEL,SAVINGS,False,normal
ACC_01883,Nicole Johnson,BR-DEL,SAVINGS,False,normal
ACC_01884,Raymond Sawyer,BR-KOL,CURRENT,False,normal
ACC_01885,Richard Wood,BR-MUM,SAVINGS,False,normal
ACC_01886,Mark Dalton,BR-KOL,SAVINGS,False,normal
ACC_01887,Steven Cook,BR-DEL,CURRENT,False,normal
ACC_01888,Jeffery Nelson,BR-MUM,CURRENT,False,normal
ACC_01889,Kimberly Norton,BR-BLR,CURRENT,False,normal
ACC_01890,Angela Gilmore,BR-LKO,SAVINGS,False,normal
ACC_01891,Amy Dougherty,BR-DEL,SAVINGS,False,normal
ACC_01892,Stacy Rodriguez,BR-DEL,CURRENT,False,normal
ACC_01893,Manuel Diaz,BR-BLR,CURRENT,False,normal
ACC_01894,Justin Jones,BR-LKO,SAVINGS,False,normal
ACC_01895,Christine Zavala,BR-DEL,SAVINGS,False,normal
ACC_01896,Brian Mendoza,BR-DEL,SAVINGS,False,normal
ACC_01897,Lauren Haley,BR-MUM,CURRENT,False,normal
ACC_01898,Patrick Perez,BR-BLR,CURRENT,False,normal
ACC_01899,Derek Frazier,BR-KOL,CURRENT,False,normal
ACC_01900,Arthur Reed,BR-DEL,CURRENT,False,normal
ACC_01901,Mr. Bryan Mckinney,BR-BLR,SAVINGS,False,normal
ACC_01902,Kim Carter,BR-DEL,CURRENT,False,normal
ACC_01903,Rebecca Dougherty,BR-LKO,CURRENT,False,normal
ACC_01904,Teresa Jones,BR-BLR,CURRENT,False,normal
ACC_01905,Judith Miller,BR-LKO,CURRENT,False,normal
ACC_01906,Donna Frye,BR-MUM,SAVINGS,False,normal
ACC_01907,Donald Terry,BR-MUM,SAVINGS,False,normal
ACC_01908,Shaun Meyer DDS,BR-MUM,SAVINGS,False,normal
ACC_01909,Wayne Weaver,BR-LKO,CURRENT,False,normal
ACC_01910,Gregory Wallace,BR-KOL,CURRENT,False,normal
ACC_01911,Dorothy Brown,BR-MUM,CURRENT,False,normal
ACC_01912,Crystal Meza,BR-BLR,SAVINGS,False,normal
ACC_01913,Jennifer Cooper,BR-MUM,CURRENT,False,normal
ACC_01914,Erin Watkins,BR-LKO,SAVINGS,False,normal
ACC_01915,Sarah Wallace,BR-LKO,CURRENT,False,normal
ACC_01916,Carlos Clarke,BR-DEL,SAVINGS,False,normal
ACC_01917,David Washington,BR-BLR,CURRENT,False,normal
ACC_01918,Patricia Williams,BR-DEL,SAVINGS,False,normal
ACC_01919,Jesus Jackson,BR-BLR,SAVINGS,False,normal
ACC_01920,Michelle Mitchell,BR-LKO,SAVINGS,False,normal
ACC_01921,Sara Schwartz,BR-LKO,CURRENT,False,normal
ACC_01922,Brittany Young,BR-LKO,SAVINGS,False,normal
ACC_01923,Eugene Martinez,BR-KOL,SAVINGS,False,normal
ACC_01924,Cody Hart,BR-DEL,SAVINGS,False,normal
ACC_01925,Evan Cooper,BR-KOL,CURRENT,False,normal
ACC_01926,Joshua Martin,BR-LKO,SAVINGS,False,normal
ACC_01927,Thomas Sullivan,BR-DEL,CURRENT,False,normal
ACC_01928,Mr. Jimmy Flores Jr.,BR-BLR,SAVINGS,False,normal
ACC_01929,Vanessa Rivera,BR-BLR,CURRENT,False,normal
ACC_01930,Kara Roberts,BR-DEL,SAVINGS,False,normal
ACC_01931,Veronica Berry,BR-KOL,CURRENT,False,normal
ACC_01932,Keith Meadows,BR-LKO,SAVINGS,False,normal
ACC_01933,Michael Dennis,BR-DEL,CURRENT,False,normal
ACC_01934,Brenda Pierce,BR-LKO,CURRENT,False,normal
ACC_01935,James Randall,BR-DEL,CURRENT,False,normal
ACC_01936,Brandon Brown,BR-LKO,CURRENT,False,normal
ACC_01937,Lauren Walker,BR-DEL,CURRENT,False,normal
ACC_01938,Diana Johnson,BR-DEL,SAVINGS,False,normal
ACC_01939,Jill Powers,BR-LKO,CURRENT,False,normal
ACC_01940,Jorge Lee,BR-DEL,SAVINGS,False,normal
ACC_01941,Larry Harding,BR-DEL,CURRENT,False,normal
ACC_01942,Heather Hernandez,BR-KOL,SAVINGS,False,normal
ACC_01943,Jaclyn Watson,BR-LKO,CURRENT,False,normal
ACC_01944,Gregory Madden,BR-BLR,SAVINGS,False,normal
ACC_01945,Anita Luna,BR-MUM,CURRENT,False,normal
ACC_01946,Willie Lara,BR-BLR,CURRENT,False,normal
ACC_01947,Robert Waller,BR-BLR,CURRENT,False,normal
ACC_01948,Steven Taylor,BR-DEL,SAVINGS,False,normal
ACC_01949,Angelica Clark,BR-MUM,SAVINGS,False,normal
ACC_01950,Sean Hatfield,BR-BLR,CURRENT,False,normal
ACC_01951,Tyler Avila,BR-BLR,CURRENT,False,normal
ACC_01952,Jason Rocha,BR-DEL,SAVINGS,False,normal
ACC_01953,Justin Page,BR-MUM,CURRENT,False,normal
ACC_01954,Breanna Lopez,BR-MUM,CURRENT,False,normal
ACC_01955,Julian Williams,BR-DEL,CURRENT,False,normal
ACC_01956,Sandra Torres,BR-KOL,SAVINGS,False,normal
ACC_01957,Julie Johnson,BR-MUM,SAVINGS,False,normal
ACC_01958,Dennis Blanchard,BR-LKO,SAVINGS,False,normal
ACC_01959,Kaitlyn Valdez,BR-LKO,SAVINGS,False,normal
ACC_01960,Jennifer Vasquez,BR-BLR,SAVINGS,False,normal
ACC_01961,Danielle Wilson,BR-LKO,SAVINGS,False,normal
ACC_01962,Zachary Jones,BR-KOL,SAVINGS,False,normal
ACC_01963,Lauren Cunningham,BR-LKO,CURRENT,False,normal
ACC_01964,Lori Alvarez,BR-KOL,SAVINGS,False,normal
ACC_01965,Barbara Hunt,BR-LKO,SAVINGS,False,normal
ACC_01966,Sarah Martin,BR-KOL,SAVINGS,False,normal
ACC_01967,Francisco Johns,BR-KOL,CURRENT,False,normal
ACC_01968,Christopher Nelson,BR-KOL,CURRENT,False,normal
ACC_01969,Thomas Kelly,BR-KOL,SAVINGS,False,normal
ACC_01970,Joseph Mayer,BR-KOL,SAVINGS,False,normal
ACC_01971,Pamela White,BR-MUM,SAVINGS,False,normal
ACC_01972,Paul Stephens,BR-LKO,CURRENT,False,normal
ACC_01973,Samantha Cohen,BR-KOL,CURRENT,False,normal
ACC_01974,Michael Barker,BR-LKO,SAVINGS,False,normal
ACC_01975,Kevin Morrow,BR-BLR,CURRENT,False,normal
ACC_01976,Joseph Watson,BR-BLR,CURRENT,False,normal
ACC_01977,Mr. Thomas Garcia,BR-LKO,SAVINGS,False,normal
ACC_01978,Daniel Lopez,BR-MUM,CURRENT,False,normal
ACC_01979,Lisa Guerra,BR-KOL,CURRENT,False,normal
ACC_01980,Kim Arnold,BR-KOL,CURRENT,False,normal
ACC_01981,Ashley Stevens,BR-KOL,SAVINGS,False,normal
ACC_01982,Robert Mclean,BR-MUM,SAVINGS,False,normal
ACC_01983,Eric Cox,BR-KOL,CURRENT,False,normal
ACC_01984,Stacy Harper,BR-BLR,SAVINGS,False,normal
ACC_01985,Gloria Mckinney,BR-MUM,CURRENT,False,normal
ACC_01986,Robert Walker,BR-DEL,CURRENT,False,normal
ACC_01987,Brenda Perez,BR-KOL,CURRENT,False,normal
ACC_01988,Carlos Miller,BR-KOL,CURRENT,False,normal
ACC_01989,Rachel Jones,BR-KOL,CURRENT,False,normal
ACC_01990,Nicole Williams,BR-LKO,SAVINGS,False,normal
ACC_01991,Ricky Palmer,BR-KOL,SAVINGS,False,normal
ACC_01992,Bryan King,BR-DEL,CURRENT,False,normal
ACC_01993,Michael Webster,BR-MUM,SAVINGS,False,normal
ACC_01994,Tamara Harris,BR-DEL,SAVINGS,False,normal
ACC_01995,Cathy Bell,BR-BLR,SAVINGS,False,normal
ACC_01996,Ryan Mcmahon,BR-BLR,CURRENT,False,normal
ACC_01997,Hannah Martin,BR-MUM,SAVINGS,False,normal
ACC_01998,Monica Allen,BR-BLR,SAVINGS,False,normal
ACC_01999,Annette Lane,BR-KOL,SAVINGS,False,normal
KING_00,Daniel Lee,BR-DEL,CURRENT,True,kingpin
SINK_00,Steven Medina,BR-MUM,CURRENT,True,sink
MULE_00_000,Annette Lewis,BR-BLR,SAVINGS,True,mule
MULE_00_001,Michelle Richardson,BR-BLR,SAVINGS,True,mule
MULE_00_002,Jessica Rosario,BR-BLR,SAVINGS,True,mule
MULE_00_003,Henry Gray,BR-BLR,SAVINGS,True,mule
MULE_00_004,Darren Rodriguez,BR-BLR,SAVINGS,True,mule
MULE_00_005,Mrs. Ashley Taylor,BR-BLR,SAVINGS,True,mule
MULE_00_006,Michele Hawkins,BR-BLR,SAVINGS,True,mule
MULE_00_007,Garrett Wilson,BR-BLR,SAVINGS,True,mule
MULE_00_008,Kyle Collins,BR-BLR,SAVINGS,True,mule
MULE_00_009,Jill Spencer,BR-BLR,SAVINGS,True,mule
MULE_00_010,Scott Lopez,BR-BLR,SAVINGS,True,mule
MULE_00_011,Ryan Alvarez,BR-BLR,SAVINGS,True,mule
MULE_00_012,Cassie Lutz,BR-BLR,SAVINGS,True,mule
MULE_00_013,Brian Kim DDS,BR-BLR,SAVINGS,True,mule
MULE_00_014,Charles Morales,BR-BLR,SAVINGS,True,mule
MULE_00_015,Ashley Schaefer,BR-BLR,SAVINGS,True,mule
MULE_00_016,Amy Hester,BR-BLR,SAVINGS,True,mule
MULE_00_017,Kurt Ewing,BR-BLR,SAVINGS,True,mule
MULE_00_018,Ryan Hardy,BR-BLR,SAVINGS,True,mule
MULE_00_019,Micheal Perkins,BR-BLR,SAVINGS,True,mule
MULE_00_020,Richard Schneider,BR-BLR,SAVINGS,True,mule
MULE_00_021,John Morrison,BR-BLR,SAVINGS,True,mule
MULE_00_022,John Ramirez,BR-BLR,SAVINGS,True,mule
MULE_00_023,Ashley King,BR-BLR,SAVINGS,True,mule
MULE_00_024,Mark Taylor Jr.,BR-BLR,SAVINGS,True,mule
MULE_00_025,Barry Gregory,BR-BLR,SAVINGS,True,mule
MULE_00_026,Janet Shelton,BR-BLR,SAVINGS,True,mule
MULE_00_027,Marco Davis,BR-BLR,SAVINGS,True,mule
MULE_00_028,Paul Saunders,BR-BLR,SAVINGS,True,mule
MULE_00_029,Christina Bates,BR-BLR,SAVINGS,True,mule
MULE_00_030,Dennis Cooper PhD,BR-BLR,SAVINGS,True,mule
MULE_00_031,Tiffany Johnson,BR-BLR,SAVINGS,True,mule
MULE_00_032,Thomas Reyes,BR-BLR,SAVINGS,True,mule
MULE_00_033,James Stevens,BR-BLR,SAVINGS,True,mule
MULE_00_034,Justin Dalton,BR-BLR,SAVINGS,True,mule
MULE_00_035,Michael Henry,BR-BLR,SAVINGS,True,mule
MULE_00_036,Mike Freeman,BR-BLR,SAVINGS,True,mule
MULE_00_037,Michael Keller,BR-BLR,SAVINGS,True,mule
MULE_00_038,Laura Alvarez,BR-BLR,SAVINGS,True,mule
MULE_00_039,Katie Myers,BR-BLR,SAVINGS,True,mule
MULE_00_040,Wesley Jensen MD,BR-BLR,SAVINGS,True,mule
MULE_00_041,Erica Johnson,BR-BLR,SAVINGS,True,mule
MULE_00_042,Russell Bailey,BR-BLR,SAVINGS,True,mule
MULE_00_043,Alyssa Vance,BR-BLR,SAVINGS,True,mule
MULE_00_044,Brent Reed,BR-BLR,SAVINGS,True,mule
MULE_00_045,Gregory Stanley,BR-BLR,SAVINGS,True,mule
MULE_00_046,Matthew Watkins,BR-BLR,SAVINGS,True,mule
MULE_00_047,Ana Torres,BR-BLR,SAVINGS,True,mule
KING_01,Alejandro Nguyen,BR-DEL,CURRENT,True,kingpin
SINK_01,Scott Bradley,BR-MUM,CURRENT,True,sink
MULE_01_000,Deborah Dominguez,BR-BLR,SAVINGS,True,mule
MULE_01_001,Victoria Gray,BR-BLR,SAVINGS,True,mule
MULE_01_002,Kenneth Stokes,BR-BLR,SAVINGS,True,mule
MULE_01_003,Michael Rogers,BR-BLR,SAVINGS,True,mule
MULE_01_004,Pamela Morgan,BR-BLR,SAVINGS,True,mule
MULE_01_005,Heidi Graham,BR-BLR,SAVINGS,True,mule
MULE_01_006,Ryan Cobb PhD,BR-BLR,SAVINGS,True,mule
MULE_01_007,Donna Williams,BR-BLR,SAVINGS,True,mule
MULE_01_008,Jennifer Perez PhD,BR-BLR,SAVINGS,True,mule
MULE_01_009,Ryan Davis,BR-BLR,SAVINGS,True,mule
MULE_01_010,Austin Solis,BR-BLR,SAVINGS,True,mule
MULE_01_011,Daniel Flynn,BR-BLR,SAVINGS,True,mule
MULE_01_012,Elizabeth Brock,BR-BLR,SAVINGS,True,mule
MULE_01_013,Joshua Gonzalez,BR-BLR,SAVINGS,True,mule
MULE_01_014,Mario Chavez,BR-BLR,SAVINGS,True,mule
MULE_01_015,Catherine Smith,BR-BLR,SAVINGS,True,mule
MULE_01_016,Shari Ray,BR-BLR,SAVINGS,True,mule
MULE_01_017,Victor Harmon,BR-BLR,SAVINGS,True,mule
MULE_01_018,Timothy Patel,BR-BLR,SAVINGS,True,mule
MULE_01_019,Patricia Hamilton,BR-BLR,SAVINGS,True,mule
MULE_01_020,Lori Boyd,BR-BLR,SAVINGS,True,mule
MULE_01_021,Charles Hernandez,BR-BLR,SAVINGS,True,mule
MULE_01_022,Elizabeth Graham,BR-BLR,SAVINGS,True,mule
MULE_01_023,Ronald Brown,BR-BLR,SAVINGS,True,mule
MULE_01_024,Jason Colon,BR-BLR,SAVINGS,True,mule
MULE_01_025,Dawn Burke,BR-BLR,SAVINGS,True,mule
MULE_01_026,Brian Lee,BR-BLR,SAVINGS,True,mule
MULE_01_027,Ronald Marshall,BR-BLR,SAVINGS,True,mule
MULE_01_028,Jessica Lucas,BR-BLR,SAVINGS,True,mule
MULE_01_029,Christopher Taylor,BR-BLR,SAVINGS,True,mule
MULE_01_030,Robert Hopkins,BR-BLR,SAVINGS,True,mule
MULE_01_031,Samuel Stuart,BR-BLR,SAVINGS,True,mule
MULE_01_032,Mr. Scott Miller,BR-BLR,SAVINGS,True,mule
MULE_01_033,Sharon Lester,BR-BLR,SAVINGS,True,mule
MULE_01_034,Jack Sandoval,BR-BLR,SAVINGS,True,mule
MULE_01_035,Tony Ramsey,BR-BLR,SAVINGS,True,mule
MULE_01_036,Brian Navarro,BR-BLR,SAVINGS,True,mule
MULE_01_037,Kelly Calderon,BR-BLR,SAVINGS,True,mule
MULE_01_038,Tara King,BR-BLR,SAVINGS,True,mule
MULE_01_039,Cynthia Martinez,BR-BLR,SAVINGS,True,mule
MULE_01_040,Erin Silva,BR-BLR,SAVINGS,True,mule
MULE_01_041,Paul Young,BR-BLR,SAVINGS,True,mule
MULE_01_042,Charles Thompson,BR-BLR,SAVINGS,True,mule
MULE_01_043,Jessica King,BR-BLR,SAVINGS,True,mule
MULE_01_044,Katherine Brooks,BR-BLR,SAVINGS,True,mule
MULE_01_045,Emily Coleman,BR-BLR,SAVINGS,True,mule
MULE_01_046,Tracey Suarez,BR-BLR,SAVINGS,True,mule
KING_02,Heidi Baldwin,BR-DEL,CURRENT,True,kingpin
SINK_02,Alisha Rasmussen,BR-MUM,CURRENT,True,sink
MULE_02_000,Sarah Bates,BR-BLR,SAVINGS,True,mule
MULE_02_001,Melissa Mccormick,BR-BLR,SAVINGS,True,mule
MULE_02_002,Juan Parker,BR-BLR,SAVINGS,True,mule
MULE_02_003,Heidi Burnett,BR-BLR,SAVINGS,True,mule
MULE_02_004,Sean Mathews,BR-BLR,SAVINGS,True,mule
MULE_02_005,Theodore Long,BR-BLR,SAVINGS,True,mule
MULE_02_006,Dawn Davis,BR-BLR,SAVINGS,True,mule
MULE_02_007,Cynthia Clark,BR-BLR,SAVINGS,True,mule
MULE_02_008,Sydney Welch,BR-BLR,SAVINGS,True,mule
MULE_02_009,Pamela Sullivan,BR-BLR,SAVINGS,True,mule
MULE_02_010,Sean Morrow,BR-BLR,SAVINGS,True,mule
MULE_02_011,Kaitlin Gutierrez,BR-BLR,SAVINGS,True,mule
MULE_02_012,Michelle Mcdowell,BR-BLR,SAVINGS,True,mule
MULE_02_013,Samantha Hale,BR-BLR,SAVINGS,True,mule
MULE_02_014,Heather Guzman,BR-BLR,SAVINGS,True,mule
MULE_02_015,Nancy Chavez,BR-BLR,SAVINGS,True,mule
MULE_02_016,Anthony May,BR-BLR,SAVINGS,True,mule
MULE_02_017,Rachel Taylor,BR-BLR,SAVINGS,True,mule
MULE_02_018,Mark Edwards,BR-BLR,SAVINGS,True,mule
MULE_02_019,Christopher Black,BR-BLR,SAVINGS,True,mule
MULE_02_020,Sandra Hines,BR-BLR,SAVINGS,True,mule
MULE_02_021,Melissa Sparks,BR-BLR,SAVINGS,True,mule
MULE_02_022,John Moss,BR-BLR,SAVINGS,True,mule
MULE_02_023,Michael Serrano,BR-BLR,SAVINGS,True,mule
MULE_02_024,Christina Perry,BR-BLR,SAVINGS,True,mule
MULE_02_025,Shawn Duffy,BR-BLR,SAVINGS,True,mule
MULE_02_026,Courtney Vaughan,BR-BLR,SAVINGS,True,mule
MULE_02_027,Maria Sims,BR-BLR,SAVINGS,True,mule
MULE_02_028,Valerie Gonzalez,BR-BLR,SAVINGS,True,mule
MULE_02_029,Caroline Morales,BR-BLR,SAVINGS,True,mule
MULE_02_030,David Davis,BR-BLR,SAVINGS,True,mule
KING_03,Travis Wilson,BR-DEL,CURRENT,True,kingpin
SINK_03,Jessica Mora,BR-MUM,CURRENT,True,sink
MULE_03_000,Michael Wilson,BR-BLR,SAVINGS,True,mule
MULE_03_001,Cheryl Atkins,BR-BLR,SAVINGS,True,mule
MULE_03_002,Donna Snyder,BR-BLR,SAVINGS,True,mule
MULE_03_003,Scott Greene,BR-BLR,SAVINGS,True,mule
MULE_03_004,Diane Byrd MD,BR-BLR,SAVINGS,True,mule
MULE_03_005,Charles Roberts,BR-BLR,SAVINGS,True,mule
MULE_03_006,Luke Solomon,BR-BLR,SAVINGS,True,mule
MULE_03_007,Michael Ellis,BR-BLR,SAVINGS,True,mule
MULE_03_008,Casey Morris,BR-BLR,SAVINGS,True,mule
MULE_03_009,Melissa Reeves,BR-BLR,SAVINGS,True,mule
MULE_03_010,Nancy Scott,BR-BLR,SAVINGS,True,mule
MULE_03_011,Anthony Cook,BR-BLR,SAVINGS,True,mule
MULE_03_012,Terry Barajas,BR-BLR,SAVINGS,True,mule
MULE_03_013,Tracy George,BR-BLR,SAVINGS,True,mule
MULE_03_014,Amber King,BR-BLR,SAVINGS,True,mule
MULE_03_015,Elizabeth Foster,BR-BLR,SAVINGS,True,mule
MULE_03_016,Walter Hansen,BR-BLR,SAVINGS,True,mule
MULE_03_017,Debbie Gordon,BR-BLR,SAVINGS,True,mule
MULE_03_018,Sherry Anderson,BR-BLR,SAVINGS,True,mule
MULE_03_019,Joseph Thomas,BR-BLR,SAVINGS,True,mule
MULE_03_020,Andrew Anderson,BR-BLR,SAVINGS,True,mule
MULE_03_021,Sandy Adkins,BR-BLR,SAVINGS,True,mule
MULE_03_022,Diane Mcdowell,BR-BLR,SAVINGS,True,mule
MULE_03_023,Pam Baker,BR-BLR,SAVINGS,True,mule
MULE_03_024,Steven Stewart,BR-BLR,SAVINGS,True,mule
MULE_03_025,Pamela Hernandez DVM,BR-BLR,SAVINGS,True,mule
MULE_03_026,Rebecca Brown,BR-BLR,SAVINGS,True,mule
MULE_03_027,David Johnson,BR-BLR,SAVINGS,True,mule
MULE_03_028,Michael Graham,BR-BLR,SAVINGS,True,mule
MULE_03_029,Tammy Williams MD,BR-BLR,SAVINGS,True,mule
MULE_03_030,Karina Vasquez,BR-BLR,SAVINGS,True,mule
MULE_03_031,Sharon Martinez,BR-BLR,SAVINGS,True,mule
MULE_03_032,Sean White,BR-BLR,SAVINGS,True,mule
MULE_03_033,Jordan Nelson,BR-BLR,SAVINGS,True,mule
MULE_03_034,Laurie Silva,BR-BLR,SAVINGS,True,mule
MULE_03_035,Kelly Duncan,BR-BLR,SAVINGS,True,mule
MULE_03_036,Billy Tate,BR-BLR,SAVINGS,True,mule
MULE_03_037,Stacy Johnson,BR-BLR,SAVINGS,True,mule
MULE_03_038,Melanie Long,BR-BLR,SAVINGS,True,mule
MULE_03_039,Tiffany Hood,BR-BLR,SAVINGS,True,mule
MULE_03_040,Brad Rivas,BR-BLR,SAVINGS,True,mule
MULE_03_041,Jordan Moses,BR-BLR,SAVINGS,True,mule
MULE_03_042,Abigail Booker,BR-BLR,SAVINGS,True,mule
MULE_03_043,Tiffany Nguyen,BR-BLR,SAVINGS,True,mule
MULE_03_044,Morgan Bernard,BR-BLR,SAVINGS,True,mule
MULE_03_045,Christine Williams,BR-BLR,SAVINGS,True,mule
MULE_03_046,Erica Brown,BR-BLR,SAVINGS,True,mule
MULE_03_047,Trevor James,BR-BLR,SAVINGS,True,mule
MULE_03_048,Christopher Hanna,BR-BLR,SAVINGS,True,mule
MULE_03_049,Ann Phelps,BR-BLR,SAVINGS,True,mule
MULE_03_050,Richard Mitchell,BR-BLR,SAVINGS,True,mule
MULE_03_051,Martha Martinez,BR-BLR,SAVINGS,True,mule
MULE_03_052,Jeffrey Drake MD,BR-BLR,SAVINGS,True,mule
MULE_03_053,Bonnie Wade,BR-BLR,SAVINGS,True,mule
MULE_03_054,Kayla Burns,BR-BLR,SAVINGS,True,mule
MULE_03_055,Karen Hart,BR-BLR,SAVINGS,True,mule
KING_04,Peter Shepherd,BR-DEL,CURRENT,True,kingpin
SINK_04,Jessica Simmons,BR-MUM,CURRENT,True,sink
MULE_04_000,Glenn Ford,BR-BLR,SAVINGS,True,mule
MULE_04_001,Michael Moore,BR-BLR,SAVINGS,True,mule
MULE_04_002,Mark Warren IV,BR-BLR,SAVINGS,True,mule
MULE_04_003,Terry Woods,BR-BLR,SAVINGS,True,mule
MULE_04_004,Carl Leach,BR-BLR,SAVINGS,True,mule
MULE_04_005,Kelly Phillips,BR-BLR,SAVINGS,True,mule
MULE_04_006,Billy Williams,BR-BLR,SAVINGS,True,mule
MULE_04_007,Jeffery Davis,BR-BLR,SAVINGS,True,mule
MULE_04_008,Laura King,BR-BLR,SAVINGS,True,mule
MULE_04_009,Brad Gordon,BR-BLR,SAVINGS,True,mule
MULE_04_010,Matthew White,BR-BLR,SAVINGS,True,mule
MULE_04_011,James Miller,BR-BLR,SAVINGS,True,mule
MULE_04_012,Elizabeth Matthews,BR-BLR,SAVINGS,True,mule
MULE_04_013,Michael Hanson,BR-BLR,SAVINGS,True,mule
MULE_04_014,Vincent Savage,BR-BLR,SAVINGS,True,mule
MULE_04_015,Cody Burgess,BR-BLR,SAVINGS,True,mule
MULE_04_016,Shelby Rodriguez,BR-BLR,SAVINGS,True,mule
MULE_04_017,Abigail Wilson,BR-BLR,SAVINGS,True,mule
MULE_04_018,John Holt,BR-BLR,SAVINGS,True,mule
MULE_04_019,Tracy Guzman,BR-BLR,SAVINGS,True,mule
MULE_04_020,Mr. William Ward,BR-BLR,SAVINGS,True,mule
MULE_04_021,Melissa Foster,BR-BLR,SAVINGS,True,mule
MULE_04_022,Calvin Smith,BR-BLR,SAVINGS,True,mule
MULE_04_023,Alan Waller,BR-BLR,SAVINGS,True,mule
MULE_04_024,Christine Wong,BR-BLR,SAVINGS,True,mule
MULE_04_025,Jessica Garrett,BR-BLR,SAVINGS,True,mule
MULE_04_026,Cheryl Turner,BR-BLR,SAVINGS,True,mule
MULE_04_027,John Johnson,BR-BLR,SAVINGS,True,mule
MULE_04_028,Christian Park,BR-BLR,SAVINGS,True,mule
MULE_04_029,Kaitlyn Heath,BR-BLR,SAVINGS,True,mule
MULE_04_030,Christina Hudson,BR-BLR,SAVINGS,True,mule
KING_05,Amber Smith,BR-DEL,CURRENT,True,kingpin
SINK_05,Michelle Petty,BR-MUM,CURRENT,True,sink
MULE_05_000,Nancy Larson,BR-BLR,SAVINGS,True,mule
MULE_05_001,Donna Freeman,BR-BLR,SAVINGS,True,mule
MULE_05_002,Mr. Logan Gregory,BR-BLR,SAVINGS,True,mule
MULE_05_003,Katherine Klein,BR-BLR,SAVINGS,True,mule
MULE_05_004,Jennifer Stewart,BR-BLR,SAVINGS,True,mule
MULE_05_005,Steven Butler,BR-BLR,SAVINGS,True,mule
MULE_05_006,Johnny Mcmillan,BR-BLR,SAVINGS,True,mule
MULE_05_007,Michael Smith,BR-BLR,SAVINGS,True,mule
MULE_05_008,Corey Cooper,BR-BLR,SAVINGS,True,mule
MULE_05_009,Daniel Stout,BR-BLR,SAVINGS,True,mule
MULE_05_010,Lance Kirby,BR-BLR,SAVINGS,True,mule
MULE_05_011,Bonnie Carter,BR-BLR,SAVINGS,True,mule
MULE_05_012,Toni Whitaker,BR-BLR,SAVINGS,True,mule
MULE_05_013,Morgan Flynn,BR-BLR,SAVINGS,True,mule
MULE_05_014,Sarah Howell,BR-BLR,SAVINGS,True,mule
MULE_05_015,Paul Estrada,BR-BLR,SAVINGS,True,mule
MULE_05_016,Curtis Obrien,BR-BLR,SAVINGS,True,mule
MULE_05_017,Jason Chaney,BR-BLR,SAVINGS,True,mule
MULE_05_018,Daniel Williams,BR-BLR,SAVINGS,True,mule
MULE_05_019,Stanley Kelly,BR-BLR,SAVINGS,True,mule
MULE_05_020,Ronald Kline,BR-BLR,SAVINGS,True,mule
MULE_05_021,Arthur Jordan,BR-BLR,SAVINGS,True,mule
MULE_05_022,Barbara Walker,BR-BLR,SAVINGS,True,mule
MULE_05_023,Gerald Kelly,BR-BLR,SAVINGS,True,mule
MULE_05_024,Shawn Adams,BR-BLR,SAVINGS,True,mule
MULE_05_025,Michael Robertson,BR-BLR,SAVINGS,True,mule
MULE_05_026,Michelle House,BR-BLR,SAVINGS,True,mule
MULE_05_027,Jim Skinner,BR-BLR,SAVINGS,True,mule
MULE_05_028,Brian Bishop,BR-BLR,SAVINGS,True,mule
MULE_05_029,Theresa Colon,BR-BLR,SAVINGS,True,mule
MULE_05_030,Brian Soto,BR-BLR,SAVINGS,True,mule
MULE_05_031,Susan Moore,BR-BLR,SAVINGS,True,mule
MULE_05_032,Jeremy Hunter,BR-BLR,SAVINGS,True,mule
MULE_05_033,Annette Holland,BR-BLR,SAVINGS,True,mule
MULE_05_034,Chad Allison,BR-BLR,SAVINGS,True,mule
MULE_05_035,Jason Mack,BR-BLR,SAVINGS,True,mule
MULE_05_036,Robert Peterson,BR-BLR,SAVINGS,True,mule
MULE_05_037,Angela Watson,BR-BLR,SAVINGS,True,mule
MULE_05_038,Heather Ortega,BR-BLR,SAVINGS,True,mule
KING_06,Paul Fisher,BR-DEL,CURRENT,True,kingpin
SINK_06,Robert Gutierrez,BR-MUM,CURRENT,True,sink
MULE_06_000,Jimmy Phelps,BR-BLR,SAVINGS,True,mule
MULE_06_001,Heidi Johnson,BR-BLR,SAVINGS,True,mule
MULE_06_002,Adam Drake,BR-BLR,SAVINGS,True,mule
MULE_06_003,Angela Edwards,BR-BLR,SAVINGS,True,mule
MULE_06_004,Mrs. Amy Malone,BR-BLR,SAVINGS,True,mule
MULE_06_005,Margaret Orr,BR-BLR,SAVINGS,True,mule
MULE_06_006,Mark Reeves,BR-BLR,SAVINGS,True,mule
MULE_06_007,Kelly Phillips,BR-BLR,SAVINGS,True,mule
MULE_06_008,Michael Spencer,BR-BLR,SAVINGS,True,mule
MULE_06_009,Patrick Blankenship,BR-BLR,SAVINGS,True,mule
MULE_06_010,Douglas Rose,BR-BLR,SAVINGS,True,mule
MULE_06_011,Melody Griffin,BR-BLR,SAVINGS,True,mule
MULE_06_012,Joshua Kramer,BR-BLR,SAVINGS,True,mule
MULE_06_013,Melissa Barron,BR-BLR,SAVINGS,True,mule
MULE_06_014,Jennifer Gonzalez,BR-BLR,SAVINGS,True,mule
MULE_06_015,Andrew Cook,BR-BLR,SAVINGS,True,mule
MULE_06_016,Natalie Martinez,BR-BLR,SAVINGS,True,mule
MULE_06_017,Diane Davis DDS,BR-BLR,SAVINGS,True,mule
MULE_06_018,Nicole Moore,BR-BLR,SAVINGS,True,mule
MULE_06_019,Robert Vargas,BR-BLR,SAVINGS,True,mule
MULE_06_020,Raymond Barber,BR-BLR,SAVINGS,True,mule
MULE_06_021,Mrs. Amy Watson,BR-BLR,SAVINGS,True,mule
MULE_06_022,Heather Williams,BR-BLR,SAVINGS,True,mule
MULE_06_023,Belinda Evans,BR-BLR,SAVINGS,True,mule
MULE_06_024,Jody Bird,BR-BLR,SAVINGS,True,mule
MULE_06_025,Virginia Cunningham,BR-BLR,SAVINGS,True,mule
MULE_06_026,Lori Ferguson,BR-BLR,SAVINGS,True,mule
MULE_06_027,Hayley Mitchell,BR-BLR,SAVINGS,True,mule
MULE_06_028,Michelle Chambers,BR-BLR,SAVINGS,True,mule
MULE_06_029,Kelly Wright,BR-BLR,SAVINGS,True,mule
MULE_06_030,Kevin Carson,BR-BLR,SAVINGS,True,mule
MULE_06_031,Brent Dawson,BR-BLR,SAVINGS,True,mule
MULE_06_032,Angela Brown,BR-BLR,SAVINGS,True,mule
MULE_06_033,Karen Griffin,BR-BLR,SAVINGS,True,mule
MULE_06_034,Joseph Chapman,BR-BLR,SAVINGS,True,mule
MULE_06_035,Jennifer Baker,BR-BLR,SAVINGS,True,mule
MULE_06_036,Mr. Jeremiah Galvan MD,BR-BLR,SAVINGS,True,mule
MULE_06_037,Samantha Thomas,BR-BLR,SAVINGS,True,mule
MULE_06_038,Michael Anderson,BR-BLR,SAVINGS,True,mule
MULE_06_039,Sharon Wilson,BR-BLR,SAVINGS,True,mule
MULE_06_040,John Francis,BR-BLR,SAVINGS,True,mule
MULE_06_041,Jaclyn Crane,BR-BLR,SAVINGS,True,mule
MULE_06_042,Jennifer Martinez,BR-BLR,SAVINGS,True,mule
MULE_06_043,Amanda Hernandez,BR-BLR,SAVINGS,True,mule
KING_07,William Turner,BR-DEL,CURRENT,True,kingpin
SINK_07,Dr. Charles Lawrence,BR-MUM,CURRENT,True,sink
MULE_07_000,Steven Small,BR-BLR,SAVINGS,True,mule
MULE_07_001,Robert Burns,BR-BLR,SAVINGS,True,mule
MULE_07_002,Gregory Harrell,BR-BLR,SAVINGS,True,mule
MULE_07_003,Kenneth Knight,BR-BLR,SAVINGS,True,mule
MULE_07_004,Rachael Alvarez,BR-BLR,SAVINGS,True,mule
MULE_07_005,Lisa Gill,BR-BLR,SAVINGS,True,mule
MULE_07_006,Julia Cole,BR-BLR,SAVINGS,True,mule
MULE_07_007,Sean Nguyen,BR-BLR,SAVINGS,True,mule
MULE_07_008,Mary Ortiz,BR-BLR,SAVINGS,True,mule
MULE_07_009,James Weaver,BR-BLR,SAVINGS,True,mule
MULE_07_010,Stacy Fitzgerald,BR-BLR,SAVINGS,True,mule
MULE_07_011,Sharon Mann,BR-BLR,SAVINGS,True,mule
MULE_07_012,Rebecca Zimmerman,BR-BLR,SAVINGS,True,mule
MULE_07_013,Becky Hansen,BR-BLR,SAVINGS,True,mule
MULE_07_014,Luke Ray,BR-BLR,SAVINGS,True,mule
MULE_07_015,Kelly Lopez,BR-BLR,SAVINGS,True,mule
MULE_07_016,Steven Martinez,BR-BLR,SAVINGS,True,mule
MULE_07_017,Catherine Smith,BR-BLR,SAVINGS,True,mule
MULE_07_018,Danielle Thornton,BR-BLR,SAVINGS,True,mule
MULE_07_019,Jill Roman,BR-BLR,SAVINGS,True,mule
MULE_07_020,Jennifer Williams,BR-BLR,SAVINGS,True,mule
MULE_07_021,Allison Kim,BR-BLR,SAVINGS,True,mule
MULE_07_022,Scott Stewart,BR-BLR,SAVINGS,True,mule
MULE_07_023,Brian Garcia,BR-BLR,SAVINGS,True,mule
MULE_07_024,Charles Scott,BR-BLR,SAVINGS,True,mule
MULE_07_025,Eric Russell,BR-BLR,SAVINGS,True,mule
MULE_07_026,Lucas Nguyen,BR-BLR,SAVINGS,True,mule
MULE_07_027,Anthony Price,BR-BLR,SAVINGS,True,mule
MULE_07_028,Jason Nguyen,BR-BLR,SAVINGS,True,mule
MULE_07_029,Ronald Martinez,BR-BLR,SAVINGS,True,mule
MULE_07_030,Paul Willis,BR-BLR,SAVINGS,True,mule
MULE_07_031,Paul Cruz Jr.,BR-BLR,SAVINGS,True,mule
MULE_07_032,John Russell,BR-BLR,SAVINGS,True,mule
MULE_07_033,Mr. David Mercado,BR-BLR,SAVINGS,True,mule
MULE_07_034,Victor Leonard,BR-BLR,SAVINGS,True,mule
MULE_07_035,Justin Glover,BR-BLR,SAVINGS,True,mule
MULE_07_036,Jason Miller,BR-BLR,SAVINGS,True,mule
MULE_07_037,Christina Faulkner,BR-BLR,SAVINGS,True,mule
MULE_07_038,William Casey,BR-BLR,SAVINGS,True,mule
MULE_07_039,Jessica Buck,BR-BLR,SAVINGS,True,mule
