account_id,in_degree,out_degree,degree_ratio,pagerank,betweenness,clustering_coeff,total_sent,total_received,n_txn_sent,n_txn_received,unique_receivers,unique_senders,avg_sent_amount,std_sent_amount,round_amount_ratio,max_hourly_velocity,device_diversity,is_smurf_related,role,iso_forest_score,reconstruction_score,risk_score,risk_percentile,alert_status,is_seed,network_flag,final_alert
SINK_03,56,0,0.0175438596491228,0.0035456765365108,0.0,0.0,0.0,496741.15,0,56,0,56,0.0,0.0,0.0,0,0,True,sink,0.9891548226669008,0.9999999998114302,0.9934928935247124,100.0,CRITICAL,True,0.0,True
SINK_00,48,0,0.0204081632653061,0.0030567621674525,0.0,0.0,0.0,431920.99,0,48,0,48,0.0,0.0,0.0,0,0,True,sink,0.97536082497054,0.7661122048962969,0.8916613769408428,99.95748299319727,CRITICAL,True,0.0,True
SINK_01,47,0,0.0208333333333333,0.0029956478713202,0.0,0.0,0.0,419928.02,0,47,0,47,0.0,0.0,0.0,0,0,True,sink,0.97536082497054,0.7184022702138821,0.8725774030678768,99.91496598639456,CRITICAL,True,0.0,True
SINK_06,44,0,0.0222222222222222,0.0028123049829233,0.0,0.0,0.0,390392.37,0,44,0,44,0.0,0.0,0.0,0,0,True,sink,0.9627097287285628,0.6163862450872435,0.824180335272035,99.87244897959184,CRITICAL,True,0.0,True
SINK_07,40,0,0.024390243902439,0.0025678477983941,0.0,0.0,0.0,356714.07,0,40,0,40,0.0,0.0,0.0,0,0,True,sink,0.9487924568579748,0.5187770406832234,0.7767862903880742,99.82993197278913,CRITICAL,True,0.0,True
SINK_05,39,0,0.025,0.0025067335022618,0.0,0.0,0.0,347360.44,0,39,0,39,0.0,0.0,0.0,0,0,True,sink,0.9398201132339224,0.491801352826735,0.7606126090710474,99.7874149659864,CRITICAL,True,0.0,True
SINK_04,31,0,0.03125,0.0020178191332035,0.0,0.0,0.0,276553.52,0,31,0,31,0.0,0.0,0.0,0,0,True,sink,0.8856182884278561,0.3190751955896133,0.659001051292559,99.74489795918367,CRITICAL,True,0.0,True
SINK_02,31,0,0.03125,0.0020178191332035,0.0,0.0,0.0,272745.1,0,31,0,31,0.0,0.0,0.0,0,0,True,sink,0.88354935802976,0.3061514427989064,0.6525901919374185,99.70238095238096,CRITICAL,True,0.0,True
KING_03,0,56,57.0,7.153249159373995e-05,0.0,0.0,512199.66,0.0,56,0,56,0,9146.4225,356.4393579137973,0.0178571428571428,41,1,True,kingpin,0.9999999973785638,0.0485702027559195,0.6194280795295061,99.65986394557824,CRITICAL,True,0.0,True
KING_00,0,48,49.0,7.153249159373995e-05,0.0,0.0,445365.52,0.0,48,0,48,0,9278.448333333334,411.31230956709584,0.0,38,1,True,kingpin,0.9923367582998568,0.0599915889813853,0.6193986905724682,99.61734693877553,CRITICAL,True,0.0,True
KING_01,0,47,48.0,7.153249159373995e-05,0.0,0.0,432127.61,0.0,47,0,47,0,9194.204468085109,428.9281902036065,0.0,35,1,True,kingpin,0.9864825801902556,0.0381066343542517,0.6071322018558541,99.5748299319728,CRITICAL,True,0.0,True
KING_06,0,44,45.0,7.153249159373995e-05,0.0,0.0,403051.67,0.0,44,0,44,0,9160.265227272726,369.1200800488865,0.0227272727272727,33,1,True,kingpin,0.9894667602967588,0.0323350822045946,0.6066140890598931,99.53231292517006,CRITICAL,True,0.0,True
KING_07,0,40,41.0,7.153249159373995e-05,0.0,0.0,367470.36,0.0,40,0,40,0,9186.759,406.7982249337264,0.025,30,1,True,kingpin,0.971514234463718,0.0317035971458242,0.5955899795365605,99.48979591836736,CRITICAL,True,0.0,True
KING_05,0,39,40.0,7.153249159373995e-05,0.0,0.0,357769.33,0.0,39,0,39,0,9173.572564102564,381.322482467737,0.0256410256410256,30,1,True,kingpin,0.9610905547615052,0.0333096592168458,0.5899781965436415,99.44727891156462,CRITICAL,True,0.0,True
KING_04,0,31,32.0,7.153249159373995e-05,0.0,0.0,285459.93,0.0,31,0,31,0,9208.384838709677,406.0854186323445,0.0,26,1,True,kingpin,0.8890067399751653,0.0572963844414989,0.5563225977616988,99.40476190476193,CRITICAL,True,0.0,True
KING_02,0,31,32.0,7.153249159373995e-05,0.0,0.0,280498.15,0.0,31,0,31,0,9048.32741935484,375.2043673428101,0.0,22,1,True,kingpin,0.876277526242498,0.0224638560443108,0.5347520581632231,99.3622448979592,CRITICAL,True,0.0,True
ACC_00624,14,10,0.7333333333333333,0.0016175587992947,0.009167659574468,0.0072463768115942,10753.18,46112.46,23,90,10,14,467.52956521739134,312.1167028019875,0.0,1,23,False,normal,0.5184577987328488,0.1554285059269898,0.3732460816105052,99.31972789115646,CRITICAL,True,0.0,True
ACC_00929,9,14,1.5,0.0013140117355478,0.0013940425531914,0.0039525691699604,17684.11,27232.54,37,52,14,9,477.9489189189189,422.7917743719437,0.0,2,37,False,normal,0.5493314578863706,0.0804940820868821,0.3617965075665752,99.27721088435374,CRITICAL,True,0.0,True
ACC_01262,14,9,0.6666666666666666,0.0015781993126258,0.0014403274634375,0.0039525691699604,11572.19,27447.24,17,56,9,14,680.7170588235293,612.337513271528,0.0,1,17,False,normal,0.4991004725088629,0.1184954330832827,0.3468584567386308,99.23469387755102,CRITICAL,True,0.0,True
ACC_01817,16,8,0.5294117647058824,0.0011619744206864,0.0051379354453588,0.0072463768115942,16907.9,26835.5,35,51,8,16,483.0828571428572,302.34104778205284,0.0,2,34,False,normal,0.5349414064866218,0.0395662978649247,0.3367913630379429,99.1921768707483,CRITICAL,True,0.0,True
ACC_00677,0,8,9.0,7.153249159373995e-05,0.0,0.0,15250.17,0.0,23,0,8,0,663.0508695652173,620.1969446431223,0.0,1,23,False,normal,0.4765233924204123,0.120198261340379,0.333993339988399,99.1496598639456,CRITICAL,True,0.0,True
ACC_01381,8,13,1.5555555555555556,0.0003030601095344,0.0079361702127659,0.0095238095238095,22872.19,8324.6,38,16,13,8,601.8997368421052,426.61586967914246,0.0,2,37,False,normal,0.5228303048107035,0.0184349721516279,0.3210721717470732,99.10714285714286,CRITICAL,True,0.0,True
ACC_00626,4,15,3.2,0.0001190994136611,0.0033574468085106,0.0,19873.06,1811.9,38,6,15,4,522.9752631578948,366.51642385483126,0.0263157894736842,1,34,False,normal,0.5064313223865388,0.0421180022434509,0.3207059943293036,99.06462585034014,CRITICAL,True,0.0,True
ACC_01635,2,11,4.0,0.0001272328747755,0.0001483818701232,0.0256410256410256,16487.77,1651.1,32,2,11,2,515.2428125,363.4077309369435,0.0,2,32,False,normal,0.5148492270142271,0.0285433004869198,0.3203268564033041,99.0221088435374,CRITICAL,True,0.0,True
ACC_01883,6,5,0.8571428571428571,0.0002779274693689,0.000355744680851,0.0363636363636363,23519.63,5774.47,38,11,5,6,618.9376315789474,500.3648445178519,0.0,2,37,False,normal,0.5016972302098969,0.0449174628752442,0.3189853232760358,98.9795918367347,CRITICAL,False,0.0,False
ACC_00179,15,6,0.4375,0.0012964403336049,0.0087579414147443,0.0157894736842105,12620.54,31818.47,29,54,6,15,435.19103448275865,235.05121541219216,0.0,1,28,False,normal,0.4922360255470974,0.058362645399326,0.3186866734879888,98.93707482993196,CRITICAL,False,0.0,False
ACC_00773,15,4,0.3125,0.0014356858631254,0.0004263846842621,0.0,13889.32,36812.05,30,62,4,15,462.9773333333333,420.6204691752357,0.0,1,29,False,normal,0.4896138528022524,0.0509103825127482,0.3141324646864508,98.89455782312923,CRITICAL,False,1.0,True
ACC_00275,15,3,0.25,0.0011319340433161,0.0,0.0065359477124183,15190.7,34436.15,29,61,3,15,523.8172413793104,403.5237930486924,0.0344827586206896,1,29,False,normal,0.4932916408343278,0.0429397863408378,0.3131508990369318,98.85204081632652,CRITICAL,False,0.0,False
MULE_02_015,1,1,1.0,7.354633313960334e-05,0.0,0.0,8811.0,9242.99,1,1,1,1,8811.0,0.0,1.0,0,1,True,mule,0.5135151989998917,0.0001397438368808,0.3081650169346873,98.8095238095238,CRITICAL,False,1.0,True
MULE_05_034,1,1,1.0,7.314686555251506e-05,0.0,0.0,9284.0,9450.71,1,1,1,1,9284.0,0.0,1.0,0,1,True,mule,0.5115979283222335,0.0007008459966919,0.3072390953920168,98.76700680272108,CRITICAL,False,1.0,True
ACC_00062,7,13,1.75,0.0001449089223599,0.0080774468085106,0.0263157894736842,18828.05,2765.06,37,7,13,7,508.8662162162162,404.8637450382491,0.027027027027027,1,37,False,normal,0.4931885051093629,0.0281369279995174,0.3071678742654247,98.72448979591836,CRITICAL,False,0.0,False
ACC_00698,2,8,3.0,0.0001227710571441,0.0002902127659574,0.0444444444444444,7353.08,2526.73,19,7,8,2,387.0042105263158,277.50716457849813,0.0,2,19,False,normal,0.4996847330540367,0.0165622170989617,0.3064357266720068,98.68197278911563,CRITICAL,False,0.0,False
MULE_03_043,1,1,1.0,7.261775191901029e-05,0.0,0.0,8949.0,9095.58,1,1,1,1,8949.0,0.0,1.0,0,1,True,mule,0.4967026558749671,0.0002468926760434,0.2981203505953976,98.63945578231292,CRITICAL,False,1.0,True
ACC_01066,15,10,0.6875,0.0011122361773844,0.0132208510638297,0.0066666666666666,11674.55,26606.06,24,58,10,15,486.43958333333336,408.7787998467713,0.0,1,24,False,normal,0.4649169849972132,0.0463322563516851,0.297483093539002,98.5969387755102,CRITICAL,False,0.0,False
ACC_00673,15,5,0.375,0.0010955040065224,0.0035931914893617,0.0105263157894736,8173.17,23676.51,19,50,5,15,430.1668421052632,322.5807422793148,0.0,2,19,False,normal,0.4669557411877654,0.0383771654525098,0.2955243108936631,98.55442176870748,CRITICAL,False,0.0,False
ACC_01601,4,12,2.6,0.0002793688180641,0.0011693617021276,0.0,22832.08,5968.81,37,11,12,4,617.0832432432433,481.9727111284648,0.0,2,36,False,normal,0.4770894279792803,0.0204490048070187,0.2944332587103757,98.51190476190476,CRITICAL,False,0.0,False
ACC_00368,16,8,0.5294117647058824,0.0007077135358872,0.0054425531914893,0.0072463768115942,6946.69,23000.49,19,45,8,16,365.61526315789473,241.0189243692154,0.0,2,19,False,normal,0.4681765967896003,0.0291329428094735,0.2925591351975495,98.46938775510203,CRITICAL,False,0.0,False
MULE_06_038,1,1,1.0,7.28741483975051e-05,0.0,0.0,8513.0,8848.29,1,1,1,1,8513.0,0.0,1.0,0,1,True,mule,0.4833145040393137,0.0,0.2899887024235882,98.42687074829932,CRITICAL,False,1.0,True
ACC_01388,13,5,0.4285714285714285,0.0013584957063532,7.659574468085107e-06,0.0,9622.13,35527.1,18,71,5,13,534.5627777777777,393.2791336324031,0.0,1,18,False,normal,0.4313038747044769,0.074134267598874,0.2884360318622357,98.3843537414966,CRITICAL,False,0.0,False
ACC_01404,15,10,0.6875,0.0013365620210562,0.0016340425531914,0.0133333333333333,15060.78,36744.81,26,69,10,15,579.2607692307693,376.9989168782645,0.0,1,26,False,normal,0.4404789152228626,0.0527547464632153,0.2853892477190036,98.34183673469389,CRITICAL,False,0.0,False
MULE_01_003,1,1,1.0,7.28372953261431e-05,0.0,0.0,9002.0,9226.02,1,1,1,1,9002.0,0.0,1.0,0,1,True,mule,0.4738758041950238,0.0003073915137069,0.284448439122497,98.29931972789116,CRITICAL,False,1.0,True
ACC_01822,16,7,0.4705882352941176,0.000611326412395,0.0158808510638297,0.0,16478.54,21705.36,28,41,7,16,588.5192857142857,354.1202334207824,0.0,1,28,False,normal,0.4315895846533655,0.0627998208685752,0.2840736791394493,98.25680272108843,CRITICAL,False,0.0,False
MULE_00_022,1,1,1.0,7.280872659865578e-05,0.0,0.0,8906.0,9300.46,1,1,1,1,8906.0,0.0,1.0,0,1,True,mule,0.4685550025503101,0.0002167592173188,0.2812197052171136,98.21428571428572,CRITICAL,False,1.0,True
ACC_00690,4,16,3.4,0.0002185265461863,0.002171914893617,0.0210526315789473,14039.73,7036.12,30,15,16,4,467.991,252.30853518371453,0.0333333333333333,1,30,False,normal,0.4159789563282723,0.0719149857488612,0.2783533680965079,98.171768707483,CRITICAL,False,0.0,False
MULE_04_022,1,1,1.0,7.365028466512647e-05,0.0,0.0,9660.68,9892.04,1,1,1,1,9660.68,0.0,0.0,0,1,True,mule,0.4605651819353722,0.0026595438174117,0.277402926688188,98.12925170068029,CRITICAL,False,1.0,True
ACC_00234,15,8,0.5625,0.0009534067879086,0.001647659574468,0.0039525691699604,16658.65,32387.53,27,51,8,15,616.9870370370371,341.05433609295494,0.0,2,27,False,normal,0.4501234732057063,0.0150410236101261,0.2760904933674742,98.08673469387756,CRITICAL,False,0.0,False
ACC_01610,2,8,3.0,0.0003652953433326,1.5319148936170214e-05,0.0222222222222222,14910.66,6822.63,32,9,8,2,465.958125,333.82278444666684,0.0625,2,31,False,normal,0.4447441047284678,0.0227743758259617,0.2759562131674654,98.04421768707483,CRITICAL,False,0.0,False
ACC_01076,12,9,0.7692307692307693,0.0019326961841529,0.0011855319148936,0.0095238095238095,11941.62,39411.09,24,60,9,12,497.56750000000005,365.3467682751969,0.0416666666666666,1,24,False,normal,0.3711884979175019,0.13212063475546,0.2755613526526851,98.00170068027212,CRITICAL,False,0.0,False
ACC_01867,3,4,1.25,0.0001264687467266,0.0,0.0476190476190476,11022.73,4729.67,15,8,4,3,734.8486666666666,611.2451741774638,0.0,1,15,False,normal,0.4153100995201083,0.0628184854792961,0.2743134539037834,97.95918367346938,CRITICAL,False,1.0,True
ACC_00327,3,12,3.25,0.0001130377644146,0.0007642553191489,0.0095238095238095,18080.79,2101.27,38,7,12,3,475.8102631578948,283.1219574812893,0.0,1,37,False,normal,0.4256549796780414,0.046760717720355,0.2740972748949669,97.91666666666666,CRITICAL,False,0.0,False
ACC_00798,5,5,1.0,0.0003435315832036,0.0066255319148936,0.0,5096.19,5336.93,9,15,5,5,566.2433333333333,372.70786884636607,0.1111111111111111,1,9,False,normal,0.4217667275717843,0.0513649826877777,0.2736060296181817,97.87414965986396,CRITICAL,False,0.0,False
ACC_01431,4,16,3.4,0.0003957630873829,0.0029113546241419,0.0157894736842105,15479.08,7960.67,33,14,16,4,469.0630303030303,284.7379836411544,0.0303030303030303,1,33,False,normal,0.4074859977770139,0.0661014098873744,0.2709321626211581,97.83163265306123,CRITICAL,False,0.0,False
ACC_00196,10,3,0.3636363636363636,0.0010590340672705,0.0003421276595744,0.0128205128205128,10327.74,19834.44,18,32,3,10,573.7633333333333,470.9523824437156,0.0555555555555555,2,18,False,normal,0.4176722659292154,0.0473641023685272,0.2695490005049401,97.78911564625852,CRITICAL,False,0.0,False
ACC_00349,13,10,0.7857142857142857,0.0010798858412513,0.0061378723404255,0.0079051383399209,12767.91,30848.51,33,65,10,13,386.9063636363636,278.55585257738466,0.0,1,31,False,normal,0.4143248783831254,0.0494218647190709,0.2683636729175035,97.74659863945578,CRITICAL,False,0.0,False
ACC_01824,3,5,1.5,0.000248631251958,0.0001497872340425,0.0714285714285714,11735.04,4774.35,26,8,5,3,451.34769230769234,251.34006301117523,0.0,2,25,False,normal,0.4341223184985075,0.0160127702645493,0.2668784992049242,97.70408163265306,CRITICAL,False,0.0,False
ACC_01256,7,5,0.75,0.0003068635040192,0.0013617021276595,0.0,7414.26,6175.38,10,11,5,7,741.426,734.3016438040523,0.0,1,10,False,normal,0.3430347571116688,0.146568657654202,0.2644483173286821,97.66156462585032,CRITICAL,False,1.0,True
MULE_02_010,1,1,1.0,7.33927358864864e-05,8.527693685242827e-07,0.0,8117.56,8538.02,1,1,1,1,8117.56,0.0,0.0,0,1,True,mule,0.439993584297178,0.000238242297941,0.2640914474974832,97.61904761904762,CRITICAL,False,1.0,True
ACC_00258,12,7,0.6153846153846154,0.0013803360534336,0.0003931914893617,0.0,14691.12,30460.44,26,51,7,12,565.0430769230769,497.71072562900815,0.0,2,26,False,normal,0.409515172151693,0.0459487548599693,0.2640886052350035,97.5765306122449,CRITICAL,False,0.0,False
MULE_06_018,1,1,1.0,7.303142551203292e-05,0.0,0.0,9755.58,9885.54,1,1,1,1,9755.58,0.0,0.0,0,1,True,mule,0.4369972914799818,0.0029649934920697,0.263384372284817,97.53401360544215,CRITICAL,False,1.0,True
MULE_00_026,1,1,1.0,7.288927911676625e-05,0.0,0.0,9753.33,9887.48,1,1,1,1,9753.33,0.0,0.0,0,1,True,mule,0.435984109380342,0.0029565333982886,0.2627730789875206,97.49149659863946,CRITICAL,False,1.0,True
MULE_04_021,1,1,1.0,7.335731020217753e-05,8.510638297872341e-07,0.0,8174.06,8523.58,1,1,1,1,8174.06,0.0,0.0,0,1,True,mule,0.4373578976249993,0.0002483112009292,0.2625140630553713,97.44897959183672,CRITICAL,False,1.0,True
ACC_01416,15,8,0.5625,0.0013985862105203,0.0010331914893617,0.0079051383399209,15368.4,34510.51,30,53,8,15,512.28,360.47214226861433,0.0333333333333333,1,30,False,normal,0.410321251991841,0.0329564439334432,0.2593753287684819,97.40646258503402,CRITICAL,False,0.0,False
ACC_00070,4,10,2.2,0.0003872908403699,0.0003812765957446,0.0109890109890109,21881.93,8597.36,35,20,10,4,625.198,472.75123586985006,0.0285714285714285,2,34,False,normal,0.4234838015099699,0.0123887759626092,0.2590457912910257,97.3639455782313,CRITICAL,False,0.0,False
ACC_00560,12,12,1.0,0.0011165206806148,0.0042663829787234,0.0072463768115942,18970.3,28416.9,29,57,12,12,654.1482758620689,426.81069481403046,0.0,1,28,False,normal,0.4055257539916984,0.0386736753400496,0.2587849225310389,97.32142857142856,CRITICAL,False,0.0,False
ACC_01314,4,11,2.4,9.57776936041247e-05,0.0026042553191489,0.0,15240.46,1113.9,33,5,11,4,461.8321212121213,293.8801951131359,0.0606060606060606,2,31,False,normal,0.4155837825464674,0.0211421562639476,0.2578071320334595,97.27891156462584,CRITICAL,False,0.0,False
MULE_00_025,1,1,1.0,7.288160973542117e-05,0.0,0.0,9731.56,9831.59,1,1,1,1,9731.56,0.0,0.0,0,1,True,mule,0.4252874802954503,0.0028881450616589,0.2563277462019337,97.23639455782312,CRITICAL,False,1.0,True
ACC_00862,6,15,2.2857142857142856,0.000258388561145,0.0015897872340425,0.0210526315789473,14812.64,6328.92,32,11,15,6,462.895,363.98269171894384,0.0,2,31,False,normal,0.3963493353561077,0.0446552340395888,0.2556716948295002,97.1938775510204,CRITICAL,False,0.0,False
ACC_01465,15,5,0.375,0.0006855880566691,0.0093480851063829,0.0157894736842105,10357.72,17991.28,24,41,5,15,431.57166666666666,192.4527376801372,0.0,1,24,False,normal,0.3966523156416214,0.041772354619505,0.2547003312327749,97.1513605442177,CRITICAL,False,1.0,True
MULE_04_017,1,1,1.0,7.364489600398006e-05,0.0,0.0,9539.15,9866.87,1,1,1,1,9539.15,0.0,0.0,0,1,True,mule,0.4217979326443904,0.0022923007085498,0.2539956798700541,97.10884353741496,CRITICAL,False,1.0,True
ACC_01832,8,3,0.4444444444444444,0.0011882887656689,0.0010246808510638,0.0181818181818181,14693.47,19113.63,32,30,3,8,459.1709375,287.1307243968174,0.0,2,32,False,normal,0.3722795603461775,0.0757686169528407,0.2536751829888427,97.06632653061224,CRITICAL,False,0.0,False
MULE_01_030,1,1,1.0,7.293133122133e-05,0.0,0.0,9669.95,9890.93,1,1,1,1,9669.95,0.0,0.0,0,1,True,mule,0.4191115607111061,0.002684939929344,0.2525409123984012,97.02380952380952,CRITICAL,False,1.0,True
ACC_01569,15,6,0.4375,0.0005466476190744,0.0005182978723404,0.0095238095238095,9111.56,27094.44,18,63,6,15,506.1977777777777,364.72736306896667,0.0555555555555555,1,18,False,normal,0.3754312605502393,0.0673930859591342,0.2522159907137973,96.9812925170068,CRITICAL,False,0.0,False
ACC_01072,7,3,0.5,0.000249615205864,6.808510638297873e-06,0.0222222222222222,12876.92,4934.06,19,13,3,7,677.7326315789473,638.661361563232,0.0526315789473684,1,18,False,normal,0.3663509067181108,0.0722509306827718,0.2487109163039752,96.93877551020408,CRITICAL,False,0.0,False
ACC_00902,13,8,0.6428571428571429,0.0008234084447533,0.0134714893617021,0.0047619047619047,14625.54,18445.92,34,32,8,13,430.1629411764706,313.27107730516053,0.0,1,34,False,normal,0.3810831844705818,0.0486613860798268,0.2481144651142798,96.89625850340136,CRITICAL,False,1.0,True
ACC_00122,10,7,0.7272727272727273,0.0013101993258916,0.0026851063829787,0.0073529411764705,9517.95,36176.79,18,68,7,10,528.7750000000001,469.9005198005463,0.0,1,18,False,normal,0.3475668687639118,0.0987197158713063,0.2480280076068696,96.85374149659864,CRITICAL,False,0.0,False
ACC_00835,1,6,3.5,9.708751043440357e-05,0.0003285106382978,0.0,10893.64,307.17,23,1,6,1,473.6365217391304,397.0196099989463,0.0,2,23,False,normal,0.3967333012913964,0.0241550198654005,0.247701988720998,96.81122448979592,CRITICAL,False,0.0,False
MULE_00_009,1,1,1.0,7.27075467517961e-05,8.510638297872341e-07,0.0,8188.73,8563.12,1,1,1,1,8188.73,0.0,0.0,0,1,True,mule,0.4122862177622638,0.0002457435198124,0.2474700280652833,96.7687074829932,CRITICAL,False,1.0,True
ACC_00318,12,4,0.3846153846153846,0.0005524156957227,0.0010565812476015,0.0166666666666666,15781.34,20296.1,31,43,4,12,509.0754838709677,365.82707869373394,0.032258064516129,2,31,False,normal,0.3879212075643325,0.0356312495905952,0.2470052243748376,96.72619047619048,CRITICAL,False,0.0,False
ACC_01297,18,6,0.3684210526315789,0.0012594377343282,0.0021182978723404,0.0072463768115942,10150.73,26800.0,25,52,6,18,406.0292,378.6347659015656,0.0,1,25,False,normal,0.3853689653713262,0.0391005741903886,0.2468616088989511,96.68367346938776,CRITICAL,False,1.0,True
ACC_00148,2,10,3.6666666666666665,0.000139031829209,0.0005523404255319,0.0151515151515151,17606.06,1987.95,28,5,10,2,628.7878571428572,432.31530331081217,0.0357142857142857,1,28,False,normal,0.3974306458243525,0.0206475114751094,0.2467173920846552,96.64115646258504,CRITICAL,False,0.0,False
ACC_00330,16,7,0.4705882352941176,0.0006669604035823,0.0042015946787191,0.0079051383399209,14672.53,22586.33,21,45,7,16,698.6919047619048,529.5937972032815,0.0,1,21,False,normal,0.3778055313344295,0.0494391648383562,0.2464589847360002,96.5986394557823,CRITICAL,False,0.0,False
ACC_00567,2,9,3.333333333333333,8.59928840680532e-05,0.0030502127659574,0.0,7123.89,604.97,15,3,9,2,474.926,225.6386539770423,0.0,1,15,False,normal,0.3928939153612338,0.0266131753265437,0.2463816193473577,96.5561224489796,CRITICAL,False,0.0,False
ACC_00057,12,13,1.0769230769230769,0.0006898410485717,0.0046421276595744,0.0066666666666666,18246.6,22761.66,35,47,13,12,521.3314285714285,298.23003254636353,0.0285714285714285,1,35,False,normal,0.3908716845105794,0.0292182650817402,0.2462103167390437,96.51360544217688,CRITICAL,False,1.0,True
ACC_01888,13,10,0.7857142857142857,0.0010848201225148,0.0038808510638297,0.0079051383399209,14118.03,24293.92,35,43,10,13,403.3722857142857,304.57446701804747,0.0285714285714285,1,35,False,normal,0.3915767664590122,0.0280257883031314,0.2461563751966599,96.47108843537416,CRITICAL,False,0.0,False
ACC_00487,15,3,0.25,0.000888049249608,0.0011548936170212,0.0,13649.17,26259.31,29,52,3,15,470.6610344827586,347.24486615915816,0.0,1,29,False,normal,0.3817545732676031,0.0421745449597639,0.2459225619444674,96.42857142857144,CRITICAL,False,0.0,False
ACC_00337,8,14,1.6666666666666667,0.0005563006702215,0.0099441436063616,0.0129870129870129,14493.09,10250.98,36,20,14,8,402.5858333333333,300.86202100322146,0.0,1,36,False,normal,0.3933047223093172,0.0244953067537766,0.2457809560871009,96.3860544217687,CRITICAL,False,0.0,False
MULE_05_022,1,1,1.0,7.320021276000798e-05,0.0,0.0,9651.75,9763.01,1,1,1,1,9651.75,0.0,0.0,0,1,True,mule,0.4076182023855005,0.0026378608301499,0.2456260657633603,96.34353741496598,CRITICAL,False,1.0,True
ACC_00714,7,11,1.5,0.0006494033933664,0.0121753191489361,0.0130718954248366,7567.97,19174.95,18,38,11,7,420.4427777777778,238.17962892112865,0.0,1,17,False,normal,0.3820889159522886,0.0393334903210408,0.2449867456997895,96.30102040816328,CRITICAL,False,0.0,False
ACC_00680,6,10,1.5714285714285714,0.000503708523785,0.0002910638297872,0.0,16038.87,7951.280000000001,42,14,10,6,381.8778571428572,273.2244401589547,0.0238095238095238,2,41,False,normal,0.3745499238703789,0.0499601200997242,0.244714002362117,96.25850340136054,CRITICAL,False,0.0,False
MULE_00_036,1,1,1.0,7.288568250762231e-05,0.0,0.0,9637.6,9861.27,1,1,1,1,9637.6,0.0,0.0,0,1,True,mule,0.4049629274960243,0.0025850500827297,0.2440117765307064,96.21598639455785,CRITICAL,False,1.0,True
ACC_00476,12,9,0.7692307692307693,0.0010937612415669,0.0013693617021276,0.0047619047619047,18884.55,26243.96,31,48,9,12,609.1790322580645,448.8529260634256,0.0,2,31,False,normal,0.3918658500137328,0.0193238685561915,0.2428490574307163,96.1734693877551,CRITICAL,False,0.0,False
ACC_00813,3,12,3.25,9.901924968755406e-05,0.0029651063829787,0.0095238095238095,12808.16,1506.41,28,5,12,3,457.4342857142857,337.5219939986196,0.0,2,27,False,normal,0.3915465909192056,0.0196192241952919,0.2427756442296401,96.13095238095238,CRITICAL,False,0.0,False
ACC_01232,8,7,0.8888888888888888,0.0011242223966507,3.325800537244702e-05,0.0095238095238095,10301.86,28716.18,16,52,7,8,643.86625,550.619300471448,0.0,1,16,False,normal,0.3496889791807115,0.0813360253742081,0.2423477976581101,96.08843537414968,CRITICAL,False,0.0,False
ACC_00800,15,11,0.75,0.0009147373864567,0.0059191489361702,0.01,17202.99,20243.48,31,42,11,15,554.9351612903226,419.58349920582725,0.032258064516129,1,30,False,normal,0.3948638481163606,0.0134897181873984,0.2423141961447757,96.04591836734694,CRITICAL,False,1.0,True
ACC_01228,12,12,1.0,0.0012663157557127,0.0030622948023706,0.0181159420289855,11787.09,28507.2,22,53,12,12,535.7768181818182,371.6845300262341,0.0,1,22,False,normal,0.3654669021686659,0.0575411374698698,0.2422965962891475,96.00340136054422,CRITICAL,False,1.0,True
ACC_01280,13,9,0.7142857142857143,0.0011522166898402,0.0033360337696669,0.0129870129870129,8729.67,32849.85,21,63,9,13,415.6985714285714,246.5095812394665,0.0,1,21,False,normal,0.3699559362005011,0.0481516807859863,0.2412342340346952,95.96088435374148,CRITICAL,False,0.0,False
ACC_00891,7,4,0.625,0.0003091972381101,0.0001565957446808,0.0181818181818181,17690.17,9244.88,37,16,4,7,478.1127027027027,406.0389999785779,0.027027027027027,2,37,False,normal,0.3720855721791751,0.0444341114345777,0.2410249878813362,95.91836734693877,CRITICAL,False,1.0,True
ACC_00987,7,6,0.875,0.0009711283371607,0.0,0.0,10277.44,39260.38,21,69,6,7,489.4019047619048,368.18394084504894,0.0952380952380952,1,21,False,normal,0.3436763732299663,0.0866271511141927,0.2408566843836568,95.87585034013604,CRITICAL,False,0.0,False
ACC_01222,12,5,0.4615384615384615,0.0009728723997343,0.0030493617021276,0.0294117647058823,9753.06,24327.07,20,41,5,12,487.653,326.76026601035494,0.0,2,20,False,normal,0.3882452010460942,0.0192358224395478,0.2406414496034756,95.83333333333334,CRITICAL,False,0.0,False
ACC_00323,9,18,1.9,0.0004179417699359,0.0076221276595744,0.0028490028490028,11455.85,11871.43,32,21,18,9,357.9953125,271.3811034853596,0.0,1,32,False,normal,0.3655673552926288,0.052444624292055,0.2403182628923993,95.79081632653062,CRITICAL,False,0.0,False
MULE_07_039,1,1,1.0,7.31716393733844e-05,0.0,0.0,9604.24,9855.93,1,1,1,1,9604.24,0.0,0.0,0,1,True,mule,0.3975873085841221,0.0024843366315238,0.2395461198030828,95.74829931972788,CRITICAL,False,1.0,True
ACC_01956,12,4,0.3846153846153846,0.0009568761723272,0.0002936170212765,0.0,5830.13,20727.22,14,44,4,12,416.4378571428571,142.51944122057233,0.0,1,14,False,normal,0.3723122383132839,0.0389295561502183,0.2389591654480577,95.70578231292517,CRITICAL,False,0.0,False
MULE_04_024,1,1,1.0,7.362392796771944e-05,0.0,0.0,9496.83,9768.93,1,1,1,1,9496.83,0.0,0.0,0,1,True,mule,0.3965688878817498,0.0021771528109857,0.2388121938534441,95.66326530612244,CRITICAL,False,1.0,True
ACC_00783,15,4,0.3125,0.0005553129614557,0.0014017021276595,0.0058479532163742,14049.68,20550.48,22,43,4,15,638.6218181818182,470.3651079000973,0.0454545454545454,1,22,False,normal,0.3636443959733421,0.0509511868343897,0.2385671123177611,95.62074829931971,CRITICAL,False,0.0,False
MULE_00_003,1,1,1.0,7.287092008062097e-05,0.0,0.0,9648.9,9753.69,1,1,1,1,9648.9,0.0,0.0,0,1,True,mule,0.3946674464936869,0.0026277296853127,0.2378515597703372,95.578231292517,CRITICAL,False,1.0,True
ACC_01686,12,14,1.1538461538461535,0.0005897736210059,0.0099714322261544,0.0061538461538461,16715.19,19399.48,33,31,14,12,506.5209090909091,381.7016419384684,0.0303030303030303,1,32,False,normal,0.3922332314826005,0.0062274581991018,0.237830922169201,95.53571428571428,CRITICAL,False,0.0,False
ACC_01453,12,4,0.3846153846153846,0.0008813010831623,5.787234042553192e-05,0.0,5544.56,27505.61,15,51,4,12,369.6373333333333,255.8103297497321,0.0,1,15,False,normal,0.3765930696356697,0.029573031473784,0.2377850543709154,95.49319727891157,CRITICAL,False,0.0,False
ACC_00544,3,10,2.75,0.0001733512500922,0.0008374468085106,0.0,17602.93,2372.06,34,7,10,3,517.7332352941177,298.7876342794437,0.0,2,34,False,normal,0.3806994046754363,0.0224970417994699,0.2374184595250497,95.45068027210884,CRITICAL,False,0.0,False
MULE_05_004,1,1,1.0,7.32161400530808e-05,0.0,0.0,9578.13,9856.25,1,1,1,1,9578.13,0.0,0.0,0,1,True,mule,0.3928820468419776,0.0024057621768199,0.2366915329759145,95.40816326530611,CRITICAL,False,1.0,True
ACC_01211,10,2,0.2727272727272727,0.0002531915955304,8.510638297872341e-07,0.0,5832.35,7018.86,11,14,2,10,530.2136363636364,274.1568032448849,0.0,1,11,False,normal,0.360895958774976,0.048828343536227,0.2360689126794764,95.3656462585034,CRITICAL,False,0.0,False
ACC_00709,5,12,2.1666666666666665,0.0001285996110251,0.0074936170212765,0.0073529411764705,19942.48,2376.3900000000003,31,5,12,5,643.3058064516129,441.8716196119577,0.0,1,31,False,normal,0.3799917001945248,0.020127433054266,0.2360459933384212,95.32312925170068,CRITICAL,False,0.0,False
ACC_01146,2,11,4.0,0.0001947852857423,0.0,0.0256410256410256,15211.2,6451.91,27,15,11,2,563.3777777777779,490.3894817727368,0.0,1,27,False,normal,0.3719670646943185,0.031142008759866,0.2356370423205375,95.28061224489797,CRITICAL,False,0.0,False
ACC_00535,7,10,1.375,0.0005678172610272,0.0138051063829787,0.0147058823529411,6778.4,17335.87,17,33,10,7,398.7294117647058,336.342875137682,0.0,1,16,False,normal,0.3628812332417424,0.0440226489605406,0.2353377995292617,95.23809523809524,CRITICAL,False,0.0,False
MULE_04_010,1,1,1.0,7.364528778983218e-05,0.0,0.0,9398.34,9868.7,1,1,1,1,9398.34,0.0,0.0,0,1,True,mule,0.390826755345778,0.0019016024251881,0.235256694177542,95.19557823129252,CRITICAL,False,1.0,True
MULE_02_012,1,1,1.0,7.33848203890812e-05,0.0,0.0,8163.55,8501.69,1,1,1,1,8163.55,0.0,0.0,0,1,True,mule,0.3917158488266514,0.0002480870395919,0.2351287441118276,95.1530612244898,CRITICAL,False,1.0,True
MULE_04_008,1,1,1.0,7.363200132536072e-05,0.0,0.0,9426.35,9806.64,1,1,1,1,9426.35,0.0,0.0,0,1,True,mule,0.3903843439666742,0.0019800669973064,0.2350226331789271,95.11054421768708,CRITICAL,False,1.0,True
ACC_00792,6,10,1.5714285714285714,0.0001542846018065,0.0038229787234042,0.05,13657.49,2674.03,24,8,10,6,569.0620833333334,648.1977229275915,0.0,1,23,False,normal,0.3548757699974321,0.0540419153191137,0.2345422281261047,95.06802721088437,CRITICAL,False,0.0,False
MULE_02_017,1,1,1.0,7.339614349395728e-05,0.0,0.0,8134.57,8553.66,1,1,1,1,8134.57,0.0,0.0,0,1,True,mule,0.3899639753054394,0.0002393056227861,0.2340741074323781,95.02551020408164,CRITICAL,False,1.0,True
MULE_06_008,1,1,1.0,7.30140306404218e-05,0.0,0.0,9623.07,9770.82,1,1,1,1,9623.07,0.0,0.0,0,1,True,mule,0.3872348986766351,0.0025470088239012,0.2333597427355415,94.98299319727892,WARNING,False,1.0,True
ACC_00066,5,8,1.5,0.0003018476576334,0.0007538481217754,0.0,23536.59,9200.11,33,21,8,5,713.23,466.02374718194346,0.0606060606060606,2,32,False,normal,0.3816503968997025,0.0104588121733875,0.2331737630091765,94.9404761904762,WARNING,False,0.0,False
ACC_00178,11,5,0.5,0.0005396041676765,0.0027834392188632,0.0166666666666666,19804.8,15459.55,33,34,5,11,600.1454545454545,372.8891993029808,0.0,2,33,False,normal,0.3673179881762507,0.0318179465828508,0.2331179715388907,94.89795918367348,WARNING,False,0.0,False
ACC_01571,17,4,0.2777777777777778,0.0009638706180851,0.0008646808510638,0.0095238095238095,10722.29,23753.44,18,36,4,17,595.6827777777777,320.2980048018803,0.0,1,18,False,normal,0.3584994774771733,0.0424947047951362,0.2320975684043585,94.85544217687077,WARNING,False,1.0,True
ACC_01420,18,6,0.3684210526315789,0.0006358330715982,0.0039880851063829,0.0036231884057971,9871.66,27015.16,22,57,6,18,448.71181818181816,252.90540576113327,0.0,1,22,False,normal,0.3471873115365684,0.0578354555250556,0.2314465691319633,94.81292517006804,WARNING,False,0.0,False
ACC_01373,11,7,0.6666666666666666,0.0005269273909916,0.0027855319148936,0.0,17052.42,16716.12,38,29,7,11,448.74789473684206,288.7671381239786,0.0526315789473684,2,38,False,normal,0.3590222021204632,0.0386168223677795,0.2308600502193897,94.7704081632653,WARNING,False,0.0,False
MULE_04_004,1,1,1.0,7.361510957468722e-05,0.0,0.0,9448.8,9727.74,1,1,1,1,9448.8,0.0,0.0,0,1,True,mule,0.3827912492140104,0.002046168294109,0.2304932168460498,94.7278911564626,WARNING,False,1.0,True
ACC_01942,13,6,0.5,0.0014298550514389,0.0018017021276595,0.0058479532163742,11239.78,32586.23,22,58,6,13,510.8990909090909,296.10027117449647,0.0,1,22,False,normal,0.3485729649865551,0.0524464037003977,0.2301223404720921,94.68537414965986,WARNING,False,1.0,True
ACC_01739,5,8,1.5,0.0005262664780836,0.0081693617021276,0.0,4511.1,10216.79,12,22,8,5,375.925,199.1606219977872,0.0,1,12,False,normal,0.3598638628670209,0.0335497058198925,0.2293382000481695,94.64285714285714,WARNING,False,0.0,False
ACC_00585,3,11,3.0,7.957342684523992e-05,0.0078391489361702,0.0109890109890109,13264.46,478.71,24,3,11,3,552.6858333333333,374.3819154973291,0.0,1,24,False,normal,0.3671495292601036,0.0200651714655393,0.2283157861422778,94.6003401360544,WARNING,False,0.0,False
ACC_01949,12,8,0.6923076923076923,0.0008214245043047,0.0075404255319148,0.0,8357.26,20912.34,18,41,8,12,464.2922222222222,327.75896045642617,0.0,2,17,False,normal,0.3641044976149074,0.0223868921932107,0.2274174554462287,94.5578231292517,WARNING,False,0.0,False
MULE_03_030,1,1,1.0,7.25556794641459e-05,0.0,0.0,8178.51,8575.35,1,1,1,1,8178.51,0.0,0.0,0,1,True,mule,0.3787199660785155,0.0002418956107082,0.2273287378913926,94.51530612244898,WARNING,False,1.0,True
ACC_01957,14,5,0.4,0.0010186484760068,0.0038323404255319,0.0058479532163742,18665.77,18707.31,30,37,5,14,622.1923333333333,448.4213638108181,0.0,1,30,False,normal,0.3521717731300795,0.0393728472073738,0.2270522027609972,94.47278911564626,WARNING,False,1.0,True
ACC_01094,9,2,0.3,0.0004834160105397,0.0,0.0,6522.75,17455.71,13,39,2,9,501.75,438.6122479100038,0.0,1,13,False,normal,0.3462209684962455,0.0482731220951237,0.2270418299357968,94.43027210884354,WARNING,False,0.0,False
ACC_00912,13,6,0.5,0.0010235198479373,0.0020440881763527,0.0175438596491228,11826.67,25291.6,26,42,6,13,454.8719230769231,333.29455616339413,0.0,2,26,False,normal,0.3673286636624059,0.0164360161378349,0.2269716046525775,94.3877551020408,WARNING,False,0.0,False
MULE_07_009,1,1,1.0,7.316466928700545e-05,0.0,0.0,9560.4,9814.02,1,1,1,1,9560.4,0.0,0.0,0,1,True,mule,0.3764729612096639,0.0023555807090338,0.2268260090094119,94.34523809523807,WARNING,False,1.0,True
ACC_00997,9,13,1.4,0.0005366464219464,0.0118927659574468,0.0086580086580086,15210.43,22507.86,28,42,13,9,543.2296428571428,462.4970752698886,0.0,1,27,False,normal,0.3589331878272373,0.0280601380935675,0.2265839679337694,94.30272108843538,WARNING,False,0.0,False
MULE_05_012,1,1,1.0,7.322224346558072e-05,0.0,0.0,9503.38,9891.98,1,1,1,1,9503.38,0.0,0.0,0,1,True,mule,0.3757365723567028,0.0021854202229303,0.2263161115031938,94.26020408163264,WARNING,False,1.0,True
MULE_03_010,1,1,1.0,7.270418539325007e-05,0.0,0.0,9513.63,9819.98,1,1,1,1,9513.63,0.0,0.0,0,1,True,mule,0.3750445569030363,0.0022165798379378,0.2259133660769969,94.21768707482994,WARNING,False,1.0,True
MULE_03_023,1,1,1.0,7.270913706246729e-05,0.0,0.0,9502.26,9861.48,1,1,1,1,9502.26,0.0,0.0,0,1,True,mule,0.3749860315418104,0.0021814730774659,0.2258642081560726,94.1751700680272,WARNING,False,1.0,True
ACC_00079,6,14,2.142857142857143,0.0001472042040884,0.008290623800793,0.0052631578947368,8366.48,1887.19,22,7,14,6,380.2945454545454,299.1860681395964,0.0,1,21,False,normal,0.3597712952064626,0.0228979402956316,0.2250219532421302,94.13265306122447,WARNING,False,0.0,False
MULE_02_030,1,1,1.0,7.33953090223068e-05,0.0,0.0,8208.21,8549.83,1,1,1,1,8208.21,0.0,0.0,0,1,True,mule,0.374384153343843,0.0002552358417349,0.2247325863429998,94.09013605442176,WARNING,False,1.0,True
MULE_02_006,1,1,1.0,7.362582582411432e-05,0.0,0.0,9429.88,9607.84,1,1,1,1,9429.88,0.0,0.0,0,1,True,mule,0.3727253453494428,0.0020031502302448,0.2244364673017636,94.04761904761904,WARNING,False,1.0,True
ACC_01673,8,13,1.5555555555555556,0.0003864938648515,0.0099591489361702,0.0095238095238095,10501.9,13580.95,24,23,13,8,437.57916666666665,275.3434741162496,0.0,2,24,False,normal,0.3691629504090502,0.0073166272196486,0.2244244211332896,94.00510204081633,WARNING,False,1.0,True
ACC_01033,14,9,0.6666666666666666,0.0008213921634334,0.0072037692406088,0.0079051383399209,12498.28,22145.96,30,40,9,14,416.6093333333334,272.3924875025303,0.0666666666666666,1,30,False,normal,0.3651467607790005,0.0121948881980913,0.2239660117466368,93.9625850340136,WARNING,False,0.0,False
MULE_03_048,1,1,1.0,7.26867853469381e-05,0.0,0.0,9524.46,9674.15,1,1,1,1,9524.46,0.0,0.0,0,1,True,mule,0.3710953471475193,0.0022576136006917,0.2235602537287883,93.92006802721087,WARNING,False,1.0,True
ACC_00684,3,11,3.0,0.0001364394008371,0.0009642553191489,0.0109890109890109,17605.68,2388.6,36,5,11,3,489.0466666666667,393.0447503274913,0.0,1,34,False,normal,0.354117312836321,0.0271142817598734,0.2233161004057419,93.87755102040816,WARNING,False,0.0,False
ACC_01316,3,11,3.0,0.0001424836812936,0.002595744680851,0.0,12012.85,1824.88,28,3,11,3,429.0303571428572,291.76484668158184,0.0,2,27,False,normal,0.3586819518131947,0.0196253110900157,0.2230592955239231,93.83503401360544,WARNING,False,0.0,False
ACC_01544,11,7,0.6666666666666666,0.0002730335999718,0.0014570212765957,0.0065359477124183,10267.08,7407.28,14,19,7,11,733.3628571428571,663.229737925051,0.0,1,14,False,normal,0.3002343256984867,0.1069982371083896,0.2229398902624478,93.79251700680273,WARNING,False,0.0,False
MULE_02_024,1,1,1.0,7.36337129974165e-05,0.0,0.0,9416.55,9644.04,1,1,1,1,9416.55,0.0,0.0,0,1,True,mule,0.3701867081013074,0.0019647970030033,0.2228979436619857,93.75,WARNING,False,1.0,True
ACC_01264,5,16,2.833333333333333,0.000257026386796,0.0036677610540229,0.0,16032.29,7105.96,33,13,16,5,485.82696969696974,389.8961245037328,0.0,1,33,False,normal,0.3425823414074718,0.0432283426656967,0.2228407419107617,93.70748299319727,WARNING,False,0.0,False
ACC_00190,12,2,0.2307692307692307,0.0008464887341631,0.0,0.0109890109890109,10575.39,25489.66,23,61,2,12,459.79956521739126,278.22191040897656,0.0,1,23,False,normal,0.3352302342447858,0.0535765951466459,0.2225687786055298,93.66496598639456,WARNING,False,0.0,False
ACC_00132,10,13,1.2727272727272727,0.0004594951742249,0.0088374468085106,0.0039525691699604,11735.89,15552.44,29,27,13,10,404.6858620689655,279.6642398805759,0.0,2,29,False,normal,0.3663438634887374,0.0059020127669324,0.2221671232000154,93.62244897959184,WARNING,False,0.0,False
ACC_00874,16,8,0.5294117647058824,0.000674824526118,0.0029982978723404,0.0144927536231884,10108.4,23805.0,23,62,8,16,439.495652173913,273.4308497063677,0.0434782608695652,1,22,False,normal,0.3347319012533194,0.052136686487436,0.221693815346966,93.57993197278913,WARNING,False,0.0,False
ACC_01449,16,10,0.6470588235294118,0.0008638791912664,0.0084425531914893,0.0061538461538461,14235.42,23232.51,25,49,10,16,569.4168,358.04640865070365,0.0,1,25,False,normal,0.3589605422784853,0.0148138891748314,0.2213018810370237,93.5374149659864,WARNING,False,1.0,True
ACC_00044,13,11,0.8571428571428571,0.0005681352812723,0.0048485106382978,0.0181159420289855,16521.44,16872.48,32,35,11,13,516.295,300.7999219071621,0.0,2,31,False,normal,0.358263613467806,0.0156956571406648,0.2212364309369495,93.49489795918367,WARNING,False,0.0,False
ACC_01064,9,5,0.6,0.0010160818110977,0.0014944680851063,0.0109890109890109,10145.92,33149.1,25,56,5,9,405.8368,266.1690443703024,0.08,1,24,False,normal,0.3387518807373227,0.0431031018723952,0.2204923691913517,93.45238095238096,WARNING,False,0.0,False
ACC_00283,12,3,0.3076923076923077,0.001003815757535,5.969385579669979e-06,0.0095238095238095,9391.21,28915.88,21,61,3,12,447.20047619047625,350.58584431599894,0.0,1,21,False,normal,0.3378056830734938,0.0434869137607945,0.2200781753484141,93.40986394557824,WARNING,False,0.0,False
ACC_01676,4,12,2.6,0.0005643975292333,0.0035004255319148,0.025,9034.52,4851.21,24,15,12,4,376.4383333333333,202.2509383364414,0.0,1,24,False,normal,0.338680328027053,0.0417564351424051,0.2199107708731938,93.36734693877553,WARNING,False,0.0,False
ACC_00223,11,13,1.1666666666666667,0.0010120866596752,0.0037531914893617,0.0072463768115942,15327.86,32277.76,29,60,13,11,528.5468965517241,316.4594154311491,0.0,1,29,False,normal,0.3303433554226035,0.0535778416018792,0.2196371498943138,93.3248299319728,WARNING,False,0.0,False
ACC_00155,2,10,3.6666666666666665,0.0001437097254568,0.0001029787234042,0.0,7714.94,1319.08,18,3,10,2,428.6077777777778,259.88262030375887,0.0,1,18,False,normal,0.3440083908111955,0.0330079685176735,0.2196082218937867,93.28231292517006,WARNING,False,0.0,False
ACC_00136,10,3,0.3636363636363636,0.0004344388351516,0.00172,0.0256410256410256,12542.91,10299.71,28,22,3,10,447.9610714285714,272.89073986893897,0.0357142857142857,2,27,False,normal,0.3415697578113773,0.0354148942823614,0.2191078123997709,93.23979591836736,WARNING,False,0.0,False
MULE_03_054,1,1,1.0,7.255858364797115e-05,0.0,0.0,8222.01,8599.69,1,1,1,1,8222.01,0.0,0.0,0,1,True,mule,0.3647002745919749,0.0002517533946841,0.2189208661130586,93.19727891156462,WARNING,False,1.0,True
ACC_01004,7,8,1.125,0.0007627129861853,5.106382978723404e-06,0.0285714285714285,17422.84,18354.04,37,36,8,7,470.88756756756754,324.470987843678,0.0,2,36,False,normal,0.3442550549492699,0.0306054699283077,0.218795220940885,93.15476190476193,WARNING,False,0.0,False
MULE_07_030,1,1,1.0,7.317502712474539e-05,0.0,0.0,9474.44,9876.3,1,1,1,1,9474.44,0.0,0.0,0,1,True,mule,0.3629355776894851,0.0021047601749202,0.2186032506836592,93.1122448979592,WARNING,False,1.0,True
ACC_01616,8,10,1.2222222222222223,0.0009851144491528,0.0020944015690956,0.0065359477124183,19179.98,21558.25,34,35,10,8,564.1170588235294,412.735619741268,0.0,2,34,False,normal,0.3462108747021543,0.0267892759482905,0.2184422352006088,93.06972789115646,WARNING,False,0.0,False
MULE_05_038,1,1,1.0,7.321779188624268e-05,0.0,0.0,9472.93,9865.92,1,1,1,1,9472.93,0.0,0.0,0,1,True,mule,0.3625750722483011,0.0021014506102771,0.2183856235930915,93.02721088435374,WARNING,False,1.0,True
ACC_01327,8,7,0.8888888888888888,0.0002219993770713,0.0013182978723404,0.0095238095238095,22313.2,10926.82,39,23,7,8,572.1333333333333,523.9962958001522,0.0512820512820512,1,39,False,normal,0.338542445526959,0.0369663274450134,0.2179119982941808,92.98469387755102,WARNING,False,0.0,False
ACC_00029,14,3,0.2666666666666666,0.0010206844755042,0.0002672340425531,0.0147058823529411,8835.95,21365.22,20,42,3,14,441.7975,259.2439076658159,0.0,1,20,False,normal,0.3423236077783436,0.0304161164203438,0.2175606112351437,92.9421768707483,WARNING,False,0.0,False
ACC_00968,9,11,1.2,0.0004009285076807,0.0104391489361702,0.0052631578947368,20433.63,12516.29,35,31,11,9,583.818,393.4660673971024,0.0285714285714285,1,34,False,normal,0.3512133954214206,0.0158356688909925,0.2170623048092494,92.8996598639456,WARNING,False,0.0,False
ACC_00937,13,12,0.9285714285714286,0.0006036303302463,0.0068903764976762,0.0133333333333333,15462.16,17142.8,33,40,12,13,468.55030303030304,310.3955391259357,0.0303030303030303,1,33,False,normal,0.3521610790534683,0.0135814691834303,0.2167292351054531,92.85714285714286,WARNING,False,0.0,False
ACC_01428,3,11,3.0,0.0001770696324153,0.0075208510638297,0.0109890109890109,12506.46,2355.82,26,6,11,3,481.0176923076923,296.5629748476056,0.0384615384615384,1,26,False,normal,0.3490661433800354,0.0181384645293223,0.2166950718397501,92.81462585034014,WARNING,False,0.0,False
ACC_01347,10,12,1.181818181818182,0.0008653331100365,0.0015179294759732,0.0043290043290043,18796.94,20882.43,34,42,12,10,552.8511764705881,372.9917640472224,0.0,2,33,False,normal,0.3472709868464367,0.0207932725796781,0.2166799011397332,92.7721088435374,WARNING,False,0.0,False
ACC_01518,17,11,0.6666666666666666,0.0008965483824716,0.0025727659574468,0.0026455026455026,12883.72,23274.94,27,50,11,17,477.1748148148148,440.9838763175812,0.0,1,27,False,normal,0.3387606436731001,0.0332065796622226,0.2165390180687491,92.7295918367347,WARNING,False,0.0,False
ACC_00037,2,6,2.333333333333333,8.248866295215826e-05,0.0018782978723404,0.0,12821.83,557.01,24,2,6,2,534.2429166666667,417.0588114244505,0.0,2,24,False,normal,0.3447538373042332,0.0240929056932095,0.2164894646598238,92.68707482993196,WARNING,False,0.0,False
ACC_00405,8,13,1.5555555555555556,0.0004345037124694,0.0060553191489361,0.0047619047619047,21707.11,9902.35,37,23,13,8,586.6786486486486,373.2757436694916,0.0,1,36,False,normal,0.3501652703887793,0.0150660936339674,0.2161255996868546,92.64455782312923,WARNING,False,0.0,False
ACC_00659,4,2,0.6,0.0001308857277271,0.0,0.0,9222.89,2368.2000000000003,23,6,2,4,400.9952173913043,299.4524202131976,0.0869565217391304,1,22,False,normal,0.3433213968804654,0.0251937613012144,0.216070342648765,92.60204081632652,WARNING,False,0.0,False
ACC_00959,7,7,1.0,0.0004725965072931,0.0139012765957446,0.0439560439560439,8642.0,9084.73,19,15,7,7,454.8421052631579,378.8499848456429,0.0,1,19,False,normal,0.3273327593987086,0.0470119783523206,0.2152044469801534,92.5595238095238,WARNING,False,0.0,False
ACC_00668,1,10,5.5,7.306738552814796e-05,0.0014068085106382,0.0,12366.53,63.65,25,1,10,1,494.6612,368.9893532375517,0.0,1,25,False,normal,0.3354722115598355,0.0346907246395953,0.2151596167917394,92.51700680272108,WARNING,False,0.0,False
ACC_01693,13,8,0.6428571428571429,0.0006005025592098,0.0080306382978723,0.019047619047619,13919.32,15778.62,27,28,8,13,515.5303703703704,347.3211103961011,0.037037037037037,2,26,False,normal,0.347142867151271,0.0147085871252293,0.2141691551408543,92.47448979591836,WARNING,False,0.0,False
MULE_03_045,1,1,1.0,7.268900345611275e-05,0.0,0.0,9472.76,9692.74,1,1,1,1,9472.76,0.0,0.0,0,1,True,mule,0.3547214658219442,0.0021096929786353,0.2136767566846206,92.43197278911563,WARNING,False,1.0,True
ACC_01292,16,4,0.2941176470588235,0.0008070878352765,0.0003778723404255,0.0052631578947368,13474.98,21261.18,22,42,4,16,612.4990909090909,328.5849469918097,0.0,1,20,False,normal,0.3308360001948703,0.037800388284274,0.2136217554306318,92.38945578231292,WARNING,False,0.0,False
ACC_01588,11,10,0.9166666666666666,0.0004506650166046,0.0141627936724512,0.0,13536.69,10942.45,31,30,10,11,436.6674193548387,287.96891635461566,0.0,2,31,False,normal,0.3393295920505188,0.0249485674132068,0.213577182195594,92.3469387755102,WARNING,False,0.0,False
ACC_00446,8,7,0.8888888888888888,0.0007553841044788,0.0015540425531914,0.0380952380952381,19925.57,12512.24,41,26,7,8,485.989512195122,295.28541482734306,0.0,1,41,False,normal,0.3194886019749186,0.054616353402753,0.2135397025460523,92.30442176870748,WARNING,False,0.0,False
MULE_03_006,1,1,1.0,7.270201620418094e-05,0.0,0.0,9451.05,9801.8,1,1,1,1,9451.05,0.0,0.0,0,1,True,mule,0.3530379892308629,0.0020424804653686,0.2126397857246652,92.26190476190476,WARNING,False,1.0,True
ACC_00577,11,8,0.75,0.000991528502109,0.0003463829787234,0.0116959064327485,14685.86,24451.49,23,50,8,11,638.515652173913,525.0857786878609,0.0,2,23,False,normal,0.3326762342834543,0.0322360649330405,0.2125001665432888,92.21938775510203,WARNING,False,0.0,False
ACC_00986,7,7,1.0,0.0006576242515599,0.0022777469833283,0.0109890109890109,6136.889999999999,27538.33,16,48,7,7,383.555625,291.4812798555852,0.0625,1,16,False,normal,0.3297648054610317,0.0364859425238049,0.212453260286141,92.17687074829932,WARNING,False,0.0,False
ACC_00486,2,9,3.333333333333333,0.0001560932228009,0.0002017021276595,0.0181818181818181,13891.09,1962.79,31,4,9,2,448.09967741935486,336.0444178922768,0.032258064516129,1,31,False,normal,0.3385649893926799,0.0227961019368767,0.2122574344103586,92.1343537414966,WARNING,False,0.0,False
MULE_06_011,1,1,1.0,7.28508581928375e-05,8.510638297872341e-07,0.0,8315.86,8694.69,1,1,1,1,8315.86,0.0,0.0,0,1,True,mule,0.3533419446848678,0.0002837615720751,0.2121186714397507,92.09183673469389,WARNING,False,1.0,True
ACC_00321,15,10,0.6875,0.001072172550896,0.0042186500660896,0.0166666666666666,13794.33,23356.01,29,44,10,15,475.666551724138,304.3964507052776,0.0,1,28,False,normal,0.3392569094456,0.0208553878630241,0.2118963008125696,92.04931972789116,WARNING,False,0.0,False
ACC_01952,4,12,2.6,0.00049741414034,0.0070697872340425,0.025,14040.79,5000.28,29,13,12,4,484.1651724137931,268.71619877298974,0.0,1,28,False,normal,0.3344200000729526,0.0280740856724594,0.2118816343127553,92.00680272108843,WARNING,False,0.0,False
MULE_00_034,1,1,1.0,7.28867679398363e-05,0.0,0.0,9464.03,9869.18,1,1,1,1,9464.03,0.0,0.0,0,1,True,mule,0.3517296142101294,0.0020748144066117,0.2118676942887223,91.96428571428572,WARNING,False,1.0,True
MULE_07_004,1,1,1.0,7.294992044336859e-05,0.0,0.0,8191.51,8522.77,1,1,1,1,8191.51,0.0,0.0,0,1,True,mule,0.3528910637833072,0.0002507580538163,0.2118349414915108,91.921768707483,WARNING,False,1.0,True
MULE_07_035,1,1,1.0,7.316220955000844e-05,0.0,0.0,9496.84,9799.23,1,1,1,1,9496.84,0.0,0.0,0,1,True,mule,0.3515307113122497,0.0021726153330685,0.2117874729205772,91.87925170068029,WARNING,False,1.0,True
ACC_01972,12,3,0.3076923076923077,0.0005108927337498,0.0,0.0,13295.01,22398.36,20,42,3,12,664.7505,503.99184898875626,0.0,1,20,False,normal,0.3219357634342882,0.0463969365089462,0.2117202326641514,91.83673469387756,WARNING,False,0.0,False
ACC_01170,14,5,0.4,0.0007069367425415,0.0033055319148936,0.0058479532163742,11225.53,25674.96,26,58,5,14,431.7511538461539,336.33067494151555,0.0384615384615384,1,26,False,normal,0.3274690086487734,0.038021923960951,0.2116901747736444,91.79421768707483,WARNING,False,0.0,False
ACC_00238,7,4,0.625,0.0009832081363602,0.0004578723404255,0.0181818181818181,5782.25,16270.5,13,38,4,7,444.7884615384616,223.57473392008296,0.0,1,13,False,normal,0.322445067517696,0.0432516667270814,0.2107677072014501,91.75170068027212,WARNING,False,0.0,False
MULE_00_040,1,1,1.0,7.285932201099694e-05,0.0,0.0,9547.94,9669.17,1,1,1,1,9547.94,0.0,0.0,0,1,True,mule,0.3495423872866074,0.0023272797319576,0.2106563442647475,91.70918367346938,WARNING,False,1.0,True
ACC_01247,7,8,1.125,0.0002433302159093,0.0064697872340425,0.0095238095238095,17845.83,9104.26,38,20,8,7,469.62710526315794,290.73415626844354,0.0,2,37,False,normal,0.3247109895707655,0.0395201172582785,0.2106346406457707,91.66666666666666,WARNING,False,0.0,False
ACC_00391,3,6,1.75,0.0001135330799825,0.0011589135718245,0.0555555555555555,14815.18,1871.19,24,7,6,3,617.2991666666667,363.4393259561344,0.0416666666666666,1,24,False,normal,0.3455737431968848,0.008082779575773,0.21057735774844,91.62414965986396,WARNING,False,0.0,False
MULE_01_020,1,1,1.0,7.290349000022264e-05,0.0,0.0,9539.05,9694.07,1,1,1,1,9539.05,0.0,0.0,0,1,True,mule,0.3485589219753238,0.0022997379708326,0.2100552483735273,91.58163265306123,WARNING,False,1.0,True
MULE_01_013,1,1,1.0,7.291017805948388e-05,0.0,0.0,9527.89,9741.36,1,1,1,1,9527.89,0.0,0.0,0,1,True,mule,0.3485378172928158,0.0022640476710508,0.2100283094441098,91.53911564625852,WARNING,False,1.0,True
ACC_01659,3,8,2.25,0.000171128991481,0.0012629787234042,0.0181818181818181,14277.8,3266.03,32,8,8,3,446.18125,326.90994073785185,0.0,2,32,False,normal,0.3376021075462223,0.0174856424631258,0.2095555215129836,91.49659863945578,WARNING,False,0.0,False
MULE_03_032,1,1,1.0,7.268683546021693e-05,0.0,0.0,9453.27,9674.57,1,1,1,1,9453.27,0.0,0.0,0,1,True,mule,0.3478530953442219,0.0020570454693297,0.209534675394265,91.45408163265306,WARNING,False,1.0,True
ACC_01753,10,6,0.6363636363636364,0.0007663543797235,0.0005727659574468,0.0,9028.12,30866.44,17,57,6,10,531.0658823529412,202.20908680926112,0.0588235294117647,1,17,False,normal,0.3218328590326218,0.0408214680757026,0.2094283026498541,91.41156462585032,WARNING,False,0.0,False
ACC_01841,2,7,2.6666666666666665,7.552103869787658e-05,0.0002697872340425,0.0,11308.62,249.81,23,2,7,2,491.6791304347826,324.4974172878456,0.0,2,22,False,normal,0.3394811771022944,0.0137212682125588,0.2091772135464001,91.36904761904762,WARNING,False,0.0,False
ACC_01852,13,8,0.6428571428571429,0.0006030343463545,0.0112178723404255,0.0238095238095238,8515.11,16854.489999999998,19,31,8,13,448.1636842105264,380.82039183278056,0.0,1,19,False,normal,0.3359069994682085,0.019061316016554,0.2091687260875467,91.3265306122449,WARNING,False,0.0,False
ACC_01907,15,8,0.5625,0.001232661228251,0.0030297872340425,0.0118577075098814,13286.77,24203.03,29,47,8,15,458.1644827586207,284.27257354249446,0.0,1,28,False,normal,0.3273923906113347,0.0316821344242895,0.2091082881365166,91.28401360544215,WARNING,False,1.0,True
ACC_00819,4,8,1.8,0.0003528797522906,0.0018221276595744,0.0,12559.48,10287.97,36,20,8,4,348.8744444444444,239.07913082664788,0.0,2,36,False,normal,0.3246904596157786,0.0355281752359363,0.2090255458638416,91.24149659863946,WARNING,False,0.0,False
ACC_01578,11,13,1.1666666666666667,0.0004221578165522,0.0035148936170212,0.0072463768115942,13918.5,13311.89,22,25,13,11,632.6590909090909,505.8616468571609,0.0,2,22,False,normal,0.3224738592409883,0.0386837729117709,0.2089578247093014,91.19897959183672,WARNING,False,0.0,False
ACC_00310,6,5,0.8571428571428571,0.0004934749157311,0.0024136170212765,0.0363636363636363,11314.33,10995.4,19,27,5,6,595.4910526315789,480.4167795651181,0.0,2,19,False,normal,0.3305190173898003,0.0263475543495144,0.208850432173686,91.15646258503402,WARNING,False,0.0,False
ACC_01987,13,7,0.5714285714285714,0.0009092544222741,0.0002646808510638,0.0,14971.17,22795.17,24,42,7,13,623.79875,468.33208334436574,0.0,2,24,False,normal,0.3349861813997761,0.0181434263134882,0.2082490793652609,91.1139455782313,WARNING,False,0.0,False
MULE_02_014,1,1,1.0,7.360064787530772e-05,0.0,0.0,9388.91,9492.28,1,1,1,1,9388.91,0.0,0.0,0,1,True,mule,0.3453941859979406,0.0019023470337275,0.2079974504122553,91.07142857142856,WARNING,False,1.0,True
ACC_01305,3,10,2.75,0.0002733789118216,0.0001642553191489,0.0256410256410256,11471.12,4542.05,25,11,10,3,458.8448,319.32063804948984,0.0,2,25,False,normal,0.3365997135024238,0.0147620249961658,0.2078646380999206,91.02891156462584,WARNING,False,0.0,False
MULE_05_031,1,1,1.0,7.318519081499701e-05,0.0,0.0,9494.95,9675.07,1,1,1,1,9494.95,0.0,0.0,0,1,True,mule,0.344974386578381,0.0021759130391851,0.2078549971627026,90.98639455782312,WARNING,False,1.0,True
ACC_00648,12,9,0.7692307692307693,0.0010571739888016,0.0045344680851063,0.0105263157894736,9711.43,31742.02,22,54,9,12,441.4286363636364,283.3527338393657,0.0454545454545454,1,22,False,normal,0.3285257928931153,0.0266611573500967,0.2077799386759079,90.9438775510204,WARNING,False,0.0,False
MULE_00_005,1,1,1.0,7.288110612780734e-05,0.0,0.0,9481.5,9827.92,1,1,1,1,9481.5,0.0,0.0,0,1,True,mule,0.3441375715511353,0.0021260333521418,0.2073329562715379,90.9013605442177,WARNING,False,1.0,True
ACC_01509,13,7,0.5714285714285714,0.0010987232677238,0.0036595744680851,0.0,8911.789999999999,29522.27,21,58,7,13,424.3709523809524,349.7170292522908,0.0,1,21,False,normal,0.3231754796858301,0.0326610235322839,0.2069696972244116,90.85884353741496,WARNING,False,0.0,False
MULE_02_002,1,1,1.0,7.340883269210972e-05,0.0,0.0,8311.72,8611.9,1,1,1,1,8311.72,0.0,0.0,0,1,True,mule,0.3439441253101508,0.0002907533309604,0.2064827765184746,90.81632653061224,WARNING,False,1.0,True
MULE_03_037,1,1,1.0,7.269346831062139e-05,0.0,0.0,9434.94,9730.16,1,1,1,1,9434.94,0.0,0.0,0,1,True,mule,0.3427728002121479,0.0020033052867121,0.2064650022419736,90.77380952380952,WARNING,False,1.0,True
MULE_02_020,1,1,1.0,7.359879591472572e-05,0.0,0.0,9374.99,9483.78,1,1,1,1,9374.99,0.0,0.0,0,1,True,mule,0.3426743260939989,0.0018666508817131,0.2063512560090846,90.7312925170068,WARNING,False,1.0,True
ACC_01374,11,3,0.3333333333333333,0.0005418670291264,0.0001617021276595,0.0,19997.99,17766.16,31,33,3,11,645.0964516129033,394.5882739476544,0.032258064516129,1,31,False,normal,0.3214007271520503,0.0333770324642735,0.2061912492769396,90.68877551020408,WARNING,False,0.0,False
MULE_00_041,1,1,1.0,7.288745130929592e-05,0.0,0.0,9425.74,9874.16,1,1,1,1,9425.74,0.0,0.0,0,1,True,mule,0.3422445260243631,0.0019701606039898,0.2061347798562138,90.64625850340136,WARNING,False,1.0,True
ACC_01772,10,14,1.3636363636363635,0.0003931251971814,0.0115727659574468,0.0036231884057971,17111.59,12179.28,31,25,14,10,551.9867741935484,357.4482451897719,0.0,1,30,False,normal,0.3406546769866251,0.0036530843249983,0.2058540399219744,90.60374149659864,WARNING,False,0.0,False
ACC_00826,1,4,2.5,0.0001044810961085,5.106382978723404e-06,0.0,11054.26,676.86,19,1,4,1,581.8031578947368,447.6646752878596,0.0,1,19,False,normal,0.3203772954546595,0.0337834272154515,0.2057397481589763,90.56122448979592,WARNING,False,0.0,False
ACC_01298,14,10,0.7333333333333333,0.0004715371135625,0.0077165957446808,0.0072463768115942,17467.17,15824.56,34,32,10,14,513.740294117647,343.8971998043081,0.0294117647058823,1,33,False,normal,0.328836255193686,0.0196311232492956,0.2051542024159298,90.5187074829932,WARNING,False,0.0,False
ACC_01990,7,14,1.875,0.000328551172487,0.0013021276595744,0.0047619047619047,21228.83,10622.85,36,26,14,7,589.6897222222223,373.9182830855358,0.0,1,34,False,normal,0.3198886634596289,0.0324431063828292,0.204910440628909,90.47619047619048,WARNING,False,0.0,False
ACC_00300,7,13,1.75,0.000800095066048,0.0020330021745618,0.0210526315789473,11130.86,24146.53,21,46,13,7,530.0409523809524,250.0286104009852,0.0,1,21,False,normal,0.2935886779265649,0.069613117152322,0.2039984536168678,90.43367346938776,WARNING,False,0.0,False
MULE_02_004,1,1,1.0,7.359747557576961e-05,0.0,0.0,9354.8,9477.72,1,1,1,1,9354.8,0.0,0.0,0,1,True,mule,0.33862277806,0.0018151026881941,0.2038997079112776,90.39115646258504,WARNING,False,1.0,True
ACC_00746,3,11,3.0,0.0001596786330933,0.0037302127659574,0.0219780219780219,13439.53,2510.85,26,6,11,3,516.905,376.7947652423001,0.0384615384615384,1,26,False,normal,0.3279787848188216,0.017584543461182,0.2038210882757658,90.3486394557823,WARNING,False,0.0,False
ACC_01140,4,9,2.0,0.0001153864589378,0.0020280851063829,0.0128205128205128,15756.64,1576.8200000000002,26,5,9,4,606.0246153846153,448.0771814429364,0.0,2,25,False,normal,0.3296757232974557,0.0146668951304617,0.2036721920306581,90.3061224489796,WARNING,False,0.0,False
ACC_01554,10,4,0.4545454545454545,0.0004591346444158,0.0002950582015094,0.0329670329670329,16882.93,14737.02,37,26,4,10,456.2954054054054,264.12457731569054,0.0,1,36,False,normal,0.3052601820048092,0.0503082387639791,0.2032794047084771,90.26360544217688,WARNING,False,0.0,False
ACC_00084,3,4,1.25,0.0001572850327254,1.872340425531915e-05,0.0476190476190476,14818.52,2565.58,23,8,4,3,644.2834782608696,426.1222512763284,0.0,1,23,False,normal,0.3297608116912729,0.0132441841203294,0.2031541606628955,90.22108843537416,WARNING,False,0.0,False
ACC_01792,1,8,4.5,7.484844486533878e-05,0.0002711806591907,0.0,12759.63,509.5,25,1,8,1,510.38520000000005,347.1175356912026,0.0,1,25,False,normal,0.3223237128887304,0.0240760840600884,0.2030246613572736,90.17857142857144,WARNING,False,0.0,False
MULE_01_032,1,1,1.0,7.291641355393996e-05,0.0,0.0,9483.05,9785.45,1,1,1,1,9483.05,0.0,0.0,0,1,True,mule,0.3358426887691429,0.0021333659085988,0.2023589596249253,90.1360544217687,WARNING,False,1.0,True
ACC_01348,14,12,0.8666666666666667,0.0007013987673236,0.0076161702127659,0.0092307692307692,13259.49,26329.57,27,50,12,14,491.09222222222223,374.341946593602,0.0,1,27,False,normal,0.3275819604571376,0.0125099472691981,0.2015531551819618,90.09353741496598,WARNING,False,0.0,False
ACC_00462,11,3,0.3333333333333333,0.000739850411917,6.297872340425533e-05,0.0109890109890109,11804.1,21238.58,27,42,3,11,437.1888888888889,307.890445242776,0.0,2,26,False,normal,0.3180895713843423,0.0264828526550597,0.2014468838926292,90.05102040816327,WARNING,False,0.0,False
ACC_01736,11,12,1.0833333333333333,0.0007385330762422,0.001564831791242,0.0118577075098814,18589.43,24433.43,36,50,12,11,516.3730555555555,337.15813304585765,0.0,1,36,False,normal,0.3116768216910385,0.0356429512221086,0.2012632735034665,90.00850340136054,WARNING,False,0.0,False
MULE_01_029,1,1,1.0,7.274308547635923e-05,0.0,0.0,8261.89,8559.88,1,1,1,1,8261.89,0.0,0.0,0,1,True,mule,0.3351276663638381,0.0002696393212973,0.2011844555468218,89.96598639455783,WARNING,False,1.0,True
MULE_01_017,1,1,1.0,7.274178010974934e-05,0.0,0.0,8254.09,8550.65,1,1,1,1,8254.09,0.0,0.0,0,1,True,mule,0.3351276663638381,0.0002673473254746,0.2011835387484927,89.9234693877551,WARNING,False,1.0,True
MULE_01_040,1,1,1.0,7.274335560097731e-05,0.0,0.0,8255.21,8561.79,1,1,1,1,8255.21,0.0,0.0,0,1,True,mule,0.3351276663638381,0.0002669193943506,0.2011833675760431,89.88095238095238,WARNING,False,1.0,True
ACC_00661,3,13,3.5,0.000339089357857,2.638297872340425e-05,0.0083333333333333,14672.11,9244.11,32,21,13,3,458.5034375,390.273562927417,0.0,1,32,False,normal,0.3110570957376766,0.0362460390972051,0.201132673081488,89.83843537414967,WARNING,False,0.0,False
ACC_00670,8,5,0.6666666666666666,0.0006511726372066,0.0006936170212765,0.0,5875.42,23553.41,15,41,5,8,391.69466666666665,243.19615580451767,0.0666666666666666,1,15,False,normal,0.3218304234629035,0.019985598208195,0.2010924933610201,89.79591836734694,WARNING,False,0.0,False
ACC_00426,5,7,1.3333333333333333,0.0002588113487595,0.0064570212765957,0.0,17487.38,5516.41,32,14,7,5,546.480625,459.68016860209264,0.0,2,32,False,normal,0.3104097262668333,0.0360233846422122,0.2006551896169848,89.75340136054422,WARNING,False,0.0,False
ACC_00528,13,2,0.2142857142857142,0.0005126877552943,0.0,0.0,10438.32,13965.45,22,31,2,13,474.4690909090909,301.93370822258146,0.0454545454545454,1,22,False,normal,0.3061226360194343,0.041205357263768,0.2001557245171678,89.71088435374149,WARNING,False,0.0,False
ACC_01261,9,16,1.7,0.000312008816217,0.0036187234042553,0.0066666666666666,16325.8,7813.24,34,18,16,9,480.1705882352941,339.5295458374914,0.0,1,33,False,normal,0.3012226336761228,0.0484952188162724,0.2001316677321826,89.66836734693877,WARNING,False,0.0,False
ACC_01737,6,10,1.5714285714285714,0.0002888196685765,0.0069940425531914,0.0166666666666666,15259.47,6729.03,26,17,10,6,586.9026923076923,527.1530348015285,0.0,2,26,False,normal,0.3177339046772504,0.0234203670654409,0.2000084896325266,89.62585034013605,WARNING,False,0.0,False
ACC_01043,6,4,0.7142857142857143,0.0002743433206891,0.0009370212765957,0.0444444444444444,6308.91,6922.2,18,12,4,6,350.495,258.9928548469334,0.0555555555555555,1,18,False,normal,0.3283543215667356,0.0070613922250557,0.1998371498300637,89.58333333333334,WARNING,False,0.0,False
ACC_00215,12,12,1.0,0.0005294328734475,0.0080279708352875,0.0036231884057971,19186.05,14316.0,29,27,12,12,661.5879310344827,360.9314176779228,0.0344827586206896,1,28,False,normal,0.3294099313706011,0.0045568814673999,0.1994687114093206,89.54081632653062,WARNING,False,0.0,False
ACC_01931,13,8,0.6428571428571429,0.000934522261239,0.0026885106382978,0.0095238095238095,14875.77,20325.74,20,47,8,13,743.7885,498.11693703465806,0.0,1,20,False,normal,0.3098724092208213,0.0337546195217051,0.1994252933411748,89.49829931972789,WARNING,False,0.0,False
ACC_01284,7,5,0.75,0.0010436211127504,3.914893617021277e-05,0.0454545454545454,11139.88,23096.93,22,41,5,7,506.3581818181818,480.1140937481261,0.0,1,22,False,normal,0.3058236477649176,0.0395920569363143,0.1993310114334762,89.45578231292517,WARNING,False,0.0,False
ACC_00901,7,9,1.25,0.0002858329558048,0.0015591489361702,0.0166666666666666,18197.69,9625.08,23,16,9,7,791.2039130434782,689.9699749181391,0.0434782608695652,1,23,False,normal,0.2894210018872428,0.0623794912668077,0.1986043976390688,89.41326530612244,WARNING,False,0.0,False
ACC_00553,7,11,1.5,0.0004944561986801,0.0042988103867309,0.0,19961.23,12208.27,40,25,11,7,499.03075,371.34030407802,0.05,1,39,False,normal,0.3159040737599951,0.0226268812677566,0.1985931967630997,89.37074829931973,WARNING,False,0.0,False
ACC_01975,6,5,0.8571428571428571,0.0002162436634473,0.0020747878736195,0.0,9523.29,5415.78,19,9,5,6,501.2257894736842,236.1457996736524,0.1052631578947368,2,19,False,normal,0.3181302102880454,0.0179798515525492,0.1980700667938469,89.328231292517,WARNING,False,0.0,False
ACC_01865,12,6,0.5384615384615384,0.000985895447506,0.0007268085106382,0.0130718954248366,15528.06,30296.56,24,56,6,12,647.0024999999999,455.96625835547934,0.0,1,24,False,normal,0.3120765163863537,0.0269267665555205,0.1980166164540204,89.28571428571429,WARNING,False,0.0,False
ACC_01198,13,10,0.7857142857142857,0.0009920192848594,0.0027931914893617,0.0,16315.7,22276.8,32,44,10,13,509.865625,265.6910924476927,0.03125,1,32,False,normal,0.3131033412249349,0.0251198039148859,0.1979099263009153,89.24319727891157,WARNING,False,0.0,False
ACC_01183,11,6,0.5833333333333334,0.000845358548027,0.000903829787234,0.0073529411764705,10742.14,30523.76,18,55,6,11,596.7855555555556,443.1823290066864,0.0555555555555555,1,18,False,normal,0.3066584060748243,0.034474971928328,0.1977850324162258,89.20068027210884,WARNING,False,0.0,False
ACC_01560,10,7,0.7272727272727273,0.0006534699393868,0.0101106382978723,0.0073529411764705,10636.93,19743.81,19,38,7,10,559.8384210526316,543.8798673140885,0.0,1,18,False,normal,0.2860780353714532,0.0652909548001081,0.1977632031429151,89.15816326530613,WARNING,False,0.0,False
ACC_00139,11,10,0.9166666666666666,0.0006838980876894,0.0020868085106382,0.0095238095238095,20177.03,25059.33,35,49,10,11,576.4865714285714,367.2682833389274,0.0285714285714285,1,34,False,normal,0.3152364182964043,0.0211996930219242,0.1976217281866122,89.1156462585034,WARNING,False,0.0,False
MULE_04_030,1,1,1.0,7.338761044898136e-05,0.0,0.0,8358.08,8665.11,1,1,1,1,8358.08,0.0,0.0,0,1,True,mule,0.3288205852223523,0.0003114591697918,0.1974169348013281,89.07312925170068,WARNING,False,1.0,True
MULE_03_038,1,1,1.0,7.267395873390557e-05,0.0,0.0,9414.11,9566.65,1,1,1,1,9414.11,0.0,0.0,0,1,True,mule,0.3275482133475527,0.0019585340009766,0.1973123416089222,89.03061224489795,WARNING,False,1.0,True
MULE_03_042,1,1,1.0,7.256019920462659e-05,0.0,0.0,8343.3,8613.23,1,1,1,1,8343.3,0.0,0.0,0,1,True,mule,0.3285901292139863,0.0003031554969798,0.1972753397271837,88.98809523809523,WARNING,False,1.0,True
ACC_00674,10,7,0.7272727272727273,0.0006158653427705,0.0042995744680851,0.0294117647058823,16537.71,19376.67,33,39,7,10,501.14272727272726,326.3490919463459,0.0,2,31,False,normal,0.3154577424741546,0.0195438321569599,0.1970921783472767,88.94557823129252,WARNING,False,0.0,False
MULE_03_051,1,1,1.0,7.256125277665521e-05,0.0,0.0,8352.07,8622.06,1,1,1,1,8352.07,0.0,0.0,0,1,True,mule,0.327936669381684,0.0003074068754123,0.1968849643791753,88.9030612244898,WARNING,False,1.0,True
ACC_00757,8,12,1.4444444444444444,0.000412105618407,0.0003726602140451,0.0,23813.91,9745.13,40,20,12,8,595.34775,367.38381205692,0.0,1,38,False,normal,0.3068084653403364,0.0318395909840998,0.1968209155978418,88.86054421768708,WARNING,False,0.0,False
ACC_01059,2,10,3.6666666666666665,0.0003547724445719,6.297872340425533e-05,0.0,16791.21,4140.41,33,9,10,2,508.82454545454544,300.9662252343578,0.0303030303030303,1,32,False,normal,0.3082338606446692,0.0294255679646682,0.1967105435726688,88.81802721088435,WARNING,False,0.0,False
MULE_01_007,1,1,1.0,7.275684203217103e-05,0.0,0.0,8234.84,8657.15,1,1,1,1,8234.84,0.0,0.0,0,1,True,mule,0.3271289132411923,0.0002525320096442,0.196378360748573,88.77551020408163,WARNING,False,1.0,True
MULE_07_024,1,1,1.0,7.295958476499781e-05,0.0,0.0,8239.3,8580.88,1,1,1,1,8239.3,0.0,0.0,0,1,True,mule,0.3271011743792251,0.000260681614602,0.1963649772733758,88.73299319727892,WARNING,False,1.0,True
ACC_00152,7,8,1.125,0.0002116613422124,0.0081463829787234,0.0,15024.7,5351.36,38,11,8,7,395.3868421052632,243.7495373700975,0.0,1,37,False,normal,0.2948207882749726,0.0482708995599943,0.1962008327889813,88.69047619047619,WARNING,False,1.0,True
ACC_00288,1,5,3.0,7.971472839962422e-05,6.638297872340426e-05,0.0,11140.1,550.09,21,1,5,1,530.4809523809524,326.5162244805725,0.0,1,20,False,normal,0.3140858063255106,0.0192094404264229,0.1961352599658755,88.64795918367348,WARNING,False,0.0,False
MULE_04_015,1,1,1.0,7.335640673972071e-05,0.0,0.0,8417.15,8519.36,1,1,1,1,8417.15,0.0,0.0,0,1,True,mule,0.3264348320975263,0.0003608670173301,0.1960052460654478,88.60544217687075,WARNING,False,1.0,True
ACC_01118,3,12,3.25,0.0003063040176086,0.0033285106382978,0.0095238095238095,17857.19,5688.29,33,11,12,3,541.1269696969697,346.6313010560072,0.0,1,33,False,normal,0.309259503997302,0.0260983484299275,0.1959950417703522,88.56292517006803,WARNING,False,0.0,False
ACC_01087,5,6,1.1666666666666667,0.0003834687083874,0.0004417021276595,0.0222222222222222,8614.82,6277.99,14,13,6,5,615.3442857142857,666.9386789562532,0.0,1,14,False,normal,0.2708301104125408,0.0829320666153185,0.1956708928936519,88.5204081632653,WARNING,False,0.0,False
ACC_01916,2,11,4.0,0.000193909050267,0.000458789920266,0.0128205128205128,13430.31,2365.9,24,3,11,2,559.5962499999999,398.47329523540327,0.0,1,24,False,normal,0.3058647919340517,0.0302206781236028,0.1956071464098721,88.47789115646259,WARNING,False,0.0,False
ACC_00359,10,11,1.0909090909090908,0.0013020251112012,0.0026060631902102,0.0095238095238095,14118.68,22484.92,22,46,11,10,641.7581818181818,491.1193488313576,0.0,1,21,False,normal,0.2786559212692653,0.0708008542245582,0.1955138944513825,88.43537414965986,WARNING,False,1.0,True
ACC_01981,13,7,0.5714285714285714,0.000888212890881,0.0017931914893617,0.0210526315789473,16185.53,20063.85,34,44,7,13,476.045,370.2518904193345,0.0294117647058823,1,33,False,normal,0.3124161773705986,0.0196645968790896,0.195315545173995,88.39285714285714,WARNING,False,0.0,False
MULE_07_003,1,1,1.0,7.296042796084465e-05,0.0,0.0,8261.78,8585.95,1,1,1,1,8261.78,0.0,0.0,0,1,True,mule,0.3250365288845147,0.0002685974063274,0.1951293562932398,88.35034013605441,WARNING,False,1.0,True
MULE_01_044,1,1,1.0,7.274375442371185e-05,0.0,0.0,8294.36,8564.61,1,1,1,1,8294.36,0.0,0.0,0,1,True,mule,0.3247215134727635,0.0002830567271698,0.194946130774526,88.3078231292517,WARNING,False,1.0,True
ACC_00966,6,5,0.8571428571428571,0.0002854805408173,0.0001142710953822,0.0181818181818181,17808.02,6247.7300000000005,31,12,5,6,574.4522580645162,415.5473503281318,0.032258064516129,2,31,False,normal,0.3107932389799309,0.0207042068839368,0.1947576261415333,88.26530612244898,WARNING,False,0.0,False
ACC_00110,10,5,0.5454545454545454,0.0008137626782863,8.86880143265254e-05,0.0,8479.25,25468.93,13,50,5,10,652.25,369.8835374141434,0.0,1,13,False,normal,0.2990213213424126,0.0380064948494041,0.1946153907452092,88.22278911564626,WARNING,False,0.0,False
ACC_01863,6,10,1.5714285714285714,0.0007101390068662,0.0038221276595744,0.0,15223.29,21859.16,27,42,10,6,563.8255555555556,531.7550572204153,0.074074074074074,1,27,False,normal,0.2974537004280325,0.03993246338045,0.1944452056089995,88.18027210884354,WARNING,False,0.0,False
ACC_01803,6,5,0.8571428571428571,0.0001118208775193,0.002742506289174,0.0727272727272727,10465.0,1600.7,18,6,5,6,581.3888888888889,340.9373040671483,0.0,1,18,False,normal,0.3162250267820418,0.0114855466935229,0.1943292347466342,88.13775510204081,WARNING,False,0.0,False
MULE_02_022,1,1,1.0,7.340432915972972e-05,0.0,0.0,8404.44,8591.23,1,1,1,1,8404.44,0.0,0.0,0,1,True,mule,0.3235781959978863,0.0003465077922009,0.1942855207156121,88.09523809523809,WARNING,False,1.0,True
ACC_01908,12,9,0.7692307692307693,0.0005657024606478,0.0072101650108728,0.0047619047619047,14877.47,18656.46,27,33,9,12,551.0174074074074,434.4757952414751,0.037037037037037,2,27,False,normal,0.3160657011736483,0.0112315903456727,0.194132056842458,88.05272108843538,WARNING,False,0.0,False
ACC_00106,11,9,0.8333333333333334,0.0010221260323061,0.0038093617021276,0.0,11369.96,37013.54,28,66,9,11,406.07,270.95744267456604,0.0,1,27,False,normal,0.2882210838840028,0.0529697767889023,0.1941205610459626,88.01020408163265,WARNING,False,0.0,False
MULE_01_042,1,1,1.0,7.289044340544893e-05,0.0,0.0,9468.85,9601.82,1,1,1,1,9468.85,0.0,0.0,0,1,True,mule,0.3218651358419104,0.0021063206551215,0.1939616097671948,87.96768707482994,WARNING,False,1.0,True
ACC_01826,5,7,1.3333333333333333,0.000683561355036,4.519677653178698e-05,0.0151515151515151,11875.45,11814.59,19,28,7,5,625.0236842105263,648.143411918574,0.0526315789473684,1,19,False,normal,0.2809163614532886,0.0631595473668173,0.1938136358187001,87.92517006802721,WARNING,False,0.0,False
ACC_00847,11,6,0.5833333333333334,0.0012982889668267,0.0017685106382978,0.0147058823529411,9217.73,29441.14,23,58,6,11,400.77086956521737,287.8507366502969,0.0,1,23,False,normal,0.2871170389061666,0.0534013256497951,0.193630753603618,87.88265306122449,WARNING,False,0.0,False
ACC_01058,10,13,1.2727272727272727,0.0006949742797863,0.0117897872340425,0.0158102766798418,13026.89,14182.01,28,31,13,10,465.2460714285714,290.68218472005526,0.0,1,28,False,normal,0.3159727625357981,0.0096019649924414,0.1934244435184554,87.84013605442176,WARNING,False,0.0,False
MULE_04_001,1,1,1.0,7.359092161535777e-05,0.0,0.0,9174.59,9614.76,1,1,1,1,9174.59,0.0,0.0,0,1,True,mule,0.3212103098012035,0.0013777908568102,0.1932773022234462,87.79761904761905,WARNING,False,1.0,True
ACC_00403,2,8,3.0,7.941616727715357e-05,0.0019106382978723,0.0,12522.15,502.14,22,2,8,2,569.1886363636363,350.4647917007662,0.0454545454545454,1,22,False,normal,0.3115032523313867,0.0157061801545199,0.19318442346064,87.75510204081633,WARNING,False,0.0,False
MULE_00_044,1,1,1.0,7.272240797920123e-05,0.0,0.0,8278.16,8671.42,1,1,1,1,8278.16,0.0,0.0,0,1,True,mule,0.3210173056552129,0.0002677409298394,0.1927174797650635,87.7125850340136,WARNING,False,1.0,True
ACC_01890,8,13,1.5555555555555556,0.0004818633300276,0.0043974468085106,0.0095238095238095,12577.04,18051.16,31,39,13,8,405.7109677419355,203.29099367417209,0.032258064516129,1,30,False,normal,0.2947083823965917,0.0394659234190633,0.1926113988055804,87.67006802721087,WARNING,False,0.0,False
ACC_01167,13,7,0.5714285714285714,0.0009139407479939,0.0036365957446808,0.0,13567.27,28764.99,27,58,7,13,502.4914814814815,320.57800554027773,0.037037037037037,1,27,False,normal,0.30388957192505,0.0256855547176262,0.1926079650420805,87.62755102040816,WARNING,False,0.0,False
ACC_00920,9,5,0.6,0.0003939294127178,0.0015004255319148,0.0219780219780219,14446.12,9607.24,33,22,5,9,437.76121212121217,276.1611295710981,0.0303030303030303,2,32,False,normal,0.2998346607546044,0.0309149193950497,0.1922667642107825,87.58503401360545,WARNING,False,0.0,False
ACC_01500,8,4,0.5555555555555556,0.0004445168093783,0.0029906382978723,0.0454545454545454,10906.4,14163.05,23,25,4,8,474.1913043478261,294.10780707860334,0.0,2,23,False,normal,0.310910222451379,0.0139052261762463,0.1921082239413259,87.54251700680273,WARNING,False,0.0,False
ACC_01723,12,11,0.9230769230769232,0.0005403085384504,0.0067651063829787,0.0079051383399209,18526.6,15678.91,37,32,11,12,500.71891891891886,331.2558779418427,0.0,1,37,False,normal,0.3080242872292882,0.0178179997669897,0.1919417722443688,87.5,WARNING,False,0.0,False
MULE_02_007,1,1,1.0,7.339328275955238e-05,0.0,0.0,8453.21,8540.53,1,1,1,1,8453.21,0.0,0.0,0,1,True,mule,0.3193641608655816,0.0003859757931896,0.1917728868366248,87.45748299319727,WARNING,False,1.0,True
ACC_01192,1,2,1.5,0.0001016024215302,0.0,0.0,11762.98,570.4,23,1,2,1,511.43391304347824,419.9405635946282,0.0,1,23,False,normal,0.293431083994745,0.0391291021852112,0.1917102912709315,87.41496598639455,WARNING,False,0.0,False
MULE_01_045,1,1,1.0,7.288806036889677e-05,0.0,0.0,9453.96,9584.97,1,1,1,1,9453.96,0.0,0.0,0,1,True,mule,0.3177587034248408,0.0020663627710207,0.1914817671633127,87.37244897959184,WARNING,False,1.0,True
ACC_01350,17,9,0.5555555555555556,0.0008914765098776,0.001343829787234,0.003076923076923,13255.32,25510.42,25,54,9,17,530.2128,306.7876618624028,0.0,1,25,False,normal,0.2939249489951953,0.0373264940848537,0.1912855670310586,87.32993197278913,WARNING,False,0.0,False
MULE_05_023,1,1,1.0,7.31794580827413e-05,0.0,0.0,9412.46,9641.51,1,1,1,1,9412.46,0.0,0.0,0,1,True,mule,0.3175004279521957,0.0019515695870858,0.1912808846061517,87.2874149659864,WARNING,False,1.0,True
ACC_01082,3,7,2.0,0.0001034288381112,0.0052692619281115,0.0222222222222222,12447.59,920.18,28,3,7,3,444.5567857142857,400.89696183409046,0.0,1,28,False,normal,0.3024155019975813,0.0243926770680028,0.1912063720257499,87.24489795918367,WARNING,False,0.0,False
ACC_00068,11,8,0.75,0.0004536926690966,0.0031429787234042,0.0,17205.18,11305.34,35,22,8,11,491.5765714285714,257.5060977226942,0.0285714285714285,2,33,False,normal,0.298039289682955,0.0304991223106798,0.1910232227340449,87.20238095238095,WARNING,False,0.0,False
ACC_00386,13,2,0.2142857142857142,0.000650141176516,0.0,0.0,10113.12,17346.52,21,34,2,13,481.5771428571429,258.16189203952734,0.0,1,21,False,normal,0.2955978209323453,0.0340025846897397,0.1909597264353031,87.15986394557824,WARNING,False,0.0,False
ACC_00534,3,12,3.25,0.000163329034324,0.0010774468085106,0.019047619047619,12369.53,3844.73,23,6,12,3,537.805652173913,385.7810800161394,0.0,1,23,False,normal,0.2959737174603121,0.0322561141321519,0.190486676129048,87.11734693877551,WARNING,False,0.0,False
MULE_01_022,1,1,1.0,7.28971526786854e-05,0.0,0.0,9454.7,9649.26,1,1,1,1,9454.7,0.0,0.0,0,1,True,mule,0.3159866265136136,0.0020638713670895,0.1904175244550039,87.07482993197279,WARNING,False,1.0,True
ACC_01320,9,7,0.8,0.0010966665436857,0.0010485106382978,0.0,7201.29,27440.1,13,47,7,9,553.9453846153846,329.7067281341451,0.0,1,12,False,normal,0.282387622327777,0.0523601897151122,0.190376649282711,87.03231292517006,WARNING,False,0.0,False
ACC_00622,9,7,0.8,0.0002608241335975,0.0105080851063829,0.0333333333333333,14590.22,5670.02,26,14,7,9,561.1623076923076,444.041298586586,0.0,1,26,False,normal,0.2933728984704362,0.0345692380990163,0.1898514343218682,86.98979591836735,WARNING,False,0.0,False
MULE_06_028,1,1,1.0,7.29944295677826e-05,0.0,0.0,9448.06,9641.55,1,1,1,1,9448.06,0.0,0.0,0,1,True,mule,0.3146224440684249,0.0020467265312078,0.189592157053538,86.94727891156462,WARNING,False,1.0,True
ACC_00019,12,9,0.7692307692307693,0.0009163004436564,0.0025301667164115,0.0142857142857142,12392.39,30232.35,30,51,9,12,413.0796666666666,211.9513987797973,0.0,1,30,False,normal,0.295199194010074,0.0311340940253196,0.1895731540161722,86.90476190476191,WARNING,False,0.0,False
MULE_02_019,1,1,1.0,7.361111907831608e-05,0.0,0.0,9162.07,9540.34,1,1,1,1,9162.07,0.0,0.0,0,1,True,mule,0.3148904632222768,0.001355555251627,0.1894765000340169,86.86224489795919,WARNING,False,1.0,True
ACC_01175,15,9,0.625,0.0005186450819145,0.0032340425531914,0.0108695652173913,16717.09,13374.73,35,23,9,15,477.6311428571428,408.10649674673255,0.0,1,33,False,normal,0.2874547073803262,0.042234904750845,0.1893667863285337,86.81972789115646,WARNING,False,0.0,False
ACC_01873,5,7,1.3333333333333333,0.0002713126201726,0.0004808510638297,0.0,18676.98,5924.72,35,11,7,5,533.628,316.54706986481494,0.0285714285714285,2,34,False,normal,0.3002768692054506,0.0227839471585097,0.1892797003866742,86.77721088435374,WARNING,False,0.0,False
ACC_00587,11,5,0.5,0.0007595091549134,0.0008187234042553,0.0083333333333333,7890.91,23705.08,16,49,5,11,493.181875,537.7077234485757,0.0,1,16,False,normal,0.2802249917717229,0.0513924115081232,0.188691959666283,86.73469387755102,WARNING,False,0.0,False
ACC_01177,9,5,0.6,0.0005378913062464,0.0001021276595744,0.0109890109890109,18961.51,13526.55,34,27,5,9,557.6914705882352,321.1891068300055,0.0294117647058823,2,33,False,normal,0.2979091807784502,0.0246587399719231,0.1886090044558394,86.6921768707483,WARNING,False,0.0,False
ACC_01614,4,11,2.4,0.000369148777868,0.0001859037223382,0.0095238095238095,22769.11,9805.07,33,22,11,4,689.9730303030303,381.61421726893286,0.0303030303030303,1,31,False,normal,0.3028371628234392,0.016971549395483,0.1884909174522567,86.64965986394559,WARNING,False,0.0,False
ACC_01490,11,2,0.25,0.0009503121617179,5.957446808510638e-06,0.0,10513.86,16754.59,20,40,2,11,525.693,459.39837344876224,0.0,1,19,False,normal,0.2849724518816987,0.0435207789828424,0.1883917827221562,86.60714285714286,WARNING,False,0.0,False
ACC_00369,10,3,0.3636363636363636,0.0004916293395755,5.957446808510638e-06,0.0128205128205128,16990.65,12226.57,33,25,3,10,514.8681818181818,383.28419356965526,0.0606060606060606,1,32,False,normal,0.2907754452079074,0.0337319704161595,0.1879580552912082,86.56462585034014,WARNING,False,1.0,True
MULE_00_011,1,1,1.0,7.272022476472279e-05,0.0,0.0,8306.84,8655.51,1,1,1,1,8306.84,0.0,0.0,0,1,True,mule,0.3128292328462743,0.0002818472839409,0.1878102786213409,86.52210884353741,WARNING,False,1.0,True
MULE_01_016,1,1,1.0,7.290101220791439e-05,0.0,0.0,9434.85,9676.55,1,1,1,1,9434.85,0.0,0.0,0,1,True,mule,0.3115533787104482,0.0020078137497315,0.1877351527261615,86.4795918367347,WARNING,False,1.0,True
ACC_00612,10,4,0.4545454545454545,0.000545091976746,5.6170212765957446e-05,0.0,11996.08,22319.21,22,34,4,10,545.2763636363636,568.0588401829134,0.0,2,22,False,normal,0.2852838416214625,0.0413556466363561,0.1877125636274199,86.43707482993197,WARNING,False,0.0,False
MULE_02_008,1,1,1.0,7.342186395827555e-05,0.0,0.0,8433.78,8671.71,1,1,1,1,8433.78,0.0,0.0,0,1,True,mule,0.3122078095355567,0.0003609371868972,0.1874690605960929,86.39455782312925,WARNING,False,1.0,True
ACC_01878,10,8,0.8181818181818182,0.0012982470745715,0.0053361702127659,0.0,10051.99,26753.15,23,51,8,10,437.04304347826087,320.8337891329514,0.0434782608695652,1,23,False,normal,0.2731578794757144,0.0587222722755161,0.1873836365956351,86.35204081632652,WARNING,False,0.0,False
ACC_01287,7,4,0.625,0.0002572909966958,8.510638297872341e-07,0.0,8406.960000000001,6360.7,14,13,4,7,600.4971428571429,313.74565459273566,0.1428571428571428,1,14,False,normal,0.2989236575957547,0.0200435999214223,0.1873716345260217,86.30952380952381,WARNING,False,0.0,False
ACC_01923,12,6,0.5384615384615384,0.0006918481164552,0.0013046808510638,0.0,16851.98,23936.16,31,51,6,12,543.6122580645161,603.2973086890061,0.0,1,31,False,normal,0.2856090061550027,0.0400039713010976,0.1873669922134406,86.26700680272108,WARNING,False,0.0,False
ACC_00842,10,3,0.3636363636363636,0.0009016690778035,0.003291914893617,0.0128205128205128,6745.63,19792.22,19,37,3,10,355.03315789473686,246.60531728187843,0.0,1,19,False,normal,0.2934822990525682,0.0281540410502867,0.1873509958516556,86.22448979591837,WARNING,False,0.0,False
MULE_04_005,1,1,1.0,7.353891257871499e-05,0.0,0.0,9227.93,9371.83,1,1,1,1,9227.93,0.0,0.0,0,1,True,mule,0.3112368259335547,0.0015144003858911,0.1873478557144892,86.18197278911565,WARNING,False,1.0,True
MULE_04_000,1,1,1.0,7.358035410188191e-05,0.0,0.0,9126.21,9565.4,1,1,1,1,9126.21,0.0,0.0,0,1,True,mule,0.3110640820087662,0.0012772433085913,0.1871493465286962,86.13945578231292,WARNING,False,1.0,True
ACC_01922,4,10,2.2,0.0002466420447085,1.2765957446808513e-05,0.0109890109890109,14584.87,10770.12,31,21,10,4,470.47967741935486,431.7141286583354,0.032258064516129,2,31,False,normal,0.3038823444654088,0.0115161295717654,0.1869358585079514,86.0969387755102,WARNING,False,1.0,True
ACC_01049,14,6,0.4666666666666667,0.0007982496508625,0.0035974468085106,0.0052631578947368,13819.33,19523.12,30,42,6,14,460.64433333333335,235.9570779010649,0.0333333333333333,1,30,False,normal,0.2919124307207146,0.0293559591418055,0.186889842089151,86.05442176870748,WARNING,False,1.0,True
MULE_03_005,1,1,1.0,7.266951654968973e-05,0.0,0.0,9386.56,9529.42,1,1,1,1,9386.56,0.0,0.0,0,1,True,mule,0.3100072993816496,0.0018883736742954,0.1867597290987079,86.01190476190477,WARNING,False,1.0,True
MULE_03_009,1,1,1.0,7.257496233793372e-05,0.0,0.0,8382.92,8736.96,1,1,1,1,8382.92,0.0,0.0,0,1,True,mule,0.3110129383059772,0.0003172917745931,0.1867346796934235,85.96938775510205,WARNING,False,1.0,True
MULE_01_038,1,1,1.0,7.288692895688386e-05,0.0,0.0,9434.25,9576.97,1,1,1,1,9434.25,0.0,0.0,0,1,True,mule,0.3096250380837012,0.0020131260459828,0.1865802732686138,85.92687074829932,WARNING,False,1.0,True
ACC_01608,11,14,1.25,0.0006013660238684,0.0084314893617021,0.0066666666666666,14907.91,11944.02,29,28,14,11,514.0658620689655,395.8797172258733,0.0344827586206896,1,29,False,normal,0.3052507501379997,0.0081990149974217,0.1864300560817685,85.8843537414966,WARNING,False,0.0,False
ACC_01750,5,5,1.0,0.0003594519436211,7.404255319148937e-05,0.0,16600.65,9348.93,29,15,5,5,572.4362068965518,366.0043423963105,0.0689655172413793,2,29,False,normal,0.3011015362876413,0.0141414140932995,0.1863174874099046,85.84183673469387,WARNING,False,0.0,False
ACC_00126,4,3,0.8,0.0002554683227201,8.510638297872341e-05,0.0,16438.25,6429.89,35,15,3,4,469.6642857142857,335.12947714090967,0.0285714285714285,1,35,False,normal,0.2826290204065767,0.0414612768392733,0.1861619229796554,85.79931972789116,WARNING,False,0.0,False
ACC_00696,5,9,1.6666666666666667,0.0005144217889865,0.0014791489361702,0.0219780219780219,12875.69,12021.49,30,19,9,5,429.1896666666667,306.6827627626749,0.0666666666666666,2,29,False,normal,0.301196297614038,0.0128056208224045,0.1858400268973846,85.75680272108843,WARNING,False,0.0,False
ACC_00394,13,7,0.5714285714285714,0.0009107739617912,0.0070893617021276,0.0105263157894736,8497.19,25922.6,19,43,7,13,447.2205263157895,383.09199623986,0.0,1,19,False,normal,0.2960677265152544,0.0203555118648645,0.1857828406550984,85.71428571428571,WARNING,False,1.0,True
ACC_00532,11,13,1.1666666666666667,0.0008721996909132,0.0014522662345968,0.0072463768115942,18198.63,18285.35,32,41,13,11,568.7071875,396.72768117181295,0.03125,1,30,False,normal,0.2905382098504567,0.0284436981364369,0.1857004051648488,85.671768707483,WARNING,False,0.0,False
MULE_02_016,1,1,1.0,7.342200993634496e-05,0.0,0.0,8438.25,8672.38,1,1,1,1,8438.25,0.0,0.0,0,1,True,mule,0.3091541610691173,0.0003641850456792,0.185638170659742,85.62925170068027,WARNING,False,1.0,True
ACC_00609,3,3,1.0,0.0002061758032267,0.0034136170212765,0.0,7386.14,2560.01,17,10,3,3,434.4788235294118,350.81394122957744,0.0,1,17,False,normal,0.287652377833316,0.0320883766347645,0.1854267773538954,85.58673469387756,WARNING,False,0.0,False
ACC_00304,11,12,1.0833333333333333,0.0006259994255838,0.0039182978723404,0.0158102766798418,10777.33,18379.76,24,26,12,11,449.0554166666666,318.1013738605867,0.0416666666666666,2,24,False,normal,0.2987295230634915,0.0147535608261981,0.1851391381685741,85.54421768707483,WARNING,False,0.0,False
MULE_05_018,1,1,1.0,7.298607744493624e-05,0.0,0.0,8326.09,8509.44,1,1,1,1,8326.09,0.0,0.0,0,1,True,mule,0.3082445501843728,0.0003040758951589,0.1850683604686872,85.50170068027211,WARNING,False,1.0,True
ACC_01386,13,4,0.3571428571428571,0.000739898095125,0.0001586151025455,0.0147058823529411,11405.94,26635.82,20,55,4,13,570.297,328.2554664169838,0.0,1,20,False,normal,0.2874651745068949,0.0313810279654243,0.1850315158903067,85.45918367346938,WARNING,False,0.0,False
ACC_00236,5,10,1.8333333333333333,0.0002683442317679,0.0045361702127659,0.0,18919.26,6087.45,41,13,10,5,461.4453658536585,321.96423471480153,0.0,1,41,False,normal,0.2821500084391078,0.0392530889070712,0.1849912406262931,85.41666666666666,WARNING,False,0.0,False
ACC_01308,11,7,0.6666666666666666,0.0011610158801024,0.00068,0.0065359477124183,8714.95,33715.48,21,60,7,11,414.9976190476191,307.4153465086732,0.0,1,20,False,normal,0.2793945354434325,0.0432500165640953,0.1849367278916976,85.37414965986395,WARNING,False,0.0,False
ACC_01300,6,3,0.5714285714285714,0.0002830763529233,0.0003123404255319,0.0,7715.68,5484.55,18,10,3,6,428.6488888888889,296.906000234356,0.0,2,18,False,normal,0.2924480101544437,0.0233756781420337,0.1848190773494797,85.33163265306123,WARNING,False,0.0,False
MULE_06_019,1,1,1.0,7.302376218557523e-05,0.0,0.0,9352.14,9835.0,1,1,1,1,9352.14,0.0,0.0,0,1,True,mule,0.3065482628118347,0.0017809348370925,0.1846413316219378,85.28911564625851,WARNING,False,1.0,True
ACC_01955,3,12,3.25,0.0002517499201365,0.0004527659574468,0.019047619047619,13744.2,4051.22,23,9,12,3,597.5739130434783,374.3649252793945,0.0,1,23,False,normal,0.2866601310628482,0.0313246899568203,0.184525954620437,85.24659863945578,WARNING,False,0.0,False
ACC_00625,4,4,1.0,0.0001858037842882,1.1086001790815677e-05,0.0,9838.28,5250.81,17,8,4,4,578.7223529411765,267.7086213481322,0.0,2,15,False,normal,0.2954077012525617,0.0175117214814866,0.1842493093441316,85.20408163265306,WARNING,False,0.0,False
ACC_00739,12,7,0.6153846153846154,0.0008535396022497,0.0036204255319148,0.0116959064327485,18280.53,20078.94,34,46,7,12,537.6626470588235,363.89341520859466,0.0294117647058823,1,33,False,normal,0.2913977981845563,0.0227193496265298,0.1839264187613457,85.16156462585033,WARNING,False,0.0,False
ACC_01742,6,11,1.7142857142857142,0.0003697466931606,0.0033522363876689,0.0166666666666666,19112.94,6785.98,37,18,11,6,516.5659459459459,349.85039726891733,0.054054054054054,1,37,False,normal,0.2923718261951574,0.0204762774551266,0.1836136066991451,85.11904761904762,WARNING,False,0.0,False
ACC_01665,7,4,0.625,0.0001642485937911,0.0045480851063829,0.0363636363636363,9147.39,5707.66,23,14,4,7,397.71260869565214,273.91167252862886,0.0434782608695652,1,23,False,normal,0.2929948432148511,0.019517192166487,0.1836037827955055,85.0765306122449,WARNING,False,0.0,False
ACC_01988,11,8,0.75,0.0004899934296663,0.0005497872340425,0.0058479532163742,13270.41,14791.13,21,28,8,11,631.9242857142857,418.4876436953835,0.0952380952380952,2,21,False,normal,0.2945346315499419,0.0170742641203607,0.1835504845781094,85.03401360544217,WARNING,False,0.0,False
MULE_02_018,1,1,1.0,7.358049418662123e-05,0.0,0.0,9126.8,9399.78,1,1,1,1,9126.8,0.0,0.0,0,1,True,mule,0.304625302332172,0.0012898415139524,0.1832911180048841,84.99149659863946,NORMAL,False,1.0,True
ACC_01621,9,6,0.7,0.0006371309278246,1.446808510638298e-05,0.0,12414.01,13589.06,15,26,6,9,827.6006666666667,473.0334943209877,0.0666666666666666,1,15,False,normal,0.285565403434307,0.0295651174108682,0.1831652890249315,84.94897959183673,NORMAL,False,0.0,False
MULE_04_029,1,1,1.0,7.338052833095499e-05,0.0,0.0,8483.92,8632.03,1,1,1,1,8483.92,0.0,0.0,0,1,True,mule,0.304981007299672,0.000403189639508,0.1831498802356063,84.90646258503402,NORMAL,False,1.0,True
ACC_01597,3,11,3.0,0.0003763702489451,0.0006731914893617,0.0109890109890109,15870.99,7279.49,30,10,11,3,529.033,577.3426595762276,0.0,1,29,False,normal,0.2807347789656899,0.0365328750700022,0.1830540174074148,84.8639455782313,NORMAL,False,0.0,False
MULE_01_011,1,1,1.0,7.274450964123047e-05,0.0,0.0,8355.91,8569.95,1,1,1,1,8355.91,0.0,0.0,0,1,True,mule,0.304081193192517,0.0003145341124454,0.1825745295604883,84.82142857142857,NORMAL,False,1.0,True
ACC_00465,3,9,2.5,0.0001369711123268,0.0014851063829787,0.0,12858.73,2054.4300000000003,25,6,9,3,514.3492,420.1905433046616,0.0,2,25,False,normal,0.2954538030482739,0.0129518880899063,0.1824530370649269,84.77891156462584,NORMAL,False,0.0,False
ACC_00816,8,3,0.4444444444444444,0.000645572516699,0.0,0.0,6906.09,14205.41,20,30,3,8,345.3045,235.00008209349065,0.05,1,20,False,normal,0.294771587637084,0.0138856320662681,0.1824172054087577,84.73639455782312,NORMAL,False,0.0,False
ACC_00790,3,11,3.0,0.0004343167248057,1.7021276595744682e-06,0.0109890109890109,10487.8,5377.73,21,14,11,3,499.4190476190476,376.7467209930932,0.0476190476190476,1,21,False,normal,0.2833847329063135,0.0309209006658302,0.1823992000101202,84.6938775510204,NORMAL,False,0.0,False
MULE_02_026,1,1,1.0,7.357267673418802e-05,0.0,0.0,9079.59,9363.9,1,1,1,1,9079.59,0.0,0.0,0,1,True,mule,0.3031929117987466,0.0011953527034912,0.1823938881606444,84.6513605442177,NORMAL,False,1.0,True
ACC_01695,2,10,3.6666666666666665,0.0002522329093027,0.000607659574468,0.0,15553.2,3747.64,33,7,10,2,471.3090909090909,410.8062986095426,0.0,1,32,False,normal,0.2885895640772468,0.023011361334004,0.1823582829799497,84.60884353741497,NORMAL,False,0.0,False
ACC_00678,10,6,0.6363636363636364,0.001002450460205,0.0001310638297872,0.0083333333333333,11856.09,27072.37,17,52,6,10,697.4170588235294,437.80035767979774,0.0,1,17,False,normal,0.277115880609056,0.0396632241416526,0.1821348180220947,84.56632653061224,NORMAL,False,0.0,False
MULE_04_019,1,1,1.0,7.354611244658761e-05,0.0,0.0,9112.54,9405.46,1,1,1,1,9112.54,0.0,0.0,0,1,True,mule,0.3026669988661444,0.0012594957192383,0.182103997607382,84.52380952380952,NORMAL,False,1.0,True
ACC_01709,9,2,0.3,0.0005852565860359,0.0,0.0,7956.39,19718.55,18,48,2,9,442.0216666666667,392.8983148983972,0.0,1,18,False,normal,0.2757279743458355,0.0412275745894124,0.1819278144432663,84.4812925170068,NORMAL,False,0.0,False
ACC_01682,8,6,0.7777777777777778,0.0012117065577973,0.0,0.0109890109890109,14198.15,28299.91,26,55,6,8,546.0826923076922,445.94263546386935,0.0,1,26,False,normal,0.2647800144616378,0.0575746910298426,0.1818978850889197,84.43877551020408,NORMAL,False,0.0,False
ACC_00797,5,11,2.0,0.0005757476614337,0.0053991489361702,0.0,9057.82,14603.69,20,25,11,5,452.891,335.10993327249304,0.0,2,20,False,normal,0.2866118136189101,0.0247495308392461,0.1818669005070445,84.39625850340136,NORMAL,False,0.0,False
MULE_01_033,1,1,1.0,7.290521964633735e-05,0.0,0.0,9407.63,9706.3,1,1,1,1,9407.63,0.0,0.0,0,1,True,mule,0.3016541513214626,0.0019328077477351,0.1817656138919716,84.35374149659864,NORMAL,False,1.0,True
ACC_01479,11,10,0.9166666666666666,0.0008537412769147,0.0020578723404255,0.0142857142857142,13149.21,28877.5,26,52,10,11,505.7388461538461,330.74422334277494,0.0,2,25,False,normal,0.2883446663342949,0.0215510793814038,0.1816272315531385,84.31122448979592,NORMAL,False,0.0,False
MULE_03_015,1,1,1.0,7.267959409142674e-05,0.0,0.0,9363.84,9613.88,1,1,1,1,9363.84,0.0,0.0,0,1,True,mule,0.3012943542042641,0.0018235641568451,0.1815060381852965,84.2687074829932,NORMAL,False,1.0,True
ACC_00733,14,4,0.3333333333333333,0.000499822604247,0.0031370212765957,0.0065359477124183,9526.07,11154.11,23,26,4,14,414.1769565217391,234.10977049306635,0.0434782608695652,1,23,False,normal,0.2741524734269101,0.0423988513310866,0.1814510245885807,84.22619047619048,NORMAL,False,0.0,False
ACC_01701,4,7,1.6,0.0001602427978857,0.0023685106382978,0.0181818181818181,10489.13,2097.45,20,4,7,4,524.4565,365.2847563675136,0.0,2,19,False,normal,0.2923754759822646,0.0146929670636664,0.1813024724148253,84.18367346938776,NORMAL,False,0.0,False
MULE_03_047,1,1,1.0,7.255464498289017e-05,0.0,0.0,8478.72,8566.68,1,1,1,1,8478.72,0.0,0.0,0,1,True,mule,0.3017637653398291,0.0004001027244148,0.1812183002936634,84.14115646258503,NORMAL,False,1.0,True
ACC_00643,2,6,2.333333333333333,0.0001278631204918,0.0014655319148936,0.0,8422.67,1887.9,24,2,6,2,350.94458333333336,241.64200248515613,0.0416666666666666,1,22,False,normal,0.2898637502363035,0.0180684946096696,0.18114564798565,84.0986394557823,NORMAL,False,0.0,False
ACC_00400,5,8,1.5,0.0001963208669818,0.0014902127659574,0.0256410256410256,15495.27,6276.99,34,14,8,5,455.74323529411765,335.93469027720244,0.0,2,34,False,normal,0.2892964550407867,0.0185049746446829,0.1809798628823452,84.0561224489796,NORMAL,False,0.0,False
MULE_05_008,1,1,1.0,7.318107404362147e-05,0.0,0.0,9333.33,9650.97,1,1,1,1,9333.33,0.0,0.0,0,1,True,mule,0.2999425197730383,0.0017462409783811,0.1806640082551754,84.01360544217688,NORMAL,False,1.0,True
ACC_01699,13,10,0.7857142857142857,0.0005703282372505,0.0026910638297872,0.0118577075098814,19845.98,19650.76,33,38,10,13,601.3933333333333,368.49252775384286,0.0,1,32,False,normal,0.2898675727492319,0.016650351429784,0.1805806842214528,83.97108843537416,NORMAL,False,0.0,False
ACC_01382,9,6,0.7,0.000794678966388,0.0022893617021276,0.0,7229.46,22131.53,19,42,6,9,380.4978947368421,265.5452893487694,0.0,2,19,False,normal,0.2870442712054436,0.0207680636445398,0.1805337881810821,83.92857142857143,NORMAL,False,0.0,False
ACC_00376,12,12,1.0,0.0007174435164866,0.0071531914893617,0.0144927536231884,13307.48,25867.45,28,51,12,12,475.26714285714286,337.3451655353207,0.0,1,28,False,normal,0.2890485930370119,0.0170602738360479,0.1802532653566263,83.8860544217687,NORMAL,False,0.0,False
ACC_01438,13,5,0.4285714285714285,0.0003989722869486,0.0048434042553191,0.0130718954248366,8887.62,11709.05,23,24,5,13,386.4182608695653,195.2825478319736,0.0434782608695652,1,22,False,normal,0.277625486007664,0.0337134319816653,0.1800606643972645,83.84353741496598,NORMAL,False,1.0,True
ACC_00734,9,9,1.0,0.0006805268750342,0.0062289361702127,0.0,6833.54,20465.07,16,38,9,9,427.09625,334.95438853422013,0.0625,1,16,False,normal,0.2861748688278917,0.0208126713347309,0.1800299898306274,83.80102040816327,NORMAL,False,1.0,True
ACC_00822,10,6,0.6363636363636364,0.0006562583340256,0.0027940425531914,0.0416666666666666,14521.76,15743.38,30,30,6,10,484.0586666666667,285.65629675192355,0.0666666666666666,1,30,False,normal,0.2907369617797065,0.01392555217049,0.1800123979360199,83.75850340136054,NORMAL,False,0.0,False
MULE_04_018,1,1,1.0,7.34108392822903e-05,0.0,0.0,8479.08,8773.61,1,1,1,1,8479.08,0.0,0.0,0,1,True,mule,0.2993632046087435,0.0003882776149741,0.1797732338112357,83.71598639455783,NORMAL,False,1.0,True
ACC_00725,2,8,3.0,0.0001927801760414,0.0051429787234042,0.0,15549.18,2740.21,24,7,8,2,647.8825,407.4557915657045,0.0,1,24,False,normal,0.2827982630966076,0.0246605994065069,0.1795431976205673,83.6734693877551,NORMAL,False,0.0,False
ACC_01106,3,8,2.25,0.0004034633880758,0.0010153191489361,0.0181818181818181,11204.8,11786.24,19,19,8,3,589.7263157894737,535.2545505874392,0.0526315789473684,1,19,False,normal,0.2735073085078761,0.0384016888198772,0.1794650606326765,83.63095238095238,NORMAL,False,0.0,False
MULE_02_001,1,1,1.0,7.354867314626812e-05,0.0,0.0,9130.9,9253.73,1,1,1,1,9130.9,0.0,0.0,0,1,True,mule,0.2981789667026119,0.001309029525666,0.1794309918318335,83.58843537414967,NORMAL,False,1.0,True
MULE_06_037,1,1,1.0,7.30185901225465e-05,0.0,0.0,9329.12,9800.89,1,1,1,1,9329.12,0.0,0.0,0,1,True,mule,0.2976235374736811,0.001725072691409,0.1792641515607722,83.54591836734694,NORMAL,False,1.0,True
ACC_01876,5,13,2.333333333333333,0.0005261510922573,0.0026289361702127,0.0130718954248366,10387.42,12762.23,27,24,13,5,384.7192592592593,249.64202164031,0.037037037037037,1,27,False,normal,0.2728216445208385,0.0386869060472424,0.1791677491314,83.50340136054422,NORMAL,False,0.0,False
ACC_01593,4,7,1.6,0.0001495178300848,0.0022760414445913,0.0181818181818181,14174.57,2891.4,30,7,7,4,472.48566666666665,298.7228247941367,0.0,2,28,False,normal,0.2879804191332006,0.0159131013434204,0.1791534920172885,83.46088435374149,NORMAL,False,0.0,False
ACC_01805,4,3,0.8,0.0002504768585864,1.2765957446808513e-05,0.0476190476190476,9728.64,7483.37,22,14,3,4,442.210909090909,278.00630271904834,0.0,1,22,False,normal,0.2910990440835009,0.0090106143141525,0.1782636721757615,83.41836734693877,NORMAL,False,0.0,False
MULE_02_029,1,1,1.0,7.34168266254925e-05,0.0,0.0,8518.75,8648.59,1,1,1,1,8518.75,0.0,0.0,0,1,True,mule,0.2967280186299085,0.0004323136168811,0.1782097366246975,83.37585034013605,NORMAL,False,1.0,True
MULE_01_046,1,1,1.0,7.291903842980987e-05,0.0,0.0,9341.29,9804.01,1,1,1,1,9341.29,0.0,0.0,0,1,True,mule,0.295477116360787,0.0017548832109522,0.1779882231008531,83.33333333333334,NORMAL,False,1.0,True
ACC_01541,8,6,0.7777777777777778,0.0006424719047402,0.0010970212765957,0.0329670329670329,9301.03,10632.8,20,20,6,8,465.0515,300.575923297347,0.05,2,20,False,normal,0.2913072977667478,0.0078918997075747,0.1779411385430785,83.29081632653062,NORMAL,False,0.0,False
MULE_03_018,1,1,1.0,7.257019203105892e-05,0.0,0.0,8427.25,8696.98,1,1,1,1,8427.25,0.0,0.0,0,1,True,mule,0.2954909714683358,0.0003501683623449,0.1774346502259394,83.24829931972789,NORMAL,False,1.0,True
MULE_07_014,1,1,1.0,7.314101489937295e-05,0.0,0.0,9371.32,9671.79,1,1,1,1,9371.32,0.0,0.0,0,1,True,mule,0.2943763965621559,0.001841312664852,0.1773623630032343,83.20578231292517,NORMAL,False,1.0,True
MULE_02_009,1,1,1.0,7.356988136309778e-05,0.0,0.0,9034.09,9351.07,1,1,1,1,9034.09,0.0,0.0,0,1,True,mule,0.2938549186142759,0.0011069470226934,0.1767557299776429,83.16326530612244,NORMAL,False,1.0,True
ACC_00538,12,10,0.8461538461538461,0.0005944765987455,0.0042553191489361,0.0,15093.13,15856.54,32,29,10,12,471.6603125,276.82043024878965,0.0,2,32,False,normal,0.2835044423309751,0.0151583269729436,0.1761659961877625,83.12074829931973,NORMAL,False,0.0,False
ACC_01209,8,11,1.3333333333333333,0.001067417819726,0.0007897872340425,0.0058479532163742,18676.6,19728.37,32,39,11,8,583.64375,403.0979857965378,0.03125,1,32,False,normal,0.2680553746578067,0.0376932878609801,0.1759105399390761,83.078231292517,NORMAL,False,0.0,False
ACC_01781,6,2,0.4285714285714285,0.0006438611749944,0.0,0.0357142857142857,10837.65,15803.77,24,28,2,6,451.56875,290.7846304070734,0.0,1,24,False,normal,0.2801974310844473,0.019299581083626,0.1758382910841187,83.03571428571429,NORMAL,False,0.0,False
ACC_00641,10,4,0.4545454545454545,0.0009327019780619,8.510638297872341e-07,0.0,10182.16,29613.82,23,50,4,10,442.70260869565215,302.3330627457887,0.0434782608695652,1,23,False,normal,0.2783150044542425,0.0218910014763201,0.1757454032630735,82.99319727891157,NORMAL,False,0.0,False
ACC_01069,10,10,1.0,0.0006624900347701,0.0074331914893617,0.0105263157894736,17956.3,13403.25,31,28,10,10,579.2354838709678,418.84418400194846,0.0,2,30,False,normal,0.2865502604783282,0.009358482853647,0.1756735494284557,82.95068027210884,NORMAL,False,0.0,False
ACC_00818,6,9,1.4285714285714286,0.0001567281886354,0.0024331914893617,0.019047619047619,10421.43,3615.38,18,10,9,6,578.9683333333334,362.8791821343167,0.0,2,17,False,normal,0.280940547817745,0.0177663582409361,0.1756708719870214,82.90816326530613,NORMAL,False,0.0,False
MULE_07_023,1,1,1.0,7.314740788721372e-05,0.0,0.0,9286.23,9710.23,1,1,1,1,9286.23,0.0,0.0,0,1,True,mule,0.2914929193352521,0.0016262756995816,0.1755462618809839,82.8656462585034,NORMAL,False,1.0,True
MULE_00_014,1,1,1.0,7.285858924133543e-05,0.0,0.0,9393.58,9663.83,1,1,1,1,9393.58,0.0,0.0,0,1,True,mule,0.2911454300856917,0.0018983407137717,0.1754465943369237,82.82312925170068,NORMAL,False,1.0,True
ACC_00436,12,9,0.7692307692307693,0.0007368294428475,0.0051531914893617,0.0142857142857142,17549.95,15173.71,29,33,9,12,605.1706896551724,422.0252776868351,0.0689655172413793,1,29,False,normal,0.2871920164266058,0.0074725871866807,0.1753042447306358,82.78061224489795,NORMAL,False,0.0,False
MULE_03_008,1,1,1.0,7.268295764697453e-05,0.0,0.0,9239.57,9642.07,1,1,1,1,9239.57,0.0,0.0,0,1,True,mule,0.2902703403105839,0.00151792944408,0.1747693759639823,82.73809523809523,NORMAL,False,1.0,True
MULE_02_013,1,1,1.0,7.347672556704592e-05,0.0,0.0,8546.1,8923.51,1,1,1,1,8546.1,0.0,0.0,0,1,True,mule,0.2906309243599134,0.0004369117025792,0.1745533192969798,82.69557823129252,NORMAL,False,1.0,True
MULE_02_011,1,1,1.0,7.351583679576064e-05,0.0,0.0,8683.48,9103.02,1,1,1,1,8683.48,0.0,0.0,0,1,True,mule,0.2904237495005948,0.0005736680274136,0.1744837169113223,82.6530612244898,NORMAL,False,1.0,True
MULE_02_028,1,1,1.0,7.352582866779484e-05,0.0,0.0,8707.18,9148.88,1,1,1,1,8707.18,0.0,0.0,0,1,True,mule,0.2903167175891299,0.0006000388950802,0.17443004611151,82.61054421768708,NORMAL,False,1.0,True
ACC_00763,9,9,1.0,0.0003874063058892,0.0042944680851063,0.0,10923.86,17437.23,23,33,9,9,474.9504347826088,287.37982836274773,0.0869565217391304,2,23,False,normal,0.2858586301643358,0.0072697019832785,0.1744230588919128,82.56802721088435,NORMAL,False,0.0,False
ACC_01398,9,7,0.8,0.0006013276943065,0.0016093617021276,0.0,15329.69,23517.8,33,43,7,9,464.53606060606063,449.459473937441,0.0,2,33,False,normal,0.2790246068998101,0.0174610143176562,0.1743991698669485,82.52551020408163,NORMAL,False,0.0,False
ACC_00229,5,11,2.0,0.0004400386301185,0.0047472340425531,0.0083333333333333,11818.26,14262.02,28,25,11,5,422.0807142857143,272.290617075982,0.0357142857142857,2,27,False,normal,0.2798556143060464,0.0161337107196808,0.1743668528715002,82.48299319727892,NORMAL,False,1.0,True
ACC_01155,2,7,2.6666666666666665,0.0001068068554907,0.0011691468042467,0.0,12982.07,727.84,30,2,7,2,432.73566666666665,255.88959532934527,0.0,1,29,False,normal,0.2746485809858969,0.023682287717566,0.1742620636785645,82.44047619047619,NORMAL,False,0.0,False
ACC_01964,10,5,0.5454545454545454,0.00057973268081,7.063829787234042e-05,0.0,10344.3,14779.01,18,27,5,10,574.6833333333333,408.005964042338,0.0555555555555555,2,17,False,normal,0.2760477848171253,0.0205611684342077,0.1738531382639583,82.39795918367348,NORMAL,False,0.0,False
ACC_01970,7,8,1.125,0.0009268331968327,0.0009627766170639,0.0,10540.06,20438.15,18,46,8,7,585.5588888888889,397.14176674433327,0.0,2,18,False,normal,0.2596079562298582,0.0451254780293883,0.1738149649496703,82.35544217687075,NORMAL,False,0.0,False
ACC_00519,4,13,2.8,0.0001710017424344,0.0006885106382978,0.0,14018.02,3571.26,29,8,13,4,483.38,404.56716173849657,0.0,1,29,False,normal,0.2690528377575993,0.0307914621657492,0.1737482875208592,82.31292517006803,NORMAL,False,0.0,False
ACC_01026,5,8,1.5,0.0002059936329067,0.0063889361702127,0.0,11380.67,5513.35,20,10,8,5,569.0335,605.3015454802585,0.05,1,19,False,normal,0.2464087641408739,0.0646581584468942,0.173708521863282,82.2704081632653,NORMAL,False,0.0,False
MULE_02_023,1,1,1.0,7.356911879109342e-05,0.0,0.0,8984.7,9347.57,1,1,1,1,8984.7,0.0,0.0,0,1,True,mule,0.2886899679993754,0.0010149228660306,0.1736199499460375,82.22789115646259,NORMAL,False,1.0,True
MULE_06_041,1,1,1.0,7.301513298279115e-05,0.0,0.0,9300.64,9778.09,1,1,1,1,9300.64,0.0,0.0,0,1,True,mule,0.2882475763894299,0.0016562146059298,0.1736110316760299,82.18537414965986,NORMAL,False,1.0,True
ACC_01874,3,6,1.75,0.0002617066385309,5.361702127659575e-05,0.0,14056.86,3895.76,22,6,6,3,638.9481818181819,370.5606269480824,0.0,2,22,False,normal,0.28163720393968,0.0115624362379342,0.1736072968589817,82.14285714285714,NORMAL,False,0.0,False
ACC_01052,10,11,1.0909090909090908,0.0009217685784216,0.0008817021276595,0.0095238095238095,10959.34,16190.59,21,31,11,10,521.8733333333333,298.8244198745031,0.0476190476190476,2,21,False,normal,0.2680872065611707,0.0316459090058928,0.1735106875390595,82.10034013605441,NORMAL,False,0.0,False
ACC_00375,7,5,0.75,0.0002019057218934,0.0035540425531914,0.0151515151515151,12031.11,3815.31,29,9,5,7,414.8658620689656,330.2416628180603,0.0,2,28,False,normal,0.2696277839039175,0.0293099506773386,0.1735006506132859,82.0578231292517,NORMAL,False,0.0,False
ACC_01625,3,9,2.5,0.0001526368804991,0.0031055319148936,0.0,11036.24,1897.09,20,5,9,3,551.812,440.8534808706737,0.05,1,20,False,normal,0.2732765746359421,0.0237770045983044,0.173476746620887,82.01530612244898,NORMAL,False,0.0,False
MULE_03_024,1,1,1.0,7.258983285683834e-05,0.0,0.0,8418.78,8861.59,1,1,1,1,8418.78,0.0,0.0,0,1,True,mule,0.2888626212752895,0.0003321091558898,0.1734504164275296,81.97278911564626,NORMAL,False,1.0,True
ACC_01993,10,5,0.5454545454545454,0.0013556689853234,0.002063829787234,0.019047619047619,12022.28,21877.18,22,47,5,10,546.4672727272728,452.92455655999146,0.0,1,22,False,normal,0.244772402411987,0.0659970921230897,0.1732622782964281,81.93027210884354,NORMAL,False,0.0,False
ACC_00843,11,8,0.75,0.0008944170542031,0.0054381102630793,0.0116959064327485,13235.94,20260.96,29,41,8,11,456.4117241379311,364.55781207285867,0.0344827586206896,2,29,False,normal,0.2778906685337241,0.0160237963154269,0.1731439196464052,81.88775510204081,NORMAL,False,0.0,False
ACC_00593,11,7,0.6666666666666666,0.0007031078278266,0.0028763910800324,0.0,5230.54,18672.12,10,41,7,11,523.054,371.0797005496258,0.0,1,9,False,normal,0.2582548169777788,0.0452404099809901,0.1730490541790633,81.84523809523809,NORMAL,False,0.0,False
ACC_01093,13,8,0.6428571428571429,0.0004875384922653,0.0110434042553191,0.0,11731.17,12586.41,24,28,8,13,488.79875,448.6346584075472,0.0,1,24,False,normal,0.2672650266556596,0.0313795269482549,0.1729108267726977,81.80272108843538,NORMAL,False,0.0,False
ACC_01164,3,4,1.25,0.0003697983332256,8.86880143265254e-05,0.0476190476190476,10403.71,6134.68,18,12,4,3,577.9838888888888,382.3675047899351,0.0,1,18,False,normal,0.2807199659039326,0.0109443094217741,0.1728097033110692,81.76020408163265,NORMAL,False,0.0,False
ACC_00014,13,8,0.6428571428571429,0.0007273144539339,0.0062,0.019047619047619,11622.43,27828.32,23,55,8,13,505.3230434782609,285.25434829662873,0.0,1,23,False,normal,0.2731520461177119,0.0221136051069337,0.1727366697134006,81.71768707482994,NORMAL,False,0.0,False
MULE_07_036,1,1,1.0,7.294623998496806e-05,0.0,0.0,8395.36,8500.64,1,1,1,1,8395.36,0.0,0.0,0,1,True,mule,0.2875527742662107,0.000345527551858,0.1726698755804696,81.67517006802721,NORMAL,False,1.0,True
ACC_00665,13,7,0.5714285714285714,0.0005542307398706,0.0020340425531914,0.0,12030.01,14937.62,24,28,7,13,501.2504166666667,232.55929335527705,0.0416666666666666,2,24,False,normal,0.2710241083808671,0.0245688780677186,0.1724420162556077,81.63265306122449,NORMAL,False,0.0,False
MULE_04_006,1,1,1.0,7.34078612816329e-05,0.0,0.0,8620.97,8759.7,1,1,1,1,8620.97,0.0,0.0,0,1,True,mule,0.2865745176191349,0.0005260729429931,0.1721551397486782,81.59013605442176,NORMAL,False,1.0,True
MULE_00_029,1,1,1.0,7.286297213702628e-05,0.0,0.0,9368.96,9695.77,1,1,1,1,9368.96,0.0,0.0,0,1,True,mule,0.2850938100515132,0.0018321365889032,0.1717891406664692,81.54761904761905,NORMAL,False,1.0,True
MULE_05_011,1,1,1.0,7.298620385202412e-05,0.0,0.0,8388.55,8510.18,1,1,1,1,8388.55,0.0,0.0,0,1,True,mule,0.2860188646466895,0.0003404932806007,0.171747516100254,81.50510204081633,NORMAL,False,1.0,True
ACC_01244,5,5,1.0,0.0003026535760181,0.0001914893617021,0.0444444444444444,9380.39,7785.95,22,16,5,5,426.3813636363636,155.14745233073796,0.0454545454545454,1,21,False,normal,0.2762344417355306,0.0146026722636278,0.1715817339467695,81.4625850340136,NORMAL,False,0.0,False
MULE_04_014,1,1,1.0,7.350991828475156e-05,0.0,0.0,8783.22,9236.4,1,1,1,1,8783.22,0.0,0.0,0,1,True,mule,0.2853982397919791,0.000696122884166,0.1715173930288538,81.42006802721087,NORMAL,False,1.0,True
ACC_00134,4,8,1.8,0.000137711820969,0.0032302903679699,0.0303030303030303,8843.72,2813.09,21,8,8,4,421.1295238095238,317.180971410269,0.0476190476190476,1,21,False,normal,0.2802299006122514,0.0076681050996511,0.1712051824072113,81.37755102040816,NORMAL,False,0.0,False
MULE_07_031,1,1,1.0,7.314401015720365e-05,0.0,0.0,9313.43,9689.8,1,1,1,1,9313.43,0.0,0.0,0,1,True,mule,0.2840201260200341,0.0016939520246377,0.1710896564218755,81.33503401360545,NORMAL,False,1.0,True
ACC_01461,13,6,0.5,0.0007992628347064,0.0003446808510638,0.0116959064327485,9478.5,19578.31,26,37,6,13,364.5576923076923,219.39756553449163,0.0384615384615384,1,26,False,normal,0.2709736390404027,0.0212370556901586,0.1710790057003051,81.29251700680273,NORMAL,False,1.0,True
ACC_01710,9,12,1.3,0.0007103825242437,0.0043795744680851,0.0047619047619047,17030.829999999998,23060.73,34,50,12,9,500.9067647058823,396.7770335463253,0.0,1,33,False,normal,0.2666617770026311,0.0274748831854436,0.1709870194757561,81.25,NORMAL,False,0.0,False
ACC_00483,14,8,0.6,0.0010251593816091,0.0015742122542958,0.0043290043290043,10551.5,24999.16,20,52,8,14,527.575,259.1330514071467,0.0,1,20,False,normal,0.2650218609327717,0.0296478881283309,0.1708722718109954,81.20748299319727,NORMAL,False,0.0,False
MULE_02_000,1,1,1.0,7.345459790625674e-05,0.0,0.0,8656.55,8821.95,1,1,1,1,8656.55,0.0,0.0,0,1,True,mule,0.2843452593116499,0.0005619716710394,0.1708319442554057,81.16496598639455,NORMAL,False,1.0,True
MULE_04_013,1,1,1.0,7.345361673098578e-05,0.0,0.0,8584.99,8973.42,1,1,1,1,8584.99,0.0,0.0,0,1,True,mule,0.2842638984788407,0.0004717107371489,0.170747023382164,81.12244897959184,NORMAL,False,1.0,True
MULE_03_026,1,1,1.0,7.258785218915145e-05,0.0,0.0,8431.15,8844.99,1,1,1,1,8431.15,0.0,0.0,0,1,True,mule,0.2843429624428166,0.0003420824457668,0.1707426104439967,81.07993197278913,NORMAL,False,1.0,True
MULE_03_001,1,1,1.0,7.256718881384935e-05,0.0,0.0,8584.17,8671.81,1,1,1,1,8584.17,0.0,0.0,0,1,True,mule,0.2839521416928927,0.0004895650481349,0.1705671110349896,81.0374149659864,NORMAL,False,1.0,True
ACC_01680,6,7,1.1428571428571428,0.0004555341195941,0.0081182978723404,0.0256410256410256,6435.530000000001,8047.62,18,22,7,6,357.5294444444445,272.02131119956766,0.0,1,18,False,normal,0.274155248923669,0.0149809613276097,0.1704855338852453,80.99489795918367,NORMAL,False,0.0,False
MULE_02_027,1,1,1.0,7.352616202069959e-05,0.0,0.0,9048.2,9150.41,1,1,1,1,9048.2,0.0,0.0,0,1,True,mule,0.2832776420767185,0.0011488024675715,0.1704261062330597,80.95238095238095,NORMAL,False,1.0,True
ACC_01161,14,10,0.7333333333333333,0.0008008794392562,0.0033206839210335,0.0181159420289855,8596.16,18494.08,22,39,10,14,390.7345454545455,287.473423545589,0.0,1,21,False,normal,0.2697601017009934,0.0204907979434613,0.1700523801979805,80.90986394557824,NORMAL,False,0.0,False
ACC_00980,12,5,0.4615384615384615,0.0004720343948127,0.0007514893617021,0.0294117647058823,17763.22,10550.08,28,21,5,12,634.4007142857143,454.7607009791264,0.0,1,28,False,normal,0.2625544773010678,0.0312882961633297,0.1700480048459725,80.86734693877551,NORMAL,False,0.0,False
ACC_01498,12,10,0.8461538461538461,0.000735334977457,0.0031455319148936,0.0043290043290043,8438.24,27701.21,23,49,10,12,366.88,180.17317013463364,0.0,1,23,False,normal,0.2635629501700546,0.0295447983505081,0.169955689442236,80.82482993197279,NORMAL,False,0.0,False
ACC_01732,9,6,0.7,0.0011342009379026,0.0002017021276595,0.0,11756.25,30981.25,21,53,6,9,559.8214285714286,456.3324553139489,0.0,1,20,False,normal,0.2520644301318988,0.0467400823961399,0.1699346910375952,80.78231292517006,NORMAL,False,0.0,False
ACC_00903,5,10,1.8333333333333333,0.0001624647914242,0.0038255319148936,0.0,14053.93,3290.31,24,8,10,5,585.5804166666667,391.5621053019744,0.0,2,24,False,normal,0.2757884311789636,0.0107533418796358,0.1697743954592324,80.73979591836735,NORMAL,False,0.0,False
ACC_00380,6,7,1.1428571428571428,0.0003488408882512,0.0005730610156483,0.0384615384615384,13954.76,7851.8,29,12,7,6,481.1986206896552,431.8028342370768,0.0,2,29,False,normal,0.276294136456944,0.0098805046708195,0.1697286837424942,80.69727891156462,NORMAL,False,0.0,False
MULE_07_011,1,1,1.0,7.3126935025528e-05,0.0,0.0,9357.81,9587.13,1,1,1,1,9357.81,0.0,0.0,0,1,True,mule,0.2815465097244955,0.0018123525743289,0.1696528468644288,80.65476190476191,NORMAL,False,1.0,True
ACC_00260,8,13,1.5555555555555556,0.0003423868000554,0.00476,0.019047619047619,15259.1,8039.88,24,23,13,8,635.7958333333333,448.3903023319776,0.0416666666666666,1,23,False,normal,0.2688200286979462,0.020780446592925,0.1696041958559377,80.61224489795919,NORMAL,False,0.0,False
ACC_01022,7,12,1.625,0.0006657028290425,0.0014663829787234,0.0058479532163742,17927.05,13780.63,27,20,12,7,663.9648148148148,313.42877098277376,0.074074074074074,1,27,False,normal,0.2662478034867788,0.0244781535482659,0.1695399435113736,80.56972789115646,NORMAL,False,0.0,False
ACC_01111,3,8,2.25,0.0002635322157233,1.4497079264912803e-05,0.0181818181818181,6784.53,4027.4,20,10,8,3,339.2265,199.01291207184468,0.0,1,20,False,normal,0.269877633014127,0.0187564655369267,0.1694291660232468,80.52721088435374,NORMAL,False,0.0,False
ACC_00378,14,3,0.2666666666666666,0.0005304070920881,0.0018263829787234,0.0,11375.04,16563.54,22,32,3,14,517.0472727272727,309.6290931664286,0.0,1,22,False,normal,0.2551623251676446,0.0404059208540994,0.1692597634422265,80.48469387755102,NORMAL,False,1.0,True
ACC_01617,13,5,0.4285714285714285,0.0007321633158453,0.0011863829787234,0.0065359477124183,16597.03,19861.9,30,32,5,13,553.2343333333333,502.2221953902911,0.0,1,30,False,normal,0.2636952533235187,0.027432144490056,0.1691900097901336,80.4421768707483,NORMAL,False,0.0,False
ACC_01065,2,9,3.333333333333333,0.0001144327336207,0.0002714893617021,0.0,10772.98,786.8199999999999,24,2,9,2,448.87416666666667,307.45599453123106,0.0,1,24,False,normal,0.2691919736594442,0.0186763495397148,0.1689857240115524,80.39965986394559,NORMAL,False,0.0,False
ACC_01467,5,4,0.8333333333333334,0.000220091050755,0.0002697872340425,0.0555555555555555,10792.61,4446.56,20,12,4,5,539.6305,290.45737376321,0.05,1,20,False,normal,0.2781054636749331,0.0045238752383605,0.168672828300304,80.35714285714286,NORMAL,False,0.0,False
MULE_01_005,1,1,1.0,7.290942425623029e-05,0.0,0.0,9281.88,9736.03,1,1,1,1,9281.88,0.0,0.0,0,1,True,mule,0.2799853121441198,0.0016129195474541,0.1686363551054535,80.31462585034014,NORMAL,False,1.0,True
MULE_00_032,1,1,1.0,7.270442081679805e-05,0.0,0.0,8428.35,8540.34,1,1,1,1,8428.35,0.0,0.0,0,1,True,mule,0.2808063457514547,0.0003639547500907,0.1686293893509091,80.27210884353741,NORMAL,False,1.0,True
ACC_01012,8,12,1.4444444444444444,0.0006894466721386,0.0059021276595744,0.0105263157894736,10778.57,21193.94,22,45,12,8,489.935,367.9986908976456,0.0454545454545454,1,22,False,normal,0.2595981253665945,0.0321704777567157,0.168627066322643,80.2295918367347,NORMAL,False,0.0,False
MULE_02_003,1,1,1.0,7.351284969228074e-05,0.0,0.0,8991.71,9089.31,1,1,1,1,8991.71,0.0,0.0,0,1,True,mule,0.2802651254867948,0.0010464511386954,0.168577655747555,80.18707482993197,NORMAL,False,1.0,True
MULE_04_007,1,1,1.0,7.347934400194189e-05,0.0,0.0,8677.04,9093.59,1,1,1,1,8677.04,0.0,0.0,0,1,True,mule,0.2802161964831897,0.0005663193323601,0.1683562456228579,80.14455782312925,NORMAL,False,1.0,True
ACC_01550,9,6,0.7,0.0004989809121992,0.0022485106382978,0.0,6544.87,15302.08,15,28,6,9,436.3246666666666,409.4708632729853,0.0,2,15,False,normal,0.2634323651140079,0.0254925227373539,0.1682564281633463,80.10204081632652,NORMAL,False,0.0,False
ACC_01435,11,7,0.6666666666666666,0.0007867955796819,0.0075787234042553,0.0,11182.43,29038.68,23,54,7,11,486.1926086956522,269.4652800238649,0.0434782608695652,1,23,False,normal,0.2589372591644454,0.0322254669555281,0.1682525422808785,80.05952380952381,NORMAL,False,0.0,False
ACC_01511,7,12,1.625,0.0005238065484841,0.0026144680851063,0.0058479532163742,12402.97,15338.71,32,23,12,7,387.5928125,311.46976228980384,0.0,2,32,False,normal,0.2686353586004824,0.0174907014225148,0.1681774957292953,80.01700680272108,NORMAL,False,0.0,False
ACC_00861,8,8,1.0,0.000291344932125,0.0056229787234042,0.0166666666666666,15216.56,4774.57,28,14,8,8,543.4485714285714,408.5152424166967,0.0357142857142857,2,28,False,normal,0.2710894435905345,0.0137694602484327,0.1681614502536938,79.97448979591837,NORMAL,False,0.0,False
ACC_00521,8,9,1.1111111111111112,0.0003468612256636,0.006516010744894,0.0147058823529411,16770.57,8539.89,29,17,9,8,578.2955172413793,431.5038340053655,0.0344827586206896,2,28,False,normal,0.2722101757030828,0.01160046458468,0.1679662912557217,79.93197278911565,NORMAL,False,0.0,False
MULE_02_005,1,1,1.0,7.349693590393846e-05,0.0,0.0,8832.35,9016.27,1,1,1,1,8832.35,0.0,0.0,0,1,True,mule,0.279261282144174,0.0007842349137628,0.1678704632520095,79.88945578231292,NORMAL,False,1.0,True
MULE_04_028,1,1,1.0,7.343490949177348e-05,0.0,0.0,8702.69,8886.04,1,1,1,1,8702.69,0.0,0.0,0,1,True,mule,0.2790856705624818,0.0006131952681858,0.1676966804447634,79.8469387755102,NORMAL,False,1.0,True
ACC_01451,14,5,0.4,0.000348894362299,0.0053144587046433,0.0116959064327485,11981.3,9013.71,26,15,5,14,460.8192307692307,249.44010304557008,0.0,1,24,False,normal,0.2419937516167595,0.0557238918086274,0.1674858076935067,79.80442176870748,NORMAL,False,0.0,False
ACC_00345,6,10,1.5714285714285714,0.0001698608440416,0.0019489361702127,0.0166666666666666,12475.92,4846.05,31,11,10,6,402.4490322580645,287.8561089775565,0.0,2,31,False,normal,0.266394943867993,0.018780590339331,0.1673492024565282,79.76190476190477,NORMAL,False,1.0,True
ACC_01329,5,5,1.0,0.0002462147665612,0.0015315737858696,0.0,8938.18,7106.54,24,14,5,5,372.4241666666667,212.9603142232326,0.0416666666666666,2,24,False,normal,0.2669883836600435,0.0175543711746856,0.1672147786659003,79.71938775510205,NORMAL,False,0.0,False
MULE_04_027,1,1,1.0,7.345109260246309e-05,0.0,0.0,8714.78,8961.63,1,1,1,1,8714.78,0.0,0.0,0,1,True,mule,0.2781048762887574,0.0006229453071124,0.1671121038960994,79.67687074829932,NORMAL,False,1.0,True
ACC_00326,7,7,1.0,0.0001725847929728,0.0074893617021276,0.0,12738.99,4120.4,26,9,7,7,489.9611538461538,383.0197612481834,0.0,2,26,False,normal,0.2594229498435626,0.0282061020435844,0.1669362107235713,79.6343537414966,NORMAL,False,0.0,False
MULE_05_025,1,1,1.0,7.300903570522138e-05,0.0,0.0,8387.71,8643.84,1,1,1,1,8387.71,0.0,0.0,0,1,True,mule,0.2777810720608676,0.0003294302476832,0.1668004153355938,79.59183673469387,NORMAL,False,1.0,True
ACC_01532,9,11,1.2,0.0009179539814116,0.00304,0.0052631578947368,12648.32,26564.68,24,42,11,9,527.0133333333333,284.7639606634829,0.0,2,24,False,normal,0.2604920197155936,0.0261244633610802,0.1667449971737882,79.54931972789116,NORMAL,False,0.0,False
MULE_00_007,1,1,1.0,7.286664284647306e-05,0.0,0.0,9276.99,9722.52,1,1,1,1,9276.99,0.0,0.0,0,1,True,mule,0.2764811460139496,0.0016018380674073,0.1665294228353327,79.50680272108843,NORMAL,False,1.0,True
MULE_03_019,1,1,1.0,7.266165950347398e-05,0.0,0.0,9191.24,9463.57,1,1,1,1,9191.24,0.0,0.0,0,1,True,mule,0.2760232029376676,0.0014200166815031,0.1661819284352018,79.46428571428571,NORMAL,False,1.0,True
MULE_00_035,1,1,1.0,7.270779924171692e-05,0.0,0.0,8459.25,8564.96,1,1,1,1,8459.25,0.0,0.0,0,1,True,mule,0.2766878122166808,0.0003853092444501,0.1661668110277885,79.421768707483,NORMAL,False,1.0,True
MULE_04_023,1,1,1.0,7.352335247175744e-05,0.0,0.0,8946.4,9299.15,1,1,1,1,8946.4,0.0,0.0,0,1,True,mule,0.2759989202473608,0.0009498552512459,0.1659792942489149,79.37925170068027,NORMAL,False,1.0,True
MULE_02_021,1,1,1.0,7.349533450272931e-05,0.0,0.0,8884.92,9008.92,1,1,1,1,8884.92,0.0,0.0,0,1,True,mule,0.2759590700131942,0.0008675612761793,0.1659224665183882,79.33673469387756,NORMAL,False,1.0,True
ACC_00729,7,6,0.875,0.0007419747621558,0.0016068085106382,0.0128205128205128,17304.5,17068.19,34,32,6,7,508.9558823529412,457.2223047802805,0.0,2,32,False,normal,0.2601965690803605,0.0242370265302815,0.1658127520603289,79.29421768707483,NORMAL,False,0.0,False
MULE_04_002,1,1,1.0,7.350882214072814e-05,0.0,0.0,8999.31,9231.28,1,1,1,1,8999.31,0.0,0.0,0,1,True,mule,0.2756484102242368,0.0010497285482324,0.1658089375538351,79.25170068027211,NORMAL,False,1.0,True
MULE_03_027,1,1,1.0,7.257805265679458e-05,0.0,0.0,8506.78,8762.86,1,1,1,1,8506.78,0.0,0.0,0,1,True,mule,0.2757876479477405,0.0004086116705751,0.1656360334368743,79.20918367346938,NORMAL,False,1.0,True
ACC_00931,7,11,1.5,0.0005068233711129,0.0006463991813414,0.0065359477124183,12481.49,16663.93,31,34,11,7,402.62870967741935,218.0384593864415,0.0,2,31,False,normal,0.2545387941152007,0.0320739998749147,0.1655528764190863,79.16666666666666,NORMAL,False,0.0,False
ACC_01542,12,6,0.5384615384615384,0.0006505881416216,0.0036020978126465,0.0261437908496732,14115.15,16787.87,22,28,6,12,641.5977272727273,400.09917435950825,0.0454545454545454,1,21,False,normal,0.2675692556135609,0.0124281141091166,0.1655127990117832,79.12414965986395,NORMAL,False,0.0,False
ACC_00905,14,7,0.5333333333333333,0.0004649114452476,0.0020031552466635,0.0095238095238095,16328.56,11131.87,26,20,7,14,628.0215384615385,519.9212282159082,0.0,1,26,False,normal,0.2419104609075302,0.050723845431058,0.1654358147169413,79.08163265306123,NORMAL,False,0.0,False
MULE_03_011,1,1,1.0,7.265329535860346e-05,0.0,0.0,9160.2,9393.47,1,1,1,1,9160.2,0.0,0.0,0,1,True,mule,0.2747420572764118,0.0013567231348527,0.1653879236197881,79.03911564625851,NORMAL,False,1.0,True
MULE_03_050,1,1,1.0,7.25809986016855e-05,0.0,0.0,8482.75,8787.55,1,1,1,1,8482.75,0.0,0.0,0,1,True,mule,0.2753788706288466,0.0003862881360324,0.1653818376317209,78.99659863945578,NORMAL,False,1.0,True
MULE_05_020,1,1,1.0,7.30187178048714e-05,0.0,0.0,8390.74,8700.52,1,1,1,1,8390.74,0.0,0.0,0,1,True,mule,0.2752990362992317,0.0003270823984678,0.1653102547389261,78.95408163265306,NORMAL,False,1.0,True
MULE_01_004,1,1,1.0,7.287401530302166e-05,0.0,0.0,9372.52,9485.66,1,1,1,1,9372.52,0.0,0.0,0,1,True,mule,0.2738323655499531,0.0018561233221859,0.1650418686588462,78.91156462585033,NORMAL,False,1.0,True
MULE_06_029,1,1,1.0,7.283991664876969e-05,0.0,0.0,8398.79,8622.53,1,1,1,1,8398.79,0.0,0.0,0,1,True,mule,0.2747350561307309,0.0003375192855892,0.1649760413926742,78.86904761904762,NORMAL,False,1.0,True
MULE_03_055,1,1,1.0,7.265181224418491e-05,0.0,0.0,9164.52,9381.04,1,1,1,1,9164.52,0.0,0.0,0,1,True,mule,0.2740325876247493,0.0013669855147163,0.1649663467807361,78.8265306122449,NORMAL,False,1.0,True
MULE_06_032,1,1,1.0,7.299965015207105e-05,0.0,0.0,9245.13,9675.98,1,1,1,1,9245.13,0.0,0.0,0,1,True,mule,0.2738406128419375,0.0015302654851142,0.1649164738992082,78.78401360544217,NORMAL,False,1.0,True
ACC_01387,8,14,1.6666666666666667,0.0003950033920799,0.0052468085106382,0.0043290043290043,15873.57,11334.36,34,19,14,8,466.86970588235295,407.1937206865764,0.0,1,33,False,normal,0.2626656595027575,0.0180399964027286,0.1648153942627459,78.74149659863946,NORMAL,False,0.0,False
MULE_04_020,1,1,1.0,7.346357194526105e-05,0.0,0.0,8750.71,9019.92,1,1,1,1,8750.71,0.0,0.0,0,1,True,mule,0.2742230209849902,0.000666200401506,0.1648002927515965,78.69897959183673,NORMAL,False,1.0,True
ACC_00470,6,7,1.1428571428571428,0.0007433122718339,1.0212765957446808e-05,0.0,8350.63,20790.55,16,44,7,6,521.914375,282.5088198969783,0.0625,1,16,False,normal,0.2501856605008883,0.0363295445731149,0.164643214129779,78.65646258503402,NORMAL,False,0.0,False
MULE_05_003,1,1,1.0,7.31681583140072e-05,0.0,0.0,9236.14,9575.36,1,1,1,1,9236.14,0.0,0.0,0,1,True,mule,0.2733604486716824,0.0015169291635074,0.1646230408684124,78.6139455782313,NORMAL,False,1.0,True
MULE_00_006,1,1,1.0,7.285220838192325e-05,0.0,0.0,9361.01,9617.33,1,1,1,1,9361.01,0.0,0.0,0,1,True,mule,0.2730927562309667,0.0018169771642893,0.1645824446042957,78.57142857142857,NORMAL,False,1.0,True
ACC_00723,11,13,1.1666666666666667,0.0006655335127877,0.008931914893617,0.0036231884057971,14601.11,20058.9,27,36,13,11,540.7818518518519,391.9269019564848,0.0,1,27,False,normal,0.2699546768158283,0.0063708921737885,0.1645211629590124,78.52891156462584,NORMAL,False,0.0,False
ACC_01620,12,5,0.4615384615384615,0.0005472676382779,0.00084,0.0147058823529411,5947.32,16198.45,16,34,5,12,371.7075,234.3443603048016,0.0,1,16,False,normal,0.2598669826506861,0.0215000198232777,0.1645201975197227,78.48639455782312,NORMAL,False,0.0,False
ACC_00745,3,8,2.25,0.0001587826904723,0.0001472340425531,0.0,11366.59,5579.35,27,10,8,3,420.9848148148148,307.20106185176024,0.0,2,27,False,normal,0.2670249917411984,0.0105662429441126,0.1644414922223641,78.4438775510204,NORMAL,False,0.0,False
MULE_03_021,1,1,1.0,7.258336705069662e-05,0.0,0.0,8691.44,8807.4,1,1,1,1,8691.44,0.0,0.0,0,1,True,mule,0.2735689206028804,0.0006009411744524,0.1643817288315092,78.4013605442177,NORMAL,False,1.0,True
MULE_04_011,1,1,1.0,7.351803660142507e-05,0.0,0.0,8951.51,9274.32,1,1,1,1,8951.51,0.0,0.0,0,1,True,mule,0.2732784862566701,0.0009605174067635,0.1643512987167075,78.35884353741497,NORMAL,False,1.0,True
MULE_01_018,1,1,1.0,7.288619636760552e-05,0.0,0.0,9369.24,9571.79,1,1,1,1,9369.24,0.0,0.0,0,1,True,mule,0.272320586637075,0.0018415072246959,0.1641289548721234,78.31632653061224,NORMAL,False,1.0,True
ACC_00747,4,4,1.0,0.0001341861632025,0.0007461731974587,0.0357142857142857,14874.53,2540.59,27,9,4,4,550.9085185185186,324.7368094639068,0.0,1,25,False,normal,0.2637339908484564,0.0144578211975764,0.1640235229881044,78.27380952380952,NORMAL,False,0.0,False
MULE_06_040,1,1,1.0,7.286690963206999e-05,0.0,0.0,8379.8,8800.55,1,1,1,1,8379.8,0.0,0.0,0,1,True,mule,0.2731367133494892,0.000312019351888,0.1640068357504487,78.2312925170068,NORMAL,False,1.0,True
MULE_04_003,1,1,1.0,7.350309949819959e-05,0.0,0.0,8845.91,9204.55,1,1,1,1,8845.91,0.0,0.0,0,1,True,mule,0.2727966659334971,0.0007912071820353,0.1639944824329124,78.18877551020408,NORMAL,False,1.0,True
ACC_01057,9,12,1.3,0.0010147545758796,0.0052803479299023,0.0238095238095238,13030.79,18696.53,25,39,12,9,521.2316000000001,390.7368050201227,0.0,1,24,False,normal,0.2490406933769187,0.0363807656917035,0.1639767223028326,78.14625850340136,NORMAL,False,0.0,False
MULE_04_025,1,1,1.0,7.349077430065493e-05,0.0,0.0,8830.2,9146.98,1,1,1,1,8830.2,0.0,0.0,0,1,True,mule,0.2727767746413218,0.0007712309596216,0.1639745571686417,78.10374149659864,NORMAL,False,1.0,True
ACC_01130,5,10,1.8333333333333333,0.0004780203570258,4.340425531914894e-05,0.0,21751.21,15586.0,31,36,10,5,701.651935483871,481.94051214798526,0.0,1,31,False,normal,0.2603942238293352,0.0191071882406569,0.1638794095938639,78.06122448979592,NORMAL,False,0.0,False
ACC_00093,12,9,0.7692307692307693,0.0005143943647642,0.0040025531914893,0.0047619047619047,15495.18,12119.95,37,24,9,12,418.78864864864863,272.4065315557507,0.0,1,37,False,normal,0.2502709016711606,0.0339619923885816,0.163747337958129,78.0187074829932,NORMAL,False,0.0,False
MULE_00_030,1,1,1.0,7.273618240216456e-05,0.0,0.0,8390.67,8771.8,1,1,1,1,8390.67,0.0,0.0,0,1,True,mule,0.2726409320677977,0.0003203987131174,0.1637127187259256,77.97619047619048,NORMAL,False,1.0,True
MULE_01_009,1,1,1.0,7.275168703618728e-05,0.0,0.0,8412.75,8620.7,1,1,1,1,8412.75,0.0,0.0,0,1,True,mule,0.2725969487172917,0.0003467076229684,0.1636968522795624,77.93367346938776,NORMAL,False,1.0,True
ACC_01390,2,7,2.6666666666666665,0.000113179315504,0.0028842553191489,0.0,14362.84,1391.02,25,4,7,2,574.5136,389.4739610453225,0.0,1,25,False,normal,0.2605603687698903,0.0182542012177053,0.1636379017490163,77.89115646258503,NORMAL,False,0.0,False
ACC_00180,3,12,3.25,0.000187030707344,2.814138916130133e-05,0.0,11289.36,4940.45,24,7,12,3,470.39,394.9245515725536,0.0,1,24,False,normal,0.2504544078745842,0.0331296376043617,0.1635244997664952,77.8486394557823,NORMAL,False,0.0,False
MULE_03_014,1,1,1.0,7.258048195764429e-05,0.0,0.0,8486.29,8783.22,1,1,1,1,8486.29,0.0,0.0,0,1,True,mule,0.2720628090823312,0.0003895531547164,0.1633935067112853,77.8061224489796,NORMAL,False,1.0,True
MULE_03_007,1,1,1.0,7.26495153855721e-05,0.0,0.0,9122.27,9361.79,1,1,1,1,9122.27,0.0,0.0,0,1,True,mule,0.2713113230269012,0.0012781962749327,0.1632980723261138,77.76360544217688,NORMAL,False,1.0,True
ACC_00419,3,9,2.5,9.874184126073502e-05,0.0004025531914893,0.0,16969.15,1239.94,27,3,9,3,628.4870370370371,448.2652901404807,0.0,1,27,False,normal,0.2608288930597026,0.0169919814005917,0.1632941283960582,77.72108843537416,NORMAL,False,0.0,False
ACC_01580,5,4,0.8333333333333334,0.0001734137950577,0.0005133671598516,0.0,8168.08,3577.9,22,6,4,5,371.2763636363636,307.77873897834394,0.0,2,22,False,normal,0.2579195566725037,0.0212165783184761,0.1632383653308927,77.67857142857143,NORMAL,False,0.0,False
ACC_00034,3,7,2.0,0.000328227855805,0.0001509401782287,0.0,10641.43,4050.06,20,6,7,3,532.0715,544.4426020617204,0.05,1,20,False,normal,0.2467694234799282,0.037639806672686,0.1631175767570313,77.6360544217687,NORMAL,False,0.0,False
ACC_00120,9,8,0.9,0.0004200079782709,0.0067965957446808,0.0073529411764705,8278.31,15307.8,19,30,8,9,435.70052631578943,394.9234767996015,0.0,2,19,False,normal,0.2600435659858827,0.0172573396969491,0.1629290754703093,77.59353741496598,NORMAL,False,0.0,False
ACC_01194,4,10,2.2,0.0002017618960462,0.0022221276595744,0.0,7557.5,3465.69,22,6,10,4,343.52272727272725,167.60289212704726,0.0,1,21,False,normal,0.2538600657106085,0.0261699445883314,0.1627840172616977,77.55102040816327,NORMAL,False,1.0,True
ACC_00817,8,10,1.2222222222222223,0.0008205406867206,0.0052017021276595,0.0,9539.69,22739.83,26,42,10,8,366.91115384615387,229.8713136922817,0.0384615384615384,1,26,False,normal,0.2524306493311288,0.0279094954988771,0.1626221877982281,77.50850340136054,NORMAL,False,0.0,False
MULE_03_035,1,1,1.0,7.264397428874204e-05,0.0,0.0,9132.61,9315.35,1,1,1,1,9132.61,0.0,0.0,0,1,True,mule,0.270157677925893,0.0013032670034897,0.1626159135569317,77.46598639455783,NORMAL,False,1.0,True
MULE_03_040,1,1,1.0,7.263945454826136e-05,0.0,0.0,9135.38,9277.47,1,1,1,1,9135.38,0.0,0.0,0,1,True,mule,0.2699429873292018,0.0013118993065349,0.162490552120135,77.4234693877551,NORMAL,False,1.0,True
MULE_00_001,1,1,1.0,7.286031275949062e-05,0.0,0.0,9244.1,9676.39,1,1,1,1,9244.1,0.0,0.0,0,1,True,mule,0.2697699138035567,0.0015271270237158,0.1624727990916204,77.38095238095238,NORMAL,False,1.0,True
ACC_01800,4,8,1.8,0.0002124831078076,0.0081429787234042,0.0,15274.12,2243.79,25,5,8,4,610.9648,411.89672790559206,0.0,1,25,False,normal,0.2514403297229026,0.0284984125182692,0.1622635628410492,77.33843537414967,NORMAL,False,0.0,False
ACC_00370,13,8,0.6428571428571429,0.0008068394927826,0.0032544680851063,0.0047619047619047,12800.58,19033.04,27,41,8,13,474.0955555555556,399.9981725759539,0.0,2,27,False,normal,0.2629406363472084,0.0109962993201755,0.1621629015363952,77.29591836734694,NORMAL,False,1.0,True
ACC_01129,11,3,0.3333333333333333,0.0004602359022782,4.595744680851064e-05,0.0,8490.29,15354.76,23,31,3,11,369.1430434782609,286.09641979957456,0.0434782608695652,1,23,False,normal,0.2553843785642302,0.0222986732932503,0.1621500964558382,77.25340136054422,NORMAL,False,0.0,False
MULE_01_021,1,1,1.0,7.277717067751276e-05,0.0,0.0,8397.32,8800.89,1,1,1,1,8397.32,0.0,0.0,0,1,True,mule,0.2700262841766218,0.0003227895700618,0.1621448863339978,77.21088435374149,NORMAL,False,1.0,True
ACC_01778,8,10,1.2222222222222223,0.000260177216667,0.0032178723404255,0.0,19215.65,6897.66,31,17,10,8,619.8596774193549,398.6215490201525,0.0,2,31,False,normal,0.2640432639222098,0.0090440347077328,0.162043572236419,77.16836734693877,NORMAL,False,0.0,False
ACC_01903,5,6,1.1666666666666667,0.000254173128374,0.0022408510638297,0.0,20020.16,4868.8,37,8,6,5,541.0854054054054,443.641649072979,0.0,1,37,False,normal,0.2446635914912072,0.0380312636389489,0.1620106603503039,77.12585034013605,NORMAL,False,0.0,False
MULE_01_028,1,1,1.0,7.274698319074366e-05,0.0,0.0,8445.59,8587.44,1,1,1,1,8445.59,0.0,0.0,0,1,True,mule,0.2695010983051658,0.0003731371476322,0.1618499138421524,77.08333333333334,NORMAL,False,1.0,True
MULE_02_025,1,1,1.0,7.352635593186642e-05,0.0,0.0,8916.29,9151.3,1,1,1,1,8916.29,0.0,0.0,0,1,True,mule,0.2690957248284852,0.000908894882297,0.1618209928500099,77.04081632653062,NORMAL,False,1.0,True
ACC_00981,11,6,0.5833333333333334,0.0010909169210748,0.0001336170212765,0.0147058823529411,12282.65,16863.57,20,35,6,11,614.1324999999999,450.9180397329197,0.05,1,19,False,normal,0.2485858402395542,0.0315206771204484,0.1617597749919119,76.99829931972789,NORMAL,False,0.0,False
MULE_07_029,1,1,1.0,7.313075185879922e-05,0.0,0.0,9271.04,9610.08,1,1,1,1,9271.04,0.0,0.0,0,1,True,mule,0.2684756228834256,0.001596387022899,0.161723928539215,76.95578231292517,NORMAL,False,1.0,True
ACC_00796,11,5,0.5,0.0009418854990037,0.0013897872340425,0.0,13610.05,30019.65,21,50,5,11,648.097619047619,393.53616531272905,0.0,1,21,False,normal,0.2545299260962967,0.0224459119976237,0.1616963204568275,76.91326530612244,NORMAL,False,0.0,False
ACC_00165,3,3,1.0,0.0001123483455232,5.106382978723404e-06,0.0,8838.72,2996.58,23,6,3,3,384.2921739130434,217.4280917485662,0.0,1,23,False,normal,0.2546292764487718,0.0213907550922298,0.161333867906155,76.87074829931973,NORMAL,False,0.0,False
MULE_03_041,1,1,1.0,7.264478922610959e-05,0.0,0.0,9087.13,9322.18,1,1,1,1,9087.13,0.0,0.0,0,1,True,mule,0.2679536716234683,0.0012087187526254,0.1612556904751311,76.828231292517,NORMAL,False,1.0,True
ACC_01272,2,4,1.6666666666666667,9.505460021193148e-05,9.124632243209825e-05,0.0,10489.49,952.01,19,2,4,2,552.0784210526316,411.2892614593929,0.0,1,19,False,normal,0.2522033539427308,0.0245154527552232,0.1611281934677278,76.78571428571429,NORMAL,False,0.0,False
ACC_01856,4,11,2.4,0.0001844187118433,0.0060493617021276,0.019047619047619,16362.3,4329.74,28,10,11,4,584.3678571428571,373.6030724688985,0.0,1,28,False,normal,0.2604714174349032,0.0120517460806353,0.161103548893196,76.74319727891157,NORMAL,False,0.0,False
MULE_04_009,1,1,1.0,7.346892849281303e-05,0.0,0.0,8851.91,9044.94,1,1,1,1,8851.91,0.0,0.0,0,1,True,mule,0.2677894167988083,0.0008120527540131,0.1609984711808902,76.70068027210884,NORMAL,False,1.0,True
ACC_01986,12,11,0.9230769230769232,0.0009346488084421,0.00264,0.0118577075098814,14316.48,28147.39,28,55,11,12,511.30285714285714,376.7208681244288,0.0,1,28,False,normal,0.2507753192654745,0.0261495771833944,0.1609250224326424,76.65816326530613,NORMAL,False,0.0,False
ACC_00181,6,7,1.1428571428571428,0.0002770258593164,0.00104,0.0151515151515151,16104.29,8131.04,29,14,7,6,555.3203448275863,564.8983982065319,0.0,2,29,False,normal,0.2514641002754549,0.0250216596968171,0.1608871240439998,76.6156462585034,NORMAL,False,0.0,False
ACC_00940,12,7,0.6153846153846154,0.0007084062594316,0.0061931914893617,0.0116959064327485,6924.78,22080.76,17,42,7,12,407.34,282.23408770469234,0.0,1,17,False,normal,0.2586860432158455,0.0140427368080371,0.1608287206527221,76.57312925170068,NORMAL,False,0.0,False
ACC_00549,3,9,2.5,0.0003022664406885,0.000811914893617,0.0151515151515151,7427.559999999999,3812.27,17,7,9,3,436.915294117647,308.11301918122604,0.0,1,17,False,normal,0.252869468396464,0.0222322667457856,0.1606145877361926,76.53061224489795,NORMAL,False,0.0,False
MULE_00_043,1,1,1.0,7.271624255955846e-05,0.0,0.0,8463.83,8626.49,1,1,1,1,8463.83,0.0,0.0,0,1,True,mule,0.2673887534831057,0.0003840222463726,0.1605868609884125,76.48809523809523,NORMAL,False,1.0,True
ACC_00297,9,9,1.0,0.001087834653645,0.0037078412143435,0.0,12233.59,27554.82,29,45,9,9,421.8479310344828,294.5619463030692,0.0344827586206896,1,29,False,normal,0.2441196579989687,0.0350898637289913,0.1605077402909777,76.44557823129252,NORMAL,False,0.0,False
ACC_01894,4,12,2.6,0.000307598117241,0.0013634042553191,0.0,18694.22,8443.72,32,15,12,4,584.194375,477.7219543864637,0.0,1,30,False,normal,0.2539638785866509,0.0201461312818486,0.16043677966473,76.4030612244898,NORMAL,False,0.0,False
MULE_06_001,1,1,1.0,7.283765282874569e-05,0.0,0.0,8416.56,8607.6,1,1,1,1,8416.56,0.0,0.0,0,1,True,mule,0.2671247827282499,0.0003508025042078,0.1604151906386331,76.36054421768708,NORMAL,False,1.0,True
MULE_04_026,1,1,1.0,7.34868478785085e-05,0.0,0.0,8947.75,9128.64,1,1,1,1,8947.75,0.0,0.0,0,1,True,mule,0.2666798174666144,0.0009644352431247,0.1603936645772185,76.31802721088435,NORMAL,False,1.0,True
ACC_01574,4,6,1.4,0.0002805770265483,0.0002885106382978,0.0,14118.1,9102.13,30,22,6,4,470.60333333333335,213.571468024226,0.0,2,30,False,normal,0.2513469032580223,0.0239389169740701,0.1603837087444414,76.27551020408163,NORMAL,False,0.0,False
MULE_01_019,1,1,1.0,7.277464480019397e-05,0.0,0.0,8401.65,8783.03,1,1,1,1,8401.65,0.0,0.0,0,1,True,mule,0.2670597958347099,0.0003269474345922,0.1603666564746628,76.23299319727892,NORMAL,False,1.0,True
ACC_01480,10,9,0.9090909090909092,0.0001859077841321,0.0109863829787234,0.0116959064327485,15277.2,4572.29,30,10,9,10,509.24,369.96186459576137,0.0,1,30,False,normal,0.2480360316041299,0.0288334673127485,0.1603550058875773,76.19047619047619,NORMAL,False,1.0,True
ACC_00047,11,12,1.0833333333333333,0.000886778448337,0.0019029787234042,0.0158102766798418,10252.1,19619.42,25,32,12,11,410.084,312.8190460021043,0.04,1,25,False,normal,0.247624317919798,0.0287095760311883,0.1600584211643541,76.14795918367348,NORMAL,False,0.0,False
ACC_00074,5,10,1.8333333333333333,0.0003244805993481,6.382978723404255e-05,0.019047619047619,13630.16,9166.95,19,16,10,5,717.3768421052631,598.6188554038615,0.0,1,19,False,normal,0.2325991271918188,0.0512385574517529,0.1600548992957925,76.10544217687075,NORMAL,False,0.0,False
ACC_00575,5,15,2.6666666666666665,0.0003011992355734,0.0015923404255319,0.0,13747.54,9209.65,26,18,15,5,528.7515384615385,283.59999579255714,0.0,1,26,False,normal,0.232118283783878,0.0518821170278219,0.1600238170814556,76.06292517006803,NORMAL,False,0.0,False
ACC_01646,3,12,3.25,0.000248125063575,0.0004595744680851,0.0,15919.37,5278.01,27,12,12,3,589.6062962962963,372.173736808994,0.0,1,27,False,normal,0.2510542059742514,0.0233930500561643,0.1599897436070165,76.0204081632653,NORMAL,False,0.0,False
ACC_00471,11,8,0.75,0.0004842505298372,0.0082493617021276,0.0116959064327485,15562.97,12973.02,28,25,8,11,555.8203571428571,409.6876414075606,0.0,2,28,False,normal,0.2544795857133986,0.0181747626123396,0.159957656472975,75.97789115646259,NORMAL,False,0.0,False
ACC_00809,11,6,0.5833333333333334,0.0004510388759672,0.0013021276595744,0.0073529411764705,10409.33,15273.25,15,30,6,11,693.9553333333333,517.559386707964,0.0,1,15,False,normal,0.2358436358210306,0.0457038957721046,0.1597877398014602,75.93537414965986,NORMAL,False,0.0,False
MULE_03_028,1,1,1.0,7.259837478453136e-05,0.0,0.0,8508.76,8933.18,1,1,1,1,8508.76,0.0,0.0,0,1,True,mule,0.2658428794245095,0.000397911443473,0.1596648922320949,75.89285714285714,NORMAL,False,1.0,True
ACC_00434,4,6,1.4,0.0001934278129229,0.0058022427834392,0.0,14748.54,3945.7,25,9,6,4,589.9416,615.2236567615066,0.0,1,25,False,normal,0.2202427302563387,0.0687279426910582,0.1596368152302265,75.85034013605441,NORMAL,False,0.0,False
MULE_04_012,1,1,1.0,7.349137375441773e-05,0.0,0.0,8919.4,9149.78,1,1,1,1,8919.4,0.0,0.0,0,1,True,mule,0.2652671148329253,0.0009140806538283,0.1595259011612865,75.8078231292517,NORMAL,False,1.0,True
MULE_07_001,1,1,1.0,7.309522121565917e-05,0.0,0.0,9287.8,9396.44,1,1,1,1,9287.8,0.0,0.0,0,1,True,mule,0.2647674753947102,0.0016516355491669,0.1595211394564929,75.76530612244898,NORMAL,False,1.0,True
ACC_00443,7,4,0.625,0.000223874587388,0.0008,0.0,15378.21,7118.59,30,17,4,7,512.6070000000001,364.3682862174402,0.0333333333333333,2,30,False,normal,0.2464003016045977,0.0286036914511881,0.1592816575432339,75.72278911564626,NORMAL,False,0.0,False
MULE_03_052,1,1,1.0,7.259163335535611e-05,0.0,0.0,8698.84,8876.68,1,1,1,1,8698.84,0.0,0.0,0,1,True,mule,0.2650309904367346,0.0006048398738077,0.1592605302115638,75.68027210884354,NORMAL,False,1.0,True
MULE_04_016,1,1,1.0,7.346948298754363e-05,0.0,0.0,8903.02,9047.53,1,1,1,1,8903.02,0.0,0.0,0,1,True,mule,0.2648165959319884,0.0008942095524955,0.1592476413801912,75.63775510204081,NORMAL,False,1.0,True
ACC_01464,5,6,1.1666666666666667,0.0004024999550077,9.80684773802925e-05,0.0181818181818181,14164.18,10636.32,23,22,6,5,615.8339130434782,425.287436519426,0.0434782608695652,2,22,False,normal,0.260507252060467,0.0073484727236647,0.1592437403257461,75.59523809523809,NORMAL,False,0.0,False
ACC_01127,10,8,0.8181818181818182,0.0007072793370994,0.0002051063829787,0.0065359477124183,18575.34,22222.29,31,41,8,10,599.2045161290323,371.030890662208,0.0,2,31,False,normal,0.2596567389978448,0.0085105436987736,0.1591982608782163,75.55272108843538,NORMAL,False,0.0,False
ACC_00644,7,8,1.125,0.0003022498144093,0.0079310638297872,0.0,13302.26,7242.639999999999,23,17,8,7,578.3591304347826,460.1127400076978,0.0,2,23,False,normal,0.2473685221722857,0.0268757345926881,0.1591714071404467,75.51020408163265,NORMAL,False,0.0,False
ACC_01689,4,4,1.0,0.0001592516451076,1.5319148936170214e-05,0.0,7737.22,3632.63,17,4,4,4,455.1305882352941,288.4101880453989,0.0588235294117647,1,17,False,normal,0.2546337559596429,0.0157956183925937,0.1590985009328232,75.46768707482994,NORMAL,False,0.0,False
MULE_03_033,1,1,1.0,7.26444778078769e-05,0.0,0.0,9055.7,9319.57,1,1,1,1,9055.7,0.0,0.0,0,1,True,mule,0.2643984556833902,0.0011463180331848,0.1590976006233081,75.42517006802721,NORMAL,False,1.0,True
ACC_01415,4,7,1.6,0.0002372648865678,0.0003948322176267,0.0181818181818181,11769.19,4569.72,20,7,7,4,588.4595,468.2517889866632,0.1,1,19,False,normal,0.251294919585643,0.0202821463416655,0.158889810288052,75.38265306122449,NORMAL,False,0.0,False
ACC_01575,11,7,0.6666666666666666,0.0003777932395943,0.0032059574468085,0.0065359477124183,7167.09,13773.07,18,26,7,11,398.1716666666667,328.75728757299504,0.0,2,17,False,normal,0.2513214794482007,0.0201212343998579,0.1588413814288636,75.34013605442176,NORMAL,False,1.0,True
ACC_00555,8,4,0.5555555555555556,0.000763107887076,0.0006059574468085,0.0151515151515151,7368.84,21711.05,14,39,4,8,526.3457142857143,241.1644778892704,0.0,1,14,False,normal,0.2505597550602224,0.0210306243758315,0.158748102786466,75.29761904761905,NORMAL,False,1.0,True
ACC_00451,8,10,1.2222222222222223,0.000611187881119,8.936170212765958e-05,0.0065359477124183,15641.07,17410.55,35,28,10,8,446.8877142857143,276.01866409704246,0.0,2,34,False,normal,0.2490425526825745,0.0226795537688577,0.1584973531170878,75.25510204081633,NORMAL,False,0.0,False
ACC_00671,4,10,2.2,0.0004382389556714,0.00132,0.0128205128205128,18220.56,11775.34,36,25,10,4,506.1266666666667,331.40380677182503,0.0,1,36,False,normal,0.2461173697364789,0.0270414353878311,0.1584869959970198,75.2125850340136,NORMAL,False,0.0,False
ACC_00270,11,5,0.5,0.000633918296943,0.0011727659574468,0.0083333333333333,5751.82,19441.11,13,41,5,11,442.4476923076923,408.6052445852404,0.0,1,13,False,normal,0.2415344673009492,0.0338780706579667,0.1584719086437562,75.17006802721087,NORMAL,False,0.0,False
ACC_01861,11,5,0.5,0.0006151120127958,0.0031863829787234,0.0,15702.26,20847.54,34,47,5,11,461.8311764705882,266.4978312011893,0.0,1,33,False,normal,0.2362842172400432,0.0416707157774406,0.1584388166550022,75.12755102040816,NORMAL,False,0.0,False
MULE_01_014,1,1,1.0,7.288774498779817e-05,0.0,0.0,9291.44,9582.74,1,1,1,1,9291.44,0.0,0.0,0,1,True,mule,0.2629424786947764,0.0016460283904897,0.1584238985730617,75.08503401360545,NORMAL,False,1.0,True
MULE_05_007,1,1,1.0,7.299972086940777e-05,0.0,0.0,8451.52,8589.31,1,1,1,1,8451.52,0.0,0.0,0,1,True,mule,0.2633633149213494,0.0003787472148947,0.1581694878387675,75.04251700680273,NORMAL,False,1.0,True
ACC_00965,11,10,0.9166666666666666,0.0004352235350981,0.008731914893617,0.0047619047619047,11456.86,11309.05,25,33,10,11,458.2744,337.51470748299744,0.0,2,25,False,normal,0.2591215412105679,0.0065049189733548,0.1580748923156826,75.0,NORMAL,False,0.0,False
MULE_00_021,1,1,1.0,7.285472916444801e-05,0.0,0.0,9310.46,9635.7,1,1,1,1,9310.46,0.0,0.0,0,1,True,mule,0.2622831297343387,0.0016887290256636,0.1580453694508686,74.95748299319727,NORMAL,False,1.0,True
MULE_06_003,1,1,1.0,7.28550704446973e-05,0.0,0.0,8402.78,8722.47,1,1,1,1,8402.78,0.0,0.0,0,1,True,mule,0.2631589901364939,0.0003325784477346,0.1580284254609902,74.91496598639455,NORMAL,False,1.0,True
ACC_01150,5,10,1.8333333333333333,0.0002867844592815,0.0026468085106382,0.0095238095238095,11554.25,5793.74,23,12,10,5,502.35869565217394,382.4960671729408,0.0434782608695652,2,23,False,normal,0.2568478127664158,0.009516670993961,0.1579153560574339,74.87244897959184,NORMAL,False,0.0,False
MULE_03_012,1,1,1.0,7.259278357442247e-05,0.0,0.0,8554.98,8886.32,1,1,1,1,8554.98,0.0,0.0,0,1,True,mule,0.2626958194987875,0.0004439358646858,0.1577950660451468,74.82993197278913,NORMAL,False,1.0,True
MULE_03_016,1,1,1.0,7.263490259210144e-05,0.0,0.0,9085.53,9239.32,1,1,1,1,9085.53,0.0,0.0,0,1,True,mule,0.2619151744751311,0.0012114933133741,0.1576337020104283,74.7874149659864,NORMAL,False,1.0,True
ACC_00788,10,6,0.6363636363636364,0.0009560222299258,0.0007148936170212,0.0333333333333333,16447.04,19665.18,27,45,6,10,609.1496296296297,349.65062416736333,0.0,1,27,False,normal,0.2497404998780484,0.019227554349717,0.1575353216667158,74.74489795918367,NORMAL,False,1.0,True
ACC_01221,5,5,1.0,0.0001755002670001,0.0002204255319148,0.0222222222222222,11022.78,3575.9700000000003,23,9,5,5,479.2513043478261,351.40179215541787,0.0,2,23,False,normal,0.2547148963867264,0.0116316637948095,0.1574816033499596,74.70238095238095,NORMAL,False,0.0,False
ACC_00755,8,3,0.4444444444444444,0.000521338648064,5.8723404255319154e-05,0.0,18900.32,11097.11,35,26,3,8,540.0091428571428,396.9550325353314,0.0,1,33,False,normal,0.2398540904763603,0.0338733790048221,0.157461805887745,74.65986394557824,NORMAL,False,0.0,False
ACC_00786,11,5,0.5,0.0004563179104882,0.0043642553191489,0.0083333333333333,7481.54,11544.35,17,28,5,11,440.0905882352941,256.9343516949073,0.0588235294117647,1,16,False,normal,0.2504615614734466,0.0177794888369648,0.1573887324188539,74.61734693877551,NORMAL,False,0.0,False
MULE_03_036,1,1,1.0,7.259971829767319e-05,0.0,0.0,8552.61,8944.44,1,1,1,1,8552.61,0.0,0.0,0,1,True,mule,0.2617945021028658,0.0004374616635198,0.1572516859271274,74.57482993197279,NORMAL,False,1.0,True
ACC_01795,6,8,1.2857142857142858,0.0006786528047422,0.0001302127659574,0.0219780219780219,16325.84,13972.67,28,30,8,6,583.0657142857143,328.581514148638,0.0357142857142857,2,28,False,normal,0.2544593995140426,0.0106233032586699,0.1569249610118935,74.53231292517006,NORMAL,False,0.0,False
ACC_01470,3,8,2.25,0.000267332491773,0.0002621276595744,0.0181818181818181,12667.45,3431.82,21,7,8,3,603.2119047619047,460.57313390621306,0.0476190476190476,1,21,False,normal,0.2488142059900748,0.0187266268486605,0.1567791743335091,74.48979591836735,NORMAL,False,0.0,False
MULE_05_002,1,1,1.0,7.312787374166311e-05,0.0,0.0,9237.53,9339.53,1,1,1,1,9237.53,0.0,0.0,0,1,True,mule,0.2598930508237604,0.0015367896669614,0.1565505463610408,74.44727891156462,NORMAL,False,1.0,True
ACC_01756,6,4,0.7142857142857143,0.0003194981048954,0.0007131914893617,0.0222222222222222,6063.99,8265.84,12,17,4,6,505.3325,316.7991939591732,0.0,1,12,False,normal,0.2502104592929574,0.0159036028466796,0.1564877167144462,74.40476190476191,NORMAL,False,0.0,False
MULE_03_046,1,1,1.0,7.262761230320573e-05,0.0,0.0,9067.15,9178.22,1,1,1,1,9067.15,0.0,0.0,0,1,True,mule,0.2598586821778439,0.001179219564874,0.156386897132656,74.36224489795919,NORMAL,False,1.0,True
ACC_00456,4,12,2.6,0.0007329196586427,0.0007268085106382,0.0083333333333333,9504.19,10886.77,24,20,12,4,396.0079166666667,325.6182730955557,0.0,1,24,False,normal,0.2292877629689543,0.046924498955611,0.156342457363617,74.31972789115646,NORMAL,False,0.0,False
MULE_03_031,1,1,1.0,7.259460077736652e-05,0.0,0.0,8622.8,8901.55,1,1,1,1,8622.8,0.0,0.0,0,1,True,mule,0.2595256889024842,0.0005131677110454,0.1559206804259086,74.27721088435374,NORMAL,False,1.0,True
MULE_00_000,1,1,1.0,7.274164386893025e-05,0.0,0.0,8429.65,8811.6,1,1,1,1,8429.65,0.0,0.0,0,1,True,mule,0.2593471144036044,0.0003441289034422,0.1557459202035395,74.23469387755102,NORMAL,False,1.0,True
MULE_03_029,1,1,1.0,7.260884010759262e-05,0.0,0.0,8704.24,9020.89,1,1,1,1,8704.24,0.0,0.0,0,1,True,mule,0.2587892206853407,0.0006009497858837,0.1555139123255579,74.1921768707483,NORMAL,False,1.0,True
ACC_01259,11,14,1.25,0.0004582961112569,0.0052459574468085,0.0,14585.28,13697.47,29,28,14,11,502.9406896551724,402.9662491444009,0.0344827586206896,1,28,False,normal,0.2472025777100897,0.0177748236826384,0.1554314760991091,74.14965986394559,NORMAL,False,0.0,False
ACC_01207,5,14,2.5,0.0004161482980669,0.0010727838656035,0.0,14036.62,15306.22,31,26,14,5,452.7941935483871,278.48428261781896,0.0,1,31,False,normal,0.2275938035320149,0.046747075717432,0.1552551124061817,74.10714285714286,NORMAL,False,0.0,False
ACC_00233,12,7,0.6153846153846154,0.0008636655037986,0.0035965957446808,0.0058479532163742,16146.77,24536.34,30,51,7,12,538.2256666666667,487.6115139632577,0.0,1,29,False,normal,0.2426580455909759,0.0240520666972838,0.155215654033499,74.06462585034014,NORMAL,False,1.0,True
MULE_05_013,1,1,1.0,7.313302055998448e-05,0.0,0.0,9231.91,9369.66,1,1,1,1,9231.91,0.0,0.0,0,1,True,mule,0.2575602672608909,0.0015215486056406,0.1551447797987908,74.02210884353741,NORMAL,False,1.0,True
MULE_07_007,1,1,1.0,7.311143319418984e-05,0.0,0.0,9239.53,9493.92,1,1,1,1,9239.53,0.0,0.0,0,1,True,mule,0.257350308419777,0.0015301221228894,0.155022233901022,73.9795918367347,NORMAL,False,1.0,True
ACC_00574,10,5,0.5454545454545454,0.0004507614809605,9.892124674881678e-05,0.0095238095238095,19028.42,17581.78,37,30,5,10,514.2816216216216,310.3899994676368,0.0,1,37,False,normal,0.2324729929119514,0.038721953895381,0.1549725773053232,73.93707482993197,NORMAL,False,0.0,False
ACC_00424,6,11,1.7142857142857142,0.0002636972322319,0.0040731914893617,0.0147058823529411,12822.54,7649.23,31,16,11,6,413.6303225806452,292.2582878606282,0.0,2,28,False,normal,0.2510988188066323,0.0107576924225981,0.1549623682530186,73.89455782312925,NORMAL,False,0.0,False
MULE_03_020,1,1,1.0,7.26025747545662e-05,0.0,0.0,8722.57,8968.38,1,1,1,1,8722.57,0.0,0.0,0,1,True,mule,0.2574476161482389,0.0006283159650637,0.1547198960749688,73.85204081632652,NORMAL,False,1.0,True
MULE_00_024,1,1,1.0,7.284054581759117e-05,0.0,0.0,9297.55,9532.34,1,1,1,1,9297.55,0.0,0.0,0,1,True,mule,0.256466399897761,0.0016641377850871,0.1545454950526914,73.80952380952381,NORMAL,False,1.0,True
ACC_00554,4,4,1.0,0.0002091772882998,0.0011693617021276,0.0357142857142857,13853.63,3604.28,23,4,4,4,602.3317391304347,329.9384016842066,0.0,1,23,False,normal,0.2478892132964415,0.0142712236754462,0.1544420174480434,73.76700680272108,NORMAL,False,0.0,False
ACC_00640,5,12,2.1666666666666665,0.0001711835649637,0.0037293617021276,0.0073529411764705,10938.23,4323.05,29,7,12,5,377.18034482758617,241.400527421053,0.0,1,29,False,normal,0.2395457581487884,0.0265590109681338,0.1543510592765266,73.72448979591837,NORMAL,False,0.0,False
ACC_01031,9,9,1.0,0.0004125458414739,0.0025207862533577,0.0,14332.89,14614.36,27,23,9,9,530.8477777777778,429.0540743877373,0.074074074074074,2,27,False,normal,0.2529522298556914,0.0062830474539554,0.154284556894997,73.68197278911565,NORMAL,False,0.0,False
ACC_00209,8,6,0.7777777777777778,0.0003496105715552,0.0097480851063829,0.0219780219780219,6992.42,12186.33,22,25,6,8,317.8372727272727,241.735774529642,0.0,1,22,False,normal,0.2434862999242113,0.0199577596174028,0.1540748838014879,73.63945578231292,NORMAL,False,0.0,False
ACC_00627,6,10,1.5714285714285714,0.0003106093231215,0.0002578723404255,0.025,18954.96,7711.99,36,14,10,6,526.5266666666666,382.3256085814065,0.0,1,34,False,normal,0.2430370039280554,0.0200345670605049,0.1538360291810352,73.5969387755102,NORMAL,False,0.0,False
ACC_00990,6,11,1.7142857142857142,0.0001892011419209,0.0075727659574468,0.0,15060.96,4706.57,33,9,11,6,456.3927272727273,303.3896190675524,0.0,1,33,False,normal,0.2448714286152289,0.0168130111679919,0.1536480616363341,73.55442176870748,NORMAL,False,0.0,False
ACC_01572,3,11,3.0,0.0001626700320903,0.0005344680851063,0.0109890109890109,14500.68,5240.51,31,9,11,3,467.7638709677419,364.25590578307646,0.0,1,31,False,normal,0.2409860658284343,0.0222740827948957,0.1535012726150189,73.51190476190477,NORMAL,False,0.0,False
MULE_06_030,1,1,1.0,7.299046750366824e-05,0.0,0.0,9160.26,9615.42,1,1,1,1,9160.26,0.0,0.0,0,1,True,mule,0.2548102444671863,0.00134346809853,0.1534235339197238,73.46938775510205,NORMAL,False,1.0,True
ACC_00750,5,9,1.6666666666666667,0.0006517263879145,0.0014178723404255,0.0,14949.82,9291.23,22,19,9,5,679.5372727272727,456.9352281511473,0.0909090909090909,1,22,False,normal,0.2409905363258452,0.0220524399315119,0.1534152977681119,73.42687074829932,NORMAL,False,0.0,False
MULE_03_003,1,1,1.0,7.261272746622145e-05,0.0,0.0,8677.6,9053.47,1,1,1,1,8677.6,0.0,0.0,0,1,True,mule,0.2550735335372039,0.0005656512426977,0.1532703806194014,73.3843537414966,NORMAL,False,1.0,True
MULE_01_039,1,1,1.0,7.276466008918016e-05,0.0,0.0,8434.23,8712.43,1,1,1,1,8434.23,0.0,0.0,0,1,True,mule,0.2550489866309732,0.0003549704214713,0.1531713801471725,73.34183673469387,NORMAL,False,1.0,True
ACC_00899,4,10,2.2,0.000315648592956,0.0004425531914893,0.0,15864.48,7739.97,32,15,10,4,495.765,293.85590699766334,0.0,2,31,False,normal,0.2451540867336743,0.0149642693502229,0.1530781597802938,73.29931972789116,NORMAL,False,0.0,False
ACC_00010,9,10,1.1,0.0004742779430579,0.000955744680851,0.0,18740.21,14535.11,32,27,10,9,585.6315625,349.598933702417,0.03125,2,32,False,normal,0.2493922295399042,0.0085236926906003,0.1530448148001827,73.25680272108843,NORMAL,False,0.0,False
MULE_03_002,1,1,1.0,7.261464370254985e-05,0.0,0.0,8618.9,9069.53,1,1,1,1,8618.9,0.0,0.0,0,1,True,mule,0.2546960805095967,0.0004969031765878,0.1530164095763931,73.21428571428571,NORMAL,False,1.0,True
ACC_00630,14,9,0.6666666666666666,0.0008483674647776,0.0022331914893617,0.0039525691699604,11832.37,25203.52,25,55,9,14,473.2948,299.57913911463635,0.0,1,25,False,normal,0.2384444916462278,0.0248022336807065,0.1529875884600192,73.171768707483,NORMAL,False,0.0,False
ACC_00693,12,7,0.6153846153846154,0.0006455471721815,0.0004085106382978,0.0116959064327485,19163.76,17518.1,23,33,7,12,833.2069565217392,481.1161519787729,0.0,1,23,False,normal,0.2425620266393462,0.018506226266728,0.1529397064902989,73.12925170068027,NORMAL,False,0.0,False
MULE_03_049,1,1,1.0,7.261131236268131e-05,0.0,0.0,8676.42,9041.61,1,1,1,1,8676.42,0.0,0.0,0,1,True,mule,0.2543687627289366,0.000565061528962,0.1528472822489468,73.08673469387756,NORMAL,False,1.0,True
ACC_00490,8,7,0.8888888888888888,0.0011038840561849,0.0004468085106382,0.0095238095238095,5679.4,18172.48,16,33,7,8,354.9625,271.08763376443426,0.0,1,16,False,normal,0.2262001320351392,0.0427132011074232,0.1528053596640528,73.04421768707483,NORMAL,False,0.0,False
ACC_01123,11,9,0.8333333333333334,0.0008276234515281,0.0107506382978723,0.0,10865.81,21411.09,25,44,9,11,434.6324,298.0589710286652,0.0,1,25,False,normal,0.2392842605179057,0.022300235851734,0.152490650651437,73.00170068027211,NORMAL,False,1.0,True
MULE_03_044,1,1,1.0,7.261964190552597e-05,0.0,0.0,8795.51,9111.42,1,1,1,1,8795.51,0.0,0.0,0,1,True,mule,0.2534353835827346,0.0007181243139444,0.1523484798752185,72.95918367346938,NORMAL,False,1.0,True
MULE_03_034,1,1,1.0,7.262937581335105e-05,0.0,0.0,8780.71,9193.0,1,1,1,1,8780.71,0.0,0.0,0,1,True,mule,0.2534334927047813,0.000691267038511,0.1523366024382732,72.91666666666666,NORMAL,False,1.0,True
ACC_00431,15,9,0.625,0.000864763378519,0.0008417021276595,0.0072463768115942,13719.73,20753.03,23,40,9,15,596.51,298.6244555077041,0.0,1,22,False,normal,0.2356484996100896,0.0272358509035142,0.1522834401274595,72.87414965986395,NORMAL,False,0.0,False
ACC_00280,14,5,0.4,0.0003293450307639,0.00508,0.0058479532163742,12896.07,9587.78,24,20,5,14,537.33625,390.0859615165388,0.0,1,24,False,normal,0.2176707177875335,0.0537047990887364,0.1520843503080147,72.83163265306123,NORMAL,False,0.0,False
MULE_07_012,1,1,1.0,7.299142497108825e-05,0.0,0.0,8433.44,8772.33,1,1,1,1,8433.44,0.0,0.0,0,1,True,mule,0.2531044673108675,0.0003509467711601,0.1520030590949846,72.78911564625851,NORMAL,False,1.0,True
MULE_00_027,1,1,1.0,7.285166635193016e-05,0.0,0.0,9139.88,9613.38,1,1,1,1,9139.88,0.0,0.0,0,1,True,mule,0.2518924155549563,0.001299243430474,0.1516551467051634,72.74659863945578,NORMAL,False,1.0,True
MULE_03_013,1,1,1.0,7.260882698268625e-05,0.0,0.0,8860.3,9020.78,1,1,1,1,8860.3,0.0,0.0,0,1,True,mule,0.252059450646362,0.0008226555817089,0.1515647326205007,72.70408163265306,NORMAL,False,1.0,True
ACC_00021,13,6,0.5,0.0006630192758926,0.0001931914893617,0.0058479532163742,13503.57,16447.06,26,31,6,13,519.368076923077,394.30069617000913,0.0,2,26,False,normal,0.2397577361220518,0.0192012459176219,0.1515351400402798,72.66156462585033,NORMAL,False,0.0,False
ACC_00892,5,4,0.8333333333333334,0.0004305806646957,0.0002345115763441,0.0277777777777777,15672.22,9896.1,25,20,4,5,626.8888,387.7839743908112,0.08,1,24,False,normal,0.2466358165628429,0.008622850086425,0.1514306299722757,72.61904761904762,NORMAL,False,0.0,False
ACC_00732,10,8,0.8181818181818182,0.000608422194403,0.0022939496013303,0.0065359477124183,11876.18,16233.32,19,37,8,10,625.062105263158,496.7499123925321,0.0,2,19,False,normal,0.2345775560846308,0.0266797621876207,0.1514184385258268,72.5765306122449,NORMAL,False,1.0,True
ACC_01948,9,5,0.6,0.0004920315215951,0.0047063829787234,0.0219780219780219,7039.82,9459.92,20,20,5,9,351.991,150.77724405646617,0.0,1,20,False,normal,0.241189589862827,0.0166624983286829,0.1513787532491693,72.53401360544217,NORMAL,False,0.0,False
ACC_01401,11,7,0.6666666666666666,0.0006573453414456,0.0020697872340425,0.0130718954248366,12680.69,22042.5,28,42,7,11,452.88178571428574,364.5108540583157,0.0357142857142857,2,28,False,normal,0.2460570363801065,0.0091984400589556,0.1513135978516462,72.49149659863946,NORMAL,False,0.0,False
MULE_07_016,1,1,1.0,7.312425409514315e-05,0.0,0.0,9092.9,9571.01,1,1,1,1,9092.9,0.0,0.0,0,1,True,mule,0.2512368668993691,0.0012058356331404,0.1512244543928776,72.44897959183673,NORMAL,False,1.0,True
ACC_00536,9,10,1.1,0.0005021689830254,0.0078216006481047,0.0058479532163742,13025.92,16681.57,26,34,10,9,500.9969230769231,427.1114155137437,0.0,2,26,False,normal,0.244784324910723,0.0106656268482306,0.1511368456857261,72.40646258503402,NORMAL,False,0.0,False
ACC_01362,13,4,0.3571428571428571,0.0007633656259276,0.0017,0.0,12044.36,18518.83,23,36,4,13,523.6678260869566,296.5735608266909,0.0434782608695652,1,23,False,normal,0.2380022682694733,0.0205817052716228,0.1510340430703331,72.3639455782313,NORMAL,False,0.0,False
ACC_01910,10,3,0.3636363636363636,0.000370935477867,0.0014910638297872,0.0128205128205128,8200.64,11290.25,20,25,3,10,410.032,247.6314834715404,0.05,1,20,False,normal,0.2371868184612705,0.0216836708526624,0.1509855594178273,72.32142857142857,NORMAL,False,0.0,False
MULE_03_017,1,1,1.0,7.263056302078986e-05,0.0,0.0,8804.89,9202.95,1,1,1,1,8804.89,0.0,0.0,0,1,True,mule,0.2508066226811887,0.0007253487115053,0.1507741130933153,72.27891156462584,NORMAL,False,1.0,True
ACC_00353,4,10,2.2,0.0002014561378534,0.0014229787234042,0.0,19813.77,10103.33,30,17,10,4,660.4590000000001,421.7635698150131,0.0333333333333333,1,29,False,normal,0.2436745693352327,0.0111612658586021,0.1506692479445805,72.23639455782312,NORMAL,False,0.0,False
ACC_01995,10,8,0.8181818181818182,0.0011090297653839,0.0014462968490171,0.0065359477124183,10251.8,29831.08,23,59,8,10,445.7304347826087,276.388184303399,0.0,1,21,False,normal,0.2182212802225371,0.0492606429185021,0.1506370253009231,72.1938775510204,NORMAL,False,0.0,False
MULE_00_004,1,1,1.0,7.272570681490594e-05,0.0,0.0,8568.3,8695.46,1,1,1,1,8568.3,0.0,0.0,0,1,True,mule,0.2506815277886502,0.0004723126687101,0.1505978417406742,72.1513605442177,NORMAL,False,1.0,True
ACC_00367,13,8,0.6428571428571429,0.0006067201696872,0.0023582978723404,0.019047619047619,9315.65,20247.82,20,47,8,13,465.7825,348.56211962975755,0.05,1,19,False,normal,0.2353821717560452,0.0232425765769805,0.1505263336844193,72.10884353741497,NORMAL,False,0.0,False
ACC_01047,13,11,0.8571428571428571,0.0008232797836087,0.0038348936170212,0.0108695652173913,9617.28,20592.42,22,39,11,13,437.1490909090909,275.30815505035343,0.0,1,21,False,normal,0.237674698241934,0.0197978218810156,0.1505239476975666,72.06632653061224,NORMAL,False,0.0,False
ACC_01974,6,9,1.4285714285714286,0.0003511014365111,0.0045263829787234,0.019047619047619,19566.0,11190.6,37,16,9,6,528.8108108108108,323.4431798492449,0.0,1,36,False,normal,0.2330540650488105,0.026468427886499,0.1504198101838859,72.02380952380952,NORMAL,False,0.0,False
ACC_01092,9,8,0.9,0.0008246498513051,0.0005855319148936,0.0,10356.72,27706.4,18,47,8,9,575.3733333333333,529.5070888377339,0.0,1,18,False,normal,0.2209057660705542,0.0440788621313757,0.1501750044948828,71.9812925170068,NORMAL,False,0.0,False
MULE_03_004,1,1,1.0,7.261165838293985e-05,0.0,0.0,8838.76,9044.51,1,1,1,1,8838.76,0.0,0.0,0,1,True,mule,0.2496708250233686,0.0007873921115773,0.1501174518586521,71.93877551020408,NORMAL,False,1.0,True
ACC_00873,11,5,0.5,0.0007007809989776,0.0051455319148936,0.0,13106.4,16207.67,26,33,5,11,504.09230769230766,367.7891582122311,0.0,2,26,False,normal,0.2326077051269727,0.0263673011702426,0.1501115435442807,71.89625850340136,NORMAL,False,0.0,False
ACC_00109,5,5,1.0,0.0001321537580259,0.0042484969939879,0.0,15657.6,2587.75,26,7,5,5,602.2153846153847,524.2385405765643,0.0,1,26,False,normal,0.2194774229426264,0.0458716887909241,0.1500351292819455,71.85374149659864,NORMAL,False,0.0,False
ACC_00921,9,6,0.7,0.0007272810661908,0.0015114893617021,0.019047619047619,9337.11,21430.23,22,42,6,9,424.4140909090909,275.9716538007394,0.0,2,22,False,normal,0.2401153581735639,0.0147337122966483,0.1499626998227977,71.81122448979592,NORMAL,False,0.0,False
ACC_00303,9,6,0.7,0.0005602541274419,0.0006037607129151,0.0,17523.43,17436.5,25,33,6,9,700.9372,435.3726511614313,0.08,1,25,False,normal,0.2451956583153306,0.0067652625741625,0.1498235000188634,71.7687074829932,NORMAL,False,1.0,True
MULE_05_036,1,1,1.0,7.301435846854344e-05,0.0,0.0,8479.45,8675.0,1,1,1,1,8479.45,0.0,0.0,0,1,True,mule,0.2492614853230601,0.0003942679263417,0.1497145983643728,71.72619047619048,NORMAL,False,1.0,True
MULE_05_030,1,1,1.0,7.303562560697721e-05,0.0,0.0,8463.52,8799.5,1,1,1,1,8463.52,0.0,0.0,0,1,True,mule,0.249193383410229,0.000371990907985,0.1496648264093314,71.68367346938776,NORMAL,False,1.0,True
ACC_00156,8,7,0.8888888888888888,0.0008402186103465,0.0001353191489361,0.0095238095238095,13480.95,24068.81,29,48,7,8,464.86034482758623,299.8294661789641,0.0,2,28,False,normal,0.2316420778602604,0.026532185364144,0.1495981208618139,71.64115646258503,NORMAL,False,0.0,False
ACC_00212,4,9,2.0,0.0003784532906255,0.0003069969726687,0.0128205128205128,14483.64,3760.12,30,8,9,4,482.788,362.0680415612513,0.0,2,28,False,normal,0.2418442842266501,0.0111627493083808,0.1495716702593424,71.5986394557823,NORMAL,False,1.0,True
ACC_00830,13,8,0.6428571428571429,0.0008926283312103,0.0048868085106382,0.0095238095238095,10736.87,25402.53,26,48,8,13,412.9565384615384,280.17414435942953,0.0,1,26,False,normal,0.2404837844106424,0.0132011012868535,0.1495707111611269,71.5561224489796,NORMAL,False,0.0,False
ACC_01653,12,9,0.7692307692307693,0.0009066210198198,0.0044102127659574,0.0095238095238095,14321.35,26897.31,26,49,9,12,550.8211538461538,488.17721001560017,0.0,1,26,False,normal,0.2362018684148661,0.0195308028056188,0.1495334421711672,71.51360544217688,NORMAL,False,0.0,False
ACC_00095,4,5,1.2,0.0002243924467877,5.543000895407837e-05,0.0,6628.51,5471.57,11,9,5,4,602.5918181818182,386.35103532456543,0.0,1,11,False,normal,0.2286446001610944,0.0306797646998823,0.1494586659766096,71.47108843537416,NORMAL,False,0.0,False
MULE_03_039,1,1,1.0,7.262755861040699e-05,0.0,0.0,8813.89,9177.77,1,1,1,1,8813.89,0.0,0.0,0,1,True,mule,0.2485174822811016,0.0007403305319224,0.1494066215814299,71.42857142857143,NORMAL,False,1.0,True
ACC_01138,10,9,0.9090909090909092,0.0009973598550094,0.0021344680851063,0.0175438596491228,12624.81,27835.65,20,45,9,10,631.2405,432.98391716181504,0.0,1,20,False,normal,0.2296836866458124,0.0287312217927699,0.1493027007045954,71.3860544217687,NORMAL,False,0.0,False
MULE_07_008,1,1,1.0,7.296393212977819e-05,0.0,0.0,8499.8,8607.02,1,1,1,1,8499.8,0.0,0.0,0,1,True,mule,0.2481634664239955,0.0004166478724722,0.1490647390033861,71.34353741496598,NORMAL,False,1.0,True
ACC_00170,14,6,0.4666666666666667,0.0007405101137119,0.0003429787234042,0.0052631578947368,10227.77,23340.71,18,40,6,14,568.2094444444444,355.12315914129954,0.0,1,18,False,normal,0.2339091833695317,0.0215988740694313,0.1489850596494915,71.30102040816327,NORMAL,False,0.0,False
ACC_00056,8,9,1.1111111111111112,0.0001415172472618,0.0016612765957446,0.0,12870.67,2520.1,18,8,9,8,715.0372222222222,432.2910468491659,0.0555555555555555,1,18,False,normal,0.2238252703988235,0.036294643389352,0.1488130195950349,71.25850340136054,NORMAL,False,0.0,False
ACC_01767,11,5,0.5,0.0004258147811978,0.0026587234042553,0.0083333333333333,11622.22,10703.69,18,22,5,11,645.6788888888889,457.9649258839253,0.0555555555555555,1,18,False,normal,0.2253679894708068,0.0338290867286317,0.1487524283739368,71.21598639455783,NORMAL,False,0.0,False
ACC_00163,6,10,1.5714285714285714,0.0002050486405509,0.0023617021276595,0.0083333333333333,21005.24,6311.2,28,11,10,6,750.1871428571428,443.7731268035682,0.0357142857142857,1,28,False,normal,0.2390104857058938,0.0127777992381044,0.148517411118778,71.1734693877551,NORMAL,False,0.0,False
ACC_00841,5,10,1.8333333333333333,0.0002018765589486,0.0035055319148936,0.0095238095238095,6549.13,5250.06,16,14,10,5,409.320625,405.65200783378776,0.0,1,16,False,normal,0.2297188789329459,0.0265568933852245,0.1484540847138573,71.13095238095238,NORMAL,False,0.0,False
ACC_01147,5,6,1.1666666666666667,0.0003206499161007,0.0007863829787234,0.0,18419.17,4722.4,35,9,6,5,526.262,300.9528056102914,0.0571428571428571,1,35,False,normal,0.2275351921754705,0.0296255326249968,0.148371328355281,71.08843537414967,NORMAL,False,0.0,False
ACC_01018,8,6,0.7777777777777778,0.0004144430532325,0.0004315013004732,0.0,18636.78,18039.11,31,26,6,8,601.1864516129032,417.0599655648924,0.0,2,31,False,normal,0.2387124085240902,0.0126331027604251,0.1482806862186242,71.04591836734694,NORMAL,False,1.0,True
ACC_01636,13,7,0.5714285714285714,0.0009957041309564,0.0018161702127659,0.0105263157894736,9242.86,19333.02,20,36,7,13,462.143,306.3510786336487,0.05,1,19,False,normal,0.2346196761249791,0.0187646260894099,0.1482776561107514,71.00340136054422,NORMAL,False,0.0,False
ACC_00867,12,7,0.6153846153846154,0.0008207284850056,0.0005242553191489,0.0058479532163742,15243.81,22432.87,26,31,7,12,586.3003846153846,402.6592379119671,0.0,2,25,False,normal,0.2411320073252479,0.0088932979515406,0.148236523575765,70.96088435374149,NORMAL,False,0.0,False
MULE_00_037,1,1,1.0,7.274527066708646e-05,0.0,0.0,8493.06,8838.03,1,1,1,1,8493.06,0.0,0.0,0,1,True,mule,0.2464634929901963,0.0003919460588583,0.1480348742176611,70.91836734693877,NORMAL,False,1.0,True
ACC_01789,10,11,1.0909090909090908,0.0004892908527195,0.0056510638297872,0.0095238095238095,11896.53,20560.37,28,36,11,10,424.8760714285714,271.88213104264685,0.0,2,28,False,normal,0.2403944212275806,0.0092441365723658,0.1479343073654946,70.87585034013605,NORMAL,False,0.0,False
ACC_01197,3,9,2.5,0.0001248203001903,0.0015855319148936,0.0,12840.7,1008.25,21,3,9,3,611.4619047619047,414.4343148270791,0.0,1,21,False,normal,0.2338503984607641,0.0190437537093531,0.1479277405601997,70.83333333333334,NORMAL,False,0.0,False
MULE_07_005,1,1,1.0,7.310446477091907e-05,0.0,0.0,9168.94,9452.02,1,1,1,1,9168.94,0.0,0.0,0,1,True,mule,0.2453873606500614,0.001373937467606,0.1477819913770793,70.79081632653062,NORMAL,False,1.0,True
MULE_01_006,1,1,1.0,7.277715512059759e-05,0.0,0.0,8476.1,8800.78,1,1,1,1,8476.1,0.0,0.0,0,1,True,mule,0.2459796328295034,0.0003807627637806,0.1477400848032143,70.74829931972789,NORMAL,False,1.0,True
ACC_01622,12,7,0.6153846153846154,0.0009999894294865,0.0016425531914893,0.0058479532163742,8729.4,28686.96,19,55,7,12,459.4421052631579,343.1166446070968,0.0,1,19,False,normal,0.2273043125300816,0.0283071519911684,0.1477054483145163,70.70578231292517,NORMAL,False,0.0,False
ACC_01696,4,6,1.4,0.0004227996627667,0.0,0.0,7022.45,10211.96,19,19,6,4,369.60263157894735,191.6415056482664,0.0526315789473684,1,18,False,normal,0.2372371518616514,0.0130857687425697,0.1475765986140187,70.66326530612244,NORMAL,False,0.0,False
MULE_05_010,1,1,1.0,7.303307184216128e-05,0.0,0.0,8475.08,8784.55,1,1,1,1,8475.08,0.0,0.0,0,1,True,mule,0.2456814547491686,0.0003823609102536,0.1475618172136026,70.62074829931973,NORMAL,False,1.0,True
MULE_00_002,1,1,1.0,7.274340443723688e-05,0.0,0.0,8487.23,8824.43,1,1,1,1,8487.23,0.0,0.0,0,1,True,mule,0.24556565826781,0.0003880337969898,0.1474946084794819,70.578231292517,NORMAL,False,1.0,True
ACC_01436,10,8,0.8181818181818182,0.0008117403092146,0.0023821276595744,0.0130718954248366,7427.81,26429.52,14,45,8,10,530.5578571428572,322.55275077654585,0.0,1,14,False,normal,0.2269603520130574,0.0281233212320252,0.1474255397006446,70.53571428571429,NORMAL,False,0.0,False
ACC_00026,11,8,0.75,0.0010773559411712,0.0070927659574468,0.0,12444.88,22428.12,24,47,8,11,518.5366666666666,314.33403020501544,0.0416666666666666,1,24,False,normal,0.2239539758720223,0.0325446345415211,0.1473902393398218,70.49319727891157,NORMAL,False,0.0,False
MULE_03_053,1,1,1.0,7.26329565264404e-05,0.0,0.0,8929.03,9223.01,1,1,1,1,8929.03,0.0,0.0,0,1,True,mule,0.2449519069696214,0.0009207679793479,0.147339451373512,70.45068027210884,NORMAL,False,1.0,True
ACC_00758,10,6,0.6363636363636364,0.0007275279494984,0.0050978723404255,0.0083333333333333,8674.43,17563.84,22,29,6,10,394.2922727272728,298.5078354548203,0.0,2,22,False,normal,0.2361717252200772,0.0140210771920931,0.1473114660088836,70.40816326530613,NORMAL,False,0.0,False
MULE_06_012,1,1,1.0,7.285959505216657e-05,0.0,0.0,8455.23,8752.31,1,1,1,1,8455.23,0.0,0.0,0,1,True,mule,0.2452071405071618,0.0003682133824196,0.1472715696572649,70.3656462585034,NORMAL,False,1.0,True
ACC_00691,11,10,0.9166666666666666,0.0005318769732189,0.0073261416449921,0.0105263157894736,13718.66,15457.1,26,35,10,11,527.6407692307693,369.3103562579645,0.0,2,26,False,normal,0.2424712986658068,0.0044408224770452,0.1472591081903022,70.32312925170068,NORMAL,False,0.0,False
ACC_01497,3,9,2.5,0.0002808261471585,0.0022127659574468,0.0151515151515151,18225.17,5199.22,32,8,9,3,569.5365625,387.2244647580486,0.0,1,32,False,normal,0.2332905351720122,0.0181005703643213,0.1472145492489358,70.28061224489795,NORMAL,False,0.0,False
ACC_00410,8,9,1.1111111111111112,0.000856222249035,0.0025906382978723,0.0073529411764705,11290.06,19026.55,26,41,9,8,434.2330769230769,290.8905796724154,0.0384615384615384,2,26,False,normal,0.2308063586238305,0.0215493281198967,0.147103546422257,70.23809523809523,NORMAL,False,0.0,False
ACC_01391,12,8,0.6923076923076923,0.0004369929390473,0.009755744680851,0.0052631578947368,13843.38,12310.85,32,23,8,12,432.605625,305.83164393478785,0.0,1,32,False,normal,0.2282201619598098,0.0253681580636002,0.1470793604013259,70.19557823129252,NORMAL,False,0.0,False
MULE_01_041,1,1,1.0,7.287611690083562e-05,0.0,0.0,9221.26,9500.52,1,1,1,1,9221.26,0.0,0.0,0,1,True,mule,0.2439559937879612,0.0014863087234077,0.1469681197621398,70.1530612244898,NORMAL,False,1.0,True
MULE_05_001,1,1,1.0,7.31352275594107e-05,0.0,0.0,9125.38,9382.58,1,1,1,1,9125.38,0.0,0.0,0,1,True,mule,0.2438625558793378,0.0012857430277023,0.1468318307386836,70.11054421768708,NORMAL,False,1.0,True
ACC_01290,10,13,1.2727272727272727,0.0005382740858717,0.0059446552679827,0.0079051383399209,16384.15,13820.78,33,26,13,10,496.489393939394,392.0860998392078,0.0,1,33,False,normal,0.2379691132617048,0.0096802862156086,0.1466535824432663,70.06802721088435,NORMAL,False,0.0,False
MULE_03_022,1,1,1.0,7.263780558275337e-05,0.0,0.0,8872.07,9263.65,1,1,1,1,8872.07,0.0,0.0,0,1,True,mule,0.2437611023815723,0.0008238499493083,0.1465862014086667,70.02551020408163,NORMAL,False,1.0,True
MULE_03_000,1,1,1.0,7.263039239700721e-05,0.0,0.0,8902.65,9201.52,1,1,1,1,8902.65,0.0,0.0,0,1,True,mule,0.2435996604294605,0.0008778918609533,0.1465109530020576,69.98299319727892,NORMAL,False,1.0,True
MULE_07_002,1,1,1.0,7.297219112499602e-05,0.0,0.0,8484.41,8656.68,1,1,1,1,8484.41,0.0,0.0,0,1,True,mule,0.2438086329681992,0.0003996214523685,0.1464450283618669,69.94047619047619,NORMAL,False,1.0,True
MULE_03_025,1,1,1.0,7.262784497200027e-05,0.0,0.0,8912.3,9180.17,1,1,1,1,8912.3,0.0,0.0,0,1,True,mule,0.2431932996565381,0.0008954999602561,0.1462741797780253,69.89795918367348,NORMAL,False,1.0,True
MULE_06_006,1,1,1.0,7.297613856915595e-05,0.0,0.0,9207.22,9520.92,1,1,1,1,9207.22,0.0,0.0,0,1,True,mule,0.2428050692378143,0.0014535105633779,0.1462644457680398,69.85544217687075,NORMAL,False,1.0,True
MULE_07_025,1,1,1.0,7.300389329310757e-05,0.0,0.0,8463.31,8847.3,1,1,1,1,8463.31,0.0,0.0,0,1,True,mule,0.2434765356529395,0.0003681532616445,0.1462331826964215,69.81292517006803,NORMAL,False,1.0,True
ACC_01587,4,9,2.0,0.0002193836807536,0.0008978723404255,0.0128205128205128,17500.31,3553.26,32,7,9,4,546.8846875,435.9148884815696,0.03125,1,32,False,normal,0.2332667866700685,0.0149058533618241,0.1459224133467707,69.7704081632653,NORMAL,False,0.0,False
MULE_05_028,1,1,1.0,7.314200742065116e-05,0.0,0.0,8988.69,9422.27,1,1,1,1,8988.69,0.0,0.0,0,1,True,mule,0.2424911310474543,0.0010149223849675,0.1459006475824596,69.72789115646259,NORMAL,False,1.0,True
MULE_00_045,1,1,1.0,7.282981087927259e-05,0.0,0.0,9169.48,9454.11,1,1,1,1,9169.48,0.0,0.0,0,1,True,mule,0.2420320960953606,0.0013735448710434,0.1457686756056337,69.68537414965986,NORMAL,False,1.0,True
MULE_00_046,1,1,1.0,7.281902242406859e-05,0.0,0.0,9190.26,9375.49,1,1,1,1,9190.26,0.0,0.0,0,1,True,mule,0.2417459214442724,0.0014249305045096,0.1456175250683673,69.64285714285714,NORMAL,False,1.0,True
ACC_01357,11,7,0.6666666666666666,0.0005291821415421,0.0037991489361702,0.0065359477124183,5959.45,16758.49,12,35,7,11,496.6208333333333,361.9348712747874,0.0,1,12,False,normal,0.2230303309380901,0.0294447145722217,0.1455960843917427,69.60034013605441,NORMAL,False,0.0,False
ACC_01989,10,4,0.4545454545454545,0.0003001210678829,0.0011455319148936,0.0,6934.53,10027.72,14,20,4,10,495.3235714285714,239.4001450615569,0.0,1,14,False,normal,0.2241192243882535,0.0274430129294553,0.1454487398047342,69.5578231292517,NORMAL,False,0.0,False
MULE_00_023,1,1,1.0,7.281527898654678e-05,0.0,0.0,9142.18,9348.21,1,1,1,1,9142.18,0.0,0.0,0,1,True,mule,0.2412873227470467,0.001322081451126,0.1453012262286784,69.51530612244898,NORMAL,False,1.0,True
ACC_01959,10,11,1.0909090909090908,0.0005291980640882,0.0019889361702127,0.0047619047619047,20206.63,11410.97,37,26,11,10,546.1251351351351,373.8813323296104,0.0,1,36,False,normal,0.2301922758269191,0.0178703274107428,0.1452634964604486,69.47278911564626,NORMAL,False,0.0,False
ACC_01229,12,8,0.6923076923076923,0.0003773773741806,0.0023685106382978,0.0105263157894736,19345.5,16189.88,28,33,8,12,690.9107142857143,473.0259516718152,0.0,1,28,False,normal,0.2274181670824612,0.0218588331295148,0.1451944335012827,69.43027210884354,NORMAL,False,0.0,False
ACC_00396,13,11,0.8571428571428571,0.0006263460189636,0.0045523404255319,0.0072463768115942,15303.34,19218.77,31,47,11,13,493.6561290322581,277.39485739858765,0.0,1,31,False,normal,0.2271614457672832,0.0222099721882949,0.1451808563356879,69.38775510204081,NORMAL,False,0.0,False
ACC_00618,5,5,1.0,0.0002289975523211,0.003275744680851,0.0,19069.45,5932.96,34,15,5,5,560.8661764705882,332.3477184663468,0.0294117647058823,1,33,False,normal,0.2197371271847108,0.0329483884646481,0.1450216316966857,69.34523809523809,NORMAL,False,0.0,False
ACC_01774,5,9,1.6666666666666667,0.0001621696571095,0.0016161702127659,0.0109890109890109,13987.76,2561.13,27,6,9,5,518.0651851851852,290.2605445692166,0.0,2,26,False,normal,0.2326917061447377,0.0126325947285043,0.1446680615782443,69.30272108843538,NORMAL,False,0.0,False
ACC_01071,13,6,0.5,0.0005990201343789,0.0010570212765957,0.0,8142.4,25390.88,19,45,6,13,428.5473684210526,387.9913921989351,0.0,1,18,False,normal,0.225048482655645,0.0239488196753726,0.1446086174635361,69.26020408163265,NORMAL,False,0.0,False
MULE_07_013,1,1,1.0,7.310319581937835e-05,0.0,0.0,9045.3,9444.39,1,1,1,1,9045.3,0.0,0.0,0,1,True,mule,0.2401672288258362,0.001119710540282,0.1445482215116146,69.21768707482994,NORMAL,False,1.0,True
MULE_01_026,1,1,1.0,7.27831134191105e-05,0.0,0.0,8493.69,8842.91,1,1,1,1,8493.69,0.0,0.0,0,1,True,mule,0.2404472689766146,0.0003922990254636,0.1444252809961542,69.17517006802721,NORMAL,False,1.0,True
ACC_01889,7,5,0.75,0.0004790721949205,1.3617021276595744e-05,0.0151515151515151,14798.94,15118.39,22,25,5,7,672.679090909091,692.7334948346304,0.0,1,22,False,normal,0.1991159414243419,0.0623296617526977,0.1444014295556842,69.13265306122449,NORMAL,False,0.0,False
MULE_01_010,1,1,1.0,7.285905520768113e-05,0.0,0.0,9186.95,9379.88,1,1,1,1,9186.95,0.0,0.0,0,1,True,mule,0.2396679159803154,0.0014174597607308,0.1443677334924815,69.09013605442176,NORMAL,False,1.0,True
MULE_01_034,1,1,1.0,7.276672633036871e-05,0.0,0.0,8559.11,8727.04,1,1,1,1,8559.11,0.0,0.0,0,1,True,mule,0.2400311382533719,0.0004609053523232,0.1442030450929524,69.04761904761905,NORMAL,False,1.0,True
ACC_00390,8,6,0.7777777777777778,0.0008185802552721,3.4042553191489365e-05,0.0109890109890109,6371.94,17351.1,17,31,6,8,374.82,255.60496608536383,0.0588235294117647,1,17,False,normal,0.2301578282909636,0.0152587668354706,0.1441982037087664,69.00510204081633,NORMAL,False,0.0,False
ACC_01484,6,5,0.8571428571428571,0.0003510533736514,0.0012008510638297,0.0363636363636363,10715.29,11755.17,19,32,5,6,563.9626315789474,444.0226383723408,0.0526315789473684,1,19,False,normal,0.2280083669509054,0.0183429135286703,0.1441421855820114,68.9625850340136,NORMAL,False,0.0,False
ACC_00664,8,13,1.5555555555555556,0.0005688600418841,0.003691914893617,0.0047619047619047,12531.59,16793.64,28,36,13,8,447.5567857142857,267.5580931042491,0.0357142857142857,1,28,False,normal,0.2222593849860208,0.0267526703681172,0.1440566991388594,68.92006802721087,NORMAL,False,0.0,False
ACC_00352,5,8,1.5,0.000758391692627,0.000727659574468,0.0256410256410256,13574.81,8439.13,22,15,8,5,617.0368181818181,503.2993500453389,0.0454545454545454,1,22,False,normal,0.2169001848013557,0.0339793925494924,0.1437318679006104,68.87755102040816,NORMAL,False,0.0,False
MULE_00_008,1,1,1.0,7.282120289409138e-05,0.0,0.0,9171.76,9391.38,1,1,1,1,9171.76,0.0,0.0,0,1,True,mule,0.2385956008882004,0.0013829287396698,0.1437105320287881,68.83503401360545,NORMAL,False,1.0,True
MULE_06_033,1,1,1.0,7.297563667737568e-05,0.0,0.0,9115.59,9517.61,1,1,1,1,9115.59,0.0,0.0,0,1,True,mule,0.2386334657950528,0.0012551686752018,0.1436821469471124,68.79251700680273,NORMAL,False,1.0,True
MULE_01_025,1,1,1.0,7.285548843131049e-05,0.0,0.0,9160.81,9354.66,1,1,1,1,9160.81,0.0,0.0,0,1,True,mule,0.2378001069625194,0.0013618916372919,0.1432248208324284,68.75,NORMAL,False,1.0,True
ACC_01764,6,12,1.8571428571428568,0.0002811747159679,0.0018377179891698,0.0,13687.69,3942.45,26,10,12,6,526.4496153846154,414.5780047371618,0.0769230769230769,1,26,False,normal,0.2248241060700049,0.0207479702454154,0.1431936517401691,68.70748299319727,NORMAL,False,0.0,False
ACC_01715,6,4,0.7142857142857143,0.000164567533652,0.0014659574468085,0.0,16425.32,3088.47,24,7,4,6,684.3883333333333,435.1575733462303,0.0416666666666666,1,24,False,normal,0.2187831602876272,0.0295832560482249,0.1431031985918663,68.66496598639455,NORMAL,False,0.0,False
ACC_00413,10,6,0.6363636363636364,0.0010326634696789,6.808510638297873e-06,0.0083333333333333,14624.89,23121.27,26,51,6,10,562.4957692307692,392.35631805972565,0.0384615384615384,1,26,False,normal,0.2214771622366956,0.0253746079970758,0.1430361405408477,68.62244897959184,NORMAL,False,1.0,True
MULE_01_015,1,1,1.0,7.277757515730737e-05,0.0,0.0,8713.14,8803.75,1,1,1,1,8713.14,0.0,0.0,0,1,True,mule,0.2379241967373442,0.0006296686161178,0.1430063854888536,68.57993197278913,NORMAL,False,1.0,True
ACC_01053,7,7,1.0,0.0004900200389818,0.0004553191489361,0.0109890109890109,13059.46,15335.28,22,31,7,7,593.6118181818182,481.835025952485,0.0454545454545454,2,21,False,normal,0.2280728188083341,0.0146948235750512,0.1427216207150209,68.5374149659864,NORMAL,False,0.0,False
MULE_07_000,1,1,1.0,7.298562238665108e-05,0.0,0.0,8576.08,8737.44,1,1,1,1,8576.08,0.0,0.0,0,1,True,mule,0.2375251792846577,0.0004781111116417,0.1427063520154513,68.49489795918367,NORMAL,False,1.0,True
ACC_00834,11,10,0.9166666666666666,0.0007903328744849,0.0057497872340425,0.0142857142857142,14956.87,23742.6,34,43,10,11,439.90794117647056,379.3274576642944,0.0,1,32,False,normal,0.229745561013479,0.0119272903850428,0.1426182527621045,68.45238095238095,NORMAL,False,1.0,True
ACC_01340,8,11,1.3333333333333333,0.0005912780684177,0.0032226154436532,0.0175438596491228,11521.0,23079.03,29,39,11,8,397.2758620689655,201.7719344691151,0.0,1,28,False,normal,0.2166684301257824,0.0314939269694657,0.1425986288632557,68.40986394557824,NORMAL,False,0.0,False
MULE_01_035,1,1,1.0,7.287441836855126e-05,0.0,0.0,9083.9,9488.51,1,1,1,1,9083.9,0.0,0.0,0,1,True,mule,0.2368506302719369,0.0011918224140936,0.1425871071287996,68.36734693877551,NORMAL,False,1.0,True
MULE_06_025,1,1,1.0,7.285531153470655e-05,0.0,0.0,8568.07,8724.06,1,1,1,1,8568.07,0.0,0.0,0,1,True,mule,0.2373180566264653,0.0004704515123972,0.142579014580838,68.32482993197279,NORMAL,False,1.0,True
ACC_01133,7,6,0.875,0.0002815697690846,0.0052782978723404,0.0256410256410256,9821.21,9871.4,16,23,6,7,613.825625,432.04870868871177,0.0,1,16,False,normal,0.22116679817087,0.0245582842700515,0.1425233926105426,68.28231292517006,NORMAL,False,0.0,False
MULE_06_002,1,1,1.0,7.297024323609946e-05,0.0,0.0,9080.71,9482.04,1,1,1,1,9080.71,0.0,0.0,0,1,True,mule,0.2366872923596209,0.0011863275824773,0.1424869064487635,68.23979591836735,NORMAL,False,1.0,True
ACC_00366,11,8,0.75,0.0007301107250636,0.0035761702127659,0.0116959064327485,16218.63,21544.09,30,41,8,11,540.621,353.1684010287053,0.0,2,30,False,normal,0.2307855238969627,0.0095474580332573,0.1422902975514805,68.19727891156462,NORMAL,False,0.0,False
ACC_01697,9,10,1.1,0.0003277262989966,0.0122382978723404,0.0116959064327485,13308.27,7249.81,28,13,10,9,475.29535714285714,311.01367798291494,0.0357142857142857,1,26,False,normal,0.2284650247074843,0.0129469324382635,0.142257787799796,68.15476190476191,NORMAL,False,0.0,False
MULE_05_017,1,1,1.0,7.305311761481351e-05,0.0,0.0,8495.48,8901.9,1,1,1,1,8495.48,0.0,0.0,0,1,True,mule,0.2368300314094827,0.0003907983983557,0.1422543382050319,68.11224489795919,NORMAL,False,1.0,True
MULE_00_020,1,1,1.0,7.282118642735741e-05,0.0,0.0,9114.77,9391.26,1,1,1,1,9114.77,0.0,0.0,0,1,True,mule,0.2357341415577809,0.0012613539741394,0.1419450265243243,68.06972789115646,NORMAL,False,1.0,True
ACC_00421,15,10,0.6875,0.0005883958508512,0.0020382978723404,0.0033333333333333,12034.98,22717.51,23,46,10,15,523.26,356.3637094063006,0.0,1,23,False,normal,0.2148956791881246,0.0324160349123614,0.1419038214778193,68.02721088435374,NORMAL,False,0.0,False
ACC_00994,6,7,1.1428571428571428,0.0002873251880571,0.0002285421907645,0.0,18498.49,8416.039999999999,32,18,7,6,578.0778125,408.58713100646327,0.0,2,32,False,normal,0.229747775736669,0.0100888294969812,0.1418841972407939,67.98469387755102,NORMAL,False,0.0,False
ACC_01787,8,5,0.6666666666666666,0.0004597517948383,7.248539632456402e-05,0.0256410256410256,14959.76,14080.27,27,23,5,8,554.0651851851852,348.9604570100961,0.0,2,27,False,normal,0.2306888351012605,0.0083096265050602,0.1417371516627804,67.9421768707483,NORMAL,False,0.0,False
ACC_00791,6,9,1.4285714285714286,0.0002414779092225,0.0005329808553276,0.0095238095238095,14668.88,6793.41,22,7,9,6,666.7672727272727,415.1713122851683,0.0909090909090909,1,21,False,normal,0.2234139403241414,0.0190163260335945,0.1416548946079227,67.89965986394559,NORMAL,False,0.0,False
ACC_01985,13,5,0.4285714285714285,0.0006581670481443,0.0014468085106382,0.0130718954248366,10385.66,15135.66,27,35,5,13,384.65407407407406,228.7552001806442,0.0,1,25,False,normal,0.2191710287085065,0.0253155890220061,0.1416288528339064,67.85714285714286,NORMAL,False,0.0,False
ACC_01562,12,10,0.8461538461538461,0.0007414448078458,0.0023135632968063,0.0086580086580086,16689.91,20213.12,34,37,10,12,490.87970588235294,388.7389052298533,0.0294117647058823,1,33,False,normal,0.2292090994774495,0.0100840038605551,0.1415590612306917,67.81462585034014,NORMAL,False,1.0,True
ACC_01917,7,4,0.625,0.0005332944842186,6.808510638297873e-05,0.0181818181818181,7398.110000000001,22289.02,14,38,4,7,528.4364285714286,304.3781674321282,0.0,1,14,False,normal,0.2230960735911018,0.0191648940629833,0.1415236017798544,67.77210884353741,NORMAL,False,0.0,False
ACC_00597,5,6,1.1666666666666667,0.00042208818151,0.0004008510638297,0.0,15799.73,10658.37,33,23,6,5,478.77969696969694,295.9984314726689,0.0,2,33,False,normal,0.2222281196087086,0.0201036234114245,0.141378321129795,67.7295918367347,NORMAL,False,0.0,False
ACC_01947,6,5,0.8571428571428571,0.0002833840830991,1.7021276595744682e-06,0.0,14539.5,9896.84,27,15,5,6,538.5,402.3964300002214,0.037037037037037,2,27,False,normal,0.2263104849955597,0.0138844898990334,0.1413400869569492,67.68707482993197,NORMAL,False,0.0,False
ACC_01403,13,9,0.7142857142857143,0.0009080875894669,0.0034042553191489,0.0129870129870129,15255.65,23788.58,30,43,9,13,508.52166666666665,394.2764829150796,0.0,1,29,False,normal,0.2297583304830877,0.0087096341951927,0.1413388519679297,67.64455782312925,NORMAL,False,1.0,True
MULE_06_016,1,1,1.0,7.296395215151835e-05,0.0,0.0,9011.81,9440.55,1,1,1,1,9011.81,0.0,0.0,0,1,True,mule,0.2345504190934804,0.0010555194303601,0.1411524592282322,67.60204081632652,NORMAL,False,1.0,True
MULE_01_012,1,1,1.0,7.287206361729942e-05,0.0,0.0,9088.03,9471.86,1,1,1,1,9088.03,0.0,0.0,0,1,True,mule,0.2344190401260494,0.001201260343038,0.1411319282128449,67.55952380952381,NORMAL,False,1.0,True
MULE_07_026,1,1,1.0,7.307486809776235e-05,0.0,0.0,9108.31,9274.06,1,1,1,1,9108.31,0.0,0.0,0,1,True,mule,0.2342190664299099,0.0012577710203391,0.1410345482660816,67.51700680272108,NORMAL,False,1.0,True
ACC_00759,8,11,1.3333333333333333,0.0003333596561045,0.0026978723404255,0.0116959064327485,16171.7,8082.55,29,18,11,8,557.6448275862069,356.79671059322817,0.0344827586206896,2,29,False,normal,0.2292452203919967,0.0087039956048266,0.1410287304771287,67.47448979591837,NORMAL,False,0.0,False
ACC_00329,10,5,0.5454545454545454,0.0006410626495608,0.0038238178484628,0.0,11805.61,16260.44,24,40,5,10,491.9004166666667,417.4918573064751,0.0,2,24,False,normal,0.2170761040934272,0.0268006996653066,0.140965942322179,67.43197278911565,NORMAL,False,0.0,False
ACC_00989,6,9,1.4285714285714286,0.0006574076941889,0.0037581546070865,0.019047619047619,12448.09,10326.89,27,23,9,6,461.0403703703704,467.4233327055357,0.0,2,27,False,normal,0.2235269330267965,0.016533896539387,0.1407297184318327,67.38945578231292,NORMAL,False,0.0,False
ACC_00926,9,12,1.3,0.0007297385945454,0.0005261587003794,0.0047619047619047,16673.68,23145.06,33,42,12,9,505.2630303030303,290.50913885673253,0.0,1,33,False,normal,0.2111591824378502,0.0347415664710157,0.1405921360511164,67.3469387755102,NORMAL,False,0.0,False
ACC_01647,8,12,1.4444444444444444,0.0007793511201407,0.000263829787234,0.0,15551.87,18591.97,30,36,12,8,518.3956666666667,530.8116652739646,0.0,1,30,False,normal,0.2162727782912799,0.0269039298416525,0.1405252389114289,67.30442176870748,NORMAL,False,0.0,False
MULE_07_037,1,1,1.0,7.300310497983063e-05,0.0,0.0,8510.54,8842.56,1,1,1,1,8510.54,0.0,0.0,0,1,True,mule,0.2336930814976842,0.0004079527605397,0.1403790300028264,67.26190476190477,NORMAL,False,1.0,True
MULE_06_036,1,1,1.0,7.286483686450615e-05,0.0,0.0,8698.01,8786.88,1,1,1,1,8698.01,0.0,0.0,0,1,True,mule,0.2332308499091508,0.0006121969496003,0.1401833887253306,67.21938775510205,NORMAL,False,1.0,True
ACC_01356,8,13,1.5555555555555556,0.0004204327084359,0.0014974630111286,0.0142857142857142,17335.73,12702.41,31,28,13,8,559.2170967741936,276.4837332911716,0.032258064516129,1,29,False,normal,0.2116943804229776,0.032123762675227,0.1398661333238774,67.17687074829932,NORMAL,False,0.0,False
ACC_00598,3,8,2.25,0.0001547582355426,0.0006331914893617,0.0,8940.18,2568.56,23,5,8,3,388.7034782608696,168.54485787061117,0.0,1,23,False,normal,0.2183798753455119,0.0219907004897437,0.1398242054032046,67.1343537414966,NORMAL,False,0.0,False
ACC_01920,7,4,0.625,0.0007250202788072,6.042553191489362e-05,0.0181818181818181,8946.81,23716.21,18,44,4,7,497.045,274.3712642784676,0.0,1,18,False,normal,0.2171184195252595,0.0238746174279722,0.1398208986863446,67.09183673469387,NORMAL,False,0.0,False
ACC_00804,7,10,1.375,0.0005030504492378,0.000143829787234,0.0073529411764705,16893.48,16502.32,27,29,10,7,625.6844444444445,579.8068468254243,0.037037037037037,1,26,False,normal,0.2164967413191682,0.0243109315484225,0.1396224174108699,67.04931972789116,NORMAL,False,0.0,False
ACC_00210,11,9,0.8333333333333334,0.0009591081586781,0.0007148936170212,0.0,14799.01,27142.91,32,57,9,11,462.4690625,347.0623377338519,0.0,1,31,False,normal,0.2128591041129024,0.0296475652783402,0.1395744885790776,67.00680272108843,NORMAL,False,0.0,False
MULE_00_016,1,1,1.0,7.275910135139083e-05,0.0,0.0,8578.15,8938.82,1,1,1,1,8578.15,0.0,0.0,0,1,True,mule,0.2323004112912968,0.0004638865891629,0.1395658014104432,66.96428571428571,NORMAL,False,1.0,True
MULE_00_033,1,1,1.0,7.282001317256227e-05,0.0,0.0,9084.29,9382.71,1,1,1,1,9084.29,0.0,0.0,0,1,True,mule,0.2317501770533119,0.0011995812663296,0.139529938738519,66.921768707483,NORMAL,False,1.0,True
ACC_00974,8,11,1.3333333333333333,0.0004855764107422,0.0014808510638297,0.0116959064327485,11872.67,11478.33,30,29,11,8,395.7556666666667,248.0600569339852,0.0,2,29,False,normal,0.219280473627391,0.0197161516828911,0.139454744849591,66.87925170068027,NORMAL,False,0.0,False
ACC_01333,7,5,0.75,0.000240143438494,0.0050561702127659,0.0,12154.97,12835.66,23,26,5,7,528.4769565217392,442.3208500361247,0.0,2,23,False,normal,0.2084687864928396,0.0357497697859493,0.1393811798100835,66.83673469387756,NORMAL,False,0.0,False
MULE_06_023,1,1,1.0,7.287272005292197e-05,0.0,0.0,8522.07,8838.87,1,1,1,1,8522.07,0.0,0.0,0,1,True,mule,0.2314075916381231,0.0004179131471666,0.1390117202417405,66.79421768707483,NORMAL,False,1.0,True
MULE_00_019,1,1,1.0,7.274978529664906e-05,0.0,0.0,8651.05,8870.93,1,1,1,1,8651.05,0.0,0.0,0,1,True,mule,0.2308340217438464,0.0005482466880117,0.1387197117215126,66.75170068027211,NORMAL,False,1.0,True
MULE_00_042,1,1,1.0,7.282508904330757e-05,0.0,0.0,8985.23,9419.7,1,1,1,1,8985.23,0.0,0.0,0,1,True,mule,0.2304891343278471,0.0010072189537244,0.138696368178198,66.70918367346938,NORMAL,False,1.0,True
ACC_00305,9,11,1.2,0.0003962868859745,0.0022544680851063,0.0,19248.69,13807.32,38,28,11,9,506.5444736842105,342.8370613121851,0.0,1,37,False,normal,0.2170353880848966,0.0210430460216149,0.1386384512595839,66.66666666666666,NORMAL,False,0.0,False
ACC_00972,11,5,0.5,0.0006912820835016,0.0012502127659574,0.0083333333333333,17332.47,17046.6,29,30,5,11,597.6713793103448,542.7628937122422,0.0,1,29,False,normal,0.2130092201294295,0.0270563545968445,0.1386280739163955,66.62414965986395,NORMAL,False,0.0,False
ACC_00914,8,7,0.8888888888888888,0.0001885015694385,0.0018791489361702,0.0095238095238095,8362.64,4641.16,18,17,7,8,464.5911111111111,399.5703545926312,0.0,2,18,False,normal,0.2157405941079255,0.0228026015361216,0.1385653970792039,66.58163265306123,NORMAL,False,0.0,False
ACC_00393,9,4,0.5,0.0007767317900521,0.00176,0.0,12457.25,17402.77,27,35,4,9,461.3796296296296,291.1192610291618,0.0,2,25,False,normal,0.2148779100846358,0.0240195095410669,0.1385345498672082,66.53911564625851,NORMAL,False,1.0,True
MULE_06_014,1,1,1.0,7.294367784640048e-05,0.0,0.0,9108.96,9306.84,1,1,1,1,9108.96,0.0,0.0,0,1,True,mule,0.229998181585765,0.0012560130387277,0.1385013141669501,66.49659863945578,NORMAL,False,1.0,True
ACC_00945,4,5,1.2,9.374373786495796e-05,0.0004263829787234,0.0,14821.37,962.7,21,4,5,4,705.7795238095238,476.0043192606155,0.0,1,21,False,normal,0.2122211661710805,0.0275931652189835,0.1383699657902417,66.45408163265306,NORMAL,False,0.0,False
ACC_01831,8,10,1.2222222222222223,0.0003861758389856,0.0084612765957446,0.0,14231.11,6424.42,33,13,10,8,431.2457575757576,276.82774185888485,0.0303030303030303,1,31,False,normal,0.2199318415945935,0.0156466375075687,0.1382177599597836,66.41156462585033,NORMAL,False,0.0,False
ACC_00610,4,6,1.4,0.0006800616843629,0.0001897872340425,0.0222222222222222,8530.06,18983.85,17,37,6,4,501.7682352941176,297.4903293435623,0.0,1,17,False,normal,0.2085680749963162,0.0326526329647929,0.1382018981837069,66.36904761904762,NORMAL,False,0.0,False
ACC_01683,8,8,1.0,0.0006368573668677,0.0016936170212765,0.0333333333333333,9606.89,22606.87,22,42,8,8,436.6768181818181,256.9953123045959,0.0454545454545454,1,22,False,normal,0.2184637509597614,0.0176259774169136,0.1381286415426223,66.3265306122449,NORMAL,False,1.0,True
MULE_05_019,1,1,1.0,7.307203597289818e-05,0.0,0.0,8595.4,9012.65,1,1,1,1,8595.4,0.0,0.0,0,1,True,mule,0.2294000101443145,0.0004778810672284,0.1378311585134801,66.28401360544217,NORMAL,False,1.0,True
ACC_00815,9,10,1.1,0.000430895336178,0.0021720035816313,0.0175438596491228,10447.3,9096.26,21,20,10,9,497.49047619047616,386.9872591375095,0.1428571428571428,1,21,False,normal,0.2201565975574572,0.0142537161264083,0.1377954449850377,66.24149659863946,NORMAL,False,0.0,False
ACC_01642,8,10,1.2222222222222223,0.0002403889143712,0.0066502127659574,0.0065359477124183,9610.06,4908.12,20,10,10,8,480.503,516.4529626016293,0.0,1,20,False,normal,0.2052624576403521,0.0360561727484072,0.1375799436835741,66.19897959183673,NORMAL,False,0.0,False
ACC_00805,13,12,0.9285714285714286,0.0004975659883962,0.0045651063829787,0.0033333333333333,12225.49,15311.16,21,27,12,13,582.1661904761904,320.3503064845762,0.0,1,21,False,normal,0.211868725153697,0.0259071627783158,0.1374841002035445,66.15646258503402,NORMAL,False,0.0,False
ACC_00213,4,8,1.8,0.0001840094715455,0.0055940425531914,0.0151515151515151,7819.37,4570.59,24,11,8,4,325.8070833333333,262.36606255016994,0.0,1,24,False,normal,0.22208845531304,0.0099710506584037,0.1372414934511855,66.1139455782313,NORMAL,False,0.0,False
ACC_00241,6,6,1.0,0.0001530655378399,0.003315744680851,0.0151515151515151,6660.59,2873.76,17,8,6,6,391.7994117647059,215.9937433257787,0.0,1,17,False,normal,0.2200745128119125,0.0128034226157771,0.1371660767334583,66.07142857142857,NORMAL,False,0.0,False
MULE_05_014,1,1,1.0,7.310369069918865e-05,0.0,0.0,9056.9,9197.96,1,1,1,1,9056.9,0.0,0.0,0,1,True,mule,0.227758059195598,0.0011599656202499,0.1371188217654587,66.02891156462584,NORMAL,False,1.0,True
MULE_07_017,1,1,1.0,7.307992560973523e-05,0.0,0.0,9067.1,9304.47,1,1,1,1,9067.1,0.0,0.0,0,1,True,mule,0.2277115718054543,0.001172115671044,0.1370957893516902,65.98639455782312,NORMAL,False,1.0,True
ACC_00268,11,8,0.75,0.0008785140543115,0.0001863829787234,0.0116959064327485,9547.07,23086.59,16,41,8,11,596.691875,431.90835079090175,0.0,1,16,False,normal,0.2087758475596413,0.0295273279805213,0.1370764397279933,65.9438775510204,NORMAL,False,0.0,False
ACC_00910,5,9,1.6666666666666667,0.0003443499168263,0.0002110638297872,0.0109890109890109,12619.79,12516.89,17,28,9,5,742.3405882352941,526.0579221966744,0.0,1,17,False,normal,0.2013205871940253,0.0406597996715325,0.1370562721850282,65.9013605442177,NORMAL,False,0.0,False
ACC_01698,4,4,1.0,0.0003009563736783,1.7021276595744682e-06,0.0,13564.45,10461.37,31,17,4,4,437.5629032258065,380.16910069242914,0.064516129032258,1,31,False,normal,0.2146566867236659,0.0201743403164422,0.1368637481607764,65.85884353741497,NORMAL,False,0.0,False
ACC_00200,14,9,0.6666666666666666,0.0006212271560276,0.002887659574468,0.0079051383399209,9431.74,19208.14,19,45,9,14,496.40736842105264,268.9423369597221,0.0,1,19,False,normal,0.2086436658592367,0.0288198833864314,0.1367141528701145,65.81632653061224,NORMAL,False,0.0,False
MULE_01_000,1,1,1.0,7.27827980380119e-05,0.0,0.0,8658.84,8840.68,1,1,1,1,8658.84,0.0,0.0,0,1,True,mule,0.2273548864954005,0.0005598459962807,0.1366368702957526,65.77380952380952,NORMAL,False,1.0,True
ACC_00721,12,10,0.8461538461538461,0.0004379849847579,0.0030553191489361,0.0086580086580086,12025.62,13721.16,18,26,10,12,668.09,447.6838210822718,0.0,1,18,False,normal,0.2047595513757479,0.0337151907217949,0.1363418071141667,65.7312925170068,NORMAL,False,0.0,False
MULE_07_021,1,1,1.0,7.306105432122606e-05,0.0,0.0,9058.81,9191.0,1,1,1,1,9058.81,0.0,0.0,0,1,True,mule,0.2264518361782601,0.0011640247973387,0.1363367116258916,65.68877551020408,NORMAL,False,1.0,True
ACC_00546,13,8,0.6428571428571429,0.0005489255233474,0.0058337952500746,0.0095238095238095,11634.57,11780.04,22,22,8,13,528.8440909090909,447.8204735920209,0.0454545454545454,1,22,False,normal,0.2102144238492376,0.025376298450327,0.1362791736896734,65.64625850340136,NORMAL,False,0.0,False
ACC_00184,13,7,0.5714285714285714,0.001024050039456,0.0023621711508122,0.0105263157894736,12782.55,22949.67,24,47,7,13,532.6062499999999,291.5397205664003,0.0,1,24,False,normal,0.2146439169054088,0.0185572695166113,0.1362092579498898,65.60374149659864,NORMAL,False,0.0,False
MULE_01_008,1,1,1.0,7.284677231601613e-05,0.0,0.0,9096.14,9293.03,1,1,1,1,9096.14,0.0,0.0,0,1,True,mule,0.2260577846175571,0.0012301828676383,0.1361267439175896,65.56122448979592,NORMAL,False,1.0,True
ACC_00428,10,11,1.0909090909090908,0.0004676942121821,0.0004442553191489,0.0142857142857142,15085.23,14328.45,29,34,11,10,520.1803448275862,343.8780967091469,0.0344827586206896,2,28,False,normal,0.2153128307913626,0.0172614695716266,0.1360922863034682,65.5187074829932,NORMAL,False,0.0,False
ACC_00115,7,5,0.75,0.0003207200542057,0.0036093617021276,0.0303030303030303,7268.41,9038.38,19,15,5,7,382.5478947368421,204.3214735432309,0.0,1,19,False,normal,0.2207545251399487,0.0089260613488273,0.1360231396235002,65.47619047619048,NORMAL,False,1.0,True
ACC_00225,11,6,0.5833333333333334,0.0006243462224912,0.0036697872340425,0.0294117647058823,11724.95,14834.84,23,35,6,11,509.7804347826087,501.8677693873182,0.0,1,22,False,normal,0.2124728698532537,0.021261145660922,0.135988180176321,65.43367346938776,NORMAL,False,0.0,False
MULE_06_031,1,1,1.0,7.295576418893989e-05,0.0,0.0,8977.26,9386.55,1,1,1,1,8977.26,0.0,0.0,0,1,True,mule,0.2259520960151897,0.0009956728319084,0.1359695267418772,65.39115646258503,NORMAL,False,1.0,True
ACC_00615,12,5,0.4615384615384615,0.0007055971677391,0.0028687161557156,0.0,15864.47,18488.76,32,40,5,12,495.7646875,335.6877537715031,0.0,1,32,False,normal,0.2093295312304126,0.0258670402052862,0.135944534820362,65.3486394557823,NORMAL,False,0.0,False
ACC_00924,6,5,0.8571428571428571,0.0001647295299935,0.0035159681064256,0.0363636363636363,10391.59,3139.12,22,9,5,6,472.345,311.64174820808347,0.0,1,22,False,normal,0.2190169610046444,0.0113215603634123,0.1359388007481515,65.3061224489796,NORMAL,False,0.0,False
ACC_01552,5,4,0.8333333333333334,0.0001361344070091,5.106382978723404e-06,0.0,15625.92,2792.8,22,5,4,5,710.2690909090909,448.43049454428217,0.0,1,22,False,normal,0.2083454946090084,0.0270573977895969,0.1358302558812438,65.26360544217688,NORMAL,False,0.0,False
MULE_06_035,1,1,1.0,7.295661027840634e-05,0.0,0.0,8953.1,9392.13,1,1,1,1,8953.1,0.0,0.0,0,1,True,mule,0.2255831244288029,0.0009523420434918,0.1357308114746785,65.22108843537416,NORMAL,False,1.0,True
ACC_00738,8,12,1.4444444444444444,0.0005948797629519,0.0004714893617021,0.0210526315789473,17903.74,13215.87,26,29,12,8,688.6053846153847,438.00265141873984,0.0,1,25,False,normal,0.2104156106321664,0.0232685198995329,0.135556774339113,65.17857142857143,NORMAL,False,0.0,False
MULE_05_024,1,1,1.0,7.307429080203333e-05,0.0,0.0,8678.54,9025.85,1,1,1,1,8678.54,0.0,0.0,0,1,True,mule,0.2255455463752073,0.0005709934832309,0.1355557252184167,65.1360544217687,NORMAL,False,1.0,True
ACC_00141,3,11,3.0,0.0002757969098887,0.0003165957446808,0.0,10312.66,5306.24,21,11,11,3,491.0790476190476,314.26761713394467,0.0,1,21,False,normal,0.2083433381020409,0.0262492110667579,0.1355056872879277,65.09353741496598,NORMAL,False,0.0,False
ACC_01444,3,3,1.0,0.0001655790126057,0.0,0.0,12492.6,6021.17,23,13,3,3,543.1565217391304,342.30902527884325,0.0434782608695652,1,22,False,normal,0.2148051175636955,0.0165307833085026,0.1354953838616184,65.05102040816327,NORMAL,False,0.0,False
ACC_01273,7,9,1.25,0.0001658579284252,0.0071914040847652,0.0,9157.68,5315.23,21,10,9,7,436.08,446.6641357328793,0.0476190476190476,1,21,False,normal,0.2101376319482382,0.0231258691715448,0.1353329268375609,65.00850340136054,NORMAL,False,0.0,False
ACC_00735,8,9,1.1111111111111112,0.0004505269812828,0.0061378723404255,0.0073529411764705,6648.01,10859.64,19,30,9,8,349.8952631578948,386.1849363879726,0.0526315789473684,1,18,False,normal,0.2167688155887141,0.013092027749147,0.1352981004528873,64.96598639455783,NORMAL,False,0.0,False
MULE_06_009,1,1,1.0,7.287269427600274e-05,0.0,0.0,8608.13,8838.7,1,1,1,1,8608.13,0.0,0.0,0,1,True,mule,0.2250525683354983,0.0005032460250494,0.1352328394113187,64.9234693877551,NORMAL,False,1.0,True
ACC_00869,5,5,1.0,0.0002305561268431,0.0002902127659574,0.0444444444444444,9900.93,4813.900000000001,22,11,5,5,450.0422727272728,215.4160016148559,0.0,1,21,False,normal,0.2195228753879304,0.0087873185183875,0.1352286526401133,64.88095238095238,NORMAL,False,0.0,False
MULE_00_015,1,1,1.0,7.27983292283835e-05,0.0,0.0,9071.23,9224.69,1,1,1,1,9071.23,0.0,0.0,0,1,True,mule,0.2242352637516137,0.0011847279738354,0.1350150494405023,64.83843537414967,NORMAL,False,1.0,True
MULE_06_020,1,1,1.0,7.288598606858843e-05,0.0,0.0,8716.08,8926.36,1,1,1,1,8716.08,0.0,0.0,0,1,True,mule,0.2243199797714077,0.0006244611701982,0.1348417723309239,64.79591836734694,NORMAL,False,1.0,True
MULE_07_015,1,1,1.0,7.301047254906442e-05,0.0,0.0,8596.99,8886.86,1,1,1,1,8596.99,0.0,0.0,0,1,True,mule,0.2238935130803329,0.0004884090797417,0.1345314714800964,64.75340136054422,NORMAL,False,1.0,True
MULE_06_043,1,1,1.0,7.288482610722314e-05,0.0,0.0,8675.66,8918.71,1,1,1,1,8675.66,0.0,0.0,0,1,True,mule,0.2238185982833657,0.0005744831523683,0.1345209522309668,64.71088435374149,NORMAL,False,1.0,True
ACC_00645,4,8,1.8,0.0004632395965808,0.0013412765957446,0.0,9522.5,10439.65,19,15,8,4,501.1842105263158,342.5325746280002,0.0,2,19,False,normal,0.2145287164926604,0.0143725782628223,0.1344662612007252,64.66836734693877,NORMAL,False,0.0,False
MULE_06_007,1,1,1.0,7.288900651700625e-05,0.0,0.0,8687.98,8946.28,1,1,1,1,8687.98,0.0,0.0,0,1,True,mule,0.2236683645638376,0.0005874939605275,0.1344360163225136,64.62585034013605,NORMAL,False,1.0,True
ACC_01494,6,12,1.8571428571428568,0.0004393057038724,0.0041947725237709,0.0,9096.66,14318.49,24,33,12,6,379.0275,212.08365991319064,0.0,1,24,False,normal,0.2047315763378412,0.0289262521259008,0.1344094466530651,64.58333333333334,NORMAL,False,0.0,False
ACC_01862,6,4,0.7142857142857143,0.0006487705862633,0.0006059574468085,0.0,18195.56,14275.03,30,23,4,6,606.5186666666666,427.315231736505,0.0333333333333333,1,30,False,normal,0.2078432763742523,0.023918322588675,0.1342732948600214,64.54081632653062,NORMAL,False,0.0,False
ACC_00030,8,13,1.5555555555555556,0.0005971580739001,0.0028765957446808,0.0095238095238095,15488.31,17581.91,32,38,13,8,484.0096875,370.97942392714793,0.0,1,32,False,normal,0.208090645882447,0.0233795820065124,0.1342062203320731,64.49829931972789,NORMAL,False,0.0,False
MULE_07_019,1,1,1.0,7.302603425229702e-05,0.0,0.0,8701.7,8980.43,1,1,1,1,8701.7,0.0,0.0,0,1,True,mule,0.2231276899756812,0.0006027452477831,0.1341177120845219,64.45578231292517,NORMAL,False,1.0,True
ACC_01605,11,5,0.5,0.0008789135680096,0.0008041615145183,0.0166666666666666,13206.37,27409.45,27,56,5,11,489.1248148148149,348.25723520420905,0.0,1,25,False,normal,0.205011814761963,0.0276409334887596,0.1340634622526817,64.41326530612244,NORMAL,False,0.0,False
ACC_00613,11,5,0.5,0.0008090523496661,0.0004297872340425,0.0,11091.91,22548.98,21,45,5,11,528.1861904761905,462.77791426856345,0.0476190476190476,1,21,False,normal,0.2087621401554118,0.0217351258124388,0.1339513344182226,64.37074829931973,NORMAL,False,1.0,True
MULE_07_032,1,1,1.0,7.308715846720649e-05,0.0,0.0,8968.22,9347.96,1,1,1,1,8968.22,0.0,0.0,0,1,True,mule,0.2225404044076354,0.0009827491296239,0.1339173422964308,64.328231292517,NORMAL,False,1.0,True
MULE_07_018,1,1,1.0,7.301991068798127e-05,0.0,0.0,8821.91,8943.61,1,1,1,1,8821.91,0.0,0.0,0,1,True,mule,0.2225762281527776,0.0007715962247165,0.1338543753815532,64.28571428571429,NORMAL,False,1.0,True
ACC_00137,8,9,1.1111111111111112,0.0002641441946492,0.0085965957446808,0.0147058823529411,18443.68,7964.91,32,12,9,8,576.365,360.6248144003548,0.0,1,31,False,normal,0.2099789317846225,0.0194788738197669,0.1337789085986802,64.24319727891157,NORMAL,False,0.0,False
ACC_01472,6,9,1.4285714285714286,0.0003619198286118,0.0068629787234042,0.0,8268.21,14729.71,16,30,9,6,516.763125,449.1833293688855,0.0,1,16,False,normal,0.1979766182605479,0.0372751202848677,0.1336960190702758,64.20068027210884,NORMAL,False,0.0,False
MULE_05_005,1,1,1.0,7.304984811256755e-05,0.0,0.0,8638.82,8882.76,1,1,1,1,8638.82,0.0,0.0,0,1,True,mule,0.2222712177057948,0.0005347568877596,0.1335766333785807,64.15816326530613,NORMAL,False,1.0,True
MULE_07_034,1,1,1.0,7.301939845066209e-05,0.0,0.0,8644.49,8940.53,1,1,1,1,8644.49,0.0,0.0,0,1,True,mule,0.221960738781257,0.0005367589087887,0.1333911468322697,64.1156462585034,NORMAL,False,1.0,True
MULE_06_015,1,1,1.0,7.287871849365536e-05,0.0,0.0,8773.49,8878.43,1,1,1,1,8773.49,0.0,0.0,0,1,True,mule,0.2217678168322858,0.0007055645316471,0.1333429159120303,64.07312925170068,NORMAL,False,1.0,True
ACC_00506,11,6,0.5833333333333334,0.0010695716143054,0.0023208510638297,0.0,9701.15,24072.55,22,53,6,11,440.9613636363636,328.4981215180828,0.0,1,22,False,normal,0.2006324873926516,0.0323604076279457,0.1333236554867692,64.03061224489795,NORMAL,False,0.0,False
MULE_06_024,1,1,1.0,7.287610895965582e-05,0.0,0.0,8670.66,8861.22,1,1,1,1,8670.66,0.0,0.0,0,1,True,mule,0.2216992245708725,0.0005727889109253,0.1332486503068936,63.988095238095234,NORMAL,False,1.0,True
ACC_00452,9,5,0.6,0.0005676399465901,0.0003106382978723,0.0,5475.39,14129.48,13,29,5,9,421.18384615384616,246.7593274676921,0.0,1,13,False,normal,0.2106412194326508,0.0171442181690952,0.1332424189272286,63.94557823129252,NORMAL,False,0.0,False
ACC_01515,7,13,1.75,0.0003930510348175,0.0037795744680851,0.0052631578947368,13346.01,15254.98,30,32,13,7,444.867,304.09711137375524,0.0333333333333333,1,29,False,normal,0.2071874507408594,0.0221843070787592,0.1331861932760193,63.9030612244898,NORMAL,False,0.0,False
MULE_06_039,1,1,1.0,7.288337501829952e-05,0.0,0.0,8806.93,8909.14,1,1,1,1,8806.93,0.0,0.0,0,1,True,mule,0.2214594276589862,0.0007513143283424,0.1331761823267287,63.86054421768708,NORMAL,False,1.0,True
MULE_05_026,1,1,1.0,7.308249530531826e-05,0.0,0.0,8714.76,9073.88,1,1,1,1,8714.76,0.0,0.0,0,1,True,mule,0.2214963870106808,0.0006128405644817,0.1331429684322012,63.81802721088435,NORMAL,False,1.0,True
MULE_05_037,1,1,1.0,7.308232960954092e-05,0.0,0.0,8644.03,9072.91,1,1,1,1,8644.03,0.0,0.0,0,1,True,mule,0.2215473825548084,0.0005269931217679,0.1331392267815922,63.775510204081634,NORMAL,False,1.0,True
ACC_00043,10,4,0.4545454545454545,0.0006006559110845,0.0001753191489361,0.0,18252.59,17153.7,28,32,4,10,651.8782142857143,478.569133626121,0.0,1,27,False,normal,0.2079289676981894,0.0208724566018921,0.1331063632596705,63.73299319727891,NORMAL,False,1.0,True
MULE_06_000,1,1,1.0,7.290106556633708e-05,0.0,0.0,8617.7,9025.81,1,1,1,1,8617.7,0.0,0.0,0,1,True,mule,0.2213762395395814,0.0005000030185899,0.1330257449311848,63.69047619047619,NORMAL,False,1.0,True
ACC_01681,5,8,1.5,0.0001478699046573,0.0056188973692064,0.0256410256410256,13450.74,2566.04,28,7,8,5,480.3835714285714,383.83742646743406,0.0,1,27,False,normal,0.2129038548214512,0.0131075516652574,0.1329853335589737,63.64795918367348,NORMAL,False,0.0,False
ACC_00806,5,11,2.0,0.0002292103288222,0.0008697872340425,0.0083333333333333,19452.81,4762.16,28,12,11,5,694.7432142857143,442.684469270981,0.0,1,27,False,normal,0.2117629711085868,0.0147973728227393,0.1329767317942478,63.60544217687075,NORMAL,False,0.0,False
ACC_01100,8,6,0.7777777777777778,0.0007563797621517,0.0020355604826674,0.0,8219.01,16168.18,16,34,6,8,513.688125,371.6500813797615,0.0625,1,15,False,normal,0.206737341792967,0.0221562946678784,0.1329049229429315,63.56292517006803,NORMAL,False,0.0,False
ACC_00769,10,9,0.9090909090909092,0.0008607713854823,0.0013259574468085,0.0058479532163742,17665.15,22935.42,33,44,9,10,535.3075757575758,390.4929003838475,0.0303030303030303,1,33,False,normal,0.2116936092406535,0.0141782451248286,0.1326874635943235,63.52040816326531,NORMAL,False,1.0,True
MULE_05_009,1,1,1.0,7.310832334813904e-05,0.0,0.0,8992.84,9225.08,1,1,1,1,8992.84,0.0,0.0,0,1,True,mule,0.2204517114595221,0.0010361716960061,0.1326854955541157,63.47789115646258,NORMAL,False,1.0,True
ACC_00287,4,9,2.0,0.0004052884664555,9.53191489361702e-05,0.0128205128205128,12015.29,10897.8,26,17,9,4,462.1265384615385,334.5439960536409,0.0,2,25,False,normal,0.2150014886272909,0.0087373823226169,0.1324958461054213,63.43537414965986,NORMAL,False,0.0,False
MULE_01_002,1,1,1.0,7.27961939562446e-05,0.0,0.0,8834.48,8935.4,1,1,1,1,8834.48,0.0,0.0,0,1,True,mule,0.2202457721060583,0.0007901305579664,0.1324635154868216,63.39285714285714,NORMAL,False,1.0,True
MULE_05_027,1,1,1.0,7.306409794942013e-05,0.0,0.0,8792.55,8966.18,1,1,1,1,8792.55,0.0,0.0,0,1,True,mule,0.2202575478026477,0.0007268457890553,0.1324452669972107,63.35034013605442,NORMAL,False,1.0,True
ACC_00702,11,5,0.5,0.0008957751608803,0.0016187234042553,0.0166666666666666,15157.36,17870.95,23,39,5,11,659.015652173913,479.73925015978574,0.0,1,23,False,normal,0.2045227220516502,0.0239593506124542,0.1322973734759718,63.30782312925171,NORMAL,False,0.0,False
ACC_00683,8,9,1.1111111111111112,0.0008748249700434,0.0012468085106382,0.0,16876.73,14636.83,32,26,9,8,527.3978125,315.6284068917055,0.0,2,32,False,normal,0.2060317305450019,0.021148056583331,0.1320782609603335,63.26530612244898,NORMAL,False,0.0,False
MULE_06_042,1,1,1.0,7.291943692830015e-05,0.0,0.0,8731.43,9146.97,1,1,1,1,8731.43,0.0,0.0,0,1,True,mule,0.2196815244018025,0.000628575563095,0.1320603448663195,63.22278911564626,NORMAL,False,1.0,True
MULE_05_029,1,1,1.0,7.312251168965157e-05,0.0,0.0,8910.79,9308.14,1,1,1,1,8910.79,0.0,0.0,0,1,True,mule,0.2194239515234543,0.000886404103755,0.1320089325555746,63.18027210884354,NORMAL,False,1.0,True
MULE_06_005,1,1,1.0,7.291694263229246e-05,0.0,0.0,8736.7,9130.52,1,1,1,1,8736.7,0.0,0.0,0,1,True,mule,0.2194943314437,0.0006366816566377,0.1319512715288751,63.13775510204081,NORMAL,False,1.0,True
ACC_01853,4,5,1.2,0.0001711583424398,0.0004697872340425,0.0,8309.720000000001,3890.27,14,8,5,4,593.5514285714287,473.5154128408095,0.0,1,14,False,normal,0.1947208561185505,0.0377716775246739,0.1319411846809999,63.095238095238095,NORMAL,False,0.0,False
ACC_01547,8,7,0.8888888888888888,0.0006134340894272,0.0002510638297872,0.019047619047619,15149.15,15454.16,29,22,7,8,522.3844827586207,252.8227857411224,0.0344827586206896,2,27,False,normal,0.2116545652905878,0.0121077727763966,0.1318358482849113,63.05272108843537,NORMAL,False,0.0,False
ACC_00893,13,9,0.7142857142857143,0.0005518123846988,0.0068595744680851,0.0086580086580086,16136.54,19610.64,29,41,9,13,556.4324137931035,375.2720797506712,0.0,1,29,False,normal,0.2124344352779177,0.0105961869073368,0.1316991359296854,63.01020408163265,NORMAL,False,0.0,False
ACC_01581,9,4,0.5,0.0004190641783509,0.0006161702127659,0.0256410256410256,9114.99,12038.27,16,20,4,9,569.686875,430.8476029056948,0.0,1,16,False,normal,0.2044113911263984,0.0224709268843594,0.1316352054295828,62.96768707482994,NORMAL,False,0.0,False
ACC_00344,8,11,1.3333333333333333,0.000448580433924,0.0003710638297872,0.0058479532163742,7698.07,14316.54,20,33,11,8,384.9035,191.55922432487395,0.0,1,20,False,normal,0.1925004636975785,0.0397774267968705,0.1314112489372953,62.925170068027214,NORMAL,False,0.0,False
MULE_01_037,1,1,1.0,7.28087568723828e-05,0.0,0.0,8654.09,9024.23,1,1,1,1,8654.09,0.0,0.0,0,1,True,mule,0.2186567688322461,0.0005407449127216,0.1314103592644363,62.88265306122449,NORMAL,False,1.0,True
MULE_01_027,1,1,1.0,7.284679352999138e-05,0.0,0.0,9035.46,9293.18,1,1,1,1,9035.46,0.0,0.0,0,1,True,mule,0.2182573772122885,0.0011099673537744,0.1313984132688829,62.84013605442177,NORMAL,False,1.0,True
ACC_00028,4,7,1.6,0.000245682625804,0.0003191489361702,0.0,16539.5,3108.37,35,5,7,4,472.5571428571429,341.36392170898466,0.0,1,35,False,normal,0.201875191209462,0.0253627613714127,0.1312702192742423,62.79761904761904,NORMAL,False,0.0,False
MULE_05_032,1,1,1.0,7.31174366158936e-05,0.0,0.0,8879.31,9278.43,1,1,1,1,8879.31,0.0,0.0,0,1,True,mule,0.2181728928828707,0.000836785217349,0.131238449816662,62.755102040816325,NORMAL,False,1.0,True
MULE_01_043,1,1,1.0,7.280093881537369e-05,0.0,0.0,8763.25,8968.95,1,1,1,1,8763.25,0.0,0.0,0,1,True,mule,0.2181721342163985,0.0006838966706642,0.1311768391981048,62.7125850340136,NORMAL,False,1.0,True
ACC_01120,3,10,2.75,0.0003323925246675,0.0001671427962307,0.0,8455.56,7706.84,18,15,10,3,469.7533333333333,290.0775085670562,0.0,1,18,False,normal,0.2010315823150365,0.0263740621501926,0.131168574249099,62.67006802721088,NORMAL,False,0.0,False
MULE_00_038,1,1,1.0,7.280379892851619e-05,0.0,0.0,9040.57,9264.55,1,1,1,1,9040.57,0.0,0.0,0,1,True,mule,0.2177533305976958,0.0011216572695703,0.1311006612664456,62.62755102040817,NORMAL,False,1.0,True
ACC_01452,14,11,0.8,0.0005917139325381,0.0025753191489361,0.0066666666666666,12793.01,22295.83,25,41,11,14,511.7204,290.8984651254339,0.0,1,25,False,normal,0.2008424611439235,0.0262047422413173,0.130987373582881,62.58503401360544,NORMAL,False,0.0,False
ACC_01499,7,6,0.875,0.0002950989367153,0.0014791489361702,0.0384615384615384,15580.54,5928.69,34,16,6,7,458.2511764705882,328.2415345236687,0.0,1,33,False,normal,0.2042165835574575,0.0210169489607553,0.1309367297187766,62.542517006802726,NORMAL,False,0.0,False
ACC_01624,7,3,0.5,0.0002881508830048,9.617021276595744e-05,0.0,15470.36,7057.89,25,11,3,7,618.8144,502.8263232144209,0.0,1,23,False,normal,0.1923854921635687,0.0385596317647118,0.1308551480040259,62.5,NORMAL,False,0.0,False
ACC_01768,4,5,1.2,0.0001094021578013,0.0029455319148936,0.0,8155.96,1225.15,19,4,5,4,429.2610526315789,337.8134603412352,0.0,1,19,False,normal,0.2055896935226069,0.0186450601855946,0.1308118401878019,62.45748299319728,NORMAL,False,0.0,False
ACC_01612,10,9,0.9090909090909092,0.0004383206117946,0.004515744680851,0.023391812865497,15921.9,19277.85,27,27,9,10,589.6999999999999,536.5470641052843,0.0,1,26,False,normal,0.2055874858936654,0.0185779106684585,0.1307836558035826,62.41496598639456,NORMAL,False,0.0,False
ACC_01836,13,7,0.5714285714285714,0.000665862104412,0.0047480851063829,0.0052631578947368,14669.42,21314.56,31,49,7,13,473.20709677419353,328.1627292588597,0.0,1,29,False,normal,0.2030191113453175,0.0220544032557821,0.1306332281095033,62.37244897959183,NORMAL,False,0.0,False
ACC_00944,10,10,1.0,0.000364406906347,0.0044864196478062,0.0105263157894736,19416.56,17214.920000000002,30,37,10,10,647.2186666666668,469.24457778164174,0.0,1,29,False,normal,0.2083377834039953,0.0139288178274358,0.1305741971733715,62.32993197278912,NORMAL,False,0.0,False
ACC_00581,12,7,0.6153846153846154,0.0009599239263584,0.004211914893617,0.0175438596491228,9965.92,22275.55,22,42,7,12,452.9963636363637,298.2837840290997,0.0,1,21,False,normal,0.2084539616855369,0.0135991273000215,0.1305120279313308,62.2874149659864,NORMAL,False,0.0,False
MULE_05_015,1,1,1.0,7.308147892400356e-05,0.0,0.0,8742.46,9067.93,1,1,1,1,8742.46,0.0,0.0,0,1,True,mule,0.2170687752480399,0.0006496342769171,0.1305011188595908,62.24489795918368,NORMAL,False,1.0,True
ACC_01628,7,12,1.625,0.0003113523183842,0.0013429787234042,0.0350877192982456,13070.07,9739.43,29,18,12,7,450.6920689655173,414.1878557609484,0.0,1,29,False,normal,0.2029213877312816,0.0218186279796291,0.1304802838306206,62.20238095238096,NORMAL,False,0.0,False
MULE_00_028,1,1,1.0,7.277220338271718e-05,0.0,0.0,8790.19,9034.3,1,1,1,1,8790.19,0.0,0.0,0,1,True,mule,0.2168622011077709,0.0007168452503608,0.1304040587648068,62.15986394557823,NORMAL,False,1.0,True
ACC_00114,11,10,0.9166666666666666,0.0008856235554936,0.0026382978723404,0.0047619047619047,12821.49,26471.18,31,49,10,11,413.5964516129032,281.8494782745853,0.0,1,31,False,normal,0.2018242227674703,0.0232677650221564,0.1304016396693448,62.11734693877551,NORMAL,False,0.0,False
MULE_07_006,1,1,1.0,7.304962211560236e-05,0.0,0.0,9003.19,9122.26,1,1,1,1,9003.19,0.0,0.0,0,1,True,mule,0.2166048061917373,0.0010626917155603,0.1303879604012665,62.07482993197279,NORMAL,False,1.0,True
ACC_01634,7,8,1.125,0.0004284834139668,0.0024331914893617,0.0095238095238095,20681.43,12231.89,33,23,8,7,626.71,516.6378107412387,0.0,1,33,False,normal,0.2071390981760907,0.0152468707094591,0.1303822071894381,62.03231292517006,NORMAL,False,0.0,False
ACC_01897,12,5,0.4615384615384615,0.0005803733274155,5.106382978723405e-05,0.0073529411764705,13091.11,13665.95,20,29,5,12,654.5555,385.45360421845845,0.05,1,20,False,normal,0.2040866185007909,0.0197367664255761,0.130346677670705,61.98979591836735,NORMAL,False,0.0,False
ACC_01165,12,5,0.4615384615384615,0.0009815722691231,0.0008595744680851,0.0073529411764705,15400.67,22503.68,28,47,5,12,550.0239285714285,385.4816137070832,0.0,1,27,False,normal,0.2036686272028842,0.0203490484627798,0.1303407957068424,61.94727891156463,NORMAL,False,0.0,False
ACC_01877,4,8,1.8,0.0003188028374921,9.551016927471966e-05,0.0,15276.71,8030.82,30,12,8,4,509.2236666666667,363.3770755724819,0.0,2,29,False,normal,0.2119640529924482,0.0079016047113861,0.1303390736800234,61.90476190476191,NORMAL,False,0.0,False
ACC_01720,6,11,1.7142857142857142,0.0001609771125384,0.0006987234042553,0.0147058823529411,10107.76,4841.99,17,10,11,6,594.5741176470589,362.3137860691135,0.0,1,16,False,normal,0.1915746470696372,0.0383929740383412,0.1303019778571188,61.86224489795919,NORMAL,False,1.0,True
ACC_00510,5,11,2.0,0.0003049800629448,0.0019784249349763,0.0,8347.99,11600.41,17,20,11,5,491.0582352941177,347.55512658489323,0.0588235294117647,1,17,False,normal,0.1983966944216074,0.0280697382685105,0.1302659119603686,61.81972789115646,NORMAL,False,0.0,False
ACC_01684,6,13,2.0,0.0002128381620248,0.0063097872340425,0.0058479532163742,11848.11,7901.6,26,16,13,6,455.69653846153847,293.5799364935187,0.0,1,25,False,normal,0.2077025983236844,0.0139733483389482,0.1302108983297899,61.77721088435374,NORMAL,False,0.0,False
ACC_00474,7,10,1.375,0.0006172754393873,0.0059727659574468,0.0,9971.19,14817.8,18,25,10,7,553.955,342.88906290776424,0.0555555555555555,1,18,False,normal,0.205864135283465,0.0165856949096115,0.1301527591339236,61.73469387755102,NORMAL,False,0.0,False
MULE_00_012,1,1,1.0,7.279490963662971e-05,0.0,0.0,9023.15,9199.77,1,1,1,1,9023.15,0.0,0.0,0,1,True,mule,0.2161761444198002,0.0010930259062514,0.1301428970143807,61.69217687074829,NORMAL,False,1.0,True
ACC_01939,15,8,0.5625,0.000657612931066,0.0004910638297872,0.0039525691699604,13207.72,18977.56,30,36,8,15,440.25733333333335,321.7159915947855,0.0,1,29,False,normal,0.1975508610618515,0.0290215301915912,0.1301391287137474,61.64965986394558,NORMAL,False,0.0,False
ACC_01234,4,8,1.8,0.0003449530643103,0.000562827783226,0.0,9744.93,8889.59,20,15,8,4,487.2465,376.1994894548006,0.0,2,20,False,normal,0.2094645264339624,0.0110497223154105,0.1300986047865417,61.60714285714286,NORMAL,False,1.0,True
ACC_01702,9,7,0.8,0.0006519855925689,0.0025386944100967,0.0,8855.52,16320.03,20,29,7,9,442.776,317.9702376075638,0.05,2,20,False,normal,0.2117384687463041,0.0075768707891847,0.1300738295634563,61.564625850340136,NORMAL,False,0.0,False
MULE_06_026,1,1,1.0,7.293878326432579e-05,0.0,0.0,8815.43,9274.56,1,1,1,1,8815.43,0.0,0.0,0,1,True,mule,0.2162736868570591,0.0007374481639745,0.1300591913798253,61.52210884353742,NORMAL,False,1.0,True
ACC_00328,8,7,0.8888888888888888,0.0007757378402704,0.000783829787234,0.019047619047619,10923.53,23389.78,20,50,7,8,546.1764999999999,375.2747696411398,0.05,1,20,False,normal,0.1974037736438366,0.0289474633370402,0.1300212495211181,61.47959183673469,NORMAL,False,1.0,True
ACC_00267,5,7,1.3333333333333333,0.0002845920338558,0.0029685106382978,0.0,9758.59,5085.14,23,11,7,5,424.2865217391304,232.90965963434863,0.0,2,23,False,normal,0.2091100845068671,0.0110721390687608,0.1298949063316246,61.43707482993197,NORMAL,False,0.0,False
MULE_01_031,1,1,1.0,7.285011280998421e-05,0.0,0.0,8963.86,9316.65,1,1,1,1,8963.86,0.0,0.0,0,1,True,mule,0.2158017080556891,0.0009759620805927,0.1298714096656505,61.39455782312925,NORMAL,False,1.0,True
MULE_00_047,1,1,1.0,7.279900162002049e-05,0.0,0.0,9017.29,9229.59,1,1,1,1,9017.29,0.0,0.0,0,1,True,mule,0.2152503430504098,0.0010797604761938,0.1295821100207234,61.35204081632652,NORMAL,False,1.0,True
ACC_00226,9,7,0.8,0.0005619290943717,7.48936170212766e-05,0.0,14327.9,16912.45,19,30,7,9,754.1,573.6937799228978,0.0,1,19,False,normal,0.1919292020578885,0.0360312465118062,0.1295700198394556,61.30952380952381,NORMAL,False,0.0,False
ACC_00454,9,6,0.7,0.0006685555590901,1.279154052786424e-05,0.0095238095238095,11539.84,15425.19,21,29,6,9,549.5161904761904,347.1603251881786,0.0476190476190476,2,21,False,normal,0.211603133337076,0.0061101006842579,0.1294059202759488,61.26700680272109,NORMAL,False,0.0,False
MULE_06_027,1,1,1.0,7.291536720764079e-05,0.0,0.0,9016.4,9120.13,1,1,1,1,9016.4,0.0,0.0,0,1,True,mule,0.2149140251584894,0.0010868961337191,0.1293831735485813,61.224489795918366,NORMAL,False,1.0,True
ACC_00897,5,10,1.8333333333333333,0.0001881886524105,0.0029906382978723,0.0,8385.12,5334.94,20,15,10,5,419.256,230.8178638621689,0.05,1,20,False,normal,0.205995100764066,0.0142412841605142,0.1292935741226453,61.18197278911565,NORMAL,False,0.0,False
ACC_01124,4,8,1.8,0.0002469684444844,0.0009021276595744,0.0,6207.6900000000005,6903.93,14,10,8,4,443.4064285714286,279.1913735334502,0.0,1,14,False,normal,0.2016898266547519,0.0206503472080456,0.1292740348760694,61.13945578231292,NORMAL,False,0.0,False
ACC_00315,11,7,0.6666666666666666,0.0005114612114954,0.000931914893617,0.0065359477124183,12747.0,18200.83,27,31,7,11,472.1111111111111,251.86960970881697,0.037037037037037,2,27,False,normal,0.205404578109126,0.0149809466977956,0.1292351255445939,61.0969387755102,NORMAL,False,0.0,False
ACC_00251,8,8,1.0,0.0006588083353243,0.003258005372447,0.0166666666666666,6752.9400000000005,21190.22,18,42,8,8,375.16333333333336,231.46171127906945,0.0,1,18,False,normal,0.2005399664715023,0.0220752061171073,0.1291540623297443,61.05442176870748,NORMAL,False,0.0,False
MULE_07_038,1,1,1.0,7.307027126675509e-05,0.0,0.0,9003.89,9246.42,1,1,1,1,9003.89,0.0,0.0,0,1,True,mule,0.2144118662832312,0.0010548390220478,0.1290690553787578,61.011904761904766,NORMAL,False,1.0,True
ACC_01613,6,10,1.5714285714285714,0.0001816331610059,0.0010553191489361,0.0166666666666666,14339.16,5042.42,28,10,10,6,512.1128571428571,335.58656324199194,0.0,2,28,False,normal,0.2055922418237137,0.0140730631684924,0.1289845703616252,60.96938775510205,NORMAL,False,0.0,False
ACC_00243,8,10,1.2222222222222223,0.0006880933887265,0.0025097872340425,0.0130718954248366,12038.56,16076.27,23,30,10,8,523.415652173913,368.4125219200752,0.0434782608695652,2,23,False,normal,0.2086342754231689,0.0094150111589583,0.1289465697174847,60.92687074829932,NORMAL,False,0.0,False
ACC_00533,10,10,1.0,0.000696307553095,0.0013565957446808,0.0157894736842105,17489.28,15198.98,36,28,10,10,485.8133333333333,264.4191025301635,0.0,1,35,False,normal,0.1953557701915942,0.0292817996954725,0.1289261819931455,60.8843537414966,NORMAL,False,0.0,False
ACC_00955,5,6,1.1666666666666667,0.0005139898678946,0.0039489361702127,0.0363636363636363,9158.19,8935.66,21,15,6,5,436.10428571428577,260.97289220475426,0.0,1,20,False,normal,0.2075300243945376,0.010785958508068,0.1288323980399498,60.84183673469388,NORMAL,False,0.0,False
ACC_01703,4,10,2.2,0.0003072510211089,0.0030672340425531,0.0219780219780219,11882.38,11081.95,23,17,10,4,516.6252173913043,253.0820573157605,0.0434782608695652,1,22,False,normal,0.2047856393211348,0.0148955091802044,0.1288295872647626,60.79931972789115,NORMAL,False,0.0,False
MULE_01_036,1,1,1.0,7.285021463706537e-05,0.0,0.0,8891.03,9317.37,1,1,1,1,8891.03,0.0,0.0,0,1,True,mule,0.2141063801988377,0.0008517949243736,0.1288045460890521,60.756802721088434,NORMAL,False,1.0,True
MULE_01_024,1,1,1.0,7.282922835849115e-05,0.0,0.0,8979.21,9168.98,1,1,1,1,8979.21,0.0,0.0,0,1,True,mule,0.2137584279885712,0.0010140132951221,0.1286606621111916,60.71428571428571,NORMAL,False,1.0,True
ACC_00176,9,6,0.7,0.000639473201593,0.006236302392018,0.0,14513.31,19235.41,28,39,6,9,518.3325,366.3446256436185,0.0714285714285714,1,28,False,normal,0.1985323530040413,0.0236469979039189,0.1285782109639923,60.671768707483,NORMAL,False,0.0,False
MULE_07_028,1,1,1.0,7.30409822686115e-05,0.0,0.0,8740.76,9070.31,1,1,1,1,8740.76,0.0,0.0,0,1,True,mule,0.2138416076604739,0.0006469864640096,0.1285637591818882,60.62925170068028,NORMAL,False,1.0,True
ACC_01080,5,12,2.1666666666666665,0.0001974642780895,0.0017931914893617,0.0147058823529411,11314.81,3877.1,26,9,12,5,435.185,245.9268696706401,0.0,1,25,False,normal,0.1942959296149467,0.0298006462882585,0.1284978162842714,60.58673469387755,NORMAL,False,0.0,False
MULE_06_021,1,1,1.0,7.28972627126062e-05,0.0,0.0,8798.28,9000.73,1,1,1,1,8798.28,0.0,0.0,0,1,True,mule,0.2136625340213268,0.0007316728326009,0.1284901895458364,60.544217687074834,NORMAL,False,1.0,True
ACC_01275,5,12,2.1666666666666665,0.0002791213825868,0.0004920479256385,0.0,16329.14,8145.16,29,18,12,5,563.0737931034482,473.9904979488648,0.0344827586206896,1,29,False,normal,0.2010073947753171,0.0196956132271293,0.128482682156042,60.50170068027211,NORMAL,False,1.0,True
ACC_00130,9,12,1.3,0.0009805367267923,0.0040502127659574,0.0095238095238095,15375.66,20615.32,29,42,12,9,530.1951724137931,320.5653513673782,0.0,1,29,False,normal,0.1918154060737772,0.033418054983486,0.1284564656376607,60.45918367346938,NORMAL,False,0.0,False
ACC_01331,10,6,0.6363636363636364,0.000353737692413,0.0097072340425531,0.0,9117.36,9110.91,19,18,6,10,479.8610526315789,348.1110740824405,0.0,1,19,False,normal,0.1941588929690979,0.0297707288976182,0.1284036273405061,60.41666666666666,NORMAL,False,0.0,False
ACC_00590,8,7,0.8888888888888888,0.0002554290069504,0.0013974468085106,0.0,12533.36,8289.45,23,17,7,8,544.9286956521739,474.978508004734,0.0434782608695652,2,23,False,normal,0.2000303561684535,0.0208495349956392,0.1283580276993278,60.37414965986394,NORMAL,False,0.0,False
MULE_01_001,1,1,1.0,7.28099929400069e-05,0.0,0.0,8811.6,9032.97,1,1,1,1,8811.6,0.0,0.0,0,1,True,mule,0.2132503079030719,0.0007483428130795,0.128249521867075,60.33163265306123,NORMAL,False,1.0,True
ACC_01125,6,8,1.2857142857142858,0.0004370333394477,0.001091544791711,0.0109890109890109,15352.04,13186.82,28,24,8,6,548.2871428571428,531.2754533291115,0.0,2,28,False,normal,0.2047377707586251,0.0134787216181809,0.1282341511024474,60.28911564625851,NORMAL,False,0.0,False
ACC_01432,11,7,0.6666666666666666,0.0005241000386418,0.0011055319148936,0.0196078431372549,7083.26,17722.88,19,37,7,11,372.8031578947368,183.88331007137927,0.0,1,19,False,normal,0.1995919585652404,0.0211811284867727,0.1282276265338534,60.24659863945578,NORMAL,False,0.0,False
MULE_00_039,1,1,1.0,7.279306536242541e-05,0.0,0.0,8984.74,9186.33,1,1,1,1,8984.74,0.0,0.0,0,1,True,mule,0.2129564525354047,0.0010225851683574,0.1281829055885858,60.204081632653065,NORMAL,False,1.0,True
ACC_00884,13,8,0.6428571428571429,0.0006863290931016,0.0005338336246962,0.0047619047619047,15586.93,17991.93,33,36,8,13,472.3312121212121,269.4679924146555,0.0,1,33,False,normal,0.1957663820229975,0.0268044243138972,0.1281815989393574,60.16156462585034,NORMAL,False,0.0,False
ACC_01419,10,7,0.7272727272727273,0.0005999563474303,0.0013931914893617,0.0,9053.9,15742.42,19,31,7,10,476.5210526315789,471.4333287361797,0.0,2,19,False,normal,0.1989807673341913,0.021823902834143,0.128118021534172,60.11904761904761,NORMAL,False,0.0,False
ACC_01304,6,8,1.2857142857142858,0.000131681565023,0.0056263829787234,0.0109890109890109,9731.44,1996.18,21,6,8,6,463.4019047619048,327.45416390113365,0.0476190476190476,1,21,False,normal,0.205950801860311,0.0112741726003781,0.1280801501563379,60.076530612244895,NORMAL,False,0.0,False
ACC_00846,9,6,0.7,0.0005063609950214,0.0001659574468085,0.019047619047619,9910.0,19204.66,14,37,6,9,707.8571428571429,365.45269466425145,0.0,1,14,False,normal,0.1998051528127147,0.0204844632646676,0.1280768769934959,60.03401360544217,NORMAL,False,0.0,False
MULE_00_013,1,1,1.0,7.279568906203747e-05,0.0,0.0,8978.18,9205.45,1,1,1,1,8978.18,0.0,0.0,0,1,True,mule,0.21264762920694,0.0010092882424165,0.1279922928211306,59.99149659863946,NORMAL,False,1.0,True
ACC_00073,7,5,0.75,0.0002766435109391,0.0042280851063829,0.0303030303030303,14489.01,9922.4,29,17,5,7,499.6210344827586,357.77924791437704,0.0344827586206896,1,29,False,normal,0.1990411195829261,0.0203830769583233,0.127577902533085,59.94897959183674,NORMAL,False,1.0,True
MULE_06_004,1,1,1.0,7.29026925448272e-05,0.0,0.0,8917.39,9036.54,1,1,1,1,8917.39,0.0,0.0,0,1,True,mule,0.2119259495292429,0.0009161966734927,0.1275220483869429,59.906462585034014,NORMAL,False,1.0,True
MULE_01_023,1,1,1.0,7.284546836367126e-05,0.0,0.0,8976.68,9283.81,1,1,1,1,8976.68,0.0,0.0,0,1,True,mule,0.2118663253269243,0.0010011912245525,0.1275202716859756,59.863945578231295,NORMAL,False,1.0,True
MULE_06_017,1,1,1.0,7.289368426970154e-05,0.0,0.0,8885.12,8977.13,1,1,1,1,8885.12,0.0,0.0,0,1,True,mule,0.2116965265490962,0.0008672318855546,0.1273648086836796,59.82142857142857,NORMAL,False,1.0,True
ACC_01366,9,9,1.0,0.0004866801672568,0.0101455319148936,0.0196078431372549,12614.47,21647.24,26,39,9,9,485.1719230769231,393.9359431280089,0.0,1,25,False,normal,0.1983044367205997,0.0207299166732658,0.1272746287016661,59.77891156462584,NORMAL,False,0.0,False
ACC_00119,8,6,0.7777777777777778,0.0002687967846424,0.0006842553191489,0.0109890109890109,7933.9,8465.73,19,13,6,8,417.5736842105263,315.6576407053574,0.0,2,19,False,normal,0.2008590626073143,0.0165684399300514,0.1271428135364091,59.736394557823125,NORMAL,False,0.0,False
ACC_01594,12,6,0.5384615384615384,0.0005986626371397,0.0001463829787234,0.0130718954248366,16415.8,25241.84,27,45,6,12,607.9925925925926,382.67679078376096,0.0,1,25,False,normal,0.2022400662533042,0.0144367920485049,0.1271187565713845,59.693877551020414,NORMAL,False,1.0,True
MULE_05_035,1,1,1.0,7.308249530531826e-05,0.0,0.0,8938.67,9073.88,1,1,1,1,8938.67,0.0,0.0,0,1,True,mule,0.2111922991664565,0.0009506765714171,0.1270956501284408,59.65136054421769,NORMAL,False,1.0,True
ACC_01811,5,11,2.0,0.0004232113001495,0.0002953191489361,0.0166666666666666,17290.35,11906.28,27,21,11,5,640.3833333333333,413.963395130164,0.037037037037037,1,26,False,normal,0.2011277208560169,0.0157764646930535,0.1269872183908316,59.60884353741497,NORMAL,False,0.0,False
MULE_00_031,1,1,1.0,7.278798811945229e-05,0.0,0.0,8845.26,9149.33,1,1,1,1,8845.26,0.0,0.0,0,1,True,mule,0.210994123258964,0.0007905711490047,0.1269127024149803,59.56632653061224,NORMAL,False,1.0,True
ACC_00545,4,7,1.6,0.0001191175313374,0.0042723404255319,0.0181818181818181,16077.02,2302.09,27,9,7,4,595.4451851851852,389.728216901218,0.0,1,26,False,normal,0.2025760314827276,0.0131576041069185,0.126808660532404,59.523809523809526,NORMAL,False,0.0,False
MULE_05_016,1,1,1.0,7.309020613767891e-05,0.0,0.0,8855.87,9119.02,1,1,1,1,8855.87,0.0,0.0,0,1,True,mule,0.2106594866501459,0.0008107812430836,0.126720004487321,59.4812925170068,NORMAL,False,1.0,True
MULE_05_021,1,1,1.0,7.30826285452217e-05,0.0,0.0,8852.36,9074.66,1,1,1,1,8852.36,0.0,0.0,0,1,True,mule,0.2104583382412434,0.000808539034276,0.1265984185584565,59.43877551020408,NORMAL,False,1.0,True
ACC_00237,3,8,2.25,0.0002054536616289,0.0002051063829787,0.0222222222222222,13218.23,5929.33,29,13,8,3,455.8010344827586,311.3497107221216,0.0344827586206896,1,29,False,normal,0.2028363633713607,0.01206861395462,0.1265292636046645,59.39625850340136,NORMAL,False,0.0,False
ACC_01866,11,11,1.0,0.000572444566746,0.0052138319191574,0.0086580086580086,14733.54,15191.05,34,26,11,11,433.3394117647059,252.6345648505352,0.0,1,33,False,normal,0.1982471086814007,0.018784501328878,0.1264620657403916,59.35374149659864,NORMAL,False,0.0,False
ACC_01654,15,9,0.625,0.0007153003554933,0.0019523404255319,0.0036231884057971,13244.74,17942.95,25,41,9,15,529.7896,334.0419258052298,0.0,1,25,False,normal,0.1950455509134015,0.0234224791647061,0.1263963222139233,59.31122448979592,NORMAL,False,0.0,False
ACC_00001,6,6,1.0,0.0003232903329004,0.0016110638297872,0.0,8678.050000000001,11889.94,14,23,6,6,619.8607142857144,521.470303018513,0.0,1,13,False,normal,0.1793588285472792,0.0467096342233663,0.126299150817714,59.2687074829932,NORMAL,False,0.0,False
ACC_01951,4,10,2.2,0.0004188369270141,0.0020978723404255,0.0219780219780219,12645.08,13529.39,23,28,10,4,549.7860869565218,332.73242171640686,0.0434782608695652,1,23,False,normal,0.1977627600518087,0.0190855003860808,0.1262918561855175,59.22619047619048,NORMAL,False,0.0,False
ACC_00182,12,7,0.6153846153846154,0.0005534307932338,0.0021914893617021,0.0116959064327485,7791.14,16701.23,17,32,7,12,458.3023529411765,328.4930165834848,0.0588235294117647,1,17,False,normal,0.1999253006779166,0.0157739024193101,0.126264741374474,59.18367346938776,NORMAL,False,0.0,False
ACC_00125,9,11,1.2,0.0005335461403426,0.0041888031381912,0.0157894736842105,8301.64,17201.24,20,32,11,9,415.082,202.63115837194903,0.0,1,20,False,normal,0.1969278449818774,0.0199585908485188,0.126140143328534,59.14115646258503,NORMAL,False,0.0,False
MULE_07_020,1,1,1.0,7.303022528490856e-05,0.0,0.0,8861.48,9005.63,1,1,1,1,8861.48,0.0,0.0,0,1,True,mule,0.2096777979106306,0.0008278184403724,0.1261378061225273,59.09863945578231,NORMAL,False,1.0,True
ACC_00907,3,7,2.0,0.0002358108380366,3.1489361702127664e-05,0.0,15867.3,4235.63,23,8,7,3,689.8826086956522,343.8264219078811,0.0434782608695652,1,23,False,normal,0.2058527205708393,0.0063473785812382,0.1260505837749989,59.05612244897959,NORMAL,False,0.0,False
ACC_00928,8,9,1.1111111111111112,0.0005149177911777,0.0011863829787234,0.0073529411764705,6042.58,18892.95,21,40,9,8,287.7419047619048,174.82366014413063,0.0,1,21,False,normal,0.1901742333886997,0.0298266293459345,0.1260351917715936,59.01360544217688,NORMAL,False,0.0,False
ACC_00503,5,5,1.0,0.0001710648306146,0.0007257067326141,0.0,12516.55,4029.25,24,7,5,5,521.5229166666667,316.71925706447183,0.0,2,24,False,normal,0.1991745598728737,0.016299891161183,0.1260246923881974,58.97108843537416,NORMAL,False,0.0,False
ACC_01227,9,5,0.6,0.0004824836475269,0.0002561702127659,0.0,13105.77,16647.15,18,37,5,9,728.0983333333334,481.2220565607817,0.0,1,18,False,normal,0.1911456964959028,0.0282140205143475,0.1259730261032807,58.92857142857143,NORMAL,False,0.0,False
MULE_05_033,1,1,1.0,7.308896598165459e-05,0.0,0.0,8887.27,9111.76,1,1,1,1,8887.27,0.0,0.0,0,1,True,mule,0.2092399782704661,0.0008614706605744,0.1258885752265094,58.88605442176871,NORMAL,False,1.0,True
MULE_07_022,1,1,1.0,7.30460564116662e-05,0.0,0.0,8848.76,9100.82,1,1,1,1,8848.76,0.0,0.0,0,1,True,mule,0.2090883681648425,0.000800811711275,0.1257733455834155,58.84353741496599,NORMAL,False,1.0,True
ACC_00825,2,7,2.6666666666666665,0.000169119868301,0.0006834042553191,0.0,13764.55,2975.86,25,5,7,2,550.582,325.946659222538,0.0,1,25,False,normal,0.2012964711142418,0.0118456375518015,0.1255161376892657,58.80102040816326,NORMAL,False,0.0,False
MULE_06_034,1,1,1.0,7.292814194555254e-05,0.0,0.0,8836.9,9204.38,1,1,1,1,8836.9,0.0,0.0,0,1,True,mule,0.2086043394531316,0.0007745183746433,0.1254724110217363,58.75850340136054,NORMAL,False,1.0,True
MULE_00_017,1,1,1.0,7.279757999198802e-05,0.0,0.0,8850.24,9219.23,1,1,1,1,8850.24,0.0,0.0,0,1,True,mule,0.2085179625602916,0.0007933681669353,0.1254281248029491,58.71598639455783,NORMAL,False,1.0,True
ACC_00140,5,6,1.1666666666666667,0.0002243373711745,3.574468085106383e-05,0.0,12681.48,7736.55,25,9,6,5,507.2592,350.4432667579733,0.04,2,25,False,normal,0.2017251542551044,0.0109562075477699,0.1254175755721706,58.67346938775511,NORMAL,False,0.0,False
MULE_07_010,1,1,1.0,7.306144348853998e-05,0.0,0.0,8941.21,9193.34,1,1,1,1,8941.21,0.0,0.0,0,1,True,mule,0.2082729204292952,0.0009460416276773,0.125342168908648,58.63095238095239,NORMAL,False,1.0,True
MULE_05_006,1,1,1.0,7.309251562933855e-05,0.0,0.0,8869.47,9132.54,1,1,1,1,8869.47,0.0,0.0,0,1,True,mule,0.2082833059121024,0.0008312824451593,0.1253024965253252,58.58843537414966,NORMAL,False,1.0,True
ACC_00360,7,9,1.25,0.0003100634767519,0.0027237453630665,0.0083333333333333,6804.56,10025.02,21,17,9,7,324.0266666666667,191.0021308607141,0.0476190476190476,1,21,False,normal,0.1996009707418932,0.0136921377748577,0.125237437555079,58.545918367346935,NORMAL,False,0.0,False
ACC_00736,10,4,0.4545454545454545,0.0002863237607504,0.0045093617021276,0.0219780219780219,11875.73,6644.71,25,16,4,10,475.0292,342.5017693010261,0.0,1,25,False,normal,0.1880717108705016,0.0308756883903481,0.1251933018784402,58.50340136054422,NORMAL,False,0.0,False
ACC_01213,10,10,1.0,0.001007199508216,0.0039710638297872,0.0210526315789473,16178.01,21915.38,30,40,10,10,539.267,352.115760903849,0.0,1,30,False,normal,0.1942063464953668,0.0216674018094517,0.1251907686210008,58.46088435374149,NORMAL,False,0.0,False
ACC_01274,5,11,2.0,0.0001836623178078,0.0040102127659574,0.0166666666666666,12114.37,7173.46,31,15,11,5,390.7861290322581,293.3295309451746,0.0,1,31,False,normal,0.1979109296787254,0.016057832294235,0.1251696907249292,58.41836734693877,NORMAL,False,0.0,False
MULE_05_000,1,1,1.0,7.309492419682382e-05,0.0,0.0,8901.68,9146.64,1,1,1,1,8901.68,0.0,0.0,0,1,True,mule,0.2079719344063045,0.0008825972840623,0.1251361995574076,58.37585034013606,NORMAL,False,1.0,True
ACC_00865,7,4,0.625,0.0004309297652133,0.0009097872340425,0.0,10744.77,10856.32,24,23,4,7,447.69875,208.99552015819776,0.0,2,24,False,normal,0.1954678579921469,0.0192668240461871,0.1249874444137629,58.333333333333336,NORMAL,False,0.0,False
MULE_00_010,1,1,1.0,7.280198209886851e-05,0.0,0.0,8880.98,9251.31,1,1,1,1,8880.98,0.0,0.0,0,1,True,mule,0.2076825404776805,0.0008397972548904,0.1249454431885645,58.29081632653062,NORMAL,False,1.0,True
ACC_01900,9,9,1.0,0.0004197862691896,0.0098365957446808,0.0065359477124183,16050.4,10301.16,34,23,9,9,472.0705882352941,305.6999671091781,0.0,1,33,False,normal,0.1946610205142732,0.0202403880532731,0.1248927675298732,58.24829931972789,NORMAL,False,0.0,False
ACC_00848,9,7,0.8,0.000372858710897,0.0010689361702127,0.0333333333333333,14948.98,11086.83,35,25,7,9,427.1137142857143,330.5123911629772,0.0,1,34,False,normal,0.1945632038628687,0.0202816246737867,0.1248505721872359,58.205782312925166,NORMAL,False,0.0,False
ACC_00239,10,9,0.9090909090909092,0.0005289989676566,7.914893617021277e-05,0.0058479532163742,10479.37,19570.91,19,39,9,10,551.5457894736843,213.04174346607363,0.0526315789473684,1,19,False,normal,0.1897823523513543,0.0271564041287418,0.1247319730623093,58.16326530612245,NORMAL,False,0.0,False
ACC_01953,4,9,2.0,0.0001715683138087,0.0004425873022641,0.0151515151515151,17215.41,2566.23,29,9,9,4,593.6348275862069,380.7305225542517,0.0344827586206896,1,29,False,normal,0.2013680051692344,0.0094901559501766,0.1246168654816113,58.12074829931972,NORMAL,False,0.0,False
ACC_01063,5,7,1.3333333333333333,0.0001287012762289,0.0009702127659574,0.0151515151515151,9125.56,2753.21,15,5,7,5,608.3706666666666,348.4918843176095,0.0,1,14,False,normal,0.1934099536285642,0.0213962062312731,0.1246044546696477,58.078231292517,NORMAL,False,0.0,False
MULE_07_033,1,1,1.0,7.304273851084873e-05,0.0,0.0,8849.2,9080.87,1,1,1,1,8849.2,0.0,0.0,0,1,True,mule,0.2070584137163768,0.0008029550833297,0.1245562302631579,58.03571428571429,NORMAL,False,1.0,True
ACC_01168,8,13,1.5555555555555556,0.0003682370318819,0.0030587234042553,0.0,16971.49,5747.1900000000005,29,12,13,8,585.2237931034483,371.4905451730309,0.0,1,29,False,normal,0.1925183825759233,0.0224620330998401,0.12449584278549,57.993197278911566,NORMAL,False,0.0,False
ACC_01061,5,9,1.6666666666666667,0.0004656678179634,0.0006199633309171,0.0219780219780219,12725.18,12448.87,27,28,9,5,471.30296296296297,338.2630832402361,0.0,2,27,False,normal,0.201405540869724,0.0089834862816475,0.1244367190344934,57.95068027210885,NORMAL,False,0.0,False
ACC_01083,9,8,0.9,0.0006873596764323,0.0062680851063829,0.0220588235294117,17461.48,22598.25,29,43,8,9,602.12,395.7273017225011,0.0,1,28,False,normal,0.1940858180337147,0.0197924838897799,0.1243684843761408,57.90816326530612,NORMAL,False,0.0,False
ACC_00046,4,3,0.8,0.0003774651507373,0.000235744680851,0.0,9139.72,8644.060000000001,19,14,3,4,481.0378947368421,315.03693318895074,0.0526315789473684,1,19,False,normal,0.1977560392124258,0.0137682136324354,0.1241609089804297,57.8656462585034,NORMAL,False,0.0,False
ACC_00254,6,5,0.8571428571428571,0.0003204052975729,0.0006348936170212,0.0,8754.1,5823.1,22,14,5,6,397.9136363636364,304.9173546661839,0.0,2,22,False,normal,0.1998747821644564,0.0105436990439702,0.1241423489162619,57.82312925170068,NORMAL,False,0.0,False
ACC_01295,7,10,1.375,0.0005482562410824,0.0002859574468085,0.0073529411764705,13565.77,11601.03,23,23,10,7,589.8160869565218,354.276873411167,0.0434782608695652,2,23,False,normal,0.2001553786657294,0.0097325488201065,0.1239862467274802,57.78061224489795,NORMAL,False,0.0,False
ACC_01310,7,12,1.625,0.0003736726089273,0.0018961702127659,0.0,14525.48,6992.12,33,15,12,7,440.16606060606057,266.8091922252141,0.0303030303030303,1,32,False,normal,0.1886610691421844,0.0266997919250843,0.1238765582553444,57.738095238095234,NORMAL,False,0.0,False
ACC_01384,4,8,1.8,0.0004379996182372,0.0008928495288449,0.0454545454545454,11085.32,6460.72,22,13,8,4,503.8781818181818,269.9321138049407,0.0,1,21,False,normal,0.1989782277824917,0.0110604769929756,0.1238111274666853,57.69557823129252,NORMAL,False,0.0,False
MULE_06_013,1,1,1.0,7.29177705262865e-05,0.0,0.0,8924.83,9135.98,1,1,1,1,8924.83,0.0,0.0,0,1,True,mule,0.2056398528746364,0.0009213743532283,0.1237524614660731,57.6530612244898,NORMAL,False,1.0,True
ACC_00195,12,11,0.9230769230769232,0.0004962852234923,0.007691914893617,0.0118577075098814,13777.37,11692.63,29,25,11,12,475.081724137931,252.9166996840344,0.0,1,29,False,normal,0.1995566078895712,0.0098797540875385,0.1236858663687581,57.61054421768708,NORMAL,False,0.0,False
ACC_01376,11,9,0.8333333333333334,0.0003599938816651,0.0099251063829787,0.0052631578947368,13098.54,6884.5,22,17,9,11,595.3881818181818,397.3663681413792,0.0,1,21,False,normal,0.1932205529451977,0.0191553215303457,0.1235944603792569,57.56802721088435,NORMAL,False,1.0,True
ACC_01285,6,9,1.4285714285714286,0.0007983883983565,0.0009702127659574,0.0095238095238095,12336.12,17027.5,27,34,9,6,456.8933333333334,336.31053592910683,0.0,2,27,False,normal,0.1926541953096419,0.019902264090088,0.1235534228218204,57.525510204081634,NORMAL,False,0.0,False
ACC_01278,8,5,0.6666666666666666,0.0002699852681219,0.0053310638297872,0.0128205128205128,15047.48,7398.23,30,15,5,8,501.5826666666666,498.60459507912987,0.0,1,27,False,normal,0.1782965984965356,0.0410875431102976,0.1234129763420404,57.48299319727891,NORMAL,False,0.0,False
ACC_01650,9,10,1.1,0.000830228037657,0.002011914893617,0.0116959064327485,19297.7,23432.96,32,39,10,9,603.053125,347.9098837012483,0.0,1,31,False,normal,0.1949268287339643,0.0160507666166138,0.1233764038870241,57.44047619047619,NORMAL,False,0.0,False
ACC_00988,10,7,0.7272727272727273,0.0009218493228035,0.0004868085106382,0.0,10105.91,30797.54,22,58,7,10,459.3595454545455,294.5668787102801,0.0,1,22,False,normal,0.182587856156584,0.034167312487153,0.1232196386888116,57.39795918367348,NORMAL,False,1.0,True
ACC_01151,7,8,1.125,0.0006163039401303,0.0044493617021276,0.0095238095238095,17881.63,18895.96,35,36,8,7,510.90371428571433,349.6724491332669,0.0285714285714285,1,33,False,normal,0.1895529727918402,0.0236048568727986,0.1231737264242236,57.35544217687075,NORMAL,False,0.0,False
MULE_06_022,1,1,1.0,7.292628449107872e-05,0.0,0.0,8929.59,9192.13,1,1,1,1,8929.59,0.0,0.0,0,1,True,mule,0.2046611440197498,0.0009254214086626,0.1231668549753149,57.31292517006803,NORMAL,False,1.0,True
ACC_00917,3,7,2.0,0.0001191263725455,0.0001378723404255,0.0,13384.55,1271.98,22,3,7,3,608.3886363636364,438.2917991724936,0.0,1,22,False,normal,0.1938752720642589,0.0170505755598445,0.1231453934624931,57.27040816326531,NORMAL,False,0.0,False
ACC_01864,5,9,1.6666666666666667,0.0002991337080043,0.0088817021276595,0.0109890109890109,13346.89,5586.05,28,15,9,5,476.6746428571428,273.42622391074696,0.0,1,28,False,normal,0.1947942698227214,0.0155991010305939,0.1231162023058704,57.22789115646258,NORMAL,False,0.0,False
ACC_00040,11,11,1.0,0.0008051727360625,0.0086544680851063,0.0095238095238095,11322.12,17434.829999999998,24,39,11,11,471.75500000000005,371.92266380549313,0.0,1,23,False,normal,0.1974507283092109,0.0115303640785429,0.1230825826169437,57.18537414965986,NORMAL,False,0.0,False
ACC_01598,5,5,1.0,0.0002973965430846,0.0002544680851063,0.0222222222222222,7715.93,13665.63,16,27,5,5,482.245625,446.901688547101,0.0,1,16,False,normal,0.18935315557677,0.0236057824302882,0.1230542063181773,57.14285714285714,NORMAL,False,0.0,False
MULE_00_018,1,1,1.0,7.279947229416637e-05,0.0,0.0,8868.79,9233.02,1,1,1,1,8868.79,0.0,0.0,0,1,True,mule,0.2043422438117495,0.0008215465667248,0.1229339649137396,57.10034013605442,NORMAL,False,1.0,True
MULE_07_027,1,1,1.0,7.305522180084166e-05,0.0,0.0,8872.3,9155.93,1,1,1,1,8872.3,0.0,0.0,0,1,True,mule,0.2042607716601263,0.0008339041681682,0.1228900246633431,57.05782312925171,NORMAL,False,1.0,True
ACC_00551,7,8,1.125,0.0007306307804478,0.0007361702127659,0.0,13186.28,22984.93,26,46,8,7,507.1646153846154,308.8049338366311,0.0,2,26,False,normal,0.1889851770648168,0.0237468981414738,0.1228898654954796,57.01530612244898,NORMAL,False,0.0,False
ACC_01963,11,13,1.1666666666666667,0.0004805054477271,0.0053285106382978,0.0108695652173913,12157.79,17717.7,25,34,13,11,486.31160000000006,392.6267929140853,0.0,1,25,False,normal,0.1941277789709244,0.0160225534553399,0.1228856887646906,56.97278911564626,NORMAL,False,0.0,False
ACC_00751,9,7,0.8,0.0006264671578498,0.0010548757088645,0.025,9228.2,14968.39,21,29,7,9,439.4380952380953,288.2824866449408,0.0,2,20,False,normal,0.2006259186979577,0.0060115543419716,0.1227801729555632,56.93027210884354,NORMAL,False,0.0,False
MULE_06_010,1,1,1.0,7.290924746375807e-05,0.0,0.0,8904.85,9079.77,1,1,1,1,8904.85,0.0,0.0,0,1,True,mule,0.2040261672295311,0.0008918972815123,0.1227724592503236,56.88775510204081,NORMAL,False,1.0,True
ACC_00108,9,7,0.8,0.0006360833298185,0.0006915959578731,0.0,20137.07,18751.09,34,39,7,9,592.2667647058823,369.442305691525,0.0,1,34,False,normal,0.1950776630580248,0.0141910348948883,0.1227230117927702,56.845238095238095,NORMAL,False,0.0,False
ACC_00859,7,8,1.125,0.0003629318353311,0.0009336170212765,0.0,17231.93,10031.69,32,14,8,7,538.4978125,408.3406922019451,0.0,2,31,False,normal,0.1972288863684307,0.0108662404707099,0.1226838280093424,56.80272108843537,NORMAL,False,0.0,False
ACC_00164,9,7,0.8,0.0005590179947755,0.0011787234042553,0.0083333333333333,16642.75,13034.95,31,22,7,9,536.8629032258065,397.0877305683934,0.032258064516129,2,30,False,normal,0.1982551852753034,0.00902923927777,0.1225648068762901,56.76020408163265,NORMAL,False,0.0,False
ACC_00715,9,7,0.8,0.000390321179384,0.0014740425531914,0.0083333333333333,9689.81,8080.31,21,21,7,9,461.4195238095238,290.5738598442088,0.0476190476190476,2,21,False,normal,0.1974679907463543,0.010086439108919,0.1225153700913802,56.71768707482994,NORMAL,False,0.0,False
ACC_00887,2,7,2.6666666666666665,0.0002023683476589,1.446808510638298e-05,0.0,13841.79,3783.63,28,8,7,2,494.3496428571429,313.973634709127,0.0,1,28,False,normal,0.1956211163266831,0.0128418056081773,0.1225093920392808,56.675170068027214,NORMAL,False,0.0,False
ACC_01809,9,9,1.0,0.0004196119644242,0.0113872340425531,0.0,11803.56,8097.22,28,20,9,9,421.5557142857143,269.6989461991878,0.0,1,28,False,normal,0.1949433615950593,0.0137705477360549,0.1224742360514575,56.63265306122449,NORMAL,False,0.0,False
ACC_00377,3,6,1.75,0.000173395786863,0.0003582978723404,0.0,14962.95,1821.66,29,5,6,3,515.9637931034483,390.24823517871096,0.0344827586206896,1,29,False,normal,0.1941272416472875,0.0143469796972578,0.1222151368672756,56.59013605442177,NORMAL,False,0.0,False
ACC_00578,11,9,0.8333333333333334,0.0004778086084084,0.0107414829659318,0.0105263157894736,12454.25,13843.21,23,23,9,11,541.4891304347826,433.5986846037688,0.0,1,23,False,normal,0.1913262404722309,0.0184846157091486,0.122189590566998,56.54761904761904,NORMAL,False,0.0,False
ACC_01663,4,5,1.2,0.0002238863718672,0.0002093617021276,0.0,17718.15,5154.53,32,13,5,4,553.6921875,485.6497295558201,0.0,1,32,False,normal,0.1883142254932201,0.0229916007348914,0.1221851755898886,56.505102040816325,NORMAL,False,0.0,False
ACC_00218,12,12,1.0,0.0007089987316745,0.0015046808510638,0.0108695652173913,15063.46,22239.1,27,44,12,12,557.9059259259259,356.65255446959384,0.0,1,27,False,normal,0.1867371298255851,0.0248773429840461,0.1219932150889694,56.4625850340136,NORMAL,False,1.0,True
ACC_01661,8,6,0.7777777777777778,0.0004834261935673,0.0001472340425531,0.0109890109890109,6563.650000000001,15016.57,11,28,6,8,596.6954545454546,344.0076998953261,0.0,1,11,False,normal,0.1871323113341487,0.0239841502928534,0.1218730469176306,56.42006802721088,NORMAL,False,0.0,False
ACC_01425,8,8,1.0,0.0006226818615284,0.0005943802498614,0.0083333333333333,15375.71,20217.1,31,43,8,8,495.9906451612903,348.0289726343243,0.0,2,30,False,normal,0.1935889238704713,0.0142725802351535,0.1218623864163441,56.37755102040817,NORMAL,False,0.0,False
ACC_01346,10,11,1.0909090909090908,0.0006877361744625,0.0059173666481899,0.0,12398.56,16116.1,22,35,11,10,563.570909090909,445.9222713701302,0.0454545454545454,1,22,False,normal,0.192725457086177,0.0154396400979364,0.1218111302908808,56.33503401360544,NORMAL,False,0.0,False
ACC_00993,8,12,1.4444444444444444,0.0008657578391377,0.0021046808510638,0.0052631578947368,17662.95,15788.54,32,32,12,8,551.9671875,340.3529017702766,0.0,1,30,False,normal,0.1843068320738263,0.0271268283910476,0.1214348306007148,56.292517006802726,NORMAL,False,0.0,False
ACC_01961,8,9,1.1111111111111112,0.0008168052123749,0.0001710638297872,0.0,15521.9,19814.53,30,43,9,8,517.3966666666666,307.2063329126032,0.0666666666666666,1,30,False,normal,0.1883839648336892,0.0209122860621587,0.121395293325077,56.25,NORMAL,False,0.0,False
ACC_01707,8,7,0.8888888888888888,0.0002824809348906,0.0033285106382978,0.0,13491.26,6034.53,22,10,7,8,613.2390909090909,386.5247336127046,0.0909090909090909,1,22,False,normal,0.1920041189222908,0.0152515293335563,0.121303083086797,56.20748299319728,NORMAL,False,0.0,False
ACC_00488,8,11,1.3333333333333333,0.0004029981631078,0.0016136170212765,0.0,13567.05,11459.6,24,19,11,8,565.2937499999999,481.85305098774217,0.0,2,24,False,normal,0.1894900533496417,0.0188782987813062,0.1212453515223075,56.16496598639456,NORMAL,False,0.0,False
ACC_01857,11,7,0.6666666666666666,0.0009747743199333,0.0001986952628661,0.0196078431372549,11688.4,26985.33,23,49,7,11,508.1913043478261,370.5536574972442,0.0,1,23,False,normal,0.1910624969028395,0.0163701953153152,0.1211855762678298,56.12244897959183,NORMAL,False,0.0,False
ACC_00269,7,11,1.5,0.0002726223181245,0.0073897872340425,0.0130718954248366,9033.58,5001.77,23,12,11,7,392.764347826087,299.2374509531927,0.0,1,21,False,normal,0.1974570635823524,0.0066456571169578,0.1211325009961945,56.07993197278912,NORMAL,False,0.0,False
ACC_00707,3,4,1.25,0.0001467790959306,9.361702127659576e-06,0.0,14149.92,1502.6799999999998,23,6,4,3,615.2139130434782,342.44476669091046,0.0,1,23,False,normal,0.1929517654708512,0.0131911810152471,0.1210475316886096,56.0374149659864,NORMAL,False,0.0,False
ACC_01144,6,13,2.0,0.0005397605030946,0.0008459574468085,0.0116959064327485,15644.14,16900.88,31,25,13,6,504.6496774193548,331.0539327006389,0.0,1,28,False,normal,0.1796105880710397,0.0325600761888629,0.1207903833181689,55.99489795918368,NORMAL,False,0.0,False
ACC_00642,11,7,0.6666666666666666,0.0007569343628059,0.0008612765957446,0.0065359477124183,12379.66,32719.85,23,61,7,11,538.2460869565217,342.99488591124043,0.0,1,22,False,normal,0.1781414926007131,0.0346155759217489,0.1207311259291275,55.95238095238096,NORMAL,False,0.0,False
ACC_00416,12,10,0.8461538461538461,0.0006339474632728,0.006155744680851,0.0129870129870129,12321.66,15468.66,22,32,10,12,560.0754545454546,406.1828438820001,0.0454545454545454,1,22,False,normal,0.1954512618838594,0.0084015556719776,0.1206313793991067,55.90986394557823,NORMAL,False,0.0,False
ACC_00871,10,9,0.9090909090909092,0.0005754854844906,0.0031134609644821,0.0175438596491228,12595.84,17111.85,27,35,9,10,466.5125925925926,440.585666790786,0.0,2,27,False,normal,0.1973003774356352,0.0052983964571404,0.1204995850442373,55.86734693877551,NORMAL,False,1.0,True
ACC_01766,10,4,0.4545454545454545,0.0005038607951876,0.0010187234042553,0.0219780219780219,16161.75,13016.34,30,31,4,10,538.725,389.6007893565429,0.0333333333333333,1,29,False,normal,0.1878726532808757,0.0194128343101347,0.1204887256925793,55.82482993197279,NORMAL,False,0.0,False
ACC_00143,5,11,2.0,0.0002814534566803,0.0011446808510638,0.0083333333333333,19461.34,7894.360000000001,33,18,11,5,589.7375757575758,356.51969035761465,0.0,1,33,False,normal,0.1902103326615718,0.0151747908743317,0.1201961159466757,55.78231292517006,NORMAL,False,0.0,False
ACC_00102,6,5,0.8571428571428571,0.0001113693013268,0.0013761702127659,0.0181818181818181,16799.94,1647.87,29,6,5,6,579.308275862069,372.1191899308316,0.0,1,29,False,normal,0.1838590576361359,0.024421325189881,0.120083964657634,55.73979591836735,NORMAL,False,0.0,False
ACC_00743,8,9,1.1111111111111112,0.0007127305352552,0.0001531914893617,0.0,12423.31,19305.96,26,38,9,8,477.81961538461536,280.6650666467883,0.0384615384615384,2,25,False,normal,0.1908594833915151,0.0138917075377026,0.1200723730499901,55.69727891156463,NORMAL,False,0.0,False
ACC_01799,6,5,0.8571428571428571,0.0002854643282205,0.0024859574468085,0.0181818181818181,19291.77,9060.21,30,20,5,6,643.059,359.32989720186583,0.0333333333333333,1,29,False,normal,0.1885224133333088,0.0172072502732138,0.1199963481092708,55.65476190476191,NORMAL,False,0.0,False
ACC_01780,5,9,1.6666666666666667,0.0003391202850997,0.0014068085106382,0.0109890109890109,10179.04,4489.4,22,9,9,5,462.6836363636363,305.53518169404623,0.0,2,22,False,normal,0.1929184040226196,0.0104406413767856,0.119927298964286,55.61224489795919,NORMAL,False,0.0,False
ACC_00457,4,8,1.8,0.0001444705692606,0.0003906382978723,0.0,9315.91,2992.81,16,6,8,4,582.244375,350.72741770913296,0.0,1,15,False,normal,0.1855280214998359,0.0214626888069046,0.1199018884226633,55.56972789115646,NORMAL,False,0.0,False
ACC_01602,7,8,1.125,0.0003295879427883,0.0003828934464674,0.0,13784.84,10762.82,21,18,8,7,656.4209523809524,581.2999694813751,0.0476190476190476,1,20,False,normal,0.1746499575048775,0.0371935282062493,0.1196673857854262,55.52721088435374,NORMAL,False,0.0,False
ACC_01041,7,11,1.5,0.0007493109747027,0.0006301965633394,0.0130718954248366,16976.96,24047.04,31,45,11,7,547.6438709677419,369.3683391925322,0.0,1,31,False,normal,0.1774996994736033,0.0324182232679809,0.1194671089913543,55.48469387755102,NORMAL,False,0.0,False
ACC_00011,11,6,0.5833333333333334,0.0005466706562798,0.0023630239201807,0.0147058823529411,7222.62,11767.48,15,28,6,11,481.508,339.48068056118564,0.0,1,15,False,normal,0.1867179284428831,0.0183758504957514,0.1193810972640305,55.44217687074829,NORMAL,False,0.0,False
ACC_01184,5,8,1.5,0.0001800469506881,0.0004961702127659,0.0384615384615384,10395.2,4584.31,24,9,8,5,433.1333333333334,234.43121575174365,0.0,1,24,False,normal,0.1888396849141795,0.0149721703973639,0.1192926791074533,55.39965986394558,NORMAL,False,0.0,False
ACC_00235,5,7,1.3333333333333333,0.0002153936106029,7.829787234042553e-05,0.0,13740.62,3878.56,25,7,7,5,549.6248,349.7624378550866,0.0,2,25,False,normal,0.1922747726394423,0.0097839848350664,0.1192784575176919,55.35714285714286,NORMAL,False,0.0,False
ACC_01672,9,4,0.5,0.0004384060605073,0.0002553191489361,0.0128205128205128,11491.3,8624.15,23,19,4,9,499.6217391304348,397.3741196982119,0.0869565217391304,1,23,False,normal,0.1889941823771971,0.0145582129681856,0.1192197946135925,55.314625850340136,NORMAL,False,0.0,False
ACC_01871,7,5,0.75,0.0003215819903031,0.0014017021276595,0.0454545454545454,9547.66,10462.83,17,20,5,7,561.6270588235294,311.8523709578923,0.0,1,17,False,normal,0.1957947244526157,0.0042255297214045,0.1191670465601312,55.27210884353742,NORMAL,False,0.0,False
ACC_01279,10,4,0.4545454545454545,0.0003772681748759,0.0053140425531914,0.0109890109890109,8364.64,9844.11,21,19,4,10,398.31619047619046,237.1090919487524,0.0,1,21,False,normal,0.1821300469400088,0.0235105155796869,0.1186822343958801,55.22959183673469,NORMAL,False,0.0,False
ACC_00515,10,13,1.2727272727272727,0.0004956879172432,0.0050023451157634,0.0158102766798418,12588.53,14301.26,27,28,13,10,466.2418518518519,345.4476981345205,0.0,1,27,False,normal,0.1889428127971931,0.0132899596893372,0.1186816715540508,55.18707482993197,NORMAL,False,0.0,False
ACC_01110,14,6,0.4666666666666667,0.0004779478913532,0.0019548936170212,0.0052631578947368,12038.27,14512.25,24,28,6,14,501.5945833333333,327.6048746117556,0.0416666666666666,1,23,False,normal,0.1776377841608162,0.0297430216103828,0.1184798791406428,55.14455782312925,NORMAL,False,0.0,False
ACC_00918,12,6,0.5384615384615384,0.0006639271826807,0.000863829787234,0.0065359477124183,13450.3,16616.25,21,31,6,12,640.4904761904761,525.9165969474266,0.0,1,21,False,normal,0.1777515298714645,0.0293307265759812,0.1183832085532712,55.10204081632652,NORMAL,False,0.0,False
ACC_00185,7,11,1.5,0.0004955937095868,0.0013106382978723,0.0,10983.94,15277.98,24,31,11,7,457.6641666666667,267.42443330726184,0.0,2,23,False,normal,0.1851847866923038,0.0180753813268896,0.1183410245461381,55.05952380952381,NORMAL,False,0.0,False
ACC_00915,4,5,1.2,0.0001729861905819,0.0008604255319148,0.0,7094.58,4417.53,15,8,5,4,472.972,302.8325426511679,0.0,1,15,False,normal,0.1872653370428865,0.0146511066661351,0.1182196448921859,55.01700680272109,NORMAL,False,0.0,False
ACC_00060,6,12,1.8571428571428568,0.0005090191706833,0.0001353191489361,0.0,14737.91,17746.93,32,27,12,6,460.5596875,347.0210308257744,0.03125,1,32,False,normal,0.1809099590976899,0.0241596150104203,0.1182098214627821,54.974489795918366,NORMAL,False,0.0,False
ACC_00953,6,8,1.2857142857142858,0.0002461068548736,0.0009710638297872,0.0219780219780219,13474.85,6222.54,27,15,8,6,499.06851851851854,372.5666729356454,0.0,2,27,False,normal,0.1935231385542203,0.0051682535027572,0.1181811845336351,54.93197278911565,NORMAL,False,0.0,False
ACC_00097,8,10,1.2222222222222223,0.0008886102017805,0.0004,0.0065359477124183,8578.47,18993.01,18,33,10,8,476.58166666666665,436.7828079768223,0.0,1,18,False,normal,0.1710962513916913,0.0385846523068505,0.118091611757755,54.88945578231292,NORMAL,False,0.0,False
ACC_01973,7,11,1.5,0.0006313986867368,0.0024653562444037,0.0,15953.15,13676.16,30,29,11,7,531.7716666666666,309.6286885162595,0.0,2,29,False,normal,0.1890913163000523,0.0115370190039037,0.1180695973815928,54.8469387755102,NORMAL,False,0.0,False
ACC_00025,8,4,0.5555555555555556,0.0002927809422865,0.0035065876433718,0.0,11858.55,5519.24,18,16,4,8,658.8083333333333,366.27996035257286,0.0,1,18,False,normal,0.1803006494354208,0.0246865582955458,0.1180550129794708,54.80442176870748,NORMAL,False,0.0,False
ACC_00313,6,2,0.4285714285714285,0.0004881123332662,0.0,0.0,12669.37,12788.36,21,22,2,6,603.3033333333334,412.8869261714802,0.0,1,21,False,normal,0.1807572694066083,0.0231858358691562,0.1177286959916274,54.761904761904766,NORMAL,False,0.0,False
ACC_00473,6,4,0.7142857142857143,0.0002625618637315,0.0015753191489361,0.0,11800.63,6014.79,23,21,4,6,513.0708695652173,310.9477378612484,0.0,2,21,False,normal,0.1846471482149689,0.017239383929496,0.1176840425007798,54.71938775510205,NORMAL,False,0.0,False
ACC_01958,10,6,0.6363636363636364,0.0003136316972009,0.0019251063829787,0.0166666666666666,8662.52,9975.67,17,21,6,10,509.56,251.3868485024624,0.0588235294117647,1,17,False,normal,0.1851665604896931,0.016443937512345,0.1176775112987538,54.67687074829932,NORMAL,False,0.0,False
ACC_01851,5,9,1.6666666666666667,0.0002357528777676,0.0021489361702127,0.0,11579.74,5894.21,21,14,9,5,551.4161904761904,310.77609295884054,0.0,2,21,False,normal,0.1912352162692588,0.00718641774317,0.1176156968588233,54.6343537414966,NORMAL,False,0.0,False
ACC_00682,10,6,0.6363636363636364,0.0005077990118998,0.001127659574468,0.0,12856.17,14816.88,21,27,6,10,612.1985714285714,414.8527957515258,0.0,2,21,False,normal,0.18651103126522,0.0141138374494723,0.1175521537389209,54.59183673469388,NORMAL,False,0.0,False
ACC_00247,8,10,1.2222222222222223,0.0004579111474914,0.0009327659574468,0.0196078431372549,14516.3,12373.45,29,28,10,8,500.5620689655172,375.281778718903,0.1379310344827586,1,29,False,normal,0.1909554989548965,0.0069214961420812,0.1173418978297703,54.54931972789115,NORMAL,False,0.0,False
ACC_00896,4,11,2.4,0.0003066995337156,0.0022561702127659,0.0,16675.42,11549.08,31,17,11,4,537.9167741935483,299.7207312414575,0.032258064516129,1,31,False,normal,0.1828947802861939,0.0188172051451467,0.117263750229775,54.506802721088434,NORMAL,False,0.0,False
ACC_01794,7,10,1.375,0.0005629013096088,0.0018161702127659,0.0073529411764705,14823.6,12594.25,30,25,10,7,494.12,341.16380883978445,0.0333333333333333,2,30,False,normal,0.191044120594266,0.0064339019287687,0.1172000331280671,54.46428571428571,NORMAL,False,0.0,False
ACC_00054,7,11,1.5,0.0004051702836635,0.0014369163859634,0.0196078431372549,16682.26,12020.78,34,26,11,7,490.6547058823529,305.8784485383269,0.0294117647058823,1,34,False,normal,0.1809660498651046,0.0211904607885898,0.1170558142344986,54.421768707483,NORMAL,False,0.0,False
ACC_00634,4,9,2.0,0.0001628138724075,0.0016289361702127,0.0128205128205128,17176.05,4131.74,31,8,9,4,554.066129032258,386.65306767762246,0.032258064516129,1,30,False,normal,0.186980220408519,0.0121641552209389,0.1170537943334869,54.37925170068028,NORMAL,False,0.0,False
ACC_01527,10,6,0.6363636363636364,0.0007913542250156,8.680851063829788e-05,0.0166666666666666,14687.8,18379.86,21,37,6,10,699.4190476190475,462.51291270519965,0.0,1,21,False,normal,0.1851426660409385,0.0146297125245622,0.116937484634388,54.33673469387755,NORMAL,False,0.0,False
ACC_00629,8,6,0.7777777777777778,0.0005806772892568,0.0002885106382978,0.0,19338.48,18742.1,31,43,6,8,623.8219354838709,462.9424910102719,0.0,1,30,False,normal,0.1828357081529937,0.0178460016628703,0.1168398255569443,54.294217687074834,NORMAL,False,0.0,False
ACC_00018,10,8,0.8181818181818182,0.0005516577053002,0.0053948936170212,0.0,13621.41,13816.83,27,35,8,10,504.4966666666666,409.3524918228037,0.0,2,27,False,normal,0.1876189138312872,0.0100130844540936,0.1165765820804098,54.25170068027211,NORMAL,False,0.0,False
ACC_01786,6,7,1.1428571428571428,0.0002457352012878,0.0043965957446808,0.0,11779.29,6674.9,22,15,7,6,535.4222727272728,310.3252073602146,0.0,2,22,False,normal,0.1881611938171976,0.0090569203769878,0.1165194844411137,54.20918367346938,NORMAL,False,0.0,False
ACC_00177,8,10,1.2222222222222223,0.0005275075408276,0.0028851063829787,0.0,12827.03,10124.21,29,27,10,8,442.3113793103449,223.2772686389877,0.0,2,29,False,normal,0.1842453930658473,0.0142193038919067,0.1162349573962711,54.16666666666666,NORMAL,False,0.0,False
ACC_01677,10,9,0.9090909090909092,0.0005565522428861,0.0029634042553191,0.0,12204.32,20013.0,28,27,9,10,435.8685714285714,290.458879192197,0.0357142857142857,2,28,False,normal,0.1899345288413385,0.0056196033073149,0.1162085586277291,54.12414965986394,NORMAL,False,0.0,False
ACC_00812,7,10,1.375,0.0006423934655986,0.0017115081226282,0.0147058823529411,17866.45,20368.12,30,44,10,7,595.5483333333334,351.94403681388127,0.0333333333333333,1,29,False,normal,0.1781114674891616,0.0230768489510467,0.1160976200739157,54.08163265306123,NORMAL,False,0.0,False
ACC_00264,12,8,0.6923076923076923,0.000555363825608,0.0028485106382978,0.0105263157894736,7956.09,13039.87,15,25,8,12,530.4060000000001,267.6219518489255,0.0,1,15,False,normal,0.1783591262927999,0.0223151867091172,0.1159415504593268,54.03911564625851,NORMAL,False,1.0,True
ACC_00637,3,8,2.25,0.0001822400918266,0.0014587234042553,0.0,9496.03,3047.12,26,6,8,3,365.2319230769231,235.6067945203488,0.0,1,26,False,normal,0.1827954344038987,0.0154048924902389,0.1158392176384348,53.99659863945578,NORMAL,False,0.0,False
ACC_00838,8,7,0.8888888888888888,0.0003245923168405,0.0045787234042553,0.0095238095238095,15897.97,6565.389999999999,36,15,7,8,441.61027777777775,358.47313649888633,0.0,1,36,False,normal,0.1738891909420223,0.028300452443689,0.115653695542689,53.954081632653065,NORMAL,False,0.0,False
ACC_00261,11,9,0.8333333333333334,0.0007864163023597,0.0023693617021276,0.0,15035.28,28553.35,26,55,9,11,578.28,412.954773407452,0.0,1,25,False,normal,0.1773355721435152,0.0223152028095349,0.1153274244099231,53.91156462585034,NORMAL,False,0.0,False
ACC_01337,6,6,1.0,0.0003539767908303,5.361702127659575e-05,0.0303030303030303,7450.16,11203.7,22,24,6,6,338.64363636363635,199.5865068572536,0.0,1,21,False,normal,0.185319319654572,0.010078694125217,0.11522306944283,53.86904761904761,NORMAL,False,0.0,False
ACC_01869,10,8,0.8181818181818182,0.0006371681725068,0.0040944680851063,0.0,6605.45,18747.97,15,32,8,10,440.3633333333333,370.2047190921467,0.0,1,15,False,normal,0.1798765859178169,0.017990446979264,0.1151221303423958,53.826530612244895,NORMAL,False,0.0,False
ACC_00061,5,7,1.3333333333333333,0.0002933497424554,0.0015463829787234,0.0151515151515151,11735.62,8060.84,24,18,7,5,488.9841666666667,479.8395571883936,0.0,2,23,False,normal,0.1824514428477419,0.013739295178542,0.114966583780062,53.78401360544217,NORMAL,False,0.0,False
ACC_00440,3,7,2.0,0.0001122990833552,0.0006680851063829,0.0,13495.38,1813.93,25,3,7,3,539.8152,462.8753172482485,0.0,1,24,False,normal,0.1784632854136772,0.0191052309110493,0.114720063612626,53.74149659863946,NORMAL,False,0.0,False
ACC_01446,11,5,0.5,0.0005594239899803,0.0011421276595744,0.0083333333333333,9358.07,26235.58,20,46,5,11,467.9035,431.5390504288112,0.0,1,20,False,normal,0.1753821289438571,0.0236779996280344,0.114700477217528,53.69897959183674,NORMAL,False,0.0,False
ACC_01466,6,9,1.4285714285714286,0.000233287419285,0.0021412765957446,0.0,14783.98,5532.39,26,12,9,6,568.6146153846154,446.5129386186319,0.0,2,26,False,normal,0.1841398941961604,0.0105390716793798,0.1146995651894481,53.656462585034014,NORMAL,False,0.0,False
ACC_00793,9,3,0.4,0.0005022599828082,8.595744680851064e-05,0.0,13381.95,14402.04,21,27,3,9,637.2357142857143,426.18335797601753,0.0,1,20,False,normal,0.1771253076295975,0.0207339648726114,0.1145687705268031,53.613945578231295,NORMAL,False,0.0,False
ACC_01319,8,8,1.0,0.0008628980968835,0.0055481175116189,0.0166666666666666,16300.69,22314.89,30,40,8,8,543.3563333333334,367.3535665708159,0.0,1,29,False,normal,0.1728349559460509,0.0270615266015126,0.1145255842082356,53.57142857142857,NORMAL,False,1.0,True
ACC_00780,9,3,0.4,0.0003564032384978,0.0013397006779516,0.0151515151515151,10688.73,6685.7,19,21,3,9,562.5647368421053,418.243309030208,0.0,1,19,False,normal,0.1723971823442685,0.0276313772841292,0.1144908603202128,53.52891156462584,NORMAL,False,0.0,False
ACC_00193,9,8,0.9,0.0005452326171013,0.0004860785400588,0.0073529411764705,13966.18,11414.59,22,24,8,9,634.8263636363637,702.1693321451706,0.0,1,22,False,normal,0.1485487675909144,0.0632262678520222,0.1144197676953575,53.486394557823125,NORMAL,False,0.0,False
ACC_00781,13,6,0.5,0.0007950623061343,0.0003463829787234,0.0058479532163742,12701.49,24573.61,23,44,6,13,552.2386956521739,332.9420642927145,0.0,1,23,False,normal,0.1826204571537997,0.0115272920551068,0.1141831911143225,53.443877551020414,NORMAL,False,0.0,False
ACC_01408,11,9,0.8333333333333334,0.0005141361129626,0.0051063829787234,0.0105263157894736,13752.68,20124.01,30,40,9,11,458.42266666666666,250.3858076970257,0.0333333333333333,1,30,False,normal,0.1804904476161882,0.0145161056911146,0.1141007108461588,53.40136054421769,NORMAL,False,0.0,False
ACC_00253,11,7,0.6666666666666666,0.0007814219752665,0.0006387242570246,0.0,16698.920000000002,21782.63,28,50,7,11,596.3900000000001,368.1946892710532,0.0357142857142857,1,28,False,normal,0.1798495530984935,0.0153577655844206,0.1140528380928643,53.35884353741497,NORMAL,False,0.0,False
ACC_00876,11,8,0.75,0.0004367193835296,0.0010306382978723,0.0175438596491228,15477.55,15260.24,28,29,8,11,552.7696428571428,316.2064522320837,0.0,2,27,False,normal,0.1810801774768806,0.013190595231031,0.1139243445785407,53.31632653061224,NORMAL,False,0.0,False
ACC_01378,8,9,1.1111111111111112,0.0005964068700723,0.0027582978723404,0.0294117647058823,11279.37,13749.19,20,29,9,8,563.9685000000001,376.1256313531284,0.05,1,19,False,normal,0.1837213060317815,0.0091950516883607,0.1139108042944131,53.273809523809526,NORMAL,False,0.0,False
ACC_00616,6,13,2.0,0.0002785395214291,0.0015776233317699,0.0,15222.22,4794.32,28,11,13,6,543.6507142857142,321.7607138269585,0.0,1,27,False,normal,0.1710799324025695,0.0279513856019858,0.113828513682336,53.2312925170068,NORMAL,False,0.0,False
ACC_00334,7,8,1.125,0.00042527554304,0.0003794823689933,0.0,11406.18,17027.32,25,27,8,7,456.2472,229.74033812690945,0.04,2,25,False,normal,0.182584963064839,0.0105076436494302,0.1137540352986755,53.18877551020408,NORMAL,False,0.0,False
ACC_00565,5,9,1.6666666666666667,0.0003920968159551,0.0012680851063829,0.0109890109890109,9829.47,12143.78,24,26,9,5,409.56125,301.87685392085325,0.0,2,24,False,normal,0.1834046783429506,0.0091186593131548,0.1136902707310323,53.14625850340136,NORMAL,False,0.0,False
ACC_00960,13,11,0.8571428571428571,0.0007129709240197,0.0058072340425531,0.0072463768115942,14416.38,18115.13,27,33,11,13,533.9399999999999,368.0009094888426,0.0,1,27,False,normal,0.1853558095876529,0.0058875201241572,0.1135684938022546,53.10374149659864,NORMAL,False,0.0,False
ACC_01056,5,11,2.0,0.0001714347752467,0.0013370212765957,0.0166666666666666,15290.36,4576.56,28,9,11,5,546.0842857142858,312.1947046366651,0.0357142857142857,1,28,False,normal,0.1762937087594001,0.0194072997412333,0.1135391451521334,53.06122448979592,NORMAL,False,0.0,False
ACC_01363,6,5,0.8571428571428571,0.0006685395352134,0.0001574468085106,0.0181818181818181,8243.89,22210.9,19,43,5,6,433.888947368421,277.25457535338523,0.0,1,19,False,normal,0.1721433780358544,0.0250345425738494,0.1132998438510524,53.0187074829932,NORMAL,False,0.0,False
ACC_01462,7,5,0.75,0.0003992833106569,0.0021446808510638,0.0,17003.36,9415.8,25,22,5,7,680.1344,496.6273281854984,0.04,1,25,False,normal,0.1740775209684283,0.0221261493016449,0.1132969723017149,52.97619047619048,NORMAL,False,0.0,False
ACC_00837,3,9,2.5,0.0002019593427812,2.127659574468085e-05,0.0,14942.61,5334.16,27,9,9,3,553.4300000000001,356.21517980439427,0.037037037037037,1,27,False,normal,0.1816891162074437,0.0104891349805593,0.11320912371669,52.93367346938776,NORMAL,False,0.0,False
ACC_00427,7,10,1.375,0.0001512538859463,0.002155744680851,0.0073529411764705,18047.52,4677.65,28,13,10,7,644.5542857142857,407.2315122368726,0.0357142857142857,1,27,False,normal,0.1801651423616962,0.0127593506379251,0.1132028256721878,52.89115646258503,NORMAL,False,0.0,False
ACC_00999,6,9,1.4285714285714286,0.0004599585211718,2.553191489361702e-06,0.0,13834.22,11198.7,31,28,9,6,446.26516129032257,280.4736923833317,0.0,2,31,False,normal,0.1802101713032237,0.0125753046772819,0.113156224652847,52.84863945578231,NORMAL,False,0.0,False
ACC_00035,5,10,1.8333333333333333,0.0003492616655403,0.0023387234042553,0.0,12309.05,7162.92,28,19,10,5,439.6089285714285,276.82722908969083,0.0714285714285714,1,28,False,normal,0.1823128023542471,0.0091911054904566,0.1130641236087309,52.80612244897959,NORMAL,False,0.0,False
ACC_01218,10,8,0.8181818181818182,0.0009100564544381,0.0011165957446808,0.0,10944.46,25747.91,22,54,8,10,497.4754545454545,467.8750640189493,0.0,1,22,False,normal,0.1657350472733299,0.0338822728911064,0.1129939375204405,52.76360544217688,NORMAL,False,0.0,False
ACC_00906,6,6,1.0,0.0006073861929127,0.0002170212765957,0.0181818181818181,9026.72,20250.75,22,33,6,6,410.3054545454545,239.6890703296624,0.0454545454545454,1,22,False,normal,0.1802356958636678,0.0120061812456807,0.1129438900164729,52.72108843537416,NORMAL,False,0.0,False
ACC_00171,12,12,1.0,0.0006581646565215,0.0038212595403573,0.0036231884057971,16098.26,19141.9,32,33,12,12,503.070625,348.6673617567831,0.0,1,28,False,normal,0.1800652111339518,0.0119307067336755,0.1128114093738412,52.67857142857143,NORMAL,False,0.0,False
ACC_01441,6,11,1.7142857142857142,0.0003488730567819,0.0044008510638297,0.0073529411764705,7507.54,10805.86,17,22,11,6,441.62,359.5637034135954,0.0,1,17,False,normal,0.1732940028540732,0.0219759072096276,0.1127667645962949,52.63605442176871,NORMAL,False,0.0,False
ACC_01566,5,8,1.5,0.0005913320825265,1.1063829787234042e-05,0.0151515151515151,7876.7,12692.38,15,29,8,5,525.1133333333333,273.02287718553305,0.0,1,14,False,normal,0.1701133276977207,0.0266537972737875,0.1127295155281474,52.59353741496599,NORMAL,False,0.0,False
ACC_00051,4,8,1.8,0.0002573233052237,0.0008595744680851,0.0,17177.89,4996.94,25,10,8,4,687.1156,511.2259847177828,0.0,1,25,False,normal,0.1757753127270515,0.0179796523195117,0.1126570485640356,52.55102040816326,NORMAL,False,0.0,False
ACC_01712,4,3,0.8,0.000201224091508,0.0,0.0,11794.02,3398.85,21,8,3,4,561.62,379.17865545149033,0.0,1,21,False,normal,0.1751622056677604,0.0186377196855322,0.1125524112748691,52.50850340136054,NORMAL,False,0.0,False
ACC_00111,13,8,0.6428571428571429,0.0005826442540445,0.0040370101905939,0.0,10651.82,19363.34,20,37,8,13,532.591,443.23791767188106,0.0,1,20,False,normal,0.1735446883561303,0.0209814663032931,0.1125193995349954,52.46598639455783,NORMAL,False,0.0,False
ACC_00789,9,10,1.1,0.0003800764686202,0.008355744680851,0.0058479532163742,13973.46,20561.33,29,35,10,9,481.8434482758621,293.4124800427337,0.0344827586206896,1,28,False,normal,0.1809652902769315,0.0097911943669122,0.1124956519129238,52.42346938775511,NORMAL,False,0.0,False
ACC_00710,12,5,0.4615384615384615,0.0006846980455937,0.0016637530379908,0.0,9944.64,19465.76,23,39,5,12,432.375652173913,380.6578426263729,0.0434782608695652,1,22,False,normal,0.1782984721441094,0.0135537073846518,0.1124005662403263,52.38095238095239,NORMAL,False,0.0,False
ACC_00064,11,4,0.4166666666666667,0.0005516767960078,0.0021727659574468,0.019047619047619,10023.6,18636.36,24,40,4,11,417.65,258.22916697821114,0.0,1,24,False,normal,0.174052911472392,0.0198387509712762,0.1123672472719456,52.33843537414966,NORMAL,False,0.0,False
ACC_01351,10,7,0.7272727272727273,0.0003574171259996,0.0015213405534473,0.0073529411764705,7268.79,10761.59,17,17,7,10,427.5758823529412,342.0471088362468,0.0588235294117647,1,16,False,normal,0.1726595344730125,0.0215600030791369,0.1122197219154623,52.295918367346935,NORMAL,False,1.0,True
ACC_00801,9,9,1.0,0.0006411466329034,0.0074578723404255,0.0,7810.69,14201.02,18,26,9,9,433.9272222222222,389.28645520937033,0.0,1,17,False,normal,0.1747171633625993,0.0181820897831325,0.1121031339308126,52.25340136054422,NORMAL,False,0.0,False
ACC_00492,8,9,1.1111111111111112,0.0008870762517181,0.0008323404255319,0.0,13107.15,25906.81,32,42,9,8,409.5984375,296.5562233927383,0.0,1,32,False,normal,0.1690637537459232,0.0262171866504745,0.1119251269077438,52.21088435374149,NORMAL,False,0.0,False
ACC_01050,5,4,0.8333333333333334,0.0002708473928129,0.0003702127659574,0.0277777777777777,9313.86,6649.99,22,13,4,5,423.3572727272728,323.4707574504086,0.0454545454545454,1,22,False,normal,0.1818382191260789,0.0062985124333741,0.111622336448997,52.16836734693877,NORMAL,False,0.0,False
ACC_01779,10,7,0.7272727272727273,0.0010031699855558,0.0008034042553191,0.0,8602.26,25019.78,22,48,7,10,391.01181818181817,303.07769006573943,0.0,1,22,False,normal,0.1706695432663056,0.022667868793354,0.111468873477125,52.12585034013606,NORMAL,False,0.0,False
ACC_01405,7,3,0.5,0.0004276609526852,0.0003061442033002,0.0,15493.98,9236.55,27,22,3,7,573.8511111111111,371.8600893257212,0.037037037037037,1,27,False,normal,0.1735908947997811,0.0180552909917411,0.1113766532765651,52.083333333333336,NORMAL,False,0.0,False
ACC_01365,5,7,1.3333333333333333,0.0001595843195649,0.0043653263974758,0.0151515151515151,12559.06,3770.35,28,6,7,5,448.5378571428572,336.31063011533166,0.0357142857142857,1,28,False,normal,0.1749088567406499,0.0152053863070957,0.1110274685672282,52.04081632653062,NORMAL,False,0.0,False
ACC_01535,10,9,0.9090909090909092,0.0006550444131327,0.0043395744680851,0.0,11303.91,17840.11,19,33,9,10,594.9426315789474,509.727992319238,0.0,1,19,False,normal,0.1663783723131222,0.0274981717851663,0.1108262921019398,51.99829931972789,NORMAL,False,0.0,False
ACC_01996,9,9,1.0,0.0009795900659584,0.0011404255319148,0.0196078431372549,14689.42,19645.56,30,36,9,9,489.6473333333333,237.45271713628017,0.0,1,29,False,normal,0.1633611596825409,0.0318936978687857,0.1107741749570388,51.955782312925166,NORMAL,False,0.0,False
ACC_01913,4,8,1.8,0.0001697839516136,0.0012066686564618,0.0,18079.59,5288.62,34,14,8,4,531.7526470588235,454.6222700507687,0.0,1,33,False,normal,0.1750249805798954,0.0140768201077196,0.110645716391025,51.91326530612245,NORMAL,False,1.0,True
ACC_00971,5,9,1.6666666666666667,0.0002127559745605,0.0014178723404255,0.0,18383.22,3484.14,32,8,9,5,574.475625,401.7309295386452,0.03125,1,32,False,normal,0.1758927933185957,0.0127442190523318,0.1106333636120901,51.87074829931972,NORMAL,False,0.0,False
ACC_00832,3,8,2.25,0.0001493690751705,0.0009208510638297,0.0,14381.58,2730.81,30,7,8,3,479.386,292.7302887100613,0.0,1,30,False,normal,0.1745506763742394,0.0146506238600413,0.1105906553685601,51.828231292517,NORMAL,False,0.0,False
ACC_01095,8,5,0.6666666666666666,0.0004886460160718,0.0002434042553191,0.0128205128205128,10157.91,15700.23,24,32,5,8,423.24625,322.37715771400565,0.0,2,24,False,normal,0.1789008016448537,0.0080687171994189,0.1105679678666798,51.78571428571429,NORMAL,False,0.0,False
ACC_01457,11,11,1.0,0.0007245004559571,0.0063096405577111,0.0,13348.72,19156.16,31,46,11,11,430.6038709677419,326.65773666716683,0.0,1,31,False,normal,0.1755658182782962,0.0125436522511689,0.1103569518674453,51.743197278911566,NORMAL,False,1.0,True
ACC_00392,9,11,1.2,0.000574071620938,0.0005696499381742,0.0157894736842105,8836.39,20277.88,19,37,11,9,465.0731578947368,268.3904175523376,0.0,1,18,False,normal,0.1605802852212104,0.0348123042134823,0.1102730928181192,51.70068027210885,NORMAL,False,0.0,False
ACC_00077,7,5,0.75,0.0004953353490232,0.0007879588965164,0.0454545454545454,10559.88,12882.69,26,22,5,7,406.1492307692308,300.7556572491773,0.0,1,26,False,normal,0.1803925048842339,0.0047008021197624,0.1101158237784453,51.65816326530612,NORMAL,False,0.0,False
ACC_01664,12,6,0.5384615384615384,0.0005533114881938,0.0048459574468085,0.0,10934.53,16408.68,26,37,6,12,420.55884615384616,267.81536459773065,0.0384615384615384,1,26,False,normal,0.1728833198287957,0.0159347730501121,0.1101039011173223,51.6156462585034,NORMAL,False,0.0,False
ACC_01253,4,10,2.2,0.0003262255746907,0.0001693617021276,0.0109890109890109,14993.8,11608.94,23,21,10,4,651.9043478260869,470.6028586227176,0.0,1,21,False,normal,0.1686957690295009,0.0220889182899996,0.1100530287337004,51.57312925170068,NORMAL,False,0.0,False
ACC_00868,5,7,1.3333333333333333,0.0003210424887781,0.0002468085106382,0.0,12813.24,11737.26,25,21,7,5,512.5296,414.8460567837183,0.04,2,25,False,normal,0.1793368191223826,0.0058453036808372,0.1099402129457644,51.53061224489795,NORMAL,False,0.0,False
ACC_00188,10,7,0.7272727272727273,0.0006082421405032,0.0017293617021276,0.0,13040.6,12255.63,27,31,7,10,482.9851851851852,271.6788006985507,0.037037037037037,2,27,False,normal,0.1761147993751747,0.0102288481194652,0.1097604188728909,51.488095238095234,NORMAL,False,1.0,True
ACC_01430,9,8,0.9,0.000674296448619,0.0004765957446808,0.0073529411764705,10222.27,17837.26,18,39,8,9,567.9038888888889,428.1222795518738,0.0555555555555555,1,17,False,normal,0.1680522749714815,0.0222492946836074,0.1097310828563318,51.44557823129252,NORMAL,False,0.0,False
ACC_00799,6,8,1.2857142857142858,0.0005894876001552,0.00052,0.0109890109890109,10262.67,12676.97,25,29,8,6,410.5068,254.06211656338428,0.0,2,25,False,normal,0.174621343075528,0.0121342295750031,0.1096264976753181,51.4030612244898,NORMAL,False,0.0,False
ACC_00101,5,11,2.0,0.0003810269923436,0.0023880851063829,0.0,9853.51,7499.96,28,20,11,5,351.91107142857146,196.5924936274561,0.0,1,28,False,normal,0.1661757191333656,0.024757908427117,0.1096085948508662,51.36054421768708,NORMAL,False,0.0,False
ACC_00855,3,7,2.0,0.0002838549693674,0.0001702127659574,0.0,16391.86,9089.25,33,13,7,3,496.7230303030303,365.9054036008218,0.0303030303030303,1,31,False,normal,0.1726135368123735,0.0150655936649279,0.1095943595533952,51.31802721088435,NORMAL,False,0.0,False
ACC_01252,12,7,0.6153846153846154,0.0004156296439145,0.0045299108856009,0.0116959064327485,9124.99,14474.79,21,30,7,12,434.5233333333333,278.68125262265727,0.0476190476190476,1,21,False,normal,0.1743041709822309,0.0124695467946925,0.1095703213072155,51.275510204081634,NORMAL,False,0.0,False
ACC_01440,4,10,2.2,0.0006200201057171,0.0006629787234042,0.0,12364.99,16623.16,27,28,10,4,457.96259259259256,294.13780940223074,0.037037037037037,1,27,False,normal,0.1652191085167788,0.0259421450267921,0.1095083231207841,51.23299319727891,NORMAL,False,0.0,False
ACC_01334,9,7,0.8,0.0004863592288745,0.0044527659574468,0.0083333333333333,10203.35,9195.45,20,21,7,9,510.1675,333.41449096906075,0.0,2,20,False,normal,0.1758991744526817,0.0096757647850848,0.1094098105856429,51.19047619047619,NORMAL,False,1.0,True
ACC_01286,6,6,1.0,0.000326854282543,0.0006102127659574,0.0151515151515151,13794.65,12313.74,28,26,6,6,492.6660714285714,386.5637844769992,0.0,2,28,False,normal,0.1766977841642716,0.0080742747532567,0.1092483803998656,51.14795918367348,NORMAL,False,0.0,False
ACC_00853,7,10,1.375,0.0005524412552781,0.0034110638297872,0.0,6848.56,12476.84,15,26,10,7,456.5706666666667,321.7284260825018,0.0,1,15,False,normal,0.1661306343741798,0.0236550813993402,0.1091404131842439,51.10544217687075,NORMAL,False,0.0,False
ACC_00957,7,3,0.5,0.000318527347662,2.723404255319149e-05,0.0,14630.25,5825.8,23,12,3,7,636.0978260869565,337.1320657864258,0.0,1,23,False,normal,0.1689804060886609,0.0191444545735411,0.109046025482613,51.06292517006803,NORMAL,False,0.0,False
ACC_00942,9,10,1.1,0.0007789518972852,0.0035072340425531,0.0058479532163742,14895.89,19124.69,32,36,10,9,465.4965625,242.603173404362,0.03125,1,30,False,normal,0.1678151056921787,0.0205727819411226,0.1089181761917563,51.02040816326531,NORMAL,False,0.0,False
ACC_00527,10,3,0.3636363636363636,0.0005183486852204,0.0013738114526926,0.0,12816.9,17495.170000000002,28,35,3,10,457.74642857142857,312.60211156859265,0.0,1,26,False,normal,0.165112103829637,0.0245152789793786,0.1088733738895336,50.97789115646258,NORMAL,False,0.0,False
ACC_00849,5,11,2.0,0.0005175912517062,0.0004178723404255,0.0,12848.31,16165.89,23,36,11,5,558.6221739130434,495.5284812744371,0.0,1,23,False,normal,0.1572507778899855,0.0362983292043773,0.1088697984157422,50.93537414965986,NORMAL,False,0.0,False
ACC_00829,6,6,1.0,0.000479348066415,0.0013217021276595,0.0151515151515151,5847.18,16351.78,17,30,6,6,343.9517647058824,203.2540784103512,0.0,1,17,False,normal,0.1724976882677033,0.0134037190583394,0.1088601005839577,50.89285714285714,NORMAL,False,0.0,False
ACC_00563,9,9,1.0,0.0004715618329668,0.0044629787234042,0.0,15260.01,11577.8,27,24,9,9,565.1855555555555,418.2542832493293,0.0,2,25,False,normal,0.1778815777440823,0.00521981381278,0.1088168721715614,50.85034013605442,NORMAL,False,0.0,False
ACC_00740,7,6,0.875,0.0005447737395857,0.0001174468085106,0.0,8707.77,11921.91,20,25,6,7,435.3885,260.97793115561166,0.0,2,20,False,normal,0.1760112866096224,0.0079495731348116,0.1087866012196981,50.80782312925171,NORMAL,False,0.0,False
ACC_01113,8,6,0.7777777777777778,0.0005546130892271,0.000395744680851,0.0219780219780219,14619.52,19766.27,23,47,6,8,635.6313043478261,470.4773859245556,0.0,1,21,False,normal,0.1626744900110101,0.0273965782693925,0.108563325314363,50.76530612244898,NORMAL,False,0.0,False
ACC_01006,12,6,0.5384615384615384,0.0003818546386965,0.000476698077005,0.0130718954248366,8887.32,15322.37,23,34,6,12,386.4052173913044,209.89406312513432,0.0,1,22,False,normal,0.1615110869303362,0.0290212477285778,0.1085151512496328,50.72278911564626,NORMAL,False,0.0,False
ACC_00467,4,10,2.2,0.0001564069707852,0.0006714893617021,0.0,15109.54,3744.32,27,7,10,4,559.6125925925926,283.04408271222445,0.0,1,27,False,normal,0.1697151339003378,0.0163304924972099,0.1083612773390867,50.68027210884354,NORMAL,False,0.0,False
ACC_00889,8,8,1.0,0.0006709532493685,0.0029574468085106,0.0083333333333333,13627.49,14424.18,26,31,8,8,524.1342307692307,479.9007809551726,0.0,2,24,False,normal,0.1713958499377853,0.0133929322920334,0.1081946828794845,50.63775510204081,NORMAL,False,0.0,False
ACC_00145,5,10,1.8333333333333333,0.0004217919824879,0.0020510638297872,0.0095238095238095,9355.12,15308.79,17,25,10,5,550.3011764705883,454.04224599538026,0.0,1,17,False,normal,0.1580886002597187,0.0331285884048319,0.108104595517764,50.595238095238095,NORMAL,False,0.0,False
ACC_01371,8,5,0.6666666666666666,0.0005711518825212,0.0002694751204536,0.0,12406.88,15762.22,22,27,5,8,563.949090909091,283.9577696118628,0.0,2,22,False,normal,0.1753301419844477,0.0072493901298347,0.1080978412426025,50.55272108843537,NORMAL,False,0.0,False
ACC_01414,6,9,1.4285714285714286,0.0006904579925284,0.0,0.0,17301.33,23957.36,30,40,9,6,576.711,451.9150080021531,0.0,1,30,False,normal,0.1666610019382592,0.0197783208235421,0.1079079294923724,50.51020408163265,NORMAL,False,1.0,True
ACC_00277,3,9,2.5,0.0001725163137633,0.0019634042553191,0.0,13072.11,2786.33,27,5,9,3,484.15222222222224,297.67362192035,0.0,1,26,False,normal,0.171349690000788,0.0127423422731676,0.1079067509097398,50.46768707482994,NORMAL,False,0.0,False
ACC_01400,8,11,1.3333333333333333,0.0005058504764512,0.0008851746045282,0.0,9856.15,16918.19,29,26,11,8,339.8672413793103,173.04475246711164,0.0,1,28,False,normal,0.1571013874499128,0.0341036215885884,0.107902281105383,50.425170068027214,NORMAL,False,0.0,False
ACC_01825,10,7,0.7272727272727273,0.0003626277685082,0.0014386219247004,0.0,7406.41,12896.87,21,25,7,10,352.68619047619046,209.60686311464588,0.0476190476190476,1,20,False,normal,0.1692722708128722,0.0156958896726333,0.1078417183567767,50.38265306122449,NORMAL,False,0.0,False
ACC_01733,4,10,2.2,0.0001648323135764,0.0008723404255319,0.0219780219780219,11685.07,6834.31,22,12,10,4,531.1395454545454,413.4715737620996,0.0,1,22,False,normal,0.1673770123458579,0.0182377575694519,0.1077213104352955,50.34013605442177,NORMAL,False,0.0,False
ACC_00719,9,11,1.2,0.0009525896585878,0.0049012765957446,0.0,10172.71,16672.09,24,34,11,9,423.86291666666665,373.1956622898942,0.0,1,24,False,normal,0.1631841169817052,0.0244232210593157,0.1076797586127494,50.29761904761904,NORMAL,False,1.0,True
ACC_00695,7,9,1.25,0.0002491974740558,0.0049855319148936,0.0,17631.83,7724.81,34,17,9,7,518.5832352941177,310.2429490002428,0.0294117647058823,1,32,False,normal,0.1704379861373481,0.0135147890761392,0.1076687073128646,50.255102040816325,NORMAL,False,0.0,False
ACC_01326,11,7,0.6666666666666666,0.0008676831460375,0.0040417021276595,0.0065359477124183,14257.87,20895.26,23,38,7,11,619.9073913043478,411.8314888201173,0.0434782608695652,1,22,False,normal,0.1701854671427393,0.0134010071068727,0.1074716831283926,50.2125850340136,NORMAL,False,0.0,False
ACC_00542,4,6,1.4,0.0004466829510101,0.0001302127659574,0.0222222222222222,8799.85,9484.93,21,15,6,4,419.0404761904762,306.27298497380065,0.0476190476190476,1,21,False,normal,0.1749796102054095,0.0059472062258106,0.10736664861357,50.17006802721088,NORMAL,False,0.0,False
ACC_01844,4,5,1.2,0.0002476441985744,0.0013948936170212,0.0,6858.09,5133.32,16,11,5,4,428.630625,307.76542492551584,0.0,1,16,False,normal,0.1706695452754259,0.0124046964485576,0.1073636057446785,50.12755102040817,NORMAL,False,0.0,False
ACC_00916,7,11,1.5,0.0002971508939092,0.0052587234042553,0.0065359477124183,11339.65,5402.1,29,16,11,7,391.02241379310345,223.70789992844257,0.0,1,29,False,normal,0.1694533228435394,0.0134233896299743,0.1070413495581133,50.08503401360544,NORMAL,False,0.0,False
ACC_00285,3,10,2.75,0.0004579900914473,0.0022248752824798,0.0,10656.98,11966.56,24,19,10,3,444.0408333333333,332.2666013769361,0.0,1,24,False,normal,0.164436073840384,0.0207889592804099,0.1069772280163944,50.042517006802726,NORMAL,False,0.0,False
ACC_00588,4,9,2.0,0.0001272625709436,0.0030622948023706,0.0128205128205128,13034.65,2376.91,29,8,9,4,449.4706896551724,313.5294963103954,0.0,1,29,False,normal,0.1709187807491812,0.0110541743552551,0.1069729381916108,50.0,NORMAL,False,0.0,False
ACC_00866,6,8,1.2857142857142858,0.0008546387956701,5.531914893617022e-05,0.0329670329670329,11574.11,14191.93,26,27,8,6,445.1580769230769,415.9504790430632,0.0,1,26,False,normal,0.1648925071872334,0.0197212777711426,0.1068240154207971,49.95748299319728,NORMAL,False,0.0,False
ACC_00183,6,11,1.7142857142857142,0.0006738153991614,0.0003012765957446,0.0073529411764705,14206.11,15588.55,34,31,11,6,417.8267647058824,334.8814452791405,0.0,1,33,False,normal,0.1608918433006892,0.0256559465582645,0.1067974846037193,49.91496598639456,NORMAL,False,0.0,False
ACC_00232,8,6,0.7777777777777778,0.0004213755697324,0.0005165957446808,0.0,6841.92,10991.03,17,15,6,8,402.4658823529412,252.402126577284,0.0588235294117647,1,17,False,normal,0.1701992918852189,0.0116633056962388,0.1067848974096268,49.87244897959184,NORMAL,False,0.0,False
ACC_01332,7,6,0.875,0.0001553064123043,0.004355945934422,0.0128205128205128,15346.6,3157.13,31,7,6,7,495.0516129032258,378.17551992072646,0.0,1,30,False,normal,0.1589376298523801,0.028331626320915,0.1066952284397941,49.82993197278912,NORMAL,False,0.0,False
ACC_00950,12,7,0.6153846153846154,0.000397413022265,0.002367659574468,0.0058479532163742,17721.33,11751.66,33,29,7,12,537.0100000000001,375.3320093180837,0.0,1,32,False,normal,0.1616415963941592,0.02425825974554,0.1066882617347115,49.78741496598639,NORMAL,False,0.0,False
ACC_00219,7,10,1.375,0.000431027964158,0.0019306698503389,0.0,12169.97,13873.43,22,23,10,7,553.1804545454546,414.2889868710496,0.0,2,21,False,normal,0.1703179979660492,0.0110706546771502,0.1066190606504896,49.74489795918368,NORMAL,False,0.0,False
ACC_00633,5,7,1.3333333333333333,0.0003571972624347,0.0009030827612672,0.0,14072.05,17290.92,24,29,7,5,586.3354166666667,391.8885540889218,0.0,2,24,False,normal,0.1704182784990979,0.0102106747694562,0.1063352370072412,49.70238095238096,NORMAL,False,0.0,False
ACC_00438,8,7,0.8888888888888888,0.0005744050323229,3.063829787234043e-05,0.0,14054.81,12623.25,24,29,7,8,585.6170833333333,333.03468297616723,0.0416666666666666,2,23,False,normal,0.1749814176135605,0.0032846147328945,0.1063026964612941,49.65986394557823,NORMAL,False,0.0,False
ACC_01318,10,4,0.4545454545454545,0.000824862506651,0.0006825531914893,0.0,12423.91,25756.61,23,46,4,10,540.17,305.05719566545673,0.0,1,22,False,normal,0.1649431064210406,0.0180183814075462,0.1061732164156428,49.61734693877551,NORMAL,False,0.0,False
ACC_01338,7,4,0.625,0.0001644022267423,0.0019855319148936,0.0181818181818181,15055.72,3887.7,29,11,4,7,519.1627586206896,392.0611403020904,0.0,1,29,False,normal,0.1573408320178462,0.0292586571289189,0.1061079620622753,49.57482993197279,NORMAL,False,0.0,False
ACC_00603,10,5,0.5454545454545454,0.0006043892192843,0.0002025531914893,0.0095238095238095,8968.39,19223.07,19,40,5,10,472.0205263157894,285.57540297273664,0.0526315789473684,1,19,False,normal,0.1689904309792098,0.0115537074206479,0.106015741555785,49.53231292517007,NORMAL,False,0.0,False
ACC_01556,5,9,1.6666666666666667,0.0001577859439698,0.0037617021276595,0.0109890109890109,13004.01,4102.09,23,8,9,5,565.3917391304348,518.3686479774108,0.0,1,23,False,normal,0.159000739775234,0.0264316317299433,0.1059730965571177,49.48979591836735,NORMAL,False,0.0,False
ACC_01611,9,8,0.9,0.0002597543804992,0.0089804255319148,0.0,15057.18,7519.66,31,16,8,9,485.7154838709678,333.45544305887614,0.0,1,30,False,normal,0.1625939951909395,0.0210380962487603,0.1059716356140678,49.447278911564624,NORMAL,False,0.0,False
ACC_00774,6,11,1.7142857142857142,0.0002862661273894,6.893617021276597e-05,0.0294117647058823,15061.83,6426.18,31,15,11,6,485.86548387096775,316.4499251681452,0.0,1,29,False,normal,0.161294906160369,0.022822199486643,0.1059058234908786,49.40476190476191,NORMAL,False,0.0,False
ACC_01549,7,7,1.0,0.000383290902138,0.0019668085106382,0.0,12662.3,11969.47,32,24,7,7,395.696875,331.9758208493941,0.0,2,31,False,normal,0.1693211325376098,0.0107491566872626,0.1058923421974709,49.36224489795919,NORMAL,False,0.0,False
ACC_00113,12,10,0.8461538461538461,0.0004628764915018,0.002887659574468,0.0043290043290043,16419.75,14765.52,26,28,10,12,631.5288461538462,359.7369663332021,0.0384615384615384,1,26,False,normal,0.1673735362746877,0.0130234860156372,0.1056335161710675,49.31972789115646,NORMAL,False,0.0,False
ACC_00322,11,6,0.5833333333333334,0.0005861594760935,0.0020621276595744,0.0220588235294117,8359.79,14717.87,17,34,6,11,491.7523529411765,269.32877894706616,0.0,1,17,False,normal,0.1679288217279525,0.0118720811004848,0.1055061254769655,49.27721088435374,NORMAL,False,0.0,False
ACC_01495,8,7,0.8888888888888888,0.0004596603365527,0.0002970212765957,0.0,19390.41,11943.03,31,32,7,8,625.4970967741936,519.3758913041275,0.0,1,31,False,normal,0.167588127929697,0.0119935656172027,0.1053503030046993,49.234693877551024,NORMAL,False,0.0,False
ACC_01911,10,5,0.5454545454545454,0.0004707030219425,0.0,0.0095238095238095,17497.75,9900.38,32,18,5,10,546.8046875,382.66724670805706,0.0,1,32,False,normal,0.1586052622601318,0.0251657179078694,0.1052294445192268,49.1921768707483,NORMAL,False,0.0,False
ACC_01091,7,10,1.375,0.0003220197785336,0.0038246808510638,0.0,12372.73,9626.43,24,15,10,7,515.5304166666666,359.680662562721,0.0,2,23,False,normal,0.1708749196919088,0.006651232794455,0.1051854449329273,49.14965986394558,NORMAL,False,0.0,False
ACC_01296,5,12,2.1666666666666665,0.0001876998794487,0.0014714893617021,0.0083333333333333,13632.16,4409.98,29,11,12,5,470.0744827586207,278.3884237457006,0.0,1,28,False,normal,0.158086926511917,0.0256614518116844,0.105116736631824,49.10714285714285,NORMAL,False,0.0,False
ACC_00055,7,8,1.125,0.0002607723218151,0.0021361702127659,0.0,10826.08,6230.87,20,10,8,7,541.304,340.58103585366865,0.0,2,20,False,normal,0.1661358119841052,0.0134574882137406,0.1050644824759594,49.064625850340136,NORMAL,False,0.0,False
ACC_00592,3,7,2.0,0.0001833236954328,1.6170212765957446e-05,0.0222222222222222,13883.36,5590.38,24,8,7,3,578.4733333333334,320.32799550062634,0.0,1,24,False,normal,0.1701496232553406,0.0074362195453383,0.1050642617713397,49.02210884353742,NORMAL,False,0.0,False
ACC_01719,7,5,0.75,0.0004721943813742,0.0006984181128213,0.0151515151515151,6447.35,10270.37,15,17,5,7,429.8233333333334,268.3306848346076,0.0,1,15,False,normal,0.1689947668762106,0.0090850590822711,0.1050308837586348,48.97959183673469,NORMAL,False,0.0,False
ACC_01891,7,9,1.25,0.0006365855838356,0.005130260521042,0.0,7026.68,21140.38,19,32,9,7,369.8252631578948,337.61107739804885,0.0,1,19,False,normal,0.16391341244973,0.0163349334555402,0.1048820208520541,48.93707482993197,NORMAL,False,0.0,False
ACC_01237,13,8,0.6428571428571429,0.0005489349009672,0.0051353771372532,0.0142857142857142,11474.98,16946.33,21,38,8,13,546.427619047619,313.936259388825,0.0,1,21,False,normal,0.1668807048294366,0.0117372596925897,0.1048233267746978,48.89455782312925,NORMAL,False,0.0,False
ACC_01576,7,6,0.875,0.0005930649103782,0.000663829787234,0.0,13556.8,16651.99,28,36,6,7,484.1714285714285,351.4351933694523,0.0,2,28,False,normal,0.1670760868593655,0.0111615394522309,0.1047102678965116,48.85204081632653,NORMAL,False,0.0,False
ACC_01586,6,11,1.7142857142857142,0.0005981493784182,0.007096746684859,0.0147058823529411,10943.43,14364.52,22,28,11,6,497.4286363636364,348.2076055116362,0.0,1,22,False,normal,0.1615698496619869,0.0190757101354579,0.1045721938513753,48.80952380952381,NORMAL,False,0.0,False
ACC_01769,9,7,0.8,0.0005097577278823,0.0027625531914893,0.0083333333333333,13618.04,11784.11,30,19,7,9,453.9346666666667,286.7211330475868,0.0,2,30,False,normal,0.164178582852093,0.0149748660604245,0.1044970961354256,48.767006802721085,NORMAL,False,0.0,False
ACC_00687,4,11,2.4,0.0001872102794704,0.0002851063829787,0.0,12479.17,6142.17,27,7,11,4,462.1914814814815,393.49372176306906,0.0,1,27,False,normal,0.1600125155548464,0.0211844731022971,0.1044812985738267,48.724489795918366,NORMAL,False,0.0,False
ACC_01186,9,5,0.6,0.0003032288855502,0.0022834042553191,0.0329670329670329,12176.0,10275.28,22,23,5,9,553.4545454545455,425.03630248012223,0.0,1,21,False,normal,0.1637330082332651,0.0155662562531732,0.1044663074412284,48.68197278911565,NORMAL,False,1.0,True
ACC_00909,9,7,0.8,0.0005753898957875,0.0005625531914893,0.0,16461.21,14854.33,30,30,7,9,548.707,410.32505665420416,0.0,2,29,False,normal,0.1707763313510909,0.0049553065736991,0.1044479214401341,48.63945578231292,NORMAL,False,0.0,False
ACC_00852,5,11,2.0,0.0003119426249618,0.0002553191489361,0.0166666666666666,15936.36,10358.22,26,23,11,5,612.9369230769231,372.7335050114946,0.0384615384615384,1,26,False,normal,0.1632485013956927,0.0160453774414961,0.104367251814014,48.5969387755102,NORMAL,False,0.0,False
ACC_00142,8,5,0.6666666666666666,0.0004759909412031,0.0022282863599539,0.0,9726.51,10828.04,21,24,5,8,463.1671428571429,306.6257986559979,0.0,2,21,False,normal,0.1659717203884406,0.0114259685158945,0.1041534196394221,48.554421768707485,NORMAL,False,0.0,False
ACC_00922,7,4,0.625,0.0005526334490741,2.893617021276596e-05,0.0181818181818181,7687.09,16696.72,20,25,4,7,384.3545,238.36503009758167,0.0,1,20,False,normal,0.1695694744950431,0.0057374889929865,0.1040366802942205,48.51190476190476,NORMAL,False,0.0,False
ACC_01584,3,7,2.0,0.0003760784014012,0.0001948936170212,0.0,9254.75,5424.39,24,11,7,3,385.6145833333333,212.90493610344063,0.0,1,24,False,normal,0.1628381513930415,0.015257509559764,0.1038058946597305,48.46938775510204,NORMAL,False,0.0,False
ACC_01714,10,6,0.6363636363636364,0.0004643327762539,0.0026231185775806,0.0,13482.68,13946.22,31,29,6,10,434.9251612903226,312.98179707315217,0.064516129032258,1,30,False,normal,0.163915944355545,0.013613669349414,0.1037950343530926,48.42687074829932,NORMAL,False,0.0,False
ACC_00041,5,6,1.1666666666666667,0.0002367187987648,0.0002459574468085,0.0,12681.45,3894.64,27,5,6,5,469.6833333333333,373.9983208415617,0.074074074074074,1,26,False,normal,0.164492826162363,0.0126993184969997,0.1037754230962177,48.3843537414966,NORMAL,False,0.0,False
ACC_00362,8,9,1.1111111111111112,0.0007032004896162,0.0055982978723404,0.0,11358.33,16285.32,25,45,9,8,454.3332,288.6533713747338,0.04,1,25,False,normal,0.1580249972057533,0.0223777975747696,0.1037661173533598,48.34183673469388,NORMAL,False,0.0,False
ACC_01097,6,11,1.7142857142857142,0.0005146947047542,0.0025548936170212,0.0073529411764705,14969.38,10315.37,32,23,11,6,467.793125,337.79676698196465,0.0625,1,31,False,normal,0.1646497375019462,0.012203808283334,0.1036713658145013,48.29931972789115,NORMAL,False,0.0,False
ACC_00913,10,7,0.7272727272727273,0.0008337654951822,0.0041012765957446,0.0147058823529411,7404.32,18903.22,18,35,7,10,411.3511111111111,293.86523675855807,0.0,1,18,False,normal,0.1644404124691681,0.0122996106294429,0.103584091733278,48.25680272108844,NORMAL,False,1.0,True
ACC_00175,8,7,0.8888888888888888,0.0003584758050383,0.0006156994840745,0.0,13841.5,15431.13,25,30,7,8,553.66,353.5398013779118,0.04,2,25,False,normal,0.1685625319505831,0.0060702825730419,0.1035656321995666,48.21428571428572,NORMAL,False,0.0,False
ACC_00824,4,12,2.6,0.0003166098534882,0.0002689361702127,0.0,13561.71,6506.07,25,12,12,4,542.4684000000001,350.2888170933618,0.0,1,25,False,normal,0.1555992362105987,0.0254338935541424,0.1035330991480162,48.17176870748299,NORMAL,False,0.0,False
ACC_01950,12,9,0.7692307692307693,0.0007352712900656,0.0027800281413891,0.0047619047619047,11861.32,24565.92,23,54,9,12,515.7095652173913,347.38656545539186,0.0,1,23,False,normal,0.1570821437130753,0.0225522119906257,0.1032701710240954,48.12925170068027,NORMAL,False,0.0,False
ACC_01475,4,10,2.2,0.0001808826598038,0.0007012765957446,0.0109890109890109,10168.01,3332.91,20,10,10,4,508.4005,286.1307266466078,0.0,1,20,False,normal,0.1596973594862811,0.0184960383910357,0.1032168310481829,48.08673469387755,NORMAL,False,0.0,False
ACC_00704,11,10,0.9166666666666666,0.0004619493271277,0.0020587234042553,0.0095238095238095,13230.82,12503.26,26,26,10,11,508.8776923076923,354.08112094612096,0.0,2,26,False,normal,0.164027542386814,0.0119671129568646,0.1032033706148343,48.044217687074834,NORMAL,False,0.0,False
ACC_01657,4,9,2.0,0.0002211830720983,0.0056093617021276,0.0128205128205128,12414.54,6595.2,27,15,9,4,459.7977777777778,280.9872502354365,0.0,1,26,False,normal,0.1652483296181123,0.0100206188641812,0.1031572453165399,48.00170068027211,NORMAL,False,0.0,False
ACC_00383,4,5,1.2,0.0001397751529314,0.0019174468085106,0.0,12502.57,1705.75,26,4,5,4,480.8680769230769,262.02210451821395,0.0,1,26,False,normal,0.1594165574120938,0.0187395997938191,0.1031457743647839,47.95918367346938,NORMAL,False,0.0,False
ACC_00646,10,7,0.7272727272727273,0.0006510086431012,0.0029753123267812,0.0073529411764705,6360.65,15531.82,18,34,7,10,353.3694444444444,225.3672774272417,0.0,1,18,False,normal,0.1644091937724989,0.0108646467257028,0.1029913749537805,47.91666666666667,NORMAL,False,0.0,False
ACC_01505,9,7,0.8,0.0006321983429448,0.0008068085106382,0.0,10062.03,22906.22,22,47,7,9,457.365,229.16053106418445,0.0454545454545454,1,22,False,normal,0.1572410433723069,0.021374197082578,0.1028943048564153,47.874149659863946,NORMAL,False,0.0,False
ACC_01643,8,5,0.6666666666666666,0.0008015799910544,0.0016348936170212,0.0128205128205128,16520.26,14417.72,33,27,5,8,500.61393939393935,295.6752040662544,0.0,1,32,False,normal,0.1520356849665916,0.029129964619077,0.1028733968275857,47.83163265306122,NORMAL,False,0.0,False
ACC_01367,5,9,1.6666666666666667,0.0003753564476181,0.0010961702127659,0.0,12944.8,10000.15,22,18,9,5,588.4,334.9607843997776,0.1363636363636363,1,22,False,normal,0.1667462917638549,0.0064079422395515,0.1026109519541336,47.7891156462585,NORMAL,False,0.0,False
ACC_01918,9,6,0.7,0.0004906600596752,0.0005960857885984,0.0,7375.34,10143.69,19,20,6,9,388.1757894736842,230.1205717376048,0.0526315789473684,1,19,False,normal,0.163283858575925,0.0110926533561703,0.1024073764880231,47.74659863945578,NORMAL,False,0.0,False
ACC_01849,6,7,1.1428571428571428,0.0005013775444037,0.0008306382978723,0.0256410256410256,7045.5,10467.58,15,19,7,6,469.7,326.93778702639173,0.0,1,14,False,normal,0.1614710345865193,0.0134546543527057,0.1022644824929939,47.704081632653065,NORMAL,False,0.0,False
ACC_01713,6,5,0.8571428571428571,0.0004792004704897,0.0004272340425531,0.0,10504.07,12488.98,24,23,5,6,437.6695833333333,281.0442718564054,0.0,2,22,False,normal,0.164384641580763,0.0085241129660931,0.102040430134895,47.66156462585034,NORMAL,False,1.0,True
ACC_00827,9,11,1.2,0.0003550868556997,0.0051149106724086,0.0052631578947368,10043.47,11010.15,19,25,11,9,528.6036842105262,333.33951329622084,0.0526315789473684,1,19,False,normal,0.1615784384785351,0.0126764872779955,0.1020176579983193,47.61904761904761,NORMAL,False,0.0,False
ACC_01174,10,11,1.0909090909090908,0.0004777813046815,0.0057685106382978,0.0047619047619047,9079.43,11019.55,26,25,11,10,349.20884615384614,206.062744839079,0.0,1,26,False,normal,0.1620312627092917,0.0116689596033801,0.101886341466927,47.5765306122449,NORMAL,False,0.0,False
ACC_00820,11,9,0.8333333333333334,0.0007588420938269,0.0035540425531914,0.0157894736842105,13897.32,22917.67,29,43,9,11,479.2179310344828,348.4557726842749,0.0344827586206896,1,29,False,normal,0.1647084031065375,0.0073495366127453,0.1017648565090206,47.534013605442176,NORMAL,False,0.0,False
ACC_01202,5,9,1.6666666666666667,0.0004744976464485,0.0001455319148936,0.0109890109890109,13041.63,11648.57,27,20,9,5,483.02333333333337,290.4739369746251,0.0,2,26,False,normal,0.1634032773000693,0.009298627673199,0.1017614174493211,47.49149659863946,NORMAL,False,0.0,False
ACC_01135,9,8,0.9,0.0005577251094783,0.0007939282820961,0.0073529411764705,22334.64,12702.32,31,24,8,9,720.4722580645162,413.7162101868838,0.0,1,29,False,normal,0.1652848952427516,0.0063080882839028,0.1016941724592121,47.44897959183674,NORMAL,False,0.0,False
ACC_01250,11,10,0.9166666666666666,0.0005746671147699,0.0069531914893617,0.0,9904.03,19439.17,26,39,10,11,380.9242307692308,316.5439839412284,0.0,1,26,False,normal,0.1673229163188546,0.0032508668301567,0.1016940965233755,47.406462585034014,NORMAL,False,0.0,False
ACC_00564,10,5,0.5454545454545454,0.0002620451566507,0.0027715004477039,0.0285714285714285,12410.6,9197.0,24,23,5,10,517.1083333333333,415.9578082457159,0.0,1,24,False,normal,0.1550548960950712,0.0215541520823947,0.1016545984900006,47.363945578231295,NORMAL,False,0.0,False
ACC_01342,10,10,1.0,0.0004043202077584,0.0084688525988146,0.0052631578947368,16301.69,14450.53,32,26,10,10,509.4278125,320.10235734672665,0.0,1,31,False,normal,0.1639457787898419,0.0077323016137658,0.1014603879194114,47.32142857142857,NORMAL,False,0.0,False
ACC_01533,4,6,1.4,0.0002272268924236,0.0001923404255319,0.0,17382.27,5283.91,29,10,6,4,599.3886206896552,446.72316345747976,0.0344827586206896,1,28,False,normal,0.1604061159394959,0.0129641020849695,0.1014293103976854,47.27891156462585,NORMAL,False,0.0,False
ACC_01994,7,8,1.125,0.0004321954690363,0.0016246808510638,0.0,12670.11,17733.670000000002,25,32,8,7,506.8044,296.88252608116454,0.04,2,24,False,normal,0.164745445047729,0.0063728209852502,0.1013963954227375,47.23639455782313,NORMAL,False,1.0,True
ACC_01074,6,8,1.2857142857142858,0.0001916082394104,0.0020808510638297,0.0,12199.32,4090.49,24,10,8,6,508.305,375.5932781845161,0.0,2,24,False,normal,0.1622707520772885,0.0098921490575975,0.1013193108694121,47.19387755102041,NORMAL,False,0.0,False
ACC_00504,6,11,1.7142857142857142,0.0005094566335922,0.0007531914893617,0.0073529411764705,13103.31,20466.13,31,35,11,6,422.6874193548387,251.41542544783977,0.0,1,31,False,normal,0.1461277705650596,0.033184634908987,0.1009505163026306,47.15136054421769,NORMAL,False,0.0,False
ACC_01370,5,5,1.0,0.0002354511233893,0.0029046808510638,0.0,8580.17,4082.12,24,9,5,5,357.50708333333336,250.20727516060973,0.0416666666666666,1,24,False,normal,0.1586840577571721,0.0143190754454357,0.1009380648324775,47.10884353741497,NORMAL,False,0.0,False
ACC_01045,12,8,0.6923076923076923,0.000446420143634,0.0039591489361702,0.0157894736842105,11942.97,11942.85,19,27,8,12,628.5773684210527,376.8142927939454,0.0,1,19,False,normal,0.1567348487512593,0.0171920022761957,0.1009177101612339,47.06632653061224,NORMAL,False,0.0,False
ACC_00692,8,9,1.1111111111111112,0.0003186957903282,0.0039227390952117,0.0147058823529411,14720.43,6551.53,29,11,9,8,507.6010344827586,325.9857685691293,0.0689655172413793,1,28,False,normal,0.1608363623013276,0.0104876913621618,0.1006968939256613,47.023809523809526,NORMAL,False,0.0,False
ACC_01669,5,7,1.3333333333333333,0.000356465123432,0.0009217021276595,0.0151515151515151,14807.31,8281.68,35,18,7,5,423.066,268.7083729206201,0.0,1,34,False,normal,0.1520017686819292,0.0236574027326439,0.1006640223022151,46.9812925170068,NORMAL,False,0.0,False
ACC_01266,9,9,1.0,0.0007719367370017,0.0006438408732358,0.0065359477124183,13721.15,19998.2,27,32,9,9,508.1907407407408,295.0596861774284,0.0,2,25,False,normal,0.1616541438466258,0.0091719597878001,0.1006612702230955,46.93877551020408,NORMAL,False,1.0,True
ACC_00557,4,7,1.6,0.0001924193956475,0.0006102127659574,0.0181818181818181,14744.21,3268.48,23,8,7,4,641.0526086956521,465.945977459906,0.0,1,22,False,normal,0.1579822608469295,0.0142050962747628,0.1004713950180628,46.89625850340136,NORMAL,False,0.0,False
ACC_01813,8,6,0.7777777777777778,0.0006351617362217,0.0017055319148936,0.0329670329670329,12183.77,19847.0,27,41,6,8,451.2507407407408,256.6486183470119,0.0,1,27,False,normal,0.1553257955056581,0.0180399883862823,0.1004114726579078,46.85374149659864,NORMAL,False,0.0,False
ACC_00423,7,5,0.75,0.0005708755268372,4.263846842621413e-06,0.0,12302.78,19351.11,31,38,5,7,396.863870967742,202.899977914857,0.0,1,29,False,normal,0.1479041235816788,0.0290253988160526,0.1003526336754283,46.81122448979592,NORMAL,False,0.0,False
ACC_00295,5,8,1.5,0.0005175135671678,0.0002208672664477,0.0384615384615384,15051.19,11713.68,30,27,8,5,501.70633333333336,340.1470259743504,0.0,1,30,False,normal,0.1593323881065894,0.011747524056221,0.100298442486442,46.7687074829932,NORMAL,False,0.0,False
ACC_00877,11,10,0.9166666666666666,0.0006449517444916,0.0006944680851063,0.0105263157894736,16938.5,17817.08,34,29,10,11,498.1911764705882,323.3162616776964,0.0,1,34,False,normal,0.154022699319703,0.0196164625155487,0.1002602045980413,46.72619047619048,NORMAL,False,0.0,False
ACC_01397,12,6,0.5384615384615384,0.0005897021915829,0.0074391489361702,0.0065359477124183,12347.06,13951.19,24,31,6,12,514.4608333333333,349.9426800754744,0.0,1,24,False,normal,0.1545432389331731,0.0188057526184595,0.1002482444072877,46.68367346938776,NORMAL,False,1.0,True
ACC_00072,10,4,0.4545454545454545,0.0002210516489181,0.0010970212765957,0.0109890109890109,12083.32,8162.05,23,16,4,10,525.3617391304348,493.0220570545424,0.0,1,23,False,normal,0.1377003192028505,0.0440019952272856,0.1002209896126246,46.64115646258503,NORMAL,False,0.0,False
ACC_00167,6,5,0.8571428571428571,0.0001796139850193,0.0023012765957446,0.0,12034.13,5137.1900000000005,23,17,5,6,523.2230434782609,344.97905998948005,0.0869565217391304,1,23,False,normal,0.1596975083105311,0.0109006008321149,0.1001787453191646,46.59863945578231,NORMAL,False,0.0,False
ACC_00003,9,7,0.8,0.0002360442529122,0.0074178723404255,0.0083333333333333,11074.99,6701.41,20,15,7,9,553.7495,460.16888255091504,0.0,1,20,False,normal,0.1456780275318774,0.0317537355055447,0.1001083107213443,46.55612244897959,NORMAL,False,0.0,False
ACC_01555,4,8,1.8,0.0001329486646563,0.0005251063829787,0.0,17099.24,4912.39,33,9,8,4,518.158787878788,393.1467435064608,0.0,1,33,False,normal,0.1565293525577699,0.0153142016803037,0.1000432922067835,46.51360544217687,NORMAL,False,0.0,False
ACC_01263,8,9,1.1111111111111112,0.0003380783387265,0.0015401014795548,0.0220588235294117,7608.809999999999,9765.16,18,19,9,8,422.7116666666666,373.65512649485,0.0555555555555555,1,18,False,normal,0.1556856476525623,0.0163227933626216,0.099940505936586,46.47108843537415,NORMAL,False,0.0,False
ACC_00355,10,6,0.6363636363636364,0.0006862098320501,0.0010331914893617,0.0083333333333333,11646.93,16967.87,26,27,6,10,447.9588461538461,376.850242099717,0.0,2,26,False,normal,0.1615678171755356,0.0074396594927338,0.0999165541024149,46.42857142857143,NORMAL,False,0.0,False
ACC_00964,11,11,1.0,0.0006548850594268,0.0053310638297872,0.0043290043290043,11894.8,14810.27,29,28,11,11,410.1655172413793,299.6981972940946,0.0344827586206896,1,29,False,normal,0.162027912212796,0.006491227902297,0.0998132384885964,46.38605442176871,NORMAL,False,0.0,False
ACC_01354,6,3,0.5714285714285714,0.0002689794009965,0.0002246808510638,0.0,9249.76,7672.7,21,21,3,6,440.46476190476193,253.33371032334105,0.0,1,21,False,normal,0.1571647763006477,0.0134118670972134,0.099663612619274,46.34353741496599,NORMAL,False,0.0,False
ACC_01592,9,5,0.6,0.0008361120022372,0.000435744680851,0.0,8344.18,21582.75,21,47,5,9,397.3419047619048,269.67517636258344,0.0,1,20,False,normal,0.1509987280189834,0.0226354202666189,0.0996534049180376,46.30102040816326,NORMAL,False,0.0,False
ACC_00338,6,7,1.1428571428571428,0.0003288459419431,0.0014936170212765,0.0,15926.43,13432.52,28,28,7,6,568.8010714285714,323.6328968919281,0.0,2,28,False,normal,0.1601398715720734,0.0083415399319036,0.0994205389160055,46.25850340136054,NORMAL,False,0.0,False
ACC_01722,5,10,1.8333333333333333,0.0001754680547791,0.0035948936170212,0.019047619047619,10418.48,3402.93,23,8,10,5,452.9773913043478,333.2154770799409,0.0,1,23,False,normal,0.1588280328061328,0.0101602013097395,0.0993609002075755,46.215986394557824,NORMAL,False,0.0,False
ACC_01001,10,10,1.0,0.0005748994119901,0.0052846117767449,0.0263157894736842,13334.2,20299.22,25,40,10,10,533.368,351.28904310885264,0.0,1,25,False,normal,0.1609466198252538,0.0067582316815297,0.0992712645677641,46.1734693877551,NORMAL,False,0.0,False
ACC_01808,7,10,1.375,0.0003650216271251,0.0038101735385664,0.0,7275.17,8904.39,17,15,10,7,427.9511764705882,282.8105457254545,0.0,1,16,False,normal,0.1546021370661002,0.0162405545550234,0.0992575040616695,46.13095238095239,NORMAL,False,0.0,False
ACC_01637,10,11,1.0909090909090908,0.0005307513361219,0.0023302127659574,0.0047619047619047,18121.1,14070.84,34,26,11,10,532.9735294117646,401.6149481695451,0.0,1,34,False,normal,0.1576498299352882,0.0114136550326673,0.0991553599742398,46.08843537414966,NORMAL,False,0.0,False
ACC_01359,6,5,0.8571428571428571,0.0002505528590466,0.0002336588069756,0.0,7977.91,4653.12,21,10,5,6,379.9004761904762,212.1199303808152,0.0476190476190476,1,21,False,normal,0.1565969849283156,0.0129597112764196,0.0991420754675572,46.045918367346935,NORMAL,False,0.0,False
ACC_00432,9,10,1.1,0.0004942870209008,0.008658167398627,0.0175438596491228,9622.39,11045.63,22,24,10,9,437.3813636363636,290.9801491232112,0.0,1,22,False,normal,0.1642190126542454,0.0015046217523385,0.0991332562934826,46.00340136054422,NORMAL,False,0.0,False
ACC_00388,12,7,0.6153846153846154,0.0006571036954933,0.001247659574468,0.0116959064327485,13793.76,26658.47,27,49,7,12,510.88,342.1125003899696,0.0,1,27,False,normal,0.1555531709390664,0.0143240500072385,0.0990615225663352,45.9608843537415,NORMAL,False,0.0,False
ACC_01934,3,6,1.75,0.0001355419393987,0.0017412765957446,0.0,11523.77,1743.7599999999998,25,3,6,3,460.9508,407.9519632048198,0.0,1,25,False,normal,0.1533677895697025,0.0174857089546823,0.0990149573236944,45.91836734693878,NORMAL,False,0.0,False
ACC_00890,8,11,1.3333333333333333,0.0006524714825272,0.0038825531914893,0.0175438596491228,15505.64,16981.42,25,38,11,8,620.2256,403.5658844505236,0.0,1,25,False,normal,0.1547168878736937,0.015127432561306,0.0988811057487386,45.87585034013605,NORMAL,False,0.0,False
ACC_00169,7,10,1.375,0.0002875056435399,0.0086323404255319,0.0,10507.48,6057.16,24,14,10,7,437.81166666666667,337.3750782742847,0.0,1,24,False,normal,0.161167061738807,0.0053722993559727,0.0988491567856733,45.83333333333333,NORMAL,False,0.0,False
ACC_00881,6,4,0.7142857142857143,0.0004419660921749,0.0012646808510638,0.0,13657.2,12952.02,33,19,4,6,413.8545454545455,273.62242129998816,0.0,1,30,False,normal,0.1463922456081527,0.0274099018662192,0.0987993081113793,45.79081632653062,NORMAL,False,0.0,False
ACC_01724,6,6,1.0,0.0003323844038979,0.0004927659574468,0.0,10047.54,5884.92,17,11,6,6,591.0317647058824,519.1622089269799,0.0,1,17,False,normal,0.1408681471644246,0.0356053243954616,0.0987630180568394,45.74829931972789,NORMAL,False,0.0,False
ACC_00845,6,7,1.1428571428571428,0.0004507776339513,0.0006706382978723,0.0128205128205128,14251.64,8229.16,25,19,7,6,570.0656,282.67613307281533,0.0,2,25,False,normal,0.1615465737408573,0.004427020847279,0.098698752583426,45.705782312925166,NORMAL,False,0.0,False
ACC_01117,9,8,0.9,0.000411890438034,0.0033191489361702,0.0147058823529411,15038.24,11433.7,29,26,8,9,518.56,363.2080783694894,0.0,2,29,False,normal,0.1607674821982785,0.0055238795291914,0.0986700411306436,45.66326530612245,NORMAL,False,0.0,False
ACC_01649,6,10,1.5714285714285714,0.0002693509887589,0.0056893617021276,0.0,16303.38,5444.1,31,13,10,6,525.9154838709678,380.410401784167,0.032258064516129,1,30,False,normal,0.1592111064560151,0.0076387594289168,0.0985821676451758,45.62074829931973,NORMAL,False,0.0,False
ACC_01921,8,9,1.1111111111111112,0.0005341943034445,0.0093540425531914,0.0,9411.86,12160.01,23,27,9,8,409.2113043478261,306.78362394519786,0.0,1,23,False,normal,0.1581721241669713,0.008948134222609,0.0984825281892264,45.57823129251701,NORMAL,False,1.0,True
ACC_01843,10,5,0.5454545454545454,0.0006847775854888,0.0010983669466592,0.0095238095238095,14705.65,23543.3,29,50,5,10,507.0913793103448,354.85137222428506,0.0,1,29,False,normal,0.1481122830172105,0.0237504051004268,0.0983675318504971,45.535714285714285,NORMAL,False,0.0,False
ACC_00276,5,5,1.0,0.0005822727977517,5.287170084850552e-05,0.0,9878.49,17289.69,23,32,5,5,429.4995652173913,242.702474394216,0.0434782608695652,1,23,False,normal,0.1537437926989039,0.0151863331909069,0.0983208088957051,45.49319727891156,NORMAL,False,0.0,False
ACC_01442,4,5,1.2,0.000201978892854,0.0002323404255319,0.0,8117.7,4926.94,16,12,5,4,507.35625,405.2541858286805,0.0,1,16,False,normal,0.1513435759137989,0.0187594488072007,0.0983099250711596,45.45068027210885,NORMAL,False,0.0,False
ACC_00038,12,11,0.9230769230769232,0.0005668053231197,0.00564,0.0,11501.21,16299.61,27,33,11,12,425.9707407407407,361.1762753722036,0.0,1,27,False,normal,0.1610365989421751,0.0040294754315434,0.0982337495379224,45.40816326530612,NORMAL,False,0.0,False
ACC_01051,7,9,1.25,0.0005915116577757,0.0042451063829787,0.0,11685.47,13773.49,28,27,9,7,417.3382142857143,346.01276631397377,0.0714285714285714,1,28,False,normal,0.1603450159015718,0.0049320795813006,0.0981798413734634,45.3656462585034,NORMAL,False,1.0,True
ACC_00131,7,6,0.875,0.0002195737590297,0.0002195744680851,0.0,14931.25,6506.37,35,14,6,7,426.6071428571428,353.8316396052144,0.0,1,35,False,normal,0.1466340073838946,0.0251074289691764,0.0980233760180073,45.32312925170068,NORMAL,False,1.0,True
ACC_00938,5,8,1.5,0.000181059726842,0.0017080970451541,0.0256410256410256,12088.82,3774.7,22,8,8,5,549.4918181818182,418.4273466620364,0.0454545454545454,1,22,False,normal,0.1556274595388199,0.0115307147154092,0.0979887616094556,45.28061224489796,NORMAL,False,0.0,False
ACC_01506,11,5,0.5,0.000903143680549,6.808510638297873e-05,0.0083333333333333,11869.82,17988.85,22,36,5,11,539.5372727272727,369.25604448973854,0.0454545454545454,1,22,False,normal,0.154986645279105,0.0122680205862751,0.097899195401973,45.23809523809524,NORMAL,False,0.0,False
ACC_01257,9,6,0.7,0.0011252364926031,0.0015812765957446,0.0,11270.96,21403.58,21,38,6,9,536.712380952381,409.0734324532059,0.0,1,19,False,normal,0.1386931006923799,0.0365704550608662,0.0978440424397744,45.19557823129252,NORMAL,False,0.0,False
ACC_00463,6,6,1.0,0.0001867882122248,0.0035370212765957,0.0,17012.18,5092.77,29,9,6,6,586.6268965517241,406.9566950119197,0.0344827586206896,1,28,False,normal,0.1485878226164615,0.0212531399292267,0.0976539495415676,45.1530612244898,NORMAL,False,0.0,False
ACC_00875,6,9,1.4285714285714286,0.0005455431861691,0.0003821276595744,0.0,13971.88,17364.49,30,42,9,6,465.7293333333333,238.4980207672279,0.0333333333333333,1,29,False,normal,0.1421787320060838,0.030848310191636,0.0976465632803047,45.11054421768708,NORMAL,False,0.0,False
ACC_00894,6,8,1.2857142857142858,0.0001451490373983,0.0042629787234042,0.0,11057.84,2012.19,28,6,8,6,394.92285714285714,279.2226862779512,0.0,1,28,False,normal,0.1532051993719568,0.0142685994258371,0.097630559393509,45.06802721088435,NORMAL,False,0.0,False
ACC_00895,8,7,0.8888888888888888,0.000440686426436,0.0022953191489361,0.0,6530.8,8756.13,13,16,7,8,502.3692307692308,302.9590439993922,0.0,1,13,False,normal,0.1498525357434574,0.0191322663322726,0.0975644279789835,45.025510204081634,NORMAL,False,0.0,False
ACC_01112,8,8,1.0,0.0003425826308127,0.0065923404255319,0.0,7287.559999999999,8393.93,21,16,8,8,347.02666666666664,219.1185529646756,0.0,1,21,False,normal,0.1582404445507376,0.0065033148437396,0.0975455926679384,44.98299319727892,NORMAL,False,0.0,False
ACC_00821,5,6,1.1666666666666667,0.0004809365388534,0.0001404255319148,0.0181818181818181,7655.469999999999,9512.28,21,18,6,5,364.5461904761904,203.42015282356343,0.0,1,19,False,normal,0.1558703588324576,0.010055308234801,0.097544338593395,44.94047619047619,NORMAL,False,0.0,False
ACC_01245,5,6,1.1666666666666667,0.00062357569923,0.0011914893617021,0.0181818181818181,10700.97,17495.78,26,28,6,5,411.57576923076925,259.8370129473178,0.0384615384615384,1,25,False,normal,0.1520928945320684,0.0157022376488029,0.0975366317787622,44.89795918367347,NORMAL,False,0.0,False
ACC_00186,7,7,1.0,0.0004673259935149,0.0007012765957446,0.0109890109890109,11040.49,18362.14,18,27,7,7,613.3605555555555,530.6580013471868,0.0,1,17,False,normal,0.1422301103292257,0.0304864043386824,0.0975326279330084,44.855442176870746,NORMAL,False,0.0,False
ACC_01241,7,6,0.875,0.0005940566857143,0.0008127659574468,0.0,18376.47,14841.88,27,29,6,7,680.61,517.6964809392884,0.0,1,26,False,normal,0.1509576031753177,0.0165678231799536,0.0972016911771721,44.81292517006803,NORMAL,False,0.0,False
ACC_00726,9,10,1.1,0.0002459585786911,0.002571914893617,0.0058479532163742,11676.67,6549.38,21,13,10,9,556.0319047619048,407.2896819785525,0.0476190476190476,1,20,False,normal,0.1453121545617272,0.0249606075184133,0.0971715357444017,44.77040816326531,NORMAL,False,0.0,False
ACC_01977,8,10,1.2222222222222223,0.0004417463251778,0.002125954035731,0.0130718954248366,17815.36,9880.82,30,18,10,8,593.8453333333333,513.7181725403151,0.0,1,30,False,normal,0.1526139316877205,0.0135728726106883,0.0969975080569076,44.72789115646258,NORMAL,False,0.0,False
ACC_00453,8,5,0.6666666666666666,0.0001853994153664,0.000247659574468,0.0256410256410256,11052.19,4090.55,20,8,5,8,552.6095,316.114766658783,0.0,1,20,False,normal,0.1478865116902854,0.0202292096772887,0.0968235908850867,44.68537414965986,NORMAL,False,0.0,False
ACC_01810,8,4,0.5555555555555556,0.000361170585294,0.0010412313989681,0.0,11423.82,7108.22,18,18,4,8,634.6566666666666,438.1542267955697,0.0,1,18,False,normal,0.1444902131882151,0.0253077798627933,0.0968172398580464,44.642857142857146,NORMAL,False,0.0,False
ACC_01433,8,5,0.6666666666666666,0.0002753210812617,0.0022144680851063,0.0,7795.29,9682.95,16,21,5,8,487.205625,213.43696465135395,0.0,1,16,False,normal,0.1519087295876092,0.0139509987971211,0.096725637271414,44.60034013605442,NORMAL,False,0.0,False
ACC_01035,9,8,0.9,0.0002943610083735,0.0011302127659574,0.0147058823529411,19008.62,6239.29,29,13,8,9,655.4696551724138,446.5231014459128,0.0,1,29,False,normal,0.1482885930039992,0.0191936198735259,0.0966506037518099,44.5578231292517,NORMAL,False,0.0,False
ACC_00294,10,7,0.7272727272727273,0.0004841963043352,0.0003285106382978,0.0073529411764705,11517.29,16886.43,24,37,7,10,479.88708333333335,296.3289678055259,0.0,2,24,False,normal,0.1533208765956065,0.0114886750511479,0.0965879959778231,44.515306122448976,NORMAL,False,0.0,False
ACC_00676,12,7,0.6153846153846154,0.0006745227769059,0.0017328273568413,0.0116959064327485,8376.22,18497.34,18,34,7,12,465.3455555555555,259.86707315182645,0.0,1,17,False,normal,0.1519571735504853,0.0134562363181802,0.0965567986575633,44.47278911564626,NORMAL,False,0.0,False
ACC_01248,3,8,2.25,0.0002080845260567,0.0004221276595744,0.0,13609.11,5793.639999999999,23,6,8,3,591.7004347826087,426.4483601208971,0.0,1,22,False,normal,0.1507128410394037,0.0152521200332363,0.0965285526369367,44.43027210884354,NORMAL,False,0.0,False
ACC_01028,10,10,1.0,0.0006180327749532,0.0012429787234042,0.0105263157894736,17276.86,16742.58,34,33,10,10,508.1429411764706,388.3915444459984,0.0294117647058823,1,32,False,normal,0.1549052228370705,0.0089057074446851,0.0965054166801163,44.38775510204081,NORMAL,False,0.0,False
ACC_00502,11,8,0.75,0.000809746562977,0.0020330021745618,0.0116959064327485,12626.68,28594.63,26,49,8,11,485.64153846153846,259.11703711940373,0.0,1,25,False,normal,0.1495544203541749,0.016866270804693,0.0964791605343821,44.345238095238095,NORMAL,False,0.0,False
ACC_01879,6,6,1.0,0.0006785330913247,0.0007463829787234,0.0,11392.06,15939.54,17,32,6,6,670.1211764705882,423.27449683807953,0.0,1,16,False,normal,0.1441522233828459,0.0248701251156023,0.0964393840759485,44.302721088435376,NORMAL,False,0.0,False
ACC_00772,6,4,0.7142857142857143,0.0003225791622178,0.0002485106382978,0.0222222222222222,8301.7,6082.18,19,18,4,6,436.9315789473685,238.67737318311228,0.0,1,19,False,normal,0.1562999306095281,0.0066219613949276,0.0964287429236879,44.26020408163265,NORMAL,False,0.0,False
ACC_01516,5,7,1.3333333333333333,0.0001785710911892,0.0015761702127659,0.0,12975.07,4233.57,32,9,7,5,405.4709375,288.0967573057019,0.03125,1,32,False,normal,0.1481292157723414,0.0188263875407644,0.0964080844797106,44.21768707482993,NORMAL,False,0.0,False
ACC_00172,6,12,1.8571428571428568,0.0002500747891288,0.0036493617021276,0.0065359477124183,9646.19,7517.94,23,14,12,6,419.39956521739134,348.41026613721124,0.0,1,23,False,normal,0.1487552826808571,0.0171914340683373,0.0961297432358492,44.17517006802721,NORMAL,False,0.0,False
ACC_01508,6,7,1.1428571428571428,0.00010851240028,0.0020612765957446,0.0,13996.65,1702.71,25,6,7,6,559.866,473.5242110670442,0.04,1,24,False,normal,0.1441086259012459,0.023722408605715,0.0959541389830336,44.13265306122449,NORMAL,False,0.0,False
ACC_01288,3,9,2.5,0.0003491129277877,0.0008434042553191,0.0,11675.24,8863.34,24,15,9,3,486.4683333333333,389.16799831196926,0.0416666666666666,1,24,False,normal,0.1512812945429777,0.0126225299019225,0.0958177886865556,44.09013605442177,NORMAL,False,0.0,False
ACC_00767,9,7,0.8,0.0006129054179835,0.0050714893617021,0.0,14405.85,19126.63,30,43,7,9,480.195,347.7715460267877,0.0333333333333333,1,30,False,normal,0.1469198192723387,0.0190054389792726,0.0957540671551123,44.04761904761904,NORMAL,False,0.0,False
ACC_00742,4,9,2.0,0.0001438701461323,0.0016612765957446,0.0,15340.64,1815.58,27,5,9,4,568.1718518518518,365.9258430447038,0.0,1,27,False,normal,0.1525922205130687,0.0103337504708408,0.0956888324961775,44.005102040816325,NORMAL,False,0.0,False
ACC_00279,10,5,0.5454545454545454,0.0006497248165966,0.0004936170212765,0.0285714285714285,12930.94,19375.44,24,41,5,10,538.7891666666667,431.6146894276308,0.0,1,24,False,normal,0.1517415755053376,0.0113626793693747,0.0955900170509524,43.96258503401361,NORMAL,False,0.0,False
ACC_00332,6,5,0.8571428571428571,0.0003151089987532,0.000287659574468,0.0181818181818181,7669.46,6589.94,15,15,5,6,511.2973333333333,291.3909220928052,0.0,1,14,False,normal,0.1525431038008714,0.0097688892810909,0.0954334179929592,43.92006802721088,NORMAL,False,0.0,False
ACC_01577,12,6,0.5384615384615384,0.0007849561847261,0.0019659574468085,0.0,13004.82,22820.5,22,40,6,12,591.1281818181818,401.33901239815606,0.0,1,22,False,normal,0.1514271987510774,0.0110603187951776,0.0952804467687175,43.87755102040816,NORMAL,False,0.0,False
ACC_00962,5,11,2.0,0.0005504017941977,0.0008178723404255,0.0083333333333333,10871.82,19466.55,21,37,11,5,517.7057142857143,370.2902269648961,0.0,1,21,False,normal,0.1342420371071135,0.0368325495957476,0.0952782421025671,43.83503401360544,NORMAL,False,0.0,False
ACC_01531,7,8,1.125,0.0005197118538182,0.0008791489361702,0.019047619047619,12417.25,10308.69,23,19,8,7,539.8804347826087,376.5151560450396,0.0,2,23,False,normal,0.1554612188401767,0.0043030350605857,0.0949979453283403,43.792517006802726,NORMAL,False,0.0,False
ACC_01979,10,10,1.0,0.0004540158130524,0.0067736170212765,0.0,15725.12,11453.28,30,24,10,10,524.1706666666666,298.3139675129767,0.0333333333333333,1,30,False,normal,0.1550285240222669,0.0047833011068384,0.0949304348560955,43.75,NORMAL,False,0.0,False
ACC_00158,7,3,0.5,0.0003641501553429,2.638297872340425e-05,0.0,10739.5,10534.54,24,18,3,7,447.4791666666667,224.5412142456871,0.0,1,24,False,normal,0.1465986170552234,0.0173079944707959,0.0948823680214524,43.70748299319728,NORMAL,False,0.0,False
ACC_00856,5,8,1.5,0.0003690019830479,0.0015336170212765,0.0,13427.57,5512.21,33,9,8,5,406.8960606060606,324.92250395228274,0.0303030303030303,1,33,False,normal,0.1467571530729864,0.0170613025187833,0.0948788128513052,43.66496598639456,NORMAL,False,0.0,False
ACC_01885,7,6,0.875,0.0002716085485992,0.0003470771329893,0.0128205128205128,17655.83,5777.13,34,9,6,7,519.2891176470589,303.9566023286842,0.0,1,33,False,normal,0.138590842102371,0.0292522070121556,0.0948553880662848,43.62244897959184,NORMAL,False,0.0,False
ACC_00103,8,8,1.0,0.0003505368867982,0.0072017021276595,0.0166666666666666,9519.31,9086.68,23,15,8,8,413.8830434782608,290.7577926640345,0.0434782608695652,1,22,False,normal,0.154662129989286,0.0050319858240556,0.0948100723231938,43.57993197278912,NORMAL,False,0.0,False
ACC_00231,10,11,1.0909090909090908,0.000654382765538,0.0045285106382978,0.019047619047619,12475.4,14258.09,28,30,11,10,445.55,247.4132298327967,0.0,1,28,False,normal,0.1492710273384451,0.0130230341688331,0.0947718300706003,43.53741496598639,NORMAL,False,0.0,False
ACC_00943,10,7,0.7272727272727273,0.000688491878732,0.0007123404255319,0.0,10535.67,13431.56,23,32,7,10,458.07260869565215,268.9256044508388,0.0,2,23,False,normal,0.1510506642316516,0.010224748517257,0.0947202979458938,43.49489795918368,NORMAL,False,0.0,False
ACC_00094,6,11,1.7142857142857142,0.0002744714433105,0.0025523404255319,0.0147058823529411,12902.63,5911.14,22,12,11,6,586.4831818181818,490.3813255337636,0.0,1,21,False,normal,0.1397624847491559,0.026874669079831,0.0946073584814259,43.45238095238096,NORMAL,False,0.0,False
ACC_00284,6,9,1.4285714285714286,0.000486750450557,0.0003634042553191,0.0,12005.0,15195.95,28,31,9,6,428.75,321.63036129026085,0.0,2,28,False,normal,0.1521375277086491,0.0082811564853278,0.0945949792193206,43.40986394557823,NORMAL,False,0.0,False
ACC_00601,7,10,1.375,0.0005796939890111,0.0004238263761565,0.0073529411764705,12159.93,12901.24,25,24,10,7,486.3972,339.45664250043285,0.0,2,25,False,normal,0.1517021952566231,0.0089305969577243,0.0945935559370636,43.36734693877551,NORMAL,False,0.0,False
ACC_00607,8,5,0.6666666666666666,0.0005386139583018,3.6595744680851066e-05,0.0,6931.2,11033.27,15,24,5,8,462.08,307.8325641365077,0.0,1,15,False,normal,0.1493931130640062,0.0120514125250041,0.0944564328484054,43.32482993197279,NORMAL,False,0.0,False
ACC_00357,5,7,1.3333333333333333,0.0004142323129405,0.0029744680851063,0.0363636363636363,14164.82,7358.21,29,19,7,5,488.4420689655173,322.2572457500741,0.0,1,29,False,normal,0.1513200062689597,0.0091491401861189,0.0944516598358234,43.28231292517007,NORMAL,False,0.0,False
ACC_00589,7,7,1.0,0.0005196839566365,0.0031540425531914,0.0109890109890109,16690.21,15397.88,33,31,7,7,505.7639393939394,267.73548284570205,0.0303030303030303,1,32,False,normal,0.1434934161914114,0.0204228431768656,0.0942651869855931,43.23979591836735,NORMAL,False,0.0,False
ACC_01652,8,11,1.3333333333333333,0.0007986444255679,0.0053948936170212,0.0058479532163742,13304.86,14648.03,30,36,11,8,443.49533333333335,390.5529944060604,0.0,1,30,False,normal,0.1459698440080785,0.0166432293437959,0.0942391981423655,43.197278911564624,NORMAL,False,0.0,False
ACC_01827,7,5,0.75,0.000695283368641,0.0001446808510638,0.0303030303030303,13936.2,17756.57,28,36,5,7,497.7214285714286,418.9380130115096,0.0,1,26,False,normal,0.1490966688541649,0.0119477698283955,0.0942371092438571,43.15476190476191,NORMAL,False,0.0,False
ACC_01999,10,9,0.9090909090909092,0.0006481470954167,0.0006093617021276,0.0116959064327485,16920.95,18214.39,35,35,9,10,483.4557142857143,369.63545100135457,0.0,1,34,False,normal,0.1490620366064773,0.011606778776184,0.09407993347436,43.11224489795919,NORMAL,False,0.0,False
ACC_01842,6,10,1.5714285714285714,0.0002040381502815,0.002810727838656,0.0,11032.87,4149.28,22,8,10,6,501.49409090909097,260.3163218207361,0.0454545454545454,1,22,False,normal,0.1471947098021994,0.0143322832817868,0.0940497391940344,43.06972789115646,NORMAL,False,0.0,False
ACC_01235,13,10,0.7857142857142857,0.000688998104697,0.0025829787234042,0.0118577075098814,13685.66,20961.6,26,33,10,13,526.3715384615384,331.5489835869482,0.0,1,26,False,normal,0.1492377583122877,0.0112176985876534,0.0940297344224339,43.02721088435374,NORMAL,False,0.0,False
ACC_01477,8,6,0.7777777777777778,0.0005400158039574,0.000127659574468,0.0,11156.49,20890.64,17,37,6,8,656.2641176470588,444.7125185872726,0.0,1,17,False,normal,0.1424773425215316,0.0213107515073288,0.0940107061158505,42.984693877551024,NORMAL,False,0.0,False
ACC_00082,4,9,2.0,0.0001735323152682,0.0019225531914893,0.0128205128205128,10311.77,4703.7,23,11,9,4,448.33782608695657,288.6641836106529,0.0434782608695652,1,23,False,normal,0.150125116835225,0.0089251855700024,0.093645144329136,42.9421768707483,NORMAL,False,0.0,False
ACC_01102,6,5,0.8571428571428571,0.0005483578293395,0.0,0.0363636363636363,9956.52,12598.11,21,25,5,6,474.12,280.7620541134432,0.0,1,21,False,normal,0.1535989798773681,0.0033970728781725,0.0935182170776899,42.89965986394558,NORMAL,False,0.0,False
ACC_01399,6,8,1.2857142857142858,0.000466600266169,0.0021880851063829,0.0,10140.85,10432.44,23,18,8,6,440.9065217391304,387.0146548741427,0.0,2,22,False,normal,0.1509961152470347,0.0072278679283803,0.0934888163195729,42.85714285714285,NORMAL,False,0.0,False
ACC_00162,10,10,1.0,0.0006849293025838,0.0020391489361702,0.0,16752.25,23032.98,33,44,10,10,507.6439393939394,339.0945513048259,0.0,1,32,False,normal,0.1463677840963539,0.014076089094288,0.0934511060955275,42.814625850340136,NORMAL,False,0.0,False
ACC_00748,7,7,1.0,0.0006274212626251,0.0057753191489361,0.0,14300.87,21184.28,30,44,7,7,476.6956666666666,366.6584065601992,0.0,1,30,False,normal,0.1328366208599611,0.0343096664715068,0.0934258391045794,42.77210884353742,NORMAL,False,0.0,False
ACC_01200,8,6,0.7777777777777778,0.0003726422102637,0.0003914893617021,0.0,14978.06,17495.25,30,35,6,8,499.26866666666666,322.9408316974973,0.0666666666666666,1,30,False,normal,0.1469633965858011,0.0129349950896643,0.0933520359873464,42.72959183673469,NORMAL,False,0.0,False
ACC_01906,9,9,1.0,0.0005477061122808,0.0003863829787234,0.0130718954248366,9509.34,19107.89,24,37,9,9,396.2225,234.08686502255304,0.0416666666666666,1,24,False,normal,0.1436707584058882,0.0177336524495024,0.0932959160233339,42.68707482993197,NORMAL,False,0.0,False
ACC_01965,9,6,0.7,0.0004907340805317,0.001811914893617,0.0095238095238095,11704.95,13465.25,25,28,6,9,468.198,412.8711404905893,0.0,2,23,False,normal,0.1491403648620337,0.0092875214187189,0.0931992274847078,42.64455782312925,NORMAL,False,0.0,False
ACC_01892,4,10,2.2,0.0006909726110394,0.0025838911866285,0.0109890109890109,11178.12,14325.69,24,25,10,4,465.755,313.3520843757205,0.0,1,24,False,normal,0.1359898828129989,0.0290078049891275,0.0931970516834503,42.60204081632653,NORMAL,False,0.0,False
ACC_01814,6,5,0.8571428571428571,0.0002671667028831,0.000435744680851,0.0,16753.66,5234.22,34,12,5,6,492.75470588235294,354.7365805968525,0.0,1,33,False,normal,0.1390095364352044,0.0241195603170408,0.093053545987939,42.55952380952381,NORMAL,False,0.0,False
ACC_00107,8,9,1.1111111111111112,0.0004354990449688,0.0007387234042553,0.0,13877.72,10283.39,26,24,9,8,533.7584615384615,374.2113416420439,0.0384615384615384,2,25,False,normal,0.1525460052038474,0.0036097643908774,0.0929715088786594,42.517006802721085,NORMAL,False,0.0,False
ACC_00211,5,7,1.3333333333333333,0.0004788764648709,0.001091914893617,0.0,16790.77,8842.39,31,13,7,5,541.6377419354839,383.5472016298183,0.064516129032258,1,29,False,normal,0.1474425782026882,0.0111814709930775,0.0929381353188439,42.474489795918366,NORMAL,False,0.0,False
ACC_01492,11,6,0.5833333333333334,0.0003618583345564,0.002195744680851,0.0,17022.7,10986.08,28,22,6,11,607.9535714285714,445.9751406974449,0.0,1,28,False,normal,0.1381758390901138,0.0247492667004909,0.0928052101342646,42.43197278911565,NORMAL,False,0.0,False
ACC_00516,11,9,0.8333333333333334,0.0003062988659117,0.0043608510638297,0.0,8608.05,10442.12,24,27,9,11,358.66875,217.3971503215596,0.0,1,24,False,normal,0.1434670898898023,0.0168014858194562,0.0928008482616639,42.38945578231292,NORMAL,False,0.0,False
ACC_00012,5,9,1.6666666666666667,0.000401224715019,0.0017991489361702,0.0109890109890109,11773.25,10254.36,27,21,9,5,436.0462962962963,285.2231984732193,0.074074074074074,1,27,False,normal,0.1492959866768937,0.0078882575734631,0.0927328950355214,42.3469387755102,NORMAL,False,0.0,False
ACC_00764,9,5,0.6,0.0006703218401424,0.0008306382978723,0.0329670329670329,11654.04,17002.26,23,37,5,9,506.6973913043479,301.16973272735623,0.0,1,23,False,normal,0.1497562255325111,0.0070804648288756,0.0926859212510569,42.304421768707485,NORMAL,False,0.0,False
ACC_01099,5,7,1.3333333333333333,0.0003399453694733,0.0026384684262141,0.0303030303030303,9828.81,6394.73,24,13,7,5,409.53375,233.02775132015088,0.0,1,24,False,normal,0.1491280866219421,0.0077050616014623,0.0925588766137502,42.26190476190476,NORMAL,False,0.0,False
ACC_01339,11,10,0.9166666666666666,0.0005238021808764,0.0043429787234042,0.0047619047619047,17568.17,18364.69,30,35,10,11,585.6056666666666,410.816826240058,0.0,1,29,False,normal,0.1509864108614742,0.0048020057655605,0.0925126488231087,42.21938775510204,NORMAL,False,0.0,False
ACC_00939,9,4,0.5,0.0007974375514544,0.0013472340425531,0.0128205128205128,15038.84,18220.34,28,40,4,9,537.1014285714285,405.2578308491402,0.0,1,27,False,normal,0.1393823355886911,0.0217953936110645,0.0923475587976405,42.17687074829932,NORMAL,False,0.0,False
ACC_01455,5,7,1.3333333333333333,0.0001437109078495,0.0015046808510638,0.0,16073.28,2255.62,26,5,7,5,618.203076923077,478.073398488301,0.0,1,26,False,normal,0.140039762945832,0.0206086603078161,0.0922673218906256,42.1343537414966,NORMAL,False,0.0,False
ACC_01156,5,3,0.6666666666666666,0.0005478677163975,0.0003889361702127,0.0,11832.4,16414.77,23,28,3,5,514.4521739130435,320.5896579026688,0.0,1,23,False,normal,0.1419765606935717,0.0176324792523247,0.0922389281170729,42.09183673469388,NORMAL,False,0.0,False
ACC_01946,7,10,1.375,0.0004180462600232,0.0044689361702127,0.0220588235294117,14386.22,15950.14,27,31,10,7,532.822962962963,309.02933188907207,0.037037037037037,1,27,False,normal,0.1482837149535573,0.0077503352262171,0.0920703630626212,42.04931972789115,NORMAL,False,0.0,False
ACC_01543,4,6,1.4,0.0001433940067336,0.0003634042553191,0.0,9737.54,2068.24,18,4,6,4,540.9744444444445,336.18967190669616,0.0,1,18,False,normal,0.1442083479468439,0.0134793051831643,0.0919167308413721,42.00680272108844,NORMAL,False,0.0,False
ACC_01458,7,8,1.125,0.0003362282998122,0.0089626060631902,0.0095238095238095,11691.21,11850.27,24,26,8,7,487.13375,446.3942463379059,0.0,1,23,False,normal,0.1370864689398124,0.0240947887686218,0.0918897968713362,41.96428571428572,NORMAL,False,0.0,False
ACC_00408,9,10,1.1,0.0005526801795016,0.0003940425531914,0.0175438596491228,16923.69,17369.59,33,34,10,9,512.8390909090908,338.6597048417817,0.0,1,33,False,normal,0.1429611422638659,0.0152452430708934,0.0918747825866769,41.92176870748299,NORMAL,False,0.0,False
ACC_00650,12,6,0.5384615384615384,0.0005977219815819,0.0063225531914893,0.0130718954248366,12642.92,13696.89,25,27,6,12,505.7168,349.5638394571155,0.0,1,25,False,normal,0.1422829087387307,0.016168909152004,0.09183730890404,41.87925170068027,NORMAL,False,0.0,False
ACC_00022,10,11,1.0909090909090908,0.0004414487325184,0.0032902127659574,0.0095238095238095,8481.41,15173.43,23,30,11,10,368.7569565217392,230.96521659479345,0.0,1,23,False,normal,0.1407590294846474,0.0184406203125,0.0918316658157884,41.83673469387755,NORMAL,False,0.0,False
ACC_01176,7,8,1.125,0.0006210599984572,0.0024604255319148,0.019047619047619,7499.89,14535.67,16,30,8,7,468.743125,283.1169753940056,0.0,1,16,False,normal,0.1429961339437455,0.014938675137213,0.0917731504211325,41.794217687074834,NORMAL,False,0.0,False
ACC_00282,12,6,0.5384615384615384,0.0006173335272339,0.0007642553191489,0.0065359477124183,14042.16,21304.98,28,36,6,12,501.5057142857143,318.38325104175215,0.0357142857142857,1,28,False,normal,0.1456681395774892,0.0108645158448734,0.0917466900844429,41.75170068027211,NORMAL,False,1.0,True
ACC_00273,7,6,0.875,0.000428448184117,0.0033931914893617,0.0,8051.5,13440.96,18,32,6,7,447.30555555555554,284.4150473023995,0.0555555555555555,1,18,False,normal,0.1454287744881784,0.0111374968414469,0.0917122634294858,41.70918367346938,NORMAL,False,0.0,False
ACC_01840,6,5,0.8571428571428571,0.0005144554397901,0.000395744680851,0.0181818181818181,13135.45,13123.82,21,21,5,6,625.4976190476191,430.37941884928415,0.0476190476190476,1,21,False,normal,0.1467373467165915,0.0090020148484043,0.0916432139693166,41.66666666666667,NORMAL,False,0.0,False
ACC_00718,6,9,1.4285714285714286,0.0004816665459784,0.0017804255319148,0.0285714285714285,16825.9,10409.22,30,22,9,6,560.8633333333333,442.5079538060408,0.0,1,30,False,normal,0.1480676439143863,0.0066827487396262,0.0915136858444823,41.624149659863946,NORMAL,False,0.0,False
ACC_00075,9,6,0.7,0.0008690607101162,0.0015191489361702,0.0095238095238095,8857.16,21269.58,17,42,6,9,521.0094117647059,346.8682179601965,0.0,1,17,False,normal,0.1376952382558363,0.0216641512369071,0.0912828034482646,41.58163265306122,NORMAL,False,0.0,False
ACC_00166,8,10,1.2222222222222223,0.0002991057654318,0.0010714893617021,0.0,10823.21,7665.42,24,16,10,8,450.9670833333334,338.01505075159224,0.0833333333333333,1,23,False,normal,0.1423803963879853,0.0145328366861404,0.0912413725072473,41.5391156462585,NORMAL,False,0.0,False
ACC_00741,8,7,0.8888888888888888,0.0004254682622254,0.0045336170212765,0.0095238095238095,11593.43,9640.37,24,24,7,8,483.05958333333336,286.4021777831818,0.0,2,24,False,normal,0.1474233346408372,0.0066034445184033,0.0910953785918636,41.49659863945578,NORMAL,False,0.0,False
ACC_00221,6,9,1.4285714285714286,0.0002043161850972,0.0007514893617021,0.0095238095238095,19590.16,5234.43,31,13,9,6,631.9406451612903,403.6015546297733,0.0,1,31,False,normal,0.1443517847379979,0.0105562596232702,0.0908335746921068,41.454081632653065,NORMAL,False,0.0,False
ACC_00526,10,9,0.9090909090909092,0.0006111602737226,0.0030306382978723,0.0116959064327485,14225.46,14543.08,26,30,9,10,547.1330769230769,331.14220827637456,0.0,2,26,False,normal,0.1492236073055275,0.0030428274315702,0.0907512953559446,41.41156462585034,NORMAL,False,1.0,True
ACC_00878,7,8,1.125,0.0005499331201786,8.425531914893617e-05,0.0,15577.47,12479.01,30,22,8,7,519.249,285.7713605779133,0.0,2,29,False,normal,0.1454697662472256,0.0086392916737106,0.0907375764178196,41.36904761904761,NORMAL,False,0.0,False
ACC_01700,9,6,0.7,0.0004849544041516,0.0002825531914893,0.0095238095238095,8528.99,18464.92,18,36,6,9,473.8327777777778,282.2003072455399,0.0555555555555555,1,18,False,normal,0.1442117085445612,0.0103808082183718,0.0906793484140854,41.3265306122449,NORMAL,False,0.0,False
ACC_00244,6,9,1.4285714285714286,0.0006479269781694,0.0009551016927471,0.0,10287.47,17423.44,18,38,9,6,571.526111111111,421.3755175631754,0.0,1,17,False,normal,0.1287785100404084,0.0334768340524356,0.0906578396452193,41.284013605442176,NORMAL,False,0.0,False
ACC_01353,9,10,1.1,0.0004678996293354,0.0021548936170212,0.0,13289.17,15108.91,25,23,10,9,531.5668000000001,321.4265430431449,0.0,2,25,False,normal,0.1469763207664783,0.0061791042928064,0.0906574341770095,41.24149659863946,NORMAL,False,0.0,False
ACC_01666,4,5,1.2,0.0003153717262726,0.0002004008016032,0.0,10867.76,5788.13,29,8,5,4,374.7503448275862,267.82295616004507,0.0,1,29,False,normal,0.1387361592268507,0.0183766039985801,0.0905923371355424,41.19897959183674,NORMAL,False,0.0,False
ACC_01084,4,8,1.8,0.0001619025741697,0.0015392487101863,0.0,11524.75,3152.28,25,6,8,4,460.99,277.2092572558379,0.04,1,25,False,normal,0.1440111984489638,0.0100629932679448,0.0904319163765562,41.156462585034014,NORMAL,False,0.0,False
ACC_01671,8,8,1.0,0.0005938597595988,0.0004663829787234,0.0166666666666666,14223.31,14714.67,28,26,8,8,507.9753571428572,378.7533120694411,0.0,2,28,False,normal,0.1490339474573768,0.002437651088337,0.0903954289097609,41.113945578231295,NORMAL,False,1.0,True
ACC_01893,5,6,1.1666666666666667,0.0003601184975122,0.0006774468085106,0.0181818181818181,14027.64,5145.05,32,11,6,5,438.36375,251.3857043020135,0.0,1,31,False,normal,0.1359181469991446,0.0217052505920863,0.0902329884363213,41.07142857142857,NORMAL,False,1.0,True
ACC_01025,6,6,1.0,0.0003905812568864,0.0005889361702127,0.0303030303030303,9635.77,11559.56,22,22,6,6,437.9895454545455,260.95923579632625,0.0454545454545454,1,22,False,normal,0.1484435395343444,0.0028765096624006,0.0902167275855669,41.02891156462585,NORMAL,False,0.0,False
ACC_01036,9,12,1.3,0.000534616715465,0.0044292841001151,0.0095238095238095,15407.41,15375.54,28,36,12,9,550.2646428571428,429.4179677060062,0.0,1,28,False,normal,0.1433803726444916,0.0104556669788003,0.0902104903782151,40.98639455782313,NORMAL,False,0.0,False
ACC_01757,6,7,1.1428571428571428,0.0002416414404199,0.0029063829787234,0.0256410256410256,16700.57,5956.6900000000005,25,10,7,6,668.0228,341.2600788074496,0.0,1,25,False,normal,0.1457818662218042,0.0067618638158136,0.090173865259408,40.94387755102041,NORMAL,False,0.0,False
ACC_00395,12,9,0.7692307692307693,0.0004921923015871,0.0035534899586406,0.0095238095238095,15384.29,19063.17,29,35,9,12,530.4927586206896,387.78885360184415,0.0344827586206896,1,28,False,normal,0.1449542952001781,0.0079886108704652,0.090168021468293,40.90136054421769,NORMAL,False,0.0,False
ACC_00091,4,11,2.4,0.0002009214865982,0.0007506382978723,0.0,12402.79,5508.49,25,16,11,4,496.1116,268.51113081645855,0.0,1,24,False,normal,0.1370286975534739,0.0195278364892769,0.0900283531277951,40.85884353741497,NORMAL,False,0.0,False
ACC_01223,6,10,1.5714285714285714,0.0004437800184982,4.765957446808511e-05,0.0,11920.24,10087.67,20,17,10,6,596.012,422.6494718296649,0.05,1,20,False,normal,0.1362875821538205,0.0205020858982032,0.0899733836515736,40.81632653061224,NORMAL,False,0.0,False
ACC_01528,8,11,1.3333333333333333,0.0005800270553856,0.006635744680851,0.0116959064327485,10646.76,10098.99,22,19,11,8,483.9436363636364,305.3516870842452,0.0,1,22,False,normal,0.1434985925755106,0.0085761763926642,0.089529626102372,40.773809523809526,NORMAL,False,1.0,True
ACC_00052,4,7,1.6,0.0002410899115194,0.0048352023195326,0.0,13685.93,4973.05,30,11,7,4,456.1976666666667,341.90517068720044,0.0,1,30,False,normal,0.1369921645236922,0.0181925616690972,0.0894723233818542,40.7312925170068,NORMAL,False,0.0,False
ACC_00766,6,8,1.2857142857142858,0.0005802939992971,0.0010136170212765,0.0,13583.64,17067.69,26,32,8,6,522.4476923076923,368.5137688858607,0.0,2,26,False,normal,0.1440844778958712,0.0073883323251857,0.089406019667597,40.68877551020408,NORMAL,False,0.0,False
ACC_00299,5,5,1.0,0.0001590615751172,0.0002927659574468,0.0,10921.8,2625.11,21,9,5,5,520.0857142857143,407.8540441698651,0.0476190476190476,1,21,False,normal,0.139000970754743,0.0145770312575715,0.0892313949558744,40.64625850340136,NORMAL,False,0.0,False
ACC_01776,6,6,1.0,0.0002350695704481,0.0002723404255319,0.0151515151515151,13572.35,4895.31,24,11,6,6,565.5145833333333,524.6476319105844,0.0416666666666666,1,24,False,normal,0.1337692727511158,0.0223695791099602,0.0892093952946535,40.60374149659864,NORMAL,False,0.0,False
ACC_00242,9,8,0.9,0.0009911912460221,0.0002890888159297,0.0073529411764705,13792.3,23217.58,25,51,8,9,551.692,341.4330304759632,0.0,1,22,False,normal,0.1275186245602115,0.0314142945107126,0.089076892540412,40.56122448979592,NORMAL,False,0.0,False
ACC_00778,7,4,0.625,0.0003488906956447,0.0001948936170212,0.0,7319.21,8564.67,21,15,4,7,348.5338095238095,239.9662926845392,0.0,1,21,False,normal,0.141088216926277,0.0110245145799981,0.0890627359877654,40.5187074829932,NORMAL,False,0.0,False
ACC_01476,5,9,1.6666666666666667,0.0003795604593577,0.0010796060205517,0.0,17122.7,9036.97,35,15,9,5,489.22,342.3588555715118,0.0,1,35,False,normal,0.1373917277038203,0.0165670103511509,0.0890618407627525,40.47619047619048,NORMAL,False,0.0,False
ACC_00387,9,8,0.9,0.000772947369068,0.0042931914893617,0.0073529411764705,10557.03,21132.31,21,50,8,9,502.7157142857144,252.0335728741596,0.0,1,20,False,normal,0.1285069215943636,0.0296087037154589,0.0889476344428017,40.43367346938776,NORMAL,False,0.0,False
ACC_01997,10,11,1.0909090909090908,0.0007993345460294,0.0020953191489361,0.0142857142857142,14503.02,23462.32,27,42,11,10,537.1488888888889,389.2043194314557,0.0,1,27,False,normal,0.137874808284802,0.0155152776584815,0.0889309960342738,40.39115646258503,NORMAL,False,0.0,False
ACC_00570,6,7,1.1428571428571428,0.0002374847831084,0.0001693617021276,0.0128205128205128,16431.76,4556.79,22,10,7,6,746.8981818181818,424.19882108047,0.0,1,22,False,normal,0.1402375012628364,0.0113961858330251,0.0887009750909119,40.34863945578231,NORMAL,False,0.0,False
ACC_01313,4,11,2.4,0.0003458544755701,0.0002289361702127,0.0095238095238095,13826.68,6297.56,28,10,11,4,493.81,346.21014042533955,0.0,1,27,False,normal,0.1345369865290474,0.0198486265983818,0.0886616425567812,40.30612244897959,NORMAL,False,0.0,False
ACC_00402,8,8,1.0,0.0002871799261481,0.0024748936170212,0.0166666666666666,17088.09,6158.29,27,11,8,8,632.8922222222222,482.8745172906911,0.0,1,26,False,normal,0.1351779771743498,0.0186819675086153,0.088579573308056,40.26360544217687,NORMAL,False,0.0,False
ACC_01115,7,9,1.25,0.0003111843929576,0.0088578723404255,0.0,11344.71,7672.17,23,15,9,7,493.2482608695652,265.736227807887,0.0,1,23,False,normal,0.1432239288728832,0.006129803473669,0.0883862787131975,40.22108843537415,NORMAL,False,0.0,False
ACC_00481,6,5,0.8571428571428571,0.0003603728485817,0.0025796273397859,0.0,6112.54,10674.71,20,20,5,6,305.627,206.901503087822,0.0,1,20,False,normal,0.1405953101692835,0.009780746451062,0.0882694846819949,40.17857142857143,NORMAL,False,0.0,False
ACC_01791,6,6,1.0,0.0003864867422258,5.287170084850552e-05,0.0303030303030303,15191.49,11491.97,31,22,6,6,490.04806451612905,292.8005302297038,0.0,1,31,False,normal,0.138313355168584,0.012896950710853,0.0881467933854916,40.13605442176871,NORMAL,False,0.0,False
ACC_01301,11,5,0.5,0.000838139557251,0.0003052914339316,0.0166666666666666,12078.93,13803.01,22,24,5,11,549.0422727272727,379.4132833346497,0.0,1,22,False,normal,0.1361532449356362,0.0161096216592878,0.0881357956250968,40.09353741496599,NORMAL,False,1.0,True
ACC_01538,4,8,1.8,0.0002630655998078,0.000193578646655,0.0151515151515151,16576.86,7411.9,33,16,8,4,502.32909090909095,333.7244045181933,0.0,1,33,False,normal,0.137449595661151,0.0140664251282615,0.0880963274479952,40.05102040816326,NORMAL,False,0.0,False
ACC_00154,7,5,0.75,0.0001286607020734,0.00160064810472,0.0151515151515151,8704.17,2605.04,20,7,5,7,435.2085,319.93485802869634,0.0,1,20,False,normal,0.1344269381992642,0.0185188123682113,0.0880636878668431,40.00850340136054,NORMAL,False,0.0,False
ACC_01411,9,7,0.8,0.0003873815540915,0.0009268085106382,0.05,11501.64,10853.99,23,21,7,9,500.07130434782607,267.67589291570755,0.0,1,23,False,normal,0.1407542538564856,0.0083114940301798,0.0877771499259633,39.965986394557824,NORMAL,False,0.0,False
ACC_01944,7,10,1.375,0.0003457280183429,0.0053702127659574,0.0,7957.32,12236.43,21,17,10,7,378.92,247.0217501557302,0.0,1,21,False,normal,0.1414696084730589,0.0070083516610308,0.0876851057482477,39.9234693877551,NORMAL,False,0.0,False
ACC_00016,9,5,0.6,0.0008362857827861,0.0001165957446808,0.0219780219780219,14156.52,13743.37,23,31,5,9,615.5008695652174,388.5796659152997,0.0,1,23,False,normal,0.1390131486177763,0.0106363108172609,0.0876624134975701,39.88095238095239,NORMAL,False,0.0,False
ACC_00494,5,7,1.3333333333333333,0.0003161980697212,0.0010062678548586,0.0,17938.36,5248.96,34,11,7,5,527.5988235294118,346.4193237818629,0.0,1,34,False,normal,0.1341759779138821,0.0176600581173573,0.0875696099952722,39.83843537414966,NORMAL,False,0.0,False
ACC_00951,5,11,2.0,0.0003391559167723,0.0007285106382978,0.025,12743.75,4973.47,25,10,11,5,509.75,359.49068286489245,0.0,1,25,False,normal,0.1328203287442373,0.0194339483754896,0.0874657765967382,39.795918367346935,NORMAL,False,0.0,False
ACC_00752,8,5,0.6666666666666666,0.0002545814121524,0.0051055319148936,0.0128205128205128,9904.0,5593.46,20,15,5,8,495.2,386.8384213759429,0.0,1,19,False,normal,0.130844679228916,0.022313916145588,0.0874323739955848,39.75340136054422,NORMAL,False,0.0,False
ACC_01191,9,11,1.2,0.000598051567908,0.0057182978723404,0.0052631578947368,11888.82,16678.81,24,30,11,9,495.3675,280.6341990106477,0.0416666666666666,1,24,False,normal,0.1419351906938794,0.0055877192114638,0.0873962021009132,39.7108843537415,NORMAL,False,0.0,False
ACC_01651,6,3,0.5714285714285714,0.0004036204301493,2.723404255319149e-05,0.0,10229.39,10587.6,22,16,3,6,464.9722727272727,271.3566684875903,0.0,1,22,False,normal,0.1376180950260683,0.0116231042418578,0.0872200987123841,39.66836734693878,NORMAL,False,0.0,False
ACC_01998,11,6,0.5833333333333334,0.0007450040964871,0.0002204255319148,0.0073529411764705,11431.78,18505.06,24,41,6,11,476.3241666666667,256.7294514179515,0.0416666666666666,1,24,False,normal,0.1368198494680071,0.012628408600077,0.0871432731208351,39.62585034013605,NORMAL,False,0.0,False
ACC_01321,9,7,0.8,0.0004450500548099,0.0004825531914893,0.0,17087.79,10687.75,33,26,7,9,517.8118181818182,444.757016895564,0.0303030303030303,1,33,False,normal,0.1384161054319514,0.0099232463091659,0.0870189617828372,39.58333333333333,NORMAL,False,0.0,False
ACC_00666,6,5,0.8571428571428571,0.0004025840377012,0.0009029787234042,0.0,8603.25,8219.85,17,17,5,6,506.0735294117647,284.8076358909022,0.0588235294117647,1,17,False,normal,0.1400396037878569,0.007192689034513,0.0869008378865194,39.54081632653062,NORMAL,False,0.0,False
ACC_00716,7,6,0.875,0.0004289097660981,0.0032430819084978,0.0,18101.25,6195.81,29,16,6,7,624.1810344827586,340.0028332166075,0.0344827586206896,1,29,False,normal,0.1356851940782181,0.0131523615161038,0.0866720610533724,39.49829931972789,NORMAL,False,0.0,False
ACC_01132,12,7,0.6153846153846154,0.0007812569844215,0.0030782978723404,0.0,13270.11,20439.79,26,36,7,12,510.3888461538462,307.6744654900946,0.0384615384615384,1,24,False,normal,0.1401944040957024,0.0063126681864956,0.0866417097320196,39.455782312925166,NORMAL,False,0.0,False
ACC_01992,8,6,0.7777777777777778,0.0006351087785758,0.0044893617021276,0.0,15076.54,13861.12,33,21,6,8,456.8648484848485,319.0957811939192,0.0,1,32,False,normal,0.1272780451557179,0.0255009781061681,0.0865672183358979,39.41326530612245,NORMAL,False,0.0,False
ACC_01037,5,7,1.3333333333333333,0.0001070963699936,0.0037344680851063,0.0,11577.59,1195.52,26,5,7,5,445.2919230769231,325.9709236851561,0.0,1,26,False,normal,0.135548901366627,0.0129950562872095,0.08652736333486,39.37074829931973,NORMAL,False,0.0,False
ACC_01335,5,8,1.5,0.0005132054257428,0.0001872340425531,0.0256410256410256,17169.07,9725.9,30,22,8,5,572.3023333333333,368.3374188270327,0.0,1,30,False,normal,0.138976602933043,0.007601442165613,0.086426538626071,39.32823129251701,NORMAL,False,0.0,False
ACC_00831,7,6,0.875,0.0003429964922613,0.0013914893617021,0.0128205128205128,17787.98,7951.97,34,23,6,7,523.1758823529411,282.49836638967355,0.0,1,34,False,normal,0.1286852840589924,0.0229727411371114,0.08640026689024,39.285714285714285,NORMAL,False,0.0,False
ACC_00027,7,13,1.75,0.0004177361338475,0.0002609474267684,0.0,12623.31,11852.88,24,24,13,7,525.9712499999999,343.0501907037042,0.0,1,24,False,normal,0.1212401918946359,0.0338703954305492,0.0862922733090013,39.24319727891156,NORMAL,False,0.0,False
ACC_00135,10,6,0.6363636363636364,0.0006944493582799,0.0008246808510638,0.0,14128.29,21682.1,29,43,6,10,487.1824137931035,391.5720915804391,0.0344827586206896,1,28,False,normal,0.1375846140137422,0.0093066901826701,0.0862734444813134,39.20068027210885,NORMAL,False,0.0,False
ACC_01561,5,9,1.6666666666666667,0.0005056872638358,0.0006893617021276,0.0109890109890109,15931.36,9471.45,33,19,9,5,482.7684848484849,255.8873616716104,0.0,1,33,False,normal,0.1281844891720702,0.0233659696754661,0.0862570813734286,39.15816326530612,NORMAL,False,0.0,False
ACC_01079,4,9,2.0,0.0002673221131031,0.001167659574468,0.0256410256410256,9476.27,7989.94,21,16,9,4,451.2509523809524,362.73370249957145,0.0,1,21,False,normal,0.1359506416895626,0.0109967082747677,0.0859690683236446,39.1156462585034,NORMAL,False,0.0,False
ACC_01935,8,7,0.8888888888888888,0.0003623994504071,0.0002621276595744,0.019047619047619,13717.89,11931.44,18,23,7,8,762.105,452.4803667401428,0.0,1,18,False,normal,0.131567089894104,0.0171255919435497,0.0857904907138823,39.07312925170068,NORMAL,False,0.0,False
ACC_01306,4,9,2.0,0.0002150832266597,0.0011285106382978,0.0,8798.14,6468.81,22,14,9,4,399.9154545454545,252.6003178508589,0.0,1,22,False,normal,0.135221592804225,0.011622345583508,0.0857818939159382,39.03061224489796,NORMAL,False,0.0,False
ACC_01662,6,6,1.0,0.0002479634438123,0.0014042553191489,0.0,7257.86,6223.49,14,13,6,6,518.4185714285715,347.1074767684664,0.0,1,13,False,normal,0.1295862750710069,0.0194808544402313,0.0855441068186966,38.98809523809524,NORMAL,False,0.0,False
ACC_01418,6,5,0.8571428571428571,0.000440613659017,0.0016331914893617,0.0181818181818181,17976.08,9698.23,29,17,5,6,619.864827586207,405.3142245893098,0.0,1,28,False,normal,0.1333561009180307,0.0137302064650495,0.0855057431368382,38.94557823129252,NORMAL,False,0.0,False
ACC_00198,11,9,0.8333333333333334,0.0004913317783464,0.0046305376710868,0.0105263157894736,11420.99,15839.09,29,30,9,11,393.8272413793104,280.9011604117891,0.0344827586206896,1,28,False,normal,0.1381410628463951,0.0063301077602735,0.0854166808119465,38.9030612244898,NORMAL,False,0.0,False
ACC_00656,7,6,0.875,0.0008592985636663,0.0002434042553191,0.0256410256410256,14887.99,15917.39,27,33,6,7,551.4070370370371,406.8497058243311,0.0,1,27,False,normal,0.1319454653865801,0.0152919897568175,0.0852840751346751,38.86054421768708,NORMAL,False,0.0,False
ACC_01962,7,6,0.875,0.0004493998596056,0.0003795744680851,0.0,12873.06,13360.26,28,27,6,7,459.7521428571428,367.59756791357967,0.0,2,28,False,normal,0.1382082636784259,0.0057537639053035,0.0852264637691769,38.81802721088435,NORMAL,False,0.0,False
ACC_01060,7,7,1.0,0.0004686091358307,0.0005685106382978,0.0,15392.66,11775.64,27,23,7,7,570.0985185185185,419.84943697531617,0.0,2,26,False,normal,0.1394310307079456,0.0037975449578707,0.0851776364079156,38.775510204081634,NORMAL,False,0.0,False
ACC_00998,6,6,1.0,0.0005250559686344,9.872340425531916e-05,0.0151515151515151,7763.28,16462.06,15,28,6,6,517.552,348.50255656369086,0.0,1,15,False,normal,0.1328995132037486,0.0133805898962965,0.0850919438807677,38.73299319727892,NORMAL,False,0.0,False
ACC_01820,5,9,1.6666666666666667,0.000482100933707,0.000475744680851,0.0,14523.31,11697.28,33,23,9,5,440.100303030303,314.2618376100259,0.0303030303030303,1,33,False,normal,0.1322648977414582,0.0141708516547194,0.0850272793067626,38.69047619047619,NORMAL,False,0.0,False
ACC_01551,12,9,0.7692307692307693,0.0005234513230545,0.0035569010361147,0.0095238095238095,9266.73,13140.26,23,27,9,12,402.90130434782606,226.46430076492985,0.0,1,23,False,normal,0.1315760438937318,0.0151026065188402,0.0849866689437752,38.64795918367347,NORMAL,False,0.0,False
ACC_00447,8,7,0.8888888888888888,0.0003891939344143,0.0002655319148936,0.0095238095238095,12983.18,11955.8,29,31,7,8,447.6958620689656,327.613326047178,0.0,2,29,False,normal,0.1360356280441351,0.0083802251690498,0.084973466894101,38.605442176870746,NORMAL,False,0.0,False
ACC_00540,4,6,1.4,0.0001295343822503,0.0005423613183814,0.0,12473.57,2127.52,21,4,6,4,593.9795238095238,355.57134127311485,0.0,1,21,False,normal,0.1337221169724209,0.0116707425029539,0.0849015671846341,38.56292517006803,NORMAL,False,0.0,False
ACC_01784,10,4,0.4545454545454545,0.000625040919783,0.0021889361702127,0.0,9185.73,18508.85,19,35,4,10,483.4594736842105,339.98010944226473,0.0,1,19,False,normal,0.131544355150534,0.0147040663105105,0.0848082396145246,38.52040816326531,NORMAL,False,0.0,False
ACC_01481,9,10,1.1,0.0002583882081372,0.0059514893617021,0.0058479532163742,10508.72,5074.3,21,13,10,9,500.41523809523807,303.0710114580252,0.0,1,21,False,normal,0.1341199465513606,0.0103979024227492,0.0846311288999161,38.47789115646258,NORMAL,False,0.0,False
ACC_00949,9,5,0.6,0.0005445054918966,0.0031455319148936,0.0219780219780219,13676.43,14181.44,27,29,5,9,506.5344444444444,357.7442129761832,0.037037037037037,1,27,False,normal,0.1340630309972848,0.0103739846909791,0.0845874124747625,38.43537414965986,NORMAL,False,0.0,False
ACC_01743,10,11,1.0909090909090908,0.0008390416111458,0.0014420330021745,0.0095238095238095,14442.77,23026.51,30,43,11,10,481.4256666666667,340.0371343583575,0.0,1,29,False,normal,0.1279058822125246,0.0195251434510899,0.0845535867079507,38.392857142857146,NORMAL,False,0.0,False
ACC_00048,9,5,0.6,0.0005777026029361,0.0005855319148936,0.0109890109890109,13528.61,15338.07,31,26,5,9,436.4067741935484,225.5405887401363,0.0,1,31,False,normal,0.1254133663335401,0.0232014972060565,0.0845286186825467,38.35034013605442,NORMAL,False,0.0,False
ACC_01855,6,10,1.5714285714285714,0.0001855519310661,0.0026527659574468,0.0166666666666666,11443.66,5292.62,26,9,10,6,440.1407692307693,244.4608787012446,0.0,1,25,False,normal,0.1297679283795768,0.0165597538534407,0.0844846585691224,38.3078231292517,NORMAL,False,0.0,False
ACC_01819,7,9,1.25,0.0002703194723424,0.0050978723404255,0.0083333333333333,17308.3,5359.88,25,10,9,7,692.332,373.6589990218354,0.0,1,24,False,normal,0.1354219009223765,0.0078879199093642,0.0844083085171715,38.265306122448976,NORMAL,False,0.0,False
ACC_01249,4,4,1.0,0.0002387647508508,0.0020587234042553,0.0,11450.55,5848.95,21,10,4,4,545.2642857142857,436.6517419016146,0.0,1,21,False,normal,0.1234394993793912,0.0258560222288928,0.0844061085191919,38.22278911564626,NORMAL,False,0.0,False
ACC_01199,7,11,1.5,0.0004433127187643,0.0082570212765957,0.0065359477124183,11281.84,10653.7,25,26,11,7,451.2736,338.1642796393493,0.0,1,25,False,normal,0.1369454320749455,0.0053744103874505,0.0843170233999475,38.18027210884354,NORMAL,False,0.0,False
ACC_01936,8,8,1.0,0.0005057424522812,0.0002328060376071,0.0,11491.96,16738.88,25,28,8,8,459.6784,254.99288517329265,0.0,2,25,False,normal,0.13546359254699,0.0075766385275683,0.0843088109392213,38.13775510204081,NORMAL,False,0.0,False
ACC_00811,7,6,0.875,0.0003239161058719,0.000536818317486,0.0,13043.27,9288.45,26,19,6,7,501.6642307692308,364.1964194681005,0.0,2,25,False,normal,0.1356017496737935,0.0071289714099065,0.0842126383682387,38.095238095238095,NORMAL,False,0.0,False
ACC_01417,9,5,0.6,0.0002705201482829,0.0060323404255319,0.0,10550.41,7130.460000000001,23,17,5,9,458.7134782608696,346.5761761944026,0.0,1,23,False,normal,0.1241217297359214,0.0241788634644707,0.0841445832273411,38.052721088435376,NORMAL,False,0.0,False
ACC_00756,8,9,1.1111111111111112,0.0005030796300303,0.0008817021276595,0.0073529411764705,15067.42,13280.9,27,25,9,8,558.0525925925926,420.5352824454584,0.0,2,27,False,normal,0.1380351991763164,0.0030020127701995,0.0840219246138696,38.01020408163265,NORMAL,False,0.0,False
ACC_01368,4,9,2.0,0.0003206837336627,0.0047565957446808,0.0,14761.51,5823.34,29,10,9,4,509.01758620689657,336.1687094478346,0.0,1,29,False,normal,0.131527990262853,0.0127456578771934,0.0840150573085891,37.96768707482993,NORMAL,False,0.0,False
ACC_01727,3,8,2.25,0.0002207042819074,0.0007072340425531,0.0,16247.15,4472.78,29,11,8,3,560.2465517241379,355.3594843884536,0.0,1,28,False,normal,0.1344181948295739,0.0077198753584764,0.0837388670411349,37.92517006802721,NORMAL,False,0.0,False
ACC_01619,10,5,0.5454545454545454,0.0002689381411632,5.106382978723405e-05,0.0,13426.23,7878.33,24,16,5,10,559.42625,477.8070505131843,0.0,1,24,False,normal,0.1165111790877574,0.034397198467114,0.0836655868395001,37.88265306122449,NORMAL,False,0.0,False
ACC_01898,6,4,0.7142857142857143,0.0007795699768736,0.0012774468085106,0.0,8961.29,15769.23,19,31,4,6,471.6468421052632,350.10245806767654,0.0,1,19,False,normal,0.1229121307038001,0.0245372537922016,0.0835621799391607,37.84013605442177,NORMAL,False,0.0,False
ACC_01968,7,9,1.25,0.0007151981061724,0.003767659574468,0.0,9999.11,12618.5,20,25,9,7,499.9555,360.3695133503505,0.05,1,20,False,normal,0.129088955277827,0.0151778592830737,0.0835245168799257,37.79761904761904,NORMAL,False,0.0,False
ACC_00744,10,9,0.9090909090909092,0.0005817737303509,0.0021914893617021,0.0116959064327485,9736.97,13924.92,24,32,9,10,405.7070833333333,220.2406568018596,0.0416666666666666,1,24,False,normal,0.1305637826573503,0.0126607823272412,0.0834025825253066,37.755102040816325,NORMAL,False,0.0,False
ACC_01600,6,11,1.7142857142857142,0.000286154850098,0.0040212765957446,0.0,11942.65,6850.71,27,14,11,6,442.3203703703704,223.9208972706052,0.0,1,27,False,normal,0.1292538548408361,0.0145592065039664,0.0833759955060882,37.71258503401361,NORMAL,False,0.0,False
ACC_01775,13,7,0.5714285714285714,0.0006642976993879,0.0026221276595744,0.0,12580.54,20751.8,25,37,7,13,503.2216,310.8755097661013,0.0,1,25,False,normal,0.1326292709842033,0.0091948547050989,0.0832555044725616,37.67006802721088,NORMAL,False,0.0,False
ACC_01352,10,7,0.7272727272727273,0.0006223132329865,0.0056502127659574,0.0147058823529411,14717.19,22463.71,28,43,7,10,525.6139285714286,391.9529959285017,0.0,1,26,False,normal,0.1280750121591622,0.0159722455884447,0.0832339055308752,37.62755102040816,NORMAL,False,0.0,False
ACC_00415,12,8,0.6923076923076923,0.0007612111367534,0.0021055319148936,0.0052631578947368,9115.47,17961.87,19,37,8,12,479.7615789473684,252.04092031659283,0.0,1,19,False,normal,0.1287171385579125,0.0149248106551562,0.08320020739681,37.58503401360544,NORMAL,False,0.0,False
ACC_01394,10,5,0.5454545454545454,0.0003386153725022,0.0038212765957446,0.0,14656.59,7858.7,29,15,5,10,505.3996551724138,346.5758032057836,0.0,1,29,False,normal,0.1181522715342464,0.0302828508982905,0.083004503279864,37.542517006802726,NORMAL,False,0.0,False
ACC_00947,11,9,0.8333333333333334,0.0006651859354426,0.000107448940434,0.0157894736842105,16360.89,16256.73,25,35,9,11,654.4356,418.5095353959493,0.0,1,25,False,normal,0.1310337174678871,0.010734226141322,0.0829139209372611,37.5,NORMAL,False,1.0,True
ACC_01447,5,11,2.0,0.0006404681307732,0.0010331914893617,0.0,10295.48,13299.85,22,30,11,5,467.9763636363636,376.7327692845605,0.0,1,22,False,normal,0.118825148128848,0.0290039799158021,0.0828966808436296,37.45748299319728,NORMAL,False,0.0,False
ACC_01068,6,8,1.2857142857142858,0.0001375919369234,0.0031463829787234,0.0109890109890109,8518.12,2552.62,20,7,8,6,425.90600000000006,296.4292931827793,0.0,1,20,False,normal,0.1308104783255606,0.0110090883891821,0.0828899223510092,37.41496598639456,NORMAL,False,0.0,False
ACC_00298,12,7,0.6153846153846154,0.0007655019907626,0.000515744680851,0.0,11197.58,21799.83,21,43,7,12,533.2180952380952,265.93816423407617,0.0,1,21,False,normal,0.1285995046147092,0.014279361099766,0.0828714472087319,37.37244897959184,NORMAL,False,0.0,False
ACC_01815,7,5,0.75,0.0002169749531033,3.914893617021277e-05,0.0151515151515151,10723.97,7129.14,19,9,5,7,564.4194736842105,469.6865979858116,0.0,1,19,False,normal,0.1194191194362844,0.0279231758653847,0.0828207420079245,37.32993197278912,NORMAL,False,0.0,False
ACC_01044,5,5,1.0,0.0001759905390224,0.0004425531914893,0.0,11442.0,3201.97,29,10,5,5,394.5517241379311,273.3549617918191,0.0,1,29,False,normal,0.1262928583342395,0.0171979023658297,0.0826548759468756,37.28741496598639,NORMAL,False,0.0,False
ACC_01607,8,8,1.0,0.0005614993039314,0.0049114893617021,0.0083333333333333,9599.27,15166.34,17,29,8,8,564.6629411764707,423.6585933237503,0.0,1,17,False,normal,0.1247774336070895,0.0188712896635979,0.0824149760296929,37.24489795918368,NORMAL,False,0.0,False
ACC_01629,7,4,0.625,0.0005566176462508,0.0009846808510638,0.0,10143.14,13849.56,20,23,4,7,507.157,504.0980512089207,0.0,1,20,False,normal,0.118464416654197,0.0282308635547483,0.0823709954144175,37.20238095238096,NORMAL,False,0.0,False
ACC_00992,10,6,0.6363636363636364,0.0005879026806908,0.0043761702127659,0.0083333333333333,8381.57,11054.89,20,18,6,10,419.0785,293.04088860151995,0.0,1,20,False,normal,0.1295185018071128,0.011421963149399,0.0822798863440273,37.15986394557823,NORMAL,False,0.0,False
ACC_01182,5,6,1.1666666666666667,0.0003435901317195,0.0002314893617021,0.0,8106.82,6309.34,18,16,6,5,450.37888888888887,247.3551782568085,0.0555555555555555,1,18,False,normal,0.1327728130875538,0.0065152079900641,0.0822697710485579,37.11734693877551,NORMAL,False,0.0,False
ACC_00116,4,7,1.6,0.0001133770446015,0.0023965957446808,0.0,14847.96,2252.23,26,8,7,4,571.0753846153846,376.1369132773945,0.0,1,26,False,normal,0.1306534070247593,0.0096394997413545,0.0822478441113973,37.07482993197279,NORMAL,False,1.0,True
ACC_00658,8,8,1.0,0.0003430186079975,0.0006753933398712,0.0,13075.98,9166.86,26,15,8,8,502.9223076923077,363.1128887969436,0.0,2,26,False,normal,0.1309761225543463,0.0090310442921093,0.0821980912494515,37.03231292517007,NORMAL,False,0.0,False
ACC_01251,8,12,1.4444444444444444,0.0003230469640276,0.005291914893617,0.0105263157894736,13650.52,9517.75,24,20,12,8,568.7716666666666,303.5186776813732,0.0,1,23,False,normal,0.1306937374375429,0.0094162821974783,0.0821827553415171,36.98979591836735,NORMAL,False,0.0,False
ACC_00063,7,12,1.625,0.000273120454646,0.0028311943035006,0.0058479532163742,16062.56,8525.94,30,18,12,7,535.4186666666667,292.3938372945232,0.0,1,29,False,normal,0.1254987333530794,0.0171174010014178,0.0821462004124148,36.947278911564624,NORMAL,False,0.0,False
ACC_00761,11,9,0.8333333333333334,0.0003075641745363,0.0044834042553191,0.0157894736842105,14740.9,11380.48,26,27,9,11,566.9576923076922,384.8015895945098,0.0384615384615384,1,26,False,normal,0.1294725198225527,0.0110898461709313,0.0821194503619042,36.90476190476191,NORMAL,False,0.0,False
ACC_01023,7,12,1.625,0.0005106578703337,0.0043525348569479,0.0058479532163742,11648.68,13655.29,28,30,12,7,416.0242857142857,345.17562308706704,0.0,1,27,False,normal,0.1291924361731704,0.0115097583201172,0.0821193650319491,36.86224489795919,NORMAL,False,0.0,False
ACC_01519,6,8,1.2857142857142858,0.0004008589938939,0.0013140425531914,0.0,17937.010000000002,9128.78,35,18,8,6,512.4860000000001,446.8808718623684,0.0,1,34,False,normal,0.1293232866144285,0.0112933602278184,0.0821113160597845,36.81972789115646,NORMAL,False,0.0,False
ACC_01896,10,10,1.0,0.0006810968970101,0.0013548936170212,0.0052631578947368,13787.95,25564.3,27,49,10,10,510.66481481481486,303.495798252126,0.0,1,27,False,normal,0.1221931066738631,0.021947886593575,0.0820950186417479,36.77721088435374,NORMAL,False,0.0,False
ACC_00775,8,4,0.5555555555555556,0.0003764244949905,0.0007625531914893,0.0151515151515151,10308.66,15684.04,21,34,4,8,490.8885714285714,235.52054853633712,0.0,1,21,False,normal,0.1268226238996373,0.0147001382042801,0.0819736296214944,36.734693877551024,NORMAL,False,0.0,False
ACC_00579,7,8,1.125,0.0003945117861222,0.001367659574468,0.0095238095238095,14202.8,8644.15,25,24,8,7,568.112,381.6570069228827,0.0,2,24,False,normal,0.1351985382115252,0.002081131774628,0.0819515756367663,36.6921768707483,NORMAL,False,0.0,False
ACC_00611,7,10,1.375,0.0007843008318259,0.0015974468085106,0.0073529411764705,10870.24,16632.5,23,32,10,7,472.6191304347826,221.17806791470585,0.0,1,22,False,normal,0.1180570613762305,0.027786258620055,0.0819487402737603,36.64965986394558,NORMAL,False,0.0,False
ACC_00216,5,7,1.3333333333333333,0.0006130181287431,0.0014791489361702,0.0,12251.19,17360.47,26,45,7,5,471.1996153846154,243.6064684441818,0.0,1,25,False,normal,0.1116894963973327,0.0373035560008099,0.0819351202387236,36.60714285714285,NORMAL,False,0.0,False
ACC_01239,9,11,1.2,0.0006505186640985,0.0019855319148936,0.0157894736842105,11308.41,12923.47,27,28,11,9,418.83,235.02874555777544,0.0,1,26,False,normal,0.1218372814848829,0.0216884618073909,0.0817777536138861,36.564625850340136,NORMAL,False,0.0,False
ACC_01746,12,8,0.6923076923076923,0.000522900956053,0.0016842195028354,0.0052631578947368,11537.92,18625.43,23,30,8,12,501.6486956521739,231.7784682976466,0.0434782608695652,1,22,False,normal,0.1259856244194684,0.0152465273355179,0.0816899855858882,36.52210884353742,NORMAL,False,0.0,False
ACC_01761,5,4,0.8333333333333334,0.0001371622850443,0.0004102127659574,0.0,12928.85,1901.36,23,5,4,5,562.1239130434783,340.0635418931309,0.0,1,23,False,normal,0.1241024649997767,0.0179016455249427,0.0816221372098431,36.47959183673469,NORMAL,False,0.0,False
ACC_00620,7,11,1.5,0.0003171287076469,0.0039012765957446,0.0065359477124183,15736.3,10749.68,32,18,11,7,491.759375,323.9016799241111,0.03125,1,31,False,normal,0.1289000050217262,0.0103446574277507,0.081477865984136,36.43707482993197,NORMAL,False,0.0,False
ACC_01265,12,8,0.6923076923076923,0.0007688427265713,0.0030493617021276,0.0052631578947368,9284.96,22118.92,20,41,8,12,464.24799999999993,325.1237783659438,0.0,1,20,False,normal,0.1293173177460297,0.0095650271530912,0.0814164015088543,36.39455782312925,NORMAL,False,0.0,False
ACC_01846,9,12,1.3,0.0006226653898419,0.0037548936170212,0.0047619047619047,13530.19,19277.08,26,40,12,9,520.3919230769231,309.60982713110684,0.0,1,26,False,normal,0.1237392748769267,0.0179137136379785,0.0814090503813474,36.35204081632653,NORMAL,False,0.0,False
ACC_01902,12,9,0.7692307692307693,0.0004926795660752,0.0023344680851063,0.019047619047619,12490.8,17016.41,24,34,9,12,520.4499999999999,434.3605401146559,0.0,1,23,False,normal,0.12567573084685,0.0147909349629932,0.0813218124933073,36.30952380952381,NORMAL,False,0.0,False
ACC_01674,8,7,0.8888888888888888,0.0004286091207732,0.0022172003581631,0.0,9051.21,7920.88,14,24,7,8,646.5150000000001,347.7692290707468,0.0,1,14,False,normal,0.1238917660373938,0.0174185521563426,0.0813024804849733,36.267006802721085,NORMAL,False,0.0,False
ACC_01312,5,5,1.0,0.0002456427207008,0.0003470771329893,0.0,8695.16,8787.58,23,20,5,5,378.0504347826087,244.9516637379388,0.0434782608695652,1,23,False,normal,0.130327586003344,0.0077179257224514,0.081283721890987,36.224489795918366,NORMAL,False,0.0,False
ACC_00458,8,10,1.2222222222222223,0.0003367343396658,0.0053455319148936,0.0130718954248366,15358.33,5861.41,29,13,10,8,529.5975862068965,331.8390497198386,0.0344827586206896,1,29,False,normal,0.1304029887162083,0.0073230001634163,0.0811709932950915,36.18197278911565,NORMAL,False,0.0,False
ACC_00316,10,5,0.5454545454545454,0.0003765703503538,0.0006578723404255,0.0095238095238095,8877.05,13963.03,17,29,5,10,522.1794117647058,386.3827862119149,0.0,1,17,False,normal,0.1219727065211868,0.0199149447819017,0.0811496018254728,36.13945578231292,NORMAL,False,0.0,False
ACC_01101,9,7,0.8,0.0004329784232235,0.0003327659574468,0.0083333333333333,12979.64,18235.21,24,31,7,9,540.8183333333333,326.7712018159371,0.0,2,24,False,normal,0.1313157411330421,0.0057890033148483,0.0811050460057645,36.0969387755102,NORMAL,False,1.0,True
ACC_00351,9,8,0.9,0.0006714505584603,0.0006668656461859,0.0,12904.66,11599.67,25,23,8,9,516.1864,351.9912438764161,0.0,2,23,False,normal,0.1303130226164988,0.0070690373339051,0.0810154285034613,36.054421768707485,NORMAL,False,0.0,False
ACC_01474,10,4,0.4545454545454545,0.0004273428911838,0.0034868085106382,0.0109890109890109,10264.16,10200.95,21,26,4,10,488.7695238095238,369.9612681548731,0.0,1,20,False,normal,0.1211423654495728,0.0207701337020632,0.0809934727505689,36.01190476190476,NORMAL,False,0.0,False
ACC_00032,8,6,0.7777777777777778,0.0005294771421512,0.0002042553191489,0.0109890109890109,6224.32,13789.02,19,30,6,8,327.5957894736842,236.01382151889584,0.0,1,18,False,normal,0.1292772029886538,0.0084800361078655,0.0809583362363385,35.96938775510204,NORMAL,False,0.0,False
ACC_00314,10,6,0.6363636363636364,0.0005724508451894,0.0003794823689933,0.025,14649.12,18170.49,30,35,6,10,488.304,329.07229215813186,0.0,1,30,False,normal,0.1283499655739477,0.0098492389243914,0.0809496749141252,35.92687074829932,NORMAL,False,1.0,True
ACC_00005,6,11,1.7142857142857142,0.0003305696127001,0.0007106382978723,0.0073529411764705,13140.68,5994.01,31,14,11,6,423.8929032258064,279.25124078737826,0.0,1,31,False,normal,0.1199626145845207,0.0222830951538683,0.0808908068122597,35.8843537414966,NORMAL,False,0.0,False
ACC_00722,7,4,0.625,0.0009161916283457,3.574468085106383e-05,0.0,12189.8,16984.079999999998,25,33,4,7,487.592,368.01731261359606,0.0,1,25,False,normal,0.1189766459502207,0.0235211083692485,0.0807944309178318,35.84183673469388,NORMAL,False,1.0,True
ACC_00803,4,6,1.4,0.0001790497218043,0.0003421276595744,0.0,10000.47,3881.0,20,9,6,4,500.0235,315.05902164306326,0.05,1,20,False,normal,0.1298505772123336,0.0070558729739658,0.0807326955169865,35.79931972789115,NORMAL,False,0.0,False
ACC_00412,7,10,1.375,0.000576722300844,0.0061531914893617,0.0147058823529411,15892.66,15836.32,29,31,10,7,548.0227586206896,388.1065295940624,0.0,1,29,False,normal,0.1273230151269075,0.0105820057291696,0.0806266113678123,35.75680272108844,NORMAL,False,0.0,False
ACC_01606,7,5,0.75,0.0002992010182005,0.0006280851063829,0.0303030303030303,8204.33,7339.8,20,18,5,7,410.2165,292.85024558592545,0.0,1,20,False,normal,0.1310483851035016,0.004502994685329,0.0804302289362326,35.714285714285715,NORMAL,False,0.0,False
ACC_01009,8,8,1.0,0.0010219172345949,0.0005404255319148,0.025,11853.88,18871.51,24,34,8,8,493.9116666666666,388.335623058498,0.0,1,24,False,normal,0.1178742092563916,0.0240677792788434,0.0803516372653724,35.67176870748299,NORMAL,False,0.0,False
ACC_00967,6,9,1.4285714285714286,0.0002489782232616,0.0031923404255319,0.019047619047619,10161.31,6237.86,21,14,9,6,483.8719047619047,360.8315432666474,0.0476190476190476,1,20,False,normal,0.1286814318498106,0.0074174572728003,0.0801758420190065,35.62925170068027,NORMAL,False,0.0,False
ACC_01747,11,7,0.6666666666666666,0.000555180348037,0.000743829787234,0.0130718954248366,8630.42,16084.02,19,32,7,11,454.23263157894735,313.1861600965525,0.0526315789473684,1,19,False,normal,0.1262017640958163,0.0108976995793675,0.0800801382892368,35.58673469387755,NORMAL,False,0.0,False
ACC_00422,5,9,1.6666666666666667,0.0003245270279316,0.0037974468085106,0.0128205128205128,8352.0,9757.25,23,16,9,5,363.1304347826087,241.022207869246,0.0,1,22,False,normal,0.127793426556561,0.0084933128429372,0.0800733810711115,35.544217687074834,NORMAL,False,0.0,False
ACC_01633,9,10,1.1,0.000529267170537,0.0083353191489361,0.0058479532163742,12518.74,14202.22,22,24,10,9,569.0336363636363,384.0027721073732,0.0,1,22,False,normal,0.128727654742941,0.0066593246966752,0.0799003227244347,35.50170068027211,NORMAL,False,0.0,False
ACC_00085,7,8,1.125,0.0003116154398986,0.0022629787234042,0.0380952380952381,9716.34,9382.82,21,18,8,7,462.68285714285713,286.779399715929,0.0,1,21,False,normal,0.130234256007543,0.0040942687090798,0.0797782610881577,35.45918367346938,NORMAL,False,0.0,False
ACC_01166,7,11,1.5,0.0003782376696437,0.0033061868417686,0.0065359477124183,8703.539999999999,9458.83,21,23,11,7,414.4542857142857,254.7513703510037,0.0,1,21,False,normal,0.12309903975742,0.0146812207842334,0.0797319121681454,35.41666666666667,NORMAL,False,0.0,False
ACC_01796,7,12,1.625,0.0005182913468202,0.0003922739095211,0.0,14811.25,15261.71,28,27,12,7,528.9732142857143,340.08260690443336,0.0357142857142857,1,28,False,normal,0.1189966074637342,0.0200928309054815,0.0794350968404331,35.374149659863946,NORMAL,False,0.0,False
ACC_01048,4,8,1.8,0.0001589998302988,0.0024425531914893,0.0,15799.52,5115.8,25,9,8,4,631.9808,359.0207883363673,0.0,1,24,False,normal,0.127530325808881,0.0071908524124939,0.0793945364503262,35.33163265306122,NORMAL,False,0.0,False
ACC_01439,10,6,0.6363636363636364,0.0004171582785972,0.0076408510638297,0.0083333333333333,13015.4,14028.97,26,25,6,10,500.59230769230766,272.1687527150417,0.0,1,25,False,normal,0.1207191413048059,0.0172181431153903,0.0793187420290397,35.2891156462585,NORMAL,False,0.0,False
ACC_00217,9,7,0.8,0.000525250328014,0.0003163774357225,0.0166666666666666,9392.99,10369.91,20,23,7,9,469.6495,171.47482858011244,0.0,1,20,False,normal,0.1209006154550472,0.0168914523260811,0.0792969502034608,35.24659863945578,NORMAL,False,0.0,False
ACC_01940,6,8,1.2857142857142858,0.0006075595148411,0.0002694751204536,0.0219780219780219,17529.14,13870.79,27,25,8,6,649.2274074074074,451.8054407902092,0.0,1,27,False,normal,0.1270165175182595,0.007654401457924,0.0792716710941253,35.204081632653065,NORMAL,False,0.0,False
ACC_00002,6,8,1.2857142857142858,0.0004303043664055,0.0043923404255319,0.0,9759.33,10955.11,29,19,8,6,336.5286206896552,212.2025042891836,0.0,1,29,False,normal,0.121768351049558,0.0153664161964981,0.0792075771083341,35.16156462585034,NORMAL,False,0.0,False
ACC_01573,12,8,0.6923076923076923,0.0009288763855789,0.0010587234042553,0.0052631578947368,12786.16,21929.46,24,45,8,12,532.7566666666667,349.6459746119192,0.0,1,24,False,normal,0.1232618307261853,0.0131077716768773,0.0792002071064621,35.11904761904761,NORMAL,False,0.0,False
ACC_01823,6,12,1.8571428571428568,0.0004302068089558,0.0010173538566494,0.0130718954248366,15077.5,10599.23,30,21,12,6,502.5833333333333,360.8995901272583,0.0,1,30,False,normal,0.119601147294605,0.0185961006078364,0.0791991286198976,35.0765306122449,NORMAL,False,1.0,True
ACC_00975,9,7,0.8,0.0008296943102226,0.0002331914893617,0.0083333333333333,14983.2,18686.1,25,43,7,9,599.328,376.1251985487456,0.04,1,25,False,normal,0.1239488196087657,0.0119124733258175,0.0791342810955864,35.034013605442176,NORMAL,False,0.0,False
ACC_01289,9,9,1.0,0.0008306110073685,0.0019327659574468,0.0,12466.87,22329.7,23,42,9,9,542.0378260869566,363.3876632087721,0.0434782608695652,1,22,False,normal,0.1217266331188011,0.0149798768018345,0.0790279305920145,34.99149659863946,NORMAL,False,0.0,False
ACC_00777,5,4,0.8333333333333334,0.0004842319446078,0.0001225531914893,0.0,15928.13,10187.91,31,20,4,5,513.8106451612904,281.2277559907093,0.0,1,29,False,normal,0.1178290963465312,0.0207406368086503,0.0789937125313788,34.94897959183674,NORMAL,False,0.0,False
ACC_01013,9,7,0.8,0.0004825108884307,0.0017200358163134,0.0083333333333333,10648.3,13695.36,23,21,7,9,462.9695652173913,327.6646782289683,0.0,2,23,False,normal,0.1278111009594678,0.005599496071627,0.0789264590043314,34.906462585034014,NORMAL,False,0.0,False
ACC_01788,6,4,0.7142857142857143,0.0002940571449928,0.0003217021276595,0.0277777777777777,10554.79,8836.28,20,17,4,6,527.7395,347.8711927752782,0.0,1,20,False,normal,0.1272786190151338,0.0060151401332834,0.0787732274623936,34.863945578231295,NORMAL,False,0.0,False
ACC_00525,8,5,0.6666666666666666,0.0008073040031352,0.0036808510638297,0.0,9850.01,11728.47,23,22,5,8,428.26130434782607,264.2515695886015,0.0,1,23,False,normal,0.1161748357805999,0.0223172816316165,0.0786318141210065,34.82142857142857,NORMAL,False,0.0,False
ACC_01142,7,10,1.375,0.0007054883641183,0.004,0.0147058823529411,13446.71,21484.55,25,39,10,7,537.8684000000001,380.8868418537628,0.0,1,24,False,normal,0.1179799189832976,0.0196015996842927,0.0786285912636956,34.77891156462585,NORMAL,False,0.0,False
ACC_01875,3,5,1.5,0.0002171607166222,0.0,0.0,13450.64,7751.51,28,18,5,3,480.38,323.0195441742164,0.0,1,27,False,normal,0.1233898220156226,0.0114300055310261,0.078605895421784,34.73639455782313,NORMAL,False,0.0,False
ACC_00985,6,12,1.8571428571428568,0.0002632643847063,0.0046451063829787,0.0073529411764705,13465.2,11660.68,27,27,12,6,498.7111111111112,373.715087757972,0.0,1,27,False,normal,0.1227483772170287,0.012327680103501,0.0785800983716176,34.69387755102041,NORMAL,False,0.0,False
ACC_01236,8,12,1.4444444444444444,0.0004352118219609,0.0026029787234042,0.0052631578947368,12637.38,9987.64,26,22,12,8,486.0530769230769,224.8735171205224,0.0,1,26,False,normal,0.1153784023062096,0.023382120508604,0.0785798895871673,34.65136054421769,NORMAL,False,0.0,False
ACC_00435,10,11,1.0909090909090908,0.0004287545933231,0.0073634042553191,0.0095238095238095,14833.79,10117.65,30,22,11,10,494.4596666666667,322.3014357493493,0.0,1,30,False,normal,0.1280313793230584,0.0041049916719979,0.0784608242626342,34.60884353741497,NORMAL,False,0.0,False
ACC_01510,11,4,0.4166666666666667,0.0005581213498731,0.0004936170212765,0.0095238095238095,12159.57,15590.92,22,38,4,11,552.7077272727273,359.8536758174781,0.0,1,21,False,normal,0.1190831776906902,0.0172299272254138,0.0783418775045797,34.566326530612244,NORMAL,False,0.0,False
ACC_00863,4,9,2.0,0.0003623027268088,0.000463829787234,0.0,10484.0,8620.07,21,17,9,4,499.2380952380952,320.3543570270123,0.0476190476190476,1,21,False,normal,0.1233437423865531,0.0107130809984003,0.078291477831292,34.523809523809526,NORMAL,False,0.0,False
ACC_01557,11,5,0.5,0.0005788227590965,0.0005991489361702,0.0,15916.43,14261.68,30,27,5,11,530.5476666666667,328.33363300663143,0.0,1,30,False,normal,0.1182753337175766,0.0180769114918592,0.0781959648272896,34.4812925170068,NORMAL,False,0.0,False
ACC_00442,10,7,0.7272727272727273,0.0006489565167829,0.0042348936170212,0.0,12848.42,13943.41,30,31,7,10,428.28066666666666,267.4763166690662,0.0333333333333333,1,30,False,normal,0.1215728246673912,0.0124391084664577,0.0779193381870178,34.43877551020408,NORMAL,False,0.0,False
ACC_00036,11,7,0.6666666666666666,0.000290854402906,0.0016161702127659,0.0196078431372549,16988.07,13368.47,29,29,7,11,585.7955172413793,365.58873835408286,0.0,1,28,False,normal,0.1168336913423766,0.0195366862922572,0.0779148893223288,34.39625850340136,NORMAL,False,0.0,False
ACC_00222,8,6,0.7777777777777778,0.0006740057244987,0.0002987234042553,0.0329670329670329,13167.42,16287.61,24,33,6,8,548.6425,341.3181112055973,0.0,1,23,False,normal,0.1275243113919812,0.0033758432403218,0.0778649241313174,34.35374149659864,NORMAL,False,0.0,False
ACC_01847,10,12,1.181818181818182,0.0005406631996634,0.0008553191489361,0.0086580086580086,13260.9,14782.18,24,22,12,10,552.5375,310.4049862924521,0.0,1,23,False,normal,0.1097767237266879,0.0299871358353183,0.0778608885701401,34.31122448979592,NORMAL,False,0.0,False
ACC_01679,10,9,0.9090909090909092,0.0008755557687393,0.0026570212765957,0.0175438596491228,13908.24,22359.44,27,32,9,10,515.12,395.7108953808032,0.0,1,27,False,normal,0.1241215102118034,0.008001629867808,0.0776735580742052,34.2687074829932,NORMAL,False,0.0,False
ACC_00347,8,8,1.0,0.0004923587237927,0.001073636634972,0.0,10214.03,18935.67,19,39,8,8,537.5805263157895,368.09691766456297,0.0526315789473684,1,19,False,normal,0.1189325957772576,0.0155569433740857,0.0775823348159889,34.226190476190474,NORMAL,False,0.0,False
ACC_01945,6,5,0.8571428571428571,0.0002660408284124,0.002795744680851,0.0,12538.07,4837.42,23,10,5,6,545.1334782608695,520.0021242754573,0.0,1,23,False,normal,0.1054930428764213,0.035350191779474,0.0774359024376424,34.18367346938776,NORMAL,False,0.0,False
ACC_00870,10,10,1.0,0.000555037029054,0.0076748936170212,0.0105263157894736,10350.02,13729.63,23,28,10,10,450.0008695652174,289.25065576908526,0.0,1,23,False,normal,0.1284560763159933,0.0008869476010698,0.0774284248300239,34.14115646258503,NORMAL,False,0.0,False
ACC_00289,11,9,0.8333333333333334,0.0004424313157703,0.0080127659574468,0.0058479532163742,14779.67,10745.5,28,23,9,11,527.8453571428571,347.5183508875055,0.0,1,28,False,normal,0.1236586735868195,0.0072242457730928,0.0770849024613288,34.09863945578231,NORMAL,False,0.0,False
ACC_01507,8,10,1.2222222222222223,0.0004586064346012,0.0016153191489361,0.0261437908496732,10289.77,14328.97,26,34,10,8,395.7603846153846,304.2093111984677,0.0,1,26,False,normal,0.1199154477270998,0.012833553443281,0.0770826900135723,34.05612244897959,NORMAL,False,0.0,False
ACC_01721,7,5,0.75,0.0004425801467155,0.0032464929859719,0.0,9658.13,12599.39,17,28,5,7,568.1252941176471,401.6859398540987,0.0,1,17,False,normal,0.1146954498700306,0.0205363700402454,0.0770318179381165,34.01360544217687,NORMAL,False,0.0,False
ACC_00623,8,4,0.5555555555555556,0.000794188545567,0.0015690956380846,0.0,10380.4,16290.43,25,27,4,8,415.216,319.50524471438644,0.0,1,25,False,normal,0.1169425923596617,0.0170621447006854,0.0769904132960712,33.97108843537415,NORMAL,False,1.0,True
ACC_01309,4,10,2.2,0.0003119754862369,0.0010429369377051,0.0,12117.85,7526.4,26,15,10,4,466.0711538461538,313.32906481623337,0.0384615384615384,1,26,False,normal,0.1209579338561067,0.0108706664549284,0.0769230268956354,33.92857142857143,NORMAL,False,0.0,False
ACC_01007,8,6,0.7777777777777778,0.0005099431981115,0.0009744680851063,0.0109890109890109,13362.33,14096.98,26,35,6,8,513.9357692307692,390.46084323192326,0.0769230769230769,1,25,False,normal,0.124503396321017,0.0052365058683237,0.0767966401399397,33.886054421768705,NORMAL,False,1.0,True
ACC_01299,9,5,0.6,0.0004928943807425,0.0042663829787234,0.0,13876.89,18204.95,31,30,5,9,447.6416129032258,300.76489214552925,0.0,1,30,False,normal,0.1127458261703654,0.0226112909003442,0.0766920120623569,33.843537414965986,NORMAL,False,0.0,False
ACC_00459,8,9,1.1111111111111112,0.0005708076598008,0.0025480851063829,0.0073529411764705,12235.99,15326.15,21,30,9,8,582.6661904761904,464.5872681690297,0.0476190476190476,1,21,False,normal,0.1182318899745041,0.014055518651479,0.076561341445294,33.80102040816326,NORMAL,False,0.0,False
ACC_01019,6,12,1.8571428571428568,0.0004651303424612,0.0014961702127659,0.0130718954248366,11007.46,13143.22,23,25,12,6,478.5852173913043,290.6782672219887,0.0,1,23,False,normal,0.1098906136887759,0.0264019099453454,0.0764951321914037,33.75850340136054,NORMAL,False,0.0,False
ACC_01668,6,4,0.7142857142857143,0.0002609975970639,6.893617021276597e-05,0.0,13432.17,7264.42,28,13,4,6,479.7203571428572,227.163470320419,0.0,1,27,False,normal,0.1132769340003824,0.0212497686511354,0.0764660678606836,33.715986394557824,NORMAL,False,0.0,False
ACC_01687,7,5,0.75,0.0004568096533417,0.0005914893617021,0.0303030303030303,8833.22,12958.95,18,26,5,7,490.7344444444444,330.1406012456657,0.0,1,18,False,normal,0.1248495327618729,0.0037640985358934,0.0764153590714811,33.6734693877551,NORMAL,False,0.0,False
ACC_00296,10,11,1.0909090909090908,0.0008586829009006,0.0019818360124504,0.0,11811.82,17814.13,26,33,11,10,454.3007692307692,280.7008390571439,0.0,1,26,False,normal,0.1135235623198046,0.0204039980521449,0.0762757366127407,33.63095238095239,NORMAL,False,0.0,False
ACC_00250,5,4,0.8333333333333334,0.0003289494658055,0.0031182978723404,0.0,12188.42,6801.0,21,17,4,5,580.4009523809524,439.5828122311513,0.0,1,21,False,normal,0.1088991380603558,0.0271606108579554,0.0762037271793956,33.58843537414966,NORMAL,False,0.0,False
ACC_01395,6,10,1.5714285714285714,0.0005299174078805,0.0037266021404511,0.0083333333333333,10386.14,17702.37,24,33,10,6,432.7558333333333,252.9931333303709,0.0,1,24,False,normal,0.1154008514533446,0.0173465760681729,0.0761791412992759,33.545918367346935,NORMAL,False,0.0,False
ACC_00255,9,10,1.1,0.0008230492603481,0.0048068085106382,0.0058479532163742,13102.44,21627.27,23,41,10,9,569.6713043478261,361.1728221591474,0.0,1,22,False,normal,0.11519936038653,0.0172334773116489,0.0760130071565775,33.50340136054422,NORMAL,False,0.0,False
ACC_00128,3,7,2.0,0.0001938751254501,0.0016791489361702,0.0,14363.8,3464.88,25,9,7,3,574.552,389.6966664064928,0.0,1,25,False,normal,0.1205109230837462,0.0091859386860313,0.0759809293246602,33.4608843537415,NORMAL,False,0.0,False
ACC_00065,6,4,0.7142857142857143,0.000580590837574,4.680851063829788e-05,0.0,12203.62,22136.07,24,35,4,6,508.4841666666667,436.40282544931455,0.0,1,24,False,normal,0.114127128760855,0.0186914084933041,0.0759528406538347,33.41836734693878,NORMAL,False,0.0,False
ACC_00728,10,7,0.7272727272727273,0.000601259810857,0.001,0.0073529411764705,8891.779999999999,16901.43,17,33,7,10,523.0458823529411,445.8278931670104,0.0,1,17,False,normal,0.1130242496227195,0.0201212925657357,0.075863066799926,33.375850340136054,NORMAL,False,0.0,False
ACC_01978,10,4,0.4545454545454545,0.0005398892454728,0.0013642553191489,0.0219780219780219,10796.66,11814.74,23,25,4,10,469.42,361.04701777670806,0.0,1,22,False,normal,0.1183319514402262,0.0117190104703346,0.0756867750522695,33.33333333333333,NORMAL,False,0.0,False
ACC_01821,4,9,2.0,0.0003020876427252,0.0003123404255319,0.0,14857.78,5506.37,31,8,9,4,479.2832258064517,351.46958488027667,0.0,1,31,False,normal,0.117007133459105,0.0133980108172808,0.0755634844023753,33.29081632653062,NORMAL,False,0.0,False
ACC_00205,9,7,0.8,0.000348597893301,0.0006280851063829,0.0,12146.03,10564.14,25,23,7,9,485.8412,356.54722993969074,0.0,2,24,False,normal,0.1197726326718649,0.0090993120931201,0.075503304440367,33.24829931972789,NORMAL,False,0.0,False
ACC_01491,5,12,2.1666666666666665,0.0002704801251929,0.0004561702127659,0.0,12823.52,6482.33,25,17,12,5,512.9408,350.1924276132576,0.0,1,24,False,normal,0.1107190088499859,0.0225048694791456,0.0754333531016497,33.205782312925166,NORMAL,False,0.0,False
ACC_00230,6,11,1.7142857142857142,0.0005884444405505,0.0005259574468085,0.0,14907.41,14861.54,26,29,11,6,573.3619230769231,388.6960329513975,0.0384615384615384,1,26,False,normal,0.1150157463602177,0.0159428390930829,0.0753865834533638,33.16326530612245,NORMAL,False,0.0,False
ACC_00499,11,10,0.9166666666666666,0.000362200905277,0.0013251063829787,0.0,13194.9,9845.37,24,19,10,11,549.7875,484.44565475486473,0.0,1,24,False,normal,0.1045929380183528,0.0314726760477558,0.075344833230114,33.12074829931973,NORMAL,False,0.0,False
ACC_01055,5,4,0.8333333333333334,0.0002036311437804,0.0032038545175457,0.0,11991.05,3216.71,24,10,4,5,499.6270833333333,296.48875194559,0.0,1,24,False,normal,0.1124191292384326,0.0196175353920572,0.0752984916998825,33.07823129251701,NORMAL,False,0.0,False
ACC_01364,9,6,0.7,0.000438996900776,0.0046382978723404,0.0095238095238095,7526.33,11263.73,17,27,6,9,442.7252941176471,274.4537668514874,0.0,1,17,False,normal,0.1194094272179745,0.0089801231817404,0.0752377056034808,33.035714285714285,NORMAL,False,0.0,False
ACC_01139,6,6,1.0,0.0004826800884804,0.0017217021276595,0.0151515151515151,7220.78,7125.06,20,15,6,6,361.039,248.2080007807544,0.0,1,20,False,normal,0.1210023394788928,0.0065338077442223,0.0752149267850246,32.99319727891156,NORMAL,False,0.0,False
ACC_01471,11,10,0.9166666666666666,0.0005159575752818,0.0057812765957446,0.0047619047619047,13230.62,22883.15,27,43,10,11,490.0229629629629,363.9521876334732,0.0,1,25,False,normal,0.1197208158744519,0.0084533860940428,0.0752138439622883,32.95068027210885,NORMAL,False,0.0,False
ACC_01141,9,9,1.0,0.000528018741219,0.0017395744680851,0.0130718954248366,8008.84,8479.630000000001,17,20,9,9,471.10823529411766,301.95657500780004,0.0,1,17,False,normal,0.1138517914784665,0.0172132786048886,0.0751963863290353,32.90816326530612,NORMAL,False,0.0,False
ACC_01240,10,6,0.6363636363636364,0.0005695160938644,0.001023829787234,0.0,8943.12,15928.34,17,32,6,10,526.0658823529412,376.6636956400701,0.0,1,16,False,normal,0.1150774651212166,0.0149192497457168,0.0750141789710167,32.8656462585034,NORMAL,False,0.0,False
ACC_01760,7,9,1.25,0.0006205680927471,0.0017191489361702,0.0083333333333333,12591.84,13189.99,33,21,9,7,381.5709090909091,286.50776704528056,0.0,1,33,False,normal,0.1130961333765456,0.0176809321798491,0.074930052897867,32.82312925170068,NORMAL,False,0.0,False
ACC_01504,5,5,1.0,0.0003893476923477,2.302477295015563e-05,0.0,8358.23,3470.63,22,7,5,5,379.9195454545454,262.60437329033977,0.0,1,21,False,normal,0.117333393250945,0.0111838977156373,0.0748735950368219,32.78061224489796,NORMAL,False,0.0,False
ACC_01991,9,5,0.6,0.000493392976075,0.0002008510638297,0.0,16598.98,10629.0,24,25,5,9,691.6241666666666,283.5366897340841,0.0,1,24,False,normal,0.1191194334790423,0.0082917471704958,0.0747883589556237,32.73809523809524,NORMAL,False,0.0,False
ACC_01834,8,11,1.3333333333333333,0.0004293673327429,0.0045751076621327,0.0116959064327485,17036.72,11369.39,27,23,11,8,630.9896296296297,399.1815636011868,0.0,1,27,False,normal,0.1217679866392604,0.0040959350732204,0.0746991660128444,32.695578231292515,NORMAL,False,0.0,False
ACC_01148,7,5,0.75,0.0005513057655315,0.0003370212765957,0.0,9784.06,16285.87,23,34,5,7,425.3939130434782,158.81291625795345,0.0,1,23,False,normal,0.1111292671816709,0.0198293673995457,0.0746093072688208,32.6530612244898,NORMAL,False,0.0,False
ACC_01189,10,9,0.9090909090909092,0.0008461609106269,0.0052204255319148,0.0,10939.4,18947.89,26,36,9,10,420.74615384615385,283.94386501668845,0.0,1,25,False,normal,0.1174931099046715,0.0099944111709976,0.0744936304112019,32.61054421768708,NORMAL,False,1.0,True
ACC_01024,5,9,1.6666666666666667,0.0002988353617546,0.0004995744680851,0.0109890109890109,11590.19,11856.66,27,22,9,5,429.26629629629633,249.15140545379452,0.037037037037037,1,27,False,normal,0.1147478345115554,0.0139076523180468,0.074411761634152,32.56802721088435,NORMAL,False,0.0,False
ACC_01833,8,6,0.7777777777777778,0.0005796158827901,0.0004451063829787,0.0,13701.3,24449.79,23,49,6,8,595.7086956521739,372.9104275012036,0.0,1,23,False,normal,0.1087369346858313,0.0224695061275572,0.0742299632625216,32.525510204081634,NORMAL,False,0.0,False
ACC_01567,9,8,0.9,0.0004087564668716,0.0061106382978723,0.0083333333333333,7536.269999999999,14731.06,20,31,8,9,376.8135,283.31500360209066,0.0,1,20,False,normal,0.1201699953577678,0.0051774285439178,0.0741729686322278,32.482993197278915,NORMAL,False,0.0,False
ACC_00679,8,9,1.1111111111111112,0.0002782010945928,0.0005770212765957,0.0073529411764705,18805.72,7043.8,31,14,9,8,606.636129032258,392.6458833578285,0.0,1,31,False,normal,0.1138079294182147,0.0146872834227803,0.0741596710200409,32.44047619047619,NORMAL,False,0.0,False
ACC_00450,4,6,1.4,0.000219788269813,0.0010765957446808,0.0,10691.34,4982.48,20,9,6,4,534.567,343.0885988702289,0.05,1,20,False,normal,0.1181265581134507,0.0082084284914333,0.0741593062646437,32.39795918367347,NORMAL,False,0.0,False
ACC_00123,11,11,1.0,0.0003930374991345,0.0027732059864409,0.0173160173160173,11111.14,10821.7,24,24,11,11,462.9641666666666,343.4075406596134,0.0,1,24,False,normal,0.1106604619707849,0.01931108897428,0.0741207127721829,32.355442176870746,NORMAL,False,0.0,False
ACC_00685,9,11,1.2,0.0006324540710784,0.0047448087664691,0.0052631578947368,12394.42,18793.27,24,43,11,9,516.4341666666667,389.7332451363274,0.0,1,24,False,normal,0.112499885643771,0.0162620852549189,0.0740047654882301,32.31292517006803,NORMAL,False,0.0,False
ACC_00306,4,9,2.0,0.0002652063114349,0.0005344680851063,0.0128205128205128,13657.84,5430.65,26,10,9,4,525.3015384615385,335.7010861190927,0.0384615384615384,1,26,False,normal,0.1172529787304679,0.008770469141627,0.0738599748949316,32.27040816326531,NORMAL,False,0.0,False
ACC_00144,5,10,1.8333333333333333,0.0005574723282724,0.0013123404255319,0.0,9878.92,6829.93,24,13,10,5,411.6216666666666,306.5801991630258,0.0,1,24,False,normal,0.1113229152823664,0.0176118681967199,0.0738384964481078,32.22789115646258,NORMAL,False,0.0,False
ACC_01016,9,9,1.0,0.0005242993393256,0.0009046808510638,0.0065359477124183,18644.51,14684.04,29,28,9,9,642.9141379310345,479.02619706559176,0.0,1,29,False,normal,0.1185504652113138,0.0066704091301579,0.0737984427788514,32.185374149659864,NORMAL,False,0.0,False
ACC_00151,7,5,0.75,0.0002879529030495,0.0024008510638297,0.0151515151515151,16133.98,10106.88,26,17,5,7,620.5376923076923,467.9309541144521,0.0,1,25,False,normal,0.1093671509367198,0.0203991476054606,0.0737799496042161,32.142857142857146,NORMAL,False,0.0,False
ACC_01489,5,6,1.1666666666666667,0.0003547646799288,2.0425531914893616e-05,0.0,17069.81,15867.28,33,24,6,5,517.2669696969697,346.7290770768011,0.0,1,33,False,normal,0.1122315096996746,0.0159188853995241,0.0737064599796144,32.10034013605442,NORMAL,False,0.0,False
ACC_00092,5,10,1.8333333333333333,0.0006287280569187,0.0004978723404255,0.0095238095238095,15450.08,13686.63,30,25,10,5,515.0026666666666,336.0661259021066,0.0,1,30,False,normal,0.1108706275889694,0.0179257015954324,0.0736926571915546,32.0578231292517,NORMAL,False,0.0,False
ACC_00449,8,6,0.7777777777777778,0.0008523795876214,0.000635744680851,0.0219780219780219,10692.89,19053.78,21,36,6,8,509.1852380952381,419.1243888229251,0.0,1,21,False,normal,0.1124253912366216,0.0153714187249518,0.0736038022319537,32.015306122448976,NORMAL,False,1.0,True
ACC_00256,9,11,1.2,0.0004099761271942,0.0063097872340425,0.0,9593.33,11241.03,22,21,11,9,436.06045454545455,291.9351256126097,0.0,1,22,False,normal,0.1193980645559493,0.004892777848091,0.073595949872806,31.97278911564626,NORMAL,False,0.0,False
ACC_00191,11,5,0.5,0.0004325661199293,0.0001617021276595,0.0,9175.15,11065.06,24,25,5,11,382.29791666666665,288.9688704007551,0.0,1,24,False,normal,0.1104167182213186,0.017809829926192,0.0733739629032679,31.93027210884354,NORMAL,False,0.0,False
ACC_01838,9,7,0.8,0.0009650223557439,0.0004987234042553,0.0083333333333333,14322.61,22294.92,25,40,7,9,572.9044,460.2172689980245,0.0,1,23,False,normal,0.1092719027103608,0.0194252063690161,0.0733332241738229,31.887755102040817,NORMAL,False,0.0,False
ACC_00076,6,6,1.0,0.0002388536021016,0.0002382978723404,0.0,16410.69,4910.05,30,6,6,6,547.0229999999999,412.4404450061809,0.0,1,30,False,normal,0.1091157425549761,0.0192750372864634,0.073179460447571,31.84523809523809,NORMAL,False,0.0,False
ACC_00161,6,6,1.0,0.0002618973391964,0.0016280851063829,0.0151515151515151,14181.34,8015.2,27,17,6,6,525.2348148148149,489.2001289732704,0.037037037037037,1,27,False,normal,0.1121603501311882,0.0146759550485809,0.0731665920981453,31.802721088435376,NORMAL,False,0.0,False
ACC_00978,5,5,1.0,0.0002386221022889,0.0008170212765957,0.0,12949.78,2600.75,22,7,5,5,588.6263636363636,471.23246802345926,0.0,1,22,False,normal,0.1066818209250708,0.022889938566196,0.0731650679815208,31.76020408163265,NORMAL,False,0.0,False
ACC_01226,9,8,0.9,0.0006863529167571,0.0029761702127659,0.0147058823529411,17435.01,14260.95,33,30,8,9,528.3336363636363,382.91858027211697,0.0,1,33,False,normal,0.1152477862962933,0.009800235561504,0.0730687660023776,31.71768707482993,NORMAL,False,0.0,False
ACC_01206,4,6,1.4,0.0001703405209349,0.0002051063829787,0.0,13335.12,4315.47,29,14,6,4,459.831724137931,354.9425087055746,0.0344827586206896,1,29,False,normal,0.1164687068690304,0.0079563025283254,0.0730637451327484,31.67517006802721,NORMAL,False,0.0,False
ACC_01271,7,12,1.625,0.00028239665516,0.0033268085106382,0.0116959064327485,11502.01,9254.08,23,19,12,7,500.0873913043478,369.2503345135112,0.0,1,22,False,normal,0.1101520234510169,0.0174016437274531,0.0730518715615914,31.63265306122449,NORMAL,False,0.0,False
ACC_00647,7,6,0.875,0.0003508932187002,0.0008928495288449,0.0256410256410256,12868.42,11995.55,29,21,6,7,443.7386206896552,286.2322665464452,0.0344827586206896,1,29,False,normal,0.1153354737084318,0.0095825493714132,0.0730343039736244,31.59013605442177,NORMAL,False,0.0,False
ACC_01530,9,9,1.0,0.0002206688508316,0.0042493497633565,0.0,11577.36,5178.56,26,10,9,9,445.2830769230769,263.6057171879128,0.0,1,25,False,normal,0.110357902435532,0.0169731781074095,0.073004012704283,31.547619047619047,NORMAL,False,0.0,False
ACC_00356,4,10,2.2,0.0002899828174258,0.0011225531914893,0.0109890109890109,13243.58,7059.05,24,12,10,4,551.8158333333333,302.9729511662811,0.0,1,24,False,normal,0.1131970986723378,0.0126525305235472,0.0729792714128216,31.505102040816325,NORMAL,False,0.0,False
ACC_00501,9,9,1.0,0.0007173884056393,0.0012468085106382,0.0,9731.24,23706.81,19,42,9,9,512.1705263157895,359.5661441155883,0.0,1,19,False,normal,0.1088680385166517,0.0191008307930672,0.0729611554272179,31.462585034013607,NORMAL,False,0.0,False
ACC_00049,7,9,1.25,0.0004993251599786,0.0021668085106382,0.0,13343.35,10980.72,26,23,9,7,513.2057692307692,389.6349115279387,0.0,2,26,False,normal,0.1198149715661535,0.0025114422947383,0.0728935598575874,31.420068027210885,NORMAL,False,0.0,False
ACC_01103,8,8,1.0,0.0004176212161558,0.0026527659574468,0.0,17432.17,13995.99,33,27,8,8,528.2475757575758,386.94634011893606,0.0303030303030303,1,33,False,normal,0.1163055788764213,0.0077707116112734,0.0728916319703621,31.377551020408163,NORMAL,False,0.0,False
ACC_00407,9,9,1.0,0.0004670505266273,0.0011455319148936,0.0073529411764705,9559.41,17586.99,20,33,9,9,477.9705,274.1322104286063,0.05,1,20,False,normal,0.1128539605794599,0.0129435731739186,0.0728898056172434,31.33503401360544,NORMAL,False,0.0,False
ACC_01529,9,5,0.6,0.0003308294291711,0.0029215878565641,0.0109890109890109,15644.2,9217.35,26,25,5,9,601.7,455.1623994488121,0.0,1,26,False,normal,0.1071814642216933,0.0214075491025278,0.0728718981740271,31.29251700680272,NORMAL,False,0.0,False
ACC_01585,7,7,1.0,0.0009663556805876,0.00077431458662,0.0109890109890109,9088.94,15369.1,20,31,7,7,454.447,288.3493190212177,0.0,1,19,False,normal,0.1029220569492547,0.0277721712302733,0.0728621026616621,31.25,NORMAL,False,0.0,False
ACC_00946,3,5,1.5,0.0002695860164443,9.02127659574468e-05,0.0,10291.24,9119.55,24,17,5,3,428.8016666666667,322.0907623456559,0.0,1,24,False,normal,0.1158376040591179,0.0083671415279235,0.0728494190466402,31.20748299319728,NORMAL,False,0.0,False
ACC_01220,4,6,1.4,0.0002771163283388,4.263846842621413e-06,0.0,11288.91,7308.47,21,19,6,4,537.5671428571428,313.9630074410496,0.0476190476190476,1,21,False,normal,0.1187832463446403,0.0036275635466143,0.0727209732254299,31.16496598639456,NORMAL,False,0.0,False
ACC_01901,8,4,0.5555555555555556,0.0004897241602127,0.0003685106382978,0.0,11425.02,17205.58,24,27,4,8,476.0425,336.92018807517115,0.0416666666666666,1,24,False,normal,0.1164667471056109,0.006726596635844,0.0725706869177041,31.12244897959184,NORMAL,False,0.0,False
ACC_00566,9,5,0.6,0.0005727832186072,0.0002893617021276,0.0,15155.26,15632.04,23,25,5,9,658.924347826087,472.0025140613523,0.0,1,23,False,normal,0.1113542511798167,0.0142371787691248,0.07250742221554,31.079931972789115,NORMAL,False,0.0,False
ACC_01003,8,6,0.7777777777777778,0.0005864557671838,0.0021481260393126,0.0329670329670329,11163.04,10754.9,25,27,6,8,446.5216,286.3366357640368,0.0,1,25,False,normal,0.1179244874330668,0.0042253864787129,0.0724448470513252,31.037414965986397,NORMAL,False,0.0,False
ACC_01872,5,9,1.6666666666666667,0.0001689350307252,0.0051038246706178,0.0,14306.64,4194.11,29,12,9,5,493.33241379310346,340.7727286063582,0.0,1,28,False,normal,0.1157926324836357,0.0072780468975204,0.0723867982491896,30.994897959183675,NORMAL,False,0.0,False
ACC_01437,4,5,1.2,0.0001677400364898,0.0009114893617021,0.0,13707.4,2636.08,25,6,5,4,548.2959999999999,377.5215403788239,0.0,1,24,False,normal,0.111030374954122,0.01369819439871,0.0720975027319572,30.952380952380956,NORMAL,False,0.0,False
ACC_00203,9,6,0.7,0.0007067185872349,0.0005082505436404,0.0095238095238095,11216.67,21571.46,24,43,6,9,467.36125,326.3729001872405,0.0416666666666666,1,24,False,normal,0.1137852009952977,0.0093245402219097,0.0720009366859425,30.90986394557823,NORMAL,False,0.0,False
ACC_00336,7,5,0.75,0.0006074066095475,7.914893617021277e-05,0.0,7580.29,13800.46,17,24,5,7,445.89941176470586,269.12709617090275,0.0,1,17,False,normal,0.1145133535561581,0.0078809535838684,0.0718603935672423,30.86734693877551,NORMAL,False,0.0,False
ACC_01219,5,11,2.0,0.0002383266013522,0.0012,0.0,14807.72,4939.55,26,10,11,5,569.5276923076923,397.5647041004288,0.0,1,24,False,normal,0.1092883244746683,0.0157026338390882,0.0718540482204363,30.82482993197279,NORMAL,False,0.0,False
ACC_00686,10,5,0.5454545454545454,0.0003713376052621,0.0048468085106382,0.0,13712.25,10480.35,26,18,5,10,527.3942307692307,317.7412223703192,0.0,1,25,False,normal,0.1042628651070971,0.0226943244324919,0.071635448837255,30.782312925170068,NORMAL,False,0.0,False
ACC_01726,9,10,1.1,0.0005071236541987,0.0025182279452522,0.0,18033.48,11375.8,31,27,10,9,581.7251612903226,457.4672963456584,0.0,1,31,False,normal,0.1160486175821562,0.0049955259951395,0.0716273809473495,30.739795918367346,NORMAL,False,0.0,False
ACC_00078,6,9,1.4285714285714286,0.000282701742403,0.0037018718287639,0.0095238095238095,8829.51,5433.2,18,14,9,6,490.52833333333336,294.6358202185918,0.0,1,18,False,normal,0.1135918040242125,0.0084552382485713,0.071537177713956,30.697278911564624,NORMAL,False,0.0,False
ACC_01154,5,8,1.5,0.0005861695066067,0.0017336170212765,0.0,8370.42,11193.04,22,24,8,5,380.4736363636364,221.68308270496365,0.0,1,22,False,normal,0.1090174828061984,0.0153127679343918,0.0715355968574757,30.654761904761905,NORMAL,False,1.0,True
ACC_01014,9,9,1.0,0.0005419116589177,0.0043906382978723,0.0065359477124183,14231.49,19359.55,25,43,9,9,569.2596,456.2964094887591,0.0,1,25,False,normal,0.1081941089758492,0.0163220745553758,0.0714452952076598,30.612244897959183,NORMAL,False,0.0,False
ACC_01085,7,5,0.75,0.0003624837115793,0.0021463829787234,0.0151515151515151,7790.45,12297.24,20,23,5,7,389.5225,219.6676785001189,0.0,1,20,False,normal,0.1142852553993906,0.0070779339493769,0.0714023268193851,30.56972789115646,NORMAL,False,0.0,False
ACC_01349,10,9,0.9090909090909092,0.0006761398947616,0.0047880851063829,0.0116959064327485,9089.89,16857.61,20,32,9,10,454.4945,292.2502959428514,0.0,1,19,False,normal,0.1148450470579467,0.0062309861116411,0.0713994226794245,30.52721088435374,NORMAL,False,0.0,False
ACC_01708,4,8,1.8,0.0004949443624386,0.0,0.0,10183.18,10487.82,19,23,8,4,535.9568421052631,393.028124736536,0.0,1,19,False,normal,0.108124412618786,0.0162923651715708,0.0713915936398999,30.484693877551024,NORMAL,False,1.0,True
ACC_01008,7,9,1.25,0.0002767834474777,0.0006663829787234,0.0,18463.03,7463.34,31,15,9,7,595.5816129032257,341.9973499614363,0.032258064516129,1,28,False,normal,0.1122454734273164,0.0096453224117378,0.071205413021085,30.4421768707483,NORMAL,False,1.0,True
ACC_00539,10,5,0.5454545454545454,0.0005831648570993,0.0004348936170212,0.0095238095238095,8329.03,16547.66,21,40,5,10,396.6204761904762,308.13174074535374,0.0,1,21,False,normal,0.1108713298407377,0.0114044029855745,0.0710845590986724,30.399659863945576,NORMAL,False,0.0,False
ACC_00420,8,9,1.1111111111111112,0.0004626095246723,0.0020646808510638,0.0073529411764705,14378.6,14249.4,28,28,9,8,513.5214285714286,317.3398558003156,0.0,2,28,False,normal,0.1160032033585738,0.0036817437214102,0.0710746195037084,30.35714285714285,NORMAL,False,0.0,False
ACC_00448,6,9,1.4285714285714286,0.0001538025604009,0.0017914893617021,0.0,11676.86,3828.36,23,8,9,6,507.6895652173913,415.242021131579,0.0434782608695652,1,23,False,normal,0.1080171501680861,0.0155695601107959,0.07103811414517,30.31462585034014,NORMAL,False,0.0,False
ACC_00547,4,6,1.4,0.00033750157992,3.4042553191489363e-06,0.0,12503.69,8874.8,20,14,6,4,625.1845000000001,450.8431923743145,0.0,1,20,False,normal,0.108646824099818,0.0145531949662971,0.0710093724464096,30.272108843537417,NORMAL,False,0.0,False
ACC_00146,10,9,0.9090909090909092,0.0005878267098605,0.0040255319148936,0.0,12586.32,13510.6,30,28,9,10,419.544,204.2521178989508,0.0,1,28,False,normal,0.1088576184975393,0.0140466826854589,0.0709332441727072,30.22959183673469,NORMAL,False,0.0,False
ACC_00199,9,4,0.5,0.0004722180348871,0.0025642553191489,0.0128205128205128,13876.89,13800.15,28,25,4,9,495.6032142857143,323.2011414773294,0.0,1,27,False,normal,0.1064412271651263,0.0175215682591791,0.0708733636027474,30.18707482993197,NORMAL,False,0.0,False
ACC_00013,11,8,0.75,0.0008506969260476,0.0029072340425531,0.0116959064327485,13274.64,23812.26,25,45,8,11,530.9856,325.0073518409493,0.0,1,24,False,normal,0.110990525023389,0.0101289366443246,0.0706458896717632,30.14455782312925,NORMAL,False,0.0,False
ACC_00278,9,5,0.6,0.0004477997868686,0.0022604255319148,0.0,14284.09,10662.07,29,15,5,9,492.5548275862069,336.8665796150998,0.0344827586206896,1,29,False,normal,0.1040014363570756,0.0204965699597416,0.070599489798142,30.10204081632653,NORMAL,False,0.0,False
ACC_00925,6,8,1.2857142857142858,0.0005684430999362,0.0003804255319148,0.0109890109890109,10080.25,14468.9,20,26,8,6,504.0125,391.3824103418548,0.05,1,18,False,normal,0.1093679734058759,0.0122100037918419,0.0705047855602623,30.059523809523807,NORMAL,False,0.0,False
ACC_00730,10,5,0.5454545454545454,0.0006099327349713,0.0038136170212765,0.0095238095238095,8914.55,16036.82,19,29,5,10,469.1868421052631,320.0335324801073,0.0,1,19,False,normal,0.1107769335755278,0.0099793506498339,0.0704579004052502,30.017006802721085,NORMAL,False,0.0,False
ACC_01881,8,6,0.7777777777777778,0.0005896955303682,0.0068085106382978,0.0,12007.5,8838.15,24,15,6,8,500.3125,343.4855745879294,0.0,1,24,False,normal,0.1022585155536501,0.0227339987035032,0.0704487088135913,29.97448979591837,NORMAL,False,0.0,False
ACC_01460,10,6,0.6363636363636364,0.0005490664334892,0.0008451063829787,0.0,15613.96,19239.01,28,34,6,10,557.6414285714285,343.4254320671027,0.0357142857142857,1,27,False,normal,0.1134720317074558,0.0058115836798888,0.070407852496429,29.931972789115648,NORMAL,False,0.0,False
ACC_01027,10,6,0.6363636363636364,0.0006395094934035,0.0023693617021276,0.0166666666666666,14210.57,14812.99,29,30,6,10,490.01965517241376,351.1391761262066,0.0344827586206896,1,28,False,normal,0.1124285508979753,0.0072040737705446,0.070338760047003,29.88945578231292,NORMAL,False,0.0,False
ACC_00864,6,7,1.1428571428571428,0.0002300041622639,0.0007640813541977,0.0,9098.87,4795.03,20,8,7,6,454.9435,339.03040770742547,0.05,1,20,False,normal,0.1093765960124762,0.0114690089254753,0.0702135611776759,29.846938775510207,NORMAL,False,0.0,False
ACC_00770,8,8,1.0,0.0001606849460515,0.0028595744680851,0.0166666666666666,13185.44,4056.6,25,10,8,8,527.4176,250.80080278446744,0.0,1,23,False,normal,0.1058722528415486,0.0163154179455726,0.0700495188831582,29.804421768707485,NORMAL,False,0.0,False
ACC_00638,10,6,0.6363636363636364,0.0007061412502387,0.0010868085106382,0.0,8491.24,15880.57,20,32,6,10,424.562,232.89309010110648,0.0,1,20,False,normal,0.1103110139709387,0.0096209817019026,0.0700350010633242,29.761904761904763,NORMAL,False,0.0,False
ACC_00571,7,7,1.0,0.0004067868516934,0.0040212765957446,0.0,8706.22,9141.03,16,18,7,7,544.13875,331.85665967653364,0.0,1,16,False,normal,0.1091888879419252,0.0109309596523143,0.0698857166260809,29.71938775510204,NORMAL,False,0.0,False
ACC_01639,7,9,1.25,0.0002409655728595,0.0018604255319148,0.0083333333333333,18058.91,7372.09,26,13,9,7,694.5734615384615,333.59857167490765,0.0,1,26,False,normal,0.1109776169280333,0.0079937828448393,0.0697840832947557,29.67687074829932,NORMAL,False,0.0,False
ACC_01728,7,4,0.625,0.0003859835667051,0.0006553191489361,0.0181818181818181,10176.28,12366.91,19,22,4,7,535.5936842105264,393.4629781004466,0.0,1,19,False,normal,0.1094920878861463,0.0102155051091561,0.0697814547753502,29.6343537414966,NORMAL,False,0.0,False
ACC_01188,8,11,1.3333333333333333,0.0004372302610855,0.0020110638297872,0.0058479532163742,16426.56,11185.95,31,23,11,8,529.8890322580645,313.3729336573793,0.032258064516129,1,31,False,normal,0.108237675284928,0.0120568401148704,0.069765341216905,29.59183673469388,NORMAL,False,0.0,False
ACC_00464,6,9,1.4285714285714286,0.000481152811464,0.0010233232422291,0.0095238095238095,17720.09,9567.25,30,21,9,6,590.6696666666667,371.9849664415294,0.0333333333333333,1,29,False,normal,0.1133127228041386,0.004318889627523,0.0697151895334924,29.54931972789116,NORMAL,False,0.0,False
ACC_01456,8,8,1.0,0.0003089332507151,0.0008008510638297,0.0,17879.989999999998,8614.98,29,20,8,8,616.5513793103447,502.54029195765656,0.0,1,28,False,normal,0.1074576970316151,0.0130871418416669,0.0697094749556358,29.50680272108844,NORMAL,False,0.0,False
ACC_00127,8,10,1.2222222222222223,0.0005257995312819,0.002669168123481,0.0065359477124183,16731.79,14907.57,33,34,10,8,507.0239393939394,373.3004741235553,0.0,1,32,False,normal,0.1107674941894312,0.0075515724504061,0.0694811254938212,29.464285714285715,NORMAL,False,0.0,False
ACC_00941,7,9,1.25,0.0002867953707207,0.0054927659574468,0.0,11243.1,9286.33,23,19,9,7,488.83043478260873,425.5659959553145,0.0434782608695652,1,23,False,normal,0.1097522012183725,0.0089417440853497,0.0694280183651634,29.421768707482997,NORMAL,False,0.0,False
ACC_01656,10,11,1.0909090909090908,0.0004002134871054,0.0049931914893617,0.0142857142857142,15475.48,14354.92,29,26,11,10,533.6372413793104,300.84419029619863,0.0,1,29,False,normal,0.1104275338851859,0.0078545004157822,0.0693983204974244,29.37925170068027,NORMAL,False,0.0,False
ACC_01073,8,11,1.3333333333333333,0.0003079974802486,0.0056336170212765,0.0116959064327485,11063.17,9499.16,23,21,11,8,481.00739130434783,265.7715348021063,0.0,1,23,False,normal,0.1114264298429211,0.0063544866507711,0.0693976525660611,29.336734693877556,NORMAL,False,0.0,False
ACC_01514,7,5,0.75,0.0004037441780618,0.0020442553191489,0.0303030303030303,13593.41,11755.8,27,24,5,7,503.4596296296296,330.79011735867385,0.0,1,26,False,normal,0.1108336046300491,0.0071208437494925,0.0693485002778264,29.29421768707483,NORMAL,False,0.0,False
ACC_01785,10,4,0.4545454545454545,0.000732690509434,0.0003812765957446,0.0109890109890109,10472.05,18194.98,23,37,4,10,455.3065217391304,321.4524193493239,0.0,1,23,False,normal,0.1087847628493249,0.0099853171389989,0.0692649845651945,29.25170068027211,NORMAL,False,1.0,True
ACC_01307,9,4,0.5,0.0004499720618414,9.551016927471966e-05,0.0,14257.51,18899.46,28,36,4,9,509.19678571428574,334.89820334005503,0.0,1,27,False,normal,0.1044535982729864,0.0157884321268204,0.06898753181452,29.209183673469383,NORMAL,False,0.0,False
ACC_01126,6,11,1.7142857142857142,0.0004479551524052,0.0036246808510638,0.0147058823529411,11375.33,15431.35,25,32,11,6,455.0132,320.88160584967574,0.0,1,25,False,normal,0.1046250341606501,0.0154060773976821,0.0689374514554629,29.166666666666668,NORMAL,False,1.0,True
ACC_00272,5,7,1.3333333333333333,0.0002064544831728,0.0034961702127659,0.0,8540.2,4888.9,18,12,7,5,474.4555555555556,333.8816636478581,0.0,1,18,False,normal,0.1083030974951534,0.0098879469257472,0.0689370372673909,29.124149659863946,NORMAL,False,0.0,False
ACC_00556,6,9,1.4285714285714286,0.0003861079772591,0.0015412765957446,0.0,15796.87,6560.54,30,13,9,6,526.5623333333334,507.6743060520223,0.0,1,30,False,normal,0.1057075988954727,0.0131835648952702,0.0686979852953917,29.081632653061224,NORMAL,False,0.0,False
ACC_01208,5,8,1.5,0.0002498015487507,0.0011608510638297,0.0128205128205128,15890.85,9217.37,30,15,8,5,529.695,414.3573561864952,0.0333333333333333,1,30,False,normal,0.1091470286166207,0.0078510167531431,0.0686286238712296,29.0391156462585,NORMAL,False,0.0,False
ACC_00600,9,10,1.1,0.000681517169236,0.0060497872340425,0.0058479532163742,9567.52,14795.17,22,27,10,9,434.8872727272728,315.29728217126893,0.0,1,22,False,normal,0.1101901871595618,0.006166688613725,0.0685807877412271,28.996598639455783,NORMAL,False,0.0,False
ACC_01850,12,9,0.7692307692307693,0.0004919321442909,0.0018587234042553,0.0142857142857142,14545.16,18149.74,27,39,9,12,538.7096296296296,395.3623259694978,0.0,1,27,False,normal,0.1052880397769536,0.0131405908287264,0.0684290601976627,28.95408163265306,NORMAL,False,0.0,False
ACC_01159,7,10,1.375,0.0004464182018834,0.0052255319148936,0.0073529411764705,10568.21,11158.53,21,24,10,7,503.2480952380953,431.09173973319247,0.0,1,20,False,normal,0.1051769481544798,0.0132481503076594,0.0684054290157517,28.91156462585034,NORMAL,False,0.0,False
ACC_00445,7,8,1.125,0.0003813212429102,0.0030093617021276,0.0285714285714285,10178.75,11495.49,24,23,8,7,424.1145833333333,242.86745898658688,0.0,1,23,False,normal,0.1109042724748063,0.0044903258148959,0.0683386938108421,28.869047619047617,NORMAL,False,0.0,False
ACC_01116,3,6,1.75,0.0001854788633336,0.0002848249690871,0.0,11102.89,2636.53,23,10,6,3,482.73434782608695,317.64959713819155,0.0,1,22,False,normal,0.1101291698022546,0.0056130726524285,0.0683227309423241,28.8265306122449,NORMAL,False,0.0,False
ACC_01187,5,11,2.0,0.0002860033081783,0.0016314893617021,0.0166666666666666,11026.79,8808.66,24,20,11,5,459.44958333333335,363.6746410386645,0.0,1,22,False,normal,0.1031270171012357,0.0159030029151051,0.0682374114267835,28.784013605442176,NORMAL,False,0.0,False
ACC_01254,12,8,0.6923076923076923,0.0007502769739629,0.0021293617021276,0.0052631578947368,11693.77,19489.52,24,32,8,12,487.2404166666667,367.85413714251234,0.0416666666666666,1,22,False,normal,0.1092950087443196,0.0064999207344766,0.0681769735403824,28.74149659863945,NORMAL,False,0.0,False
ACC_00430,6,7,1.1428571428571428,0.0003146449661184,0.0005310638297872,0.0128205128205128,7728.28,7884.8,16,18,7,6,483.0175,364.9019580563159,0.0,1,16,False,normal,0.1049915930249723,0.012448107584562,0.0679741988488082,28.69897959183674,NORMAL,False,0.0,False
ACC_00159,11,11,1.0,0.0005014145925858,0.0065634042553191,0.0086580086580086,12901.93,12896.62,27,25,11,11,477.84925925925927,350.984129576844,0.0,1,27,False,normal,0.1111023559843445,0.0029274744831723,0.0678324033838756,28.656462585034014,NORMAL,False,0.0,False
ACC_00384,8,8,1.0,0.000587512610589,0.0006340425531914,0.0083333333333333,16694.87,15929.92,34,33,8,8,491.0255882352941,392.1357535513433,0.0,1,34,False,normal,0.1073261827049689,0.0085361954853131,0.0678101878171066,28.61394557823129,NORMAL,False,0.0,False
ACC_01002,10,9,0.9090909090909092,0.0005828121313722,0.0044204255319148,0.0058479532163742,8379.47,16575.78,21,26,9,10,399.0223809523809,278.1648559919956,0.0,1,21,False,normal,0.1105469512150064,0.0035821501835859,0.0677610308024382,28.57142857142857,NORMAL,False,0.0,False
ACC_01564,6,12,1.8571428571428568,0.0003557808610187,0.0026570212765957,0.0065359477124183,11436.09,7130.7,25,14,12,6,457.4436,301.86014981941554,0.0,1,25,False,normal,0.1006053354873278,0.0184668079305493,0.0677499244646164,28.52891156462585,NORMAL,False,0.0,False
ACC_00765,7,11,1.5,0.0004744731522721,0.0004187097599454,0.0,12544.95,12222.93,28,29,11,7,448.0339285714286,230.6470485610441,0.0,1,28,False,normal,0.0963220844638103,0.0248438059944771,0.067730773076077,28.48639455782313,NORMAL,False,0.0,False
ACC_01098,10,6,0.6363636363636364,0.0004614094426729,0.0004987234042553,0.0166666666666666,10085.72,17265.29,19,33,6,10,530.8273684210526,391.6756262357086,0.0,1,18,False,normal,0.1043075339207672,0.0128341032944795,0.0677181616702521,28.443877551020407,NORMAL,False,0.0,False
ACC_00552,6,10,1.5714285714285714,0.0002110845108655,0.0015591489361702,0.0083333333333333,14442.55,6843.08,30,15,10,6,481.4183333333333,311.5330339165725,0.0333333333333333,1,30,False,normal,0.1046081606786361,0.0123613443049267,0.0677094341291523,28.401360544217685,NORMAL,False,0.0,False
ACC_00576,4,9,2.0,0.0003200524002669,0.0034323404255319,0.0,9799.41,12083.32,21,23,9,4,466.6385714285714,376.0925472843847,0.0,1,21,False,normal,0.1031312483555718,0.0145071313727778,0.0676816015624542,28.35884353741497,NORMAL,False,0.0,False
ACC_01758,5,10,1.8333333333333333,0.0002315757714307,0.0027123404255319,0.0,14627.6,7724.07,28,15,10,5,522.4142857142857,350.2720287352185,0.0357142857142857,1,27,False,normal,0.10852702157959,0.00619679978163,0.067594932860406,28.316326530612244,NORMAL,False,0.0,False
ACC_00249,9,6,0.7,0.0004031250481733,0.0003359911311985,0.0,7722.72,8894.46,17,19,6,9,454.2776470588236,288.2921726636324,0.0,1,17,False,normal,0.1030089353269272,0.013812449785931,0.0673303411105287,28.27380952380952,NORMAL,False,0.0,False
ACC_01315,9,8,0.9,0.0008402571968201,0.0008782978723404,0.0,14438.1,18093.12,31,43,8,9,465.7451612903226,368.9391417372335,0.0,1,31,False,normal,0.1029523333261595,0.0137605385053129,0.0672756153978208,28.2312925170068,NORMAL,False,0.0,False
ACC_00373,5,5,1.0,0.0003291481220511,0.0012161702127659,0.0,7501.91,6172.49,21,13,5,5,357.2338095238095,276.052839063035,0.0,1,21,False,normal,0.1076311885468268,0.0067276640415767,0.0672697787447268,28.188775510204085,NORMAL,False,0.0,False
ACC_00017,10,6,0.6363636363636364,0.0003977731667555,0.0001889361702127,0.025,10788.95,8000.31,21,19,6,10,513.7595238095239,320.8744501744598,0.0,1,21,False,normal,0.1029233210160343,0.0134986771672219,0.0671534634765093,28.146258503401363,NORMAL,False,0.0,False
ACC_00569,9,8,0.9,0.0004060369345157,0.000795744680851,0.0073529411764705,15653.84,9606.18,32,18,8,9,489.1825,318.10739945354425,0.03125,1,32,False,normal,0.1015715539462795,0.0154403598297714,0.0671190762996762,28.10374149659864,NORMAL,False,0.0,False
ACC_00935,7,7,1.0,0.0002414380953871,0.0015404255319148,0.0219780219780219,9116.47,5063.2300000000005,19,12,7,7,479.8142105263158,417.68446542703055,0.0,1,19,False,normal,0.1015900948602389,0.0150719745505154,0.0669828467363495,28.061224489795915,NORMAL,False,0.0,False
ACC_01688,5,8,1.5,0.0005550206410667,0.0004263846842621,0.0,9684.93,12121.89,18,23,8,5,538.0516666666667,452.65602939110136,0.0,1,18,False,normal,0.096213551539931,0.0231106880612123,0.0669724061484435,28.0187074829932,NORMAL,False,0.0,False
ACC_00192,7,8,1.125,0.000174119161827,0.0027931914893617,0.019047619047619,14316.21,5856.79,23,14,8,7,622.4439130434783,422.2094778633332,0.0,1,23,False,normal,0.1042070115365497,0.0110321725335974,0.0669370759353688,27.97619047619048,NORMAL,False,0.0,False
ACC_00240,7,8,1.125,0.0007245267237561,3.4042553191489363e-06,0.019047619047619,11952.81,15903.66,26,37,8,7,459.7234615384615,244.9582352147779,0.0,1,25,False,normal,0.0981177691323032,0.0198713875601479,0.0668192165034411,27.93367346938776,NORMAL,False,0.0,False
ACC_00771,6,9,1.4285714285714286,0.0002850322194656,0.0001560567944399,0.019047619047619,10174.66,10555.27,23,22,9,6,442.37652173913045,231.73209931079492,0.0,1,23,False,normal,0.1008427607712841,0.0156063635529276,0.0667482018839415,27.89115646258503,NORMAL,False,0.0,False
ACC_01488,10,11,1.0909090909090908,0.0004315209372941,0.0041463829787234,0.0095238095238095,11381.22,9931.45,21,20,11,10,541.9628571428572,376.58787543072674,0.0,1,20,False,normal,0.1001909131812338,0.0164497436566031,0.0666944453713815,27.848639455782315,NORMAL,False,0.0,False
ACC_01568,7,9,1.25,0.0002285761874887,0.0038161702127659,0.0,15305.52,4680.07,29,12,9,7,527.7765517241379,374.0343351053279,0.0344827586206896,1,28,False,normal,0.1060832570844634,0.00748891277957,0.0666455193625061,27.806122448979597,NORMAL,False,0.0,False
ACC_01765,9,7,0.8,0.0007634736415827,0.000303829787234,0.0,15588.41,19134.46,27,37,7,9,577.3485185185185,425.347346002731,0.037037037037037,1,26,False,normal,0.1070496096677054,0.005783533400236,0.0665431791607176,27.76360544217687,NORMAL,False,0.0,False
ACC_01692,9,6,0.7,0.0007170368728259,0.0003148936170212,0.0,14738.84,17563.36,31,28,6,9,475.4464516129032,384.4671293842807,0.032258064516129,1,31,False,normal,0.1055977922823653,0.0079445616287049,0.0665365000209011,27.721088435374146,NORMAL,False,0.0,False
ACC_01392,8,10,1.2222222222222223,0.0005101552666434,0.0002085106382978,0.0,17040.35,18540.67,30,30,10,8,568.0116666666667,433.6879296586535,0.0,1,30,False,normal,0.1062816062519088,0.0068459285643467,0.066507335176884,27.67857142857143,NORMAL,False,0.0,False
ACC_01718,7,6,0.875,0.0003027765898434,0.0018731914893617,0.0,13173.34,8331.11,27,20,6,7,487.9014814814815,313.8003585537946,0.074074074074074,1,27,False,normal,0.1066831796376439,0.0062176246668777,0.0664969576493375,27.63605442176871,NORMAL,False,0.0,False
ACC_01725,8,8,1.0,0.0003849297632394,0.0076459574468085,0.0166666666666666,13165.53,12704.87,27,26,8,8,487.6122222222223,395.7822410729389,0.0,1,27,False,normal,0.1039949983386264,0.0101582098160345,0.0664602829295896,27.593537414965983,NORMAL,False,0.0,False
ACC_01389,10,6,0.6363636363636364,0.0002562306390648,0.0052187234042553,0.0,10886.68,8375.46,23,19,6,10,473.3339130434783,345.8389150475476,0.0,1,23,False,normal,0.0980005893392058,0.0191236730602212,0.0664498228276119,27.55102040816326,NORMAL,False,0.0,False
ACC_01801,12,7,0.6153846153846154,0.0005975553353716,0.004155744680851,0.0058479532163742,9722.55,14679.55,21,28,7,12,462.9785714285714,270.1058502566302,0.0,1,21,False,normal,0.1046746398759089,0.0090107427140875,0.0664090810111804,27.508503401360542,NORMAL,False,0.0,False
ACC_00472,5,5,1.0,0.0002182087035424,0.0022204255319148,0.0,11697.13,4927.07,22,12,5,5,531.6877272727273,380.6771340392052,0.0454545454545454,1,22,False,normal,0.1020703105952312,0.0127074035027814,0.0663251477582513,27.465986394557824,NORMAL,False,0.0,False
ACC_00090,9,10,1.1,0.0003635417757897,0.0004340425531914,0.0058479532163742,9307.23,11562.29,24,21,10,9,387.80125,241.18799628203607,0.0,1,24,False,normal,0.0952223028621404,0.0229593902820357,0.0663171378300985,27.4234693877551,NORMAL,False,0.0,False
ACC_00631,5,11,2.0,0.000271185508704,0.0006978723404255,0.0,13742.76,5176.65,30,13,11,5,458.092,379.1313043624678,0.0,1,28,False,normal,0.101906192054789,0.0128762472249454,0.0662942141228515,27.380952380952383,NORMAL,False,0.0,False
ACC_01355,7,9,1.25,0.0003784789673955,0.0014983157804971,0.0166666666666666,13122.47,8026.58,22,18,9,7,596.4759090909091,520.5226449825313,0.0,1,22,False,normal,0.096748140003954,0.020446204411271,0.0662273657668808,27.33843537414966,NORMAL,False,0.0,False
ACC_01943,7,6,0.875,0.0003425310857128,0.0003480851063829,0.0,7899.36,11881.96,15,26,6,7,526.624,274.56462215660633,0.0,1,15,False,normal,0.1021542668791292,0.0121151307986186,0.066138612446925,27.29591836734694,NORMAL,False,0.0,False
ACC_01609,8,10,1.2222222222222223,0.0004274933166523,0.0013030315951051,0.0130718954248366,14120.79,11678.66,25,20,10,8,564.8316,527.517565739758,0.0,1,25,False,normal,0.0972048275917894,0.0195301350359636,0.0661349505694591,27.253401360544217,NORMAL,False,0.0,False
ACC_00364,7,11,1.5,0.0004525541922652,0.0015361702127659,0.0130718954248366,14018.25,9213.66,30,22,11,7,467.275,343.38026094283936,0.0333333333333333,1,30,False,normal,0.1028048948532942,0.0109122415121846,0.0660478335168503,27.2108843537415,NORMAL,False,0.0,False
ACC_00888,12,8,0.6923076923076923,0.000590515765925,0.0007327659574468,0.0,10676.53,19677.62,20,38,8,12,533.8265,298.36133662451715,0.0,1,20,False,normal,0.0993705386735646,0.0158979730402067,0.0659815124202214,27.168367346938776,NORMAL,False,0.0,False
ACC_00031,10,11,1.0909090909090908,0.0004714565410583,0.0029046808510638,0.0047619047619047,13852.94,17789.13,26,29,11,10,532.8053846153846,364.47989845510847,0.0384615384615384,1,26,False,normal,0.1043848391183763,0.0082593079277991,0.0659346266421454,27.12585034013605,NORMAL,False,0.0,False
ACC_00008,8,8,1.0,0.0007737003875814,0.0015733594849273,0.025,13922.02,18907.78,28,33,8,8,497.215,259.5041729272704,0.0,1,28,False,normal,0.0996960978430803,0.0152306784758541,0.0659099300961898,27.08333333333333,NORMAL,False,0.0,False
ACC_01924,8,5,0.6666666666666666,0.0008078459791343,0.0002646808510638,0.0,15391.93,14171.41,24,26,5,8,641.3304166666667,377.229183244249,0.0,1,22,False,normal,0.1012029754442244,0.0124217078773288,0.0656904684174661,27.040816326530614,NORMAL,False,1.0,True
ACC_00582,10,8,0.8181818181818182,0.0004542991760107,0.0033931914893617,0.0,11525.11,20327.12,26,49,8,10,443.2734615384616,280.604277001507,0.0,1,25,False,normal,0.0939211109799233,0.0233025885878164,0.0656737020230805,26.99829931972789,NORMAL,False,0.0,False
ACC_01770,7,8,1.125,0.0004538376642901,0.000435744680851,0.0095238095238095,17189.23,11689.63,32,21,8,7,537.1634375,289.54870794893776,0.03125,1,32,False,normal,0.1010960490687457,0.0123334258679215,0.065590999788416,26.95578231292517,NORMAL,False,0.0,False
ACC_00382,10,7,0.7272727272727273,0.0008036027368526,0.0029021276595744,0.0073529411764705,14756.18,16205.18,32,30,7,10,461.130625,294.9179961467419,0.0,1,31,False,normal,0.0984233702374728,0.0161365194314784,0.065508629915075,26.913265306122447,NORMAL,False,0.0,False
ACC_00760,8,9,1.1111111111111112,0.0003578227431041,0.0035829787234042,0.0220588235294117,12688.03,12915.54,26,28,9,8,488.0011538461539,276.17685014246825,0.0384615384615384,1,26,False,normal,0.1055469937988605,0.0051867261793471,0.0654028867510552,26.87074829931973,NORMAL,False,0.0,False
ACC_00657,5,6,1.1666666666666667,0.0003270344816072,0.0014944680851063,0.0181818181818181,10263.44,7732.769999999999,18,13,6,5,570.1911111111111,335.4858983954798,0.0,1,17,False,normal,0.1044200788410907,0.0067613241325497,0.0653565769576743,26.828231292517007,NORMAL,False,0.0,False
ACC_00466,8,10,1.2222222222222223,0.000215579937635,0.0052936170212765,0.0,10652.41,8153.21,21,17,10,8,507.257619047619,340.2726060661475,0.0,1,20,False,normal,0.1027519238676118,0.0092361396416282,0.0653456101772184,26.785714285714285,NORMAL,False,0.0,False
ACC_01563,9,9,1.0,0.0004100630053023,0.0014059574468085,0.0065359477124183,8129.18,16196.06,18,25,9,9,451.62111111111113,237.71657914140692,0.0,1,18,False,normal,0.0979108738770464,0.0161527394410431,0.0652076201026451,26.743197278911563,NORMAL,False,0.0,False
ACC_01230,7,8,1.125,0.0003257555520612,0.0027914893617021,0.0095238095238095,13392.53,11159.65,23,16,8,7,582.2839130434783,490.86450829808354,0.0434782608695652,1,23,False,normal,0.0977256727091689,0.0161683694105729,0.0651027513897305,26.700680272108844,NORMAL,False,0.0,False
ACC_00991,7,4,0.625,0.0003868277592904,0.0024193066985033,0.0181818181818181,10248.26,10805.68,22,26,4,7,465.83,270.8458067047076,0.0,1,21,False,normal,0.1016121386012311,0.0102237474168175,0.0650567821274657,26.65816326530612,NORMAL,False,0.0,False
ACC_00385,5,8,1.5,0.0004392022352859,0.0,0.0256410256410256,10597.79,10593.25,24,22,8,5,441.5745833333333,419.3609417754297,0.0,1,24,False,normal,0.1042279012194814,0.0058754289757186,0.0648869123219763,26.6156462585034,NORMAL,False,0.0,False
ACC_01180,7,10,1.375,0.0003608761456122,0.0010178723404255,0.0147058823529411,14014.26,9494.21,30,21,10,7,467.142,277.8174211463598,0.0333333333333333,1,30,False,normal,0.0983106073043622,0.0144419832093365,0.0647631576663519,26.57312925170068,NORMAL,False,0.0,False
ACC_00550,7,6,0.875,0.0002958567664179,0.002375744680851,0.0128205128205128,14267.53,7784.07,26,15,6,7,548.7511538461539,472.4661927488732,0.0384615384615384,1,26,False,normal,0.0971172305932367,0.0159488080613431,0.0646498615804792,26.53061224489796,NORMAL,False,1.0,True
ACC_01096,9,7,0.8,0.0006239960940629,0.0029390696286189,0.0,15271.15,20870.58,25,46,7,9,610.846,406.7472234898066,0.0,1,24,False,normal,0.0960844609612597,0.0173424240606259,0.0645876462010062,26.48809523809524,NORMAL,False,0.0,False
ACC_00189,7,12,1.625,0.0004540112023834,0.003051914893617,0.0058479532163742,13902.5,9623.11,30,21,12,7,463.4166666666667,368.221313673826,0.0,1,29,False,normal,0.1004923877091095,0.0105947203825524,0.0645333207784866,26.445578231292515,NORMAL,False,0.0,False
ACC_00020,7,8,1.125,0.0006018448248181,7.74468085106383e-05,0.0,14602.06,16901.3,22,32,8,7,663.73,466.0356480335976,0.0,1,21,False,normal,0.0983330759361592,0.0136788082097584,0.0644713688455989,26.403061224489797,NORMAL,False,0.0,False
ACC_00281,11,9,0.8333333333333334,0.0004130342421401,0.0017737602865305,0.0157894736842105,9455.39,16292.61,22,33,9,11,429.7904545454545,295.2844135095659,0.0,1,20,False,normal,0.0963390960259053,0.0166540542261434,0.0644650793060005,26.36054421768708,NORMAL,False,0.0,False
ACC_01345,6,8,1.2857142857142858,0.0003107583345816,0.0001855319148936,0.0109890109890109,17540.2,8818.57,32,20,8,6,548.13125,436.00184121207855,0.0,1,32,False,normal,0.1026573915683626,0.0066920724732566,0.0642712639303202,26.318027210884352,NORMAL,False,0.0,False
ACC_00923,9,6,0.7,0.0005541550094289,0.0001761702127659,0.0095238095238095,8694.62,11773.42,20,25,6,9,434.7310000000001,305.13223769893256,0.05,1,20,False,normal,0.1035926663644199,0.0049887622460522,0.0641511047170728,26.27551020408163,NORMAL,False,0.0,False
ACC_00973,5,5,1.0,0.0004377784781733,2.297872340425532e-05,0.0,10083.39,10552.89,21,23,5,5,480.1614285714285,331.06087849949466,0.0476190476190476,1,21,False,normal,0.1039371098177188,0.0044357701530415,0.0641365739518479,26.232993197278915,NORMAL,False,0.0,False
ACC_00594,10,10,1.0,0.0003643903121949,0.0032229787234042,0.0157894736842105,12114.87,13436.31,25,27,10,10,484.5948,376.7127737759897,0.04,1,25,False,normal,0.1014160183282318,0.0082075603948851,0.0641326351548931,26.190476190476197,NORMAL,False,0.0,False
ACC_00246,7,10,1.375,0.0007684860233376,0.0016765957446808,0.0073529411764705,11302.09,16138.49,21,34,10,7,538.1947619047619,365.8612832702997,0.0,1,21,False,normal,0.0915819903781965,0.0225261735535434,0.0639596636483353,26.147959183673468,NORMAL,False,0.0,False
ACC_01596,10,9,0.9090909090909092,0.0005398063429809,0.0043336170212765,0.0058479532163742,14260.12,16604.39,26,29,9,10,548.4661538461538,415.855253424332,0.0384615384615384,1,26,False,normal,0.1048263360942809,0.0026019406464733,0.0639365779151579,26.105442176870746,NORMAL,False,0.0,False
ACC_01648,6,9,1.4285714285714286,0.000567601124556,0.0001782287980215,0.0095238095238095,9512.4,17786.52,27,31,9,6,352.3111111111111,286.1106038060393,0.0,1,26,False,normal,0.0973622366989202,0.0136439299983431,0.0638749140186893,26.06292517006803,NORMAL,False,0.0,False
ACC_00688,9,5,0.6,0.0003995154366109,0.0003872340425531,0.0109890109890109,14962.65,12817.34,26,35,5,9,575.4865384615384,475.4505956075126,0.0,1,26,False,normal,0.0943795378850124,0.0178892444359194,0.0637834205053752,26.02040816326531,NORMAL,False,0.0,False
ACC_00636,4,5,1.2,0.000370174111868,0.0011497872340425,0.0,9234.85,7005.17,25,15,5,4,369.394,312.1376163115664,0.0,1,25,False,normal,0.1003429190602182,0.0088954537998405,0.0637639329560671,25.977891156462583,NORMAL,False,0.0,False
ACC_01513,9,6,0.7,0.0005172388911658,0.0001506382978723,0.019047619047619,17039.08,13143.94,29,25,6,9,587.5544827586208,409.69253842351264,0.0,1,29,False,normal,0.1019448742684868,0.0063214612640293,0.0636955090667038,25.93537414965986,NORMAL,False,1.0,True
ACC_00121,5,7,1.3333333333333333,0.0002420724011901,3.829787234042553e-05,0.0,9062.0,3987.95,22,6,7,5,411.9090909090909,257.861026780837,0.0,1,22,False,normal,0.0984796607447624,0.0113462862727441,0.0636263109559551,25.892857142857142,NORMAL,False,0.0,False
ACC_00814,9,6,0.7,0.0004561831118055,0.0034578723404255,0.019047619047619,9409.66,8645.49,23,21,6,9,409.115652173913,243.2631301104757,0.0,1,22,False,normal,0.1014409460878341,0.0068802938015948,0.0636166851733384,25.850340136054424,NORMAL,False,0.0,False
ACC_00309,8,7,0.8888888888888888,0.0002653332421507,0.0019426086214983,0.019047619047619,8948.64,6217.01,19,16,7,8,470.9810526315789,405.6443911563528,0.0,1,18,False,normal,0.0959449107790737,0.0150948540333982,0.0636048880808035,25.8078231292517,NORMAL,False,0.0,False
ACC_00762,4,6,1.4,0.0003888083251384,0.0002110638297872,0.0,16730.32,9303.89,31,21,6,4,539.6877419354838,352.89142756859064,0.0,1,30,False,normal,0.0990567036478007,0.0103043188543036,0.0635557497304018,25.765306122448976,NORMAL,False,0.0,False
ACC_01783,5,8,1.5,0.0001771512002057,0.001171914893617,0.0128205128205128,11524.89,3466.64,20,6,8,5,576.2445,299.13378118678816,0.0,1,20,False,normal,0.0981687874610616,0.0108789231680841,0.0632528417438706,25.72278911564626,NORMAL,False,0.0,False
ACC_00580,10,6,0.6363636363636364,0.0006425879308885,5.531914893617022e-05,0.0083333333333333,15816.13,14996.67,28,36,6,10,564.8617857142857,264.72298783688154,0.0,1,28,False,normal,0.0968042659512651,0.0128892351940362,0.0632382536483735,25.68027210884354,NORMAL,False,0.0,False
ACC_00954,4,6,1.4,0.0003492657069272,0.0001574468085106,0.0,14081.39,6862.3,24,11,6,4,586.7245833333334,484.7220928036937,0.0,1,24,False,normal,0.0945937271421386,0.0162040200771682,0.0632378443161505,25.637755102040817,NORMAL,False,0.0,False
ACC_00787,7,7,1.0,0.000744497045207,0.0005889361702127,0.0,11981.55,17782.9,22,39,7,7,544.6159090909091,363.7899217648912,0.0454545454545454,1,22,False,normal,0.0958323367242098,0.0142090500738073,0.0631830220640488,25.59523809523809,NORMAL,False,0.0,False
ACC_00138,6,10,1.5714285714285714,0.0006611778610172,0.0022382978723404,0.0,13148.74,11714.67,29,23,10,6,453.40482758620686,323.2213597037164,0.0344827586206896,1,29,False,normal,0.0963138295577313,0.0133273333608835,0.0631192310789922,25.552721088435376,NORMAL,False,0.0,False
ACC_00749,7,9,1.25,0.0003460740368506,0.0011293617021276,0.0,10544.32,7406.87,20,13,9,7,527.216,385.39693662781656,0.05,1,19,False,normal,0.0949626382698625,0.0153456188513898,0.0631158305024734,25.51020408163265,NORMAL,False,0.0,False
ACC_01328,4,8,1.8,0.0002602315896,1.0212765957446808e-05,0.0,13138.15,6880.82,24,17,8,4,547.4229166666668,363.3865458670837,0.0416666666666666,1,24,False,normal,0.1025637474280381,0.003896807147047,0.0630969713156417,25.46768707482993,NORMAL,False,0.0,False
ACC_01078,6,9,1.4285714285714286,0.0004553106755656,0.0010953191489361,0.0285714285714285,11712.93,9635.62,23,23,9,6,509.2578260869565,268.3461833147711,0.0,1,23,False,normal,0.0988337918160424,0.009005005903317,0.0629022774509523,25.42517006802721,NORMAL,False,0.0,False
ACC_01777,8,11,1.3333333333333333,0.0007953009322105,0.00292,0.0,12740.46,17833.81,25,28,11,8,509.61840000000007,369.2742129353199,0.0,1,24,False,normal,0.0937590093847598,0.0166052860605015,0.0628975200550565,25.38265306122449,NORMAL,False,0.0,False
ACC_00808,9,9,1.0,0.0006681649637968,0.0040506545004903,0.0,11726.55,17155.73,20,37,9,9,586.3275,398.3947850519368,0.0,1,20,False,normal,0.095637921018825,0.0135145501377049,0.062788572666377,25.34013605442177,NORMAL,False,0.0,False
ACC_01909,10,8,0.8181818181818182,0.0009127888664825,0.0030289361702127,0.0130718954248366,14058.48,20995.12,28,39,8,10,502.0885714285714,351.6058762593506,0.0,1,28,False,normal,0.0969501947973767,0.0114324652168237,0.0627431029651555,25.297619047619047,NORMAL,False,0.0,False
ACC_01336,8,11,1.3333333333333333,0.000481107511071,0.0041761702127659,0.0,16663.13,12022.68,30,23,11,8,555.4376666666667,397.5190517462834,0.0,1,30,False,normal,0.101872287775264,0.0039862634405652,0.0627178780413845,25.255102040816325,NORMAL,False,1.0,True
ACC_01136,8,5,0.6666666666666666,0.0003665169945856,0.0001330320214897,0.0256410256410256,9539.49,11980.83,20,23,5,8,476.9745,279.80246217033,0.0,1,20,False,normal,0.1011024185205061,0.0048868180606073,0.0626161783365466,25.212585034013607,NORMAL,False,0.0,False
ACC_01169,5,8,1.5,0.0004372138291014,0.0008561702127659,0.0,14432.03,13042.35,28,25,8,5,515.4296428571429,541.7611989406822,0.0,1,26,False,normal,0.0926211245810519,0.0175324376812533,0.0625856498211324,25.170068027210885,NORMAL,False,0.0,False
ACC_00977,4,8,1.8,0.0001765697260723,0.0021923404255319,0.0,12888.01,2826.88,24,7,8,4,537.0004166666666,373.13240707939366,0.0,1,24,False,normal,0.0984962200050194,0.0081156763939357,0.0623440025605859,25.127551020408163,NORMAL,False,0.0,False
ACC_01478,5,7,1.3333333333333333,0.0002649525431439,0.0001472340425531,0.0151515151515151,11479.34,6353.13,26,9,7,5,441.51307692307694,299.4199016467573,0.0384615384615384,1,26,False,normal,0.0979321172739298,0.0080754072651426,0.061989433270415,25.08503401360544,NORMAL,False,0.0,False
ACC_00498,8,6,0.7777777777777778,0.0003775357113265,0.0011370212765957,0.0109890109890109,7306.79,8133.42,16,19,6,8,456.674375,305.2809049595416,0.0,1,16,False,normal,0.0962174259200194,0.0104811000460708,0.06192289557044,25.04251700680272,NORMAL,False,0.0,False
ACC_00667,6,5,0.8571428571428571,0.0007214488177819,0.0010646808510638,0.0,10597.19,14742.74,24,27,5,6,441.5495833333334,300.4563658616261,0.0416666666666666,1,24,False,normal,0.0940471687566932,0.0134348874111648,0.0618022562184819,25.0,NORMAL,False,0.0,False
ACC_01109,7,5,0.75,0.0003432073045109,0.000183829787234,0.0,9533.63,9262.14,25,15,5,7,381.3452,187.5838477659169,0.0,1,25,False,normal,0.0913974324532916,0.0168256539260959,0.0615687210424133,24.95748299319728,NORMAL,False,0.0,False
ACC_00214,9,9,1.0,0.0002417704928216,0.005343829787234,0.0,15201.74,8204.039999999999,29,15,9,9,524.1979310344827,360.8500395730229,0.0,1,29,False,normal,0.0949321708188874,0.0111133189993085,0.0614046300910558,24.91496598639456,NORMAL,False,0.0,False
ACC_00699,8,6,0.7777777777777778,0.0008745481669135,0.0003540425531914,0.0109890109890109,14058.75,22570.63,27,39,6,8,520.6944444444445,359.35437781723243,0.0,1,27,False,normal,0.0932188874282825,0.0136215311773533,0.0613799449279108,24.87244897959184,NORMAL,False,0.0,False
ACC_01983,6,10,1.5714285714285714,0.0003715427726731,0.0009914893617021,0.0166666666666666,15113.23,12517.55,31,25,10,6,487.5235483870968,285.905192054387,0.0,1,31,False,normal,0.0914618978478828,0.0160847335190832,0.0613110321163629,24.829931972789115,NORMAL,False,0.0,False
ACC_01589,6,7,1.1428571428571428,0.0003374103079424,5.8841086428175504e-05,0.0,15248.42,11265.02,23,25,7,6,662.9747826086957,497.9117330490466,0.0,1,23,False,normal,0.0931222509909708,0.0133759107312229,0.0612237148870716,24.7874149659864,NORMAL,False,0.0,False
ACC_00802,9,6,0.7,0.0003477417953466,0.0025897872340425,0.019047619047619,10191.05,9042.3,23,17,6,9,443.0891304347826,219.41385536579548,0.0,1,22,False,normal,0.0938262583576813,0.0119237365570565,0.0610652496374313,24.744897959183675,NORMAL,False,0.0,False
ACC_01409,9,9,1.0,0.0005915180216845,0.0020936170212765,0.0196078431372549,12689.74,15977.17,28,31,9,9,453.205,309.6980762984539,0.0357142857142857,1,28,False,normal,0.0985348145555136,0.0048097345813839,0.0610447825658617,24.702380952380956,NORMAL,False,0.0,False
ACC_00157,7,6,0.875,0.0003283341068498,0.0027395744680851,0.0,10345.58,8686.01,27,16,6,7,383.1696296296296,315.8746328296119,0.037037037037037,1,27,False,normal,0.0962782039567659,0.0080466887987106,0.0609855978935438,24.65986394557823,NORMAL,False,0.0,False
ACC_00851,10,8,0.8181818181818182,0.0006315353814408,0.0017737602865305,0.0,15037.56,20132.67,33,38,8,10,455.6836363636364,341.22155991212463,0.0,1,32,False,normal,0.0958781782617401,0.0086359963232161,0.0609813054863305,24.617346938775512,NORMAL,False,0.0,False
ACC_00839,6,8,1.2857142857142858,0.0004348783736291,0.0009974468085106,0.0109890109890109,16075.09,9559.9,28,17,8,6,574.1103571428572,457.9264891230998,0.0357142857142857,1,28,False,normal,0.097242864956099,0.0063911853509465,0.060902193114038,24.57482993197279,NORMAL,False,0.0,False
ACC_01816,8,7,0.8888888888888888,0.0003765572282122,0.00512,0.019047619047619,11390.15,11789.79,22,27,7,8,517.7340909090909,310.81760783393594,0.0454545454545454,1,22,False,normal,0.0990955796492806,0.0034348531038829,0.0608312890311215,24.532312925170068,NORMAL,False,1.0,True
ACC_01493,6,5,0.8571428571428571,0.0003653391265662,0.0,0.0181818181818181,15735.13,9892.33,27,17,5,6,582.7825925925926,374.07517203809135,0.0,1,27,False,normal,0.0972704638313903,0.0060939431067765,0.0607998555415448,24.489795918367346,NORMAL,False,0.0,False
ACC_01330,9,7,0.8,0.0006909264351539,0.004287659574468,0.0,10403.15,13970.13,24,29,7,9,433.4645833333333,373.9179208349848,0.0416666666666666,1,24,False,normal,0.0966809290288574,0.0068995608585217,0.0607683817607231,24.447278911564627,NORMAL,False,0.0,False
ACC_01233,5,10,1.8333333333333333,0.0004013027675993,0.0016518142668315,0.0,9377.28,8197.04,23,19,10,5,407.7078260869566,270.55727422482727,0.0,1,23,False,normal,0.0930368514627561,0.0120343188153135,0.0606358384037791,24.404761904761905,NORMAL,False,0.0,False
ACC_00604,7,7,1.0,0.0002217624534509,0.0008102127659574,0.0219780219780219,13260.85,5941.18,22,14,7,7,602.7659090909091,442.2137639052288,0.0,1,22,False,normal,0.0924748430290437,0.0128760035243684,0.0606353072271736,24.362244897959183,NORMAL,False,0.0,False
ACC_00632,5,5,1.0,0.0002016633590833,0.0022323404255319,0.0,12424.62,5496.49,20,15,5,5,621.231,385.6089702071394,0.0,1,20,False,normal,0.0918176608436412,0.0135028482503237,0.0604917358063142,24.31972789115646,NORMAL,False,0.0,False
ACC_01704,12,6,0.5384615384615384,0.0007379018027252,0.0017072340425531,0.0065359477124183,10917.8,14925.69,23,35,6,12,474.6869565217391,275.7143617526658,0.0,1,23,False,normal,0.0926394917874961,0.0119159753869449,0.0603500852272756,24.277210884353742,NORMAL,False,0.0,False
ACC_00290,12,7,0.6153846153846154,0.0005599066711566,0.0031089361702127,0.0116959064327485,13913.51,18646.15,26,35,7,12,535.135,353.5281133064243,0.0,1,26,False,normal,0.0954151329779356,0.0075270843893509,0.0602599135425017,24.23469387755102,NORMAL,False,0.0,False
ACC_01372,10,6,0.6363636363636364,0.0003333691365019,1.1063829787234042e-05,0.0083333333333333,13594.33,9563.04,22,24,6,10,617.9240909090909,388.89456602332143,0.0,1,21,False,normal,0.0892920183273651,0.0163708740249183,0.0601235606063864,24.1921768707483,NORMAL,False,0.0,False
ACC_01423,12,8,0.6923076923076923,0.0005507398423041,0.0028008510638297,0.0,12207.11,15123.59,28,34,8,12,435.9682142857143,286.60008998284457,0.0,1,28,False,normal,0.0927397126852219,0.0108364436053527,0.0599784050532742,24.149659863945576,NORMAL,False,0.0,False
ACC_00311,7,9,1.25,0.0002435634716905,0.0032970212765957,0.0166666666666666,15575.75,4937.0,30,11,9,7,519.1916666666667,352.5936990174124,0.0,1,30,False,normal,0.0931244115021151,0.0102162529472753,0.0599611480801792,24.107142857142858,NORMAL,False,0.0,False
ACC_00340,11,9,0.8333333333333334,0.0005549035190777,0.0049259574468085,0.0105263157894736,14714.62,16834.86,27,35,9,11,544.9859259259259,418.2882555796188,0.0,1,27,False,normal,0.0969786352513086,0.0044041855270122,0.05994885536159,24.064625850340136,NORMAL,False,0.0,False
ACC_00227,4,8,1.8,0.0002471967459224,0.0006246808510638,0.0,15937.46,7321.23,28,18,8,4,569.195,347.6882731274817,0.0,1,28,False,normal,0.0969646509376907,0.0043940142056156,0.0599363962448606,24.022108843537417,NORMAL,False,0.0,False
ACC_00969,11,8,0.75,0.0005312355768705,0.0009608510638297,0.0175438596491228,15797.2,10942.38,32,27,8,11,493.6625,360.5159349706223,0.0,1,28,False,normal,0.0919641285421665,0.0117649673967282,0.0598844640839912,23.97959183673469,NORMAL,False,0.0,False
ACC_00700,5,6,1.1666666666666667,0.0001769672066901,0.0028294887647635,0.0,10492.65,5719.49,18,16,6,5,582.925,406.2647187161708,0.0,1,18,False,normal,0.088537674448521,0.0168614647255237,0.059867190559322,23.937074829931973,NORMAL,False,0.0,False
ACC_01548,7,7,1.0,0.0003483390630043,0.0006859574468085,0.0219780219780219,8897.880000000001,7178.27,20,15,7,7,444.89400000000006,239.64429500934563,0.0,1,20,False,normal,0.0943955649725228,0.0079840644877335,0.0598309647786071,23.89455782312925,NORMAL,False,0.0,False
ACC_01771,8,9,1.1111111111111112,0.0002894145317444,0.0062204255319148,0.0073529411764705,14552.42,7073.5,30,17,9,8,485.0806666666667,305.75419068866114,0.0,1,30,False,normal,0.0943884249996182,0.0077936147505151,0.059750500899977,23.85204081632653,NORMAL,False,0.0,False
ACC_01644,6,5,0.8571428571428571,0.000253945855108,0.0001859037223382,0.0,7768.41,6714.55,19,13,5,6,408.8636842105263,299.84339929759864,0.0,1,19,False,normal,0.0941444247784626,0.0081397101374783,0.0597425389220689,23.809523809523807,NORMAL,False,0.0,False
ACC_00333,10,9,0.9090909090909092,0.0004758752115515,0.0023123404255319,0.0,8452.94,14170.9,19,29,9,10,444.8915789473684,248.8260490843432,0.0,1,19,False,normal,0.0907802554158334,0.0131373570003498,0.05972309604964,23.767006802721088,NORMAL,False,0.0,False
ACC_01343,9,6,0.7,0.000549791865818,0.0004059574468085,0.0285714285714285,10560.1,16024.7,23,28,6,9,459.1347826086957,255.258841906684,0.0,1,23,False,normal,0.0965510738298281,0.0044556371448655,0.0597128991558431,23.72448979591837,NORMAL,False,0.0,False
ACC_01190,7,8,1.125,0.0004114724560486,0.0070340425531914,0.019047619047619,13458.94,10222.96,24,23,8,7,560.7891666666667,356.58152191776344,0.0,1,24,False,normal,0.0953726976231688,0.0062172751032653,0.0597105286152074,23.681972789115648,NORMAL,False,0.0,False
ACC_01434,11,7,0.6666666666666666,0.0005464727098827,0.0001821276595744,0.0065359477124183,16501.5,16391.73,31,32,7,11,532.3064516129032,405.9196504773523,0.0,1,30,False,normal,0.0928121826658195,0.0093297728019422,0.0594192187202686,23.639455782312925,NORMAL,False,0.0,False
ACC_00520,10,8,0.8181818181818182,0.0004404169838217,0.0060425531914893,0.0130718954248366,9573.15,14521.73,22,24,8,10,435.1431818181818,335.56491100667506,0.0,1,21,False,normal,0.0966001853524903,0.0034039515627262,0.0593216918365847,23.596938775510203,NORMAL,False,0.0,False
ACC_01882,7,5,0.75,0.0004901394435691,0.0001140425531914,0.0151515151515151,9952.4,13084.61,22,26,5,7,452.3818181818182,376.5528460178676,0.0454545454545454,1,22,False,normal,0.09707022924393,0.0026727964466487,0.0593112561250175,23.554421768707485,NORMAL,False,0.0,False
ACC_00265,9,8,0.9,0.0002425711969611,0.0038970212765957,0.0147058823529411,14032.85,6639.9400000000005,29,10,8,9,483.89137931034486,326.6547150686808,0.0,1,29,False,normal,0.0862675416775043,0.0187283428619287,0.059251862151274,23.511904761904763,NORMAL,False,0.0,False
ACC_00379,5,11,2.0,0.0002953895049957,0.0015387234042553,0.0,13131.56,6160.0,23,15,11,5,570.9373913043478,387.5968290776735,0.0,1,23,False,normal,0.0891105007491171,0.0144617348016837,0.0592509943701437,23.46938775510204,NORMAL,False,0.0,False
ACC_00491,6,9,1.4285714285714286,0.0005726398918081,0.000887659574468,0.0285714285714285,12232.02,13401.2,23,26,9,6,531.8269565217391,359.8867943905136,0.0,1,23,False,normal,0.0926619903976946,0.0089122971441757,0.059162113096287,23.42687074829932,NORMAL,False,0.0,False
ACC_01706,5,7,1.3333333333333333,0.0001573503899525,0.001727659574468,0.0151515151515151,12398.26,2937.98,25,6,7,5,495.9304,392.0255589932881,0.0,1,25,False,normal,0.0912492749905216,0.0106105362348347,0.0589937794882468,23.3843537414966,NORMAL,False,0.0,False
ACC_01231,7,6,0.875,0.0006426115005491,0.001395744680851,0.0128205128205128,8969.81,11251.33,22,25,6,7,407.71863636363634,221.87770976041764,0.0,1,21,False,normal,0.0920865811672105,0.009341878455802,0.0589887000826471,23.34183673469388,NORMAL,False,0.0,False
ACC_00810,8,10,1.2222222222222223,0.0002714904520922,0.0017685106382978,0.0130718954248366,14686.4,4726.349999999999,27,13,10,8,543.9407407407407,286.29676746510546,0.0,1,27,False,normal,0.0873254823723931,0.0164557022335124,0.0589775703168408,23.29931972789116,NORMAL,False,0.0,False
ACC_01463,4,9,2.0,0.0003055188278918,0.0008008510638297,0.0128205128205128,11802.32,5290.66,22,10,9,4,536.4690909090909,394.73927351642766,0.0,1,22,False,normal,0.09009975622936,0.0117274315428266,0.0587508263547466,23.256802721088437,NORMAL,False,0.0,False
ACC_00425,3,6,1.75,0.0003541631201253,8.170212765957446e-05,0.0,12844.84,8567.13,25,13,6,3,513.7936,293.36150001434527,0.0,1,25,False,normal,0.0920220285690956,0.0086181754747415,0.058660487331354,23.214285714285715,NORMAL,False,1.0,True
ACC_00187,5,6,1.1666666666666667,0.0003662810055882,0.0016178723404255,0.0,6977.12,8025.24,18,18,6,5,387.61777777777775,278.55278161905403,0.0,1,18,False,normal,0.0933843102799451,0.0065436078540838,0.0586480293096006,23.171768707482997,NORMAL,False,0.0,False
ACC_00033,8,6,0.7777777777777778,0.0007232830343912,0.0005429787234042,0.0,8241.210000000001,10683.72,18,17,6,8,457.845,315.2415947519691,0.0,1,18,False,normal,0.0875061437980773,0.015201641752414,0.058584342979812,23.12925170068027,NORMAL,False,0.0,False
ACC_00433,11,7,0.6666666666666666,0.0008629011633589,0.0006898904191361,0.0130718954248366,10565.29,18051.95,23,39,7,11,459.3604347826087,297.4651089009243,0.0,1,23,False,normal,0.0903793929369911,0.010832865981159,0.0585607821546583,23.08673469387755,NORMAL,False,0.0,False
ACC_01740,7,6,0.875,0.00044673056929,0.0015795744680851,0.0128205128205128,13919.34,8489.67,21,17,6,7,662.8257142857143,469.4949305537967,0.0,1,21,False,normal,0.087621789798398,0.0149305741584417,0.0585453035424155,23.04421768707483,NORMAL,False,0.0,False
ACC_01927,4,6,1.4,0.0002367160980842,0.0018314893617021,0.0,10300.58,3817.19,25,11,6,4,412.0232,310.31962075039127,0.0,1,25,False,normal,0.0927283013682458,0.0069874126568121,0.0584319458836723,23.00170068027211,NORMAL,False,0.0,False
ACC_01010,3,6,1.75,0.0002642285825978,4.595744680851064e-05,0.0,13241.15,6157.82,27,12,6,3,490.4129629629629,332.2713709259903,0.0,1,25,False,normal,0.0925577598652577,0.0070252891910974,0.0583447715955936,22.95918367346939,NORMAL,False,0.0,False
ACC_01322,11,8,0.75,0.0007787463564296,0.0015855319148936,0.0116959064327485,10190.91,22396.21,23,42,8,11,443.0830434782609,282.31118672381206,0.0,1,23,False,normal,0.0903780665788444,0.009887358098997,0.0581817831869054,22.916666666666664,NORMAL,False,0.0,False
ACC_00307,5,10,1.8333333333333333,0.0003903303180957,0.0013548936170212,0.0,15336.01,5659.82,24,17,10,5,639.0004166666666,342.2742241495993,0.0,1,24,False,normal,0.0919358000999365,0.0070717433529794,0.0579901774011537,22.874149659863946,NORMAL,False,0.0,False
ACC_00220,10,8,0.8181818181818182,0.0006881252285388,0.0005568583976463,0.0130718954248366,9675.53,22457.98,22,43,8,10,439.7968181818181,291.6070119737368,0.0,1,21,False,normal,0.0877792807383449,0.0132097895719805,0.0579514842717991,22.831632653061224,NORMAL,False,0.0,False
ACC_01583,8,6,0.7777777777777778,0.0006761163110696,8.595744680851064e-05,0.0219780219780219,13906.45,19011.62,24,37,6,8,579.4354166666667,345.39769565681274,0.0,1,24,False,normal,0.0929649724648229,0.0053969840903524,0.0579377771150347,22.789115646258505,NORMAL,False,0.0,False
ACC_00496,10,7,0.7272727272727273,0.0006339178777716,0.0020851063829787,0.0,8374.25,13750.27,19,33,7,10,440.75,243.7271785555864,0.0,1,19,False,normal,0.0899207700155197,0.0098947459033925,0.0579103603706688,22.74659863945578,NORMAL,False,0.0,False
ACC_00015,11,5,0.5,0.0006766497761497,0.0002268366520274,0.0,11818.76,16448.97,22,33,5,11,537.2163636363637,340.52677951535554,0.0,1,22,False,normal,0.0905321934249982,0.0088759795433106,0.0578697078723231,22.70408163265306,NORMAL,False,0.0,False
ACC_01270,7,6,0.875,0.0003075608664116,0.0029096490854048,0.0,14197.07,11755.26,21,23,6,7,676.0509523809524,434.7227419736028,0.0,1,21,False,normal,0.0865918875287957,0.0144722675383073,0.0577440395326003,22.66156462585034,NORMAL,False,0.0,False
ACC_00341,7,9,1.25,0.0009622430652062,0.00024,0.0083333333333333,11536.36,20289.24,24,36,9,7,480.6816666666667,375.8849738679509,0.0,1,24,False,normal,0.0778978141598561,0.0274426339397696,0.0577157420718215,22.61904761904762,NORMAL,False,0.0,False
ACC_01021,7,10,1.375,0.0004946468297734,0.0019429787234042,0.0,15220.66,14731.5,31,25,10,7,490.9890322580645,339.94670739548616,0.032258064516129,1,31,False,normal,0.0915647460553378,0.0067602311924358,0.057642940110177,22.5765306122449,NORMAL,False,0.0,False
ACC_00785,8,6,0.7777777777777778,0.0005825699402511,0.0007889361702127,0.0,16743.82,19863.8,30,40,6,8,558.1273333333334,370.4339873337138,0.0,1,29,False,normal,0.0882910344811862,0.0116286468408402,0.0576260794250478,22.534013605442176,NORMAL,False,0.0,False
ACC_00517,6,9,1.4285714285714286,0.0004393911022975,0.0028502127659574,0.019047619047619,10342.59,7856.39,21,20,9,6,492.50428571428574,247.3184786782304,0.0,1,20,False,normal,0.0908700171698853,0.0076843209517119,0.0575957386826159,22.491496598639458,NORMAL,False,0.0,False
ACC_00681,7,8,1.125,0.0001983184420775,0.0013158231356329,0.0095238095238095,10971.31,4021.24,23,9,8,7,477.01347826086953,313.56957978919127,0.0434782608695652,1,23,False,normal,0.0877820944341778,0.0121660208970611,0.0575356650193312,22.448979591836736,NORMAL,False,0.0,False
ACC_01512,6,5,0.8571428571428571,0.0006845577944568,0.0001270626359101,0.0181818181818181,12354.4,13544.71,22,25,5,6,561.5636363636363,393.00102944909946,0.0,1,22,False,normal,0.0895498218901521,0.0094894110054352,0.0575256575362654,22.406462585034014,NORMAL,False,0.0,False
ACC_01081,7,6,0.875,0.0003137445728448,0.00266,0.0,12417.9,6032.67,29,13,6,7,428.20344827586206,250.41095134193,0.0,1,29,False,normal,0.0842970024424961,0.016823525956198,0.0573076118479768,22.36394557823129,NORMAL,False,1.0,True
ACC_01807,9,10,1.1,0.0003734045739965,0.0015878565641922,0.0175438596491228,15134.69,14323.21,27,29,10,9,560.544074074074,452.0055053975411,0.0,1,27,False,normal,0.0882055620184325,0.0107002869464404,0.0572034519896357,22.321428571428573,NORMAL,False,0.0,False
ACC_01134,10,11,1.0909090909090908,0.0005460861153546,0.0036408510638297,0.0047619047619047,14580.34,17651.91,25,32,11,10,583.2136,380.6210377011059,0.0,1,25,False,normal,0.0910013226128717,0.006480050494504,0.0571928137655246,22.27891156462585,NORMAL,False,0.0,False
ACC_01483,7,9,1.25,0.0004049392864982,0.00384,0.0,11802.13,7829.7,26,16,9,7,453.9280769230769,251.5436832523405,0.0384615384615384,1,25,False,normal,0.0916275546851382,0.0055182535244735,0.0571838342208723,22.23639455782313,NORMAL,False,0.0,False
ACC_00518,10,5,0.5454545454545454,0.000548159899977,0.0017506382978723,0.0,15707.33,16940.19,28,32,5,10,560.9760714285715,360.4874163657711,0.0,1,28,False,normal,0.087478497299753,0.011572264603435,0.0571160042212258,22.193877551020407,NORMAL,False,0.0,False
ACC_01204,8,5,0.6666666666666666,0.0003463055080351,0.003807659574468,0.0128205128205128,10149.03,8645.85,25,19,5,8,405.9612,291.6231206586108,0.0,1,25,False,normal,0.0874337577355583,0.0116204986683591,0.0571084541086786,22.151360544217688,NORMAL,False,0.0,False
ACC_01870,4,8,1.8,0.0002369611612493,0.0006391489361702,0.0,9857.51,5667.61,24,15,8,4,410.7295833333333,265.7284984222277,0.0,1,24,False,normal,0.0901735902723198,0.0068379350055915,0.0568393281656285,22.10884353741497,NORMAL,False,0.0,False
ACC_01258,8,10,1.2222222222222223,0.000538995600111,0.0019965957446808,0.0130718954248366,11055.72,12653.84,24,21,10,8,460.655,232.29746022306605,0.0,1,24,False,normal,0.0848496762501675,0.0141943847913586,0.0565875596666439,22.066326530612244,NORMAL,False,0.0,False
ACC_00872,10,9,0.9090909090909092,0.0005080357306034,0.0012689361702127,0.0,15468.66,17223.16,28,34,9,10,552.4521428571428,497.21144310121593,0.0,1,28,False,normal,0.0875801239727726,0.0098786154284419,0.0564995205550403,22.02380952380952,NORMAL,False,0.0,False
ACC_01162,10,9,0.9090909090909092,0.0005184017293493,0.0021540425531914,0.023391812865497,14479.72,13443.99,29,25,9,10,499.3006896551725,300.8931271224177,0.0,1,29,False,normal,0.0881752619102757,0.0088895387966696,0.0564609726648332,21.981292517006803,NORMAL,False,0.0,False
ACC_00477,11,6,0.5833333333333334,0.0003608321592203,0.0027940425531914,0.0147058823529411,12463.39,10870.16,23,25,6,11,541.8865217391304,333.5714383430645,0.0,1,23,False,normal,0.084443447295376,0.0143476785831484,0.056405139810485,21.93877551020408,NORMAL,False,0.0,False
ACC_00708,5,6,1.1666666666666667,0.0001425770649308,0.0003540425531914,0.0,10839.59,2618.03,21,5,6,5,516.1709523809524,339.9230658973404,0.0,1,21,False,normal,0.0858400186903053,0.0121057511168339,0.0563463116609167,21.896258503401363,NORMAL,False,0.0,False
ACC_00697,6,4,0.7142857142857143,0.0005348764146531,0.0005489361702127,0.0,9547.95,13343.44,24,26,4,6,397.83125,320.02675705135084,0.0,1,24,False,normal,0.0878985093864832,0.0087184207421189,0.0562264739287375,21.85374149659864,NORMAL,False,0.0,False
ACC_01255,9,9,1.0,0.0006542707809332,0.0008587234042553,0.0130718954248366,15692.84,16691.3,32,33,9,9,490.40125,331.75367999757816,0.0,1,32,False,normal,0.0872778446237532,0.0096046618380725,0.0562085715094809,21.81122448979592,NORMAL,False,0.0,False
ACC_00404,6,11,1.7142857142857142,0.000287889878895,0.0004195744680851,0.0,14501.31,6958.05,25,10,11,6,580.0524,343.28680473087417,0.0,1,24,False,normal,0.0804364248525136,0.0198653161724978,0.0562079813805073,21.7687074829932,NORMAL,False,0.0,False
ACC_01565,8,7,0.8888888888888888,0.0007909087887845,0.0001268085106382,0.019047619047619,15902.97,18450.31,27,32,7,8,588.9988888888888,315.59855465854736,0.0,1,26,False,normal,0.0882003178135436,0.0081143796810449,0.0561659425605441,21.72619047619048,NORMAL,False,0.0,False
ACC_01520,9,7,0.8,0.0002712743516022,0.0063642177972967,0.0083333333333333,12598.27,6901.59,25,13,7,9,503.9308,351.1444896088599,0.0,1,25,False,normal,0.083339790069261,0.0153371592583138,0.0561387377448821,21.68367346938776,NORMAL,False,0.0,False
ACC_00514,7,4,0.625,0.000245089374851,0.0001804255319148,0.0,11060.89,5593.56,20,15,4,7,553.0445,334.0250928405009,0.0,1,20,False,normal,0.0847027487667382,0.0131484372134707,0.0560810241454312,21.641156462585037,NORMAL,False,0.0,False
ACC_00069,9,10,1.1,0.0002684008409114,0.0032626956039739,0.0,11024.63,8163.61,22,16,10,9,501.1195454545455,386.5793189166607,0.0,1,21,False,normal,0.0824808922658607,0.0164139219653499,0.0560541041456564,21.598639455782312,NORMAL,False,1.0,True
ACC_01521,8,5,0.6666666666666666,0.0004606061712861,7.659574468085106e-05,0.0,10874.07,14013.6,18,30,5,8,604.115,366.262736510121,0.0,1,18,False,normal,0.086953805567887,0.0096718298503368,0.0560410152808669,21.556122448979597,NORMAL,False,0.0,False
ACC_00662,8,6,0.7777777777777778,0.0006891773982878,0.0023812765957446,0.0,10562.47,17828.5,24,39,6,8,440.1029166666667,232.1514111331723,0.0,1,24,False,normal,0.082526617363673,0.0159954994637302,0.0559141702036959,21.51360544217687,NORMAL,False,0.0,False
ACC_00879,9,7,0.8,0.0002883845550607,0.0009047883000042,0.0,8280.11,6589.26,21,14,7,9,394.2909523809524,380.4144516432671,0.0,1,21,False,normal,0.0812601749155856,0.0177760434528817,0.0558665223305041,21.47108843537415,NORMAL,False,0.0,False
ACC_00147,7,9,1.25,0.0002476794026682,0.0027421276595744,0.0083333333333333,15261.81,4785.09,23,12,9,7,663.5569565217392,402.9344124322647,0.0,1,23,False,normal,0.0866276134683837,0.0096266380162898,0.0558272232875461,21.428571428571427,NORMAL,False,0.0,False
ACC_01217,4,6,1.4,0.0003436427196996,0.000851914893617,0.0,9392.03,6209.1900000000005,21,8,6,4,447.2395238095239,305.59993367924983,0.0,1,20,False,normal,0.0871294085760758,0.0086335604496082,0.0557310693254888,21.38605442176871,NORMAL,False,0.0,False
ACC_00086,6,6,1.0,0.0002106459576581,0.0020210634034025,0.0151515151515151,15525.17,5011.74,30,12,6,6,517.5056666666667,356.6110047684368,0.0,1,30,False,normal,0.0834012452966194,0.0140218327001898,0.0556494802580476,21.343537414965983,NORMAL,False,0.0,False
ACC_00508,8,6,0.7777777777777778,0.0006118517253449,0.0042493497633565,0.0,13864.91,17953.02,25,34,6,8,554.5964,409.2668383919388,0.0,1,25,False,normal,0.0826580502661586,0.0150593401981723,0.0556185662389641,21.301020408163264,NORMAL,False,0.0,False
ACC_01215,5,6,1.1666666666666667,0.0002825394381044,0.0,0.0,9206.83,10885.33,18,18,6,5,511.4905555555556,421.1147362511891,0.0,1,18,False,normal,0.0836210384615075,0.0135986905899426,0.0556120993128816,21.258503401360542,NORMAL,False,0.0,False
ACC_00479,5,10,1.8333333333333333,0.0004124518557474,0.0003914211401526,0.0,14153.24,6398.0,25,11,10,5,566.1296,308.68518316239283,0.0,1,25,False,normal,0.0835444029103437,0.0136926930861453,0.0556037189806643,21.215986394557824,NORMAL,False,0.0,False
ACC_00004,9,9,1.0,0.0007281418359077,0.0003922739095211,0.0,15269.08,15996.18,33,28,9,9,462.69939393939393,352.2860314870165,0.0,1,32,False,normal,0.0861982546665196,0.0096775718038056,0.055589981521434,21.1734693877551,NORMAL,False,0.0,False
ACC_00595,7,12,1.625,0.0003879848967684,0.0013659574468085,0.0116959064327485,13751.41,10925.83,25,22,12,7,550.0563999999999,341.80601497633126,0.0,1,25,False,normal,0.0795915586533745,0.0193748244829862,0.0555048649852192,21.13095238095238,NORMAL,False,0.0,False
ACC_00399,6,10,1.5714285714285714,0.0006233705321633,0.0018615955314885,0.0,15540.68,17705.75,31,29,10,6,501.3122580645161,338.7544049475931,0.0,1,30,False,normal,0.0836151948893598,0.013309678081417,0.0554929881661827,21.08843537414966,NORMAL,False,0.0,False
ACC_01537,10,6,0.6363636363636364,0.0005813111746521,0.0012382978723404,0.0083333333333333,12789.01,13613.47,30,26,6,10,426.30033333333336,302.27767221641545,0.0,1,30,False,normal,0.0848398790582956,0.0114115889106682,0.0554685629992446,21.04591836734694,NORMAL,False,0.0,False
ACC_01790,7,4,0.625,0.0002581609451409,0.0007268085106382,0.0,10095.94,9444.84,19,22,4,7,531.3652631578948,319.794478678076,0.0,1,19,False,normal,0.0845677951975534,0.0117464204566366,0.0554392453011867,21.00340136054422,NORMAL,False,0.0,False
ACC_01524,5,10,1.8333333333333333,0.0002491865955392,0.0008,0.0,12331.59,4682.13,24,8,10,5,513.81625,340.9136644730694,0.0,1,24,False,normal,0.0831895175727674,0.0137438720914255,0.0554112593802306,20.96088435374149,NORMAL,False,0.0,False
ACC_00409,8,6,0.7777777777777778,0.0007016638650603,0.0006340425531914,0.0,7915.55,14035.96,18,25,6,8,439.7527777777778,257.79741026412364,0.0,1,18,False,normal,0.0859066715633959,0.0094988767056311,0.05534355362029,20.918367346938776,NORMAL,False,0.0,False
ACC_00904,8,6,0.7777777777777778,0.000526437186104,0.0012714893617021,0.0,10278.6,21110.7,25,36,6,8,411.144,225.01141058103403,0.0,1,25,False,normal,0.0845052145668605,0.0114868857981267,0.055297883059367,20.87585034013605,NORMAL,False,0.0,False
ACC_00583,10,9,0.9090909090909092,0.0005093521461173,0.0052212765957446,0.0,10474.74,16612.61,21,33,9,10,498.7971428571428,290.73633692992104,0.0,1,21,False,normal,0.0897028032473073,0.0036903014524091,0.055297802529348,20.833333333333336,NORMAL,False,0.0,False
ACC_01828,6,7,1.1428571428571428,0.0006810797804071,0.0001489361702127,0.0,8976.54,12465.78,18,30,7,6,498.6966666666667,292.91197750297937,0.0,1,18,False,normal,0.0820343554388077,0.015124359081602,0.0552703568959254,20.79081632653061,NORMAL,False,0.0,False
ACC_00737,9,5,0.6,0.0007570423055863,0.0003395744680851,0.0,14509.88,13089.09,24,28,5,9,604.5783333333334,421.0721430459101,0.0,1,23,False,normal,0.0840704602167767,0.0119315849146172,0.0552149100959129,20.74829931972789,NORMAL,False,0.0,False
ACC_01938,6,11,1.7142857142857142,0.0002709108474793,0.0017872340425531,0.0073529411764705,14838.67,7981.94,29,11,11,6,511.678275862069,325.0491104221128,0.0,1,28,False,normal,0.0814299210176948,0.0158295428380429,0.055189769745834,20.70578231292517,NORMAL,False,0.0,False
ACC_00605,8,9,1.1111111111111112,0.0003271551076991,0.0051634042553191,0.0147058823529411,9619.69,9551.79,25,23,9,8,384.7876,279.3569239533301,0.0,1,25,False,normal,0.0905341733443334,0.0020426129012019,0.0551375491670808,20.66326530612245,NORMAL,False,0.0,False
ACC_01160,6,5,0.8571428571428571,0.0003066901594981,0.0028621276595744,0.0,14503.47,7729.63,25,16,5,6,580.1388,464.0880196356433,0.0,1,25,False,normal,0.0774903269732857,0.02157151882878,0.0551228037154834,20.62074829931973,NORMAL,False,0.0,False
ACC_01925,7,4,0.625,0.0005744925589722,0.0017480851063829,0.0,9618.63,14215.49,21,24,4,7,458.03,285.5273813664812,0.0,1,20,False,normal,0.0851356972747491,0.0099648468815682,0.0550673571174767,20.578231292517007,NORMAL,False,1.0,True
ACC_01291,7,5,0.75,0.0003942779497367,0.0009608510638297,0.0,9437.42,10709.26,18,26,5,7,524.3011111111111,448.19155471331663,0.0,1,18,False,normal,0.0790959648905933,0.01892498640642,0.055027573496924,20.535714285714285,NORMAL,False,0.0,False
ACC_01839,11,7,0.6666666666666666,0.0006865259126082,0.0010327037052829,0.0,12242.76,19675.05,27,46,7,11,453.43555555555554,331.7198076845222,0.0,1,26,False,normal,0.0836278216018621,0.0115840350531754,0.0548103069823874,20.49319727891157,NORMAL,False,0.0,False
ACC_01858,9,9,1.0,0.0003156566136735,0.0052846808510638,0.0065359477124183,10749.96,5716.84,22,16,9,9,488.6345454545454,362.4354733864101,0.0,1,22,False,normal,0.086077335254582,0.0077460614551664,0.0547448257348158,20.450680272108844,NORMAL,False,0.0,False
ACC_00160,11,8,0.75,0.0007617404061714,0.0013923404255319,0.0,11454.48,14550.43,24,36,8,11,477.27,306.7302964296583,0.0416666666666666,1,24,False,normal,0.0854275806469695,0.0084677999383896,0.0546436683635375,20.40816326530612,NORMAL,False,0.0,False
ACC_00350,7,5,0.75,0.0007603011007614,0.0002144680851063,0.0,9279.44,13816.34,20,28,5,7,463.972,347.3690197621634,0.0,1,20,False,normal,0.0832322587350025,0.0117253042970685,0.0546294769598289,20.3656462585034,NORMAL,False,0.0,False
ACC_00480,6,6,1.0,0.0003091358577534,0.0001285106382978,0.0,8152.2,7978.18,18,20,6,6,452.9,237.52464377407244,0.0,1,18,False,normal,0.0861827727506145,0.0072904153059959,0.054625829772767,20.32312925170068,NORMAL,False,0.0,False
ACC_01655,11,8,0.75,0.0008247929928223,0.0005404255319148,0.0,11885.36,16697.44,24,32,8,11,495.22333333333336,320.8499708541384,0.0416666666666666,1,24,False,normal,0.0849570350353786,0.0091103010871393,0.0546183414560829,20.28061224489796,NORMAL,False,0.0,False
ACC_00727,9,11,1.2,0.0005665712028443,0.0020868085106382,0.0,14098.69,17142.21,26,28,11,9,542.2573076923077,464.5827955450584,0.0,1,26,False,normal,0.083173553425974,0.0116232911728198,0.0545534485247123,20.23809523809524,NORMAL,False,0.0,False
ACC_01912,7,5,0.75,0.0005533973884344,0.0001668085106382,0.0,15983.38,14553.76,25,25,5,7,639.3352,463.2002034228828,0.0,1,25,False,normal,0.0837674381837677,0.0107283918729334,0.054551819659434,20.195578231292515,NORMAL,False,0.0,False
ACC_00098,5,9,1.6666666666666667,0.0002070851001942,0.0030408510638297,0.0,11433.03,5244.49,24,11,9,5,476.37625,329.4018397933429,0.0416666666666666,1,24,False,normal,0.0870506004911631,0.0056671145021878,0.054497206095573,20.1530612244898,NORMAL,False,0.0,False
ACC_01032,6,8,1.2857142857142858,0.0002911567722257,0.0057421276595744,0.0109890109890109,9854.1,5561.34,23,16,8,6,428.4391304347826,304.0250491461196,0.0,1,23,False,normal,0.0885591541221339,0.0033113193020322,0.0544600201940932,20.110544217687075,NORMAL,False,1.0,True
ACC_01926,6,8,1.2857142857142858,0.0002694446020747,0.0021566537329979,0.0,8087.57,5892.68,19,13,8,6,425.6615789473684,244.68649497907768,0.0,1,19,False,normal,0.0849750438253085,0.0086490258596251,0.0544446366390351,20.068027210884352,NORMAL,False,0.0,False
ACC_00194,5,7,1.3333333333333333,0.0001859220364007,0.0004680851063829,0.0,13988.29,1863.65,23,5,7,5,608.1865217391305,334.7664426623528,0.0,1,23,False,normal,0.0843890893134386,0.0095270725897897,0.054444282623979,20.02551020408163,NORMAL,False,0.0,False
ACC_00475,10,6,0.6363636363636364,0.0003221344245457,0.0021702980428942,0.0,14783.44,8320.66,29,16,6,10,509.7737931034482,332.30547467023894,0.0,1,29,False,normal,0.0759347348465825,0.0221079720443694,0.0544040297256973,19.982993197278912,NORMAL,False,0.0,False
ACC_01131,5,8,1.5,0.0002432831365334,0.001179380036669,0.0,8496.460000000001,6301.35,20,13,8,5,424.823,249.5658121428621,0.0,1,20,False,normal,0.0848275370354385,0.0086359882956359,0.0543509175395175,19.940476190476197,NORMAL,False,0.0,False
ACC_00844,7,5,0.75,0.0005697257981393,0.0022646808510638,0.0,11250.41,8271.42,20,17,5,7,562.5205,410.1164425337991,0.0,1,20,False,normal,0.0790185693826084,0.0173250092268143,0.0543411453202908,19.897959183673468,NORMAL,False,0.0,False
ACC_00672,8,7,0.8888888888888888,0.0003034656275673,0.0005123404255319,0.0095238095238095,9406.31,9477.86,24,19,7,8,391.9295833333333,206.3497120125079,0.0,1,24,False,normal,0.0809378225973862,0.0141919641218123,0.0542394792071567,19.85544217687075,NORMAL,False,0.0,False
ACC_01854,8,10,1.2222222222222223,0.0002836847910062,0.0017170212765957,0.0130718954248366,15883.44,6320.76,31,15,10,8,512.3690322580645,341.6670874048288,0.0,1,31,False,normal,0.0806369554595528,0.0144879834947107,0.0541773666736159,19.812925170068027,NORMAL,False,0.0,False
ACC_00961,6,9,1.4285714285714286,0.0004274576321331,7.063829787234042e-05,0.0,16399.44,15627.6,28,30,9,6,585.6942857142857,450.44190271520375,0.0,1,28,False,normal,0.0852829620226691,0.0073188771085968,0.0540973280570402,19.77040816326531,NORMAL,False,0.0,False
ACC_00252,8,9,1.1111111111111112,0.0005396215912484,0.001435744680851,0.0147058823529411,16945.15,12812.6,33,23,9,8,513.489393939394,389.1120162300584,0.0,1,33,False,normal,0.085027229877329,0.0077022690499626,0.0540972455463824,19.727891156462583,NORMAL,False,0.0,False
ACC_01675,8,6,0.7777777777777778,0.0002360623723369,0.0001846808510638,0.0109890109890109,15197.05,5903.39,26,12,6,8,584.501923076923,416.13856042447424,0.0,1,26,False,normal,0.0789365754809574,0.0168331468689343,0.0540952040361482,19.685374149659864,NORMAL,False,1.0,True
ACC_01105,9,10,1.1,0.0003887542661376,0.0039208510638297,0.0116959064327485,9980.93,8847.67,25,22,10,9,399.2372,284.7271972947673,0.0,1,25,False,normal,0.0861583188535713,0.0057442652451893,0.0539926974102185,19.642857142857142,NORMAL,False,0.0,False
ACC_00262,9,8,0.9,0.0003862235824759,0.0063710638297872,0.0073529411764705,9140.58,12174.76,23,22,8,9,397.4165217391304,240.7957188272532,0.0,1,23,False,normal,0.0873316819872724,0.0037607053125724,0.0539032913173924,19.600340136054424,NORMAL,False,0.0,False
ACC_00292,9,5,0.6,0.0006172377592569,0.00304,0.0,9832.23,15772.57,24,32,5,9,409.67625,316.7013271592914,0.0,1,23,False,normal,0.0837299678617217,0.0090929225085541,0.0538751497204547,19.5578231292517,NORMAL,False,1.0,True
ACC_00397,7,11,1.5,0.0002194499000152,0.0013225531914893,0.0065359477124183,12567.37,5138.389999999999,26,15,11,7,483.3603846153846,323.07388798825286,0.0,1,24,False,normal,0.0780930469540114,0.0173983966026022,0.0538151868134477,19.51530612244898,NORMAL,False,0.0,False
ACC_01163,6,8,1.2857142857142858,0.0007385453678391,0.0002157506502366,0.0219780219780219,13919.8,12505.87,28,25,8,6,497.13571428571424,343.15259446003915,0.0,1,28,False,normal,0.0810508271770132,0.0125139904399731,0.0536360924821972,19.472789115646258,NORMAL,False,0.0,False
ACC_00754,10,8,0.8181818181818182,0.0003771269141204,0.0022255319148936,0.0065359477124183,15961.6,9650.01,32,21,8,10,498.8,291.1367991944016,0.0,1,32,False,normal,0.0770664401692012,0.0184176952752148,0.0536069422116066,19.43027210884354,NORMAL,False,0.0,False
ACC_01040,5,11,2.0,0.0002994144808857,0.0011693617021276,0.0,12622.93,6027.39,27,13,11,5,467.515925925926,380.8585708355759,0.0,1,26,False,normal,0.080703527438657,0.0128176795171261,0.0535491882700446,19.387755102040817,NORMAL,False,0.0,False
ACC_01224,8,7,0.8888888888888888,0.000192213256813,0.0012953191489361,0.0,9273.02,3741.8,20,9,7,8,463.651,306.62685574180426,0.0,1,20,False,normal,0.076615223972573,0.0185741225056447,0.0533987833858016,19.34523809523809,NORMAL,False,0.0,False
ACC_01884,7,11,1.5,0.0003232857380477,0.0016142924146164,0.0,10533.63,11393.73,22,25,11,7,478.8013636363636,424.7266265470672,0.0,1,22,False,normal,0.0765320161217693,0.0186359303429309,0.0533735818102339,19.302721088435373,NORMAL,False,0.0,False
ACC_00042,5,6,1.1666666666666667,0.0005608006716247,0.0010927659574468,0.0181818181818181,11461.37,15011.56,27,26,6,5,424.4951851851852,295.68011176803327,0.0,1,25,False,normal,0.0819783279651053,0.0103026518587439,0.0533080575225607,19.26020408163265,NORMAL,False,0.0,False
ACC_00669,7,11,1.5,0.0004134757049378,0.0021114893617021,0.0196078431372549,13414.55,14423.27,26,30,11,7,515.9442307692308,338.4074397665994,0.0,1,26,False,normal,0.0801733872326127,0.0126913924711962,0.0531805893280461,19.21768707482993,NORMAL,False,0.0,False
ACC_01454,8,8,1.0,0.0005017724177533,0.0012825651302605,0.0083333333333333,10284.9,11900.0,26,22,8,8,395.5730769230769,256.1753516444426,0.0384615384615384,1,26,False,normal,0.0843141021722558,0.0062300171464139,0.053080468161919,19.17517006802721,NORMAL,False,0.0,False
ACC_00067,5,8,1.5,0.00045151767009,0.0011589135718245,0.0256410256410256,14306.93,11931.14,29,21,8,5,493.34241379310345,345.18998311132106,0.0,1,29,False,normal,0.0837605222343954,0.0070517306861349,0.0530770056150912,19.132653061224488,NORMAL,False,0.0,False
ACC_00543,5,7,1.3333333333333333,0.0002935391865381,0.0003097872340425,0.0,12357.0,8692.18,29,15,7,5,426.1034482758621,219.3346073480924,0.0,1,28,False,normal,0.078740857946772,0.0145738619608495,0.053074059552403,19.09013605442177,NORMAL,False,0.0,False
ACC_00979,12,7,0.6153846153846154,0.0004542225702792,0.0041514893617021,0.0058479532163742,12051.4,13092.98,25,28,7,12,482.056,330.3860259983767,0.0,1,24,False,normal,0.0805219409549749,0.0117736460060503,0.0530226229754051,19.047619047619047,NORMAL,False,0.0,False
ACC_01615,10,8,0.8181818181818182,0.0005764516875959,0.0019531914893617,0.0,9002.74,18011.29,18,34,8,10,500.15222222222224,306.58592048858026,0.0,1,18,False,normal,0.0816833580073436,0.0098736155660275,0.0529594610308172,19.005102040816325,NORMAL,False,0.0,False
ACC_01539,10,8,0.8181818181818182,0.0008306408204238,0.0049012765957446,0.0065359477124183,11752.71,19594.8,24,32,8,10,489.69625,389.59812887699616,0.0,1,24,False,normal,0.082035812202681,0.0090747864881862,0.0528514019168831,18.962585034013603,NORMAL,False,0.0,False
ACC_00958,5,6,1.1666666666666667,0.0005700333936592,0.0004280902229991,0.0,12554.33,15759.74,28,32,6,5,448.36892857142857,257.8145664266712,0.0,1,28,False,normal,0.0762760041977095,0.0176261455798878,0.0528160607505808,18.920068027210885,NORMAL,False,0.0,False
ACC_00655,7,6,0.875,0.0004609264904593,0.0029923404255319,0.0128205128205128,9666.37,9532.04,17,25,6,7,568.61,308.72479121784176,0.0,1,17,False,normal,0.0833357084029708,0.0070229682295688,0.05281061233361,18.877551020408163,NORMAL,False,0.0,False
ACC_00168,10,7,0.7272727272727273,0.0006643550124732,0.0036595744680851,0.0073529411764705,8925.66,14161.11,19,32,7,10,469.7715789473684,324.4894296217633,0.0,1,18,False,normal,0.0825000886300328,0.008203136197772,0.0527813076571285,18.83503401360544,NORMAL,False,0.0,False
ACC_00768,6,8,1.2857142857142858,0.0004380115952505,0.0009753191489361,0.0329670329670329,12811.21,10166.44,25,20,8,6,512.4484,385.157271683486,0.0,1,25,False,normal,0.0863346831226471,0.0022481646771483,0.0527000757444476,18.79251700680272,NORMAL,False,0.0,False
ACC_00245,6,9,1.4285714285714286,0.0006549300550049,0.0030212765957446,0.0095238095238095,15824.09,12717.78,27,28,9,6,586.0774074074075,402.8560455680319,0.0,1,27,False,normal,0.0804335533924911,0.0108293762474741,0.0525918825344843,18.75,NORMAL,False,0.0,False
ACC_00936,6,6,1.0,0.0003813890916823,0.0021268068050995,0.0,11783.45,8859.84,30,22,6,6,392.7816666666667,243.5450173650312,0.0,1,29,False,normal,0.078305927642703,0.0139458125371894,0.0525618816004976,18.70748299319728,NORMAL,False,0.0,False
ACC_01729,6,8,1.2857142857142858,0.0002492193124696,0.000407659574468,0.0,9748.79,6933.37,22,14,8,6,443.1268181818181,191.66942512432485,0.0,1,22,False,normal,0.0775496883451922,0.0149897430191216,0.052525710214764,18.66496598639456,NORMAL,False,0.0,False
ACC_00628,6,5,0.8571428571428571,0.00035362744331,0.0017787234042553,0.0,8457.07,7331.87,25,18,5,6,338.2828,266.0217587829988,0.0,1,25,False,normal,0.0819455430292057,0.00811548369797,0.0524135192967114,18.62244897959184,NORMAL,False,0.0,False
ACC_00104,5,6,1.1666666666666667,0.0002253367290197,0.0014212765957446,0.0181818181818181,11111.08,3657.84,24,9,6,5,462.9616666666666,284.3340431630537,0.0,1,24,False,normal,0.0828916504209459,0.0066956517078592,0.0524132509357112,18.579931972789115,NORMAL,False,0.0,False
ACC_01137,7,4,0.625,0.0002758214131214,0.0010156483179124,0.0,13927.33,7301.62,23,15,4,7,605.5360869565218,370.9515162970533,0.0,1,22,False,normal,0.0769473870780787,0.0152086054181432,0.0522518744141045,18.5374149659864,NORMAL,False,0.0,False
ACC_00706,11,10,0.9166666666666666,0.0003547825163597,0.0007617021276595,0.0095238095238095,12034.76,11348.75,25,21,10,11,481.3904,321.0473215571187,0.0,1,25,False,normal,0.0698215179507582,0.0258362011841554,0.0522273912441171,18.494897959183675,NORMAL,False,0.0,False
ACC_00361,6,10,1.5714285714285714,0.0004889793592256,0.0013234042553191,0.0083333333333333,10036.71,15632.61,21,29,10,6,477.9385714285714,284.03313416370486,0.0,1,20,False,normal,0.0755374821646698,0.0171866312709271,0.0521971418071727,18.452380952380956,NORMAL,False,0.0,False
ACC_01595,6,6,1.0,0.000435071470191,0.0001821276595744,0.0151515151515151,10492.8,11531.88,23,28,6,6,456.2086956521739,260.3656860387005,0.0434782608695652,1,22,False,normal,0.083659388661431,0.0049915364575133,0.052192247779864,18.40986394557823,NORMAL,False,0.0,False
ACC_01525,10,6,0.6363636363636364,0.0004602222784401,0.0016083230290367,0.0,16008.0,13647.42,31,20,6,10,516.3870967741935,343.8950977860695,0.0,1,31,False,normal,0.0753403660966342,0.0173770019610695,0.0521550204424084,18.367346938775512,NORMAL,False,1.0,True
ACC_00507,8,8,1.0,0.0002426213522911,0.0007770212765957,0.0083333333333333,15109.94,10602.27,32,21,8,8,472.185625,274.0966260156173,0.0,1,32,False,normal,0.0735200943846091,0.0198177228066352,0.0520391457534195,18.32482993197279,NORMAL,False,0.0,False
ACC_01930,6,6,1.0,0.0002085435510577,0.0029770212765957,0.0,10037.95,7449.92,24,18,6,6,418.2479166666667,206.6896587089208,0.0,1,24,False,normal,0.0791419456258613,0.0113512370425593,0.0520256621925405,18.282312925170068,NORMAL,False,0.0,False
ACC_01383,6,6,1.0,0.0001521739707194,0.0011361702127659,0.0151515151515151,11348.62,4760.95,20,10,6,6,567.4309999999999,418.951602868775,0.0,1,20,False,normal,0.0761225445322726,0.0157830257828563,0.0519867370325061,18.239795918367346,NORMAL,False,0.0,False
ACC_00484,6,5,0.8571428571428571,0.0004047677037065,0.000331914893617,0.0181818181818181,12718.65,12683.85,24,19,5,6,529.94375,363.78292318135215,0.0416666666666666,1,24,False,normal,0.0843407567649969,0.0032911511920439,0.0519209145358157,18.197278911564627,NORMAL,False,0.0,False
ACC_01017,6,7,1.1428571428571428,0.0007084917321758,0.0020663829787234,0.0,8543.48,12454.81,19,26,7,6,449.6568421052632,273.88414201086783,0.0,1,19,False,normal,0.0764927825548843,0.0149262634727428,0.0518661749220277,18.154761904761905,NORMAL,False,1.0,True
ACC_01380,7,10,1.375,0.0002806393343954,0.001731914893617,0.0073529411764705,10075.87,4948.0,23,9,10,7,438.08130434782606,325.9071769594464,0.0,1,22,False,normal,0.0753313277510148,0.0164481275663088,0.0517780476771324,18.112244897959183,NORMAL,False,0.0,False
ACC_01302,5,6,1.1666666666666667,0.0004078908491203,0.0006382978723404,0.0181818181818181,9238.7,8707.5,21,13,6,5,439.9380952380953,286.416234397058,0.0,1,21,False,normal,0.0832159732985087,0.0043478760067941,0.0516687343818229,18.06972789115646,NORMAL,False,0.0,False
ACC_00717,4,6,1.4,0.000168127896365,0.0003344680851063,0.0,11019.09,5461.35,20,11,6,4,550.9545,345.779829561118,0.0,1,19,False,normal,0.0809348273377317,0.0077642086107879,0.0516665798469542,18.027210884353742,NORMAL,False,0.0,False
ACC_01604,5,9,1.6666666666666667,0.0002696040888987,0.001527659574468,0.0219780219780219,11014.62,11005.14,22,23,9,5,500.6645454545454,329.5342378732989,0.0,1,21,False,normal,0.0797748055065201,0.0090469661510644,0.0514836697643378,17.98469387755102,NORMAL,False,0.0,False
ACC_01782,11,5,0.5,0.0005461912872269,0.0009829787234042,0.0,12679.35,18371.55,26,35,5,11,487.6673076923077,353.06044441775333,0.0,1,26,False,normal,0.0783439116106227,0.0108994130120678,0.0513661121712007,17.9421768707483,NORMAL,False,0.0,False
ACC_01412,5,6,1.1666666666666667,0.0001634258625639,0.0004323404255319,0.0,9705.54,4695.49,22,11,6,5,441.1609090909091,246.53061111793363,0.0,1,22,False,normal,0.0799533564853514,0.0083910936423696,0.0513284513481586,17.899659863945576,NORMAL,False,0.0,False
ACC_01641,6,6,1.0,0.0004915406024693,0.0011230972583464,0.0151515151515151,13813.53,11114.69,24,23,6,6,575.56375,500.86312734868,0.0,1,24,False,normal,0.0761500175036598,0.0140206638142235,0.0512982760278853,17.857142857142858,NORMAL,False,0.0,False
ACC_01402,11,8,0.75,0.000351783317783,0.0063343708693983,0.0058479532163742,13261.18,10547.65,26,32,8,11,510.0453846153847,287.943724518952,0.0,1,26,False,normal,0.0783546794938643,0.0106404056527919,0.0512689699574353,17.814625850340136,NORMAL,False,0.0,False
ACC_00984,7,9,1.25,0.0005760562526143,0.0008774468085106,0.0,17523.66,11649.21,33,22,9,7,531.02,344.0064687255168,0.0,1,32,False,normal,0.0792407839568079,0.0091253153421726,0.0511945965109538,17.772108843537417,NORMAL,False,0.0,False
ACC_01485,9,8,0.9,0.0006164823782029,0.0011412765957446,0.0,9257.77,16293.94,18,35,8,9,514.3205555555555,406.0574690342449,0.0,1,18,False,normal,0.074234895494433,0.0158891335602712,0.0508965907207683,17.72959183673469,NORMAL,False,1.0,True
ACC_01214,6,8,1.2857142857142858,0.000633241368873,0.0015904148722977,0.0109890109890109,9361.29,13494.08,22,32,8,6,425.51318181818186,236.0504131261223,0.0,1,22,False,normal,0.0740272408317014,0.0158698121838214,0.0507642693725494,17.687074829931973,NORMAL,False,0.0,False
ACC_01361,9,7,0.8,0.0005141161722388,0.0005608510638297,0.0,8668.52,11487.03,17,21,7,9,509.9129411764706,368.9579337262703,0.0,1,17,False,normal,0.0751289727237198,0.0141678782635872,0.0507445349396668,17.64455782312925,NORMAL,False,0.0,False
ACC_01627,11,9,0.8333333333333334,0.0004624225604578,0.0030348936170212,0.0052631578947368,14709.78,19371.57,28,40,9,11,525.3492857142858,313.66639840499295,0.0,1,27,False,normal,0.0773338018793605,0.0108433869719224,0.0507376359163852,17.602040816326532,NORMAL,False,0.0,False
ACC_00274,8,6,0.7777777777777778,0.0006013043679391,0.0003148936170212,0.0219780219780219,11460.15,16543.5,26,32,6,8,440.775,256.30576579156383,0.0,1,26,False,normal,0.079321937622952,0.0074968805786922,0.0505919148052481,17.559523809523807,NORMAL,False,0.0,False
ACC_01632,8,8,1.0,0.0006607502322986,0.0005940425531914,0.025,10573.18,17792.69,23,35,8,8,459.7034782608696,273.32202027859,0.0,1,23,False,normal,0.0775252382550692,0.0099822630859072,0.0505080481874044,17.517006802721088,NORMAL,False,0.0,False
ACC_01830,4,6,1.4,0.0001734700916516,7.404255319148937e-05,0.0,10873.33,4496.99,22,9,6,4,494.24227272727273,288.5133732302265,0.0,1,22,False,normal,0.0799079331879867,0.0063635665788372,0.0504901865443269,17.47448979591837,NORMAL,False,1.0,True
ACC_00118,6,6,1.0,0.0002429429014804,0.0005812765957446,0.0151515151515151,8592.17,4885.17,19,12,6,6,452.2194736842105,333.1278335293072,0.0,1,19,False,normal,0.0790423465757963,0.0072771205470708,0.0503362561643061,17.431972789115648,NORMAL,False,0.0,False
ACC_01806,7,9,1.25,0.0004285289945269,0.0020374468085106,0.0,11544.22,13362.49,24,27,9,7,481.00916666666666,533.8124857868014,0.0,1,24,False,normal,0.0716462427173507,0.0182642528068177,0.0502934467531375,17.389455782312925,NORMAL,False,0.0,False
ACC_00782,11,9,0.8333333333333334,0.0004664865009061,0.0013029787234042,0.0105263157894736,16617.61,13717.64,31,29,9,11,536.051935483871,354.9295010037848,0.0,1,31,False,normal,0.0753242457845539,0.0124759793765229,0.0501849392213415,17.346938775510203,NORMAL,False,0.0,False
ACC_00053,6,10,1.5714285714285714,0.0003681240541502,0.0004118876049972,0.0083333333333333,14010.09,10533.9,30,25,10,6,467.003,308.636613960328,0.0333333333333333,1,28,False,normal,0.076109877358927,0.011078021063009,0.0500971348405598,17.304421768707485,NORMAL,False,0.0,False
ACC_01735,6,8,1.2857142857142858,0.00067879118533,0.0010561702127659,0.0,12130.64,22320.36,23,40,8,6,527.4191304347826,298.8347862632924,0.0,1,23,False,normal,0.0699833516987095,0.0201090137973495,0.0500336165381655,17.261904761904763,NORMAL,False,1.0,True
ACC_00663,7,9,1.25,0.0002570253515024,0.0032161702127659,0.0083333333333333,9413.47,12791.79,21,28,9,7,448.26047619047614,251.10161820418816,0.0,1,20,False,normal,0.0762011762101091,0.0107691690436716,0.0500283733435341,17.21938775510204,NORMAL,False,0.0,False
ACC_01424,8,11,1.3333333333333333,0.0005807666908956,0.0018808510638297,0.0116959064327485,12701.64,12754.11,26,21,11,8,488.52461538461534,419.4829640519936,0.0,1,24,False,normal,0.0742709466721719,0.0136631831486945,0.050027841262781,17.17687074829932,NORMAL,False,0.0,False
ACC_00083,10,9,0.9090909090909092,0.00051399648309,0.000823829787234,0.0058479532163742,9384.28,12103.62,20,28,9,10,469.21400000000006,265.9888044616678,0.0,1,19,False,normal,0.0722474022824276,0.0166825054393211,0.050021443545185,17.1343537414966,NORMAL,False,0.0,False
ACC_00495,5,9,1.6666666666666667,0.0004284457677953,0.0005855319148936,0.0,13925.3,12369.15,29,20,9,5,480.1827586206896,372.4374521685924,0.0344827586206896,1,29,False,normal,0.0794606158324523,0.0058494597614952,0.0500161534040694,17.091836734693878,NORMAL,False,0.0,False
ACC_01734,8,10,1.2222222222222223,0.0003046995017815,0.0025046808510638,0.0196078431372549,12556.6,8498.91,23,21,10,8,545.9391304347827,321.1548877795012,0.0,1,22,False,normal,0.0773358120354209,0.0089966888950652,0.0500001627792786,17.049319727891156,NORMAL,False,0.0,False
ACC_01748,7,8,1.125,0.0006386112609185,0.0003829787234042,0.0095238095238095,12250.29,15450.49,22,35,8,7,556.8313636363636,314.60233897497983,0.0454545454545454,1,22,False,normal,0.0767719946880116,0.0097248892877606,0.0499531525279112,17.006802721088434,NORMAL,False,0.0,False
ACC_00529,7,10,1.375,0.0003570597125138,0.0018044599837973,0.0073529411764705,10964.92,10435.06,25,21,10,7,438.5968,301.25422126669025,0.04,1,25,False,normal,0.0779414359134489,0.0076120946618931,0.0498096994128265,16.964285714285715,NORMAL,False,0.0,False
ACC_01670,7,11,1.5,0.0004125562497789,0.00016,0.0065359477124183,12786.05,14423.7,27,34,11,7,473.5574074074074,303.0308682879149,0.0,1,27,False,normal,0.0681037912270501,0.0217893524915254,0.0495780157328402,16.921768707482993,NORMAL,False,0.0,False
ACC_00807,7,9,1.25,0.0006126600143573,0.0010028567773845,0.0166666666666666,15762.74,15077.51,26,26,9,7,606.2592307692307,436.77016058263945,0.0,1,26,False,normal,0.0779939218872305,0.0067034840703138,0.0494777467604638,16.87925170068027,NORMAL,False,0.0,False
ACC_01797,9,7,0.8,0.0006686801138442,0.0024048096192384,0.0083333333333333,16918.83,11081.1,31,24,7,9,545.7687096774195,384.2022935446199,0.0,1,29,False,normal,0.0766136791997388,0.0087500448409448,0.0494682254562212,16.83673469387755,NORMAL,False,0.0,False
ACC_01344,10,9,0.9090909090909092,0.0003467316628913,0.0022553191489361,0.0116959064327485,14048.08,11842.2,32,23,9,10,439.0025,300.77474786763383,0.0,1,31,False,normal,0.0715933541594849,0.0162391947890518,0.0494516904113117,16.79421768707483,NORMAL,False,1.0,True
ACC_00617,9,8,0.9,0.0006766647764354,0.0010595744680851,0.0,10873.06,20960.66,24,42,8,9,453.0441666666666,241.1449150257032,0.0,1,24,False,normal,0.0725482495135707,0.0147036348822189,0.04941040366103,16.75170068027211,NORMAL,False,0.0,False
ACC_00050,4,6,1.4,0.0002292739098785,0.0008408510638297,0.0,14563.52,6451.8,29,11,6,4,502.1903448275862,362.7798141285738,0.0,1,28,False,normal,0.0756619296824201,0.0099750161634559,0.0493871642748345,16.70918367346939,NORMAL,False,0.0,False
ACC_00461,7,4,0.625,0.0003052773706328,0.0004204152986824,0.0,9873.98,7730.4,23,15,4,7,429.3034782608696,334.51763876049523,0.0,1,23,False,normal,0.0748077442413866,0.0112084034068849,0.0493680079075859,16.666666666666664,NORMAL,False,0.0,False
ACC_00505,8,6,0.7777777777777778,0.0004881496671067,0.00088,0.0109890109890109,17075.56,11083.84,32,20,6,8,533.61125,381.3981577653125,0.0,1,31,False,normal,0.0746708207655708,0.0110104660640867,0.0492066788849771,16.624149659863946,NORMAL,False,0.0,False
ACC_00927,4,7,1.6,0.0003125930299326,0.0002510638297872,0.0181818181818181,12309.16,10016.8,26,18,7,4,473.42923076923074,317.7113690622113,0.0,1,26,False,normal,0.0786890384274196,0.0049326400501531,0.049186479076513,16.581632653061224,NORMAL,False,0.0,False
ACC_01128,5,6,1.1666666666666667,0.0006135924148004,0.0004765957446808,0.0,11144.46,5866.43,20,11,6,5,557.223,346.0868726520918,0.0,1,20,False,normal,0.0716345488941837,0.015455780429044,0.0491630415081278,16.539115646258505,NORMAL,False,0.0,False
ACC_00439,7,6,0.875,0.0003091164847727,0.0018257792180104,0.0,12260.86,5919.87,26,15,6,7,471.57153846153847,246.21826724582897,0.0384615384615384,1,25,False,normal,0.0755006505740568,0.0096344482537936,0.0491541696459515,16.49659863945578,NORMAL,False,1.0,True
ACC_01502,8,9,1.1111111111111112,0.0002976798647602,0.0024093617021276,0.0073529411764705,11741.39,7430.38,28,15,9,8,419.3353571428571,256.32281408096753,0.0,1,28,False,normal,0.0732386026588571,0.0129173086052892,0.0491100850374299,16.45408163265306,NORMAL,False,0.0,False
ACC_01153,7,4,0.625,0.0003587613440041,0.0003770212765957,0.0,9683.85,7974.05,20,19,4,7,484.1925,366.90815945188297,0.0,1,20,False,normal,0.0745709766717725,0.0105256350326388,0.048952840016119,16.41156462585034,NORMAL,False,1.0,True
ACC_01501,7,5,0.75,0.0007169521080766,0.0005140425531914,0.0,12829.17,17524.37,28,35,5,7,458.1846428571429,324.447613079833,0.0,1,28,False,normal,0.0718554550287796,0.0137776356296519,0.0486243272691285,16.36904761904762,NORMAL,False,0.0,False
ACC_01020,7,8,1.125,0.0002144697483708,0.0010927659574468,0.0,16553.82,8795.25,28,18,8,7,591.2078571428572,474.2694904904309,0.0,1,28,False,normal,0.0732141918377928,0.0117102032932928,0.0486125964199928,16.3265306122449,NORMAL,False,0.0,False
ACC_01804,8,10,1.2222222222222223,0.0003739159781514,0.0037480851063829,0.0065359477124183,15803.5,10812.04,29,24,10,8,544.948275862069,428.8021809568484,0.0,1,29,False,normal,0.0786012859937822,0.0036087389280233,0.0486042671674787,16.284013605442176,NORMAL,False,0.0,False
ACC_00885,5,7,1.3333333333333333,0.0004530298749168,0.0006736878011341,0.0151515151515151,11435.12,12977.52,24,28,7,5,476.46333333333337,401.0064960730108,0.0416666666666666,1,23,False,normal,0.0762116617317268,0.0065933872363647,0.0483643519335819,16.241496598639458,NORMAL,False,0.0,False
ACC_01738,8,5,0.6666666666666666,0.000311574213135,0.0023182978723404,0.0128205128205128,11060.41,6683.14,22,12,5,8,502.7459090909091,327.1646962654552,0.0,1,22,False,normal,0.071942804930342,0.0129181228951761,0.0483329321162756,16.198979591836736,NORMAL,False,0.0,False
ACC_00614,10,7,0.7272727272727273,0.0005017584591199,0.0026629787234042,0.0073529411764705,14440.3,11604.87,30,26,7,10,481.3433333333333,227.5064505539968,0.0,1,28,False,normal,0.0701172893858311,0.0154845860864967,0.0482642080660973,16.156462585034014,NORMAL,False,1.0,True
ACC_01759,8,9,1.1111111111111112,0.0004074884612869,0.004983829787234,0.0,11035.29,10198.24,27,22,9,8,408.7144444444444,258.3774491132235,0.0,1,27,False,normal,0.0780028103126549,0.0036061168670656,0.0482441329344191,16.11394557823129,NORMAL,False,0.0,False
ACC_01086,6,7,1.1428571428571428,0.0004214289494931,1.7872340425531915e-05,0.0,13639.36,11799.1,30,23,7,6,454.6453333333333,241.53749238109413,0.0,1,30,False,normal,0.0718858999284295,0.0126468242532506,0.048190269658358,16.071428571428573,NORMAL,False,1.0,True
ACC_00823,9,5,0.6,0.0005221689570762,0.002087659574468,0.0109890109890109,9162.58,15028.94,22,28,5,9,416.4809090909091,301.2564093909608,0.0,1,22,False,normal,0.0771078782271404,0.0048116071643676,0.0481893698020313,16.02891156462585,NORMAL,False,0.0,False
ACC_01121,7,5,0.75,0.0005379376328119,0.0004161702127659,0.0151515151515151,10781.84,17971.86,23,34,5,7,468.775652173913,258.4283365553836,0.0,1,23,False,normal,0.0745803972079205,0.0085141884941943,0.04815391372243,15.98639455782313,NORMAL,False,0.0,False
ACC_01678,9,7,0.8,0.0003564200255452,0.0019140425531914,0.025,12501.79,10612.05,27,26,7,9,463.0292592592592,278.5764688958978,0.0,1,27,False,normal,0.0745320064985486,0.0083396028188498,0.0480550450266691,15.943877551020408,NORMAL,False,0.0,False
ACC_01000,7,9,1.25,0.0003318959962723,0.0021029292627808,0.0166666666666666,9411.26,10182.05,20,23,9,7,470.563,260.3807557991303,0.0,1,20,False,normal,0.0741427948592289,0.0088481381947135,0.0480249321934228,15.901360544217688,NORMAL,False,0.0,False
ACC_00948,5,7,1.3333333333333333,0.000180484456684,0.0003702127659574,0.0,10779.32,6692.2300000000005,23,18,7,5,468.6660869565217,389.4587911067816,0.0434782608695652,1,22,False,normal,0.0760022991368755,0.0060546099034926,0.0480232234435224,15.858843537414966,NORMAL,False,0.0,False
ACC_01042,7,9,1.25,0.0004000902000174,0.0022504583635355,0.0083333333333333,13821.73,7838.6,30,10,9,7,460.7243333333333,249.22076637174425,0.0,1,29,False,normal,0.0678809404679137,0.0180078525380596,0.0479317052959721,15.816326530612246,NORMAL,False,0.0,False
ACC_00524,8,6,0.7777777777777778,0.0005850382697497,0.0025659574468085,0.0,8913.18,12004.06,18,21,6,8,495.1766666666667,383.625607131561,0.0,1,18,False,normal,0.0714539511583734,0.0125290896490805,0.0478840065546563,15.773809523809524,NORMAL,False,0.0,False
ACC_01062,6,10,1.5714285714285714,0.0004698927771348,0.0003632797509913,0.0166666666666666,13843.53,16020.31,27,28,10,6,512.7233333333334,402.9570850885698,0.0,1,26,False,normal,0.0727360781188546,0.0105556738623205,0.047863916416241,15.731292517006803,NORMAL,False,0.0,False
ACC_00500,6,9,1.4285714285714286,0.0002153495168665,0.0010028567773845,0.0095238095238095,12817.81,3849.57,25,8,9,6,512.7124,263.73651379865225,0.0,1,25,False,normal,0.0699680274302165,0.0146002500664701,0.0478209164847179,15.68877551020408,NORMAL,False,0.0,False
ACC_01179,7,9,1.25,0.0005472969173015,0.0016134396452479,0.0,14043.04,15051.29,28,34,9,7,501.5371428571429,295.6780866622942,0.0357142857142857,1,28,False,normal,0.0738728091630646,0.0085370719494308,0.0477385142776111,15.64625850340136,NORMAL,False,0.0,False
ACC_00339,9,5,0.6,0.0006184811995173,4.519677653178698e-05,0.0,11927.92,17128.64,26,37,5,9,458.7661538461538,273.82404867472,0.0,1,26,False,normal,0.0727599769297646,0.0099975354339238,0.0476550003314283,15.60374149659864,NORMAL,False,0.0,False
ACC_00173,10,7,0.7272727272727273,0.0007309494493286,0.0010417021276595,0.0,10259.33,19333.84,21,41,7,10,488.5395238095238,299.09916433310525,0.0,1,21,False,normal,0.0725341870598767,0.0098295273383539,0.0474523231712676,15.56122448979592,NORMAL,False,0.0,False
ACC_01011,8,9,1.1111111111111112,0.000270482686831,0.001555744680851,0.0147058823529411,15123.7,6001.57,26,18,9,8,581.6807692307692,444.8969603575469,0.0,1,25,False,normal,0.0719768891456804,0.0106381892787583,0.0474414091989116,15.518707482993197,NORMAL,False,0.0,False
ACC_00591,9,6,0.7,0.0006298175198697,0.0018274847567475,0.0,13269.06,12034.96,23,23,6,9,576.915652173913,475.1666503049802,0.0,1,23,False,normal,0.0684584969799665,0.0159047272064919,0.0474369890705767,15.476190476190476,NORMAL,False,0.0,False
ACC_01904,5,9,1.6666666666666667,0.000252738885041,0.0016228201083017,0.0109890109890109,9797.44,5688.54,21,11,9,5,466.5447619047619,304.6168056693367,0.0,1,21,False,normal,0.0726788715764846,0.0091560076438398,0.0472697260034266,15.433673469387754,NORMAL,False,0.0,False
ACC_01559,8,7,0.8888888888888888,0.0004078364521065,0.0003242553191489,0.0,9588.06,11876.46,17,27,7,8,564.0035294117647,299.6735670888654,0.0,1,17,False,normal,0.0716173718065444,0.0100869486486867,0.0470052025434013,15.391156462585034,NORMAL,False,0.0,False
ACC_01523,9,5,0.6,0.0005027808241939,2.638297872340425e-05,0.0,12115.26,16965.579999999998,22,27,5,9,550.6936363636364,268.5472915972948,0.0,1,22,False,normal,0.0748993528099452,0.0050751899943009,0.0469696876836875,15.348639455782312,NORMAL,False,0.0,False
ACC_01630,7,6,0.875,0.0002774107067408,0.0010830170980258,0.0,16682.57,11328.6,29,27,6,7,575.2610344827586,469.2709249413608,0.0,1,29,False,normal,0.0687182295495288,0.0137650056845934,0.0467369400035547,15.306122448979592,NORMAL,False,1.0,True
ACC_01762,10,7,0.7272727272727273,0.0007851093456708,0.0006459574468085,0.0220588235294117,13013.55,17218.28,26,31,7,10,500.5211538461538,339.93643767418547,0.0,1,24,False,normal,0.0747132857281792,0.0046021198651026,0.0466688193829486,15.26360544217687,NORMAL,False,0.0,False
ACC_01971,6,5,0.8571428571428571,0.0003390202358673,0.0003259574468085,0.0,12715.65,7899.5,27,14,5,6,470.95,346.0648958037962,0.037037037037037,1,26,False,normal,0.0724364644937586,0.0077819158921362,0.0465746450531096,15.22108843537415,NORMAL,False,0.0,False
ACC_00712,11,6,0.5833333333333334,0.0006286732269869,0.0005268085106382,0.0073529411764705,10726.01,16998.62,21,34,6,11,510.76238095238097,325.65330922477614,0.0,1,21,False,normal,0.0726894228541245,0.0073576813288037,0.0465567262439962,15.178571428571429,NORMAL,False,0.0,False
ACC_00204,11,7,0.6666666666666666,0.0005813847531112,9.892124674881678e-05,0.0065359477124183,13821.74,14515.49,29,27,7,11,476.6117241379311,296.31759931664254,0.0,1,29,False,normal,0.0688614264659742,0.0128200459000924,0.0464448742396215,15.136054421768709,NORMAL,False,0.0,False
ACC_01933,9,9,1.0,0.000409887871863,0.0025361702127659,0.0065359477124183,11441.75,12058.13,22,20,9,9,520.0795454545455,330.39289235519453,0.0454545454545454,1,22,False,normal,0.0731601839341297,0.0062686634193426,0.0464035757282148,15.093537414965985,NORMAL,False,1.0,True
ACC_01468,6,8,1.2857142857142858,0.0003821101332057,0.001091544791711,0.0,9336.06,9375.27,23,16,8,6,405.915652173913,273.76027102070174,0.0434782608695652,1,23,False,normal,0.0739792661797915,0.0049620529730291,0.0463723808970865,15.051020408163266,NORMAL,False,0.0,False
ACC_00776,10,5,0.5454545454545454,0.0004983077851005,0.0009046808510638,0.0,13998.94,15698.09,25,33,5,10,559.9576000000001,376.6645603548777,0.0,1,25,False,normal,0.0705647911667065,0.0098132069066463,0.0462641574626824,15.008503401360542,NORMAL,False,0.0,False
ACC_01107,8,8,1.0,0.000653699212717,0.0007327659574468,0.0083333333333333,11634.35,13752.99,27,25,8,8,430.9018518518519,270.45133034411253,0.037037037037037,1,27,False,normal,0.0717099284833718,0.0078101297971159,0.0461500090088694,14.965986394557824,NORMAL,False,0.0,False
ACC_00071,6,10,1.5714285714285714,0.0003987253571052,0.0019727659574468,0.0166666666666666,15504.81,9424.3,28,21,10,6,553.7432142857143,344.0721534262251,0.0,1,28,False,normal,0.0728774731094334,0.005711644852024,0.0460111418064696,14.923469387755103,NORMAL,False,1.0,True
ACC_00511,7,6,0.875,0.0006416109180242,0.0001948936170212,0.0,14683.44,17137.32,26,30,6,7,564.7476923076922,389.4655465563822,0.0384615384615384,1,26,False,normal,0.0739800161327542,0.0040494280969539,0.0460077809184341,14.88095238095238,NORMAL,False,0.0,False
ACC_00694,8,10,1.2222222222222223,0.0005288375238205,0.0013370212765957,0.0065359477124183,14399.43,12703.23,24,32,10,8,599.97625,433.92314127907497,0.0,1,24,False,normal,0.0696528519826288,0.0101900752072741,0.0458677412724869,14.83843537414966,NORMAL,False,0.0,False
ACC_00343,11,8,0.75,0.0005416798166754,0.0016492559587259,0.0116959064327485,13919.69,19031.96,26,39,8,11,535.3726923076923,429.976091089332,0.0,1,25,False,normal,0.0704441212015481,0.0089419048291185,0.0458432346525762,14.79591836734694,NORMAL,False,0.0,False
ACC_00561,5,8,1.5,0.0003996685942799,0.0002740425531914,0.0128205128205128,9316.61,10670.64,20,19,8,5,465.8305,266.0966091572758,0.0,1,20,False,normal,0.0705748754958,0.0084220913063893,0.0457137618200357,14.75340136054422,NORMAL,False,0.0,False
ACC_00701,5,5,1.0,0.0002509365858103,0.0006468085106382,0.0,11149.69,10478.26,20,25,5,5,557.4845,390.1390275607564,0.0,1,20,False,normal,0.067974946086065,0.0119769806685669,0.0455757599190658,14.710884353741497,NORMAL,False,0.0,False
ACC_01546,8,9,1.1111111111111112,0.0003605642715248,0.0021463829787234,0.0147058823529411,12978.6,9331.0,29,16,9,8,447.5379310344828,281.6372271124088,0.0344827586206896,1,28,False,normal,0.0687333723542687,0.010630047717373,0.0454920424995104,14.668367346938776,NORMAL,False,0.0,False
ACC_01075,7,10,1.375,0.0003520733997526,0.0008067198226239,0.0,14357.53,10892.74,32,25,10,7,448.6728125,391.5688023771308,0.0,1,32,False,normal,0.0712321798274182,0.0068632244312853,0.0454845976689651,14.625850340136054,NORMAL,False,0.0,False
ACC_00096,6,8,1.2857142857142858,0.0002690238707915,0.0017702127659574,0.0109890109890109,15617.6,12185.86,32,18,8,6,488.05,285.31623588233555,0.0,1,32,False,normal,0.0655807555559085,0.0151851598492794,0.0454225172732569,14.583333333333334,NORMAL,False,0.0,False
ACC_00599,6,7,1.1428571428571428,0.0003350130024722,0.0006984181128213,0.0,7717.49,6461.070000000001,20,12,7,6,385.8745,345.0843097361174,0.0,1,20,False,normal,0.0706880001451707,0.0075080780017749,0.0454160312878124,14.540816326530612,NORMAL,False,0.0,False
ACC_00117,7,10,1.375,0.0005086498599606,0.0006680851063829,0.0073529411764705,15038.24,11331.55,32,22,10,7,469.945,300.4078147473703,0.0,1,31,False,normal,0.0658575056787362,0.0135926153132413,0.0449515495325382,14.498299319727892,NORMAL,False,0.0,False
ACC_01496,6,6,1.0,0.0003706093706882,0.0045659574468085,0.0,10090.35,10059.03,20,22,6,6,504.5175,291.19462729780105,0.0,1,19,False,normal,0.0691410674861169,0.0086030850928691,0.0449258745288178,14.45578231292517,NORMAL,False,0.0,False
ACC_01638,11,7,0.6666666666666666,0.0007655495392,0.0026834042553191,0.0,12144.0,18115.62,24,35,7,11,506.0,286.8404258544249,0.0,1,24,False,normal,0.070082650112242,0.0060827771407545,0.044482700923647,14.41326530612245,NORMAL,False,0.0,False
ACC_01667,9,9,1.0,0.000657325297053,0.0002927659574468,0.0065359477124183,10989.8,19585.93,21,39,9,9,523.3238095238095,339.5859485090069,0.0,1,21,False,normal,0.0647839100934401,0.0139800415190423,0.044462362663681,14.370748299319729,NORMAL,False,0.0,False
ACC_00900,6,10,1.5714285714285714,0.0004165902347207,0.0005012765957446,0.0083333333333333,12724.98,16761.1,28,25,10,6,454.4635714285714,274.7184392443408,0.0,1,27,False,normal,0.0640168329911887,0.0149610543554471,0.0443945215368921,14.328231292517009,NORMAL,False,0.0,False
ACC_00228,7,10,1.375,0.0007125446371741,0.0002421865006608,0.0073529411764705,14426.86,19194.9,27,28,10,7,534.3281481481482,349.6953138864332,0.0,1,27,False,normal,0.0650845369646268,0.0133238965570882,0.0443802808016113,14.285714285714285,NORMAL,False,0.0,False
ACC_00389,7,9,1.25,0.0002355916330787,0.0025293617021276,0.0083333333333333,14941.56,4675.97,30,14,9,7,498.052,313.38259342986424,0.0,1,30,False,normal,0.0675741661819467,0.0095625837456726,0.044369533207437,14.243197278911564,NORMAL,False,0.0,False
ACC_00124,6,7,1.1428571428571428,0.0001975989573914,0.000915744680851,0.0128205128205128,11679.25,3736.1,24,10,7,6,486.6354166666667,243.08396988944,0.0,1,23,False,normal,0.0666611773358806,0.0102918864171548,0.0441134609683903,14.200680272108842,NORMAL,False,0.0,False
ACC_00840,6,9,1.4285714285714286,0.000232253639292,0.0011472340425531,0.0,14863.23,8088.05,31,11,9,6,479.4590322580645,311.78217191232346,0.0,1,31,False,normal,0.0639597052916859,0.0142822801499467,0.0440887352349902,14.158163265306122,NORMAL,False,0.0,False
ACC_01413,10,8,0.8181818181818182,0.000318001677928,0.0046502127659574,0.0130718954248366,12068.71,8726.34,22,22,8,10,548.5777272727272,303.1542421328789,0.0,1,22,False,normal,0.0686089922982659,0.007146433469059,0.0440239687665831,14.1156462585034,NORMAL,False,0.0,False
ACC_00703,10,8,0.8181818181818182,0.0005059254323539,0.0013089361702127,0.0,15554.1,12096.73,30,25,8,10,518.47,394.9955513062446,0.0333333333333333,1,28,False,normal,0.0695904527054783,0.0056439785630484,0.0440118630485063,14.07312925170068,NORMAL,False,0.0,False
ACC_01119,8,8,1.0,0.0006330928823142,0.0013668085106382,0.0,10158.28,15471.86,23,36,8,8,441.664347826087,471.6387789575841,0.0,1,23,False,normal,0.0646190022768613,0.0129936845589582,0.0439688751897001,14.030612244897958,NORMAL,False,0.0,False
ACC_01269,8,9,1.1111111111111112,0.0004097578253286,0.0016194090308276,0.0073529411764705,11736.15,10376.25,20,20,9,8,586.8075,478.4084101297705,0.0,1,19,False,normal,0.0591958199938747,0.0209386109948698,0.0438929363942728,13.98809523809524,NORMAL,False,0.0,False
ACC_00779,5,6,1.1666666666666667,0.0003337803314596,1.872340425531915e-05,0.0,11236.35,9231.62,25,22,6,5,449.454,343.18300801710257,0.04,1,25,False,normal,0.0718949723183907,0.00187894928858,0.0438885631064664,13.945578231292515,NORMAL,False,0.0,False
ACC_00651,11,6,0.5833333333333334,0.0005799926218031,0.00056,0.0,11631.15,17759.95,24,32,6,11,484.63125,349.59581652696045,0.0,1,21,False,normal,0.0682392641455894,0.0072766480929862,0.0438542177245481,13.903061224489797,NORMAL,False,0.0,False
ACC_01829,7,5,0.75,0.0004732241141915,0.0001165957446808,0.0,9227.58,13011.41,19,21,5,7,485.6621052631579,248.99104101640432,0.0,1,19,False,normal,0.0698042014174698,0.0047702491095284,0.0437906204942932,13.860544217687073,NORMAL,False,0.0,False
ACC_00257,6,8,1.2857142857142858,0.0008025186585362,0.002087659574468,0.0,10475.92,16191.62,22,31,8,6,476.1781818181818,320.64220441744664,0.0,1,22,False,normal,0.0596134645972753,0.019627680605971,0.0436191510007536,13.818027210884354,NORMAL,False,0.0,False
ACC_00586,5,8,1.5,0.0002513216962028,0.0008988189144245,0.0,9867.75,4668.27,23,7,8,5,429.0326086956522,302.5700271194541,0.0,1,22,False,normal,0.0663900922834202,0.0092665527859649,0.0435406764844381,13.77551020408163,NORMAL,False,0.0,False
ACC_00271,5,6,1.1666666666666667,0.000218731693875,0.000263829787234,0.0,9693.04,6482.56,23,14,6,5,421.43652173913046,250.77139398642987,0.0,1,23,False,normal,0.0682381207755702,0.0063379680554387,0.0434780596875176,13.732993197278912,NORMAL,False,0.0,False
ACC_01887,9,8,0.9,0.0007812062353926,0.0003735129834136,0.0,15388.71,18811.1,29,41,8,9,530.645172413793,392.9902357712929,0.0,1,29,False,normal,0.066995119626649,0.008164973185668,0.0434630610502566,13.690476190476192,NORMAL,False,0.0,False
ACC_00713,4,6,1.4,0.0003741026098802,0.0002697872340425,0.0,9610.02,8793.06,21,14,6,4,457.62,345.816667628962,0.0,1,21,False,normal,0.0684578605175494,0.0058933016568013,0.0434320369732502,13.64795918367347,NORMAL,False,0.0,False
ACC_01536,6,8,1.2857142857142858,0.0001743666750042,0.0009497872340425,0.0,12806.05,4197.53,27,9,8,6,474.2981481481481,247.92125494626524,0.0,1,26,False,normal,0.0627141671162074,0.0144407241996459,0.0434047899495828,13.60544217687075,NORMAL,False,0.0,False
ACC_00398,10,8,0.8181818181818182,0.000351929564029,0.0037140425531914,0.0065359477124183,14324.04,8993.01,27,26,8,10,530.52,448.0744630424381,0.0,1,27,False,normal,0.0652385839937222,0.0106307745909999,0.0433954602326333,13.562925170068027,NORMAL,False,0.0,False
ACC_00358,10,8,0.8181818181818182,0.0004967968520354,0.0008893617021276,0.0147058823529411,11097.76,15857.99,19,30,8,10,584.0926315789474,374.5315619372211,0.0,1,19,False,normal,0.0644283854130003,0.0114804208149,0.0432491995737602,13.520408163265309,NORMAL,False,0.0,False
ACC_00401,9,11,1.2,0.0004834213425783,0.0006723404255319,0.0,16133.66,10718.86,29,28,11,9,556.3331034482759,361.7779112255735,0.0,1,29,False,normal,0.0641729921605704,0.0117633053948686,0.0432091174542897,13.477891156462585,NORMAL,False,0.0,False
ACC_01443,6,6,1.0,0.0003989214797968,6.553191489361702e-05,0.0,13419.62,12963.94,29,26,6,6,462.7455172413793,392.844727110436,0.0344827586206896,1,29,False,normal,0.0691620489506881,0.00425385231526,0.0431987702965169,13.435374149659864,NORMAL,False,0.0,False
ACC_00995,10,7,0.7272727272727273,0.0003504498321516,0.0015889361702127,0.0147058823529411,13523.57,13700.51,26,30,7,10,520.1373076923077,274.53822009414563,0.0384615384615384,1,25,False,normal,0.0641832951531639,0.0116533716563699,0.0431713257544463,13.392857142857142,NORMAL,False,0.0,False
ACC_00794,5,8,1.5,0.0002010084540525,0.0018144680851063,0.0128205128205128,11370.81,3206.81,23,8,8,5,494.3830434782608,388.3556093024534,0.0,1,23,False,normal,0.0660430918403597,0.0083641844706271,0.0429715288924666,13.350340136054422,NORMAL,False,0.0,False
ACC_00346,7,9,1.25,0.0003620750057768,0.0014646808510638,0.0166666666666666,13288.77,10115.97,24,15,9,7,553.69875,405.479096296162,0.0416666666666666,1,24,False,normal,0.0663767674132969,0.0076711885429169,0.0428945358651449,13.3078231292517,NORMAL,False,0.0,False
ACC_00455,7,8,1.125,0.0007782653569999,0.0016485106382978,0.0095238095238095,11181.76,9458.3,26,21,8,7,430.0676923076923,313.3521067337214,0.0,1,25,False,normal,0.0622371924867657,0.0136485744570472,0.0428017452748783,13.26530612244898,NORMAL,False,0.0,False
ACC_01868,8,6,0.7777777777777778,0.0004670869538387,0.0018408510638297,0.0109890109890109,16738.58,12969.76,30,26,6,8,557.9526666666667,423.9291102249194,0.0,1,30,False,normal,0.065263628862479,0.008964373406161,0.0427439266799518,13.222789115646258,NORMAL,False,0.0,False
ACC_01905,8,8,1.0,0.0006116868503313,0.0002272340425531,0.0,11893.73,19275.38,26,33,8,8,457.4511538461538,340.31746175977423,0.0384615384615384,1,26,False,normal,0.0694692226699353,0.0025259462459972,0.04269191210036,13.18027210884354,NORMAL,False,0.0,False
ACC_01225,7,6,0.875,0.0003492599610438,7.148936170212766e-05,0.0128205128205128,11980.12,12203.39,22,24,6,7,544.5509090909092,220.9826832454803,0.0,1,21,False,normal,0.0663047923993708,0.007051777922114,0.0426035866084681,13.137755102040815,NORMAL,False,0.0,False
ACC_00689,5,7,1.3333333333333333,0.0002706189814583,0.0001242553191489,0.0,12523.64,5714.41,24,9,7,5,521.8183333333333,384.66842657774384,0.0416666666666666,1,24,False,normal,0.0662168449503069,0.0069962984088396,0.04252862633372,13.095238095238097,NORMAL,False,0.0,False
ACC_01802,8,6,0.7777777777777778,0.0003275509509792,0.001171914893617,0.0219780219780219,13181.34,9447.96,25,19,6,8,527.2536,323.1199875288848,0.04,1,25,False,normal,0.0669986155837218,0.0053684651798907,0.0423465554221894,13.052721088435373,NORMAL,False,0.0,False
ACC_00596,8,8,1.0,0.0005436231553712,0.0037051063829787,0.0166666666666666,11734.42,17587.71,22,31,8,8,533.3827272727273,286.4769676802228,0.0,1,22,False,normal,0.0685879963962703,0.0029417500633947,0.0423294978631201,13.010204081632654,NORMAL,False,0.0,False
ACC_01171,10,8,0.8181818181818182,0.0005201794314663,0.0063736170212765,0.0065359477124183,12497.75,16515.57,25,31,8,10,499.91,399.8244246541224,0.0,1,25,False,normal,0.0663659556305419,0.0058996788517022,0.0421794449190061,12.96768707482993,NORMAL,False,0.0,False
ACC_00348,10,6,0.6363636363636364,0.0003555795425565,0.0015878565641922,0.0083333333333333,10782.51,10491.17,19,23,6,10,567.5005263157894,308.5772277274035,0.0,1,19,False,normal,0.0617266104476676,0.0127675249955195,0.0421429762668084,12.925170068027212,NORMAL,False,0.0,False
ACC_00201,8,5,0.6666666666666666,0.0004432032457601,0.0007875325118321,0.0,11427.62,8414.74,24,22,5,8,476.15083333333337,355.6115352205044,0.0416666666666666,1,23,False,normal,0.0662809772536135,0.0058327132773405,0.0421016716631043,12.882653061224488,NORMAL,False,0.0,False
ACC_00956,12,8,0.6923076923076923,0.0004939928026289,0.0014195744680851,0.0052631578947368,12644.6,15862.48,27,31,8,12,468.31851851851854,365.7741866518163,0.0,1,26,False,normal,0.0626641558577733,0.0111982188171376,0.042077781041519,12.84013605442177,NORMAL,False,0.0,False
ACC_01070,10,8,0.8181818181818182,0.0007508544171911,0.0003131914893617,0.0196078431372549,11531.17,17284.16,23,30,8,10,501.35521739130434,364.13853714647934,0.0,1,23,False,normal,0.0655876693789136,0.0061688176288976,0.0418201286789072,12.797619047619047,NORMAL,False,0.0,False
ACC_00441,9,7,0.8,0.0003819225518219,0.0027685106382978,0.0083333333333333,14391.56,11019.51,25,22,7,9,575.6623999999999,484.7183852272712,0.0,1,25,False,normal,0.0601042776983123,0.0143546791064714,0.041804438261576,12.755102040816327,NORMAL,False,0.0,False
ACC_01396,5,8,1.5,0.0003822180925343,0.0002944680851063,0.0,16954.86,6346.42,29,14,8,5,584.6503448275862,384.53253372933926,0.0,1,29,False,normal,0.0665596060176317,0.0045004260056415,0.0417359340128357,12.712585034013603,NORMAL,False,0.0,False
ACC_01158,11,7,0.6666666666666666,0.000583699154796,0.0010028567773845,0.0065359477124183,9567.02,17726.07,21,33,7,11,455.57238095238097,373.1314559495723,0.0,1,21,False,normal,0.0642792288413841,0.0077632357873892,0.0416728316197862,12.670068027210885,NORMAL,False,0.0,False
ACC_00833,11,7,0.6666666666666666,0.0005696676575344,0.0006,0.0130718954248366,12382.04,12316.19,26,27,7,11,476.2323076923077,290.80708002808586,0.0,1,26,False,normal,0.0623352273949517,0.0105692979590838,0.0416288556206046,12.627551020408164,NORMAL,False,0.0,False
ACC_00080,7,10,1.375,0.000466388673986,0.001731914893617,0.0,14321.96,10421.24,29,21,10,7,493.8606896551725,325.5777069405248,0.0344827586206896,1,29,False,normal,0.0652408332056517,0.0058862823171683,0.0414990128502583,12.585034013605442,NORMAL,False,0.0,False
ACC_00099,7,7,1.0,0.0003618534521636,0.0003753191489361,0.0109890109890109,8156.32,7630.35,21,17,7,7,388.3961904761904,258.63953209971964,0.0,1,21,False,normal,0.0649065147447988,0.0062757623547892,0.0414542137887949,12.54251700680272,NORMAL,False,0.0,False
ACC_01880,7,8,1.125,0.0002195831017538,0.0022689361702127,0.0,13374.42,7105.78,29,19,8,7,461.18689655172415,380.0216906601089,0.0344827586206896,1,28,False,normal,0.0656080600391492,0.0052057660256683,0.0414471424337568,12.5,NORMAL,False,0.0,False
ACC_01152,5,10,1.8333333333333333,0.0003120474589132,0.0028774468085106,0.0,13423.46,12061.11,24,20,10,5,559.3108333333333,372.8971634427154,0.0,1,24,False,normal,0.0638101820946641,0.0077785594009489,0.041397533017178,12.45748299319728,NORMAL,False,0.0,False
ACC_00469,9,6,0.7,0.0003982136678738,0.0012808510638297,0.0,9345.27,9360.4,21,17,6,9,445.0128571428572,244.6239590093917,0.0,1,21,False,normal,0.0616049476097611,0.0109937525637716,0.0413604695913653,12.414965986394558,NORMAL,False,0.0,False
ACC_00952,8,10,1.2222222222222223,0.0004020277390369,0.0014434042553191,0.0196078431372549,14089.27,12551.19,29,30,10,8,485.8368965517242,329.8727856863206,0.0,1,29,False,normal,0.0625505523737009,0.0094571733636562,0.041313200769683,12.372448979591836,NORMAL,False,0.0,False
ACC_01754,6,10,1.5714285714285714,0.0002619577972091,0.0010646808510638,0.0166666666666666,11750.53,8336.98,25,17,10,6,470.0212,356.19161567570154,0.0,1,25,False,normal,0.0623889451321513,0.009684045318485,0.0413069852066848,12.329931972789115,NORMAL,False,0.0,False
ACC_01089,6,9,1.4285714285714286,0.0002215108961439,0.0041188760499722,0.0,13009.01,7225.17,28,14,9,6,464.6075,346.18868314542425,0.0,1,28,False,normal,0.0652788857577839,0.0051093609153409,0.0412110758208067,12.287414965986397,NORMAL,False,0.0,False
ACC_00317,7,6,0.875,0.000169499371048,0.0004995744680851,0.0128205128205128,13408.23,3574.91,27,12,6,7,496.6011111111111,314.63197324362875,0.0,1,26,False,normal,0.0599524567784736,0.0129964654159337,0.0411700602334577,12.244897959183673,NORMAL,False,0.0,False
ACC_00854,5,5,1.0,0.0002328102004779,0.0003787234042553,0.0,13023.66,11686.87,27,17,5,5,482.35777777777776,301.6292865337711,0.0,1,26,False,normal,0.0621496834357411,0.0094966640357357,0.0410884756757389,12.202380952380953,NORMAL,False,0.0,False
ACC_01422,9,5,0.6,0.0004869853846496,0.0001634042553191,0.0109890109890109,13537.53,14404.8,24,24,5,9,564.06375,283.2664434432329,0.0,1,23,False,normal,0.0645779896821975,0.0058510913458919,0.0410872303476752,12.15986394557823,NORMAL,False,1.0,True
ACC_01860,10,7,0.7272727272727273,0.0005740093366603,0.0013565957446808,0.0,14592.57,14075.84,28,28,7,10,521.1632142857143,344.0959218552784,0.0357142857142857,1,27,False,normal,0.0659123312899197,0.0037883958026313,0.0410627570950043,12.11734693877551,NORMAL,False,0.0,False
ACC_00753,5,5,1.0,0.0001867489100753,0.0005923404255319,0.0,13923.3,5354.75,25,10,5,5,556.932,365.19279953653705,0.0,1,25,False,normal,0.0611585823676515,0.0108542468247878,0.041036848150506,12.074829931972788,NORMAL,False,0.0,False
ACC_00850,5,7,1.3333333333333333,0.0002557513322663,0.0015591489361702,0.0151515151515151,14800.17,6214.19,24,16,7,5,616.67375,400.5946439092818,0.0,1,24,False,normal,0.0655702825604426,0.0039643451833297,0.0409279076095974,12.032312925170068,NORMAL,False,0.0,False
ACC_00365,5,9,1.6666666666666667,0.0003739873149764,1.7021276595744682e-06,0.0109890109890109,10743.27,12986.53,23,29,9,5,467.09869565217394,271.56787897996315,0.0,1,23,False,normal,0.05806501723939,0.0151473584181748,0.0408979537109039,11.989795918367346,NORMAL,False,0.0,False
ACC_01145,11,7,0.6666666666666666,0.0007307658610916,0.002195744680851,0.0065359477124183,11873.29,21027.63,24,39,7,11,494.7204166666667,363.7885171536649,0.0,1,23,False,normal,0.0647924221155756,0.0048174884653995,0.0408024486555051,11.947278911564624,NORMAL,False,0.0,False
ACC_01341,10,8,0.8181818181818182,0.0005448368521775,0.0007421276595744,0.0,12985.54,15769.62,24,32,8,10,541.0641666666667,273.5028462758925,0.0416666666666666,1,24,False,normal,0.063205186697517,0.0071522568299298,0.0407840147504822,11.904761904761903,NORMAL,False,0.0,False
ACC_01954,8,9,1.1111111111111112,0.0004790108498346,0.0038391489361702,0.0083333333333333,13003.18,12766.1,28,21,9,8,464.3992857142857,368.473857657838,0.0357142857142857,1,28,False,normal,0.0666465503913379,0.0018854381096979,0.0407421054786819,11.862244897959185,NORMAL,False,0.0,False
ACC_01487,11,8,0.75,0.0006556325489973,0.0022672340425531,0.0058479532163742,13244.24,20652.72,30,36,8,11,441.4746666666667,368.0171230530312,0.0,1,29,False,normal,0.0655707124315583,0.00340783362032,0.040705560907063,11.819727891156464,NORMAL,False,0.0,False
ACC_01731,8,5,0.6666666666666666,0.0002996081991957,0.0012621276595744,0.0,14698.68,8064.62,27,16,5,8,544.3955555555556,325.0178539869101,0.0,1,27,False,normal,0.0582768294199802,0.0143437313125859,0.0407035901770225,11.777210884353742,NORMAL,False,0.0,False
ACC_01323,5,6,1.1666666666666667,0.0004193593733527,0.0005184837760627,0.0181818181818181,13752.49,12209.08,27,20,6,5,509.3514814814815,377.08230721303465,0.0,1,27,False,normal,0.0646067899798445,0.0045026727088647,0.0405651430714526,11.73469387755102,NORMAL,False,0.0,False
ACC_01104,6,9,1.4285714285714286,0.000581118862053,0.0006451063829787,0.0095238095238095,11469.93,17573.78,22,33,9,6,521.3604545454546,345.77120780568555,0.0,1,21,False,normal,0.0581548256826536,0.0141235417511433,0.0405423121100495,11.6921768707483,NORMAL,False,0.0,False
ACC_01690,7,9,1.25,0.0003623902101236,0.0053736170212765,0.0,10959.68,9442.57,26,14,9,7,421.5261538461539,371.7887782177071,0.0,1,26,False,normal,0.0638778080127334,0.0054287621689822,0.0404981896752329,11.649659863945578,NORMAL,False,0.0,False
ACC_01324,7,11,1.5,0.0003596808521494,0.0007316761181938,0.0130718954248366,12414.5,9008.54,27,19,11,7,459.7962962962963,310.5111358606118,0.0,1,27,False,normal,0.056091833346098,0.0164886742504816,0.0402505697078515,11.607142857142858,NORMAL,False,0.0,False
ACC_01579,5,6,1.1666666666666667,0.00064535873168,0.0004246808510638,0.0,10295.81,12547.15,21,26,6,5,490.2766666666666,332.80361721792224,0.0,1,21,False,normal,0.0598437621337426,0.0108545610164419,0.0402480816868223,11.564625850340136,NORMAL,False,0.0,False
ACC_01618,5,8,1.5,0.0004697765975844,3.1489361702127664e-05,0.0,15555.74,11646.77,29,21,8,5,536.4048275862069,408.54551150235295,0.0,1,29,False,normal,0.0641523146618302,0.0043182633339863,0.0402186941306927,11.522108843537415,NORMAL,False,0.0,False
ACC_01534,6,5,0.8571428571428571,0.0006097388867443,0.0008697872340425,0.0,13550.46,13734.44,27,23,5,6,501.8688888888889,285.5220046663969,0.0,1,27,False,normal,0.058981630197734,0.0117092861294802,0.0400726925704325,11.479591836734697,NORMAL,False,0.0,False
ACC_01763,5,8,1.5,0.0001847598568413,0.0007736170212765,0.0,12226.84,2836.75,22,9,8,5,555.7654545454545,387.3184436945574,0.0,1,20,False,normal,0.05962484432749,0.0107265811760381,0.0400655390669093,11.437074829931973,NORMAL,False,0.0,False
ACC_00919,8,8,1.0,0.000572558729917,0.0038110638297872,0.0,14132.82,15832.23,29,30,8,8,487.3386206896552,430.1509111157894,0.0,1,29,False,normal,0.0629217976900858,0.00576613214857,0.0400595314734795,11.394557823129253,NORMAL,False,1.0,True
ACC_01895,7,7,1.0,0.0002924642732447,0.0003029787234042,0.0,8561.97,6159.57,19,12,7,7,450.63,387.46401742613466,0.0,1,19,False,normal,0.0569432689712757,0.0144036853889962,0.0399274355383639,11.35204081632653,NORMAL,False,0.0,False
ACC_00000,8,10,1.2222222222222223,0.000349842457057,0.0025880851063829,0.0196078431372549,13858.69,12098.56,27,23,10,8,513.2848148148148,349.09116942724256,0.0,1,27,False,normal,0.0626329753254777,0.0054916320530236,0.039776438016496,11.30952380952381,NORMAL,False,0.0,False
ACC_01886,6,6,1.0,0.000228696035148,0.0011469748006651,0.0151515151515151,14415.79,6439.01,29,17,6,6,497.0962068965517,308.79952410693573,0.0,1,28,False,normal,0.0601836039400383,0.0088750793827607,0.0396601941171272,11.267006802721088,NORMAL,False,0.0,False
ACC_01730,9,6,0.7,0.0005559258478001,0.0036817021276595,0.0,14067.7,16361.73,29,31,6,9,485.0931034482759,298.8835808603106,0.0,1,29,False,normal,0.0585460345178699,0.0113147571104884,0.0396535235549173,11.224489795918368,NORMAL,False,0.0,False
ACC_01034,9,7,0.8,0.0004408923572552,0.0048842553191489,0.0083333333333333,12389.57,11671.28,21,25,7,9,589.9795238095238,354.1707086628733,0.0,1,21,False,normal,0.0625270070915754,0.0052177765827257,0.0396033148880355,11.181972789115646,NORMAL,False,0.0,False
ACC_00621,10,6,0.6363636363636364,0.0005320407300708,0.0021225531914893,0.0,12100.97,10897.24,22,19,6,10,550.0440909090909,294.08641549331315,0.0,1,22,False,normal,0.0593171796104729,0.009875903653671,0.0395406692277521,11.139455782312924,NORMAL,False,0.0,False
ACC_00880,7,11,1.5,0.0004225269312688,0.0021293617021276,0.0,12506.58,12182.9,26,23,11,7,481.02230769230766,260.01361494056715,0.0,1,26,False,normal,0.0566822305971265,0.0134516667534573,0.0393900050596588,11.096938775510203,NORMAL,False,0.0,False
ACC_01752,6,7,1.1428571428571428,0.0003898305051736,0.0003163774357225,0.0128205128205128,14619.37,7434.48,31,13,7,6,471.59258064516126,357.6361726854797,0.0,1,30,False,normal,0.059626189517649,0.0084989345069054,0.0391752875133516,11.054421768707485,NORMAL,False,0.0,False
ACC_00795,10,8,0.8181818181818182,0.0008187792146067,0.0027242553191489,0.0,11702.35,14261.96,23,37,8,10,508.79782608695655,308.9276132770576,0.0,1,23,False,normal,0.0585120135645905,0.0100899044077564,0.0391431699018568,11.01190476190476,NORMAL,False,0.0,False
ACC_00202,8,8,1.0,0.0005525268144403,0.001663829787234,0.0166666666666666,9402.06,10163.79,20,19,8,8,470.103,366.1117122308867,0.0,1,19,False,normal,0.0597414398825043,0.0082362582332859,0.0391393672228169,10.96938775510204,NORMAL,False,0.0,False
ACC_00372,5,7,1.3333333333333333,0.0003480952666667,4.765957446808511e-05,0.0151515151515151,10258.97,11920.44,21,19,7,5,488.5223809523809,256.94341731020785,0.0,1,21,False,normal,0.0616292592187874,0.00532904311068,0.0391091727755445,10.92687074829932,NORMAL,False,0.0,False
ACC_00485,9,8,0.9,0.0005478895215071,0.002355744680851,0.0073529411764705,10970.29,12919.24,19,27,8,9,577.3836842105262,255.0224888822013,0.0,1,19,False,normal,0.0607807713762416,0.0064036443814764,0.0390299205783355,10.884353741496598,NORMAL,False,0.0,False
ACC_00363,5,6,1.1666666666666667,0.0004162158270452,0.0006817021276595,0.0,15239.01,6435.02,29,14,6,5,525.4831034482759,301.1459650485535,0.0,1,29,False,normal,0.0583160893372632,0.0099094918767462,0.0389534503530564,10.841836734693878,NORMAL,False,0.0,False
ACC_00639,6,5,0.8571428571428571,0.0002420744445297,0.0004340425531914,0.0,10459.33,10888.53,19,21,5,6,550.4910526315789,360.6634099189797,0.0,1,19,False,normal,0.058421784798218,0.0091790283825158,0.0387246822319371,10.799319727891156,NORMAL,False,0.0,False
ACC_01369,7,9,1.25,0.0004345795986362,0.005409968873918,0.0,10576.46,14055.89,24,29,9,7,440.6858333333333,353.3414793445037,0.0,1,24,False,normal,0.0615565439408394,0.0044576242438995,0.0387169760620634,10.756802721088436,NORMAL,False,0.0,False
ACC_00828,8,6,0.7777777777777778,0.0004614195527569,0.0001293617021276,0.0,11346.05,10317.45,22,20,6,8,515.7295454545455,394.5987689923268,0.0454545454545454,1,22,False,normal,0.0606548360455784,0.0056574159413343,0.0386558680038807,10.714285714285714,NORMAL,False,1.0,True
ACC_01984,7,9,1.25,0.0003618859399392,0.001931914893617,0.0,13166.25,8575.34,29,17,9,7,454.0086206896552,296.2093919694085,0.0344827586206896,1,29,False,normal,0.0599498921610617,0.0066929013192474,0.038647095824336,10.671768707482991,NORMAL,False,0.0,False
ACC_00493,5,9,1.6666666666666667,0.0002397270017721,0.0009523404255319,0.0,13917.73,5459.82,26,11,9,5,535.2973076923076,431.0889419,0.0,1,24,False,normal,0.0579000076199068,0.0096343024456416,0.0385937255502007,10.629251700680271,NORMAL,False,0.0,False
ACC_00411,5,6,1.1666666666666667,0.0003193859745296,0.0028080851063829,0.0,12759.19,8774.6,23,18,6,5,554.7473913043478,375.2405192093756,0.0434782608695652,1,23,False,normal,0.0588157262413252,0.0079532223752125,0.0384707246948801,10.58673469387755,NORMAL,False,0.0,False
ACC_01685,6,8,1.2857142857142858,0.0003268277720884,0.0009651063829787,0.0219780219780219,9965.45,7276.05,21,14,8,6,474.54523809523806,328.2997252606076,0.0,1,21,False,normal,0.060434009150036,0.0054023659283877,0.0384213518613767,10.54421768707483,NORMAL,False,0.0,False
ACC_00301,7,6,0.875,0.0005064311761455,5.969385579669979e-06,0.0151515151515151,11387.12,17388.07,21,32,6,7,542.2438095238094,297.84287311393217,0.0,1,20,False,normal,0.0605882216510438,0.0043518332936354,0.0380936663080805,10.50170068027211,NORMAL,False,0.0,False
ACC_01277,8,6,0.7777777777777778,0.0007485190225552,0.0029829787234042,0.0,11593.03,19054.42,24,30,6,8,483.0429166666667,397.33390237693,0.0,1,24,False,normal,0.0554429548474603,0.0118727291472552,0.0380148645673783,10.459183673469388,NORMAL,False,0.0,False
ACC_01238,9,10,1.1,0.0002760076405372,0.0015784761011384,0.0116959064327485,12295.36,8361.01,25,16,10,9,491.8144,323.86704087840326,0.0,1,25,False,normal,0.0516917798062367,0.0172936636744603,0.0379325333535261,10.416666666666668,NORMAL,False,0.0,False
ACC_01317,5,6,1.1666666666666667,0.0004742412015748,0.0003104080501428,0.0,12740.48,9959.4,21,24,6,5,606.6895238095237,407.7222177840715,0.0,1,21,False,normal,0.0579828532894301,0.0078499210349461,0.0379296803876365,10.374149659863946,NORMAL,False,0.0,False
ACC_01517,7,5,0.75,0.0002690108699299,0.0004995744680851,0.0151515151515151,10174.29,8664.99,22,16,5,7,462.4677272727273,314.4390674705222,0.0,1,22,False,normal,0.0588217675578077,0.0064525670764072,0.0378740873652475,10.331632653061224,NORMAL,False,0.0,False
ACC_00263,9,8,0.9,0.0007968053726109,0.0022468085106382,0.0073529411764705,9592.85,14604.2,22,28,8,9,436.0386363636364,337.85385976068824,0.0,1,21,False,normal,0.0570654029304936,0.0089908513060106,0.0378355822807004,10.289115646258503,NORMAL,False,0.0,False
ACC_01631,9,6,0.7,0.0005783011796744,0.0011642553191489,0.0,12201.08,19874.79,23,42,6,9,530.4817391304348,319.0519978517633,0.0,1,23,False,normal,0.0562132789383924,0.0101375949431363,0.03778300534029,10.246598639455785,NORMAL,False,0.0,False
ACC_01178,8,9,1.1111111111111112,0.0004523710910694,0.0021395744680851,0.0147058823529411,13171.35,13617.47,27,26,9,8,487.8277777777778,488.0515126841975,0.0,1,26,False,normal,0.0576194690848627,0.0076879026504574,0.0376468425111006,10.20408163265306,NORMAL,False,0.0,False
ACC_01915,7,6,0.875,0.0003242836304373,0.0001217021276595,0.0,15972.01,13388.17,27,24,6,7,591.555925925926,458.9440547542828,0.0,1,26,False,normal,0.0567066640815699,0.0089176046882848,0.0375910403242559,10.16156462585034,NORMAL,False,0.0,False
ACC_01705,5,5,1.0,0.000247050664724,0.0002950582015094,0.0,11234.96,5856.92,24,10,5,5,468.1233333333333,301.1717903624855,0.0,1,24,False,normal,0.0571810070419303,0.0079904154297804,0.0375047703970703,10.11904761904762,NORMAL,False,0.0,False
ACC_00088,6,9,1.4285714285714286,0.0005802778855419,0.0013310638297872,0.0,13436.09,12807.96,26,19,9,6,516.7726923076923,255.9891170273876,0.0,1,26,False,normal,0.0543091911583712,0.0116801661916183,0.03725758117167,10.076530612244898,NORMAL,False,0.0,False
ACC_00608,6,8,1.2857142857142858,0.0003092053665679,0.0043982978723404,0.0,11370.51,9117.49,21,19,8,6,541.4528571428572,341.3051427116629,0.0,1,20,False,normal,0.0587478792627161,0.004780071077829,0.0371607559887613,10.034013605442176,NORMAL,False,0.0,False
ACC_00417,9,8,0.9,0.0005697835489932,0.0008051063829787,0.0147058823529411,14478.76,15155.78,28,31,8,9,517.0985714285714,401.2309530701579,0.0357142857142857,1,28,False,normal,0.060765125912315,0.0017483718431572,0.0371584242846519,9.991496598639456,NORMAL,False,0.0,False
ACC_00418,8,8,1.0,0.0004128051162074,0.0005506382978723,0.0,13043.28,8892.09,21,17,8,8,621.1085714285715,275.7139170278808,0.0,1,21,False,normal,0.0561903161650894,0.0085267850848581,0.0371249037329968,9.948979591836734,NORMAL,False,0.0,False
ACC_01919,6,8,1.2857142857142858,0.0005613049288561,3.4110774740971306e-06,0.0,16054.55,14709.34,31,24,8,6,517.8887096774193,323.86503690829755,0.0,1,31,False,normal,0.0561736824298961,0.0084466752577328,0.0370828795610307,9.906462585034014,NORMAL,False,0.0,False
ACC_00460,5,7,1.3333333333333333,0.0002286136785668,0.0014087749968021,0.0,10657.78,4425.23,23,8,7,5,463.3817391304348,422.44487474324734,0.0,1,23,False,normal,0.0535424644653946,0.0116780645208274,0.0367967044875677,9.863945578231291,NORMAL,False,0.0,False
ACC_01937,7,9,1.25,0.0004581819190325,0.0030987234042553,0.0,15629.08,18598.13,30,30,9,7,520.9693333333333,327.1539748943843,0.0,1,30,False,normal,0.0565390538601819,0.0066218627351226,0.0365721774101582,9.821428571428571,NORMAL,False,0.0,False
ACC_01645,6,8,1.2857142857142858,0.0002071169781155,0.0032885106382978,0.0,14011.57,7317.269999999999,28,15,8,6,500.4132142857143,394.5748776430951,0.0,1,28,False,normal,0.0564371403671739,0.0066280858023451,0.0365135185412424,9.77891156462585,NORMAL,False,0.0,False
ACC_00335,6,9,1.4285714285714286,0.0003648518500137,0.0009702127659574,0.019047619047619,10035.05,12456.27,22,22,9,6,456.1386363636364,399.2811766316284,0.0,1,22,False,normal,0.0551388749209683,0.0084475525264085,0.0364623459631444,9.736394557823129,NORMAL,False,0.0,False
ACC_01325,5,9,1.6666666666666667,0.000372187257949,0.0002136170212765,0.0,12262.4,8342.32,22,14,9,5,557.3818181818182,422.76432660961314,0.0,1,22,False,normal,0.0527516339381544,0.0119438031890891,0.0364285016385283,9.693877551020408,NORMAL,False,0.0,False
ACC_00558,7,7,1.0,0.0002227295769816,0.0012791489361702,0.0,10770.42,3963.33,24,8,7,7,448.7675,356.57484802724406,0.0,1,23,False,normal,0.0523634464239974,0.0125017006173627,0.0364187481013436,9.651360544217686,NORMAL,False,0.0,False
ACC_00933,5,6,1.1666666666666667,0.0003366674307375,0.0010127659574468,0.0,10561.65,12233.85,26,20,6,5,406.21730769230766,248.2728763527372,0.0,1,25,False,normal,0.0552814387782971,0.0077035272017463,0.0362502741476768,9.608843537414966,NORMAL,False,0.0,False
ACC_01379,9,8,0.9,0.0003726776846553,0.0052249179209482,0.0,12693.37,15241.45,28,35,8,9,453.3346428571428,326.3660733716295,0.0,1,28,False,normal,0.0548930835930797,0.0081648082802374,0.0362017734679427,9.566326530612244,NORMAL,False,0.0,False
ACC_01201,6,5,0.8571428571428571,0.0003334838238606,0.0026265296550547,0.0,12322.59,7323.35,25,12,5,6,492.9036,397.0256162168045,0.0,1,25,False,normal,0.0498768077790243,0.0153704890096088,0.0360742802712581,9.523809523809524,NORMAL,False,0.0,False
ACC_00150,6,5,0.8571428571428571,0.0005156079666725,0.000896260606319,0.0181818181818181,11498.69,9454.0,24,20,5,6,479.1120833333334,320.9386376806953,0.0,1,24,False,normal,0.0571739244705282,0.0043123256805172,0.0360292849545238,9.481292517006802,NORMAL,False,0.0,False
ACC_01793,5,8,1.5,0.0002589821327355,0.0007691979704089,0.0128205128205128,12722.89,6432.22,24,12,8,5,530.1204166666666,261.49151768567555,0.0,1,24,False,normal,0.0549201301329402,0.0073202304480659,0.0358801702589905,9.43877551020408,NORMAL,False,0.0,False
ACC_00039,8,6,0.7777777777777778,0.0005786654852665,0.0009804255319148,0.0109890109890109,15290.7,14241.68,31,27,6,8,493.2483870967741,369.31318006173547,0.0,1,31,False,normal,0.0546799166879706,0.0076386919539387,0.0358634267943578,9.39625850340136,NORMAL,False,0.0,False
ACC_01268,8,8,1.0,0.0002670892940919,0.0015634042553191,0.019047619047619,10650.75,8597.56,24,19,8,8,443.78125,420.5797588868562,0.0,1,24,False,normal,0.0539947613581497,0.0085320539436997,0.0358096783923697,9.35374149659864,NORMAL,False,0.0,False
ACC_01149,9,8,0.9,0.0004336325213573,0.0009395744680851,0.0,10733.96,10729.89,22,15,8,9,487.9072727272727,441.9546068931883,0.0,1,22,False,normal,0.0483882923951463,0.016869462473456,0.0357807604264702,9.31122448979592,NORMAL,False,0.0,False
ACC_01260,9,6,0.7,0.0006624760494372,0.0002621276595744,0.0095238095238095,14250.35,20022.65,28,33,6,9,508.9410714285714,308.6738733300687,0.0,1,28,False,normal,0.0561005972817849,0.0052666650458554,0.0357670243874131,9.268707482993198,NORMAL,False,0.0,False
ACC_00437,5,8,1.5,0.0003143127101808,5.798831705965122e-05,0.0,9815.72,5069.15,21,12,8,5,467.41523809523807,307.9317644157395,0.0,1,21,False,normal,0.0545226118570461,0.0072185684420811,0.0356009944910601,9.226190476190476,NORMAL,False,0.0,False
ACC_00724,9,8,0.9,0.0006759926397765,0.001127659574468,0.0073529411764705,10995.34,20032.64,25,39,8,9,439.8136,252.84633833087892,0.0,1,23,False,normal,0.0516965151227192,0.0110988586980153,0.0354574525528377,9.183673469387756,NORMAL,False,0.0,False
ACC_01427,7,9,1.25,0.0003548177881942,0.0003668085106382,0.0,17771.78,11411.32,29,26,9,7,612.8199999999999,403.4072945636244,0.0,1,28,False,normal,0.0564799235986084,0.0037493556822938,0.0353876964320825,9.141156462585034,NORMAL,False,0.0,False
ACC_01716,4,7,1.6,0.0002010534105079,0.0004842553191489,0.0,12242.08,4395.46,24,11,7,4,510.0866666666666,360.847549270454,0.0,1,24,False,normal,0.0557321707946123,0.0045361537858634,0.0352537639911127,9.098639455782314,NORMAL,False,0.0,False
ACC_01030,7,7,1.0,0.0006642287382684,0.0019029787234042,0.0,10682.72,19537.48,22,38,7,7,485.5781818181818,379.38762456454384,0.0,1,22,False,normal,0.0497963016750099,0.0130521492361365,0.0350986406994606,9.056122448979592,NORMAL,False,0.0,False
ACC_01522,6,9,1.4285714285714286,0.0006675519826378,0.0016774468085106,0.0,10075.27,15625.58,22,29,9,6,457.9668181818182,310.6523104600316,0.0,1,22,False,normal,0.0493495767396321,0.013565621762472,0.0350359947487681,9.013605442176871,NORMAL,False,0.0,False
ACC_01798,8,7,0.8888888888888888,0.0002850323424611,0.0033582978723404,0.0095238095238095,9976.05,8419.93,23,16,7,8,433.741304347826,277.4360703805858,0.0,1,23,False,normal,0.0543342054103538,0.0059676441449564,0.0349875809041948,8.97108843537415,NORMAL,False,0.0,False
ACC_00568,5,7,1.3333333333333333,0.0005321827247535,0.0001897872340425,0.0151515151515151,10348.88,13274.32,21,23,7,5,492.8038095238096,328.18360744370204,0.0,1,21,False,normal,0.0540954870232087,0.0058884599157467,0.0348126761802239,8.928571428571429,NORMAL,False,0.0,False
ACC_00654,6,8,1.2857142857142858,0.0002395437326934,0.001037820321494,0.0,16477.86,6481.1,27,13,8,6,610.2911111111111,338.13234327966154,0.0,1,26,False,normal,0.0541826725088625,0.0051378304721139,0.0345647356941631,8.886054421768709,NORMAL,False,1.0,True
ACC_00089,10,9,0.9090909090909092,0.0006772014885101,0.0016885106382978,0.0058479532163742,15114.24,16271.7,27,34,9,10,559.7866666666666,320.76963082801103,0.0,1,27,False,normal,0.0540566981578076,0.0051031514903116,0.0344752794908092,8.843537414965986,NORMAL,False,0.0,False
ACC_00653,8,7,0.8888888888888888,0.0005470006327055,0.0030793501897411,0.0095238095238095,14057.92,11942.72,27,24,7,8,520.6637037037037,362.4724632315393,0.037037037037037,1,27,False,normal,0.055457609071242,0.0029117638476364,0.0344392709817998,8.801020408163266,NORMAL,False,0.0,False
ACC_00009,9,9,1.0,0.0003380979809734,0.0025489361702127,0.0,12055.89,11473.98,29,22,9,9,415.7203448275862,281.8888845865482,0.0,1,29,False,normal,0.0506627273209543,0.009485369041774,0.0341917840092822,8.758503401360544,NORMAL,False,0.0,False
ACC_01406,5,7,1.3333333333333333,0.0004167671807304,0.0009448684603249,0.0,12805.93,9067.35,29,21,7,5,441.5837931034483,272.99029899579364,0.0,1,29,False,normal,0.0511151289532758,0.0084796089124501,0.0340609209369455,8.715986394557824,NORMAL,False,0.0,False
ACC_00482,5,7,1.3333333333333333,0.0001707439934196,0.0006987234042553,0.0,11888.36,4180.29,24,7,7,5,495.34833333333336,351.3370792034174,0.0,1,24,False,normal,0.0508208123396494,0.0086678055597254,0.0339596096276798,8.673469387755102,NORMAL,False,0.0,False
ACC_01966,8,6,0.7777777777777778,0.0004300514069031,0.0005702127659574,0.0219780219780219,11077.78,13589.91,21,24,6,8,527.5133333333333,405.8894022801449,0.0,1,21,False,normal,0.0534230644513395,0.0047345943883502,0.0339476764261438,8.630952380952381,NORMAL,False,0.0,False
ACC_00133,9,7,0.8,0.0005869935673095,0.0008748936170212,0.0083333333333333,10211.16,11646.41,24,28,7,9,425.465,234.9938247477265,0.0,1,24,False,normal,0.0511937967476815,0.0078200336890961,0.0338442915242473,8.58843537414966,NORMAL,False,1.0,True
ACC_00836,6,7,1.1428571428571428,0.0002451430050759,0.0015383959408178,0.0128205128205128,12449.07,10040.42,23,19,7,6,541.2639130434783,394.05653062079966,0.0434782608695652,1,22,False,normal,0.0528575007540559,0.0052103238647439,0.0337986299983311,8.545918367346939,NORMAL,False,0.0,False
ACC_01603,7,6,0.875,0.000473794266287,0.0001063829787234,0.0128205128205128,10682.51,14546.1,19,30,6,7,562.2373684210527,376.2747550341683,0.0,1,19,False,normal,0.0518682781748346,0.0064741587810246,0.0337106304173106,8.503401360544217,NORMAL,False,0.0,False
ACC_00983,6,6,1.0,0.0003922190146101,0.0024900865560909,0.0,11844.82,7975.67,24,17,6,6,493.5341666666666,276.15003193627524,0.0416666666666666,1,24,False,normal,0.0525740273131006,0.0050123896380698,0.0335493722430883,8.460884353741497,NORMAL,False,0.0,False
ACC_01845,8,8,1.0,0.0004371514853616,0.0049617021276595,0.0166666666666666,10828.75,11634.09,24,27,8,8,451.1979166666667,305.79247626282324,0.0,1,22,False,normal,0.0550729823673594,0.0012190773330957,0.0335314203536539,8.418367346938775,NORMAL,False,0.0,False
ACC_01276,8,5,0.6666666666666666,0.0006575480934085,0.0001991489361702,0.0,10881.66,13510.32,23,31,5,8,473.115652173913,321.28862260684053,0.0,1,23,False,normal,0.0522173729813942,0.0052512519532728,0.0334309245701457,8.375850340136054,NORMAL,False,0.0,False
ACC_00606,9,9,1.0,0.000280078442478,0.0017370912036839,0.0065359477124183,12645.02,7150.96,23,13,9,9,549.7834782608696,387.57905148625895,0.0,1,23,False,normal,0.0438917597223309,0.017400906070851,0.033295418261739,8.333333333333332,NORMAL,False,0.0,False
ACC_01694,7,11,1.5,0.0003670050161435,0.0007387234042553,0.0,12634.1,10215.74,27,18,11,7,467.9296296296296,306.5884973942645,0.0,1,27,False,normal,0.0450481217398095,0.0156470346388313,0.0332876868994182,8.290816326530612,NORMAL,False,0.0,False
ACC_00537,5,6,1.1666666666666667,0.0003640196472213,0.0001872340425531,0.0,12491.21,7748.4,28,20,6,5,446.1146428571428,262.8504713567399,0.0,1,26,False,normal,0.0509434531247995,0.0067776070324348,0.0332771146878536,8.24829931972789,NORMAL,False,0.0,False
ACC_00720,7,6,0.875,0.0004258693816659,0.0009917707755937,0.0,13105.05,12689.02,20,25,6,7,655.2524999999999,283.45859322371655,0.0,1,20,False,normal,0.0536386867224544,0.0026491692840383,0.033242879747088,8.20578231292517,NORMAL,False,0.0,False
ACC_01582,5,5,1.0,0.000244072403275,0.0001859037223382,0.0,13729.23,6165.31,25,11,5,5,549.1691999999999,329.55243214497244,0.0,1,24,False,normal,0.0503151544286336,0.0076025483097813,0.0332301119810927,8.16326530612245,NORMAL,False,0.0,False
ACC_01929,8,6,0.7777777777777778,0.000353840092562,0.0001608510638297,0.0,13892.68,7445.6,26,17,6,8,534.3338461538461,345.393470639813,0.0384615384615384,1,25,False,normal,0.0503893242091742,0.0071072502892927,0.0330764946412216,8.120748299319729,NORMAL,False,0.0,False
ACC_00059,9,10,1.1,0.0005557615046147,0.0009106382978723,0.0116959064327485,11485.18,17030.15,25,29,10,9,459.4072,300.0713305271487,0.0,1,24,False,normal,0.0478960545568913,0.010800161743253,0.033057697431436,8.078231292517007,NORMAL,False,0.0,False
ACC_00523,6,7,1.1428571428571428,0.00049195586489,0.0003778723404255,0.0,13192.28,7191.38,23,16,7,6,573.5773913043479,466.07520043070497,0.0,1,23,False,normal,0.0477178019097535,0.0109693140732373,0.033018406775147,8.035714285714286,NORMAL,False,0.0,False
ACC_00976,8,7,0.8888888888888888,0.000358579027163,0.0002910638297872,0.0095238095238095,10158.24,9334.31,19,17,7,8,534.6442105263158,389.6995297564493,0.0,1,18,False,normal,0.0463997364245558,0.0128168484703378,0.0329665812428686,7.993197278911565,NORMAL,False,0.0,False
ACC_01067,9,9,1.0,0.0004535765448448,0.0014868085106382,0.0,10165.61,18970.51,25,34,9,9,406.6244,319.1966840115981,0.0,1,24,False,normal,0.050516826617719,0.0064149647917209,0.0328760818873198,7.950680272108844,NORMAL,False,0.0,False
ACC_01450,8,9,1.1111111111111112,0.0005409972152424,0.0018672340425531,0.0,11074.77,18760.58,22,39,9,8,503.3986363636364,332.1306078479979,0.0,1,22,False,normal,0.0471365949713887,0.0114102356889048,0.0328460512583952,7.908163265306123,NORMAL,False,0.0,False
ACC_00320,8,8,1.0,0.0003644413237424,0.0018451063829787,0.0083333333333333,17564.65,13385.35,30,26,8,8,585.4883333333333,358.58204961211175,0.0,1,30,False,normal,0.0511833187701456,0.0050325617338799,0.0327230159556393,7.865646258503402,NORMAL,False,1.0,True
ACC_00248,7,8,1.125,0.0004454292503911,0.0009090521468468,0.0095238095238095,16483.23,13834.49,32,24,8,7,515.1009375,374.6979647521658,0.0,1,32,False,normal,0.0503980668778193,0.0057924439770136,0.032555817717497,7.82312925170068,NORMAL,False,0.0,False
ACC_01243,7,9,1.25,0.0003112012876561,0.0014292414616466,0.0166666666666666,11798.96,5343.72,23,10,9,7,512.9982608695652,385.5099703657266,0.0,1,23,False,normal,0.0462969329728864,0.0118814484432785,0.0325307391610432,7.780612244897959,NORMAL,False,1.0,True
ACC_01311,9,10,1.1,0.0005029040616056,0.001451914893617,0.0116959064327485,13225.33,16720.2,25,34,10,9,529.0132,335.81177319196735,0.0,1,25,False,normal,0.0480451514536411,0.0090601077598609,0.032451133976129,7.738095238095238,NORMAL,False,0.0,False
ACC_01038,6,7,1.1428571428571428,0.0002034312777559,0.0017455319148936,0.0,13590.79,5270.43,26,9,7,6,522.7226923076923,441.4351552702407,0.0,1,25,False,normal,0.0447525077749186,0.0139389495035777,0.0324270844663823,7.695578231292517,NORMAL,False,0.0,False
ACC_01526,7,5,0.75,0.0003820223151002,0.0002544680851063,0.0151515151515151,9612.07,9903.32,21,21,5,7,457.7176190476191,312.6965080698018,0.0,1,21,False,normal,0.052257642533012,0.0026658422086145,0.032420922403253,7.653061224489796,NORMAL,False,0.0,False
ACC_01281,11,7,0.6666666666666666,0.0005466361066159,0.0015904148722977,0.0130718954248366,12980.03,14718.44,27,25,7,11,480.7418518518519,354.92731068419585,0.0,1,26,False,normal,0.0490802246063317,0.0071840268810647,0.0323217455162249,7.610544217687075,NORMAL,False,0.0,False
ACC_01193,11,9,0.8333333333333334,0.0003959753195473,0.0035625531914893,0.0052631578947368,13189.92,14125.45,26,30,9,11,507.3046153846154,320.4555744964443,0.0,1,26,False,normal,0.0481914347460665,0.0076865184413585,0.0319894682241833,7.568027210884354,NORMAL,False,1.0,True
ACC_01982,7,8,1.125,0.0003507728234058,0.0017446808510638,0.0,10739.64,10289.11,26,22,8,7,413.0630769230769,314.47527187706487,0.0384615384615384,1,25,False,normal,0.0521882165850342,0.0014415098098805,0.0318895338749727,7.525510204081633,NORMAL,False,0.0,False
ACC_00468,7,7,1.0,0.0005131571903279,0.0001387234042553,0.0,13059.1,9704.33,25,17,7,7,522.364,383.24975215256177,0.04,1,25,False,normal,0.0508450164544043,0.0034283576842177,0.0318783529463296,7.482993197278912,NORMAL,False,0.0,False
ACC_01755,7,9,1.25,0.0004959503094539,0.001755744680851,0.0,11902.12,10451.84,23,26,9,7,517.4834782608696,405.5843214381477,0.0434782608695652,1,23,False,normal,0.0496087956130578,0.005161252829527,0.0318297784996455,7.440476190476191,NORMAL,False,0.0,False
ACC_00509,8,6,0.7777777777777778,0.000402617407426,0.0001897872340425,0.0,10104.17,14879.08,20,35,6,8,505.2085,269.21864863214023,0.0,1,20,False,normal,0.0459981383620139,0.0105468716586662,0.0318176316806748,7.397959183673469,NORMAL,False,0.0,False
ACC_01181,9,8,0.9,0.0004613117950147,0.0037140425531914,0.0147058823529411,10102.14,9819.19,22,23,8,9,459.1881818181818,334.59213608492075,0.0,1,22,False,normal,0.0516465198018336,0.0019113527216213,0.0317524529697487,7.355442176870748,NORMAL,False,0.0,False
ACC_01967,6,7,1.1428571428571428,0.0005279565835108,0.0019387234042553,0.0,13979.61,12651.02,29,25,7,6,482.0555172413793,440.3039819065445,0.0,1,29,False,normal,0.0475172499860695,0.0078795403862845,0.0316621661461555,7.312925170068027,NORMAL,False,0.0,False
ACC_01077,6,5,0.8571428571428571,0.0003276462301189,0.0008868085106382,0.0,14538.4,8637.73,24,12,5,6,605.7666666666667,316.9565407826876,0.0,1,24,False,normal,0.0472074129168214,0.008207163198722,0.0316073130295816,7.270408163265306,NORMAL,False,0.0,False
ACC_00024,8,9,1.1111111111111112,0.0004597001974529,0.0008008510638297,0.0,15255.71,12999.21,28,27,9,8,544.8467857142857,326.10868507581694,0.0357142857142857,1,28,False,normal,0.0500802845202569,0.0037447543497631,0.0315460724520594,7.227891156462585,NORMAL,False,0.0,False
ACC_01090,9,9,1.0,0.000258122060618,0.0023996930030273,0.0,13162.91,8883.86,22,25,9,9,598.3140909090909,358.87319518922646,0.0,1,22,False,normal,0.0452084162301176,0.0110181701597047,0.0315323178019524,7.185374149659864,NORMAL,False,0.0,False
ACC_01914,8,8,1.0,0.0005495278118189,0.0028115806080245,0.0,14409.69,19115.73,26,39,8,8,554.2188461538461,349.62125137155977,0.0,1,26,False,normal,0.0476593518078662,0.0072827944701152,0.0315087288727658,7.142857142857142,NORMAL,False,0.0,False
ACC_01246,9,7,0.8,0.0005329469716025,0.0039344680851063,0.0083333333333333,15531.77,15206.28,27,31,7,9,575.2507407407408,349.0118238015388,0.0,1,25,False,normal,0.0498618185638598,0.003916954991125,0.0314838731347659,7.100340136054421,NORMAL,False,0.0,False
ACC_00584,9,10,1.1,0.00039410264606,0.0031091971176395,0.0,15131.06,10638.61,28,28,10,9,540.395,379.86673643285496,0.0,1,26,False,normal,0.0501208152577457,0.0035181026518151,0.0314797302153735,7.0578231292517,NORMAL,False,0.0,False
ACC_01005,5,8,1.5,0.0003753913121301,0.0006365957446808,0.0,9621.36,11344.5,20,23,8,5,481.068,399.1870891225132,0.0,1,20,False,normal,0.045592000052015,0.0100949357359676,0.031393174325596,7.015306122448979,NORMAL,False,0.0,False
ACC_01540,9,9,1.0,0.0003875458636479,0.00572,0.0065359477124183,13127.31,13672.46,24,30,9,9,546.9712499999999,361.2894471233797,0.0,1,24,False,normal,0.0500063233148367,0.0027743645134279,0.0311135397942732,6.972789115646258,NORMAL,False,0.0,False
ACC_00302,5,7,1.3333333333333333,0.0003443728780549,0.0001148936170212,0.0151515151515151,11036.1,8752.97,22,20,7,5,501.64090909090913,402.92912539846543,0.0,1,21,False,normal,0.0487586124933546,0.0045997028641803,0.0310950486416849,6.930272108843536,NORMAL,False,0.0,False
ACC_01421,8,5,0.6666666666666666,0.0003685975901125,0.0013047371338421,0.0,10519.21,7650.33,21,17,5,8,500.914761904762,365.91058830838784,0.0,1,21,False,normal,0.0447490699137931,0.010603596413391,0.0310908805136323,6.887755102040815,NORMAL,False,0.0,False
ACC_01591,8,7,0.8888888888888888,0.0002886948734479,0.0009721570801176,0.0,10894.34,9185.76,24,18,7,8,453.9308333333333,221.0391466984715,0.0,1,24,False,normal,0.0437309331488394,0.0119694480987878,0.0310263391288188,6.845238095238096,NORMAL,False,0.0,False
ACC_01590,8,6,0.7777777777777778,0.0003561414153232,0.0006387242570246,0.0,9393.72,9100.26,22,22,6,8,426.9872727272727,254.4358979648119,0.0,1,22,False,normal,0.0472555749250785,0.0065403044766489,0.0309694667457066,6.802721088435375,NORMAL,False,0.0,False
ACC_00531,7,7,1.0,0.0003989798591607,0.0007659574468085,0.0109890109890109,13836.9,10970.98,21,19,7,7,658.9,397.6664692176095,0.0,1,21,False,normal,0.0480349210038493,0.0048048995843742,0.0307429124360592,6.760204081632653,NORMAL,False,0.0,False
ACC_00996,8,8,1.0,0.0003145833098016,0.0020680851063829,0.0,12795.08,9443.81,29,25,8,8,441.2096551724138,328.36463689105,0.0344827586206896,1,29,False,normal,0.0481581418189036,0.0045821742915321,0.030727754807955,6.717687074829932,NORMAL,False,0.0,False
ACC_00660,8,10,1.2222222222222223,0.0003976589801648,0.0018510638297872,0.0,14843.49,12612.06,30,23,10,8,494.783,344.18553952022387,0.0,1,30,False,normal,0.0470192826021568,0.0059131668085529,0.0305768362847152,6.675170068027211,NORMAL,False,0.0,False
ACC_00286,8,8,1.0,0.0003248359855942,0.0005089361702127,0.0,16357.81,11640.16,31,21,8,8,527.6712903225807,298.01708325465654,0.0,1,30,False,normal,0.0432292754427024,0.0112858387223779,0.0304519007545726,6.63265306122449,NORMAL,False,0.0,False
ACC_01741,5,7,1.3333333333333333,0.0004283502324833,0.0012187234042553,0.0151515151515151,13597.51,12493.53,23,26,7,5,591.1960869565218,348.7682167902961,0.0,1,22,False,normal,0.0476449216901058,0.0045855777089168,0.0304211840976302,6.5901360544217695,NORMAL,False,1.0,True
ACC_01358,7,9,1.25,0.0002733697991224,0.0027211870549609,0.0,12247.77,7162.7,25,15,9,7,489.9108,249.13088735174264,0.0,1,25,False,normal,0.0454308612404985,0.0078147824654793,0.0303844297304908,6.547619047619048,NORMAL,False,0.0,False
ACC_00023,8,6,0.7777777777777778,0.0003381753744948,0.0005761702127659,0.0109890109890109,12153.49,10373.77,27,21,6,8,450.1292592592592,258.83696408425374,0.0,1,27,False,normal,0.0437551273535734,0.0101382159902791,0.0303083628082557,6.505102040816327,NORMAL,False,0.0,False
ACC_01203,9,9,1.0,0.0004686498045464,0.0024655319148936,0.0065359477124183,10645.49,12154.72,23,29,9,9,462.8473913043478,242.1045900998798,0.0,1,22,False,normal,0.0449318205306161,0.0082103062052434,0.030243214800467,6.462585034013606,NORMAL,False,0.0,False
ACC_00705,8,8,1.0,0.0004093250228898,0.001424977614804,0.0,9192.64,7676.95,19,17,8,8,483.8231578947368,347.9856063283306,0.0,1,19,False,normal,0.0435252147741386,0.0101546667906814,0.0301769955807557,6.420068027210885,NORMAL,False,0.0,False
ACC_01545,8,5,0.6666666666666666,0.0003062885237951,0.0001560567944399,0.0128205128205128,12298.23,11378.31,25,23,5,8,491.9292,339.024652937413,0.0,1,24,False,normal,0.0454099730943003,0.0073242852454992,0.0301756979547799,6.377551020408164,NORMAL,False,0.0,False
ACC_01751,9,9,1.0,0.0004753293137902,0.0012153191489361,0.0130718954248366,10026.76,10631.55,24,22,9,9,417.7816666666667,288.14754144462125,0.0,1,23,False,normal,0.0442963308387898,0.0087827009860312,0.0300908788976863,6.335034013605442,NORMAL,False,0.0,False
ACC_01640,9,7,0.8,0.0006047188438501,4.093292968916557e-05,0.0083333333333333,15206.22,17233.91,29,34,7,9,524.3524137931034,312.56120943007966,0.0,1,29,False,normal,0.0461186317243622,0.0059220232023684,0.0300399883155647,6.292517006802721,NORMAL,False,0.0,False
ACC_01745,7,6,0.875,0.0004101084941102,0.0002774468085106,0.0128205128205128,12124.37,17961.94,27,34,6,7,449.0507407407408,324.0277791026557,0.0,1,26,False,normal,0.0448944109292731,0.0072369431690193,0.0298314238251715,6.25,NORMAL,False,0.0,False
ACC_01196,6,9,1.4285714285714286,0.0004334190743341,0.0002890888159297,0.0095238095238095,15582.52,12366.06,30,27,9,6,519.4173333333333,357.51571264176226,0.0,1,30,False,normal,0.0456901880268968,0.0059364340892964,0.0297886864518567,6.207482993197279,NORMAL,False,0.0,False
ACC_01969,11,8,0.75,0.0006542593147147,0.0023472340425531,0.0,14051.38,14753.17,28,33,8,11,501.835,337.902538046873,0.0,1,27,False,normal,0.0467935792177266,0.0042692367723876,0.029783842239591,6.164965986394558,NORMAL,False,1.0,True
ACC_00100,8,7,0.8888888888888888,0.0004347622740584,0.0037103995224491,0.019047619047619,12480.45,13560.29,25,31,7,8,499.218,310.4049784689888,0.0,1,24,False,normal,0.046955937038503,0.0035373813629932,0.0295885147682991,6.122448979591836,NORMAL,False,0.0,False
ACC_01122,6,7,1.1428571428571428,0.0002924502533051,0.0018633010702255,0.0,9239.15,11971.16,24,17,7,6,384.9645833333333,269.11484328828783,0.0,1,24,False,normal,0.0460452405312798,0.0045021442983767,0.0294280020381186,6.079931972789115,NORMAL,False,0.0,False
ACC_00308,8,7,0.8888888888888888,0.0003823360574913,0.000159467871914,0.0095238095238095,14999.97,13361.88,29,26,7,8,517.2403448275862,363.9194599719908,0.0344827586206896,1,28,False,normal,0.0465000733134294,0.0037811421762953,0.0294125008585757,6.037414965986394,NORMAL,False,0.0,False
ACC_00711,6,7,1.1428571428571428,0.0001986166847148,0.0028051063829787,0.0128205128205128,13559.03,6628.79,26,15,7,6,521.5011538461539,330.5157247372889,0.0,1,26,False,normal,0.0452326378086735,0.005285300250843,0.0292537027855413,5.994897959183673,NORMAL,False,0.0,False
ACC_00635,6,9,1.4285714285714286,0.0002379879913961,0.0005310638297872,0.0095238095238095,14192.42,5535.78,28,12,9,6,506.8721428571429,353.6215000204591,0.0,1,27,False,normal,0.0429096474798956,0.0085110471829507,0.0291502073611176,5.952380952380952,NORMAL,False,0.0,False
ACC_00541,9,8,0.9,0.000623930678606,0.0015463829787234,0.0147058823529411,10861.09,18984.54,20,34,8,9,543.0545,307.4481309009272,0.0,1,20,False,normal,0.0444084274241731,0.0061079538647861,0.0290882380004183,5.909863945578231,NORMAL,False,0.0,False
ACC_01749,10,7,0.7272727272727273,0.0006609773147794,0.0007174468085106,0.0073529411764705,13050.8,18194.34,23,34,7,10,567.4260869565217,405.9671575581088,0.0,1,23,False,normal,0.0454807624751183,0.0044834818416065,0.0290818502217136,5.86734693877551,NORMAL,False,0.0,False
ACC_01407,9,8,0.9,0.0007375018394226,5.106382978723405e-05,0.0073529411764705,10940.37,18153.09,23,38,8,9,475.6682608695653,349.77615956042223,0.0,1,23,False,normal,0.0426642024166639,0.0082890147829537,0.0289141273631798,5.824829931972789,NORMAL,False,0.0,False
ACC_01717,5,8,1.5,0.0004488935636918,0.0020017021276595,0.0,14795.94,10074.47,25,18,8,5,591.8376000000001,419.7699606955378,0.0,1,24,False,normal,0.0434033793651602,0.0070758138237535,0.0288723531485975,5.782312925170068,NORMAL,False,0.0,False
ACC_00857,6,8,1.2857142857142858,0.0004141243815371,0.0004408510638297,0.0,8982.91,11887.09,22,23,8,6,408.3140909090909,263.3118919720416,0.0,1,22,False,normal,0.0440660956096894,0.0059762288975016,0.0288301489248143,5.739795918367348,NORMAL,False,0.0,False
ACC_00572,8,5,0.6666666666666666,0.0004646988095779,0.0002604255319148,0.0,13048.26,14727.18,27,31,5,8,483.2688888888889,310.3710906979347,0.0,1,26,False,normal,0.043452811627363,0.0067473732462082,0.0287706362749011,5.697278911564626,NORMAL,False,0.0,False
ACC_00860,6,6,1.0,0.0004052228271014,0.0007191489361702,0.0151515151515151,13181.84,6607.45,26,12,6,6,506.99384615384616,394.7586457781709,0.0,1,26,False,normal,0.0432726685880609,0.0065850457672652,0.0285976194597426,5.654761904761905,NORMAL,False,0.0,False
ACC_01835,7,8,1.125,0.0003097884543305,0.0002306382978723,0.0,13540.79,7897.42,26,14,8,7,520.7996153846153,342.04988665960144,0.0384615384615384,1,25,False,normal,0.0432778979628642,0.0064328601427654,0.0285398828348247,5.612244897959184,NORMAL,False,0.0,False
ACC_00129,10,7,0.7272727272727273,0.0006389217369049,0.0030851063829787,0.0,11089.92,17403.98,24,32,7,10,462.08,281.10576239588886,0.0,1,24,False,normal,0.0448124634419439,0.003165429714218,0.0281536499508535,5.569727891156463,NORMAL,False,0.0,False
ACC_00522,8,8,1.0,0.0005275687106083,0.0015727659574468,0.0083333333333333,9949.64,20730.79,24,36,8,8,414.5683333333333,311.52949214378134,0.0,1,24,False,normal,0.0431973080106077,0.00557653910554,0.0281490004485806,5.5272108843537415,NORMAL,False,1.0,True
ACC_01691,7,8,1.125,0.0002764715659246,0.0007129151920863,0.0,10043.82,6239.889999999999,21,12,8,7,478.2771428571429,288.0484627652585,0.0,1,21,False,normal,0.0397891641553074,0.0106315820352237,0.0281261313072739,5.48469387755102,NORMAL,False,0.0,False
ACC_01143,7,8,1.125,0.0006875858576729,0.0001208510638297,0.0095238095238095,14108.48,17216.57,28,33,8,7,503.8742857142857,279.945420982556,0.0,1,26,False,normal,0.0388599216943193,0.011289522274593,0.0278317619264287,5.442176870748299,NORMAL,False,0.0,False
ACC_00649,9,8,0.9,0.0006234940683108,0.0034527659574468,0.0,14495.73,18752.15,27,33,8,9,536.8788888888889,326.3730124275376,0.0,1,27,False,normal,0.0444773545560928,0.0023165383354296,0.0276130280678275,5.399659863945578,NORMAL,False,0.0,False
ACC_00573,6,6,1.0,0.0004313647698802,0.0005055319148936,0.0,11228.35,14253.72,19,27,6,6,590.9657894736843,323.97488696083616,0.0,1,19,False,normal,0.0426507147309564,0.0049921128395129,0.027587273974379,5.357142857142857,NORMAL,False,0.0,False
ACC_01205,5,9,1.6666666666666667,0.0004593965271905,0.0010289361702127,0.0109890109890109,12253.31,7753.49,26,19,9,5,471.2811538461538,339.9603605048909,0.0,1,25,False,normal,0.0420240844868013,0.0055448795526557,0.0274324025131431,5.314625850340136,NORMAL,False,0.0,False
ACC_00512,6,8,1.2857142857142858,0.0003191190627988,0.0016706382978723,0.0109890109890109,12911.53,6976.950000000001,28,13,8,6,461.1260714285714,286.4679675110651,0.0,1,28,False,normal,0.0405712243538786,0.0075661634531887,0.0273691999936027,5.272108843537415,NORMAL,False,0.0,False
ACC_01599,8,8,1.0,0.0003602405458731,0.0015872340425531,0.0083333333333333,12422.28,12465.13,30,22,8,8,414.076,340.879192723352,0.0,1,30,False,normal,0.0415724979208336,0.0054338915007496,0.0271170553528,5.229591836734694,NORMAL,False,0.0,False
ACC_01210,5,7,1.3333333333333333,0.0005103280385168,0.0016322005713554,0.0151515151515151,12061.7,10915.57,24,19,7,5,502.5708333333334,300.2751538016086,0.0,1,24,False,normal,0.0414323571762625,0.0055026804156419,0.0270604864720143,5.187074829931973,NORMAL,False,0.0,False
ACC_01744,6,8,1.2857142857142858,0.0003616512012694,0.0010859574468085,0.0,14254.87,10657.81,28,23,8,6,509.1025,341.58457161820496,0.0357142857142857,1,28,False,normal,0.0438673303400005,0.0018263987736499,0.0270509577134602,5.144557823129252,NORMAL,False,0.0,False
ACC_01157,8,8,1.0,0.000465703578384,0.0012714893617021,0.0083333333333333,15717.32,8303.8,26,15,8,8,604.5123076923077,353.8893140552022,0.0,1,23,False,normal,0.0408802718415389,0.0061713678513634,0.0269967102454687,5.1020408163265305,NORMAL,False,1.0,True
ACC_01570,7,7,1.0,0.0004009544457136,0.0027591489361702,0.0,14981.21,11544.13,23,23,7,7,651.3569565217392,387.932535037107,0.0,1,23,False,normal,0.0419885486232671,0.0037144990633849,0.0266789287993142,5.059523809523809,NORMAL,False,0.0,False
ACC_00478,9,10,1.1,0.0004640992155634,0.0038851063829787,0.0058479532163742,12918.64,14922.91,26,29,10,9,496.8707692307692,338.08444733140954,0.0,1,25,False,normal,0.0431066109616904,0.0019937618605197,0.0266614713212221,5.017006802721088,NORMAL,False,0.0,False
ACC_00414,8,7,0.8888888888888888,0.0004641427688551,0.0005344680851063,0.0,16321.34,11573.22,31,26,7,8,526.4948387096774,333.54073484229747,0.0,1,31,False,normal,0.039662908580799,0.0060945239022189,0.026235554709367,4.974489795918367,NORMAL,False,0.0,False
ACC_00652,5,8,1.5,0.0002092234792084,0.0008714893617021,0.0,13538.26,10491.6,26,12,8,5,520.7023076923077,322.5898878304488,0.0,1,25,False,normal,0.0389850441404127,0.0069101302325703,0.0261550785772757,4.931972789115646,NORMAL,False,0.0,False
ACC_01029,7,6,0.875,0.0003479718172345,0.0004748936170212,0.0,9412.91,9243.36,20,19,6,7,470.6455,255.96215029560008,0.0,1,20,False,normal,0.0393740542571113,0.0051407006908246,0.0256807128305966,4.889455782312925,NORMAL,False,0.0,False
ACC_01410,9,9,1.0,0.0006085836064299,0.0013795744680851,0.0065359477124183,13698.85,17722.94,24,36,9,9,570.7854166666667,344.63567934571097,0.0,1,24,False,normal,0.0389223220531237,0.0057572291489564,0.0256562848914568,4.846938775510204,NORMAL,False,0.0,False
ACC_01812,6,5,0.8571428571428571,0.0004742408706886,0.0004859574468085,0.0,11719.99,10065.78,24,17,5,6,488.3329166666667,262.25433417861944,0.0,1,23,False,normal,0.0378472610225872,0.0063612659429246,0.0252528629907221,4.804421768707483,NORMAL,False,0.0,False
ACC_00675,9,7,0.8,0.0004079527203634,0.0017617021276595,0.0,11798.08,10594.42,22,16,7,9,536.2763636363636,401.05788934416296,0.0,1,21,False,normal,0.0338520948822492,0.0120249987985075,0.0251212564487525,4.761904761904762,NORMAL,False,0.0,False
ACC_01976,7,6,0.875,0.0002864091300058,0.0010847226367628,0.0128205128205128,10907.0,7735.82,23,13,6,7,474.2173913043478,400.4682967161116,0.0,1,23,False,normal,0.0353369006397468,0.0089704084483783,0.0247903037631994,4.719387755102041,NORMAL,False,0.0,False
ACC_00562,6,8,1.2857142857142858,0.0002356935680557,0.0009770212765957,0.0,11895.92,4231.34,24,8,8,6,495.66333333333336,326.2099127284743,0.0,1,24,False,normal,0.0353226132659523,0.0089900396355442,0.024789583813789,4.67687074829932,NORMAL,False,0.0,False
ACC_01486,7,7,1.0,0.0004211495022815,0.0014902127659574,0.0109890109890109,11466.44,11097.76,24,24,7,7,477.7683333333334,351.159957391731,0.0416666666666666,1,24,False,normal,0.0410413980239921,0.0001073935336711,0.0246677962278637,4.634353741496599,NORMAL,False,0.0,False
ACC_01293,9,8,0.9,0.0006160716027813,0.0002,0.0,14008.07,17900.98,28,36,8,9,500.2882142857143,374.1557694434288,0.0,1,27,False,normal,0.0390286959499239,0.0028057335780406,0.0245395110011706,4.591836734693878,NORMAL,False,0.0,False
ACC_01172,7,6,0.875,0.0003122332733967,0.000355744680851,0.0128205128205128,10639.56,10368.97,20,17,6,7,531.978,352.77755041952435,0.0,1,20,False,normal,0.0372636967390083,0.0054211841097061,0.0245266916872874,4.549319727891157,NORMAL,False,0.0,False
ACC_00045,7,6,0.875,0.000741355631844,0.0003693617021276,0.0128205128205128,12459.49,13892.73,25,29,6,7,498.3796,327.8243384482,0.0,1,24,False,normal,0.0359515978747591,0.0072375463522923,0.0244659772657724,4.506802721088436,NORMAL,False,0.0,False
ACC_00429,10,7,0.7272727272727273,0.0005959051523572,0.0021727659574468,0.0073529411764705,14537.37,14716.18,28,30,7,10,519.1917857142856,335.23112046217113,0.0,1,28,False,normal,0.0372879691997248,0.0039300027091184,0.0239447826034822,4.464285714285714,NORMAL,False,0.0,False
ACC_01173,7,9,1.25,0.0004308237147076,0.002543829787234,0.0166666666666666,12001.18,13354.26,23,26,9,7,521.7904347826087,317.9802365710837,0.0,1,22,False,normal,0.03755999080453,0.0034281020513117,0.0239072353032427,4.421768707482993,NORMAL,False,0.0,False
ACC_00898,7,8,1.125,0.000425837358919,0.0010051063829787,0.0095238095238095,11151.17,12502.55,23,25,8,7,484.8334782608696,353.7827669708257,0.0434782608695652,1,23,False,normal,0.0385174369555127,0.0017097493553798,0.0237943619154595,4.379251700680272,NORMAL,False,1.0,True
ACC_00259,6,8,1.2857142857142858,0.000294333540152,0.0003914893617021,0.0,9797.53,7270.62,20,11,8,6,489.8765,326.45072071528085,0.0,1,20,False,normal,0.0329081291515399,0.009991027614898,0.0237412885368831,4.336734693877551,NORMAL,False,0.0,False
ACC_01114,7,9,1.25,0.0002945138890027,0.0020068085106382,0.0,10285.92,5895.47,23,16,9,7,447.2139130434783,339.583082091972,0.0,1,23,False,normal,0.0357349930821335,0.0055309563136578,0.0236533783747433,4.29421768707483,NORMAL,False,0.0,False
ACC_00374,6,7,1.1428571428571428,0.0004339847268375,0.0015255319148936,0.0128205128205128,13886.29,9184.58,23,20,7,6,603.7517391304348,274.5922909374779,0.0,1,23,False,normal,0.0379404036594672,0.0019866559944477,0.0235589045934594,4.2517006802721085,NORMAL,False,0.0,False
ACC_00208,8,7,0.8888888888888888,0.0006718414215255,0.0002063701871828,0.0,12088.55,18439.97,24,34,7,8,503.6895833333333,290.9530916245878,0.0,1,24,False,normal,0.0360420833379988,0.0048326722806784,0.0235583189150707,4.209183673469387,NORMAL,False,0.0,False
ACC_00548,8,6,0.7777777777777778,0.0006060744168605,3.1489361702127664e-05,0.0,12533.89,17716.21,26,31,6,8,482.0726923076923,277.3322082781976,0.0,1,24,False,normal,0.0365130382715189,0.0039637702767706,0.0234933310736196,4.166666666666666,NORMAL,False,0.0,False
ACC_00982,8,7,0.8888888888888888,0.0006976290138228,0.0013021276595744,0.0095238095238095,11049.42,13371.62,26,23,7,8,424.97769230769234,372.03043976865865,0.0,1,25,False,normal,0.0357715830698374,0.0045555794749638,0.0232851816318879,4.124149659863945,NORMAL,False,0.0,False
ACC_00112,7,9,1.25,0.0005874091618498,0.0028320470728691,0.0083333333333333,11049.98,11062.92,23,23,9,7,480.43391304347824,323.1627734346766,0.0,1,22,False,normal,0.0347906426334717,0.0052278789447371,0.0229655371579779,4.081632653061225,NORMAL,False,0.0,False
ACC_01015,7,8,1.125,0.000675654869145,0.0007187234042553,0.0095238095238095,11371.37,17362.22,25,34,8,7,454.8548,333.4710628765261,0.0,1,25,False,normal,0.0327984167538159,0.0075016500875463,0.0226797100873081,4.039115646258503,NORMAL,False,0.0,False
ACC_01185,6,7,1.1428571428571428,0.0005412168272736,0.0017463829787234,0.0128205128205128,11942.57,13397.11,27,27,7,6,442.3174074074074,304.5580313351008,0.0,1,27,False,normal,0.0335239536118832,0.0059020472688943,0.0224751910746876,3.996598639455783,NORMAL,False,0.0,False
ACC_01377,5,8,1.5,0.000433696469012,0.0005159254679571,0.0,11903.44,12955.1,25,25,8,5,476.1376,265.4126163680493,0.0,1,25,False,normal,0.0320577398491332,0.0076000366952453,0.022274658587578,3.9540816326530615,NORMAL,False,0.0,False
ACC_00932,7,7,1.0,0.0004222181868916,0.0003922739095211,0.0,12258.68,12993.76,25,26,7,7,490.3472,292.3235337846294,0.04,1,25,False,normal,0.0357324298803398,0.0019041129443357,0.0222011031059382,3.91156462585034,NORMAL,False,0.0,False
ACC_01899,7,8,1.125,0.0004892172411314,0.0012817123608919,0.0,12663.0,9799.12,23,15,8,7,550.5652173913044,450.539467395069,0.0,1,23,False,normal,0.0294247994022523,0.0111978987886683,0.0221340391568187,3.869047619047619,NORMAL,False,0.0,False
ACC_00058,7,8,1.125,0.0005688990768268,0.0033880851063829,0.0095238095238095,13936.66,14777.85,25,29,8,7,557.4664,358.75974738070414,0.0,1,24,False,normal,0.0341184847082366,0.0038285522197806,0.0220025117128542,3.826530612244898,NORMAL,False,0.0,False
ACC_00224,5,7,1.3333333333333333,0.0003279588293097,0.001687659574468,0.0,12060.63,6156.83,22,13,7,5,548.2104545454546,396.1764465785328,0.0,1,22,False,normal,0.0321751310217833,0.0066653712627912,0.0219712271181865,3.784013605442177,NORMAL,False,0.0,False
ACC_01393,5,9,1.6666666666666667,0.0003135472738872,0.0006668656461859,0.0,12990.93,8365.08,27,19,9,5,481.1455555555556,329.3606395653126,0.0,1,27,False,normal,0.0336268425473004,0.0044591501270167,0.021959765579187,3.741496598639456,NORMAL,False,0.0,False
ACC_01426,10,8,0.8181818181818182,0.0003165247106763,0.0002323404255319,0.0065359477124183,11804.15,11114.76,25,26,8,10,472.166,354.2788401457248,0.0,1,25,False,normal,0.027558772335235,0.0134835823196915,0.0219286963290176,3.698979591836735,NORMAL,False,0.0,False
ACC_01212,7,9,1.25,0.0005391323024167,0.0026714893617021,0.0083333333333333,14931.65,10808.48,28,21,9,7,533.2732142857143,335.6121375001713,0.0,1,28,False,normal,0.0341185629724112,0.0036207016396236,0.0219194184392962,3.6564625850340136,NORMAL,False,0.0,False
ACC_01932,9,9,1.0,0.0003950134759739,0.0015914893617021,0.0065359477124183,14363.83,9720.12,27,22,9,9,531.9937037037037,298.2547925096691,0.0,1,27,False,normal,0.0311051317609691,0.0077639354936362,0.0217686532540359,3.613945578231293,NORMAL,False,0.0,False
ACC_01108,6,9,1.4285714285714286,0.0003236284260329,0.002511405790304,0.0095238095238095,14242.84,10908.72,26,24,9,6,547.8015384615385,309.5750998344965,0.0,1,26,False,normal,0.0337425096954662,0.003622808456201,0.0216946291997601,3.571428571428571,NORMAL,False,1.0,True
ACC_00325,6,9,1.4285714285714286,0.0004285920768539,0.0003140425531914,0.0095238095238095,15012.51,13128.6,28,22,9,6,536.1610714285714,331.2864756642939,0.0,1,28,False,normal,0.0321257559800262,0.0056032716115132,0.021516762232621,3.52891156462585,NORMAL,False,0.0,False
ACC_01046,8,6,0.7777777777777778,0.000354307371775,0.0023234042553191,0.0109890109890109,9683.89,9570.59,23,19,6,8,421.0386956521739,347.4884203996699,0.0,1,23,False,normal,0.0325423793776525,0.004728625088873,0.0214168776621407,3.486394557823129,NORMAL,False,0.0,False
ACC_00930,8,5,0.6666666666666666,0.0003819532057871,0.0008391489361702,0.0,12686.03,10695.17,26,24,5,8,487.9242307692308,328.3719278400403,0.0,1,26,False,normal,0.0309579730638381,0.0069927096158941,0.0213718676846605,3.443877551020408,NORMAL,False,0.0,False
ACC_00963,8,7,0.8888888888888888,0.0005816116512513,0.0011555024943504,0.0095238095238095,9015.36,14611.72,20,28,7,8,450.768,314.7227129528803,0.0,1,20,False,normal,0.0333703967741736,0.0033319860845513,0.0213550324983247,3.4013605442176877,NORMAL,False,0.0,False
ACC_01553,10,8,0.8181818181818182,0.0006695166908987,0.001051914893617,0.0130718954248366,12080.88,18077.92,24,35,8,10,503.37,381.72543675993774,0.0,1,24,False,normal,0.0330778784859662,0.0036612911659704,0.0213112435579679,3.358843537414966,NORMAL,False,0.0,False
ACC_01941,8,6,0.7777777777777778,0.0005162005114103,0.0001531914893617,0.0,12659.62,9600.6,22,20,6,8,575.4372727272727,365.91766642474585,0.0,1,22,False,normal,0.0324596961255883,0.0044198696130494,0.0212437655205728,3.316326530612245,NORMAL,False,0.0,False
ACC_01473,8,9,1.1111111111111112,0.0003528421989398,0.0013472340425531,0.0,12950.02,6660.16,26,18,9,8,498.0776923076923,423.6631905871237,0.0,1,26,False,normal,0.0306935226997968,0.0070436235036587,0.0212335630213415,3.273809523809524,NORMAL,False,1.0,True
ACC_01623,9,8,0.9,0.0003798855035056,0.0031548936170212,0.0,11903.72,10317.84,26,19,8,9,457.8353846153846,284.66332792589594,0.0,1,26,False,normal,0.0314085488156034,0.0057483972655132,0.0211444881955673,3.231292517006803,NORMAL,False,0.0,False
ACC_00354,7,6,0.875,0.0004335089906172,0.0003285106382978,0.0128205128205128,14868.8,13329.21,28,22,6,7,531.0285714285714,377.25020775307127,0.0,1,27,False,normal,0.0333019271016907,0.0028065389850885,0.0211037718550498,3.188775510204082,NORMAL,False,1.0,True
ACC_00731,10,7,0.7272727272727273,0.0003434690728352,0.0017336170212765,0.0,13168.69,15345.12,26,27,7,10,506.48807692307696,355.9027902562072,0.0,1,26,False,normal,0.0292885285525185,0.0086388128981775,0.0210286422907821,3.1462585034013606,NORMAL,False,0.0,False
ACC_01469,9,6,0.7,0.0006487249483666,0.0013634042553191,0.0095238095238095,11873.63,17023.22,25,33,6,9,474.94520000000006,336.7462891173908,0.0,1,25,False,normal,0.0330980673643735,0.0028684004872281,0.0210062006135153,3.1037414965986394,NORMAL,False,0.0,False
ACC_00602,8,8,1.0,0.0004863032895888,0.0004987234042553,0.0,13438.38,14735.85,28,36,8,8,479.9421428571428,407.4256861150868,0.0,1,28,False,normal,0.0321053446841252,0.0043122034609893,0.0209880881948709,3.061224489795918,NORMAL,False,0.0,False
ACC_01267,6,6,1.0,0.0004306317768301,0.0029625531914893,0.0,10707.28,10313.44,24,22,6,6,446.1366666666667,333.4176560185851,0.0,1,24,False,normal,0.0315340497508444,0.0051558213340393,0.0209827583841223,3.018707482993197,NORMAL,False,0.0,False
ACC_00266,7,6,0.875,0.0006708532632732,0.0004306382978723,0.0,11331.31,15199.91,24,28,6,7,472.1379166666666,286.48201342703896,0.0,1,24,False,normal,0.0312991449397827,0.0054050528557149,0.0209415081061556,2.976190476190476,NORMAL,False,0.0,False
ACC_01283,7,8,1.125,0.0002727219004087,0.0003974468085106,0.0,15486.66,5788.25,26,16,8,7,595.6407692307693,361.555654990189,0.0,1,25,False,normal,0.0313520908703143,0.0052666895807826,0.0209179303545016,2.933673469387755,NORMAL,False,1.0,True
ACC_01960,7,6,0.875,0.0004448523751579,0.0001991489361702,0.0,12498.75,13453.36,24,28,6,7,520.78125,248.12969111215412,0.0,1,24,False,normal,0.0313589600946861,0.0051831618748214,0.0208886408067402,2.891156462585034,NORMAL,False,0.0,False
ACC_00206,8,7,0.8888888888888888,0.0003351966315598,0.0018453929134865,0.0,11898.94,8474.73,26,20,7,8,457.6515384615385,245.3218056788644,0.0,1,25,False,normal,0.0295885455675634,0.0076773373609667,0.0208240622849248,2.848639455782313,NORMAL,False,0.0,False
ACC_00513,7,9,1.25,0.0005535503492305,0.0014212765957446,0.0083333333333333,14138.17,10409.48,28,23,9,7,504.9346428571429,279.69049805073416,0.0,1,28,False,normal,0.0290600822222389,0.0077092136539606,0.0205197347949276,2.806122448979592,NORMAL,False,0.0,False
ACC_00174,10,8,0.8181818181818182,0.0006448092455625,0.0019182978723404,0.0130718954248366,11067.36,16384.51,23,35,8,10,481.1895652173913,314.9276141285668,0.0,1,23,False,normal,0.0311036427692969,0.004244634017959,0.0203600392687617,2.7636054421768708,NORMAL,False,0.0,False
ACC_01282,7,8,1.125,0.0003875332457904,0.0018308958342216,0.0095238095238095,8894.4,11372.82,20,23,8,7,444.72,344.05480851625646,0.0,1,20,False,normal,0.0306457563797028,0.0044484179150726,0.0201668209938507,2.7210884353741496,NORMAL,False,0.0,False
ACC_00006,7,7,1.0,0.0004376979167536,0.0027829787234042,0.0,12009.99,10602.32,27,19,7,7,444.81444444444446,261.7339824697725,0.0,1,25,False,normal,0.0300910602230633,0.0051306011400832,0.0201068765898713,2.6785714285714284,NORMAL,False,0.0,False
ACC_00381,7,6,0.875,0.0003485017707534,0.0001863829787234,0.0,11884.8,14917.09,21,27,6,7,565.9428571428571,381.7955257090221,0.0,1,21,False,normal,0.0295110359726362,0.0057150637731679,0.0199926470928488,2.636054421768708,NORMAL,False,0.0,False
ACC_00908,7,8,1.125,0.0004066085913934,0.0022965079094358,0.0,10981.76,13182.13,21,27,8,7,522.9409523809524,426.3597762207965,0.0,1,21,False,normal,0.0274333088715094,0.0088147541611623,0.0199858869873706,2.5935374149659864,NORMAL,False,0.0,False
ACC_01818,8,8,1.0,0.0003302267572089,0.0022468085106382,0.0083333333333333,10725.79,7558.44,23,15,8,8,466.338695652174,334.8778192158548,0.0,1,23,False,normal,0.0294349796102849,0.0058054305711189,0.0199831599946185,2.5510204081632653,NORMAL,False,0.0,False
ACC_01837,8,8,1.0,0.0004462364745626,0.001931914893617,0.0,14407.45,9482.88,24,26,8,8,600.3104166666667,438.74255995653095,0.0,1,24,False,normal,0.0298618216193464,0.0050559033756754,0.019939454321878,2.508503401360544,NORMAL,False,0.0,False
ACC_01660,6,7,1.1428571428571428,0.0002469141319969,0.0001055319148936,0.0128205128205128,12436.03,6954.36,23,15,7,6,540.6969565217391,380.4446123399542,0.0,1,23,False,normal,0.0295203217802572,0.0046371381018013,0.0195670483088748,2.465986394557823,NORMAL,False,0.0,False
ACC_01658,6,8,1.2857142857142858,0.0003465746918487,0.000275744680851,0.0,11593.8,6547.27,26,12,8,6,445.9153846153846,289.2156065530457,0.0,1,26,False,normal,0.0276124216339631,0.007448373183959,0.0195468022539615,2.423469387755102,NORMAL,False,0.0,False
ACC_01088,6,6,1.0,0.0004218357742673,0.0011872340425531,0.0,10296.65,7880.8,20,19,6,6,514.8325,343.67272009213406,0.0,1,19,False,normal,0.0288459719788449,0.0046374769278973,0.0191625739584658,2.380952380952381,NORMAL,False,0.0,False
ACC_00149,7,9,1.25,0.0005246558365211,7.659574468085106e-05,0.0,11739.41,15277.13,22,27,9,7,533.6095454545455,382.6157529985412,0.0,1,22,False,normal,0.0255068739713123,0.0078331084653879,0.0184373677689426,2.33843537414966,NORMAL,False,0.0,False
ACC_01503,8,7,0.8888888888888888,0.0005704996726794,0.0028195744680851,0.0095238095238095,11082.44,12159.1,25,31,7,8,443.2976000000001,333.8719500457224,0.0,1,25,False,normal,0.0287703635499423,0.002542552781004,0.0182792392423669,2.295918367346939,NORMAL,False,1.0,True
ACC_00197,7,8,1.125,0.0003509168317143,0.0021446808510638,0.0,9592.86,11864.59,22,28,8,7,436.0390909090909,263.2112910790781,0.0,1,22,False,normal,0.0268037064645412,0.0054492436056681,0.0182619213209919,2.253401360544218,NORMAL,False,0.0,False
ACC_01711,7,8,1.125,0.0003605752901555,0.0023931914893617,0.019047619047619,12899.5,9982.03,26,18,8,7,496.13461538461536,404.6084882671718,0.0,1,26,False,normal,0.0282499341574862,0.0029543597253582,0.018131704384635,2.2108843537414966,NORMAL,False,0.0,False
ACC_01054,10,8,0.8181818181818182,0.0005376656695679,0.0013651063829787,0.0,14393.23,13024.76,28,33,8,10,514.0439285714285,355.6665472804057,0.0,1,28,False,normal,0.027413190805676,0.0038232294938264,0.0179772062809362,2.1683673469387754,NORMAL,False,1.0,True
ACC_01459,5,7,1.3333333333333333,0.0005075763962223,0.0004834042553191,0.0,11673.13,9849.76,23,16,7,5,507.5273913043479,335.70467608812186,0.0,1,23,False,normal,0.0263447952027301,0.0049475333706074,0.017785890469881,2.1258503401360542,NORMAL,False,0.0,False
ACC_00342,8,9,1.1111111111111112,0.000435533869475,0.0010195744680851,0.0073529411764705,13620.28,11902.05,27,30,9,8,504.4548148148148,415.0170647128248,0.0,1,27,False,normal,0.026677602980866,0.0035602271279273,0.0174306526396905,2.083333333333333,NORMAL,False,0.0,False
ACC_01039,10,7,0.7272727272727273,0.0004083616976388,0.0012280851063829,0.0,12931.47,11466.46,24,24,7,10,538.81125,370.6501600338953,0.0,1,23,False,normal,0.0229677387060732,0.0084253039899013,0.0171507648196044,2.0408163265306123,NORMAL,False,0.0,False
ACC_00911,8,9,1.1111111111111112,0.0003616596880494,0.0028866243124546,0.0073529411764705,10876.33,12936.17,25,26,9,8,435.0532,279.17866536980694,0.0,1,24,False,normal,0.0254560298274699,0.0041394795317351,0.016929409709176,1.9982993197278915,NORMAL,False,0.0,False
ACC_01558,5,8,1.5,0.0004594498835354,0.0003617021276595,0.0,13662.06,11707.66,27,18,8,5,506.0022222222222,334.109518483125,0.0,1,26,False,normal,0.0252710248238679,0.0043004516513881,0.0168827955548759,1.95578231292517,NORMAL,False,0.0,False
ACC_00081,6,9,1.4285714285714286,0.0004409676264637,0.0005995744680851,0.0,13414.06,10248.1,28,18,9,6,479.0735714285714,355.0662138376372,0.0,1,27,False,normal,0.0253908340235087,0.0040861302391293,0.0168689525097569,1.913265306122449,NORMAL,False,0.0,False
ACC_00559,9,8,0.9,0.0003994957354516,0.0028817021276595,0.0083333333333333,9889.56,10462.77,23,25,8,9,429.98086956521735,317.09461166135264,0.0,1,22,False,normal,0.0258315346963114,0.0029335658300365,0.0166723471498015,1.870748299319728,NORMAL,False,0.0,False
ACC_00406,6,9,1.4285714285714286,0.0002685067472511,0.0016178723404255,0.0,13630.97,5746.64,25,17,9,6,545.2388,326.93383874926946,0.0,1,25,False,normal,0.0252353575635376,0.0032112110175713,0.0164256989451511,1.8282312925170068,NORMAL,False,0.0,False
ACC_00882,6,7,1.1428571428571428,0.000382543961982,0.0015251063829787,0.0,9751.59,9378.22,19,20,7,6,513.2415789473685,346.6930290018528,0.0,1,19,False,normal,0.02377173808015,0.0050765035674685,0.0162936442750774,1.7857142857142856,NORMAL,False,0.0,False
ACC_00207,8,6,0.7777777777777778,0.0003438567480567,0.001555744680851,0.0109890109890109,12470.22,8574.28,26,16,6,8,479.6238461538461,332.0291800318391,0.0,1,26,False,normal,0.0216945730254871,0.0074385140803784,0.0159921494474436,1.7431972789115644,NORMAL,False,0.0,False
ACC_00858,8,7,0.8888888888888888,0.0005276941967458,0.000370954675308,0.0,12111.84,16728.32,24,36,7,8,504.66,324.7796435444647,0.0,1,24,False,normal,0.0236301340894502,0.0044457480248154,0.0159563796635962,1.7006802721088436,NORMAL,False,0.0,False
ACC_00371,8,7,0.8888888888888888,0.0004107124591043,0.0020210634034025,0.0,11332.23,12522.43,25,28,7,8,453.2892,249.7283229318079,0.0,1,25,False,normal,0.0228535816382017,0.005180868100445,0.015784496223099,1.6581632653061225,NORMAL,False,0.0,False
ACC_01626,9,8,0.9,0.0005808611959743,0.0005948936170212,0.0073529411764705,12720.0,18454.68,25,37,8,9,508.8,301.9990242671876,0.0,1,25,False,normal,0.0221518313718172,0.006222442385695,0.0157800757773683,1.6156462585034017,NORMAL,False,0.0,False
ACC_01448,9,7,0.8,0.0004146030701268,0.0022042553191489,0.0,13688.69,15076.13,28,29,7,9,488.88178571428574,340.1316895301275,0.0,1,28,False,normal,0.0232305967704721,0.0043292674622783,0.0156700650471946,1.5731292517006803,NORMAL,False,0.0,False
ACC_01195,9,6,0.7,0.0005590029383064,0.0007463829787234,0.0095238095238095,12749.84,14380.46,25,30,6,9,509.9936,402.3574462866735,0.0,1,25,False,normal,0.0238994983356845,0.0030704722373482,0.01556788789635,1.530612244897959,NORMAL,False,0.0,False
ACC_00331,8,6,0.7777777777777778,0.0004722430025323,0.0002417021276595,0.0,11019.84,13509.79,23,26,6,8,479.1234782608696,264.6324344789596,0.0,1,23,False,normal,0.0230875842553969,0.0033948236197965,0.0152104800011567,1.488095238095238,NORMAL,False,0.0,False
ACC_01303,7,9,1.25,0.0003391537520336,0.0016297872340425,0.0083333333333333,12907.09,11985.25,24,24,9,7,537.7954166666667,453.04122041059713,0.0,1,24,False,normal,0.0197655234002286,0.0083670670042741,0.0152061408418468,1.445578231292517,NORMAL,False,0.0,False
ACC_01482,8,8,1.0,0.0005665385153813,0.0003973905257323,0.0,13292.93,14925.99,27,25,8,8,492.3307407407408,426.2870261376439,0.0,1,27,False,normal,0.0231212688520492,0.0020525894002041,0.0146937970713112,1.403061224489796,NORMAL,False,0.0,False
ACC_01360,6,6,1.0,0.0002266493185945,0.0002080757259199,0.0,11988.02,10562.38,25,22,6,6,479.5208,300.76431058942705,0.0,1,23,False,normal,0.0205490231930992,0.0052098008932779,0.0144133342731707,1.3605442176870748,NORMAL,False,0.0,False
ACC_00444,8,9,1.1111111111111112,0.0004114013109121,0.0009821276595744,0.0,12645.28,12494.24,22,27,9,8,574.7854545454546,368.9659701656235,0.0,1,22,False,normal,0.0193264795939783,0.0066309432319451,0.014248265049165,1.3180272108843538,NORMAL,False,0.0,False
ACC_00497,7,8,1.125,0.000288846305172,0.0006706382978723,0.0,11726.07,11824.46,21,25,8,7,558.3842857142857,327.25509385755066,0.0,1,20,False,normal,0.0185719455222026,0.0071318079226364,0.0139958904823761,1.2755102040816326,NORMAL,False,0.0,False
ACC_01216,7,9,1.25,0.0004498478281503,0.0021685106382978,0.0,12426.25,13677.55,25,32,9,7,497.05,325.99923319183847,0.0,1,25,False,normal,0.019153479777533,0.0045729100339958,0.0133212518801181,1.2329931972789114,NORMAL,False,1.0,True
ACC_00291,7,6,0.875,0.0004566493200393,0.0008034042553191,0.0,13558.43,13012.07,23,28,6,7,589.4969565217391,328.7865298119294,0.0,1,22,False,normal,0.0199867107026745,0.0020791427073677,0.0128236835045518,1.1904761904761905,NORMAL,False,0.0,False
ACC_01848,7,9,1.25,0.0005077899763481,0.0014510638297872,0.0095238095238095,11348.83,13798.26,22,26,9,7,515.8559090909091,379.2718363071544,0.0,1,22,False,normal,0.0174086851860372,0.0058912998410885,0.0128017310480577,1.1479591836734695,NORMAL,False,1.0,True
ACC_01445,7,9,1.25,0.0004493621747784,0.0024696200912463,0.0083333333333333,12445.79,16716.420000000002,25,27,9,7,497.8316,370.17885792636326,0.0,1,25,False,normal,0.0185994390257406,0.0027461056909666,0.012258105691831,1.1054421768707483,NORMAL,False,0.0,False
ACC_00619,6,9,1.4285714285714286,0.0004866528078793,0.0016025531914893,0.0,12230.25,12458.4,24,21,9,6,509.59375,406.5510383683328,0.0,1,24,False,normal,0.01554105241648,0.0058476815173065,0.0116637040568106,1.0629251700680271,NORMAL,False,0.0,False
ACC_01928,7,8,1.125,0.0003432741134304,0.0001897872340425,0.0095238095238095,12439.34,12613.33,27,23,8,7,460.7162962962963,289.1771773650748,0.0,1,27,False,normal,0.015189983115814,0.0061702901837704,0.0115821059429965,1.020408163265306,NORMAL,False,0.0,False
ACC_00324,7,7,1.0,0.0004300089214425,0.001463829787234,0.0109890109890109,12417.41,8975.23,23,19,7,7,539.8873913043478,408.7209252847383,0.0,1,23,False,normal,0.0165271133904623,0.0036312019111315,0.01136874879873,0.9778911564625852,NORMAL,False,0.0,False
ACC_01294,6,8,1.2857142857142858,0.0003312635913908,0.0002868085106382,0.0,11636.07,11891.74,26,18,8,6,447.54115384615386,295.52711315650106,0.0,1,26,False,normal,0.0151838297913968,0.0047164115912447,0.010996862511336,0.935374149659864,NORMAL,False,0.0,False
ACC_01859,7,6,0.875,0.0003619051203961,0.0003642553191489,0.0,14259.25,10026.64,28,20,6,7,509.25892857142856,297.45504215967986,0.0,1,26,False,normal,0.0144713015824469,0.0052667691860101,0.0107894886238721,0.8928571428571428,NORMAL,False,0.0,False
ACC_00883,8,8,1.0,0.0003342933056103,0.0030536170212765,0.0083333333333333,12694.74,11567.8,23,18,8,8,551.9452173913044,315.7078936852512,0.0,1,22,False,normal,0.0158430957833829,0.0031949470398958,0.0107838362859881,0.8503401360544218,NORMAL,False,0.0,False
ACC_01385,7,9,1.25,0.0003172885253071,0.0011395744680851,0.0083333333333333,14087.48,13004.14,27,26,9,7,521.7585185185185,327.57757933402,0.0,1,27,False,normal,0.0135928349982933,0.0054461014567833,0.0103341415816893,0.8078231292517007,NORMAL,False,1.0,True
ACC_01773,7,8,1.125,0.0003369923969851,0.0008723404255319,0.0,13502.4,9965.03,29,17,8,7,465.6,338.6803021919892,0.0,1,28,False,normal,0.0135775705645656,0.0047175507923267,0.0100335626556701,0.7653061224489796,NORMAL,False,0.0,False
ACC_00886,6,8,1.2857142857142858,0.0003721858801092,0.0013906382978723,0.0,10100.27,9042.59,24,19,8,6,420.8445833333333,321.7076845722873,0.0,1,24,False,normal,0.015637864669277,0.0015463808170902,0.0100012711284023,0.7227891156462585,NORMAL,False,0.0,False
ACC_00784,7,7,1.0,0.0003736033467965,0.0001565957446808,0.0,13312.41,9802.33,28,21,7,7,475.4432142857143,342.77236156412715,0.0,1,28,False,normal,0.0151603706119254,0.0022537531984916,0.0099977236465519,0.6802721088435374,NORMAL,False,1.0,True
ACC_00293,7,7,1.0,0.0003832909286697,0.0017463829787234,0.0109890109890109,14153.26,9124.75,27,24,7,7,524.1948148148148,312.8388341446804,0.0,1,26,False,normal,0.0153346257142188,0.0018596966619996,0.0099446540933311,0.6377551020408163,NORMAL,False,0.0,False
ACC_00970,8,6,0.7777777777777778,0.0003977181343275,0.0021931914893617,0.0,12607.85,14884.03,24,25,6,8,525.3270833333333,296.79893481701464,0.0,1,24,False,normal,0.0141199296397664,0.0035429692770077,0.0098891454946629,0.5952380952380952,NORMAL,False,0.0,False
ACC_00319,8,7,0.8888888888888888,0.0006202465623596,0.0013644309896388,0.0095238095238095,13935.42,13831.04,26,30,7,8,535.9776923076923,324.2511568560112,0.0,1,26,False,normal,0.0144901389170525,0.0023114715534774,0.0096186719716224,0.5527210884353742,NORMAL,False,1.0,True
ACC_00530,6,8,1.2857142857142858,0.0003103001319866,0.0008731914893617,0.0,11605.99,7613.6,26,16,8,6,446.3842307692308,375.2593363440604,0.0,1,26,False,normal,0.0141923812487716,0.0025700131621898,0.0095434340141389,0.5102040816326531,NORMAL,False,1.0,True
ACC_00312,6,8,1.2857142857142858,0.0004055197938677,0.0008902127659574,0.0,12846.86,11254.96,26,20,8,6,494.11,269.1040384089395,0.0,1,26,False,normal,0.010232031353497,0.0046151109038233,0.0079852631736275,0.467687074829932,NORMAL,False,0.0,False
ACC_00087,7,9,1.25,0.0003184371971675,0.000835744680851,0.0083333333333333,12866.12,10458.84,26,18,9,7,494.8507692307693,336.7687771979235,0.0,1,26,False,normal,0.0085085899059154,0.0057892603087338,0.0074208580670428,0.4251700680272109,NORMAL,False,0.0,False
ACC_00489,9,8,0.9,0.0003434309116686,0.0007872340425531,0.0,12492.14,14046.18,24,25,8,9,520.5058333333333,357.79874946820945,0.0,1,23,False,normal,0.0074085401768282,0.0068849200227997,0.0071990921152168,0.3826530612244898,NORMAL,False,0.0,False
ACC_00105,7,6,0.875,0.000410853724955,0.0008646808510638,0.0,12909.86,13083.8,27,25,6,7,478.142962962963,369.7192352501559,0.0,1,26,False,normal,0.0090824627315711,0.0024596896800659,0.006433353510969,0.3401360544217687,NORMAL,False,0.0,False
ACC_01375,8,8,1.0,0.0004019085240971,0.0011174468085106,0.0,11046.03,11571.29,22,21,8,8,502.0922727272727,307.29083208755986,0.0,1,21,False,normal,0.0074884793978252,0.0044218185712308,0.0062618150671874,0.2976190476190476,NORMAL,False,0.0,False
ACC_01980,6,7,1.1428571428571428,0.0003743038411307,0.0004314893617021,0.0,13288.49,13766.44,26,30,7,6,511.0957692307693,324.52891490495057,0.0,1,26,False,normal,0.0074946652852918,0.0042337557752417,0.0061903014812718,0.2551020408163265,NORMAL,False,0.0,False
ACC_01242,8,7,0.8888888888888888,0.0004207018112203,0.000931914893617,0.0095238095238095,13618.75,12360.92,24,20,7,8,567.4479166666666,345.15578529347874,0.0,1,23,False,normal,0.0080524410361802,0.0020923595378916,0.0056684084368648,0.2125850340136054,NORMAL,False,0.0,False
ACC_01429,8,8,1.0,0.0004420470408852,0.0020646808510638,0.0,11325.73,11702.52,24,23,8,8,471.90541666666667,361.66990924321135,0.0,1,24,False,normal,0.0037302545946705,0.0009065990684193,0.00260079238417,0.1700680272108843,NORMAL,False,0.0,False
ACC_00934,8,8,1.0,0.0004535460090198,0.0010872809448684,0.0,14044.01,14955.38,26,27,8,8,540.1542307692308,346.852718555563,0.0,1,26,False,normal,0.0038894729525659,0.0006565489653717,0.0025963033576882,0.1275510204081632,NORMAL,False,0.0,False
ACC_00007,7,8,1.125,0.0004213175660763,0.0017574468085106,0.0095238095238095,13224.33,10622.42,26,20,8,7,508.62807692307695,370.80393894368746,0.0,1,26,False,normal,0.0021097650033458,0.0008475974820931,0.0016048979948447,0.0850340136054421,NORMAL,False,0.0,False
ACC_00153,7,8,1.125,0.0003317871016531,0.0016501087280944,0.0095238095238095,12919.08,11027.7,24,24,8,7,538.295,331.2948964160244,0.0,1,24,False,normal,0.0,0.0016596949367345,0.0006638779746938,0.042517006802721,NORMAL,False,0.0,False
