account_id,in_degree,out_degree,degree_ratio,pagerank,betweenness,clustering_coeff,total_sent,total_received,n_txn_sent,n_txn_received,unique_receivers,unique_senders,avg_sent_amount,std_sent_amount,round_amount_ratio,max_hourly_velocity,device_diversity,is_smurf_related,role,iso_forest_score,reconstruction_score,risk_score,risk_percentile,alert_status
SINK_03,56,0,0.0175438596491228,0.0035456765365108,0.0,0.0,0.0,496741.15,0,56,0,56,0.0,0.0,0.0,0,0,True,sink,0.9891548226669007,0.9999999998114302,0.9934928935247125,100.0,CRITICAL
SINK_00,48,0,0.0204081632653061,0.0030567621674525,0.0,0.0,0.0,431920.99,0,48,0,48,0.0,0.0,0.0,0,0,True,sink,0.97536082497054,0.7661122048962969,0.8916613769408428,99.95748299319727,CRITICAL
SINK_01,47,0,0.0208333333333333,0.0029956478713202,0.0,0.0,0.0,419928.02,0,47,0,47,0.0,0.0,0.0,0,0,True,sink,0.97536082497054,0.7184022702138821,0.8725774030678768,99.91496598639455,CRITICAL
SINK_06,44,0,0.0222222222222222,0.0028123049829233,0.0,0.0,0.0,390392.37,0,44,0,44,0.0,0.0,0.0,0,0,True,sink,0.9627097287285629,0.6163862450872435,0.824180335272035,99.87244897959184,CRITICAL
SINK_07,40,0,0.024390243902439,0.0025678477983941,0.0,0.0,0.0,356714.07,0,40,0,40,0.0,0.0,0.0,0,0,True,sink,0.9487924568579748,0.5187770406832234,0.7767862903880742,99.82993197278913,CRITICAL
SINK_05,39,0,0.025,0.0025067335022618,0.0,0.0,0.0,347360.44,0,39,0,39,0.0,0.0,0.0,0,0,True,sink,0.9398201132339224,0.491801352826735,0.7606126090710474,99.7874149659864,CRITICAL
SINK_04,31,0,0.03125,0.0020178191332035,0.0,0.0,0.0,276553.52,0,31,0,31,0.0,0.0,0.0,0,0,True,sink,0.8856182884278561,0.31907519558961334,0.659001051292559,99.74489795918367,CRITICAL
SINK_02,31,0,0.03125,0.0020178191332035,0.0,0.0,0.0,272745.1,0,31,0,31,0.0,0.0,0.0,0,0,True,sink,0.88354935802976,0.30615144279890644,0.6525901919374185,99.70238095238095,CRITICAL
KING_03,0,56,57.0,7.153249159373995e-05,0.0,0.0,512199.66,0.0,56,0,56,0,9146.4225,356.4393579137973,0.0178571428571428,41,1,True,kingpin,0.9999999973785638,0.0485702027559195,0.6194280795295061,99.65986394557824,CRITICAL
KING_00,0,48,49.0,7.153249159373995e-05,0.0,0.0,445365.52,0.0,48,0,48,0,9278.448333333334,411.31230956709584,0.0,38,1,True,kingpin,0.9923367582998568,0.059991588981385326,0.6193986905724682,99.61734693877551,CRITICAL
KING_01,0,47,48.0,7.153249159373995e-05,0.0,0.0,432127.61,0.0,47,0,47,0,9194.204468085109,428.9281902036065,0.0,35,1,True,kingpin,0.9864825801902557,0.03810663435425175,0.6071322018558541,99.57482993197279,CRITICAL
KING_06,0,44,45.0,7.153249159373995e-05,0.0,0.0,403051.67,0.0,44,0,44,0,9160.265227272726,369.1200800488865,0.0227272727272727,33,1,True,kingpin,0.9894667602967588,0.032335082204594606,0.6066140890598931,99.53231292517006,CRITICAL
KING_07,0,40,41.0,7.153249159373995e-05,0.0,0.0,367470.36,0.0,40,0,40,0,9186.759,406.7982249337264,0.025,30,1,True,kingpin,0.9715142344637179,0.03170359714582424,0.5955899795365605,99.48979591836735,CRITICAL
KING_05,0,39,40.0,7.153249159373995e-05,0.0,0.0,357769.33,0.0,39,0,39,0,9173.572564102564,381.322482467737,0.0256410256410256,30,1,True,kingpin,0.9610905547615053,0.033309659216845894,0.5899781965436415,99.44727891156462,CRITICAL
KING_04,0,31,32.0,7.153249159373995e-05,0.0,0.0,285459.93,0.0,31,0,31,0,9208.384838709677,406.0854186323445,0.0,26,1,True,kingpin,0.8890067399751653,0.057296384441498906,0.5563225977616988,99.40476190476191,CRITICAL
KING_02,0,31,32.0,7.153249159373995e-05,0.0,0.0,280498.15,0.0,31,0,31,0,9048.32741935484,375.2043673428101,0.0,22,1,True,kingpin,0.876277526242498,0.02246385604431084,0.5347520581632231,99.36224489795919,CRITICAL
ACC_00624,14,10,0.7333333333333333,0.0016175587992947,0.009167659574468,0.0072463768115942,10753.18,46112.46,23,90,10,14,467.52956521739134,312.1167028019875,0.0,1,23,False,normal,0.5184577987328488,0.1554285059269898,0.3732460816105052,99.31972789115646,CRITICAL
ACC_00929,9,14,1.5,0.0013140117355478,0.0013940425531914,0.0039525691699604,17684.11,27232.54,37,52,14,9,477.9489189189189,422.7917743719437,0.0,2,37,False,normal,0.5493314578863706,0.08049408208688213,0.3617965075665752,99.27721088435374,CRITICAL
ACC_01262,14,9,0.6666666666666666,0.0015781993126258,0.0014403274634375,0.0039525691699604,11572.19,27447.24,17,56,9,14,680.7170588235293,612.337513271528,0.0,1,17,False,normal,0.4991004725088629,0.11849543308328273,0.3468584567386308,99.23469387755102,CRITICAL
ACC_01817,16,8,0.5294117647058824,0.0011619744206864,0.0051379354453588,0.0072463768115942,16907.9,26835.5,35,51,8,16,483.0828571428572,302.34104778205284,0.0,2,34,False,normal,0.5349414064866218,0.03956629786492471,0.33679136303794294,99.1921768707483,CRITICAL
ACC_00677,0,8,9.0,7.153249159373995e-05,0.0,0.0,15250.17,0.0,23,0,8,0,663.0508695652173,620.1969446431223,0.0,1,23,False,normal,0.4765233924204123,0.12019826134037906,0.333993339988399,99.14965986394559,CRITICAL
ACC_01381,8,13,1.5555555555555556,0.0003030601095344,0.0079361702127659,0.0095238095238095,22872.19,8324.6,38,16,13,8,601.8997368421052,426.61586967914246,0.0,2,37,False,normal,0.5228303048107035,0.018434972151627965,0.32107217174707325,99.10714285714286,CRITICAL
ACC_00626,4,15,3.2,0.0001190994136611,0.0033574468085106,0.0,19873.06,1811.9,38,6,15,4,522.9752631578948,366.51642385483126,0.0263157894736842,1,34,False,normal,0.5064313223865388,0.04211800224345096,0.32070599432930363,99.06462585034014,CRITICAL
ACC_01635,2,11,4.0,0.0001272328747755,0.0001483818701232,0.0256410256410256,16487.77,1651.1,32,2,11,2,515.2428125,363.4077309369435,0.0,2,32,False,normal,0.5148492270142271,0.028543300486919873,0.32032685640330416,99.02210884353741,CRITICAL
ACC_01883,6,5,0.8571428571428571,0.0002779274693689,0.000355744680851,0.0363636363636363,23519.63,5774.47,38,11,5,6,618.9376315789474,500.3648445178519,0.0,2,37,False,normal,0.5016972302098969,0.0449174628752442,0.3189853232760358,98.9795918367347,CRITICAL
ACC_00179,15,6,0.4375,0.0012964403336049,0.0087579414147443,0.0157894736842105,12620.54,31818.47,29,54,6,15,435.19103448275865,235.05121541219216,0.0,1,28,False,normal,0.4922360255470974,0.058362645399326084,0.31868667348798885,98.93707482993197,CRITICAL
ACC_00773,15,4,0.3125,0.0014356858631254,0.0004263846842621,0.0,13889.32,36812.05,30,62,4,15,462.9773333333333,420.6204691752357,0.0,1,29,False,normal,0.48961385280225245,0.050910382512748265,0.3141324646864508,98.89455782312925,CRITICAL
ACC_00275,15,3,0.25,0.0011319340433161,0.0,0.0065359477124183,15190.7,34436.15,29,61,3,15,523.8172413793104,403.5237930486924,0.0344827586206896,1,29,False,normal,0.4932916408343278,0.04293978634083785,0.31315089903693183,98.85204081632652,CRITICAL
MULE_02_015,1,1,1.0,7.354633313960334e-05,0.0,0.0,8811.0,9242.99,1,1,1,1,8811.0,0.0,1.0,0,1,True,mule,0.5135151989998917,0.00013974383688085558,0.30816501693468734,98.80952380952381,CRITICAL
MULE_05_034,1,1,1.0,7.314686555251506e-05,0.0,0.0,9284.0,9450.71,1,1,1,1,9284.0,0.0,1.0,0,1,True,mule,0.5115979283222335,0.0007008459966919341,0.3072390953920168,98.76700680272108,CRITICAL
ACC_00062,7,13,1.75,0.0001449089223599,0.0080774468085106,0.0263157894736842,18828.05,2765.06,37,7,13,7,508.8662162162162,404.8637450382491,0.027027027027027,1,37,False,normal,0.49318850510936296,0.02813692799951741,0.3071678742654247,98.72448979591837,CRITICAL
ACC_00698,2,8,3.0,0.0001227710571441,0.0002902127659574,0.0444444444444444,7353.08,2526.73,19,7,8,2,387.0042105263158,277.50716457849813,0.0,2,19,False,normal,0.49968473305403677,0.016562217098961787,0.3064357266720068,98.68197278911565,CRITICAL
MULE_03_043,1,1,1.0,7.261775191901029e-05,0.0,0.0,8949.0,9095.58,1,1,1,1,8949.0,0.0,1.0,0,1,True,mule,0.49670265587496715,0.0002468926760434994,0.29812035059539765,98.63945578231292,CRITICAL
ACC_01066,15,10,0.6875,0.0011122361773844,0.0132208510638297,0.0066666666666666,11674.55,26606.06,24,58,10,15,486.43958333333336,408.7787998467713,0.0,1,24,False,normal,0.4649169849972132,0.046332256351685155,0.297483093539002,98.5969387755102,CRITICAL
ACC_00673,15,5,0.375,0.0010955040065224,0.0035931914893617,0.0105263157894736,8173.17,23676.51,19,50,5,15,430.1668421052632,322.5807422793148,0.0,2,19,False,normal,0.4669557411877654,0.03837716545250986,0.29552431089366316,98.55442176870748,CRITICAL
ACC_01601,4,12,2.6,0.0002793688180641,0.0011693617021276,0.0,22832.08,5968.81,37,11,12,4,617.0832432432433,481.9727111284648,0.0,2,36,False,normal,0.4770894279792803,0.020449004807018795,0.2944332587103757,98.51190476190477,CRITICAL
ACC_00368,16,8,0.5294117647058824,0.0007077135358872,0.0054425531914893,0.0072463768115942,6946.69,23000.49,19,45,8,16,365.61526315789473,241.0189243692154,0.0,2,19,False,normal,0.4681765967896003,0.029132942809473508,0.29255913519754956,98.46938775510205,CRITICAL
MULE_06_038,1,1,1.0,7.28741483975051e-05,0.0,0.0,8513.0,8848.29,1,1,1,1,8513.0,0.0,1.0,0,1,True,mule,0.48331450403931375,0.0,0.28998870242358826,98.42687074829932,CRITICAL
ACC_01388,13,5,0.4285714285714285,0.0013584957063532,7.659574468085107e-06,0.0,9622.13,35527.1,18,71,5,13,534.5627777777777,393.2791336324031,0.0,1,18,False,normal,0.43130387470447695,0.074134267598874,0.28843603186223576,98.3843537414966,CRITICAL
ACC_01404,15,10,0.6875,0.0013365620210562,0.0016340425531914,0.0133333333333333,15060.78,36744.81,26,69,10,15,579.2607692307693,376.9989168782645,0.0,1,26,False,normal,0.4404789152228626,0.052754746463215305,0.28538924771900365,98.34183673469387,CRITICAL
MULE_01_003,1,1,1.0,7.28372953261431e-05,0.0,0.0,9002.0,9226.02,1,1,1,1,9002.0,0.0,1.0,0,1,True,mule,0.4738758041950238,0.00030739151370692586,0.28444843912249707,98.29931972789116,CRITICAL
ACC_01822,16,7,0.4705882352941176,0.000611326412395,0.0158808510638297,0.0,16478.54,21705.36,28,41,7,16,588.5192857142857,354.1202334207824,0.0,1,28,False,normal,0.4315895846533655,0.06279982086857522,0.28407367913944936,98.25680272108843,CRITICAL
MULE_00_022,1,1,1.0,7.280872659865578e-05,0.0,0.0,8906.0,9300.46,1,1,1,1,8906.0,0.0,1.0,0,1,True,mule,0.46855500255031013,0.00021675921731882525,0.2812197052171136,98.21428571428571,CRITICAL
ACC_00690,4,16,3.4,0.0002185265461863,0.002171914893617,0.0210526315789473,14039.73,7036.12,30,15,16,4,467.991,252.30853518371453,0.0333333333333333,1,30,False,normal,0.41597895632827236,0.07191498574886121,0.2783533680965079,98.171768707483,CRITICAL
MULE_04_022,1,1,1.0,7.365028466512647e-05,0.0,0.0,9660.68,9892.04,1,1,1,1,9660.68,0.0,0.0,0,1,True,mule,0.4605651819353722,0.002659543817411787,0.27740292668818806,98.12925170068027,CRITICAL
ACC_00234,15,8,0.5625,0.0009534067879086,0.001647659574468,0.0039525691699604,16658.65,32387.53,27,51,8,15,616.9870370370371,341.05433609295494,0.0,2,27,False,normal,0.4501234732057063,0.015041023610126191,0.2760904933674742,98.08673469387756,CRITICAL
ACC_01610,2,8,3.0,0.0003652953433326,1.5319148936170214e-05,0.0222222222222222,14910.66,6822.63,32,9,8,2,465.958125,333.82278444666684,0.0625,2,31,False,normal,0.44474410472846787,0.022774375825961715,0.2759562131674654,98.04421768707483,CRITICAL
ACC_01076,12,9,0.7692307692307693,0.0019326961841529,0.0011855319148936,0.0095238095238095,11941.62,39411.09,24,60,9,12,497.56750000000005,365.3467682751969,0.0416666666666666,1,24,False,normal,0.37118849791750197,0.13212063475546,0.27556135265268517,98.00170068027211,CRITICAL
ACC_01867,3,4,1.25,0.0001264687467266,0.0,0.0476190476190476,11022.73,4729.67,15,8,4,3,734.8486666666666,611.2451741774638,0.0,1,15,False,normal,0.41531009952010833,0.0628184854792961,0.2743134539037834,97.95918367346938,CRITICAL
ACC_00327,3,12,3.25,0.0001130377644146,0.0007642553191489,0.0095238095238095,18080.79,2101.27,38,7,12,3,475.8102631578948,283.1219574812893,0.0,1,37,False,normal,0.42565497967804145,0.04676071772035504,0.2740972748949669,97.91666666666666,CRITICAL
ACC_00798,5,5,1.0,0.0003435315832036,0.0066255319148936,0.0,5096.19,5336.93,9,15,5,5,566.2433333333333,372.70786884636607,0.1111111111111111,1,9,False,normal,0.4217667275717843,0.05136498268777779,0.2736060296181817,97.87414965986395,CRITICAL
ACC_01431,4,16,3.4,0.0003957630873829,0.0029113546241419,0.0157894736842105,15479.08,7960.67,33,14,16,4,469.0630303030303,284.7379836411544,0.0303030303030303,1,33,False,normal,0.40748599777701394,0.06610140988737442,0.2709321626211581,97.83163265306123,CRITICAL
ACC_00196,10,3,0.3636363636363636,0.0010590340672705,0.0003421276595744,0.0128205128205128,10327.74,19834.44,18,32,3,10,573.7633333333333,470.9523824437156,0.0555555555555555,2,18,False,normal,0.41767226592921547,0.047364102368527214,0.26954900050494013,97.78911564625851,CRITICAL
ACC_00349,13,10,0.7857142857142857,0.0010798858412513,0.0061378723404255,0.0079051383399209,12767.91,30848.51,33,65,10,13,386.9063636363636,278.55585257738466,0.0,1,31,False,normal,0.4143248783831254,0.04942186471907095,0.26836367291750357,97.74659863945578,CRITICAL
ACC_01824,3,5,1.5,0.000248631251958,0.0001497872340425,0.0714285714285714,11735.04,4774.35,26,8,5,3,451.34769230769234,251.34006301117523,0.0,2,25,False,normal,0.4341223184985075,0.016012770264549368,0.26687849920492424,97.70408163265306,CRITICAL
ACC_01256,7,5,0.75,0.0003068635040192,0.0013617021276595,0.0,7414.26,6175.38,10,11,5,7,741.426,734.3016438040523,0.0,1,10,False,normal,0.3430347571116688,0.14656865765420204,0.2644483173286821,97.66156462585033,CRITICAL
MULE_02_010,1,1,1.0,7.33927358864864e-05,8.527693685242827e-07,0.0,8117.56,8538.02,1,1,1,1,8117.56,0.0,0.0,0,1,True,mule,0.43999358429717805,0.00023824229794100994,0.26409144749748326,97.61904761904762,CRITICAL
ACC_00258,12,7,0.6153846153846154,0.0013803360534336,0.0003931914893617,0.0,14691.12,30460.44,26,51,7,12,565.0430769230769,497.71072562900815,0.0,2,26,False,normal,0.409515172151693,0.04594875485996933,0.2640886052350035,97.5765306122449,CRITICAL
MULE_06_018,1,1,1.0,7.303142551203292e-05,0.0,0.0,9755.58,9885.54,1,1,1,1,9755.58,0.0,0.0,0,1,True,mule,0.4369972914799818,0.002964993492069731,0.263384372284817,97.53401360544217,CRITICAL
MULE_00_026,1,1,1.0,7.288927911676625e-05,0.0,0.0,9753.33,9887.48,1,1,1,1,9753.33,0.0,0.0,0,1,True,mule,0.435984109380342,0.0029565333982886815,0.26277307898752067,97.49149659863946,CRITICAL
MULE_04_021,1,1,1.0,7.335731020217753e-05,8.510638297872341e-07,0.0,8174.06,8523.58,1,1,1,1,8174.06,0.0,0.0,0,1,True,mule,0.4373578976249993,0.00024831120092924376,0.2625140630553713,97.44897959183673,CRITICAL
ACC_01416,15,8,0.5625,0.0013985862105203,0.0010331914893617,0.0079051383399209,15368.4,34510.51,30,53,8,15,512.28,360.47214226861433,0.0333333333333333,1,30,False,normal,0.41032125199184105,0.032956443933443214,0.2593753287684819,97.40646258503402,CRITICAL
ACC_00070,4,10,2.2,0.0003872908403699,0.0003812765957446,0.0109890109890109,21881.93,8597.36,35,20,10,4,625.198,472.75123586985006,0.0285714285714285,2,34,False,normal,0.42348380150996995,0.012388775962609285,0.2590457912910257,97.3639455782313,CRITICAL
ACC_00560,12,12,1.0,0.0011165206806148,0.0042663829787234,0.0072463768115942,18970.3,28416.9,29,57,12,12,654.1482758620689,426.81069481403046,0.0,1,28,False,normal,0.40552575399169843,0.038673675340049604,0.2587849225310389,97.32142857142857,CRITICAL
ACC_01314,4,11,2.4,9.57776936041247e-05,0.0026042553191489,0.0,15240.46,1113.9,33,5,11,4,461.8321212121213,293.8801951131359,0.0606060606060606,2,31,False,normal,0.41558378254646744,0.021142156263947675,0.2578071320334595,97.27891156462584,CRITICAL
MULE_00_025,1,1,1.0,7.288160973542117e-05,0.0,0.0,9731.56,9831.59,1,1,1,1,9731.56,0.0,0.0,0,1,True,mule,0.4252874802954503,0.002888145061658983,0.25632774620193377,97.23639455782312,CRITICAL
ACC_00862,6,15,2.2857142857142856,0.000258388561145,0.0015897872340425,0.0210526315789473,14812.64,6328.92,32,11,15,6,462.895,363.98269171894384,0.0,2,31,False,normal,0.3963493353561077,0.044655234039588876,0.2556716948295002,97.1938775510204,CRITICAL
ACC_01465,15,5,0.375,0.0006855880566691,0.0093480851063829,0.0157894736842105,10357.72,17991.28,24,41,5,15,431.57166666666666,192.4527376801372,0.0,1,24,False,normal,0.39665231564162146,0.04177235461950507,0.2547003312327749,97.1513605442177,CRITICAL
MULE_04_017,1,1,1.0,7.364489600398006e-05,0.0,0.0,9539.15,9866.87,1,1,1,1,9539.15,0.0,0.0,0,1,True,mule,0.4217979326443904,0.002292300708549808,0.25399567987005417,97.10884353741497,CRITICAL
ACC_01832,8,3,0.4444444444444444,0.0011882887656689,0.0010246808510638,0.0181818181818181,14693.47,19113.63,32,30,3,8,459.1709375,287.1307243968174,0.0,2,32,False,normal,0.3722795603461775,0.0757686169528407,0.25367518298884273,97.06632653061224,CRITICAL
MULE_01_030,1,1,1.0,7.293133122133e-05,0.0,0.0,9669.95,9890.93,1,1,1,1,9669.95,0.0,0.0,0,1,True,mule,0.4191115607111061,0.002684939929344006,0.25254091239840126,97.02380952380952,CRITICAL
ACC_01569,15,6,0.4375,0.0005466476190744,0.0005182978723404,0.0095238095238095,9111.56,27094.44,18,63,6,15,506.1977777777777,364.72736306896667,0.0555555555555555,1,18,False,normal,0.37543126055023934,0.06739308595913424,0.2522159907137973,96.9812925170068,CRITICAL
ACC_01072,7,3,0.5,0.000249615205864,6.808510638297873e-06,0.0222222222222222,12876.92,4934.06,19,13,3,7,677.7326315789473,638.661361563232,0.0526315789473684,1,18,False,normal,0.3663509067181108,0.0722509306827718,0.24871091630397524,96.93877551020408,CRITICAL
ACC_00902,13,8,0.6428571428571429,0.0008234084447533,0.0134714893617021,0.0047619047619047,14625.54,18445.92,34,32,8,13,430.1629411764706,313.27107730516053,0.0,1,34,False,normal,0.38108318447058187,0.04866138607982687,0.24811446511427987,96.89625850340136,CRITICAL
ACC_00122,10,7,0.7272727272727273,0.0013101993258916,0.0026851063829787,0.0073529411764705,9517.95,36176.79,18,68,7,10,528.7750000000001,469.9005198005463,0.0,1,18,False,normal,0.34756686876391185,0.09871971587130639,0.24802800760686966,96.85374149659864,CRITICAL
ACC_00835,1,6,3.5,9.708751043440357e-05,0.0003285106382978,0.0,10893.64,307.17,23,1,6,1,473.6365217391304,397.0196099989463,0.0,2,23,False,normal,0.39673330129139645,0.024155019865400598,0.24770198872099808,96.81122448979592,CRITICAL
MULE_00_009,1,1,1.0,7.27075467517961e-05,8.510638297872341e-07,0.0,8188.73,8563.12,1,1,1,1,8188.73,0.0,0.0,0,1,True,mule,0.4122862177622638,0.00024574351981245754,0.2474700280652833,96.7687074829932,CRITICAL
ACC_00318,12,4,0.3846153846153846,0.0005524156957227,0.0010565812476015,0.0166666666666666,15781.34,20296.1,31,43,4,12,509.0754838709677,365.82707869373394,0.032258064516129,2,31,False,normal,0.3879212075643325,0.035631249590595264,0.2470052243748376,96.72619047619048,CRITICAL
ACC_01297,18,6,0.3684210526315789,0.0012594377343282,0.0021182978723404,0.0072463768115942,10150.73,26800.0,25,52,6,18,406.0292,378.6347659015656,0.0,1,25,False,normal,0.3853689653713262,0.039100574190388634,0.24686160889895115,96.68367346938776,CRITICAL
ACC_00148,2,10,3.6666666666666665,0.000139031829209,0.0005523404255319,0.0151515151515151,17606.06,1987.95,28,5,10,2,628.7878571428572,432.31530331081217,0.0357142857142857,1,28,False,normal,0.3974306458243525,0.02064751147510943,0.24671739208465526,96.64115646258503,CRITICAL
ACC_00330,16,7,0.4705882352941176,0.0006669604035823,0.0042015946787191,0.0079051383399209,14672.53,22586.33,21,45,7,16,698.6919047619048,529.5937972032815,0.0,1,21,False,normal,0.3778055313344295,0.049439164838356246,0.2464589847360002,96.5986394557823,CRITICAL
ACC_00567,2,9,3.333333333333333,8.59928840680532e-05,0.0030502127659574,0.0,7123.89,604.97,15,3,9,2,474.926,225.6386539770423,0.0,1,15,False,normal,0.3928939153612338,0.026613175326543777,0.24638161934735778,96.5561224489796,CRITICAL
ACC_00057,12,13,1.0769230769230769,0.0006898410485717,0.0046421276595744,0.0066666666666666,18246.6,22761.66,35,47,13,12,521.3314285714285,298.23003254636353,0.0285714285714285,1,35,False,normal,0.39087168451057946,0.029218265081740274,0.24621031673904378,96.51360544217688,CRITICAL
ACC_01888,13,10,0.7857142857142857,0.0010848201225148,0.0038808510638297,0.0079051383399209,14118.03,24293.92,35,43,10,13,403.3722857142857,304.57446701804747,0.0285714285714285,1,35,False,normal,0.39157676645901224,0.02802578830313147,0.24615637519665992,96.47108843537416,CRITICAL
ACC_00487,15,3,0.25,0.000888049249608,0.0011548936170212,0.0,13649.17,26259.31,29,52,3,15,470.6610344827586,347.24486615915816,0.0,1,29,False,normal,0.38175457326760315,0.0421745449597639,0.24592256194446743,96.42857142857143,CRITICAL
ACC_00337,8,14,1.6666666666666667,0.0005563006702215,0.0099441436063616,0.0129870129870129,14493.09,10250.98,36,20,14,8,402.5858333333333,300.86202100322146,0.0,1,36,False,normal,0.3933047223093172,0.024495306753776667,0.24578095608710096,96.3860544217687,CRITICAL
MULE_05_022,1,1,1.0,7.320021276000798e-05,0.0,0.0,9651.75,9763.01,1,1,1,1,9651.75,0.0,0.0,0,1,True,mule,0.4076182023855005,0.0026378608301499667,0.2456260657633603,96.34353741496598,CRITICAL
ACC_00714,7,11,1.5,0.0006494033933664,0.0121753191489361,0.0130718954248366,7567.97,19174.95,18,38,11,7,420.4427777777778,238.17962892112865,0.0,1,17,False,normal,0.3820889159522886,0.03933349032104089,0.2449867456997895,96.30102040816327,CRITICAL
ACC_00680,6,10,1.5714285714285714,0.000503708523785,0.0002910638297872,0.0,16038.87,7951.280000000001,42,14,10,6,381.8778571428572,273.2244401589547,0.0238095238095238,2,41,False,normal,0.3745499238703789,0.04996012009972426,0.24471400236211704,96.25850340136054,CRITICAL
MULE_00_036,1,1,1.0,7.288568250762231e-05,0.0,0.0,9637.6,9861.27,1,1,1,1,9637.6,0.0,0.0,0,1,True,mule,0.4049629274960243,0.002585050082729711,0.24401177653070646,96.21598639455783,CRITICAL
ACC_00476,12,9,0.7692307692307693,0.0010937612415669,0.0013693617021276,0.0047619047619047,18884.55,26243.96,31,48,9,12,609.1790322580645,448.8529260634256,0.0,2,31,False,normal,0.39186585001373286,0.01932386855619157,0.24284905743071636,96.1734693877551,CRITICAL
ACC_00813,3,12,3.25,9.901924968755406e-05,0.0029651063829787,0.0095238095238095,12808.16,1506.41,28,5,12,3,457.4342857142857,337.5219939986196,0.0,2,27,False,normal,0.3915465909192056,0.01961922419529193,0.2427756442296401,96.13095238095238,CRITICAL
ACC_01232,8,7,0.8888888888888888,0.0011242223966507,3.325800537244702e-05,0.0095238095238095,10301.86,28716.18,16,52,7,8,643.86625,550.619300471448,0.0,1,16,False,normal,0.3496889791807115,0.08133602537420813,0.24234779765811015,96.08843537414967,CRITICAL
ACC_00800,15,11,0.75,0.0009147373864567,0.0059191489361702,0.01,17202.99,20243.48,31,42,11,15,554.9351612903226,419.58349920582725,0.032258064516129,1,30,False,normal,0.3948638481163606,0.013489718187398438,0.24231419614477573,96.04591836734694,CRITICAL
ACC_01228,12,12,1.0,0.0012663157557127,0.0030622948023706,0.0181159420289855,11787.09,28507.2,22,53,12,12,535.7768181818182,371.6845300262341,0.0,1,22,False,normal,0.36546690216866595,0.057541137469869844,0.24229659628914751,96.00340136054422,CRITICAL
ACC_01280,13,9,0.7142857142857143,0.0011522166898402,0.0033360337696669,0.0129870129870129,8729.67,32849.85,21,63,9,13,415.6985714285714,246.5095812394665,0.0,1,21,False,normal,0.36995593620050116,0.04815168078598636,0.24123423403469524,95.96088435374149,CRITICAL
ACC_00891,7,4,0.625,0.0003091972381101,0.0001565957446808,0.0181818181818181,17690.17,9244.88,37,16,4,7,478.1127027027027,406.0389999785779,0.027027027027027,2,37,False,normal,0.37208557217917515,0.04443411143457773,0.2410249878813362,95.91836734693877,CRITICAL
ACC_00987,7,6,0.875,0.0009711283371607,0.0,0.0,10277.44,39260.38,21,69,6,7,489.4019047619048,368.18394084504894,0.0952380952380952,1,21,False,normal,0.3436763732299663,0.08662715111419272,0.24085668438365687,95.87585034013605,CRITICAL
ACC_01222,12,5,0.4615384615384615,0.0009728723997343,0.0030493617021276,0.0294117647058823,9753.06,24327.07,20,41,5,12,487.653,326.76026601035494,0.0,2,20,False,normal,0.3882452010460942,0.019235822439547898,0.24064144960347567,95.83333333333334,CRITICAL
ACC_00323,9,18,1.9,0.0004179417699359,0.0076221276595744,0.0028490028490028,11455.85,11871.43,32,21,18,9,357.9953125,271.3811034853596,0.0,1,32,False,normal,0.36556735529262885,0.052444624292055,0.24031826289239933,95.79081632653062,CRITICAL
MULE_07_039,1,1,1.0,7.31716393733844e-05,0.0,0.0,9604.24,9855.93,1,1,1,1,9604.24,0.0,0.0,0,1,True,mule,0.39758730858412217,0.002484336631523878,0.23954611980308282,95.74829931972789,CRITICAL
ACC_01956,12,4,0.3846153846153846,0.0009568761723272,0.0002936170212765,0.0,5830.13,20727.22,14,44,4,12,416.4378571428571,142.51944122057233,0.0,1,14,False,normal,0.37231223831328397,0.038929556150218377,0.23895916544805773,95.70578231292517,CRITICAL
MULE_04_024,1,1,1.0,7.362392796771944e-05,0.0,0.0,9496.83,9768.93,1,1,1,1,9496.83,0.0,0.0,0,1,True,mule,0.3965688878817498,0.0021771528109857568,0.23881219385344418,95.66326530612244,CRITICAL
ACC_00783,15,4,0.3125,0.0005553129614557,0.0014017021276595,0.0058479532163742,14049.68,20550.48,22,43,4,15,638.6218181818182,470.3651079000973,0.0454545454545454,1,22,False,normal,0.3636443959733421,0.050951186834389706,0.23856711231776112,95.62074829931973,CRITICAL
MULE_00_003,1,1,1.0,7.287092008062097e-05,0.0,0.0,9648.9,9753.69,1,1,1,1,9648.9,0.0,0.0,0,1,True,mule,0.39466744649368696,0.0026277296853127186,0.23785155977033726,95.578231292517,CRITICAL
ACC_01686,12,14,1.1538461538461535,0.0005897736210059,0.0099714322261544,0.0061538461538461,16715.19,19399.48,33,31,14,12,506.5209090909091,381.7016419384684,0.0303030303030303,1,32,False,normal,0.3922332314826005,0.006227458199101892,0.23783092216920104,95.53571428571429,CRITICAL
ACC_01453,12,4,0.3846153846153846,0.0008813010831623,5.787234042553192e-05,0.0,5544.56,27505.61,15,51,4,12,369.6373333333333,255.8103297497321,0.0,1,15,False,normal,0.3765930696356697,0.029573031473784046,0.2377850543709154,95.49319727891157,CRITICAL
ACC_00544,3,10,2.75,0.0001733512500922,0.0008374468085106,0.0,17602.93,2372.06,34,7,10,3,517.7332352941177,298.7876342794437,0.0,2,34,False,normal,0.38069940467543634,0.0224970417994699,0.23741845952504975,95.45068027210884,CRITICAL
MULE_05_004,1,1,1.0,7.32161400530808e-05,0.0,0.0,9578.13,9856.25,1,1,1,1,9578.13,0.0,0.0,0,1,True,mule,0.39288204684197764,0.0024057621768199416,0.23669153297591455,95.40816326530613,CRITICAL
ACC_01211,10,2,0.2727272727272727,0.0002531915955304,8.510638297872341e-07,0.0,5832.35,7018.86,11,14,2,10,530.2136363636364,274.1568032448849,0.0,1,11,False,normal,0.360895958774976,0.04882834353622702,0.2360689126794764,95.3656462585034,CRITICAL
ACC_00709,5,12,2.1666666666666665,0.0001285996110251,0.0074936170212765,0.0073529411764705,19942.48,2376.3900000000003,31,5,12,5,643.3058064516129,441.8716196119577,0.0,1,31,False,normal,0.3799917001945248,0.020127433054266022,0.23604599333842127,95.32312925170068,CRITICAL
ACC_01146,2,11,4.0,0.0001947852857423,0.0,0.0256410256410256,15211.2,6451.91,27,15,11,2,563.3777777777779,490.3894817727368,0.0,1,27,False,normal,0.3719670646943185,0.03114200875986603,0.2356370423205375,95.28061224489795,CRITICAL
ACC_00535,7,10,1.375,0.0005678172610272,0.0138051063829787,0.0147058823529411,6778.4,17335.87,17,33,10,7,398.7294117647058,336.342875137682,0.0,1,16,False,normal,0.36288123324174243,0.04402264896054065,0.23533779952926173,95.23809523809523,CRITICAL
MULE_04_010,1,1,1.0,7.364528778983218e-05,0.0,0.0,9398.34,9868.7,1,1,1,1,9398.34,0.0,0.0,0,1,True,mule,0.390826755345778,0.001901602425188109,0.23525669417754203,95.19557823129252,CRITICAL
MULE_02_012,1,1,1.0,7.33848203890812e-05,0.0,0.0,8163.55,8501.69,1,1,1,1,8163.55,0.0,0.0,0,1,True,mule,0.3917158488266514,0.0002480870395919718,0.2351287441118276,95.1530612244898,CRITICAL
MULE_04_008,1,1,1.0,7.363200132536072e-05,0.0,0.0,9426.35,9806.64,1,1,1,1,9426.35,0.0,0.0,0,1,True,mule,0.39038434396667426,0.001980066997306463,0.23502263317892713,95.11054421768708,CRITICAL
ACC_00792,6,10,1.5714285714285714,0.0001542846018065,0.0038229787234042,0.05,13657.49,2674.03,24,8,10,6,569.0620833333334,648.1977229275915,0.0,1,23,False,normal,0.3548757699974321,0.05404191531911378,0.23454222812610476,95.06802721088435,CRITICAL
MULE_02_017,1,1,1.0,7.339614349395728e-05,0.0,0.0,8134.57,8553.66,1,1,1,1,8134.57,0.0,0.0,0,1,True,mule,0.3899639753054394,0.00023930562278618155,0.2340741074323781,95.02551020408163,CRITICAL
MULE_06_008,1,1,1.0,7.30140306404218e-05,0.0,0.0,9623.07,9770.82,1,1,1,1,9623.07,0.0,0.0,0,1,True,mule,0.3872348986766351,0.0025470088239012436,0.23335974273554153,94.98299319727892,WARNING
ACC_00066,5,8,1.5,0.0003018476576334,0.0007538481217754,0.0,23536.59,9200.11,33,21,8,5,713.23,466.02374718194346,0.0606060606060606,2,32,False,normal,0.3816503968997025,0.010458812173387594,0.2331737630091765,94.94047619047619,WARNING
ACC_00178,11,5,0.5,0.0005396041676765,0.0027834392188632,0.0166666666666666,19804.8,15459.55,33,34,5,11,600.1454545454545,372.8891993029808,0.0,2,33,False,normal,0.3673179881762507,0.03181794658285088,0.23311797153889077,94.89795918367348,WARNING
ACC_01571,17,4,0.2777777777777778,0.0009638706180851,0.0008646808510638,0.0095238095238095,10722.29,23753.44,18,36,4,17,595.6827777777777,320.2980048018803,0.0,1,18,False,normal,0.35849947747717337,0.04249470479513621,0.2320975684043585,94.85544217687075,WARNING
ACC_01420,18,6,0.3684210526315789,0.0006358330715982,0.0039880851063829,0.0036231884057971,9871.66,27015.16,22,57,6,18,448.71181818181816,252.90540576113327,0.0,1,22,False,normal,0.3471873115365684,0.057835455525055646,0.2314465691319633,94.81292517006803,WARNING
ACC_01373,11,7,0.6666666666666666,0.0005269273909916,0.0027855319148936,0.0,17052.42,16716.12,38,29,7,11,448.74789473684206,288.7671381239786,0.0526315789473684,2,38,False,normal,0.3590222021204632,0.03861682236777955,0.23086005021938974,94.7704081632653,WARNING
MULE_04_004,1,1,1.0,7.361510957468722e-05,0.0,0.0,9448.8,9727.74,1,1,1,1,9448.8,0.0,0.0,0,1,True,mule,0.3827912492140104,0.0020461682941090823,0.23049321684604987,94.72789115646259,WARNING
ACC_01942,13,6,0.5,0.0014298550514389,0.0018017021276595,0.0058479532163742,11239.78,32586.23,22,58,6,13,510.8990909090909,296.10027117449647,0.0,1,22,False,normal,0.34857296498655516,0.052446403700397735,0.23012234047209218,94.68537414965986,WARNING
ACC_01739,5,8,1.5,0.0005262664780836,0.0081693617021276,0.0,4511.1,10216.79,12,22,8,5,375.925,199.16062199778716,0.0,1,12,False,normal,0.3598638628670209,0.03354970581989251,0.22933820004816952,94.64285714285714,WARNING
ACC_00585,3,11,3.0,7.957342684523992e-05,0.0078391489361702,0.0109890109890109,13264.46,478.71,24,3,11,3,552.6858333333333,374.3819154973291,0.0,1,24,False,normal,0.3671495292601036,0.020065171465539343,0.22831578614227788,94.60034013605441,WARNING
ACC_01949,12,8,0.6923076923076923,0.0008214245043047,0.0075404255319148,0.0,8357.26,20912.34,18,41,8,12,464.2922222222222,327.75896045642617,0.0,2,17,False,normal,0.36410449761490743,0.02238689219321071,0.22741745544622874,94.5578231292517,WARNING
MULE_03_030,1,1,1.0,7.25556794641459e-05,0.0,0.0,8178.51,8575.35,1,1,1,1,8178.51,0.0,0.0,0,1,True,mule,0.37871996607851555,0.00024189561070828491,0.22732873789139263,94.51530612244898,WARNING
ACC_01957,14,5,0.4,0.0010186484760068,0.0038323404255319,0.0058479532163742,18665.77,18707.31,30,37,5,14,622.1923333333333,448.4213638108181,0.0,1,30,False,normal,0.3521717731300795,0.039372847207373815,0.22705220276099722,94.47278911564626,WARNING
ACC_01094,9,2,0.3,0.0004834160105397,0.0,0.0,6522.75,17455.71,13,39,2,9,501.75,438.6122479100038,0.0,1,13,False,normal,0.34622096849624556,0.04827312209512378,0.22704182993579686,94.43027210884354,WARNING
ACC_00912,13,6,0.5,0.0010235198479373,0.0020440881763527,0.0175438596491228,11826.67,25291.6,26,42,6,13,454.8719230769231,333.29455616339413,0.0,2,26,False,normal,0.3673286636624059,0.01643601613783491,0.2269716046525775,94.38775510204081,WARNING
MULE_07_009,1,1,1.0,7.316466928700545e-05,0.0,0.0,9560.4,9814.02,1,1,1,1,9560.4,0.0,0.0,0,1,True,mule,0.37647296120966395,0.0023555807090338784,0.2268260090094119,94.34523809523809,WARNING
ACC_00997,9,13,1.4,0.0005366464219464,0.0118927659574468,0.0086580086580086,15210.43,22507.86,28,42,13,9,543.2296428571428,462.4970752698886,0.0,1,27,False,normal,0.3589331878272373,0.02806013809356756,0.22658396793376942,94.30272108843538,WARNING
MULE_05_012,1,1,1.0,7.322224346558072e-05,0.0,0.0,9503.38,9891.98,1,1,1,1,9503.38,0.0,0.0,0,1,True,mule,0.3757365723567028,0.002185420222930317,0.2263161115031938,94.26020408163265,WARNING
MULE_03_010,1,1,1.0,7.270418539325007e-05,0.0,0.0,9513.63,9819.98,1,1,1,1,9513.63,0.0,0.0,0,1,True,mule,0.37504455690303634,0.002216579837937833,0.2259133660769969,94.21768707482994,WARNING
MULE_03_023,1,1,1.0,7.270913706246729e-05,0.0,0.0,9502.26,9861.48,1,1,1,1,9502.26,0.0,0.0,0,1,True,mule,0.3749860315418104,0.002181473077465904,0.2258642081560726,94.17517006802721,WARNING
ACC_00079,6,14,2.142857142857143,0.0001472042040884,0.008290623800793,0.0052631578947368,8366.48,1887.19,22,7,14,6,380.2945454545454,299.1860681395964,0.0,1,21,False,normal,0.3597712952064626,0.022897940295631684,0.22502195324213023,94.13265306122449,WARNING
MULE_02_030,1,1,1.0,7.33953090223068e-05,0.0,0.0,8208.21,8549.83,1,1,1,1,8208.21,0.0,0.0,0,1,True,mule,0.37438415334384306,0.00025523584173497516,0.22473258634299983,94.09013605442176,WARNING
MULE_02_006,1,1,1.0,7.362582582411432e-05,0.0,0.0,9429.88,9607.84,1,1,1,1,9429.88,0.0,0.0,0,1,True,mule,0.37272534534944285,0.0020031502302448705,0.22443646730176364,94.04761904761905,WARNING
ACC_01673,8,13,1.5555555555555556,0.0003864938648515,0.0099591489361702,0.0095238095238095,10501.9,13580.95,24,23,13,8,437.57916666666665,275.3434741162496,0.0,2,24,False,normal,0.36916295040905023,0.007316627219648629,0.2244244211332896,94.00510204081633,WARNING
ACC_01033,14,9,0.6666666666666666,0.0008213921634334,0.0072037692406088,0.0079051383399209,12498.28,22145.96,30,40,9,14,416.6093333333334,272.3924875025303,0.0666666666666666,1,30,False,normal,0.36514676077900055,0.012194888198091322,0.22396601174663686,93.9625850340136,WARNING
MULE_03_048,1,1,1.0,7.26867853469381e-05,0.0,0.0,9524.46,9674.15,1,1,1,1,9524.46,0.0,0.0,0,1,True,mule,0.37109534714751935,0.0022576136006917337,0.2235602537287883,93.92006802721087,WARNING
ACC_00684,3,11,3.0,0.0001364394008371,0.0009642553191489,0.0109890109890109,17605.68,2388.6,36,5,11,3,489.0466666666667,393.0447503274913,0.0,1,34,False,normal,0.354117312836321,0.027114281759873436,0.22331610040574196,93.87755102040816,WARNING
ACC_01316,3,11,3.0,0.0001424836812936,0.002595744680851,0.0,12012.85,1824.88,28,3,11,3,429.0303571428572,291.76484668158184,0.0,2,27,False,normal,0.35868195181319473,0.01962531109001572,0.22305929552392315,93.83503401360545,WARNING
ACC_01544,11,7,0.6666666666666666,0.0002730335999718,0.0014570212765957,0.0065359477124183,10267.08,7407.28,14,19,7,11,733.3628571428571,663.229737925051,0.0,1,14,False,normal,0.3002343256984867,0.10699823710838964,0.22293989026244787,93.79251700680273,WARNING
MULE_02_024,1,1,1.0,7.36337129974165e-05,0.0,0.0,9416.55,9644.04,1,1,1,1,9416.55,0.0,0.0,0,1,True,mule,0.3701867081013074,0.0019647970030033136,0.22289794366198576,93.75,WARNING
ACC_01264,5,16,2.833333333333333,0.000257026386796,0.0036677610540229,0.0,16032.29,7105.96,33,13,16,5,485.82696969696974,389.8961245037328,0.0,1,33,False,normal,0.3425823414074718,0.04322834266569673,0.22284074191076175,93.70748299319727,WARNING
ACC_00190,12,2,0.2307692307692307,0.0008464887341631,0.0,0.0109890109890109,10575.39,25489.66,23,61,2,12,459.79956521739126,278.22191040897656,0.0,1,23,False,normal,0.3352302342447858,0.053576595146645964,0.22256877860552987,93.66496598639455,WARNING
ACC_00132,10,13,1.2727272727272727,0.0004594951742249,0.0088374468085106,0.0039525691699604,11735.89,15552.44,29,27,13,10,404.6858620689655,279.6642398805759,0.0,2,29,False,normal,0.36634386348873743,0.005902012766932456,0.22216712320001542,93.62244897959184,WARNING
ACC_00874,16,8,0.5294117647058824,0.000674824526118,0.0029982978723404,0.0144927536231884,10108.4,23805.0,23,62,8,16,439.495652173913,273.4308497063677,0.0434782608695652,1,22,False,normal,0.3347319012533194,0.05213668648743606,0.22169381534696606,93.57993197278913,WARNING
ACC_01449,16,10,0.6470588235294118,0.0008638791912664,0.0084425531914893,0.0061538461538461,14235.42,23232.51,25,49,10,16,569.4168,358.04640865070365,0.0,1,25,False,normal,0.35896054227848534,0.014813889174831419,0.22130188103702378,93.5374149659864,WARNING
ACC_00044,13,11,0.8571428571428571,0.0005681352812723,0.0048485106382978,0.0181159420289855,16521.44,16872.48,32,35,11,13,516.295,300.7999219071621,0.0,2,31,False,normal,0.358263613467806,0.015695657140664857,0.22123643093694956,93.49489795918367,WARNING
ACC_01064,9,5,0.6,0.0010160818110977,0.0014944680851063,0.0109890109890109,10145.92,33149.1,25,56,5,9,405.8368,266.1690443703024,0.08,1,24,False,normal,0.33875188073732276,0.04310310187239522,0.22049236919135173,93.45238095238095,WARNING
ACC_00283,12,3,0.3076923076923077,0.001003815757535,5.969385579669979e-06,0.0095238095238095,9391.21,28915.88,21,61,3,12,447.20047619047625,350.58584431599894,0.0,1,21,False,normal,0.33780568307349385,0.04348691376079453,0.22007817534841412,93.40986394557824,WARNING
ACC_01676,4,12,2.6,0.0005643975292333,0.0035004255319148,0.025,9034.52,4851.21,24,15,12,4,376.4383333333333,202.2509383364414,0.0,1,24,False,normal,0.338680328027053,0.04175643514240512,0.21991077087319383,93.36734693877551,WARNING
ACC_00223,11,13,1.1666666666666667,0.0010120866596752,0.0037531914893617,0.0072463768115942,15327.86,32277.76,29,60,13,11,528.5468965517241,316.4594154311491,0.0,1,29,False,normal,0.3303433554226035,0.053577841601879235,0.2196371498943138,93.32482993197279,WARNING
ACC_00155,2,10,3.6666666666666665,0.0001437097254568,0.0001029787234042,0.0,7714.94,1319.08,18,3,10,2,428.6077777777778,259.88262030375887,0.0,1,18,False,normal,0.3440083908111955,0.03300796851767356,0.2196082218937867,93.28231292517006,WARNING
ACC_00136,10,3,0.3636363636363636,0.0004344388351516,0.00172,0.0256410256410256,12542.91,10299.71,28,22,3,10,447.9610714285714,272.89073986893897,0.0357142857142857,2,27,False,normal,0.34156975781137733,0.035414894282361414,0.21910781239977095,93.23979591836735,WARNING
MULE_03_054,1,1,1.0,7.255858364797115e-05,0.0,0.0,8222.01,8599.69,1,1,1,1,8222.01,0.0,0.0,0,1,True,mule,0.3647002745919749,0.00025175339468418303,0.2189208661130586,93.19727891156462,WARNING
ACC_01004,7,8,1.125,0.0007627129861853,5.106382978723404e-06,0.0285714285714285,17422.84,18354.04,37,36,8,7,470.88756756756754,324.470987843678,0.0,2,36,False,normal,0.3442550549492699,0.03060546992830776,0.21879522094088502,93.15476190476191,WARNING
MULE_07_030,1,1,1.0,7.317502712474539e-05,0.0,0.0,9474.44,9876.3,1,1,1,1,9474.44,0.0,0.0,0,1,True,mule,0.36293557768948514,0.00210476017492028,0.2186032506836592,93.11224489795919,WARNING
ACC_01616,8,10,1.2222222222222223,0.0009851144491528,0.0020944015690956,0.0065359477124183,19179.98,21558.25,34,35,10,8,564.1170588235294,412.735619741268,0.0,2,34,False,normal,0.34621087470215434,0.02678927594829054,0.2184422352006088,93.06972789115646,WARNING
MULE_05_038,1,1,1.0,7.321779188624268e-05,0.0,0.0,9472.93,9865.92,1,1,1,1,9472.93,0.0,0.0,0,1,True,mule,0.36257507224830116,0.002101450610277145,0.21838562359309155,93.02721088435374,WARNING
ACC_01327,8,7,0.8888888888888888,0.0002219993770713,0.0013182978723404,0.0095238095238095,22313.2,10926.82,39,23,7,8,572.1333333333333,523.9962958001522,0.0512820512820512,1,39,False,normal,0.338542445526959,0.03696632744501349,0.2179119982941808,92.98469387755102,WARNING
ACC_00029,14,3,0.2666666666666666,0.0010206844755042,0.0002672340425531,0.0147058823529411,8835.95,21365.22,20,42,3,14,441.7975,259.2439076658159,0.0,1,20,False,normal,0.34232360777834364,0.03041611642034389,0.21756061123514375,92.9421768707483,WARNING
ACC_00968,9,11,1.2,0.0004009285076807,0.0104391489361702,0.0052631578947368,20433.63,12516.29,35,31,11,9,583.818,393.4660673971024,0.0285714285714285,1,34,False,normal,0.35121339542142066,0.015835668890992565,0.2170623048092494,92.89965986394559,WARNING
ACC_00937,13,12,0.9285714285714286,0.0006036303302463,0.0068903764976762,0.0133333333333333,15462.16,17142.8,33,40,12,13,468.55030303030304,310.3955391259357,0.0303030303030303,1,33,False,normal,0.35216107905346833,0.013581469183430329,0.2167292351054531,92.85714285714286,WARNING
ACC_01428,3,11,3.0,0.0001770696324153,0.0075208510638297,0.0109890109890109,12506.46,2355.82,26,6,11,3,481.0176923076923,296.5629748476056,0.0384615384615384,1,26,False,normal,0.3490661433800354,0.018138464529322346,0.21669507183975018,92.81462585034014,WARNING
ACC_01347,10,12,1.181818181818182,0.0008653331100365,0.0015179294759732,0.0043290043290043,18796.94,20882.43,34,42,12,10,552.8511764705881,372.9917640472224,0.0,2,33,False,normal,0.3472709868464367,0.020793272579678116,0.21667990113973326,92.77210884353741,WARNING
ACC_01518,17,11,0.6666666666666666,0.0008965483824716,0.0025727659574468,0.0026455026455026,12883.72,23274.94,27,50,11,17,477.1748148148148,440.9838763175812,0.0,1,27,False,normal,0.33876064367310016,0.033206579662222686,0.21653901806874915,92.7295918367347,WARNING
ACC_00037,2,6,2.333333333333333,8.248866295215826e-05,0.0018782978723404,0.0,12821.83,557.01,24,2,6,2,534.2429166666667,417.0588114244505,0.0,2,24,False,normal,0.34475383730423326,0.024092905693209585,0.2164894646598238,92.68707482993197,WARNING
ACC_00405,8,13,1.5555555555555556,0.0004345037124694,0.0060553191489361,0.0047619047619047,21707.11,9902.35,37,23,13,8,586.6786486486486,373.2757436694916,0.0,1,36,False,normal,0.35016527038877937,0.01506609363396747,0.2161255996868546,92.64455782312925,WARNING
ACC_00659,4,2,0.6,0.0001308857277271,0.0,0.0,9222.89,2368.2000000000003,23,6,2,4,400.9952173913043,299.4524202131976,0.0869565217391304,1,22,False,normal,0.3433213968804654,0.02519376130121449,0.21607034264876507,92.60204081632652,WARNING
ACC_00959,7,7,1.0,0.0004725965072931,0.0139012765957446,0.0439560439560439,8642.0,9084.73,19,15,7,7,454.8421052631579,378.8499848456429,0.0,1,19,False,normal,0.32733275939870865,0.04701197835232064,0.21520444698015345,92.55952380952381,WARNING
ACC_00668,1,10,5.5,7.306738552814796e-05,0.0014068085106382,0.0,12366.53,63.65,25,1,10,1,494.6612,368.9893532375517,0.0,1,25,False,normal,0.33547221155983553,0.03469072463959536,0.21515961679173945,92.51700680272108,WARNING
ACC_01693,13,8,0.6428571428571429,0.0006005025592098,0.0080306382978723,0.019047619047619,13919.32,15778.62,27,28,8,13,515.5303703703704,347.3211103961011,0.037037037037037,2,26,False,normal,0.347142867151271,0.014708587125229385,0.21416915514085438,92.47448979591837,WARNING
MULE_03_045,1,1,1.0,7.268900345611275e-05,0.0,0.0,9472.76,9692.74,1,1,1,1,9472.76,0.0,0.0,0,1,True,mule,0.35472146582194425,0.002109692978635329,0.21367675668462066,92.43197278911565,WARNING
ACC_01292,16,4,0.2941176470588235,0.0008070878352765,0.0003778723404255,0.0052631578947368,13474.98,21261.18,22,42,4,16,612.4990909090909,328.5849469918097,0.0,1,20,False,normal,0.33083600019487036,0.037800388284274004,0.21362175543063183,92.38945578231292,WARNING
ACC_01588,11,10,0.9166666666666666,0.0004506650166046,0.0141627936724512,0.0,13536.69,10942.45,31,30,10,11,436.6674193548387,287.96891635461566,0.0,2,31,False,normal,0.3393295920505188,0.024948567413206814,0.21357718219559402,92.3469387755102,WARNING
ACC_00446,8,7,0.8888888888888888,0.0007553841044788,0.0015540425531914,0.0380952380952381,19925.57,12512.24,41,26,7,8,485.989512195122,295.28541482734306,0.0,1,41,False,normal,0.3194886019749186,0.054616353402753046,0.21353970254605237,92.30442176870748,WARNING
MULE_03_006,1,1,1.0,7.270201620418094e-05,0.0,0.0,9451.05,9801.8,1,1,1,1,9451.05,0.0,0.0,0,1,True,mule,0.35303798923086294,0.0020424804653686713,0.21263978572466524,92.26190476190477,WARNING
ACC_00577,11,8,0.75,0.000991528502109,0.0003463829787234,0.0116959064327485,14685.86,24451.49,23,50,8,11,638.515652173913,525.0857786878609,0.0,2,23,False,normal,0.3326762342834543,0.03223606493304059,0.2125001665432888,92.21938775510205,WARNING
ACC_00986,7,7,1.0,0.0006576242515599,0.0022777469833283,0.0109890109890109,6136.889999999999,27538.33,16,48,7,7,383.555625,291.4812798555852,0.0625,1,16,False,normal,0.3297648054610317,0.036485942523804965,0.212453260286141,92.17687074829932,WARNING
ACC_00486,2,9,3.333333333333333,0.0001560932228009,0.0002017021276595,0.0181818181818181,13891.09,1962.79,31,4,9,2,448.09967741935486,336.0444178922768,0.032258064516129,1,31,False,normal,0.3385649893926799,0.022796101936876707,0.21225743441035863,92.1343537414966,WARNING
MULE_06_011,1,1,1.0,7.28508581928375e-05,8.510638297872341e-07,0.0,8315.86,8694.69,1,1,1,1,8315.86,0.0,0.0,0,1,True,mule,0.35334194468486785,0.0002837615720751644,0.21211867143975077,92.09183673469387,WARNING
ACC_00321,15,10,0.6875,0.001072172550896,0.0042186500660896,0.0166666666666666,13794.33,23356.01,29,44,10,15,475.666551724138,304.3964507052776,0.0,1,28,False,normal,0.3392569094456,0.020855387863024134,0.21189630081256966,92.04931972789116,WARNING
ACC_01952,4,12,2.6,0.00049741414034,0.0070697872340425,0.025,14040.79,5000.28,29,13,12,4,484.1651724137931,268.71619877298974,0.0,1,28,False,normal,0.3344200000729526,0.028074085672459465,0.21188163431275533,92.00680272108843,WARNING
MULE_00_034,1,1,1.0,7.28867679398363e-05,0.0,0.0,9464.03,9869.18,1,1,1,1,9464.03,0.0,0.0,0,1,True,mule,0.3517296142101294,0.0020748144066117563,0.21186769428872232,91.96428571428571,WARNING
MULE_07_004,1,1,1.0,7.294992044336859e-05,0.0,0.0,8191.51,8522.77,1,1,1,1,8191.51,0.0,0.0,0,1,True,mule,0.3528910637833072,0.00025075805381635763,0.21183494149151086,91.921768707483,WARNING
MULE_07_035,1,1,1.0,7.316220955000844e-05,0.0,0.0,9496.84,9799.23,1,1,1,1,9496.84,0.0,0.0,0,1,True,mule,0.3515307113122497,0.0021726153330685312,0.21178747292057723,91.87925170068027,WARNING
ACC_01972,12,3,0.3076923076923077,0.0005108927337498,0.0,0.0,13295.01,22398.36,20,42,3,12,664.7505,503.99184898875626,0.0,1,20,False,normal,0.32193576343428826,0.046396936508946274,0.21172023266415146,91.83673469387756,WARNING
ACC_01170,14,5,0.4,0.0007069367425415,0.0033055319148936,0.0058479532163742,11225.53,25674.96,26,58,5,14,431.7511538461539,336.33067494151555,0.0384615384615384,1,26,False,normal,0.3274690086487734,0.03802192396095102,0.21169017477364444,91.79421768707483,WARNING
ACC_00238,7,4,0.625,0.0009832081363602,0.0004578723404255,0.0181818181818181,5782.25,16270.5,13,38,4,7,444.7884615384616,223.57473392008296,0.0,1,13,False,normal,0.322445067517696,0.04325166672708141,0.21076770720145016,91.75170068027211,WARNING
MULE_00_040,1,1,1.0,7.285932201099694e-05,0.0,0.0,9547.94,9669.17,1,1,1,1,9547.94,0.0,0.0,0,1,True,mule,0.3495423872866074,0.00232727973195765,0.2106563442647475,91.70918367346938,WARNING
ACC_01247,7,8,1.125,0.0002433302159093,0.0064697872340425,0.0095238095238095,17845.83,9104.26,38,20,8,7,469.62710526315794,290.73415626844354,0.0,2,37,False,normal,0.32471098957076555,0.03952011725827855,0.21063464064577075,91.66666666666666,WARNING
ACC_00391,3,6,1.75,0.0001135330799825,0.0011589135718245,0.0555555555555555,14815.18,1871.19,24,7,6,3,617.2991666666667,363.4393259561344,0.0416666666666666,1,24,False,normal,0.34557374319688483,0.008082779575773014,0.21057735774844008,91.62414965986395,WARNING
MULE_01_020,1,1,1.0,7.290349000022264e-05,0.0,0.0,9539.05,9694.07,1,1,1,1,9539.05,0.0,0.0,0,1,True,mule,0.34855892197532384,0.002299737970832641,0.21005524837352735,91.58163265306123,WARNING
MULE_01_013,1,1,1.0,7.291017805948388e-05,0.0,0.0,9527.89,9741.36,1,1,1,1,9527.89,0.0,0.0,0,1,True,mule,0.3485378172928158,0.002264047671050879,0.21002830944410983,91.53911564625851,WARNING
ACC_01659,3,8,2.25,0.000171128991481,0.0012629787234042,0.0181818181818181,14277.8,3266.03,32,8,8,3,446.18125,326.90994073785185,0.0,2,32,False,normal,0.3376021075462223,0.017485642463125808,0.20955552151298368,91.49659863945578,WARNING
MULE_03_032,1,1,1.0,7.268683546021693e-05,0.0,0.0,9453.27,9674.57,1,1,1,1,9453.27,0.0,0.0,0,1,True,mule,0.3478530953442219,0.0020570454693297087,0.209534675394265,91.45408163265306,WARNING
ACC_01753,10,6,0.6363636363636364,0.0007663543797235,0.0005727659574468,0.0,9028.12,30866.44,17,57,6,10,531.0658823529412,202.20908680926112,0.0588235294117647,1,17,False,normal,0.3218328590326218,0.04082146807570264,0.20942830264985413,91.41156462585033,WARNING
ACC_01841,2,7,2.6666666666666665,7.552103869787658e-05,0.0002697872340425,0.0,11308.62,249.81,23,2,7,2,491.6791304347826,324.4974172878456,0.0,2,22,False,normal,0.3394811771022944,0.013721268212558804,0.20917721354640018,91.36904761904762,WARNING
ACC_01852,13,8,0.6428571428571429,0.0006030343463545,0.0112178723404255,0.0238095238095238,8515.11,16854.489999999998,19,31,8,13,448.1636842105264,380.82039183278056,0.0,1,19,False,normal,0.3359069994682085,0.019061316016554038,0.20916872608754672,91.3265306122449,WARNING
ACC_01907,15,8,0.5625,0.001232661228251,0.0030297872340425,0.0118577075098814,13286.77,24203.03,29,47,8,15,458.1644827586207,284.27257354249446,0.0,1,28,False,normal,0.3273923906113347,0.03168213442428959,0.20910828813651663,91.28401360544217,WARNING
ACC_00819,4,8,1.8,0.0003528797522906,0.0018221276595744,0.0,12559.48,10287.97,36,20,8,4,348.8744444444444,239.07913082664788,0.0,2,36,False,normal,0.3246904596157786,0.035528175235936356,0.20902554586384167,91.24149659863946,WARNING
ACC_01578,11,13,1.1666666666666667,0.0004221578165522,0.0035148936170212,0.0072463768115942,13918.5,13311.89,22,25,13,11,632.6590909090909,505.8616468571609,0.0,2,22,False,normal,0.32247385924098837,0.038683772911770956,0.2089578247093014,91.19897959183673,WARNING
ACC_00310,6,5,0.8571428571428571,0.0004934749157311,0.0024136170212765,0.0363636363636363,11314.33,10995.4,19,27,5,6,595.4910526315789,480.4167795651181,0.0,2,19,False,normal,0.33051901738980033,0.026347554349514496,0.208850432173686,91.15646258503402,WARNING
ACC_01987,13,7,0.5714285714285714,0.0009092544222741,0.0002646808510638,0.0,14971.17,22795.17,24,42,7,13,623.79875,468.33208334436574,0.0,2,24,False,normal,0.3349861813997761,0.018143426313488205,0.20824907936526094,91.1139455782313,WARNING
MULE_02_014,1,1,1.0,7.360064787530772e-05,0.0,0.0,9388.91,9492.28,1,1,1,1,9388.91,0.0,0.0,0,1,True,mule,0.3453941859979406,0.0019023470337275335,0.20799745041225537,91.07142857142857,WARNING
ACC_01305,3,10,2.75,0.0002733789118216,0.0001642553191489,0.0256410256410256,11471.12,4542.05,25,11,10,3,458.8448,319.32063804948984,0.0,2,25,False,normal,0.3365997135024238,0.014762024996165895,0.20786463809992062,91.02891156462584,WARNING
MULE_05_031,1,1,1.0,7.318519081499701e-05,0.0,0.0,9494.95,9675.07,1,1,1,1,9494.95,0.0,0.0,0,1,True,mule,0.344974386578381,0.002175913039185142,0.20785499716270261,90.98639455782312,WARNING
ACC_00648,12,9,0.7692307692307693,0.0010571739888016,0.0045344680851063,0.0105263157894736,9711.43,31742.02,22,54,9,12,441.4286363636364,283.3527338393657,0.0454545454545454,1,22,False,normal,0.32852579289311534,0.026661157350096748,0.2077799386759079,90.9438775510204,WARNING
MULE_00_005,1,1,1.0,7.288110612780734e-05,0.0,0.0,9481.5,9827.92,1,1,1,1,9481.5,0.0,0.0,0,1,True,mule,0.34413757155113534,0.0021260333521418307,0.20733295627153792,90.9013605442177,WARNING
ACC_01509,13,7,0.5714285714285714,0.0010987232677238,0.0036595744680851,0.0,8911.789999999999,29522.27,21,58,7,13,424.3709523809524,349.7170292522908,0.0,1,21,False,normal,0.32317547968583016,0.0326610235322839,0.20696969722441166,90.85884353741497,WARNING
MULE_02_002,1,1,1.0,7.340883269210972e-05,0.0,0.0,8311.72,8611.9,1,1,1,1,8311.72,0.0,0.0,0,1,True,mule,0.3439441253101508,0.00029075333096043477,0.20648277651847463,90.81632653061224,WARNING
MULE_03_037,1,1,1.0,7.269346831062139e-05,0.0,0.0,9434.94,9730.16,1,1,1,1,9434.94,0.0,0.0,0,1,True,mule,0.3427728002121479,0.00200330528671218,0.2064650022419736,90.77380952380952,WARNING
MULE_02_020,1,1,1.0,7.359879591472572e-05,0.0,0.0,9374.99,9483.78,1,1,1,1,9374.99,0.0,0.0,0,1,True,mule,0.34267432609399895,0.0018666508817131663,0.20635125600908463,90.7312925170068,WARNING
ACC_01374,11,3,0.3333333333333333,0.0005418670291264,0.0001617021276595,0.0,19997.99,17766.16,31,33,3,11,645.0964516129033,394.5882739476544,0.032258064516129,1,31,False,normal,0.32140072715205037,0.0333770324642735,0.2061912492769396,90.68877551020408,WARNING
MULE_00_041,1,1,1.0,7.288745130929592e-05,0.0,0.0,9425.74,9874.16,1,1,1,1,9425.74,0.0,0.0,0,1,True,mule,0.3422445260243631,0.001970160603989825,0.2061347798562138,90.64625850340136,WARNING
ACC_01772,10,14,1.3636363636363635,0.0003931251971814,0.0115727659574468,0.0036231884057971,17111.59,12179.28,31,25,14,10,551.9867741935484,357.4482451897719,0.0,1,30,False,normal,0.3406546769866251,0.0036530843249983286,0.2058540399219744,90.60374149659864,WARNING
ACC_00826,1,4,2.5,0.0001044810961085,5.106382978723404e-06,0.0,11054.26,676.86,19,1,4,1,581.8031578947368,447.6646752878596,0.0,1,19,False,normal,0.3203772954546595,0.03378342721545155,0.2057397481589763,90.56122448979592,WARNING
ACC_01298,14,10,0.7333333333333333,0.0004715371135625,0.0077165957446808,0.0072463768115942,17467.17,15824.56,34,32,10,14,513.740294117647,343.8971998043081,0.0294117647058823,1,33,False,normal,0.32883625519368603,0.019631123249295678,0.20515420241592988,90.5187074829932,WARNING
ACC_01990,7,14,1.875,0.000328551172487,0.0013021276595744,0.0047619047619047,21228.83,10622.85,36,26,14,7,589.6897222222223,373.9182830855358,0.0,1,34,False,normal,0.3198886634596289,0.03244310638282925,0.20491044062890904,90.47619047619048,WARNING
ACC_00300,7,13,1.75,0.000800095066048,0.0020330021745618,0.0210526315789473,11130.86,24146.53,21,46,13,7,530.0409523809524,250.02861040098517,0.0,1,21,False,normal,0.29358867792656496,0.06961311715232207,0.2039984536168678,90.43367346938776,WARNING
MULE_02_004,1,1,1.0,7.359747557576961e-05,0.0,0.0,9354.8,9477.72,1,1,1,1,9354.8,0.0,0.0,0,1,True,mule,0.33862277806,0.0018151026881941985,0.20389970791127768,90.39115646258503,WARNING
ACC_00746,3,11,3.0,0.0001596786330933,0.0037302127659574,0.0219780219780219,13439.53,2510.85,26,6,11,3,516.905,376.7947652423001,0.0384615384615384,1,26,False,normal,0.32797878481882164,0.01758454346118208,0.2038210882757658,90.3486394557823,WARNING
ACC_01140,4,9,2.0,0.0001153864589378,0.0020280851063829,0.0128205128205128,15756.64,1576.8200000000002,26,5,9,4,606.0246153846153,448.0771814429364,0.0,2,25,False,normal,0.32967572329745576,0.014666895130461705,0.20367219203065812,90.3061224489796,WARNING
ACC_01554,10,4,0.4545454545454545,0.0004591346444158,0.0002950582015094,0.0329670329670329,16882.93,14737.02,37,26,4,10,456.2954054054054,264.12457731569054,0.0,1,36,False,normal,0.3052601820048092,0.050308238763979114,0.20327940470847716,90.26360544217688,WARNING
ACC_00084,3,4,1.25,0.0001572850327254,1.872340425531915e-05,0.0476190476190476,14818.52,2565.58,23,8,4,3,644.2834782608696,426.1222512763284,0.0,1,23,False,normal,0.32976081169127297,0.013244184120329473,0.20315416066289557,90.22108843537416,WARNING
ACC_01792,1,8,4.5,7.484844486533878e-05,0.0002711806591907,0.0,12759.63,509.5,25,1,8,1,510.38520000000005,347.1175356912026,0.0,1,25,False,normal,0.3223237128887304,0.024076084060088477,0.20302466135727365,90.17857142857143,WARNING
MULE_01_032,1,1,1.0,7.291641355393996e-05,0.0,0.0,9483.05,9785.45,1,1,1,1,9483.05,0.0,0.0,0,1,True,mule,0.33584268876914297,0.0021333659085988233,0.2023589596249253,90.1360544217687,WARNING
ACC_01348,14,12,0.8666666666666667,0.0007013987673236,0.0076161702127659,0.0092307692307692,13259.49,26329.57,27,50,12,14,491.09222222222223,374.341946593602,0.0,1,27,False,normal,0.3275819604571376,0.01250994726919818,0.20155315518196185,90.09353741496598,WARNING
ACC_00462,11,3,0.3333333333333333,0.000739850411917,6.297872340425533e-05,0.0109890109890109,11804.1,21238.58,27,42,3,11,437.1888888888889,307.890445242776,0.0,2,26,False,normal,0.3180895713843423,0.026482852655059716,0.20144688389262927,90.05102040816327,WARNING
ACC_01736,11,12,1.0833333333333333,0.0007385330762422,0.001564831791242,0.0118577075098814,18589.43,24433.43,36,50,12,11,516.3730555555555,337.15813304585765,0.0,1,36,False,normal,0.3116768216910385,0.03564295122210864,0.20126327350346654,90.00850340136054,WARNING
MULE_01_029,1,1,1.0,7.274308547635923e-05,0.0,0.0,8261.89,8559.88,1,1,1,1,8261.89,0.0,0.0,0,1,True,mule,0.3351276663638381,0.0002696393212973558,0.2011844555468218,89.96598639455783,WARNING
MULE_01_017,1,1,1.0,7.274178010974934e-05,0.0,0.0,8254.09,8550.65,1,1,1,1,8254.09,0.0,0.0,0,1,True,mule,0.3351276663638381,0.0002673473254746035,0.2011835387484927,89.9234693877551,WARNING
MULE_01_040,1,1,1.0,7.274335560097731e-05,0.0,0.0,8255.21,8561.79,1,1,1,1,8255.21,0.0,0.0,0,1,True,mule,0.3351276663638381,0.00026691939435060237,0.2011833675760431,89.88095238095238,WARNING
ACC_00661,3,13,3.5,0.000339089357857,2.6382978723404255e-05,0.0083333333333333,14672.11,9244.11,32,21,13,3,458.5034375,390.273562927417,0.0,1,32,False,normal,0.31105709573767665,0.03624603909720519,0.20113267308148805,89.83843537414967,WARNING
ACC_00670,8,5,0.6666666666666666,0.0006511726372066,0.0006936170212765,0.0,5875.42,23553.41,15,41,5,8,391.69466666666665,243.19615580451767,0.0666666666666666,1,15,False,normal,0.3218304234629035,0.019985598208195017,0.2010924933610201,89.79591836734694,WARNING
ACC_00426,5,7,1.3333333333333333,0.0002588113487595,0.0064570212765957,0.0,17487.38,5516.41,32,14,7,5,546.480625,459.68016860209264,0.0,2,32,False,normal,0.3104097262668333,0.03602338464221226,0.20065518961698486,89.75340136054422,WARNING
ACC_00528,13,2,0.2142857142857142,0.0005126877552943,0.0,0.0,10438.32,13965.45,22,31,2,13,474.4690909090909,301.93370822258146,0.0454545454545454,1,22,False,normal,0.3061226360194343,0.041205357263768054,0.2001557245171678,89.71088435374149,WARNING
ACC_01261,9,16,1.7,0.000312008816217,0.0036187234042553,0.0066666666666666,16325.8,7813.24,34,18,16,9,480.1705882352941,339.5295458374914,0.0,1,33,False,normal,0.3012226336761228,0.04849521881627242,0.20013166773218266,89.66836734693877,WARNING
ACC_01737,6,10,1.5714285714285714,0.0002888196685765,0.0069940425531914,0.0166666666666666,15259.47,6729.03,26,17,10,6,586.9026923076923,527.1530348015285,0.0,2,26,False,normal,0.3177339046772504,0.023420367065440942,0.2000084896325266,89.62585034013605,WARNING
ACC_01043,6,4,0.7142857142857143,0.0002743433206891,0.0009370212765957,0.0444444444444444,6308.91,6922.2,18,12,4,6,350.495,258.9928548469334,0.0555555555555555,1,18,False,normal,0.32835432156673566,0.007061392225055787,0.1998371498300637,89.58333333333334,WARNING
ACC_00215,12,12,1.0,0.0005294328734475,0.0080279708352875,0.0036231884057971,19186.05,14316.0,29,27,12,12,661.5879310344827,360.9314176779228,0.0344827586206896,1,28,False,normal,0.32940993137060115,0.004556881467399958,0.19946871140932068,89.54081632653062,WARNING
ACC_01931,13,8,0.6428571428571429,0.000934522261239,0.0026885106382978,0.0095238095238095,14875.77,20325.74,20,47,8,13,743.7885,498.11693703465806,0.0,1,20,False,normal,0.3098724092208213,0.033754619521705116,0.19942529334117484,89.49829931972789,WARNING
ACC_01284,7,5,0.75,0.0010436211127504,3.914893617021277e-05,0.0454545454545454,11139.88,23096.93,22,41,5,7,506.3581818181818,480.1140937481261,0.0,1,22,False,normal,0.3058236477649176,0.039592056936314325,0.19933101143347629,89.45578231292517,WARNING
ACC_00901,7,9,1.25,0.0002858329558048,0.0015591489361702,0.0166666666666666,18197.69,9625.08,23,16,9,7,791.2039130434782,689.9699749181391,0.0434782608695652,1,23,False,normal,0.28942100188724285,0.06237949126680779,0.19860439763906884,89.41326530612244,WARNING
ACC_00553,7,11,1.5,0.0004944561986801,0.0042988103867309,0.0,19961.23,12208.27,40,25,11,7,499.03075,371.34030407802,0.05,1,39,False,normal,0.3159040737599951,0.022626881267756645,0.1985931967630997,89.37074829931973,WARNING
ACC_01975,6,5,0.8571428571428571,0.0002162436634473,0.0020747878736195,0.0,9523.29,5415.78,19,9,5,6,501.2257894736842,236.1457996736524,0.1052631578947368,2,19,False,normal,0.3181302102880454,0.01797985155254928,0.19807006679384695,89.328231292517,WARNING
ACC_01865,12,6,0.5384615384615384,0.000985895447506,0.0007268085106382,0.0130718954248366,15528.06,30296.56,24,56,6,12,647.0024999999999,455.96625835547934,0.0,1,24,False,normal,0.3120765163863537,0.02692676655552051,0.1980166164540204,89.28571428571429,WARNING
ACC_01198,13,10,0.7857142857142857,0.0009920192848594,0.0027931914893617,0.0,16315.7,22276.8,32,44,10,13,509.865625,265.6910924476927,0.03125,1,32,False,normal,0.31310334122493494,0.02511980391488596,0.19790992630091533,89.24319727891157,WARNING
ACC_01183,11,6,0.5833333333333334,0.000845358548027,0.000903829787234,0.0073529411764705,10742.14,30523.76,18,55,6,11,596.7855555555556,443.1823290066864,0.0555555555555555,1,18,False,normal,0.3066584060748243,0.03447497192832805,0.1977850324162258,89.20068027210884,WARNING
ACC_01560,10,7,0.7272727272727273,0.0006534699393868,0.0101106382978723,0.0073529411764705,10636.93,19743.81,19,38,7,10,559.8384210526316,543.8798673140885,0.0,1,18,False,normal,0.2860780353714532,0.06529095480010814,0.19776320314291518,89.15816326530613,WARNING
ACC_00139,11,10,0.9166666666666666,0.0006838980876894,0.0020868085106382,0.0095238095238095,20177.03,25059.33,35,49,10,11,576.4865714285714,367.2682833389274,0.0285714285714285,1,34,False,normal,0.3152364182964043,0.021199693021924218,0.19762172818661228,89.1156462585034,WARNING
MULE_04_030,1,1,1.0,7.338761044898136e-05,0.0,0.0,8358.08,8665.11,1,1,1,1,8358.08,0.0,0.0,0,1,True,mule,0.32882058522235236,0.000311459169791862,0.19741693480132813,89.07312925170068,WARNING
MULE_03_038,1,1,1.0,7.267395873390557e-05,0.0,0.0,9414.11,9566.65,1,1,1,1,9414.11,0.0,0.0,0,1,True,mule,0.3275482133475527,0.001958534000976685,0.19731234160892228,89.03061224489795,WARNING
MULE_03_042,1,1,1.0,7.256019920462659e-05,0.0,0.0,8343.3,8613.23,1,1,1,1,8343.3,0.0,0.0,0,1,True,mule,0.32859012921398634,0.00030315549697985,0.19727533972718372,88.98809523809523,WARNING
ACC_00674,10,7,0.7272727272727273,0.0006158653427705,0.0042995744680851,0.0294117647058823,16537.71,19376.67,33,39,7,10,501.14272727272726,326.3490919463459,0.0,2,31,False,normal,0.3154577424741546,0.019543832156959904,0.19709217834727671,88.94557823129252,WARNING
MULE_03_051,1,1,1.0,7.256125277665521e-05,0.0,0.0,8352.07,8622.06,1,1,1,1,8352.07,0.0,0.0,0,1,True,mule,0.327936669381684,0.0003074068754123916,0.19688496437917535,88.9030612244898,WARNING
ACC_00757,8,12,1.4444444444444444,0.000412105618407,0.0003726602140451,0.0,23813.91,9745.13,40,20,12,8,595.34775,367.38381205692,0.0,1,38,False,normal,0.30680846534033646,0.0318395909840998,0.1968209155978418,88.86054421768708,WARNING
ACC_01059,2,10,3.6666666666666665,0.0003547724445719,6.297872340425533e-05,0.0,16791.21,4140.41,33,9,10,2,508.82454545454544,300.9662252343578,0.0303030303030303,1,32,False,normal,0.3082338606446692,0.02942556796466826,0.19671054357266882,88.81802721088435,WARNING
MULE_01_007,1,1,1.0,7.275684203217103e-05,0.0,0.0,8234.84,8657.15,1,1,1,1,8234.84,0.0,0.0,0,1,True,mule,0.3271289132411923,0.0002525320096442443,0.19637836074857307,88.77551020408163,WARNING
MULE_07_024,1,1,1.0,7.295958476499781e-05,0.0,0.0,8239.3,8580.88,1,1,1,1,8239.3,0.0,0.0,0,1,True,mule,0.3271011743792251,0.00026068161460202847,0.19636497727337587,88.73299319727892,WARNING
ACC_00152,7,8,1.125,0.0002116613422124,0.0081463829787234,0.0,15024.7,5351.36,38,11,8,7,395.3868421052632,243.7495373700975,0.0,1,37,False,normal,0.2948207882749726,0.04827089955999439,0.19620083278898132,88.69047619047619,WARNING
ACC_00288,1,5,3.0,7.971472839962422e-05,6.638297872340426e-05,0.0,11140.1,550.09,21,1,5,1,530.4809523809524,326.5162244805725,0.0,1,20,False,normal,0.31408580632551064,0.01920944042642297,0.19613525996587558,88.64795918367348,WARNING
MULE_04_015,1,1,1.0,7.335640673972071e-05,0.0,0.0,8417.15,8519.36,1,1,1,1,8417.15,0.0,0.0,0,1,True,mule,0.3264348320975263,0.00036086701733013034,0.1960052460654478,88.60544217687075,WARNING
ACC_01118,3,12,3.25,0.0003063040176086,0.0033285106382978,0.0095238095238095,17857.19,5688.29,33,11,12,3,541.1269696969697,346.6313010560072,0.0,1,33,False,normal,0.30925950399730207,0.026098348429927542,0.19599504177035226,88.56292517006803,WARNING
ACC_01087,5,6,1.1666666666666667,0.0003834687083874,0.0004417021276595,0.0222222222222222,8614.82,6277.99,14,13,6,5,615.3442857142857,666.9386789562532,0.0,1,14,False,normal,0.27083011041254085,0.08293206661531859,0.19567089289365194,88.5204081632653,WARNING
ACC_01916,2,11,4.0,0.000193909050267,0.000458789920266,0.0128205128205128,13430.31,2365.9,24,3,11,2,559.5962499999999,398.47329523540327,0.0,1,24,False,normal,0.30586479193405175,0.030220678123602823,0.19560714640987217,88.47789115646259,WARNING
ACC_00359,10,11,1.0909090909090908,0.0013020251112012,0.0026060631902102,0.0095238095238095,14118.68,22484.92,22,46,11,10,641.7581818181818,491.1193488313576,0.0,1,21,False,normal,0.27865592126926536,0.07080085422455827,0.1955138944513825,88.43537414965986,WARNING
ACC_01981,13,7,0.5714285714285714,0.000888212890881,0.0017931914893617,0.0210526315789473,16185.53,20063.85,34,44,7,13,476.045,370.2518904193345,0.0294117647058823,1,33,False,normal,0.3124161773705986,0.019664596879089682,0.19531554517399505,88.39285714285714,WARNING
MULE_07_003,1,1,1.0,7.296042796084465e-05,0.0,0.0,8261.78,8585.95,1,1,1,1,8261.78,0.0,0.0,0,1,True,mule,0.32503652888451473,0.0002685974063274894,0.19512935629323983,88.35034013605441,WARNING
MULE_01_044,1,1,1.0,7.274375442371185e-05,0.0,0.0,8294.36,8564.61,1,1,1,1,8294.36,0.0,0.0,0,1,True,mule,0.32472151347276357,0.0002830567271698316,0.19494613077452608,88.3078231292517,WARNING
ACC_00966,6,5,0.8571428571428571,0.0002854805408173,0.0001142710953822,0.0181818181818181,17808.02,6247.7300000000005,31,12,5,6,574.4522580645162,415.5473503281318,0.032258064516129,2,31,False,normal,0.31079323897993094,0.02070420688393685,0.1947576261415333,88.26530612244898,WARNING
ACC_00110,10,5,0.5454545454545454,0.0008137626782863,8.86880143265254e-05,0.0,8479.25,25468.93,13,50,5,10,652.25,369.8835374141434,0.0,1,13,False,normal,0.2990213213424126,0.038006494849404174,0.19461539074520923,88.22278911564626,WARNING
ACC_01863,6,10,1.5714285714285714,0.0007101390068662,0.0038221276595744,0.0,15223.29,21859.16,27,42,10,6,563.8255555555556,531.7550572204153,0.074074074074074,1,27,False,normal,0.2974537004280325,0.039932463380450076,0.19444520560899953,88.18027210884354,WARNING
ACC_01803,6,5,0.8571428571428571,0.0001118208775193,0.002742506289174,0.0727272727272727,10465.0,1600.7,18,6,5,6,581.3888888888889,340.9373040671483,0.0,1,18,False,normal,0.3162250267820418,0.01148554669352293,0.19432923474663424,88.13775510204081,WARNING
MULE_02_022,1,1,1.0,7.340432915972972e-05,0.0,0.0,8404.44,8591.23,1,1,1,1,8404.44,0.0,0.0,0,1,True,mule,0.32357819599788634,0.00034650779220092955,0.19428552071561217,88.09523809523809,WARNING
ACC_01908,12,9,0.7692307692307693,0.0005657024606478,0.0072101650108728,0.0047619047619047,14877.47,18656.46,27,33,9,12,551.0174074074074,434.4757952414751,0.037037037037037,2,27,False,normal,0.3160657011736483,0.011231590345672707,0.19413205684245805,88.05272108843538,WARNING
ACC_00106,11,9,0.8333333333333334,0.0010221260323061,0.0038093617021276,0.0,11369.96,37013.54,28,66,9,11,406.07,270.95744267456604,0.0,1,27,False,normal,0.28822108388400286,0.05296977678890235,0.19412056104596265,88.01020408163265,WARNING
MULE_01_042,1,1,1.0,7.289044340544893e-05,0.0,0.0,9468.85,9601.82,1,1,1,1,9468.85,0.0,0.0,0,1,True,mule,0.32186513584191045,0.0021063206551215556,0.19396160976719487,87.96768707482994,WARNING
ACC_01826,5,7,1.3333333333333333,0.000683561355036,4.519677653178698e-05,0.0151515151515151,11875.45,11814.59,19,28,7,5,625.0236842105263,648.143411918574,0.0526315789473684,1,19,False,normal,0.28091636145328863,0.06315954736681734,0.19381363581870012,87.92517006802721,WARNING
ACC_00847,11,6,0.5833333333333334,0.0012982889668267,0.0017685106382978,0.0147058823529411,9217.73,29441.14,23,58,6,11,400.77086956521737,287.8507366502969,0.0,1,23,False,normal,0.2871170389061666,0.05340132564979519,0.193630753603618,87.88265306122449,WARNING
ACC_01058,10,13,1.2727272727272727,0.0006949742797863,0.0117897872340425,0.0158102766798418,13026.89,14182.01,28,31,13,10,465.2460714285714,290.68218472005526,0.0,1,28,False,normal,0.3159727625357981,0.009601964992441495,0.19342444351845545,87.84013605442176,WARNING
MULE_04_001,1,1,1.0,7.359092161535777e-05,0.0,0.0,9174.59,9614.76,1,1,1,1,9174.59,0.0,0.0,0,1,True,mule,0.3212103098012035,0.0013777908568102324,0.1932773022234462,87.79761904761905,WARNING
ACC_00403,2,8,3.0,7.941616727715357e-05,0.0019106382978723,0.0,12522.15,502.14,22,2,8,2,569.1886363636363,350.4647917007662,0.0454545454545454,1,22,False,normal,0.31150325233138676,0.01570618015451991,0.19318442346064002,87.75510204081633,WARNING
MULE_00_044,1,1,1.0,7.272240797920123e-05,0.0,0.0,8278.16,8671.42,1,1,1,1,8278.16,0.0,0.0,0,1,True,mule,0.3210173056552129,0.0002677409298394984,0.19271747976506354,87.7125850340136,WARNING
ACC_01890,8,13,1.5555555555555556,0.0004818633300276,0.0043974468085106,0.0095238095238095,12577.04,18051.16,31,39,13,8,405.7109677419355,203.29099367417209,0.032258064516129,1,30,False,normal,0.29470838239659175,0.03946592341906335,0.1926113988055804,87.67006802721087,WARNING
ACC_01167,13,7,0.5714285714285714,0.0009139407479939,0.0036365957446808,0.0,13567.27,28764.99,27,58,7,13,502.4914814814815,320.57800554027773,0.037037037037037,1,27,False,normal,0.30388957192505,0.025685554717626232,0.1926079650420805,87.62755102040816,WARNING
ACC_00920,9,5,0.6,0.0003939294127178,0.0015004255319148,0.0219780219780219,14446.12,9607.24,33,22,5,9,437.76121212121217,276.1611295710981,0.0303030303030303,2,32,False,normal,0.2998346607546044,0.0309149193950497,0.1922667642107825,87.58503401360545,WARNING
ACC_01500,8,4,0.5555555555555556,0.0004445168093783,0.0029906382978723,0.0454545454545454,10906.4,14163.05,23,25,4,8,474.1913043478261,294.10780707860334,0.0,2,23,False,normal,0.31091022245137906,0.013905226176246326,0.19210822394132596,87.54251700680273,WARNING
ACC_01723,12,11,0.9230769230769232,0.0005403085384504,0.0067651063829787,0.0079051383399209,18526.6,15678.91,37,32,11,12,500.71891891891886,331.2558779418427,0.0,1,37,False,normal,0.30802428722928826,0.01781799976698979,0.19194177224436887,87.5,WARNING
MULE_02_007,1,1,1.0,7.339328275955238e-05,0.0,0.0,8453.21,8540.53,1,1,1,1,8453.21,0.0,0.0,0,1,True,mule,0.3193641608655816,0.00038597579318967555,0.19177288683662483,87.45748299319727,WARNING
ACC_01192,1,2,1.5,0.0001016024215302,0.0,0.0,11762.98,570.4,23,1,2,1,511.43391304347824,419.9405635946282,0.0,1,23,False,normal,0.29343108399474505,0.039129102185211206,0.1917102912709315,87.41496598639455,WARNING
MULE_01_045,1,1,1.0,7.288806036889677e-05,0.0,0.0,9453.96,9584.97,1,1,1,1,9453.96,0.0,0.0,0,1,True,mule,0.3177587034248408,0.002066362771020711,0.19148176716331278,87.37244897959184,WARNING
ACC_01350,17,9,0.5555555555555556,0.0008914765098776,0.001343829787234,0.003076923076923,13255.32,25510.42,25,54,9,17,530.2128,306.7876618624028,0.0,1,25,False,normal,0.2939249489951953,0.03732649408485376,0.19128556703105867,87.32993197278913,WARNING
MULE_05_023,1,1,1.0,7.31794580827413e-05,0.0,0.0,9412.46,9641.51,1,1,1,1,9412.46,0.0,0.0,0,1,True,mule,0.31750042795219574,0.0019515695870858695,0.19128088460615178,87.2874149659864,WARNING
ACC_01082,3,7,2.0,0.0001034288381112,0.0052692619281115,0.0222222222222222,12447.59,920.18,28,3,7,3,444.5567857142857,400.89696183409046,0.0,1,28,False,normal,0.3024155019975813,0.02439267706800288,0.19120637202574994,87.24489795918367,WARNING
ACC_00068,11,8,0.75,0.0004536926690966,0.0031429787234042,0.0,17205.18,11305.34,35,22,8,11,491.5765714285714,257.5060977226942,0.0285714285714285,2,33,False,normal,0.298039289682955,0.030499122310679888,0.19102322273404496,87.20238095238095,WARNING
ACC_00386,13,2,0.2142857142857142,0.000650141176516,0.0,0.0,10113.12,17346.52,21,34,2,13,481.5771428571429,258.16189203952734,0.0,1,21,False,normal,0.2955978209323453,0.034002584689739775,0.19095972643530312,87.15986394557824,WARNING
ACC_00534,3,12,3.25,0.000163329034324,0.0010774468085106,0.019047619047619,12369.53,3844.73,23,6,12,3,537.805652173913,385.7810800161394,0.0,1,23,False,normal,0.29597371746031215,0.032256114132151924,0.19048667612904807,87.11734693877551,WARNING
MULE_01_022,1,1,1.0,7.28971526786854e-05,0.0,0.0,9454.7,9649.26,1,1,1,1,9454.7,0.0,0.0,0,1,True,mule,0.31598662651361364,0.0020638713670895433,0.19041752445500398,87.07482993197279,WARNING
ACC_01320,9,7,0.8,0.0010966665436857,0.0010485106382978,0.0,7201.29,27440.1,13,47,7,9,553.9453846153846,329.7067281341451,0.0,1,12,False,normal,0.282387622327777,0.05236018971511226,0.19037664928271109,87.03231292517006,WARNING
ACC_00622,9,7,0.8,0.0002608241335975,0.0105080851063829,0.0333333333333333,14590.22,5670.02,26,14,7,9,561.1623076923076,444.041298586586,0.0,1,26,False,normal,0.29337289847043624,0.034569238099016304,0.18985143432186827,86.98979591836735,WARNING
MULE_06_028,1,1,1.0,7.29944295677826e-05,0.0,0.0,9448.06,9641.55,1,1,1,1,9448.06,0.0,0.0,0,1,True,mule,0.3146224440684249,0.0020467265312078507,0.18959215705353805,86.94727891156462,WARNING
ACC_00019,12,9,0.7692307692307693,0.0009163004436564,0.0025301667164115,0.0142857142857142,12392.39,30232.35,30,51,9,12,413.0796666666666,211.9513987797973,0.0,1,30,False,normal,0.295199194010074,0.031134094025319626,0.18957315401617225,86.90476190476191,WARNING
MULE_02_019,1,1,1.0,7.361111907831608e-05,0.0,0.0,9162.07,9540.34,1,1,1,1,9162.07,0.0,0.0,0,1,True,mule,0.3148904632222768,0.0013555552516270292,0.1894765000340169,86.86224489795919,WARNING
ACC_01175,15,9,0.625,0.0005186450819145,0.0032340425531914,0.0108695652173913,16717.09,13374.73,35,23,9,15,477.6311428571428,408.10649674673255,0.0,1,33,False,normal,0.2874547073803262,0.04223490475084506,0.1893667863285337,86.81972789115646,WARNING
ACC_01873,5,7,1.3333333333333333,0.0002713126201726,0.0004808510638297,0.0,18676.98,5924.72,35,11,7,5,533.628,316.54706986481494,0.0285714285714285,2,34,False,normal,0.3002768692054506,0.022783947158509767,0.18927970038667427,86.77721088435374,WARNING
ACC_00587,11,5,0.5,0.0007595091549134,0.0008187234042553,0.0083333333333333,7890.91,23705.08,16,49,5,11,493.181875,537.7077234485757,0.0,1,16,False,normal,0.28022499177172294,0.05139241150812329,0.18869195966628308,86.73469387755102,WARNING
ACC_01177,9,5,0.6,0.0005378913062464,0.0001021276595744,0.0109890109890109,18961.51,13526.55,34,27,5,9,557.6914705882352,321.1891068300055,0.0294117647058823,2,33,False,normal,0.29790918077845024,0.024658739971923187,0.1886090044558394,86.6921768707483,WARNING
ACC_01614,4,11,2.4,0.000369148777868,0.0001859037223382,0.0095238095238095,22769.11,9805.07,33,22,11,4,689.9730303030303,381.61421726893286,0.0303030303030303,1,31,False,normal,0.30283716282343925,0.01697154939548304,0.18849091745225677,86.64965986394559,WARNING
ACC_01490,11,2,0.25,0.0009503121617179,5.957446808510638e-06,0.0,10513.86,16754.59,20,40,2,11,525.693,459.39837344876224,0.0,1,19,False,normal,0.2849724518816987,0.04352077898284246,0.1883917827221562,86.60714285714286,WARNING
ACC_00369,10,3,0.3636363636363636,0.0004916293395755,5.957446808510638e-06,0.0128205128205128,16990.65,12226.57,33,25,3,10,514.8681818181818,383.28419356965526,0.0606060606060606,1,32,False,normal,0.29077544520790743,0.03373197041615951,0.18795805529120824,86.56462585034014,WARNING
MULE_00_011,1,1,1.0,7.272022476472279e-05,0.0,0.0,8306.84,8655.51,1,1,1,1,8306.84,0.0,0.0,0,1,True,mule,0.3128292328462743,0.00028184728394090107,0.18781027862134092,86.52210884353741,WARNING
MULE_01_016,1,1,1.0,7.290101220791439e-05,0.0,0.0,9434.85,9676.55,1,1,1,1,9434.85,0.0,0.0,0,1,True,mule,0.31155337871044825,0.0020078137497315414,0.18773515272616156,86.4795918367347,WARNING
ACC_00612,10,4,0.4545454545454545,0.000545091976746,5.6170212765957446e-05,0.0,11996.08,22319.21,22,34,4,10,545.2763636363636,568.0588401829134,0.0,2,22,False,normal,0.28528384162146253,0.04135564663635615,0.18771256362741998,86.43707482993197,WARNING
MULE_02_008,1,1,1.0,7.342186395827555e-05,0.0,0.0,8433.78,8671.71,1,1,1,1,8433.78,0.0,0.0,0,1,True,mule,0.3122078095355567,0.00036093718689722933,0.1874690605960929,86.39455782312925,WARNING
ACC_01878,10,8,0.8181818181818182,0.0012982470745715,0.0053361702127659,0.0,10051.99,26753.15,23,51,8,10,437.04304347826087,320.8337891329514,0.0434782608695652,1,23,False,normal,0.2731578794757144,0.05872227227551611,0.1873836365956351,86.35204081632652,WARNING
ACC_01287,7,4,0.625,0.0002572909966958,8.510638297872341e-07,0.0,8406.960000000001,6360.7,14,13,4,7,600.4971428571429,313.74565459273566,0.1428571428571428,1,14,False,normal,0.2989236575957547,0.020043599921422336,0.18737163452602174,86.30952380952381,WARNING
ACC_01923,12,6,0.5384615384615384,0.0006918481164552,0.0013046808510638,0.0,16851.98,23936.16,31,51,6,12,543.6122580645161,603.2973086890061,0.0,1,31,False,normal,0.2856090061550027,0.0400039713010976,0.18736699221344064,86.26700680272108,WARNING
ACC_00842,10,3,0.3636363636363636,0.0009016690778035,0.003291914893617,0.0128205128205128,6745.63,19792.22,19,37,3,10,355.03315789473686,246.60531728187843,0.0,1,19,False,normal,0.29348229905256823,0.02815404105028673,0.18735099585165563,86.22448979591837,WARNING
MULE_04_005,1,1,1.0,7.353891257871499e-05,0.0,0.0,9227.93,9371.83,1,1,1,1,9227.93,0.0,0.0,0,1,True,mule,0.31123682593355473,0.0015144003858911684,0.18734785571448928,86.18197278911565,WARNING
MULE_04_000,1,1,1.0,7.358035410188191e-05,0.0,0.0,9126.21,9565.4,1,1,1,1,9126.21,0.0,0.0,0,1,True,mule,0.3110640820087662,0.0012772433085913755,0.18714934652869625,86.13945578231292,WARNING
ACC_01922,4,10,2.2,0.0002466420447085,1.2765957446808513e-05,0.0109890109890109,14584.87,10770.12,31,21,10,4,470.47967741935486,431.7141286583354,0.032258064516129,2,31,False,normal,0.3038823444654088,0.011516129571765406,0.18693585850795144,86.0969387755102,WARNING
ACC_01049,14,6,0.4666666666666667,0.0007982496508625,0.0035974468085106,0.0052631578947368,13819.33,19523.12,30,42,6,14,460.64433333333335,235.9570779010649,0.0333333333333333,1,30,False,normal,0.29191243072071466,0.02935595914180557,0.18688984208915102,86.05442176870748,WARNING
MULE_03_005,1,1,1.0,7.266951654968973e-05,0.0,0.0,9386.56,9529.42,1,1,1,1,9386.56,0.0,0.0,0,1,True,mule,0.3100072993816496,0.0018883736742954095,0.18675972909870794,86.01190476190477,WARNING
MULE_03_009,1,1,1.0,7.257496233793372e-05,0.0,0.0,8382.92,8736.96,1,1,1,1,8382.92,0.0,0.0,0,1,True,mule,0.3110129383059772,0.0003172917745931777,0.18673467969342358,85.96938775510205,WARNING
MULE_01_038,1,1,1.0,7.288692895688386e-05,0.0,0.0,9434.25,9576.97,1,1,1,1,9434.25,0.0,0.0,0,1,True,mule,0.3096250380837012,0.0020131260459828088,0.18658027326861384,85.92687074829932,WARNING
ACC_01608,11,14,1.25,0.0006013660238684,0.0084314893617021,0.0066666666666666,14907.91,11944.02,29,28,14,11,514.0658620689655,395.8797172258733,0.0344827586206896,1,29,False,normal,0.30525075013799974,0.008199014997421709,0.18643005608176852,85.8843537414966,WARNING
ACC_01750,5,5,1.0,0.0003594519436211,7.404255319148937e-05,0.0,16600.65,9348.93,29,15,5,5,572.4362068965518,366.0043423963105,0.0689655172413793,2,29,False,normal,0.30110153628764136,0.014141414093299547,0.18631748740990461,85.84183673469387,WARNING
ACC_00126,4,3,0.8,0.0002554683227201,8.510638297872341e-05,0.0,16438.25,6429.89,35,15,3,4,469.6642857142857,335.12947714090967,0.0285714285714285,1,35,False,normal,0.2826290204065767,0.04146127683927336,0.1861619229796554,85.79931972789116,WARNING
ACC_00696,5,9,1.6666666666666667,0.0005144217889865,0.0014791489361702,0.0219780219780219,12875.69,12021.49,30,19,9,5,429.1896666666667,306.6827627626749,0.0666666666666666,2,29,False,normal,0.30119629761403804,0.012805620822404525,0.18584002689738463,85.75680272108843,WARNING
ACC_00394,13,7,0.5714285714285714,0.0009107739617912,0.0070893617021276,0.0105263157894736,8497.19,25922.6,19,43,7,13,447.2205263157895,383.09199623986,0.0,1,19,False,normal,0.2960677265152544,0.02035551186486456,0.18578284065509848,85.71428571428571,WARNING
ACC_00532,11,13,1.1666666666666667,0.0008721996909132,0.0014522662345968,0.0072463768115942,18198.63,18285.35,32,41,13,11,568.7071875,396.72768117181295,0.03125,1,30,False,normal,0.29053820985045675,0.028443698136436903,0.18570040516484881,85.671768707483,WARNING
MULE_02_016,1,1,1.0,7.342200993634496e-05,0.0,0.0,8438.25,8672.38,1,1,1,1,8438.25,0.0,0.0,0,1,True,mule,0.30915416106911736,0.0003641850456792049,0.18563817065974209,85.62925170068027,WARNING
ACC_00609,3,3,1.0,0.0002061758032267,0.0034136170212765,0.0,7386.14,2560.01,17,10,3,3,434.4788235294118,350.81394122957744,0.0,1,17,False,normal,0.28765237783331604,0.032088376634764555,0.18542677735389543,85.58673469387756,WARNING
ACC_00304,11,12,1.0833333333333333,0.0006259994255838,0.0039182978723404,0.0158102766798418,10777.33,18379.76,24,26,12,11,449.0554166666666,318.1013738605867,0.0416666666666666,2,24,False,normal,0.2987295230634915,0.014753560826198107,0.18513913816857414,85.54421768707483,WARNING
MULE_05_018,1,1,1.0,7.298607744493624e-05,0.0,0.0,8326.09,8509.44,1,1,1,1,8326.09,0.0,0.0,0,1,True,mule,0.3082445501843728,0.0003040758951589369,0.18506836046868724,85.50170068027211,WARNING
ACC_01386,13,4,0.3571428571428571,0.000739898095125,0.0001586151025455,0.0147058823529411,11405.94,26635.82,20,55,4,13,570.297,328.2554664169838,0.0,1,20,False,normal,0.28746517450689496,0.03138102796542431,0.1850315158903067,85.45918367346938,WARNING
ACC_00236,5,10,1.8333333333333333,0.0002683442317679,0.0045361702127659,0.0,18919.26,6087.45,41,13,10,5,461.4453658536585,321.96423471480153,0.0,1,41,False,normal,0.2821500084391078,0.03925308890707121,0.18499124062629316,85.41666666666666,WARNING
ACC_01308,11,7,0.6666666666666666,0.0011610158801024,0.00068,0.0065359477124183,8714.95,33715.48,21,60,7,11,414.9976190476191,307.4153465086732,0.0,1,20,False,normal,0.27939453544343257,0.04325001656409531,0.18493672789169766,85.37414965986395,WARNING
ACC_01300,6,3,0.5714285714285714,0.0002830763529233,0.0003123404255319,0.0,7715.68,5484.55,18,10,3,6,428.6488888888889,296.906000234356,0.0,2,18,False,normal,0.2924480101544437,0.02337567814203371,0.1848190773494797,85.33163265306123,WARNING
MULE_06_019,1,1,1.0,7.302376218557523e-05,0.0,0.0,9352.14,9835.0,1,1,1,1,9352.14,0.0,0.0,0,1,True,mule,0.3065482628118347,0.001780934837092535,0.18464133162193783,85.28911564625851,WARNING
ACC_01955,3,12,3.25,0.0002517499201365,0.0004527659574468,0.019047619047619,13744.2,4051.22,23,9,12,3,597.5739130434783,374.3649252793945,0.0,1,23,False,normal,0.2866601310628482,0.03132468995682034,0.18452595462043705,85.24659863945578,WARNING
ACC_00625,4,4,1.0,0.0001858037842882,1.1086001790815677e-05,0.0,9838.28,5250.81,17,8,4,4,578.7223529411765,267.7086213481322,0.0,2,15,False,normal,0.2954077012525617,0.017511721481486633,0.18424930934413167,85.20408163265306,WARNING
ACC_00739,12,7,0.6153846153846154,0.0008535396022497,0.0036204255319148,0.0116959064327485,18280.53,20078.94,34,46,7,12,537.6626470588235,363.89341520859466,0.0294117647058823,1,33,False,normal,0.29139779818455636,0.02271934962652984,0.18392641876134574,85.16156462585033,WARNING
ACC_01742,6,11,1.7142857142857142,0.0003697466931606,0.0033522363876689,0.0166666666666666,19112.94,6785.98,37,18,11,6,516.5659459459459,349.85039726891733,0.054054054054054,1,37,False,normal,0.29237182619515745,0.020476277455126677,0.18361360669914514,85.11904761904762,WARNING
ACC_01665,7,4,0.625,0.0001642485937911,0.0045480851063829,0.0363636363636363,9147.39,5707.66,23,14,4,7,397.71260869565214,273.91167252862886,0.0434782608695652,1,23,False,normal,0.29299484321485114,0.019517192166487056,0.1836037827955055,85.0765306122449,WARNING
ACC_01988,11,8,0.75,0.0004899934296663,0.0005497872340425,0.0058479532163742,13270.41,14791.13,21,28,8,11,631.9242857142857,418.4876436953835,0.0952380952380952,2,21,False,normal,0.29453463154994197,0.017074264120360703,0.18355048457810946,85.03401360544217,WARNING
MULE_02_018,1,1,1.0,7.358049418662123e-05,0.0,0.0,9126.8,9399.78,1,1,1,1,9126.8,0.0,0.0,0,1,True,mule,0.304625302332172,0.0012898415139524758,0.18329111800488418,84.99149659863946,NORMAL
ACC_01621,9,6,0.7,0.0006371309278246,1.446808510638298e-05,0.0,12414.01,13589.06,15,26,6,9,827.6006666666667,473.0334943209877,0.0666666666666666,1,15,False,normal,0.28556540343430703,0.02956511741086824,0.1831652890249315,84.94897959183673,NORMAL
MULE_04_029,1,1,1.0,7.338052833095499e-05,0.0,0.0,8483.92,8632.03,1,1,1,1,8483.92,0.0,0.0,0,1,True,mule,0.304981007299672,0.0004031896395080127,0.18314988023560638,84.90646258503402,NORMAL
ACC_01597,3,11,3.0,0.0003763702489451,0.0006731914893617,0.0109890109890109,15870.99,7279.49,30,10,11,3,529.033,577.3426595762276,0.0,1,29,False,normal,0.28073477896568994,0.03653287507000225,0.18305401740741487,84.8639455782313,NORMAL
MULE_01_011,1,1,1.0,7.274450964123047e-05,0.0,0.0,8355.91,8569.95,1,1,1,1,8355.91,0.0,0.0,0,1,True,mule,0.304081193192517,0.0003145341124454188,0.18257452956048834,84.82142857142857,NORMAL
ACC_00465,3,9,2.5,0.0001369711123268,0.0014851063829787,0.0,12858.73,2054.4300000000003,25,6,9,3,514.3492,420.1905433046616,0.0,2,25,False,normal,0.29545380304827396,0.012951888089906343,0.1824530370649269,84.77891156462584,NORMAL
ACC_00816,8,3,0.4444444444444444,0.000645572516699,0.0,0.0,6906.09,14205.41,20,30,3,8,345.3045,235.00008209349065,0.05,1,20,False,normal,0.294771587637084,0.013885632066268189,0.1824172054087577,84.73639455782312,NORMAL
ACC_00790,3,11,3.0,0.0004343167248057,1.7021276595744682e-06,0.0109890109890109,10487.8,5377.73,21,14,11,3,499.4190476190476,376.7467209930932,0.0476190476190476,1,21,False,normal,0.2833847329063135,0.030920900665830267,0.18239920001012022,84.6938775510204,NORMAL
MULE_02_026,1,1,1.0,7.357267673418802e-05,0.0,0.0,9079.59,9363.9,1,1,1,1,9079.59,0.0,0.0,0,1,True,mule,0.30319291179874663,0.0011953527034912431,0.18239388816064447,84.6513605442177,NORMAL
ACC_01695,2,10,3.6666666666666665,0.0002522329093027,0.000607659574468,0.0,15553.2,3747.64,33,7,10,2,471.3090909090909,410.8062986095426,0.0,1,32,False,normal,0.2885895640772468,0.02301136133400403,0.1823582829799497,84.60884353741497,NORMAL
ACC_00678,10,6,0.6363636363636364,0.001002450460205,0.0001310638297872,0.0083333333333333,11856.09,27072.37,17,52,6,10,697.4170588235294,437.80035767979774,0.0,1,17,False,normal,0.27711588060905606,0.03966322414165269,0.1821348180220947,84.56632653061224,NORMAL
MULE_04_019,1,1,1.0,7.354611244658761e-05,0.0,0.0,9112.54,9405.46,1,1,1,1,9112.54,0.0,0.0,0,1,True,mule,0.30266699886614445,0.0012594957192383304,0.182103997607382,84.52380952380952,NORMAL
ACC_01709,9,2,0.3,0.0005852565860359,0.0,0.0,7956.39,19718.55,18,48,2,9,442.0216666666667,392.8983148983972,0.0,1,18,False,normal,0.2757279743458355,0.04122757458941248,0.1819278144432663,84.4812925170068,NORMAL
ACC_01682,8,6,0.7777777777777778,0.0012117065577973,0.0,0.0109890109890109,14198.15,28299.91,26,55,6,8,546.0826923076922,445.94263546386935,0.0,1,26,False,normal,0.2647800144616378,0.05757469102984264,0.18189788508891974,84.43877551020408,NORMAL
ACC_00797,5,11,2.0,0.0005757476614337,0.0053991489361702,0.0,9057.82,14603.69,20,25,11,5,452.891,335.10993327249304,0.0,2,20,False,normal,0.28661181361891014,0.024749530839246168,0.18186690050704454,84.39625850340136,NORMAL
MULE_01_033,1,1,1.0,7.290521964633735e-05,0.0,0.0,9407.63,9706.3,1,1,1,1,9407.63,0.0,0.0,0,1,True,mule,0.3016541513214626,0.001932807747735133,0.18176561389197163,84.35374149659864,NORMAL
ACC_01479,11,10,0.9166666666666666,0.0008537412769147,0.0020578723404255,0.0142857142857142,13149.21,28877.5,26,52,10,11,505.7388461538461,330.74422334277494,0.0,2,25,False,normal,0.28834466633429495,0.021551079381403892,0.1816272315531385,84.31122448979592,NORMAL
MULE_03_015,1,1,1.0,7.267959409142674e-05,0.0,0.0,9363.84,9613.88,1,1,1,1,9363.84,0.0,0.0,0,1,True,mule,0.30129435420426415,0.0018235641568451534,0.18150603818529654,84.2687074829932,NORMAL
ACC_00733,14,4,0.3333333333333333,0.000499822604247,0.0031370212765957,0.0065359477124183,9526.07,11154.11,23,26,4,14,414.1769565217391,234.10977049306635,0.0434782608695652,1,23,False,normal,0.2741524734269101,0.042398851331086625,0.18145102458858073,84.22619047619048,NORMAL
ACC_01701,4,7,1.6,0.0001602427978857,0.0023685106382978,0.0181818181818181,10489.13,2097.45,20,4,7,4,524.4565,365.2847563675136,0.0,2,19,False,normal,0.29237547598226465,0.014692967063666422,0.18130247241482536,84.18367346938776,NORMAL
MULE_03_047,1,1,1.0,7.255464498289017e-05,0.0,0.0,8478.72,8566.68,1,1,1,1,8478.72,0.0,0.0,0,1,True,mule,0.3017637653398291,0.00040010272441483926,0.18121830029366343,84.14115646258503,NORMAL
ACC_00643,2,6,2.333333333333333,0.0001278631204918,0.0014655319148936,0.0,8422.67,1887.9,24,2,6,2,350.94458333333336,241.64200248515613,0.0416666666666666,1,22,False,normal,0.28986375023630356,0.018068494609669625,0.18114564798565,84.0986394557823,NORMAL
ACC_00400,5,8,1.5,0.0001963208669818,0.0014902127659574,0.0256410256410256,15495.27,6276.99,34,14,8,5,455.74323529411765,335.93469027720244,0.0,2,34,False,normal,0.2892964550407867,0.018504974644682946,0.18097986288234522,84.0561224489796,NORMAL
MULE_05_008,1,1,1.0,7.318107404362147e-05,0.0,0.0,9333.33,9650.97,1,1,1,1,9333.33,0.0,0.0,0,1,True,mule,0.2999425197730383,0.0017462409783811199,0.18066400825517542,84.01360544217688,NORMAL
ACC_01699,13,10,0.7857142857142857,0.0005703282372505,0.0026910638297872,0.0118577075098814,19845.98,19650.76,33,38,10,13,601.3933333333333,368.49252775384286,0.0,1,32,False,normal,0.28986757274923197,0.016650351429784042,0.1805806842214528,83.97108843537416,NORMAL
ACC_01382,9,6,0.7,0.000794678966388,0.0022893617021276,0.0,7229.46,22131.53,19,42,6,9,380.4978947368421,265.5452893487694,0.0,2,19,False,normal,0.2870442712054436,0.020768063644539887,0.18053378818108212,83.92857142857143,NORMAL
ACC_00376,12,12,1.0,0.0007174435164866,0.0071531914893617,0.0144927536231884,13307.48,25867.45,28,51,12,12,475.26714285714286,337.3451655353207,0.0,1,28,False,normal,0.2890485930370119,0.017060273836047943,0.1802532653566263,83.8860544217687,NORMAL
ACC_01438,13,5,0.4285714285714285,0.0003989722869486,0.0048434042553191,0.0130718954248366,8887.62,11709.05,23,24,5,13,386.4182608695653,195.28254783197357,0.0434782608695652,1,22,False,normal,0.277625486007664,0.03371343198166537,0.18006066439726456,83.84353741496598,NORMAL
ACC_00734,9,9,1.0,0.0006805268750342,0.0062289361702127,0.0,6833.54,20465.07,16,38,9,9,427.09625,334.95438853422013,0.0625,1,16,False,normal,0.2861748688278917,0.02081267133473099,0.18002998983062743,83.80102040816327,NORMAL
ACC_00822,10,6,0.6363636363636364,0.0006562583340256,0.0027940425531914,0.0416666666666666,14521.76,15743.38,30,30,6,10,484.0586666666667,285.65629675192355,0.0666666666666666,1,30,False,normal,0.29073696177970654,0.013925552170490024,0.18001239793601992,83.75850340136054,NORMAL
MULE_04_018,1,1,1.0,7.34108392822903e-05,0.0,0.0,8479.08,8773.61,1,1,1,1,8479.08,0.0,0.0,0,1,True,mule,0.2993632046087435,0.00038827761497419507,0.17977323381123578,83.71598639455783,NORMAL
ACC_00725,2,8,3.0,0.0001927801760414,0.0051429787234042,0.0,15549.18,2740.21,24,7,8,2,647.8825,407.4557915657045,0.0,1,24,False,normal,0.2827982630966076,0.02466059940650693,0.17954319762056734,83.6734693877551,NORMAL
ACC_01106,3,8,2.25,0.0004034633880758,0.0010153191489361,0.0181818181818181,11204.8,11786.24,19,19,8,3,589.7263157894737,535.2545505874392,0.0526315789473684,1,19,False,normal,0.27350730850787613,0.03840168881987727,0.17946506063267656,83.63095238095238,NORMAL
MULE_02_001,1,1,1.0,7.354867314626812e-05,0.0,0.0,9130.9,9253.73,1,1,1,1,9130.9,0.0,0.0,0,1,True,mule,0.2981789667026119,0.0013090295256660168,0.17943099183183356,83.58843537414967,NORMAL
MULE_06_037,1,1,1.0,7.30185901225465e-05,0.0,0.0,9329.12,9800.89,1,1,1,1,9329.12,0.0,0.0,0,1,True,mule,0.2976235374736811,0.0017250726914090084,0.17926415156077224,83.54591836734694,NORMAL
ACC_01876,5,13,2.333333333333333,0.0005261510922573,0.0026289361702127,0.0130718954248366,10387.42,12762.23,27,24,13,5,384.7192592592593,249.64202164030996,0.037037037037037,1,27,False,normal,0.2728216445208385,0.03868690604724242,0.17916774913140007,83.50340136054422,NORMAL
ACC_01593,4,7,1.6,0.0001495178300848,0.0022760414445913,0.0181818181818181,14174.57,2891.4,30,7,7,4,472.48566666666665,298.7228247941367,0.0,2,28,False,normal,0.2879804191332006,0.01591310134342044,0.17915349201728853,83.46088435374149,NORMAL
ACC_01805,4,3,0.8,0.0002504768585864,1.2765957446808513e-05,0.0476190476190476,9728.64,7483.37,22,14,3,4,442.210909090909,278.00630271904834,0.0,1,22,False,normal,0.29109904408350096,0.009010614314152504,0.17826367217576158,83.41836734693877,NORMAL
MULE_02_029,1,1,1.0,7.34168266254925e-05,0.0,0.0,8518.75,8648.59,1,1,1,1,8518.75,0.0,0.0,0,1,True,mule,0.2967280186299085,0.000432313616881143,0.17820973662469755,83.37585034013605,NORMAL
MULE_01_046,1,1,1.0,7.291903842980987e-05,0.0,0.0,9341.29,9804.01,1,1,1,1,9341.29,0.0,0.0,0,1,True,mule,0.29547711636078705,0.001754883210952297,0.17798822310085313,83.33333333333334,NORMAL
ACC_01541,8,6,0.7777777777777778,0.0006424719047402,0.0010970212765957,0.0329670329670329,9301.03,10632.8,20,20,6,8,465.0515,300.575923297347,0.05,2,20,False,normal,0.29130729776674785,0.007891899707574715,0.17794113854307858,83.29081632653062,NORMAL
MULE_03_018,1,1,1.0,7.257019203105892e-05,0.0,0.0,8427.25,8696.98,1,1,1,1,8427.25,0.0,0.0,0,1,True,mule,0.29549097146833586,0.00035016836234492065,0.17743465022593946,83.24829931972789,NORMAL
MULE_07_014,1,1,1.0,7.314101489937295e-05,0.0,0.0,9371.32,9671.79,1,1,1,1,9371.32,0.0,0.0,0,1,True,mule,0.2943763965621559,0.0018413126648520763,0.17736236300323438,83.20578231292517,NORMAL
MULE_02_009,1,1,1.0,7.356988136309778e-05,0.0,0.0,9034.09,9351.07,1,1,1,1,9034.09,0.0,0.0,0,1,True,mule,0.2938549186142759,0.0011069470226934656,0.1767557299776429,83.16326530612244,NORMAL
ACC_00538,12,10,0.8461538461538461,0.0005944765987455,0.0042553191489361,0.0,15093.13,15856.54,32,29,10,12,471.6603125,276.82043024878965,0.0,2,32,False,normal,0.2835044423309751,0.015158326972943677,0.17616599618776255,83.12074829931973,NORMAL
ACC_01209,8,11,1.3333333333333333,0.001067417819726,0.0007897872340425,0.0058479532163742,18676.6,19728.37,32,39,11,8,583.64375,403.0979857965378,0.03125,1,32,False,normal,0.26805537465780677,0.037693287860980175,0.17591053993907613,83.078231292517,NORMAL
ACC_01781,6,2,0.4285714285714285,0.0006438611749944,0.0,0.0357142857142857,10837.65,15803.77,24,28,2,6,451.56875,290.7846304070734,0.0,1,24,False,normal,0.2801974310844473,0.019299581083626005,0.17583829108411875,83.03571428571429,NORMAL
ACC_00641,10,4,0.4545454545454545,0.0009327019780619,8.510638297872341e-07,0.0,10182.16,29613.82,23,50,4,10,442.70260869565215,302.3330627457887,0.0434782608695652,1,23,False,normal,0.27831500445424256,0.021891001476320126,0.17574540326307359,82.99319727891157,NORMAL
ACC_01069,10,10,1.0,0.0006624900347701,0.0074331914893617,0.0105263157894736,17956.3,13403.25,31,28,10,10,579.2354838709678,418.84418400194846,0.0,2,30,False,normal,0.28655026047832827,0.00935848285364701,0.17567354942845576,82.95068027210884,NORMAL
ACC_00818,6,9,1.4285714285714286,0.0001567281886354,0.0024331914893617,0.019047619047619,10421.43,3615.38,18,10,9,6,578.9683333333334,362.8791821343167,0.0,2,17,False,normal,0.280940547817745,0.01776635824093611,0.17567087198702144,82.90816326530613,NORMAL
MULE_07_023,1,1,1.0,7.314740788721372e-05,0.0,0.0,9286.23,9710.23,1,1,1,1,9286.23,0.0,0.0,0,1,True,mule,0.2914929193352521,0.0016262756995816805,0.17554626188098393,82.8656462585034,NORMAL
MULE_00_014,1,1,1.0,7.285858924133543e-05,0.0,0.0,9393.58,9663.83,1,1,1,1,9393.58,0.0,0.0,0,1,True,mule,0.2911454300856917,0.0018983407137717547,0.17544659433692372,82.82312925170068,NORMAL
ACC_00436,12,9,0.7692307692307693,0.0007368294428475,0.0051531914893617,0.0142857142857142,17549.95,15173.71,29,33,9,12,605.1706896551724,422.0252776868351,0.0689655172413793,1,29,False,normal,0.28719201642660586,0.007472587186680747,0.17530424473063583,82.78061224489795,NORMAL
MULE_03_008,1,1,1.0,7.268295764697453e-05,0.0,0.0,9239.57,9642.07,1,1,1,1,9239.57,0.0,0.0,0,1,True,mule,0.2902703403105839,0.0015179294440800315,0.17476937596398234,82.73809523809523,NORMAL
MULE_02_013,1,1,1.0,7.347672556704592e-05,0.0,0.0,8546.1,8923.51,1,1,1,1,8546.1,0.0,0.0,0,1,True,mule,0.29063092435991345,0.0004369117025792804,0.1745533192969798,82.69557823129252,NORMAL
MULE_02_011,1,1,1.0,7.351583679576064e-05,0.0,0.0,8683.48,9103.02,1,1,1,1,8683.48,0.0,0.0,0,1,True,mule,0.2904237495005948,0.0005736680274136848,0.17448371691132236,82.6530612244898,NORMAL
MULE_02_028,1,1,1.0,7.352582866779484e-05,0.0,0.0,8707.18,9148.88,1,1,1,1,8707.18,0.0,0.0,0,1,True,mule,0.2903167175891299,0.0006000388950802683,0.17443004611151006,82.61054421768708,NORMAL
ACC_00763,9,9,1.0,0.0003874063058892,0.0042944680851063,0.0,10923.86,17437.23,23,33,9,9,474.9504347826088,287.37982836274773,0.0869565217391304,2,23,False,normal,0.2858586301643358,0.007269701983278508,0.17442305889191287,82.56802721088435,NORMAL
ACC_01398,9,7,0.8,0.0006013276943065,0.0016093617021276,0.0,15329.69,23517.8,33,43,7,9,464.53606060606063,449.459473937441,0.0,2,33,False,normal,0.2790246068998101,0.0174610143176562,0.17439916986694856,82.52551020408163,NORMAL
ACC_00229,5,11,2.0,0.0004400386301185,0.0047472340425531,0.0083333333333333,11818.26,14262.02,28,25,11,5,422.0807142857143,272.290617075982,0.0357142857142857,2,27,False,normal,0.27985561430604644,0.016133710719680883,0.1743668528715002,82.48299319727892,NORMAL
ACC_01155,2,7,2.6666666666666665,0.0001068068554907,0.0011691468042467,0.0,12982.07,727.84,30,2,7,2,432.73566666666665,255.88959532934527,0.0,1,29,False,normal,0.2746485809858969,0.02368228771756603,0.17426206367856453,82.44047619047619,NORMAL
ACC_01964,10,5,0.5454545454545454,0.00057973268081,7.063829787234042e-05,0.0,10344.3,14779.01,18,27,5,10,574.6833333333333,408.005964042338,0.0555555555555555,2,17,False,normal,0.27604778481712533,0.020561168434207727,0.1738531382639583,82.39795918367348,NORMAL
ACC_01970,7,8,1.125,0.0009268331968327,0.0009627766170639,0.0,10540.06,20438.15,18,46,8,7,585.5588888888889,397.14176674433327,0.0,2,18,False,normal,0.25960795622985827,0.04512547802938838,0.1738149649496703,82.35544217687075,NORMAL
ACC_00519,4,13,2.8,0.0001710017424344,0.0006885106382978,0.0,14018.02,3571.26,29,8,13,4,483.38,404.56716173849657,0.0,1,29,False,normal,0.2690528377575993,0.03079146216574923,0.17374828752085927,82.31292517006803,NORMAL
ACC_01026,5,8,1.5,0.0002059936329067,0.0063889361702127,0.0,11380.67,5513.35,20,10,8,5,569.0335,605.3015454802585,0.05,1,19,False,normal,0.24640876414087393,0.06465815844689425,0.17370852186328206,82.2704081632653,NORMAL
MULE_02_023,1,1,1.0,7.356911879109342e-05,0.0,0.0,8984.7,9347.57,1,1,1,1,8984.7,0.0,0.0,0,1,True,mule,0.28868996799937546,0.0010149228660306451,0.17361994994603752,82.22789115646259,NORMAL
MULE_06_041,1,1,1.0,7.301513298279115e-05,0.0,0.0,9300.64,9778.09,1,1,1,1,9300.64,0.0,0.0,0,1,True,mule,0.28824757638942994,0.001656214605929844,0.1736110316760299,82.18537414965986,NORMAL
ACC_01874,3,6,1.75,0.0002617066385309,5.361702127659575e-05,0.0,14056.86,3895.76,22,6,6,3,638.9481818181819,370.5606269480824,0.0,2,22,False,normal,0.28163720393968006,0.011562436237934215,0.1736072968589817,82.14285714285714,NORMAL
ACC_01052,10,11,1.0909090909090908,0.0009217685784216,0.0008817021276595,0.0095238095238095,10959.34,16190.59,21,31,11,10,521.8733333333333,298.8244198745031,0.0476190476190476,2,21,False,normal,0.2680872065611707,0.031645909005892855,0.17351068753905954,82.10034013605441,NORMAL
ACC_00375,7,5,0.75,0.0002019057218934,0.0035540425531914,0.0151515151515151,12031.11,3815.31,29,9,5,7,414.8658620689656,330.2416628180603,0.0,2,28,False,normal,0.2696277839039175,0.029309950677338607,0.17350065061328593,82.0578231292517,NORMAL
ACC_01625,3,9,2.5,0.0001526368804991,0.0031055319148936,0.0,11036.24,1897.09,20,5,9,3,551.812,440.8534808706737,0.05,1,20,False,normal,0.2732765746359421,0.023777004598304428,0.17347674662088702,82.01530612244898,NORMAL
MULE_03_024,1,1,1.0,7.258983285683834e-05,0.0,0.0,8418.78,8861.59,1,1,1,1,8418.78,0.0,0.0,0,1,True,mule,0.28886262127528956,0.0003321091558898706,0.17345041642752967,81.97278911564626,NORMAL
ACC_01993,10,5,0.5454545454545454,0.0013556689853234,0.002063829787234,0.019047619047619,12022.28,21877.18,22,47,5,10,546.4672727272728,452.92455655999146,0.0,1,22,False,normal,0.24477240241198706,0.06599709212308974,0.17326227829642815,81.93027210884354,NORMAL
ACC_00843,11,8,0.75,0.0008944170542031,0.0054381102630793,0.0116959064327485,13235.94,20260.96,29,41,8,11,456.4117241379311,364.55781207285867,0.0344827586206896,2,29,False,normal,0.27789066853372413,0.01602379631542693,0.17314391964640524,81.88775510204081,NORMAL
ACC_00593,11,7,0.6666666666666666,0.0007031078278266,0.0028763910800324,0.0,5230.54,18672.12,10,41,7,11,523.054,371.0797005496258,0.0,1,9,False,normal,0.2582548169777788,0.04524040998099011,0.17304905417906333,81.84523809523809,NORMAL
ACC_01093,13,8,0.6428571428571429,0.0004875384922653,0.0110434042553191,0.0,11731.17,12586.41,24,28,8,13,488.79875,448.6346584075472,0.0,1,24,False,normal,0.2672650266556596,0.031379526948254986,0.17291082677269776,81.80272108843538,NORMAL
ACC_01164,3,4,1.25,0.0003697983332256,8.86880143265254e-05,0.0476190476190476,10403.71,6134.68,18,12,4,3,577.9838888888888,382.3675047899351,0.0,1,18,False,normal,0.28071996590393267,0.010944309421774177,0.17280970331106926,81.76020408163265,NORMAL
ACC_00014,13,8,0.6428571428571429,0.0007273144539339,0.0062,0.019047619047619,11622.43,27828.32,23,55,8,13,505.3230434782609,285.25434829662873,0.0,1,23,False,normal,0.27315204611771193,0.022113605106933713,0.17273666971340065,81.71768707482994,NORMAL
MULE_07_036,1,1,1.0,7.294623998496806e-05,0.0,0.0,8395.36,8500.64,1,1,1,1,8395.36,0.0,0.0,0,1,True,mule,0.2875527742662107,0.00034552755185801435,0.17266987558046962,81.67517006802721,NORMAL
ACC_00665,13,7,0.5714285714285714,0.0005542307398706,0.0020340425531914,0.0,12030.01,14937.62,24,28,7,13,501.2504166666667,232.55929335527705,0.0416666666666666,2,24,False,normal,0.2710241083808671,0.024568878067718694,0.17244201625560773,81.63265306122449,NORMAL
MULE_04_006,1,1,1.0,7.34078612816329e-05,0.0,0.0,8620.97,8759.7,1,1,1,1,8620.97,0.0,0.0,0,1,True,mule,0.2865745176191349,0.0005260729429931387,0.1721551397486782,81.59013605442176,NORMAL
MULE_00_029,1,1,1.0,7.286297213702628e-05,0.0,0.0,9368.96,9695.77,1,1,1,1,9368.96,0.0,0.0,0,1,True,mule,0.28509381005151324,0.0018321365889032639,0.17178914066646925,81.54761904761905,NORMAL
MULE_05_011,1,1,1.0,7.298620385202412e-05,0.0,0.0,8388.55,8510.18,1,1,1,1,8388.55,0.0,0.0,0,1,True,mule,0.2860188646466895,0.0003404932806007339,0.171747516100254,81.50510204081633,NORMAL
ACC_01244,5,5,1.0,0.0003026535760181,0.0001914893617021,0.0444444444444444,9380.39,7785.95,22,16,5,5,426.3813636363636,155.14745233073796,0.0454545454545454,1,21,False,normal,0.2762344417355306,0.014602672263627898,0.1715817339467695,81.4625850340136,NORMAL
MULE_04_014,1,1,1.0,7.350991828475156e-05,0.0,0.0,8783.22,9236.4,1,1,1,1,8783.22,0.0,0.0,0,1,True,mule,0.2853982397919791,0.0006961228841660682,0.17151739302885388,81.42006802721087,NORMAL
ACC_00134,4,8,1.8,0.000137711820969,0.0032302903679699,0.0303030303030303,8843.72,2813.09,21,8,8,4,421.1295238095238,317.180971410269,0.0476190476190476,1,21,False,normal,0.2802299006122514,0.007668105099651178,0.1712051824072113,81.37755102040816,NORMAL
MULE_07_031,1,1,1.0,7.314401015720365e-05,0.0,0.0,9313.43,9689.8,1,1,1,1,9313.43,0.0,0.0,0,1,True,mule,0.2840201260200341,0.0016939520246377815,0.17108965642187557,81.33503401360545,NORMAL
ACC_01461,13,6,0.5,0.0007992628347064,0.0003446808510638,0.0116959064327485,9478.5,19578.31,26,37,6,13,364.5576923076923,219.39756553449163,0.0384615384615384,1,26,False,normal,0.2709736390404027,0.021237055690158657,0.1710790057003051,81.29251700680273,NORMAL
ACC_01710,9,12,1.3,0.0007103825242437,0.0043795744680851,0.0047619047619047,17030.829999999998,23060.73,34,50,12,9,500.9067647058823,396.7770335463253,0.0,1,33,False,normal,0.26666177700263116,0.027474883185443694,0.17098701947575617,81.25,NORMAL
ACC_00483,14,8,0.6,0.0010251593816091,0.0015742122542958,0.0043290043290043,10551.5,24999.16,20,52,8,14,527.575,259.1330514071467,0.0,1,20,False,normal,0.2650218609327717,0.029647888128330944,0.1708722718109954,81.20748299319727,NORMAL
MULE_02_000,1,1,1.0,7.345459790625674e-05,0.0,0.0,8656.55,8821.95,1,1,1,1,8656.55,0.0,0.0,0,1,True,mule,0.2843452593116499,0.0005619716710394374,0.1708319442554057,81.16496598639455,NORMAL
MULE_04_013,1,1,1.0,7.345361673098578e-05,0.0,0.0,8584.99,8973.42,1,1,1,1,8584.99,0.0,0.0,0,1,True,mule,0.2842638984788407,0.00047171073714899356,0.17074702338216402,81.12244897959184,NORMAL
MULE_03_026,1,1,1.0,7.258785218915145e-05,0.0,0.0,8431.15,8844.99,1,1,1,1,8431.15,0.0,0.0,0,1,True,mule,0.2843429624428166,0.00034208244576689427,0.1707426104439967,81.07993197278913,NORMAL
MULE_03_001,1,1,1.0,7.256718881384935e-05,0.0,0.0,8584.17,8671.81,1,1,1,1,8584.17,0.0,0.0,0,1,True,mule,0.28395214169289273,0.0004895650481349996,0.17056711103498964,81.0374149659864,NORMAL
ACC_01680,6,7,1.1428571428571428,0.0004555341195941,0.0081182978723404,0.0256410256410256,6435.530000000001,8047.62,18,22,7,6,357.5294444444445,272.02131119956766,0.0,1,18,False,normal,0.274155248923669,0.01498096132760979,0.17048553388524532,80.99489795918367,NORMAL
MULE_02_027,1,1,1.0,7.352616202069959e-05,0.0,0.0,9048.2,9150.41,1,1,1,1,9048.2,0.0,0.0,0,1,True,mule,0.2832776420767185,0.001148802467571588,0.17042610623305976,80.95238095238095,NORMAL
ACC_01161,14,10,0.7333333333333333,0.0008008794392562,0.0033206839210335,0.0181159420289855,8596.16,18494.08,22,39,10,14,390.7345454545455,287.473423545589,0.0,1,21,False,normal,0.2697601017009934,0.020490797943461325,0.17005238019798058,80.90986394557824,NORMAL
ACC_00980,12,5,0.4615384615384615,0.0004720343948127,0.0007514893617021,0.0294117647058823,17763.22,10550.08,28,21,5,12,634.4007142857143,454.7607009791264,0.0,1,28,False,normal,0.2625544773010678,0.03128829616332974,0.17004800484597254,80.86734693877551,NORMAL
ACC_01498,12,10,0.8461538461538461,0.000735334977457,0.0031455319148936,0.0043290043290043,8438.24,27701.21,23,49,10,12,366.88,180.17317013463364,0.0,1,23,False,normal,0.26356295017005466,0.029544798350508134,0.16995568944223605,80.82482993197279,NORMAL
ACC_01732,9,6,0.7,0.0011342009379026,0.0002017021276595,0.0,11756.25,30981.25,21,53,6,9,559.8214285714286,456.3324553139489,0.0,1,20,False,normal,0.2520644301318988,0.04674008239613997,0.16993469103759523,80.78231292517006,NORMAL
ACC_00903,5,10,1.8333333333333333,0.0001624647914242,0.0038255319148936,0.0,14053.93,3290.31,24,8,10,5,585.5804166666667,391.5621053019744,0.0,2,24,False,normal,0.2757884311789636,0.010753341879635808,0.16977439545923248,80.73979591836735,NORMAL
ACC_00380,6,7,1.1428571428571428,0.0003488408882512,0.0005730610156483,0.0384615384615384,13954.76,7851.8,29,12,7,6,481.1986206896552,431.8028342370768,0.0,2,29,False,normal,0.276294136456944,0.009880504670819546,0.16972868374249422,80.69727891156462,NORMAL
MULE_07_011,1,1,1.0,7.3126935025528e-05,0.0,0.0,9357.81,9587.13,1,1,1,1,9357.81,0.0,0.0,0,1,True,mule,0.2815465097244955,0.0018123525743289125,0.16965284686442886,80.65476190476191,NORMAL
ACC_00260,8,13,1.5555555555555556,0.0003423868000554,0.00476,0.019047619047619,15259.1,8039.88,24,23,13,8,635.7958333333333,448.3903023319776,0.0416666666666666,1,23,False,normal,0.26882002869794624,0.02078044659292504,0.16960419585593775,80.61224489795919,NORMAL
ACC_01022,7,12,1.625,0.0006657028290425,0.0014663829787234,0.0058479532163742,17927.05,13780.63,27,20,12,7,663.9648148148148,313.42877098277376,0.074074074074074,1,27,False,normal,0.26624780348677884,0.024478153548265935,0.16953994351137366,80.56972789115646,NORMAL
ACC_01111,3,8,2.25,0.0002635322157233,1.4497079264912803e-05,0.0181818181818181,6784.53,4027.4,20,10,8,3,339.2265,199.01291207184468,0.0,1,20,False,normal,0.269877633014127,0.01875646553692673,0.16942916602324687,80.52721088435374,NORMAL
ACC_00378,14,3,0.2666666666666666,0.0005304070920881,0.0018263829787234,0.0,11375.04,16563.54,22,32,3,14,517.0472727272727,309.6290931664286,0.0,1,22,False,normal,0.25516232516764464,0.040405920854099456,0.16925976344222657,80.48469387755102,NORMAL
ACC_01617,13,5,0.4285714285714285,0.0007321633158453,0.0011863829787234,0.0065359477124183,16597.03,19861.9,30,32,5,13,553.2343333333333,502.2221953902911,0.0,1,30,False,normal,0.2636952533235187,0.027432144490056095,0.16919000979013366,80.4421768707483,NORMAL
ACC_01065,2,9,3.333333333333333,0.0001144327336207,0.0002714893617021,0.0,10772.98,786.8199999999999,24,2,9,2,448.87416666666667,307.45599453123106,0.0,1,24,False,normal,0.26919197365944425,0.01867634953971484,0.16898572401155249,80.39965986394559,NORMAL
ACC_01467,5,4,0.8333333333333334,0.000220091050755,0.0002697872340425,0.0555555555555555,10792.61,4446.56,20,12,4,5,539.6305,290.45737376321,0.05,1,20,False,normal,0.2781054636749331,0.004523875238360541,0.16867282830030408,80.35714285714286,NORMAL
MULE_01_005,1,1,1.0,7.290942425623029e-05,0.0,0.0,9281.88,9736.03,1,1,1,1,9281.88,0.0,0.0,0,1,True,mule,0.27998531214411987,0.0016129195474541079,0.16863635510545355,80.31462585034014,NORMAL
MULE_00_032,1,1,1.0,7.270442081679805e-05,0.0,0.0,8428.35,8540.34,1,1,1,1,8428.35,0.0,0.0,0,1,True,mule,0.28080634575145474,0.00036395475009075507,0.16862938935090915,80.27210884353741,NORMAL
ACC_01012,8,12,1.4444444444444444,0.0006894466721386,0.0059021276595744,0.0105263157894736,10778.57,21193.94,22,45,12,8,489.935,367.9986908976456,0.0454545454545454,1,22,False,normal,0.25959812536659455,0.03217047775671578,0.16862706632264302,80.2295918367347,NORMAL
MULE_02_003,1,1,1.0,7.351284969228074e-05,0.0,0.0,8991.71,9089.31,1,1,1,1,8991.71,0.0,0.0,0,1,True,mule,0.2802651254867948,0.0010464511386954845,0.16857765574755504,80.18707482993197,NORMAL
MULE_04_007,1,1,1.0,7.347934400194189e-05,0.0,0.0,8677.04,9093.59,1,1,1,1,8677.04,0.0,0.0,0,1,True,mule,0.28021619648318974,0.0005663193323601768,0.16835624562285792,80.14455782312925,NORMAL
ACC_01550,9,6,0.7,0.0004989809121992,0.0022485106382978,0.0,6544.87,15302.08,15,28,6,9,436.3246666666666,409.4708632729853,0.0,2,15,False,normal,0.2634323651140079,0.025492522737353987,0.16825642816334632,80.10204081632652,NORMAL
ACC_01435,11,7,0.6666666666666666,0.0007867955796819,0.0075787234042553,0.0,11182.43,29038.68,23,54,7,11,486.1926086956522,269.4652800238649,0.0434782608695652,1,23,False,normal,0.25893725916444543,0.03222546695552815,0.16825254228087852,80.05952380952381,NORMAL
ACC_01511,7,12,1.625,0.0005238065484841,0.0026144680851063,0.0058479532163742,12402.97,15338.71,32,23,12,7,387.5928125,311.46976228980384,0.0,2,32,False,normal,0.2686353586004824,0.017490701422514833,0.16817749572929536,80.01700680272108,NORMAL
ACC_00861,8,8,1.0,0.000291344932125,0.0056229787234042,0.0166666666666666,15216.56,4774.57,28,14,8,8,543.4485714285714,408.5152424166967,0.0357142857142857,2,28,False,normal,0.27108944359053455,0.01376946024843272,0.1681614502536938,79.97448979591837,NORMAL
ACC_00521,8,9,1.1111111111111112,0.0003468612256636,0.006516010744894,0.0147058823529411,16770.57,8539.89,29,17,9,8,578.2955172413793,431.5038340053655,0.0344827586206896,2,28,False,normal,0.2722101757030828,0.011600464584680018,0.1679662912557217,79.93197278911565,NORMAL
MULE_02_005,1,1,1.0,7.349693590393846e-05,0.0,0.0,8832.35,9016.27,1,1,1,1,8832.35,0.0,0.0,0,1,True,mule,0.27926128214417406,0.0007842349137628258,0.16787046325200955,79.88945578231292,NORMAL
MULE_04_028,1,1,1.0,7.343490949177348e-05,0.0,0.0,8702.69,8886.04,1,1,1,1,8702.69,0.0,0.0,0,1,True,mule,0.2790856705624818,0.0006131952681858372,0.1676966804447634,79.8469387755102,NORMAL
ACC_01451,14,5,0.4,0.000348894362299,0.0053144587046433,0.0116959064327485,11981.3,9013.71,26,15,5,14,460.8192307692307,249.44010304557008,0.0,1,24,False,normal,0.24199375161675954,0.05572389180862746,0.1674858076935067,79.80442176870748,NORMAL
ACC_00345,6,10,1.5714285714285714,0.0001698608440416,0.0019489361702127,0.0166666666666666,12475.92,4846.05,31,11,10,6,402.4490322580645,287.8561089775565,0.0,2,31,False,normal,0.266394943867993,0.018780590339331035,0.1673492024565282,79.76190476190477,NORMAL
ACC_01329,5,5,1.0,0.0002462147665612,0.0015315737858696,0.0,8938.18,7106.54,24,14,5,5,372.4241666666667,212.9603142232326,0.0416666666666666,2,24,False,normal,0.2669883836600435,0.017554371174685605,0.16721477866590034,79.71938775510205,NORMAL
MULE_04_027,1,1,1.0,7.345109260246309e-05,0.0,0.0,8714.78,8961.63,1,1,1,1,8714.78,0.0,0.0,0,1,True,mule,0.27810487628875746,0.0006229453071124842,0.16711210389609948,79.67687074829932,NORMAL
ACC_00326,7,7,1.0,0.0001725847929728,0.0074893617021276,0.0,12738.99,4120.4,26,9,7,7,489.9611538461538,383.0197612481834,0.0,2,26,False,normal,0.2594229498435626,0.02820610204358444,0.16693621072357134,79.6343537414966,NORMAL
MULE_05_025,1,1,1.0,7.300903570522138e-05,0.0,0.0,8387.71,8643.84,1,1,1,1,8387.71,0.0,0.0,0,1,True,mule,0.2777810720608676,0.00032943024768328493,0.16680041533559387,79.59183673469387,NORMAL
ACC_01532,9,11,1.2,0.0009179539814116,0.00304,0.0052631578947368,12648.32,26564.68,24,42,11,9,527.0133333333333,284.7639606634829,0.0,2,24,False,normal,0.26049201971559366,0.0261244633610802,0.16674499717378827,79.54931972789116,NORMAL
MULE_00_007,1,1,1.0,7.286664284647306e-05,0.0,0.0,9276.99,9722.52,1,1,1,1,9276.99,0.0,0.0,0,1,True,mule,0.27648114601394963,0.0016018380674073939,0.16652942283533273,79.50680272108843,NORMAL
MULE_03_019,1,1,1.0,7.266165950347398e-05,0.0,0.0,9191.24,9463.57,1,1,1,1,9191.24,0.0,0.0,0,1,True,mule,0.27602320293766763,0.001420016681503152,0.16618192843520183,79.46428571428571,NORMAL
MULE_00_035,1,1,1.0,7.270779924171692e-05,0.0,0.0,8459.25,8564.96,1,1,1,1,8459.25,0.0,0.0,0,1,True,mule,0.2766878122166808,0.00038530924445011517,0.16616681102778852,79.421768707483,NORMAL
MULE_04_023,1,1,1.0,7.352335247175744e-05,0.0,0.0,8946.4,9299.15,1,1,1,1,8946.4,0.0,0.0,0,1,True,mule,0.27599892024736083,0.0009498552512459661,0.1659792942489149,79.37925170068027,NORMAL
MULE_02_021,1,1,1.0,7.349533450272931e-05,0.0,0.0,8884.92,9008.92,1,1,1,1,8884.92,0.0,0.0,0,1,True,mule,0.27595907001319425,0.0008675612761793141,0.16592246651838827,79.33673469387756,NORMAL
ACC_00729,7,6,0.875,0.0007419747621558,0.0016068085106382,0.0128205128205128,17304.5,17068.19,34,32,6,7,508.9558823529412,457.2223047802805,0.0,2,32,False,normal,0.2601965690803605,0.0242370265302815,0.1658127520603289,79.29421768707483,NORMAL
MULE_04_002,1,1,1.0,7.350882214072814e-05,0.0,0.0,8999.31,9231.28,1,1,1,1,8999.31,0.0,0.0,0,1,True,mule,0.27564841022423686,0.00104972854823246,0.1658089375538351,79.25170068027211,NORMAL
MULE_03_027,1,1,1.0,7.257805265679458e-05,0.0,0.0,8506.78,8762.86,1,1,1,1,8506.78,0.0,0.0,0,1,True,mule,0.2757876479477405,0.00040861167057515006,0.16563603343687439,79.20918367346938,NORMAL
ACC_00931,7,11,1.5,0.0005068233711129,0.0006463991813414,0.0065359477124183,12481.49,16663.93,31,34,11,7,402.62870967741935,218.0384593864415,0.0,2,31,False,normal,0.25453879411520075,0.0320739998749147,0.16555287641908634,79.16666666666666,NORMAL
ACC_01542,12,6,0.5384615384615384,0.0006505881416216,0.0036020978126465,0.0261437908496732,14115.15,16787.87,22,28,6,12,641.5977272727273,400.09917435950825,0.0454545454545454,1,21,False,normal,0.26756925561356093,0.012428114109116659,0.16551279901178323,79.12414965986395,NORMAL
ACC_00905,14,7,0.5333333333333333,0.0004649114452476,0.0020031552466635,0.0095238095238095,16328.56,11131.87,26,20,7,14,628.0215384615385,519.9212282159082,0.0,1,26,False,normal,0.24191046090753024,0.05072384543105801,0.16543581471694135,79.08163265306123,NORMAL
MULE_03_011,1,1,1.0,7.265329535860346e-05,0.0,0.0,9160.2,9393.47,1,1,1,1,9160.2,0.0,0.0,0,1,True,mule,0.2747420572764118,0.0013567231348527691,0.16538792361978819,79.03911564625851,NORMAL
MULE_03_050,1,1,1.0,7.25809986016855e-05,0.0,0.0,8482.75,8787.55,1,1,1,1,8482.75,0.0,0.0,0,1,True,mule,0.2753788706288466,0.0003862881360324512,0.16538183763172093,78.99659863945578,NORMAL
MULE_05_020,1,1,1.0,7.30187178048714e-05,0.0,0.0,8390.74,8700.52,1,1,1,1,8390.74,0.0,0.0,0,1,True,mule,0.2752990362992317,0.0003270823984678482,0.16531025473892616,78.95408163265306,NORMAL
MULE_01_004,1,1,1.0,7.287401530302166e-05,0.0,0.0,9372.52,9485.66,1,1,1,1,9372.52,0.0,0.0,0,1,True,mule,0.2738323655499531,0.001856123322185928,0.16504186865884624,78.91156462585033,NORMAL
MULE_06_029,1,1,1.0,7.283991664876969e-05,0.0,0.0,8398.79,8622.53,1,1,1,1,8398.79,0.0,0.0,0,1,True,mule,0.2747350561307309,0.00033751928558929965,0.16497604139267424,78.86904761904762,NORMAL
MULE_03_055,1,1,1.0,7.265181224418491e-05,0.0,0.0,9164.52,9381.04,1,1,1,1,9164.52,0.0,0.0,0,1,True,mule,0.2740325876247493,0.0013669855147163544,0.16496634678073613,78.8265306122449,NORMAL
MULE_06_032,1,1,1.0,7.299965015207105e-05,0.0,0.0,9245.13,9675.98,1,1,1,1,9245.13,0.0,0.0,0,1,True,mule,0.27384061284193756,0.0015302654851142524,0.16491647389920822,78.78401360544217,NORMAL
ACC_01387,8,14,1.6666666666666667,0.0003950033920799,0.0052468085106382,0.0043290043290043,15873.57,11334.36,34,19,14,8,466.86970588235295,407.1937206865764,0.0,1,33,False,normal,0.2626656595027575,0.018039996402728662,0.16481539426274594,78.74149659863946,NORMAL
MULE_04_020,1,1,1.0,7.346357194526105e-05,0.0,0.0,8750.71,9019.92,1,1,1,1,8750.71,0.0,0.0,0,1,True,mule,0.2742230209849902,0.0006662004015060588,0.16480029275159655,78.69897959183673,NORMAL
ACC_00470,6,7,1.1428571428571428,0.0007433122718339,1.0212765957446808e-05,0.0,8350.63,20790.55,16,44,7,6,521.914375,282.5088198969783,0.0625,1,16,False,normal,0.25018566050088836,0.03632954457311495,0.164643214129779,78.65646258503402,NORMAL
MULE_05_003,1,1,1.0,7.31681583140072e-05,0.0,0.0,9236.14,9575.36,1,1,1,1,9236.14,0.0,0.0,0,1,True,mule,0.2733604486716824,0.0015169291635074888,0.16462304086841242,78.6139455782313,NORMAL
MULE_00_006,1,1,1.0,7.285220838192325e-05,0.0,0.0,9361.01,9617.33,1,1,1,1,9361.01,0.0,0.0,0,1,True,mule,0.27309275623096674,0.0018169771642893289,0.16458244460429577,78.57142857142857,NORMAL
ACC_00723,11,13,1.1666666666666667,0.0006655335127877,0.008931914893617,0.0036231884057971,14601.11,20058.9,27,36,13,11,540.7818518518519,391.9269019564848,0.0,1,27,False,normal,0.2699546768158283,0.006370892173788578,0.1645211629590124,78.52891156462584,NORMAL
ACC_01620,12,5,0.4615384615384615,0.0005472676382779,0.00084,0.0147058823529411,5947.32,16198.45,16,34,5,12,371.7075,234.3443603048016,0.0,1,16,False,normal,0.2598669826506861,0.021500019823277774,0.16452019751972277,78.48639455782312,NORMAL
ACC_00745,3,8,2.25,0.0001587826904723,0.0001472340425531,0.0,11366.59,5579.35,27,10,8,3,420.9848148148148,307.20106185176024,0.0,2,27,False,normal,0.2670249917411984,0.010566242944112634,0.16444149222236412,78.4438775510204,NORMAL
MULE_03_021,1,1,1.0,7.258336705069662e-05,0.0,0.0,8691.44,8807.4,1,1,1,1,8691.44,0.0,0.0,0,1,True,mule,0.2735689206028804,0.0006009411744524758,0.16438172883150923,78.4013605442177,NORMAL
MULE_04_011,1,1,1.0,7.351803660142507e-05,0.0,0.0,8951.51,9274.32,1,1,1,1,8951.51,0.0,0.0,0,1,True,mule,0.27327848625667017,0.0009605174067635002,0.1643512987167075,78.35884353741497,NORMAL
MULE_01_018,1,1,1.0,7.288619636760552e-05,0.0,0.0,9369.24,9571.79,1,1,1,1,9369.24,0.0,0.0,0,1,True,mule,0.27232058663707503,0.0018415072246959893,0.16412895487212342,78.31632653061224,NORMAL
ACC_00747,4,4,1.0,0.0001341861632025,0.0007461731974587,0.0357142857142857,14874.53,2540.59,27,9,4,4,550.9085185185186,324.7368094639068,0.0,1,25,False,normal,0.2637339908484564,0.014457821197576454,0.1640235229881044,78.27380952380952,NORMAL
MULE_06_040,1,1,1.0,7.286690963206999e-05,0.0,0.0,8379.8,8800.55,1,1,1,1,8379.8,0.0,0.0,0,1,True,mule,0.27313671334948925,0.0003120193518880245,0.16400683575044875,78.2312925170068,NORMAL
MULE_04_003,1,1,1.0,7.350309949819959e-05,0.0,0.0,8845.91,9204.55,1,1,1,1,8845.91,0.0,0.0,0,1,True,mule,0.27279666593349716,0.0007912071820353807,0.16399448243291245,78.18877551020408,NORMAL
ACC_01057,9,12,1.3,0.0010147545758796,0.0052803479299023,0.0238095238095238,13030.79,18696.53,25,39,12,9,521.2316000000001,390.7368050201227,0.0,1,24,False,normal,0.24904069337691873,0.03638076569170358,0.16397672230283267,78.14625850340136,NORMAL
MULE_04_025,1,1,1.0,7.349077430065493e-05,0.0,0.0,8830.2,9146.98,1,1,1,1,8830.2,0.0,0.0,0,1,True,mule,0.2727767746413218,0.0007712309596216229,0.1639745571686417,78.10374149659864,NORMAL
ACC_01130,5,10,1.8333333333333333,0.0004780203570258,4.340425531914894e-05,0.0,21751.21,15586.0,31,36,10,5,701.651935483871,481.94051214798526,0.0,1,31,False,normal,0.26039422382933525,0.01910718824065699,0.16387940959386393,78.06122448979592,NORMAL
ACC_00093,12,9,0.7692307692307693,0.0005143943647642,0.0040025531914893,0.0047619047619047,15495.18,12119.95,37,24,9,12,418.78864864864863,272.4065315557507,0.0,1,37,False,normal,0.2502709016711606,0.033961992388581635,0.163747337958129,78.0187074829932,NORMAL
MULE_00_030,1,1,1.0,7.273618240216456e-05,0.0,0.0,8390.67,8771.8,1,1,1,1,8390.67,0.0,0.0,0,1,True,mule,0.2726409320677977,0.0003203987131174594,0.1637127187259256,77.97619047619048,NORMAL
MULE_01_009,1,1,1.0,7.275168703618728e-05,0.0,0.0,8412.75,8620.7,1,1,1,1,8412.75,0.0,0.0,0,1,True,mule,0.2725969487172917,0.00034670762296848287,0.1636968522795624,77.93367346938776,NORMAL
ACC_01390,2,7,2.6666666666666665,0.000113179315504,0.0028842553191489,0.0,14362.84,1391.02,25,4,7,2,574.5136,389.4739610453225,0.0,1,25,False,normal,0.2605603687698903,0.018254201217705313,0.1636379017490163,77.89115646258503,NORMAL
ACC_00180,3,12,3.25,0.000187030707344,2.814138916130133e-05,0.0,11289.36,4940.45,24,7,12,3,470.39,394.9245515725536,0.0,1,24,False,normal,0.2504544078745842,0.033129637604361724,0.1635244997664952,77.8486394557823,NORMAL
MULE_03_014,1,1,1.0,7.258048195764429e-05,0.0,0.0,8486.29,8783.22,1,1,1,1,8486.29,0.0,0.0,0,1,True,mule,0.2720628090823312,0.0003895531547164269,0.1633935067112853,77.8061224489796,NORMAL
MULE_03_007,1,1,1.0,7.26495153855721e-05,0.0,0.0,9122.27,9361.79,1,1,1,1,9122.27,0.0,0.0,0,1,True,mule,0.2713113230269012,0.0012781962749327182,0.16329807232611382,77.76360544217688,NORMAL
ACC_00419,3,9,2.5,9.874184126073502e-05,0.0004025531914893,0.0,16969.15,1239.94,27,3,9,3,628.4870370370371,448.2652901404807,0.0,1,27,False,normal,0.26082889305970264,0.016991981400591792,0.16329412839605828,77.72108843537416,NORMAL
ACC_01580,5,4,0.8333333333333334,0.0001734137950577,0.0005133671598516,0.0,8168.08,3577.9,22,6,4,5,371.2763636363636,307.77873897834394,0.0,2,22,False,normal,0.25791955667250377,0.02121657831847616,0.16323836533089273,77.67857142857143,NORMAL
ACC_00034,3,7,2.0,0.000328227855805,0.0001509401782287,0.0,10641.43,4050.06,20,6,7,3,532.0715,544.4426020617204,0.05,1,20,False,normal,0.2467694234799282,0.03763980667268606,0.16311757675703134,77.6360544217687,NORMAL
ACC_00120,9,8,0.9,0.0004200079782709,0.0067965957446808,0.0073529411764705,8278.31,15307.8,19,30,8,9,435.70052631578943,394.9234767996015,0.0,2,19,False,normal,0.26004356598588274,0.01725733969694916,0.1629290754703093,77.59353741496598,NORMAL
ACC_01194,4,10,2.2,0.0002017618960462,0.0022221276595744,0.0,7557.5,3465.69,22,6,10,4,343.52272727272725,167.60289212704726,0.0,1,21,False,normal,0.25386006571060854,0.026169944588331464,0.16278401726169772,77.55102040816327,NORMAL
ACC_00817,8,10,1.2222222222222223,0.0008205406867206,0.0052017021276595,0.0,9539.69,22739.83,26,42,10,8,366.91115384615387,229.87131369228172,0.0384615384615384,1,26,False,normal,0.2524306493311288,0.02790949549887714,0.16262218779822812,77.50850340136054,NORMAL
MULE_03_035,1,1,1.0,7.264397428874204e-05,0.0,0.0,9132.61,9315.35,1,1,1,1,9132.61,0.0,0.0,0,1,True,mule,0.270157677925893,0.001303267003489782,0.16261591355693172,77.46598639455783,NORMAL
MULE_03_040,1,1,1.0,7.263945454826136e-05,0.0,0.0,9135.38,9277.47,1,1,1,1,9135.38,0.0,0.0,0,1,True,mule,0.26994298732920186,0.001311899306534926,0.16249055212013508,77.4234693877551,NORMAL
MULE_00_001,1,1,1.0,7.286031275949062e-05,0.0,0.0,9244.1,9676.39,1,1,1,1,9244.1,0.0,0.0,0,1,True,mule,0.26976991380355675,0.0015271270237158792,0.1624727990916204,77.38095238095238,NORMAL
ACC_01800,4,8,1.8,0.0002124831078076,0.0081429787234042,0.0,15274.12,2243.79,25,5,8,4,610.9648,411.89672790559206,0.0,1,25,False,normal,0.25144032972290264,0.02849841251826928,0.16226356284104929,77.33843537414967,NORMAL
ACC_00370,13,8,0.6428571428571429,0.0008068394927826,0.0032544680851063,0.0047619047619047,12800.58,19033.04,27,41,8,13,474.0955555555556,399.9981725759539,0.0,2,27,False,normal,0.26294063634720843,0.010996299320175503,0.16216290153639526,77.29591836734694,NORMAL
ACC_01129,11,3,0.3333333333333333,0.0004602359022782,4.595744680851064e-05,0.0,8490.29,15354.76,23,31,3,11,369.1430434782609,286.09641979957456,0.0434782608695652,1,23,False,normal,0.25538437856423024,0.022298673293250332,0.16215009645583828,77.25340136054422,NORMAL
MULE_01_021,1,1,1.0,7.277717067751276e-05,0.0,0.0,8397.32,8800.89,1,1,1,1,8397.32,0.0,0.0,0,1,True,mule,0.2700262841766218,0.0003227895700618024,0.1621448863339978,77.21088435374149,NORMAL
ACC_01778,8,10,1.2222222222222223,0.000260177216667,0.0032178723404255,0.0,19215.65,6897.66,31,17,10,8,619.8596774193549,398.6215490201525,0.0,2,31,False,normal,0.26404326392220984,0.009044034707732854,0.16204357223641905,77.16836734693877,NORMAL
ACC_01903,5,6,1.1666666666666667,0.000254173128374,0.0022408510638297,0.0,20020.16,4868.8,37,8,6,5,541.0854054054054,443.641649072979,0.0,1,37,False,normal,0.24466359149120728,0.03803126363894894,0.16201066035030393,77.12585034013605,NORMAL
MULE_01_028,1,1,1.0,7.274698319074366e-05,0.0,0.0,8445.59,8587.44,1,1,1,1,8445.59,0.0,0.0,0,1,True,mule,0.2695010983051658,0.00037313714763229447,0.1618499138421524,77.08333333333334,NORMAL
MULE_02_025,1,1,1.0,7.352635593186642e-05,0.0,0.0,8916.29,9151.3,1,1,1,1,8916.29,0.0,0.0,0,1,True,mule,0.2690957248284852,0.0009088948822970265,0.16182099285000992,77.04081632653062,NORMAL
ACC_00981,11,6,0.5833333333333334,0.0010909169210748,0.0001336170212765,0.0147058823529411,12282.65,16863.57,20,35,6,11,614.1324999999999,450.9180397329197,0.05,1,19,False,normal,0.24858584023955427,0.031520677120448405,0.1617597749919119,76.99829931972789,NORMAL
MULE_07_029,1,1,1.0,7.313075185879922e-05,0.0,0.0,9271.04,9610.08,1,1,1,1,9271.04,0.0,0.0,0,1,True,mule,0.2684756228834256,0.0015963870228990788,0.161723928539215,76.95578231292517,NORMAL
ACC_00796,11,5,0.5,0.0009418854990037,0.0013897872340425,0.0,13610.05,30019.65,21,50,5,11,648.097619047619,393.53616531272905,0.0,1,21,False,normal,0.25452992609629677,0.022445911997623705,0.16169632045682752,76.91326530612244,NORMAL
ACC_00165,3,3,1.0,0.0001123483455232,5.106382978723404e-06,0.0,8838.72,2996.58,23,6,3,3,384.2921739130434,217.4280917485662,0.0,1,23,False,normal,0.25462927644877187,0.021390755092229857,0.16133386790615506,76.87074829931973,NORMAL
MULE_03_041,1,1,1.0,7.264478922610959e-05,0.0,0.0,9087.13,9322.18,1,1,1,1,9087.13,0.0,0.0,0,1,True,mule,0.2679536716234683,0.0012087187526254833,0.16125569047513116,76.828231292517,NORMAL
ACC_01272,2,4,1.6666666666666667,9.505460021193148e-05,9.124632243209825e-05,0.0,10489.49,952.01,19,2,4,2,552.0784210526316,411.2892614593929,0.0,1,19,False,normal,0.25220335394273086,0.024515452755223294,0.1611281934677278,76.78571428571429,NORMAL
ACC_01856,4,11,2.4,0.0001844187118433,0.0060493617021276,0.019047619047619,16362.3,4329.74,28,10,11,4,584.3678571428571,373.6030724688985,0.0,1,28,False,normal,0.2604714174349032,0.012051746080635344,0.16110354889319606,76.74319727891157,NORMAL
MULE_04_009,1,1,1.0,7.346892849281303e-05,0.0,0.0,8851.91,9044.94,1,1,1,1,8851.91,0.0,0.0,0,1,True,mule,0.26778941679880836,0.000812052754013159,0.16099847118089025,76.70068027210884,NORMAL
ACC_01986,12,11,0.9230769230769232,0.0009346488084421,0.00264,0.0118577075098814,14316.48,28147.39,28,55,11,12,511.30285714285714,376.7208681244288,0.0,1,28,False,normal,0.25077531926547453,0.026149577183394408,0.16092502243264245,76.65816326530613,NORMAL
ACC_00181,6,7,1.1428571428571428,0.0002770258593164,0.00104,0.0151515151515151,16104.29,8131.04,29,14,7,6,555.3203448275863,564.8983982065319,0.0,2,29,False,normal,0.2514641002754549,0.025021659696817192,0.1608871240439998,76.6156462585034,NORMAL
ACC_00940,12,7,0.6153846153846154,0.0007084062594316,0.0061931914893617,0.0116959064327485,6924.78,22080.76,17,42,7,12,407.34,282.23408770469234,0.0,1,17,False,normal,0.2586860432158455,0.014042736808037174,0.16082872065272216,76.57312925170068,NORMAL
ACC_00549,3,9,2.5,0.0003022664406885,0.000811914893617,0.0151515151515151,7427.559999999999,3812.27,17,7,9,3,436.915294117647,308.11301918122604,0.0,1,17,False,normal,0.252869468396464,0.022232266745785687,0.16061458773619267,76.53061224489795,NORMAL
MULE_00_043,1,1,1.0,7.271624255955846e-05,0.0,0.0,8463.83,8626.49,1,1,1,1,8463.83,0.0,0.0,0,1,True,mule,0.2673887534831057,0.0003840222463726585,0.1605868609884125,76.48809523809523,NORMAL
ACC_00297,9,9,1.0,0.001087834653645,0.0037078412143435,0.0,12233.59,27554.82,29,45,9,9,421.8479310344828,294.5619463030692,0.0344827586206896,1,29,False,normal,0.24411965799896873,0.03508986372899131,0.16050774029097778,76.44557823129252,NORMAL
ACC_01894,4,12,2.6,0.000307598117241,0.0013634042553191,0.0,18694.22,8443.72,32,15,12,4,584.194375,477.7219543864637,0.0,1,30,False,normal,0.2539638785866509,0.02014613128184868,0.16043677966473002,76.4030612244898,NORMAL
MULE_06_001,1,1,1.0,7.283765282874569e-05,0.0,0.0,8416.56,8607.6,1,1,1,1,8416.56,0.0,0.0,0,1,True,mule,0.26712478272824997,0.00035080250420784447,0.1604151906386331,76.36054421768708,NORMAL
MULE_04_026,1,1,1.0,7.34868478785085e-05,0.0,0.0,8947.75,9128.64,1,1,1,1,8947.75,0.0,0.0,0,1,True,mule,0.26667981746661445,0.0009644352431247022,0.16039366457721854,76.31802721088435,NORMAL
ACC_01574,4,6,1.4,0.0002805770265483,0.0002885106382978,0.0,14118.1,9102.13,30,22,6,4,470.60333333333335,213.571468024226,0.0,2,30,False,normal,0.2513469032580223,0.023938916974070176,0.16038370874444144,76.27551020408163,NORMAL
MULE_01_019,1,1,1.0,7.277464480019397e-05,0.0,0.0,8401.65,8783.03,1,1,1,1,8401.65,0.0,0.0,0,1,True,mule,0.2670597958347099,0.00032694743459223444,0.16036665647466283,76.23299319727892,NORMAL
ACC_01480,10,9,0.9090909090909092,0.0001859077841321,0.0109863829787234,0.0116959064327485,15277.2,4572.29,30,10,9,10,509.24,369.96186459576137,0.0,1,30,False,normal,0.2480360316041299,0.02883346731274855,0.16035500588757737,76.19047619047619,NORMAL
ACC_00047,11,12,1.0833333333333333,0.000886778448337,0.0019029787234042,0.0158102766798418,10252.1,19619.42,25,32,12,11,410.084,312.8190460021043,0.04,1,25,False,normal,0.247624317919798,0.028709576031188334,0.16005842116435412,76.14795918367348,NORMAL
ACC_00074,5,10,1.8333333333333333,0.0003244805993481,6.382978723404255e-05,0.019047619047619,13630.16,9166.95,19,16,10,5,717.3768421052631,598.6188554038615,0.0,1,19,False,normal,0.23259912719181888,0.05123855745175294,0.1600548992957925,76.10544217687075,NORMAL
ACC_00575,5,15,2.6666666666666665,0.0003011992355734,0.0015923404255319,0.0,13747.54,9209.65,26,18,15,5,528.7515384615385,283.59999579255714,0.0,1,26,False,normal,0.23211828378387805,0.05188211702782197,0.16002381708145563,76.06292517006803,NORMAL
ACC_01646,3,12,3.25,0.000248125063575,0.0004595744680851,0.0,15919.37,5278.01,27,12,12,3,589.6062962962963,372.173736808994,0.0,1,27,False,normal,0.2510542059742514,0.023393050056164395,0.15998974360701657,76.0204081632653,NORMAL
ACC_00471,11,8,0.75,0.0004842505298372,0.0082493617021276,0.0116959064327485,15562.97,12973.02,28,25,8,11,555.8203571428571,409.6876414075606,0.0,2,28,False,normal,0.2544795857133986,0.018174762612339655,0.15995765647297502,75.97789115646259,NORMAL
ACC_00809,11,6,0.5833333333333334,0.0004510388759672,0.0013021276595744,0.0073529411764705,10409.33,15273.25,15,30,6,11,693.9553333333333,517.559386707964,0.0,1,15,False,normal,0.23584363582103063,0.04570389577210466,0.15978773980146024,75.93537414965986,NORMAL
MULE_03_028,1,1,1.0,7.259837478453136e-05,0.0,0.0,8508.76,8933.18,1,1,1,1,8508.76,0.0,0.0,0,1,True,mule,0.26584287942450957,0.00039791144347302776,0.15966489223209496,75.89285714285714,NORMAL
ACC_00434,4,6,1.4,0.0001934278129229,0.0058022427834392,0.0,14748.54,3945.7,25,9,6,4,589.9416,615.2236567615066,0.0,1,25,False,normal,0.2202427302563387,0.06872794269105825,0.1596368152302265,75.85034013605441,NORMAL
MULE_04_012,1,1,1.0,7.349137375441773e-05,0.0,0.0,8919.4,9149.78,1,1,1,1,8919.4,0.0,0.0,0,1,True,mule,0.26526711483292537,0.0009140806538283475,0.15952590116128654,75.8078231292517,NORMAL
MULE_07_001,1,1,1.0,7.309522121565917e-05,0.0,0.0,9287.8,9396.44,1,1,1,1,9287.8,0.0,0.0,0,1,True,mule,0.26476747539471024,0.0016516355491669914,0.15952113945649293,75.76530612244898,NORMAL
ACC_00443,7,4,0.625,0.000223874587388,0.0008,0.0,15378.21,7118.59,30,17,4,7,512.6070000000001,364.3682862174402,0.0333333333333333,2,30,False,normal,0.24640030160459772,0.028603691451188115,0.1592816575432339,75.72278911564626,NORMAL
MULE_03_052,1,1,1.0,7.259163335535611e-05,0.0,0.0,8698.84,8876.68,1,1,1,1,8698.84,0.0,0.0,0,1,True,mule,0.2650309904367346,0.0006048398738077713,0.15926053021156386,75.68027210884354,NORMAL
MULE_04_016,1,1,1.0,7.346948298754363e-05,0.0,0.0,8903.02,9047.53,1,1,1,1,8903.02,0.0,0.0,0,1,True,mule,0.2648165959319884,0.0008942095524955109,0.15924764138019126,75.63775510204081,NORMAL
ACC_01464,5,6,1.1666666666666667,0.0004024999550077,9.80684773802925e-05,0.0181818181818181,14164.18,10636.32,23,22,6,5,615.8339130434782,425.287436519426,0.0434782608695652,2,22,False,normal,0.260507252060467,0.007348472723664738,0.1592437403257461,75.59523809523809,NORMAL
ACC_01127,10,8,0.8181818181818182,0.0007072793370994,0.0002051063829787,0.0065359477124183,18575.34,22222.29,31,41,8,10,599.2045161290323,371.030890662208,0.0,2,31,False,normal,0.2596567389978448,0.008510543698773628,0.1591982608782163,75.55272108843538,NORMAL
ACC_00644,7,8,1.125,0.0003022498144093,0.0079310638297872,0.0,13302.26,7242.639999999999,23,17,8,7,578.3591304347826,460.1127400076978,0.0,2,23,False,normal,0.24736852217228578,0.026875734592688175,0.15917140714044672,75.51020408163265,NORMAL
ACC_01689,4,4,1.0,0.0001592516451076,1.5319148936170214e-05,0.0,7737.22,3632.63,17,4,4,4,455.1305882352941,288.4101880453989,0.0588235294117647,1,17,False,normal,0.2546337559596429,0.015795618392593743,0.15909850093282324,75.46768707482994,NORMAL
MULE_03_033,1,1,1.0,7.26444778078769e-05,0.0,0.0,9055.7,9319.57,1,1,1,1,9055.7,0.0,0.0,0,1,True,mule,0.26439845568339027,0.0011463180331848747,0.1590976006233081,75.42517006802721,NORMAL
ACC_01415,4,7,1.6,0.0002372648865678,0.0003948322176267,0.0181818181818181,11769.19,4569.72,20,7,7,4,588.4595,468.2517889866632,0.1,1,19,False,normal,0.251294919585643,0.020282146341665568,0.15888981028805202,75.38265306122449,NORMAL
ACC_01575,11,7,0.6666666666666666,0.0003777932395943,0.0032059574468085,0.0065359477124183,7167.09,13773.07,18,26,7,11,398.1716666666667,328.75728757299504,0.0,2,17,False,normal,0.25132147944820077,0.020121234399857905,0.15884138142886361,75.34013605442176,NORMAL
ACC_00555,8,4,0.5555555555555556,0.000763107887076,0.0006059574468085,0.0151515151515151,7368.84,21711.05,14,39,4,8,526.3457142857143,241.1644778892704,0.0,1,14,False,normal,0.25055975506022243,0.021030624375831548,0.15874810278646606,75.29761904761905,NORMAL
ACC_00451,8,10,1.2222222222222223,0.000611187881119,8.936170212765958e-05,0.0065359477124183,15641.07,17410.55,35,28,10,8,446.8877142857143,276.01866409704246,0.0,2,34,False,normal,0.24904255268257453,0.022679553768857795,0.15849735311708785,75.25510204081633,NORMAL
ACC_00671,4,10,2.2,0.0004382389556714,0.00132,0.0128205128205128,18220.56,11775.34,36,25,10,4,506.1266666666667,331.40380677182503,0.0,1,36,False,normal,0.24611736973647894,0.027041435387831162,0.15848699599701982,75.2125850340136,NORMAL
ACC_00270,11,5,0.5,0.000633918296943,0.0011727659574468,0.0083333333333333,5751.82,19441.11,13,41,5,11,442.4476923076923,408.6052445852404,0.0,1,13,False,normal,0.24153446730094924,0.033878070657966775,0.15847190864375627,75.17006802721087,NORMAL
ACC_01861,11,5,0.5,0.0006151120127958,0.0031863829787234,0.0,15702.26,20847.54,34,47,5,11,461.8311764705882,266.4978312011893,0.0,1,33,False,normal,0.23628421724004328,0.04167071577744063,0.1584388166550022,75.12755102040816,NORMAL
MULE_01_014,1,1,1.0,7.288774498779817e-05,0.0,0.0,9291.44,9582.74,1,1,1,1,9291.44,0.0,0.0,0,1,True,mule,0.2629424786947764,0.0016460283904897687,0.15842389857306172,75.08503401360545,NORMAL
MULE_05_007,1,1,1.0,7.299972086940777e-05,0.0,0.0,8451.52,8589.31,1,1,1,1,8451.52,0.0,0.0,0,1,True,mule,0.26336331492134946,0.00037874721489474775,0.15816948783876755,75.04251700680273,NORMAL
ACC_00965,11,10,0.9166666666666666,0.0004352235350981,0.008731914893617,0.0047619047619047,11456.86,11309.05,25,33,10,11,458.2744,337.51470748299744,0.0,2,25,False,normal,0.2591215412105679,0.006504918973354828,0.15807489231568267,75.0,NORMAL
MULE_00_021,1,1,1.0,7.285472916444801e-05,0.0,0.0,9310.46,9635.7,1,1,1,1,9310.46,0.0,0.0,0,1,True,mule,0.2622831297343387,0.0016887290256636315,0.15804536945086867,74.95748299319727,NORMAL
MULE_06_003,1,1,1.0,7.28550704446973e-05,0.0,0.0,8402.78,8722.47,1,1,1,1,8402.78,0.0,0.0,0,1,True,mule,0.26315899013649396,0.00033257844773461966,0.15802842546099022,74.91496598639455,NORMAL
ACC_01150,5,10,1.8333333333333333,0.0002867844592815,0.0026468085106382,0.0095238095238095,11554.25,5793.74,23,12,10,5,502.35869565217394,382.4960671729408,0.0434782608695652,2,23,False,normal,0.25684781276641583,0.009516670993961003,0.1579153560574339,74.87244897959184,NORMAL
MULE_03_012,1,1,1.0,7.259278357442247e-05,0.0,0.0,8554.98,8886.32,1,1,1,1,8554.98,0.0,0.0,0,1,True,mule,0.2626958194987875,0.0004439358646858765,0.15779506604514684,74.82993197278913,NORMAL
MULE_03_016,1,1,1.0,7.263490259210144e-05,0.0,0.0,9085.53,9239.32,1,1,1,1,9085.53,0.0,0.0,0,1,True,mule,0.2619151744751311,0.0012114933133741863,0.1576337020104283,74.7874149659864,NORMAL
ACC_00788,10,6,0.6363636363636364,0.0009560222299258,0.0007148936170212,0.0333333333333333,16447.04,19665.18,27,45,6,10,609.1496296296297,349.65062416736333,0.0,1,27,False,normal,0.2497404998780484,0.019227554349717055,0.15753532166671583,74.74489795918367,NORMAL
ACC_01221,5,5,1.0,0.0001755002670001,0.0002204255319148,0.0222222222222222,11022.78,3575.9700000000003,23,9,5,5,479.2513043478261,351.40179215541787,0.0,2,23,False,normal,0.25471489638672645,0.011631663794809517,0.15748160334995967,74.70238095238095,NORMAL
ACC_00755,8,3,0.4444444444444444,0.000521338648064,5.8723404255319154e-05,0.0,18900.32,11097.11,35,26,3,8,540.0091428571428,396.9550325353314,0.0,1,33,False,normal,0.23985409047636033,0.033873379004822186,0.15746180588774508,74.65986394557824,NORMAL
ACC_00786,11,5,0.5,0.0004563179104882,0.0043642553191489,0.0083333333333333,7481.54,11544.35,17,28,5,11,440.0905882352941,256.9343516949073,0.0588235294117647,1,16,False,normal,0.25046156147344667,0.01777948883696484,0.15738873241885393,74.61734693877551,NORMAL
MULE_03_036,1,1,1.0,7.259971829767319e-05,0.0,0.0,8552.61,8944.44,1,1,1,1,8552.61,0.0,0.0,0,1,True,mule,0.2617945021028658,0.00043746166351989223,0.15725168592712746,74.57482993197279,NORMAL
ACC_01795,6,8,1.2857142857142858,0.0006786528047422,0.0001302127659574,0.0219780219780219,16325.84,13972.67,28,30,8,6,583.0657142857143,328.581514148638,0.0357142857142857,2,28,False,normal,0.2544593995140426,0.01062330325866991,0.15692496101189354,74.53231292517006,NORMAL
ACC_01470,3,8,2.25,0.000267332491773,0.0002621276595744,0.0181818181818181,12667.45,3431.82,21,7,8,3,603.2119047619047,460.57313390621306,0.0476190476190476,1,21,False,normal,0.2488142059900748,0.018726626848660558,0.1567791743335091,74.48979591836735,NORMAL
MULE_05_002,1,1,1.0,7.312787374166311e-05,0.0,0.0,9237.53,9339.53,1,1,1,1,9237.53,0.0,0.0,0,1,True,mule,0.25989305082376046,0.001536789666961481,0.15655054636104088,74.44727891156462,NORMAL
ACC_01756,6,4,0.7142857142857143,0.0003194981048954,0.0007131914893617,0.0222222222222222,6063.99,8265.84,12,17,4,6,505.3325,316.7991939591732,0.0,1,12,False,normal,0.2502104592929574,0.015903602846679625,0.15648771671444628,74.40476190476191,NORMAL
MULE_03_046,1,1,1.0,7.262761230320573e-05,0.0,0.0,9067.15,9178.22,1,1,1,1,9067.15,0.0,0.0,0,1,True,mule,0.2598586821778439,0.0011792195648740735,0.156386897132656,74.36224489795919,NORMAL
ACC_00456,4,12,2.6,0.0007329196586427,0.0007268085106382,0.0083333333333333,9504.19,10886.77,24,20,12,4,396.0079166666667,325.6182730955557,0.0,1,24,False,normal,0.22928776296895437,0.04692449895561107,0.15634245736361704,74.31972789115646,NORMAL
MULE_03_031,1,1,1.0,7.259460077736652e-05,0.0,0.0,8622.8,8901.55,1,1,1,1,8622.8,0.0,0.0,0,1,True,mule,0.2595256889024842,0.0005131677110454628,0.15592068042590868,74.27721088435374,NORMAL
MULE_00_000,1,1,1.0,7.274164386893025e-05,0.0,0.0,8429.65,8811.6,1,1,1,1,8429.65,0.0,0.0,0,1,True,mule,0.2593471144036044,0.00034412890344222275,0.15574592020353953,74.23469387755102,NORMAL
MULE_03_029,1,1,1.0,7.260884010759262e-05,0.0,0.0,8704.24,9020.89,1,1,1,1,8704.24,0.0,0.0,0,1,True,mule,0.25878922068534077,0.0006009497858837057,0.15551391232555795,74.1921768707483,NORMAL
ACC_01259,11,14,1.25,0.0004582961112569,0.0052459574468085,0.0,14585.28,13697.47,29,28,14,11,502.9406896551724,402.9662491444009,0.0344827586206896,1,28,False,normal,0.24720257771008972,0.017774823682638403,0.15543147609910918,74.14965986394559,NORMAL
ACC_01207,5,14,2.5,0.0004161482980669,0.0010727838656035,0.0,14036.62,15306.22,31,26,14,5,452.7941935483871,278.48428261781896,0.0,1,31,False,normal,0.22759380353201492,0.046747075717432036,0.15525511240618176,74.10714285714286,NORMAL
ACC_00233,12,7,0.6153846153846154,0.0008636655037986,0.0035965957446808,0.0058479532163742,16146.77,24536.34,30,51,7,12,538.2256666666667,487.6115139632577,0.0,1,29,False,normal,0.24265804559097592,0.02405206669728385,0.15521565403349907,74.06462585034014,NORMAL
MULE_05_013,1,1,1.0,7.313302055998448e-05,0.0,0.0,9231.91,9369.66,1,1,1,1,9231.91,0.0,0.0,0,1,True,mule,0.25756026726089093,0.00152154860564061,0.1551447797987908,74.02210884353741,NORMAL
MULE_07_007,1,1,1.0,7.311143319418984e-05,0.0,0.0,9239.53,9493.92,1,1,1,1,9239.53,0.0,0.0,0,1,True,mule,0.257350308419777,0.001530122122889462,0.155022233901022,73.9795918367347,NORMAL
ACC_00574,10,5,0.5454545454545454,0.0004507614809605,9.892124674881678e-05,0.0095238095238095,19028.42,17581.78,37,30,5,10,514.2816216216216,310.3899994676368,0.0,1,37,False,normal,0.2324729929119514,0.03872195389538105,0.15497257730532324,73.93707482993197,NORMAL
ACC_00424,6,11,1.7142857142857142,0.0002636972322319,0.0040731914893617,0.0147058823529411,12822.54,7649.23,31,16,11,6,413.6303225806452,292.2582878606282,0.0,2,28,False,normal,0.2510988188066323,0.010757692422598152,0.15496236825301865,73.89455782312925,NORMAL
MULE_03_020,1,1,1.0,7.26025747545662e-05,0.0,0.0,8722.57,8968.38,1,1,1,1,8722.57,0.0,0.0,0,1,True,mule,0.2574476161482389,0.000628315965063753,0.15471989607496886,73.85204081632652,NORMAL
MULE_00_024,1,1,1.0,7.284054581759117e-05,0.0,0.0,9297.55,9532.34,1,1,1,1,9297.55,0.0,0.0,0,1,True,mule,0.256466399897761,0.0016641377850871726,0.15454549505269147,73.80952380952381,NORMAL
ACC_00554,4,4,1.0,0.0002091772882998,0.0011693617021276,0.0357142857142857,13853.63,3604.28,23,4,4,4,602.3317391304347,329.9384016842066,0.0,1,23,False,normal,0.24788921329644154,0.014271223675446231,0.1544420174480434,73.76700680272108,NORMAL
ACC_00640,5,12,2.1666666666666665,0.0001711835649637,0.0037293617021276,0.0073529411764705,10938.23,4323.05,29,7,12,5,377.18034482758617,241.400527421053,0.0,1,29,False,normal,0.23954575814878845,0.02655901096813386,0.15435105927652662,73.72448979591837,NORMAL
ACC_01031,9,9,1.0,0.0004125458414739,0.0025207862533577,0.0,14332.89,14614.36,27,23,9,9,530.8477777777778,429.0540743877373,0.074074074074074,2,27,False,normal,0.25295222985569144,0.006283047453955422,0.154284556894997,73.68197278911565,NORMAL
ACC_00209,8,6,0.7777777777777778,0.0003496105715552,0.0097480851063829,0.0219780219780219,6992.42,12186.33,22,25,6,8,317.8372727272727,241.73577452964196,0.0,1,22,False,normal,0.2434862999242113,0.01995775961740282,0.1540748838014879,73.63945578231292,NORMAL
ACC_00627,6,10,1.5714285714285714,0.0003106093231215,0.0002578723404255,0.025,18954.96,7711.99,36,14,10,6,526.5266666666666,382.3256085814065,0.0,1,34,False,normal,0.24303700392805547,0.020034567060504938,0.15383602918103526,73.5969387755102,NORMAL
ACC_00990,6,11,1.7142857142857142,0.0001892011419209,0.0075727659574468,0.0,15060.96,4706.57,33,9,11,6,456.3927272727273,303.3896190675524,0.0,1,33,False,normal,0.24487142861522898,0.01681301116799199,0.15364806163633418,73.55442176870748,NORMAL
ACC_01572,3,11,3.0,0.0001626700320903,0.0005344680851063,0.0109890109890109,14500.68,5240.51,31,9,11,3,467.7638709677419,364.25590578307646,0.0,1,31,False,normal,0.24098606582843435,0.022274082794895712,0.1535012726150189,73.51190476190477,NORMAL
MULE_06_030,1,1,1.0,7.299046750366824e-05,0.0,0.0,9160.26,9615.42,1,1,1,1,9160.26,0.0,0.0,0,1,True,mule,0.25481024446718636,0.0013434680985300001,0.1534235339197238,73.46938775510205,NORMAL
ACC_00750,5,9,1.6666666666666667,0.0006517263879145,0.0014178723404255,0.0,14949.82,9291.23,22,19,9,5,679.5372727272727,456.9352281511473,0.0909090909090909,1,22,False,normal,0.24099053632584527,0.022052439931511923,0.1534152977681119,73.42687074829932,NORMAL
MULE_03_003,1,1,1.0,7.261272746622145e-05,0.0,0.0,8677.6,9053.47,1,1,1,1,8677.6,0.0,0.0,0,1,True,mule,0.2550735335372039,0.000565651242697765,0.15327038061940146,73.3843537414966,NORMAL
MULE_01_039,1,1,1.0,7.276466008918016e-05,0.0,0.0,8434.23,8712.43,1,1,1,1,8434.23,0.0,0.0,0,1,True,mule,0.25504898663097325,0.0003549704214713959,0.15317138014717252,73.34183673469387,NORMAL
ACC_00899,4,10,2.2,0.000315648592956,0.0004425531914893,0.0,15864.48,7739.97,32,15,10,4,495.765,293.85590699766334,0.0,2,31,False,normal,0.24515408673367434,0.014964269350222992,0.1530781597802938,73.29931972789116,NORMAL
ACC_00010,9,10,1.1,0.0004742779430579,0.000955744680851,0.0,18740.21,14535.11,32,27,10,9,585.6315625,349.598933702417,0.03125,2,32,False,normal,0.24939222953990428,0.008523692690600394,0.1530448148001827,73.25680272108843,NORMAL
MULE_03_002,1,1,1.0,7.261464370254985e-05,0.0,0.0,8618.9,9069.53,1,1,1,1,8618.9,0.0,0.0,0,1,True,mule,0.25469608050959675,0.0004969031765878583,0.15301640957639318,73.21428571428571,NORMAL
ACC_00630,14,9,0.6666666666666666,0.0008483674647776,0.0022331914893617,0.0039525691699604,11832.37,25203.52,25,55,9,14,473.2948,299.57913911463635,0.0,1,25,False,normal,0.2384444916462278,0.024802233680706567,0.15298758846001928,73.171768707483,NORMAL
ACC_00693,12,7,0.6153846153846154,0.0006455471721815,0.0004085106382978,0.0116959064327485,19163.76,17518.1,23,33,7,12,833.2069565217392,481.1161519787729,0.0,1,23,False,normal,0.2425620266393462,0.018506226266728022,0.15293970649029892,73.12925170068027,NORMAL
MULE_03_049,1,1,1.0,7.261131236268131e-05,0.0,0.0,8676.42,9041.61,1,1,1,1,8676.42,0.0,0.0,0,1,True,mule,0.25436876272893666,0.0005650615289620956,0.1528472822489468,73.08673469387756,NORMAL
ACC_00490,8,7,0.8888888888888888,0.0011038840561849,0.0004468085106382,0.0095238095238095,5679.4,18172.48,16,33,7,8,354.9625,271.08763376443426,0.0,1,16,False,normal,0.22620013203513928,0.04271320110742329,0.15280535966405287,73.04421768707483,NORMAL
ACC_01123,11,9,0.8333333333333334,0.0008276234515281,0.0107506382978723,0.0,10865.81,21411.09,25,44,9,11,434.6324,298.0589710286652,0.0,1,25,False,normal,0.2392842605179057,0.022300235851734098,0.15249065065143705,73.00170068027211,NORMAL
MULE_03_044,1,1,1.0,7.261964190552597e-05,0.0,0.0,8795.51,9111.42,1,1,1,1,8795.51,0.0,0.0,0,1,True,mule,0.2534353835827346,0.0007181243139444216,0.15234847987521855,72.95918367346938,NORMAL
MULE_03_034,1,1,1.0,7.262937581335105e-05,0.0,0.0,8780.71,9193.0,1,1,1,1,8780.71,0.0,0.0,0,1,True,mule,0.2534334927047813,0.000691267038511074,0.1523366024382732,72.91666666666666,NORMAL
ACC_00431,15,9,0.625,0.000864763378519,0.0008417021276595,0.0072463768115942,13719.73,20753.03,23,40,9,15,596.51,298.6244555077041,0.0,1,22,False,normal,0.23564849961008966,0.027235850903514273,0.1522834401274595,72.87414965986395,NORMAL
ACC_00280,14,5,0.4,0.0003293450307639,0.00508,0.0058479532163742,12896.07,9587.78,24,20,5,14,537.33625,390.0859615165388,0.0,1,24,False,normal,0.21767071778753355,0.05370479908873649,0.1520843503080147,72.83163265306123,NORMAL
MULE_07_012,1,1,1.0,7.299142497108825e-05,0.0,0.0,8433.44,8772.33,1,1,1,1,8433.44,0.0,0.0,0,1,True,mule,0.25310446731086755,0.0003509467711601475,0.1520030590949846,72.78911564625851,NORMAL
MULE_00_027,1,1,1.0,7.285166635193016e-05,0.0,0.0,9139.88,9613.38,1,1,1,1,9139.88,0.0,0.0,0,1,True,mule,0.25189241555495634,0.00129924343047406,0.15165514670516342,72.74659863945578,NORMAL
MULE_03_013,1,1,1.0,7.260882698268625e-05,0.0,0.0,8860.3,9020.78,1,1,1,1,8860.3,0.0,0.0,0,1,True,mule,0.252059450646362,0.0008226555817089781,0.15156473262050077,72.70408163265306,NORMAL
ACC_00021,13,6,0.5,0.0006630192758926,0.0001931914893617,0.0058479532163742,13503.57,16447.06,26,31,6,13,519.368076923077,394.30069617000913,0.0,2,26,False,normal,0.2397577361220518,0.01920124591762191,0.15153514004027985,72.66156462585033,NORMAL
ACC_00892,5,4,0.8333333333333334,0.0004305806646957,0.0002345115763441,0.0277777777777777,15672.22,9896.1,25,20,4,5,626.8888,387.7839743908112,0.08,1,24,False,normal,0.2466358165628429,0.00862285008642506,0.15143062997227577,72.61904761904762,NORMAL
ACC_00732,10,8,0.8181818181818182,0.000608422194403,0.0022939496013303,0.0065359477124183,11876.18,16233.32,19,37,8,10,625.062105263158,496.7499123925321,0.0,2,19,False,normal,0.23457755608463082,0.02667976218762076,0.1514184385258268,72.5765306122449,NORMAL
ACC_01948,9,5,0.6,0.0004920315215951,0.0047063829787234,0.0219780219780219,7039.82,9459.92,20,20,5,9,351.991,150.77724405646617,0.0,1,20,False,normal,0.24118958986282701,0.016662498328682912,0.15137875324916936,72.53401360544217,NORMAL
ACC_01401,11,7,0.6666666666666666,0.0006573453414456,0.0020697872340425,0.0130718954248366,12680.69,22042.5,28,42,7,11,452.88178571428574,364.5108540583157,0.0357142857142857,2,28,False,normal,0.24605703638010656,0.00919844005895563,0.1513135978516462,72.49149659863946,NORMAL
MULE_07_016,1,1,1.0,7.312425409514315e-05,0.0,0.0,9092.9,9571.01,1,1,1,1,9092.9,0.0,0.0,0,1,True,mule,0.2512368668993691,0.0012058356331404805,0.15122445439287763,72.44897959183673,NORMAL
ACC_00536,9,10,1.1,0.0005021689830254,0.0078216006481047,0.0058479532163742,13025.92,16681.57,26,34,10,9,500.9969230769231,427.1114155137437,0.0,2,26,False,normal,0.24478432491072308,0.010665626848230645,0.1511368456857261,72.40646258503402,NORMAL
ACC_01362,13,4,0.3571428571428571,0.0007633656259276,0.0017,0.0,12044.36,18518.83,23,36,4,13,523.6678260869566,296.5735608266909,0.0434782608695652,1,23,False,normal,0.23800226826947338,0.02058170527162285,0.15103404307033316,72.3639455782313,NORMAL
ACC_01910,10,3,0.3636363636363636,0.000370935477867,0.0014910638297872,0.0128205128205128,8200.64,11290.25,20,25,3,10,410.032,247.6314834715404,0.05,1,20,False,normal,0.23718681846127057,0.02168367085266243,0.15098555941782732,72.32142857142857,NORMAL
MULE_03_017,1,1,1.0,7.263056302078986e-05,0.0,0.0,8804.89,9202.95,1,1,1,1,8804.89,0.0,0.0,0,1,True,mule,0.25080662268118875,0.0007253487115053099,0.15077411309331537,72.27891156462584,NORMAL
ACC_00353,4,10,2.2,0.0002014561378534,0.0014229787234042,0.0,19813.77,10103.33,30,17,10,4,660.4590000000001,421.7635698150131,0.0333333333333333,1,29,False,normal,0.24367456933523274,0.01116126585860218,0.1506692479445805,72.23639455782312,NORMAL
ACC_01995,10,8,0.8181818181818182,0.0011090297653839,0.0014462968490171,0.0065359477124183,10251.8,29831.08,23,59,8,10,445.7304347826087,276.388184303399,0.0,1,21,False,normal,0.21822128022253717,0.0492606429185021,0.15063702530092316,72.1938775510204,NORMAL
MULE_00_004,1,1,1.0,7.272570681490594e-05,0.0,0.0,8568.3,8695.46,1,1,1,1,8568.3,0.0,0.0,0,1,True,mule,0.25068152778865027,0.0004723126687101995,0.15059784174067423,72.1513605442177,NORMAL
ACC_00367,13,8,0.6428571428571429,0.0006067201696872,0.0023582978723404,0.019047619047619,9315.65,20247.82,20,47,8,13,465.7825,348.56211962975755,0.05,1,19,False,normal,0.23538217175604523,0.023242576576980537,0.15052633368441934,72.10884353741497,NORMAL
ACC_01047,13,11,0.8571428571428571,0.0008232797836087,0.0038348936170212,0.0108695652173913,9617.28,20592.42,22,39,11,13,437.1490909090909,275.30815505035343,0.0,1,21,False,normal,0.237674698241934,0.01979782188101563,0.15052394769756663,72.06632653061224,NORMAL
ACC_01974,6,9,1.4285714285714286,0.0003511014365111,0.0045263829787234,0.019047619047619,19566.0,11190.6,37,16,9,6,528.8108108108108,323.4431798492449,0.0,1,36,False,normal,0.23305406504881054,0.026468427886499092,0.15041981018388595,72.02380952380952,NORMAL
ACC_01092,9,8,0.9,0.0008246498513051,0.0005855319148936,0.0,10356.72,27706.4,18,47,8,9,575.3733333333333,529.5070888377339,0.0,1,18,False,normal,0.2209057660705542,0.04407886213137578,0.15017500449488283,71.9812925170068,NORMAL
MULE_03_004,1,1,1.0,7.261165838293985e-05,0.0,0.0,8838.76,9044.51,1,1,1,1,8838.76,0.0,0.0,0,1,True,mule,0.24967082502336863,0.0007873921115773133,0.1501174518586521,71.93877551020408,NORMAL
ACC_00873,11,5,0.5,0.0007007809989776,0.0051455319148936,0.0,13106.4,16207.67,26,33,5,11,504.09230769230766,367.7891582122311,0.0,2,26,False,normal,0.2326077051269727,0.026367301170242684,0.1501115435442807,71.89625850340136,NORMAL
ACC_00109,5,5,1.0,0.0001321537580259,0.0042484969939879,0.0,15657.6,2587.75,26,7,5,5,602.2153846153847,524.2385405765643,0.0,1,26,False,normal,0.21947742294262643,0.04587168879092414,0.1500351292819455,71.85374149659864,NORMAL
ACC_00921,9,6,0.7,0.0007272810661908,0.0015114893617021,0.019047619047619,9337.11,21430.23,22,42,6,9,424.4140909090909,275.9716538007394,0.0,2,22,False,normal,0.24011535817356391,0.014733712296648343,0.1499626998227977,71.81122448979592,NORMAL
ACC_00303,9,6,0.7,0.0005602541274419,0.0006037607129151,0.0,17523.43,17436.5,25,33,6,9,700.9372,435.3726511614313,0.08,1,25,False,normal,0.24519565831533066,0.006765262574162542,0.1498235000188634,71.7687074829932,NORMAL
MULE_05_036,1,1,1.0,7.301435846854344e-05,0.0,0.0,8479.45,8675.0,1,1,1,1,8479.45,0.0,0.0,0,1,True,mule,0.24926148532306017,0.0003942679263417238,0.1497145983643728,71.72619047619048,NORMAL
MULE_05_030,1,1,1.0,7.303562560697721e-05,0.0,0.0,8463.52,8799.5,1,1,1,1,8463.52,0.0,0.0,0,1,True,mule,0.24919338341022904,0.00037199090798501356,0.14966482640933143,71.68367346938776,NORMAL
ACC_00156,8,7,0.8888888888888888,0.0008402186103465,0.0001353191489361,0.0095238095238095,13480.95,24068.81,29,48,7,8,464.86034482758623,299.8294661789641,0.0,2,28,False,normal,0.23164207786026048,0.02653218536414405,0.1495981208618139,71.64115646258503,NORMAL
ACC_00212,4,9,2.0,0.0003784532906255,0.0003069969726687,0.0128205128205128,14483.64,3760.12,30,8,9,4,482.788,362.0680415612513,0.0,2,28,False,normal,0.24184428422665016,0.011162749308380892,0.14957167025934245,71.5986394557823,NORMAL
ACC_00830,13,8,0.6428571428571429,0.0008926283312103,0.0048868085106382,0.0095238095238095,10736.87,25402.53,26,48,8,13,412.9565384615384,280.17414435942953,0.0,1,26,False,normal,0.24048378441064244,0.013201101286853593,0.1495707111611269,71.5561224489796,NORMAL
ACC_01653,12,9,0.7692307692307693,0.0009066210198198,0.0044102127659574,0.0095238095238095,14321.35,26897.31,26,49,9,12,550.8211538461538,488.17721001560017,0.0,1,26,False,normal,0.23620186841486615,0.01953080280561885,0.1495334421711672,71.51360544217688,NORMAL
ACC_00095,4,5,1.2,0.0002243924467877,5.543000895407837e-05,0.0,6628.51,5471.57,11,9,5,4,602.5918181818182,386.35103532456543,0.0,1,11,False,normal,0.22864460016109442,0.03067976469988233,0.1494586659766096,71.47108843537416,NORMAL
MULE_03_039,1,1,1.0,7.262755861040699e-05,0.0,0.0,8813.89,9177.77,1,1,1,1,8813.89,0.0,0.0,0,1,True,mule,0.2485174822811016,0.0007403305319224893,0.14940662158142995,71.42857142857143,NORMAL
ACC_01138,10,9,0.9090909090909092,0.0009973598550094,0.0021344680851063,0.0175438596491228,12624.81,27835.65,20,45,9,10,631.2405,432.98391716181504,0.0,1,20,False,normal,0.22968368664581248,0.028731221792769934,0.14930270070459548,71.3860544217687,NORMAL
MULE_07_008,1,1,1.0,7.296393212977819e-05,0.0,0.0,8499.8,8607.02,1,1,1,1,8499.8,0.0,0.0,0,1,True,mule,0.2481634664239955,0.0004166478724722519,0.14906473900338618,71.34353741496598,NORMAL
ACC_00170,14,6,0.4666666666666667,0.0007405101137119,0.0003429787234042,0.0052631578947368,10227.77,23340.71,18,40,6,14,568.2094444444444,355.12315914129954,0.0,1,18,False,normal,0.23390918336953173,0.021598874069431326,0.14898505964949155,71.30102040816327,NORMAL
ACC_00056,8,9,1.1111111111111112,0.0001415172472618,0.0016612765957446,0.0,12870.67,2520.1,18,8,9,8,715.0372222222222,432.2910468491659,0.0555555555555555,1,18,False,normal,0.22382527039882352,0.03629464338935205,0.14881301959503493,71.25850340136054,NORMAL
ACC_01767,11,5,0.5,0.0004258147811978,0.0026587234042553,0.0083333333333333,11622.22,10703.69,18,22,5,11,645.6788888888889,457.9649258839253,0.0555555555555555,1,18,False,normal,0.22536798947080683,0.033829086728631774,0.14875242837393682,71.21598639455783,NORMAL
ACC_00163,6,10,1.5714285714285714,0.0002050486405509,0.0023617021276595,0.0083333333333333,21005.24,6311.2,28,11,10,6,750.1871428571428,443.7731268035682,0.0357142857142857,1,28,False,normal,0.2390104857058938,0.012777799238104407,0.14851741111877803,71.1734693877551,NORMAL
ACC_00841,5,10,1.8333333333333333,0.0002018765589486,0.0035055319148936,0.0095238095238095,6549.13,5250.06,16,14,10,5,409.320625,405.65200783378776,0.0,1,16,False,normal,0.2297188789329459,0.026556893385224503,0.14845408471385732,71.13095238095238,NORMAL
ACC_01147,5,6,1.1666666666666667,0.0003206499161007,0.0007863829787234,0.0,18419.17,4722.4,35,9,6,5,526.262,300.9528056102914,0.0571428571428571,1,35,False,normal,0.2275351921754705,0.02962553262499685,0.14837132835528105,71.08843537414967,NORMAL
ACC_01018,8,6,0.7777777777777778,0.0004144430532325,0.0004315013004732,0.0,18636.78,18039.11,31,26,6,8,601.1864516129032,417.0599655648924,0.0,2,31,False,normal,0.2387124085240902,0.012633102760425183,0.1482806862186242,71.04591836734694,NORMAL
ACC_01636,13,7,0.5714285714285714,0.0009957041309564,0.0018161702127659,0.0105263157894736,9242.86,19333.02,20,36,7,13,462.143,306.3510786336487,0.05,1,19,False,normal,0.2346196761249791,0.018764626089409934,0.14827765611075142,71.00340136054422,NORMAL
ACC_00867,12,7,0.6153846153846154,0.0008207284850056,0.0005242553191489,0.0058479532163742,15243.81,22432.87,26,31,7,12,586.3003846153846,402.6592379119671,0.0,2,25,False,normal,0.24113200732524792,0.008893297951540622,0.148236523575765,70.96088435374149,NORMAL
MULE_00_037,1,1,1.0,7.274527066708646e-05,0.0,0.0,8493.06,8838.03,1,1,1,1,8493.06,0.0,0.0,0,1,True,mule,0.24646349299019638,0.0003919460588583963,0.14803487421766118,70.91836734693877,NORMAL
ACC_01789,10,11,1.0909090909090908,0.0004892908527195,0.0056510638297872,0.0095238095238095,11896.53,20560.37,28,36,11,10,424.8760714285714,271.88213104264685,0.0,2,28,False,normal,0.2403944212275806,0.009244136572365808,0.14793430736549468,70.87585034013605,NORMAL
ACC_01197,3,9,2.5,0.0001248203001903,0.0015855319148936,0.0,12840.7,1008.25,21,3,9,3,611.4619047619047,414.4343148270791,0.0,1,21,False,normal,0.23385039846076414,0.019043753709353132,0.14792774056019972,70.83333333333334,NORMAL
MULE_07_005,1,1,1.0,7.310446477091907e-05,0.0,0.0,9168.94,9452.02,1,1,1,1,9168.94,0.0,0.0,0,1,True,mule,0.24538736065006148,0.0013739374676060927,0.1477819913770793,70.79081632653062,NORMAL
MULE_01_006,1,1,1.0,7.277715512059759e-05,0.0,0.0,8476.1,8800.78,1,1,1,1,8476.1,0.0,0.0,0,1,True,mule,0.24597963282950341,0.00038076276378068874,0.14774008480321432,70.74829931972789,NORMAL
ACC_01622,12,7,0.6153846153846154,0.0009999894294865,0.0016425531914893,0.0058479532163742,8729.4,28686.96,19,55,7,12,459.4421052631579,343.1166446070968,0.0,1,19,False,normal,0.2273043125300816,0.028307151991168428,0.14770544831451635,70.70578231292517,NORMAL
ACC_01696,4,6,1.4,0.0004227996627667,0.0,0.0,7022.45,10211.96,19,19,6,4,369.60263157894735,191.64150564826636,0.0526315789473684,1,18,False,normal,0.23723715186165145,0.013085768742569719,0.14757659861401876,70.66326530612244,NORMAL
MULE_05_010,1,1,1.0,7.303307184216128e-05,0.0,0.0,8475.08,8784.55,1,1,1,1,8475.08,0.0,0.0,0,1,True,mule,0.24568145474916867,0.00038236091025367803,0.14756181721360265,70.62074829931973,NORMAL
MULE_00_002,1,1,1.0,7.274340443723688e-05,0.0,0.0,8487.23,8824.43,1,1,1,1,8487.23,0.0,0.0,0,1,True,mule,0.24556565826781002,0.0003880337969898874,0.14749460847948198,70.578231292517,NORMAL
ACC_01436,10,8,0.8181818181818182,0.0008117403092146,0.0023821276595744,0.0130718954248366,7427.81,26429.52,14,45,8,10,530.5578571428572,322.55275077654585,0.0,1,14,False,normal,0.22696035201305745,0.02812332123202529,0.1474255397006446,70.53571428571429,NORMAL
ACC_00026,11,8,0.75,0.0010773559411712,0.0070927659574468,0.0,12444.88,22428.12,24,47,8,11,518.5366666666666,314.33403020501544,0.0416666666666666,1,24,False,normal,0.2239539758720223,0.03254463454152114,0.14739023933982182,70.49319727891157,NORMAL
MULE_03_053,1,1,1.0,7.26329565264404e-05,0.0,0.0,8929.03,9223.01,1,1,1,1,8929.03,0.0,0.0,0,1,True,mule,0.24495190696962144,0.0009207679793479295,0.147339451373512,70.45068027210884,NORMAL
ACC_00758,10,6,0.6363636363636364,0.0007275279494984,0.0050978723404255,0.0083333333333333,8674.43,17563.84,22,29,6,10,394.2922727272728,298.5078354548203,0.0,2,22,False,normal,0.2361717252200772,0.01402107719209319,0.1473114660088836,70.40816326530613,NORMAL
MULE_06_012,1,1,1.0,7.285959505216657e-05,0.0,0.0,8455.23,8752.31,1,1,1,1,8455.23,0.0,0.0,0,1,True,mule,0.2452071405071618,0.00036821338241966857,0.14727156965726496,70.3656462585034,NORMAL
ACC_00691,11,10,0.9166666666666666,0.0005318769732189,0.0073261416449921,0.0105263157894736,13718.66,15457.1,26,35,10,11,527.6407692307693,369.3103562579645,0.0,2,26,False,normal,0.24247129866580686,0.004440822477045251,0.1472591081903022,70.32312925170068,NORMAL
ACC_01497,3,9,2.5,0.0002808261471585,0.0022127659574468,0.0151515151515151,18225.17,5199.22,32,8,9,3,569.5365625,387.2244647580486,0.0,1,32,False,normal,0.2332905351720122,0.018100570364321396,0.14721454924893587,70.28061224489795,NORMAL
ACC_00410,8,9,1.1111111111111112,0.000856222249035,0.0025906382978723,0.0073529411764705,11290.06,19026.55,26,41,9,8,434.2330769230769,290.8905796724154,0.0384615384615384,2,26,False,normal,0.23080635862383056,0.02154932811989671,0.147103546422257,70.23809523809523,NORMAL
ACC_01391,12,8,0.6923076923076923,0.0004369929390473,0.009755744680851,0.0052631578947368,13843.38,12310.85,32,23,8,12,432.605625,305.83164393478785,0.0,1,32,False,normal,0.2282201619598098,0.02536815806360021,0.14707936040132594,70.19557823129252,NORMAL
MULE_01_041,1,1,1.0,7.287611690083562e-05,0.0,0.0,9221.26,9500.52,1,1,1,1,9221.26,0.0,0.0,0,1,True,mule,0.24395599378796126,0.0014863087234077187,0.14696811976213983,70.1530612244898,NORMAL
MULE_05_001,1,1,1.0,7.31352275594107e-05,0.0,0.0,9125.38,9382.58,1,1,1,1,9125.38,0.0,0.0,0,1,True,mule,0.24386255587933786,0.0012857430277023137,0.14683183073868364,70.11054421768708,NORMAL
ACC_01290,10,13,1.2727272727272727,0.0005382740858717,0.0059446552679827,0.0079051383399209,16384.15,13820.78,33,26,13,10,496.489393939394,392.0860998392078,0.0,1,33,False,normal,0.23796911326170483,0.009680286215608697,0.14665358244326637,70.06802721088435,NORMAL
MULE_03_022,1,1,1.0,7.263780558275337e-05,0.0,0.0,8872.07,9263.65,1,1,1,1,8872.07,0.0,0.0,0,1,True,mule,0.24376110238157234,0.0008238499493083874,0.14658620140866674,70.02551020408163,NORMAL
MULE_03_000,1,1,1.0,7.263039239700721e-05,0.0,0.0,8902.65,9201.52,1,1,1,1,8902.65,0.0,0.0,0,1,True,mule,0.2435996604294605,0.0008778918609533361,0.1465109530020576,69.98299319727892,NORMAL
MULE_07_002,1,1,1.0,7.297219112499602e-05,0.0,0.0,8484.41,8656.68,1,1,1,1,8484.41,0.0,0.0,0,1,True,mule,0.2438086329681992,0.0003996214523685545,0.14644502836186693,69.94047619047619,NORMAL
MULE_03_025,1,1,1.0,7.262784497200027e-05,0.0,0.0,8912.3,9180.17,1,1,1,1,8912.3,0.0,0.0,0,1,True,mule,0.2431932996565381,0.0008954999602561652,0.14627417977802532,69.89795918367348,NORMAL
MULE_06_006,1,1,1.0,7.297613856915595e-05,0.0,0.0,9207.22,9520.92,1,1,1,1,9207.22,0.0,0.0,0,1,True,mule,0.24280506923781436,0.0014535105633779698,0.1462644457680398,69.85544217687075,NORMAL
MULE_07_025,1,1,1.0,7.300389329310757e-05,0.0,0.0,8463.31,8847.3,1,1,1,1,8463.31,0.0,0.0,0,1,True,mule,0.24347653565293959,0.00036815326164451836,0.14623318269642155,69.81292517006803,NORMAL
ACC_01587,4,9,2.0,0.0002193836807536,0.0008978723404255,0.0128205128205128,17500.31,3553.26,32,7,9,4,546.8846875,435.9148884815696,0.03125,1,32,False,normal,0.23326678667006853,0.014905853361824196,0.14592241334677078,69.7704081632653,NORMAL
MULE_05_028,1,1,1.0,7.314200742065116e-05,0.0,0.0,8988.69,9422.27,1,1,1,1,8988.69,0.0,0.0,0,1,True,mule,0.24249113104745432,0.001014922384967539,0.1459006475824596,69.72789115646259,NORMAL
MULE_00_045,1,1,1.0,7.282981087927259e-05,0.0,0.0,9169.48,9454.11,1,1,1,1,9169.48,0.0,0.0,0,1,True,mule,0.2420320960953606,0.0013735448710434585,0.14576867560563375,69.68537414965986,NORMAL
MULE_00_046,1,1,1.0,7.281902242406859e-05,0.0,0.0,9190.26,9375.49,1,1,1,1,9190.26,0.0,0.0,0,1,True,mule,0.24174592144427245,0.0014249305045096986,0.14561752506836734,69.64285714285714,NORMAL
ACC_01357,11,7,0.6666666666666666,0.0005291821415421,0.0037991489361702,0.0065359477124183,5959.45,16758.49,12,35,7,11,496.6208333333333,361.9348712747874,0.0,1,12,False,normal,0.22303033093809013,0.02944471457222172,0.14559608439174276,69.60034013605441,NORMAL
ACC_01989,10,4,0.4545454545454545,0.0003001210678829,0.0011455319148936,0.0,6934.53,10027.72,14,20,4,10,495.3235714285714,239.4001450615569,0.0,1,14,False,normal,0.2241192243882535,0.02744301292945539,0.14544873980473425,69.5578231292517,NORMAL
MULE_00_023,1,1,1.0,7.281527898654678e-05,0.0,0.0,9142.18,9348.21,1,1,1,1,9142.18,0.0,0.0,0,1,True,mule,0.24128732274704676,0.0013220814511260299,0.14530122622867847,69.51530612244898,NORMAL
ACC_01959,10,11,1.0909090909090908,0.0005291980640882,0.0019889361702127,0.0047619047619047,20206.63,11410.97,37,26,11,10,546.1251351351351,373.8813323296104,0.0,1,36,False,normal,0.23019227582691912,0.01787032741074288,0.14526349646044862,69.47278911564626,NORMAL
ACC_01229,12,8,0.6923076923076923,0.0003773773741806,0.0023685106382978,0.0105263157894736,19345.5,16189.88,28,33,8,12,690.9107142857143,473.0259516718152,0.0,1,28,False,normal,0.22741816708246126,0.021858833129514844,0.1451944335012827,69.43027210884354,NORMAL
ACC_00396,13,11,0.8571428571428571,0.0006263460189636,0.0045523404255319,0.0072463768115942,15303.34,19218.77,31,47,11,13,493.6561290322581,277.39485739858765,0.0,1,31,False,normal,0.2271614457672832,0.0222099721882949,0.1451808563356879,69.38775510204081,NORMAL
ACC_00618,5,5,1.0,0.0002289975523211,0.003275744680851,0.0,19069.45,5932.96,34,15,5,5,560.8661764705882,332.3477184663468,0.0294117647058823,1,33,False,normal,0.21973712718471083,0.03294838846464813,0.14502163169668575,69.34523809523809,NORMAL
ACC_01774,5,9,1.6666666666666667,0.0001621696571095,0.0016161702127659,0.0109890109890109,13987.76,2561.13,27,6,9,5,518.0651851851852,290.2605445692166,0.0,2,26,False,normal,0.2326917061447377,0.012632594728504316,0.14466806157824436,69.30272108843538,NORMAL
ACC_01071,13,6,0.5,0.0005990201343789,0.0010570212765957,0.0,8142.4,25390.88,19,45,6,13,428.5473684210526,387.9913921989351,0.0,1,18,False,normal,0.22504848265564506,0.023948819675372646,0.1446086174635361,69.26020408163265,NORMAL
MULE_07_013,1,1,1.0,7.310319581937835e-05,0.0,0.0,9045.3,9444.39,1,1,1,1,9045.3,0.0,0.0,0,1,True,mule,0.24016722882583627,0.0011197105402820922,0.1445482215116146,69.21768707482994,NORMAL
MULE_01_026,1,1,1.0,7.27831134191105e-05,0.0,0.0,8493.69,8842.91,1,1,1,1,8493.69,0.0,0.0,0,1,True,mule,0.24044726897661461,0.00039229902546366235,0.14442528099615423,69.17517006802721,NORMAL
ACC_01889,7,5,0.75,0.0004790721949205,1.3617021276595744e-05,0.0151515151515151,14798.94,15118.39,22,25,5,7,672.679090909091,692.7334948346304,0.0,1,22,False,normal,0.1991159414243419,0.06232966175269777,0.14440142955568425,69.13265306122449,NORMAL
MULE_01_010,1,1,1.0,7.285905520768113e-05,0.0,0.0,9186.95,9379.88,1,1,1,1,9186.95,0.0,0.0,0,1,True,mule,0.23966791598031542,0.0014174597607308128,0.14436773349248158,69.09013605442176,NORMAL
MULE_01_034,1,1,1.0,7.276672633036871e-05,0.0,0.0,8559.11,8727.04,1,1,1,1,8559.11,0.0,0.0,0,1,True,mule,0.2400311382533719,0.00046090535232327587,0.14420304509295245,69.04761904761905,NORMAL
ACC_00390,8,6,0.7777777777777778,0.0008185802552721,3.4042553191489365e-05,0.0109890109890109,6371.94,17351.1,17,31,6,8,374.82,255.60496608536383,0.0588235294117647,1,17,False,normal,0.2301578282909636,0.01525876683547063,0.1441982037087664,69.00510204081633,NORMAL
ACC_01484,6,5,0.8571428571428571,0.0003510533736514,0.0012008510638297,0.0363636363636363,10715.29,11755.17,19,32,5,6,563.9626315789474,444.0226383723408,0.0526315789473684,1,19,False,normal,0.22800836695090548,0.01834291352867031,0.1441421855820114,68.9625850340136,NORMAL
ACC_00664,8,13,1.5555555555555556,0.0005688600418841,0.003691914893617,0.0047619047619047,12531.59,16793.64,28,36,13,8,447.5567857142857,267.5580931042491,0.0357142857142857,1,28,False,normal,0.22225938498602088,0.026752670368117203,0.1440566991388594,68.92006802721087,NORMAL
ACC_00352,5,8,1.5,0.000758391692627,0.000727659574468,0.0256410256410256,13574.81,8439.13,22,15,8,5,617.0368181818181,503.2993500453389,0.0454545454545454,1,22,False,normal,0.21690018480135573,0.033979392549492476,0.1437318679006104,68.87755102040816,NORMAL
MULE_00_008,1,1,1.0,7.282120289409138e-05,0.0,0.0,9171.76,9391.38,1,1,1,1,9171.76,0.0,0.0,0,1,True,mule,0.23859560088820042,0.0013829287396698192,0.14371053202878817,68.83503401360545,NORMAL
MULE_06_033,1,1,1.0,7.297563667737568e-05,0.0,0.0,9115.59,9517.61,1,1,1,1,9115.59,0.0,0.0,0,1,True,mule,0.2386334657950528,0.00125516867520188,0.14368214694711243,68.79251700680273,NORMAL
MULE_01_025,1,1,1.0,7.285548843131049e-05,0.0,0.0,9160.81,9354.66,1,1,1,1,9160.81,0.0,0.0,0,1,True,mule,0.2378001069625194,0.0013618916372919166,0.1432248208324284,68.75,NORMAL
ACC_01764,6,12,1.8571428571428568,0.0002811747159679,0.0018377179891698,0.0,13687.69,3942.45,26,10,12,6,526.4496153846154,414.5780047371618,0.0769230769230769,1,26,False,normal,0.22482410607000497,0.020747970245415442,0.14319365174016915,68.70748299319727,NORMAL
ACC_01715,6,4,0.7142857142857143,0.000164567533652,0.0014659574468085,0.0,16425.32,3088.47,24,7,4,6,684.3883333333333,435.1575733462303,0.0416666666666666,1,24,False,normal,0.21878316028762723,0.029583256048224968,0.14310319859186632,68.66496598639455,NORMAL
ACC_00413,10,6,0.6363636363636364,0.0010326634696789,6.808510638297873e-06,0.0083333333333333,14624.89,23121.27,26,51,6,10,562.4957692307692,392.35631805972565,0.0384615384615384,1,26,False,normal,0.22147716223669567,0.02537460799707583,0.14303614054084773,68.62244897959184,NORMAL
MULE_01_015,1,1,1.0,7.277757515730737e-05,0.0,0.0,8713.14,8803.75,1,1,1,1,8713.14,0.0,0.0,0,1,True,mule,0.23792419673734425,0.0006296686161178074,0.14300638548885367,68.57993197278913,NORMAL
ACC_01053,7,7,1.0,0.0004900200389818,0.0004553191489361,0.0109890109890109,13059.46,15335.28,22,31,7,7,593.6118181818182,481.835025952485,0.0454545454545454,2,21,False,normal,0.2280728188083341,0.014694823575051254,0.14272162071502095,68.5374149659864,NORMAL
MULE_07_000,1,1,1.0,7.298562238665108e-05,0.0,0.0,8576.08,8737.44,1,1,1,1,8576.08,0.0,0.0,0,1,True,mule,0.2375251792846577,0.00047811111164171565,0.1427063520154513,68.49489795918367,NORMAL
ACC_00834,11,10,0.9166666666666666,0.0007903328744849,0.0057497872340425,0.0142857142857142,14956.87,23742.6,34,43,10,11,439.90794117647056,379.3274576642944,0.0,1,32,False,normal,0.229745561013479,0.0119272903850428,0.14261825276210452,68.45238095238095,NORMAL
ACC_01340,8,11,1.3333333333333333,0.0005912780684177,0.0032226154436532,0.0175438596491228,11521.0,23079.03,29,39,11,8,397.2758620689655,201.7719344691151,0.0,1,28,False,normal,0.21666843012578246,0.031493926969465784,0.14259862886325578,68.40986394557824,NORMAL
MULE_01_035,1,1,1.0,7.287441836855126e-05,0.0,0.0,9083.9,9488.51,1,1,1,1,9083.9,0.0,0.0,0,1,True,mule,0.2368506302719369,0.0011918224140936465,0.1425871071287996,68.36734693877551,NORMAL
MULE_06_025,1,1,1.0,7.285531153470655e-05,0.0,0.0,8568.07,8724.06,1,1,1,1,8568.07,0.0,0.0,0,1,True,mule,0.23731805662646532,0.00047045151239720023,0.14257901458083805,68.32482993197279,NORMAL
ACC_01133,7,6,0.875,0.0002815697690846,0.0052782978723404,0.0256410256410256,9821.21,9871.4,16,23,6,7,613.825625,432.04870868871177,0.0,1,16,False,normal,0.22116679817087007,0.024558284270051536,0.14252339261054264,68.28231292517006,NORMAL
MULE_06_002,1,1,1.0,7.297024323609946e-05,0.0,0.0,9080.71,9482.04,1,1,1,1,9080.71,0.0,0.0,0,1,True,mule,0.2366872923596209,0.001186327582477335,0.1424869064487635,68.23979591836735,NORMAL
ACC_00366,11,8,0.75,0.0007301107250636,0.0035761702127659,0.0116959064327485,16218.63,21544.09,30,41,8,11,540.621,353.1684010287053,0.0,2,30,False,normal,0.2307855238969627,0.009547458033257331,0.14229029755148054,68.19727891156462,NORMAL
ACC_01697,9,10,1.1,0.0003277262989966,0.0122382978723404,0.0116959064327485,13308.27,7249.81,28,13,10,9,475.29535714285714,311.01367798291494,0.0357142857142857,1,26,False,normal,0.22846502470748437,0.01294693243826354,0.14225778779979603,68.15476190476191,NORMAL
MULE_05_017,1,1,1.0,7.305311761481351e-05,0.0,0.0,8495.48,8901.9,1,1,1,1,8495.48,0.0,0.0,0,1,True,mule,0.2368300314094827,0.0003907983983557876,0.14225433820503194,68.11224489795919,NORMAL
MULE_00_020,1,1,1.0,7.282118642735741e-05,0.0,0.0,9114.77,9391.26,1,1,1,1,9114.77,0.0,0.0,0,1,True,mule,0.2357341415577809,0.0012613539741394978,0.14194502652432434,68.06972789115646,NORMAL
ACC_00421,15,10,0.6875,0.0005883958508512,0.0020382978723404,0.0033333333333333,12034.98,22717.51,23,46,10,15,523.26,356.3637094063006,0.0,1,23,False,normal,0.2148956791881246,0.032416034912361474,0.14190382147781933,68.02721088435374,NORMAL
ACC_00994,6,7,1.1428571428571428,0.0002873251880571,0.0002285421907645,0.0,18498.49,8416.039999999999,32,18,7,6,578.0778125,408.58713100646327,0.0,2,32,False,normal,0.22974777573666905,0.010088829496981267,0.14188419724079393,67.98469387755102,NORMAL
ACC_01787,8,5,0.6666666666666666,0.0004597517948383,7.248539632456402e-05,0.0256410256410256,14959.76,14080.27,27,23,5,8,554.0651851851852,348.9604570100961,0.0,2,27,False,normal,0.2306888351012605,0.008309626505060222,0.1417371516627804,67.9421768707483,NORMAL
ACC_00791,6,9,1.4285714285714286,0.0002414779092225,0.0005329808553276,0.0095238095238095,14668.88,6793.41,22,7,9,6,666.7672727272727,415.1713122851683,0.0909090909090909,1,21,False,normal,0.22341394032414144,0.019016326033594568,0.1416548946079227,67.89965986394559,NORMAL
ACC_01985,13,5,0.4285714285714285,0.0006581670481443,0.0014468085106382,0.0130718954248366,10385.66,15135.66,27,35,5,13,384.65407407407406,228.7552001806442,0.0,1,25,False,normal,0.21917102870850655,0.025315589022006146,0.1416288528339064,67.85714285714286,NORMAL
ACC_01562,12,10,0.8461538461538461,0.0007414448078458,0.0023135632968063,0.0086580086580086,16689.91,20213.12,34,37,10,12,490.87970588235294,388.7389052298533,0.0294117647058823,1,33,False,normal,0.22920909947744958,0.010084003860555154,0.14155906123069179,67.81462585034014,NORMAL
ACC_01917,7,4,0.625,0.0005332944842186,6.808510638297873e-05,0.0181818181818181,7398.110000000001,22289.02,14,38,4,7,528.4364285714286,304.3781674321282,0.0,1,14,False,normal,0.22309607359110187,0.01916489406298332,0.14152360177985446,67.77210884353741,NORMAL
ACC_00597,5,6,1.1666666666666667,0.00042208818151,0.0004008510638297,0.0,15799.73,10658.37,33,23,6,5,478.77969696969694,295.9984314726689,0.0,2,33,False,normal,0.22222811960870864,0.02010362341142457,0.141378321129795,67.7295918367347,NORMAL
ACC_01947,6,5,0.8571428571428571,0.0002833840830991,1.7021276595744682e-06,0.0,14539.5,9896.84,27,15,5,6,538.5,402.3964300002214,0.037037037037037,2,27,False,normal,0.2263104849955597,0.013884489899033453,0.1413400869569492,67.68707482993197,NORMAL
ACC_01403,13,9,0.7142857142857143,0.0009080875894669,0.0034042553191489,0.0129870129870129,15255.65,23788.58,30,43,9,13,508.52166666666665,394.2764829150796,0.0,1,29,False,normal,0.22975833048308772,0.008709634195192743,0.14133885196792972,67.64455782312925,NORMAL
MULE_06_016,1,1,1.0,7.296395215151835e-05,0.0,0.0,9011.81,9440.55,1,1,1,1,9011.81,0.0,0.0,0,1,True,mule,0.2345504190934804,0.0010555194303601377,0.14115245922823227,67.60204081632652,NORMAL
MULE_01_012,1,1,1.0,7.287206361729942e-05,0.0,0.0,9088.03,9471.86,1,1,1,1,9088.03,0.0,0.0,0,1,True,mule,0.23441904012604947,0.0012012603430380814,0.1411319282128449,67.55952380952381,NORMAL
MULE_07_026,1,1,1.0,7.307486809776235e-05,0.0,0.0,9108.31,9274.06,1,1,1,1,9108.31,0.0,0.0,0,1,True,mule,0.23421906642990997,0.0012577710203391418,0.14103454826608164,67.51700680272108,NORMAL
ACC_00759,8,11,1.3333333333333333,0.0003333596561045,0.0026978723404255,0.0116959064327485,16171.7,8082.55,29,18,11,8,557.6448275862069,356.79671059322817,0.0344827586206896,2,29,False,normal,0.22924522039199674,0.008703995604826688,0.14102873047712872,67.47448979591837,NORMAL
ACC_00329,10,5,0.5454545454545454,0.0006410626495608,0.0038238178484628,0.0,11805.61,16260.44,24,40,5,10,491.9004166666667,417.4918573064751,0.0,2,24,False,normal,0.21707610409342723,0.02680069966530661,0.140965942322179,67.43197278911565,NORMAL
ACC_00989,6,9,1.4285714285714286,0.0006574076941889,0.0037581546070865,0.019047619047619,12448.09,10326.89,27,23,9,6,461.0403703703704,467.4233327055357,0.0,2,27,False,normal,0.2235269330267965,0.016533896539387048,0.1407297184318327,67.38945578231292,NORMAL
ACC_00926,9,12,1.3,0.0007297385945454,0.0005261587003794,0.0047619047619047,16673.68,23145.06,33,42,12,9,505.2630303030303,290.50913885673253,0.0,1,33,False,normal,0.21115918243785028,0.03474156647101579,0.14059213605111648,67.3469387755102,NORMAL
ACC_01647,8,12,1.4444444444444444,0.0007793511201407,0.000263829787234,0.0,15551.87,18591.97,30,36,12,8,518.3956666666667,530.8116652739646,0.0,1,30,False,normal,0.2162727782912799,0.026903929841652557,0.14052523891142896,67.30442176870748,NORMAL
MULE_07_037,1,1,1.0,7.300310497983063e-05,0.0,0.0,8510.54,8842.56,1,1,1,1,8510.54,0.0,0.0,0,1,True,mule,0.2336930814976842,0.0004079527605397968,0.14037903000282645,67.26190476190477,NORMAL
MULE_06_036,1,1,1.0,7.286483686450615e-05,0.0,0.0,8698.01,8786.88,1,1,1,1,8698.01,0.0,0.0,0,1,True,mule,0.2332308499091508,0.0006121969496003042,0.1401833887253306,67.21938775510205,NORMAL
ACC_01356,8,13,1.5555555555555556,0.0004204327084359,0.0014974630111286,0.0142857142857142,17335.73,12702.41,31,28,13,8,559.2170967741936,276.4837332911716,0.032258064516129,1,29,False,normal,0.21169438042297767,0.032123762675227,0.1398661333238774,67.17687074829932,NORMAL
ACC_00598,3,8,2.25,0.0001547582355426,0.0006331914893617,0.0,8940.18,2568.56,23,5,8,3,388.7034782608696,168.54485787061117,0.0,1,23,False,normal,0.21837987534551193,0.02199070048974374,0.13982420540320467,67.1343537414966,NORMAL
ACC_01920,7,4,0.625,0.0007250202788072,6.042553191489362e-05,0.0181818181818181,8946.81,23716.21,18,44,4,7,497.045,274.3712642784676,0.0,1,18,False,normal,0.21711841952525954,0.023874617427972204,0.1398208986863446,67.09183673469387,NORMAL
ACC_00804,7,10,1.375,0.0005030504492378,0.000143829787234,0.0073529411764705,16893.48,16502.32,27,29,10,7,625.6844444444445,579.8068468254243,0.037037037037037,1,26,False,normal,0.21649674131916827,0.024310931548422548,0.13962241741086998,67.04931972789116,NORMAL
ACC_00210,11,9,0.8333333333333334,0.0009591081586781,0.0007148936170212,0.0,14799.01,27142.91,32,57,9,11,462.4690625,347.0623377338519,0.0,1,31,False,normal,0.21285910411290243,0.029647565278340296,0.1395744885790776,67.00680272108843,NORMAL
MULE_00_016,1,1,1.0,7.275910135139083e-05,0.0,0.0,8578.15,8938.82,1,1,1,1,8578.15,0.0,0.0,0,1,True,mule,0.23230041129129683,0.00046388658916296787,0.13956580141044328,66.96428571428571,NORMAL
MULE_00_033,1,1,1.0,7.282001317256227e-05,0.0,0.0,9084.29,9382.71,1,1,1,1,9084.29,0.0,0.0,0,1,True,mule,0.23175017705331194,0.0011995812663296117,0.13952993873851902,66.921768707483,NORMAL
ACC_00974,8,11,1.3333333333333333,0.0004855764107422,0.0014808510638297,0.0116959064327485,11872.67,11478.33,30,29,11,8,395.7556666666667,248.0600569339852,0.0,2,29,False,normal,0.21928047362739106,0.019716151682891175,0.13945474484959108,66.87925170068027,NORMAL
ACC_01333,7,5,0.75,0.000240143438494,0.0050561702127659,0.0,12154.97,12835.66,23,26,5,7,528.4769565217392,442.3208500361247,0.0,2,23,False,normal,0.20846878649283962,0.03574976978594935,0.1393811798100835,66.83673469387756,NORMAL
MULE_06_023,1,1,1.0,7.287272005292197e-05,0.0,0.0,8522.07,8838.87,1,1,1,1,8522.07,0.0,0.0,0,1,True,mule,0.23140759163812316,0.00041791314716667626,0.13901172024174058,66.79421768707483,NORMAL
MULE_00_019,1,1,1.0,7.274978529664906e-05,0.0,0.0,8651.05,8870.93,1,1,1,1,8651.05,0.0,0.0,0,1,True,mule,0.23083402174384648,0.0005482466880117431,0.1387197117215126,66.75170068027211,NORMAL
MULE_00_042,1,1,1.0,7.282508904330757e-05,0.0,0.0,8985.23,9419.7,1,1,1,1,8985.23,0.0,0.0,0,1,True,mule,0.23048913432784712,0.0010072189537244296,0.13869636817819803,66.70918367346938,NORMAL
ACC_00305,9,11,1.2,0.0003962868859745,0.0022544680851063,0.0,19248.69,13807.32,38,28,11,9,506.5444736842105,342.8370613121851,0.0,1,37,False,normal,0.2170353880848966,0.021043046021614987,0.13863845125958393,66.66666666666666,NORMAL
ACC_00972,11,5,0.5,0.0006912820835016,0.0012502127659574,0.0083333333333333,17332.47,17046.6,29,30,5,11,597.6713793103448,542.7628937122422,0.0,1,29,False,normal,0.21300922012942958,0.02705635459684452,0.13862807391639556,66.62414965986395,NORMAL
ACC_00914,8,7,0.8888888888888888,0.0001885015694385,0.0018791489361702,0.0095238095238095,8362.64,4641.16,18,17,7,8,464.5911111111111,399.5703545926312,0.0,2,18,False,normal,0.21574059410792554,0.02280260153612164,0.13856539707920398,66.58163265306123,NORMAL
ACC_00393,9,4,0.5,0.0007767317900521,0.00176,0.0,12457.25,17402.77,27,35,4,9,461.3796296296296,291.1192610291618,0.0,2,25,False,normal,0.21487791008463583,0.024019509541066915,0.13853454986720826,66.53911564625851,NORMAL
MULE_06_014,1,1,1.0,7.294367784640048e-05,0.0,0.0,9108.96,9306.84,1,1,1,1,9108.96,0.0,0.0,0,1,True,mule,0.22999818158576507,0.0012560130387277203,0.1385013141669501,66.49659863945578,NORMAL
ACC_00945,4,5,1.2,9.374373786495796e-05,0.0004263829787234,0.0,14821.37,962.7,21,4,5,4,705.7795238095238,476.0043192606155,0.0,1,21,False,normal,0.21222116617108056,0.027593165218983567,0.13836996579024174,66.45408163265306,NORMAL
ACC_01831,8,10,1.2222222222222223,0.0003861758389856,0.0084612765957446,0.0,14231.11,6424.42,33,13,10,8,431.2457575757576,276.82774185888485,0.0303030303030303,1,31,False,normal,0.21993184159459353,0.015646637507568742,0.1382177599597836,66.41156462585033,NORMAL
ACC_00610,4,6,1.4,0.0006800616843629,0.0001897872340425,0.0222222222222222,8530.06,18983.85,17,37,6,4,501.7682352941176,297.4903293435623,0.0,1,17,False,normal,0.20856807499631627,0.032652632964792955,0.13820189818370696,66.36904761904762,NORMAL
ACC_01683,8,8,1.0,0.0006368573668677,0.0016936170212765,0.0333333333333333,9606.89,22606.87,22,42,8,8,436.6768181818181,256.9953123045959,0.0454545454545454,1,22,False,normal,0.21846375095976142,0.017625977416913626,0.1381286415426223,66.3265306122449,NORMAL
MULE_05_019,1,1,1.0,7.307203597289818e-05,0.0,0.0,8595.4,9012.65,1,1,1,1,8595.4,0.0,0.0,0,1,True,mule,0.22940001014431458,0.0004778810672284921,0.13783115851348013,66.28401360544217,NORMAL
ACC_00815,9,10,1.1,0.000430895336178,0.0021720035816313,0.0175438596491228,10447.3,9096.26,21,20,10,9,497.49047619047616,386.9872591375095,0.1428571428571428,1,21,False,normal,0.22015659755745723,0.01425371612640839,0.1377954449850377,66.24149659863946,NORMAL
ACC_01642,8,10,1.2222222222222223,0.0002403889143712,0.0066502127659574,0.0065359477124183,9610.06,4908.12,20,10,10,8,480.503,516.4529626016293,0.0,1,20,False,normal,0.20526245764035214,0.0360561727484072,0.13757994368357415,66.19897959183673,NORMAL
ACC_00805,13,12,0.9285714285714286,0.0004975659883962,0.0045651063829787,0.0033333333333333,12225.49,15311.16,21,27,12,13,582.1661904761904,320.3503064845762,0.0,1,21,False,normal,0.21186872515369704,0.025907162778315878,0.13748410020354457,66.15646258503402,NORMAL
ACC_00213,4,8,1.8,0.0001840094715455,0.0055940425531914,0.0151515151515151,7819.37,4570.59,24,11,8,4,325.8070833333333,262.36606255016994,0.0,1,24,False,normal,0.22208845531304,0.009971050658403716,0.1372414934511855,66.1139455782313,NORMAL
ACC_00241,6,6,1.0,0.0001530655378399,0.003315744680851,0.0151515151515151,6660.59,2873.76,17,8,6,6,391.7994117647059,215.9937433257787,0.0,1,17,False,normal,0.22007451281191254,0.012803422615777157,0.13716607673345838,66.07142857142857,NORMAL
MULE_05_014,1,1,1.0,7.310369069918865e-05,0.0,0.0,9056.9,9197.96,1,1,1,1,9056.9,0.0,0.0,0,1,True,mule,0.22775805919559805,0.0011599656202499066,0.13711882176545878,66.02891156462584,NORMAL
MULE_07_017,1,1,1.0,7.307992560973523e-05,0.0,0.0,9067.1,9304.47,1,1,1,1,9067.1,0.0,0.0,0,1,True,mule,0.22771157180545434,0.0011721156710440676,0.13709578935169023,65.98639455782312,NORMAL
ACC_00268,11,8,0.75,0.0008785140543115,0.0001863829787234,0.0116959064327485,9547.07,23086.59,16,41,8,11,596.691875,431.90835079090175,0.0,1,16,False,normal,0.2087758475596413,0.02952732798052134,0.13707643972799333,65.9438775510204,NORMAL
ACC_00910,5,9,1.6666666666666667,0.0003443499168263,0.0002110638297872,0.0109890109890109,12619.79,12516.89,17,28,9,5,742.3405882352941,526.0579221966744,0.0,1,17,False,normal,0.20132058719402535,0.04065979967153254,0.13705627218502822,65.9013605442177,NORMAL
ACC_01698,4,4,1.0,0.0003009563736783,1.7021276595744682e-06,0.0,13564.45,10461.37,31,17,4,4,437.5629032258065,380.16910069242914,0.064516129032258,1,31,False,normal,0.21465668672366592,0.020174340316442288,0.13686374816077645,65.85884353741497,NORMAL
ACC_00200,14,9,0.6666666666666666,0.0006212271560276,0.002887659574468,0.0079051383399209,9431.74,19208.14,19,45,9,14,496.40736842105264,268.9423369597221,0.0,1,19,False,normal,0.2086436658592367,0.028819883386431405,0.13671415287011457,65.81632653061224,NORMAL
MULE_01_000,1,1,1.0,7.27827980380119e-05,0.0,0.0,8658.84,8840.68,1,1,1,1,8658.84,0.0,0.0,0,1,True,mule,0.22735488649540053,0.0005598459962807972,0.13663687029575264,65.77380952380952,NORMAL
ACC_00721,12,10,0.8461538461538461,0.0004379849847579,0.0030553191489361,0.0086580086580086,12025.62,13721.16,18,26,10,12,668.09,447.6838210822718,0.0,1,18,False,normal,0.20475955137574792,0.0337151907217949,0.1363418071141667,65.7312925170068,NORMAL
MULE_07_021,1,1,1.0,7.306105432122606e-05,0.0,0.0,9058.81,9191.0,1,1,1,1,9058.81,0.0,0.0,0,1,True,mule,0.22645183617826015,0.0011640247973387966,0.1363367116258916,65.68877551020408,NORMAL
ACC_00546,13,8,0.6428571428571429,0.0005489255233474,0.0058337952500746,0.0095238095238095,11634.57,11780.04,22,22,8,13,528.8440909090909,447.8204735920209,0.0454545454545454,1,22,False,normal,0.21021442384923766,0.02537629845032709,0.13627917368967343,65.64625850340136,NORMAL
ACC_00184,13,7,0.5714285714285714,0.001024050039456,0.0023621711508122,0.0105263157894736,12782.55,22949.67,24,47,7,13,532.6062499999999,291.5397205664003,0.0,1,24,False,normal,0.21464391690540882,0.018557269516611328,0.13620925794988983,65.60374149659864,NORMAL
MULE_01_008,1,1,1.0,7.284677231601613e-05,0.0,0.0,9096.14,9293.03,1,1,1,1,9096.14,0.0,0.0,0,1,True,mule,0.22605778461755718,0.0012301828676383804,0.13612674391758967,65.56122448979592,NORMAL
ACC_00428,10,11,1.0909090909090908,0.0004676942121821,0.0004442553191489,0.0142857142857142,15085.23,14328.45,29,34,11,10,520.1803448275862,343.8780967091469,0.0344827586206896,2,28,False,normal,0.21531283079136265,0.01726146957162668,0.13609228630346826,65.5187074829932,NORMAL
ACC_00115,7,5,0.75,0.0003207200542057,0.0036093617021276,0.0303030303030303,7268.41,9038.38,19,15,5,7,382.5478947368421,204.3214735432309,0.0,1,19,False,normal,0.22075452513994878,0.00892606134882737,0.1360231396235002,65.47619047619048,NORMAL
ACC_00225,11,6,0.5833333333333334,0.0006243462224912,0.0036697872340425,0.0294117647058823,11724.95,14834.84,23,35,6,11,509.7804347826087,501.8677693873182,0.0,1,22,False,normal,0.21247286985325375,0.021261145660922024,0.13598818017632106,65.43367346938776,NORMAL
MULE_06_031,1,1,1.0,7.295576418893989e-05,0.0,0.0,8977.26,9386.55,1,1,1,1,8977.26,0.0,0.0,0,1,True,mule,0.22595209601518979,0.0009956728319084553,0.13596952674187726,65.39115646258503,NORMAL
ACC_00615,12,5,0.4615384615384615,0.0007055971677391,0.0028687161557156,0.0,15864.47,18488.76,32,40,5,12,495.7646875,335.6877537715031,0.0,1,32,False,normal,0.2093295312304126,0.025867040205286226,0.13594453482036203,65.3486394557823,NORMAL
ACC_00924,6,5,0.8571428571428571,0.0001647295299935,0.0035159681064256,0.0363636363636363,10391.59,3139.12,22,9,5,6,472.345,311.64174820808347,0.0,1,22,False,normal,0.21901696100464443,0.01132156036341231,0.13593880074815157,65.3061224489796,NORMAL
ACC_01552,5,4,0.8333333333333334,0.0001361344070091,5.106382978723404e-06,0.0,15625.92,2792.8,22,5,4,5,710.2690909090909,448.43049454428217,0.0,1,22,False,normal,0.20834549460900847,0.02705739778959693,0.13583025588124387,65.26360544217688,NORMAL
MULE_06_035,1,1,1.0,7.295661027840634e-05,0.0,0.0,8953.1,9392.13,1,1,1,1,8953.1,0.0,0.0,0,1,True,mule,0.22558312442880296,0.0009523420434918039,0.1357308114746785,65.22108843537416,NORMAL
ACC_00738,8,12,1.4444444444444444,0.0005948797629519,0.0004714893617021,0.0210526315789473,17903.74,13215.87,26,29,12,8,688.6053846153847,438.00265141873984,0.0,1,25,False,normal,0.21041561063216646,0.02326851989953297,0.13555677433911306,65.17857142857143,NORMAL
MULE_05_024,1,1,1.0,7.307429080203333e-05,0.0,0.0,8678.54,9025.85,1,1,1,1,8678.54,0.0,0.0,0,1,True,mule,0.22554554637520732,0.0005709934832309473,0.13555572521841677,65.1360544217687,NORMAL
ACC_00141,3,11,3.0,0.0002757969098887,0.0003165957446808,0.0,10312.66,5306.24,21,11,11,3,491.0790476190476,314.26761713394467,0.0,1,21,False,normal,0.2083433381020409,0.026249211066757906,0.1355056872879277,65.09353741496598,NORMAL
ACC_01444,3,3,1.0,0.0001655790126057,0.0,0.0,12492.6,6021.17,23,13,3,3,543.1565217391304,342.30902527884325,0.0434782608695652,1,22,False,normal,0.21480511756369558,0.016530783308502644,0.1354953838616184,65.05102040816327,NORMAL
ACC_01273,7,9,1.25,0.0001658579284252,0.0071914040847652,0.0,9157.68,5315.23,21,10,9,7,436.08,446.6641357328793,0.0476190476190476,1,21,False,normal,0.21013763194823828,0.023125869171544886,0.13533292683756093,65.00850340136054,NORMAL
ACC_00735,8,9,1.1111111111111112,0.0004505269812828,0.0061378723404255,0.0073529411764705,6648.01,10859.64,19,30,9,8,349.8952631578948,386.1849363879726,0.0526315789473684,1,18,False,normal,0.2167688155887141,0.013092027749147068,0.1352981004528873,64.96598639455783,NORMAL
MULE_06_009,1,1,1.0,7.287269427600274e-05,0.0,0.0,8608.13,8838.7,1,1,1,1,8608.13,0.0,0.0,0,1,True,mule,0.2250525683354983,0.000503246025049487,0.13523283941131875,64.9234693877551,NORMAL
ACC_00869,5,5,1.0,0.0002305561268431,0.0002902127659574,0.0444444444444444,9900.93,4813.900000000001,22,11,5,5,450.0422727272728,215.4160016148559,0.0,1,21,False,normal,0.21952287538793044,0.008787318518387596,0.1352286526401133,64.88095238095238,NORMAL
MULE_00_015,1,1,1.0,7.27983292283835e-05,0.0,0.0,9071.23,9224.69,1,1,1,1,9071.23,0.0,0.0,0,1,True,mule,0.2242352637516137,0.0011847279738354116,0.13501504944050238,64.83843537414967,NORMAL
MULE_06_020,1,1,1.0,7.288598606858843e-05,0.0,0.0,8716.08,8926.36,1,1,1,1,8716.08,0.0,0.0,0,1,True,mule,0.22431997977140775,0.0006244611701982852,0.13484177233092395,64.79591836734694,NORMAL
MULE_07_015,1,1,1.0,7.301047254906442e-05,0.0,0.0,8596.99,8886.86,1,1,1,1,8596.99,0.0,0.0,0,1,True,mule,0.22389351308033298,0.0004884090797417912,0.13453147148009648,64.75340136054422,NORMAL
MULE_06_043,1,1,1.0,7.288482610722314e-05,0.0,0.0,8675.66,8918.71,1,1,1,1,8675.66,0.0,0.0,0,1,True,mule,0.22381859828336578,0.0005744831523683586,0.13452095223096683,64.71088435374149,NORMAL
ACC_00645,4,8,1.8,0.0004632395965808,0.0013412765957446,0.0,9522.5,10439.65,19,15,8,4,501.1842105263158,342.5325746280002,0.0,2,19,False,normal,0.21452871649266048,0.014372578262822365,0.13446626120072522,64.66836734693877,NORMAL
MULE_06_007,1,1,1.0,7.288900651700625e-05,0.0,0.0,8687.98,8946.28,1,1,1,1,8687.98,0.0,0.0,0,1,True,mule,0.22366836456383765,0.0005874939605275306,0.1344360163225136,64.62585034013605,NORMAL
ACC_01494,6,12,1.8571428571428568,0.0004393057038724,0.0041947725237709,0.0,9096.66,14318.49,24,33,12,6,379.0275,212.08365991319064,0.0,1,24,False,normal,0.20473157633784128,0.028926252125900845,0.13440944665306512,64.58333333333334,NORMAL
ACC_01862,6,4,0.7142857142857143,0.0006487705862633,0.0006059574468085,0.0,18195.56,14275.03,30,23,4,6,606.5186666666666,427.315231736505,0.0333333333333333,1,30,False,normal,0.2078432763742523,0.023918322588675066,0.1342732948600214,64.54081632653062,NORMAL
ACC_00030,8,13,1.5555555555555556,0.0005971580739001,0.0028765957446808,0.0095238095238095,15488.31,17581.91,32,38,13,8,484.0096875,370.97942392714793,0.0,1,32,False,normal,0.208090645882447,0.023379582006512405,0.13420622033207316,64.49829931972789,NORMAL
MULE_07_019,1,1,1.0,7.302603425229702e-05,0.0,0.0,8701.7,8980.43,1,1,1,1,8701.7,0.0,0.0,0,1,True,mule,0.22312768997568125,0.0006027452477831295,0.13411771208452197,64.45578231292517,NORMAL
ACC_01605,11,5,0.5,0.0008789135680096,0.0008041615145183,0.0166666666666666,13206.37,27409.45,27,56,5,11,489.1248148148149,348.25723520420905,0.0,1,25,False,normal,0.20501181476196306,0.027640933488759657,0.1340634622526817,64.41326530612244,NORMAL
ACC_00613,11,5,0.5,0.0008090523496661,0.0004297872340425,0.0,11091.91,22548.98,21,45,5,11,528.1861904761905,462.77791426856345,0.0476190476190476,1,21,False,normal,0.20876214015541186,0.021735125812438857,0.13395133441822266,64.37074829931973,NORMAL
MULE_07_032,1,1,1.0,7.308715846720649e-05,0.0,0.0,8968.22,9347.96,1,1,1,1,8968.22,0.0,0.0,0,1,True,mule,0.22254040440763545,0.0009827491296239032,0.13391734229643082,64.328231292517,NORMAL
MULE_07_018,1,1,1.0,7.301991068798127e-05,0.0,0.0,8821.91,8943.61,1,1,1,1,8821.91,0.0,0.0,0,1,True,mule,0.2225762281527776,0.0007715962247165544,0.1338543753815532,64.28571428571429,NORMAL
ACC_00137,8,9,1.1111111111111112,0.0002641441946492,0.0085965957446808,0.0147058823529411,18443.68,7964.91,32,12,9,8,576.365,360.6248144003548,0.0,1,31,False,normal,0.2099789317846225,0.019478873819766925,0.13377890859868027,64.24319727891157,NORMAL
ACC_01472,6,9,1.4285714285714286,0.0003619198286118,0.0068629787234042,0.0,8268.21,14729.71,16,30,9,6,516.763125,449.1833293688855,0.0,1,16,False,normal,0.1979766182605479,0.037275120284867756,0.13369601907027584,64.20068027210884,NORMAL
MULE_05_005,1,1,1.0,7.304984811256755e-05,0.0,0.0,8638.82,8882.76,1,1,1,1,8638.82,0.0,0.0,0,1,True,mule,0.2222712177057948,0.0005347568877596229,0.13357663337858072,64.15816326530613,NORMAL
MULE_07_034,1,1,1.0,7.301939845066209e-05,0.0,0.0,8644.49,8940.53,1,1,1,1,8644.49,0.0,0.0,0,1,True,mule,0.22196073878125702,0.000536758908788741,0.1333911468322697,64.1156462585034,NORMAL
MULE_06_015,1,1,1.0,7.287871849365536e-05,0.0,0.0,8773.49,8878.43,1,1,1,1,8773.49,0.0,0.0,0,1,True,mule,0.22176781683228586,0.0007055645316471189,0.13334291591203037,64.07312925170068,NORMAL
ACC_00506,11,6,0.5833333333333334,0.0010695716143054,0.0023208510638297,0.0,9701.15,24072.55,22,53,6,11,440.9613636363636,328.4981215180828,0.0,1,22,False,normal,0.20063248739265163,0.03236040762794579,0.13332365548676928,64.03061224489795,NORMAL
MULE_06_024,1,1,1.0,7.287610895965582e-05,0.0,0.0,8670.66,8861.22,1,1,1,1,8670.66,0.0,0.0,0,1,True,mule,0.2216992245708725,0.0005727889109253802,0.13324865030689365,63.988095238095234,NORMAL
ACC_00452,9,5,0.6,0.0005676399465901,0.0003106382978723,0.0,5475.39,14129.48,13,29,5,9,421.18384615384616,246.7593274676921,0.0,1,13,False,normal,0.21064121943265088,0.01714421816909522,0.1332424189272286,63.94557823129252,NORMAL
ACC_01515,7,13,1.75,0.0003930510348175,0.0037795744680851,0.0052631578947368,13346.01,15254.98,30,32,13,7,444.867,304.09711137375524,0.0333333333333333,1,29,False,normal,0.2071874507408594,0.022184307078759274,0.13318619327601933,63.9030612244898,NORMAL
MULE_06_039,1,1,1.0,7.288337501829952e-05,0.0,0.0,8806.93,8909.14,1,1,1,1,8806.93,0.0,0.0,0,1,True,mule,0.2214594276589862,0.0007513143283424901,0.1331761823267287,63.86054421768708,NORMAL
MULE_05_026,1,1,1.0,7.308249530531826e-05,0.0,0.0,8714.76,9073.88,1,1,1,1,8714.76,0.0,0.0,0,1,True,mule,0.22149638701068083,0.0006128405644817614,0.1331429684322012,63.81802721088435,NORMAL
MULE_05_037,1,1,1.0,7.308232960954092e-05,0.0,0.0,8644.03,9072.91,1,1,1,1,8644.03,0.0,0.0,0,1,True,mule,0.2215473825548084,0.0005269931217679131,0.1331392267815922,63.775510204081634,NORMAL
ACC_00043,10,4,0.4545454545454545,0.0006006559110845,0.0001753191489361,0.0,18252.59,17153.7,28,32,4,10,651.8782142857143,478.569133626121,0.0,1,27,False,normal,0.20792896769818947,0.02087245660189211,0.1331063632596705,63.73299319727891,NORMAL
MULE_06_000,1,1,1.0,7.290106556633708e-05,0.0,0.0,8617.7,9025.81,1,1,1,1,8617.7,0.0,0.0,0,1,True,mule,0.22137623953958147,0.0005000030185899164,0.13302574493118483,63.69047619047619,NORMAL
ACC_01681,5,8,1.5,0.0001478699046573,0.0056188973692064,0.0256410256410256,13450.74,2566.04,28,7,8,5,480.3835714285714,383.83742646743406,0.0,1,27,False,normal,0.21290385482145127,0.013107551665257405,0.1329853335589737,63.64795918367348,NORMAL
ACC_00806,5,11,2.0,0.0002292103288222,0.0008697872340425,0.0083333333333333,19452.81,4762.16,28,12,11,5,694.7432142857143,442.684469270981,0.0,1,27,False,normal,0.21176297110858686,0.014797372822739345,0.13297673179424785,63.60544217687075,NORMAL
ACC_01100,8,6,0.7777777777777778,0.0007563797621517,0.0020355604826674,0.0,8219.01,16168.18,16,34,6,8,513.688125,371.6500813797615,0.0625,1,15,False,normal,0.206737341792967,0.022156294667878478,0.13290492294293157,63.56292517006803,NORMAL
ACC_00769,10,9,0.9090909090909092,0.0008607713854823,0.0013259574468085,0.0058479532163742,17665.15,22935.42,33,44,9,10,535.3075757575758,390.4929003838475,0.0303030303030303,1,33,False,normal,0.2116936092406535,0.014178245124828695,0.13268746359432357,63.52040816326531,NORMAL
MULE_05_009,1,1,1.0,7.310832334813904e-05,0.0,0.0,8992.84,9225.08,1,1,1,1,8992.84,0.0,0.0,0,1,True,mule,0.22045171145952214,0.0010361716960061089,0.1326854955541157,63.47789115646258,NORMAL
ACC_00287,4,9,2.0,0.0004052884664555,9.53191489361702e-05,0.0128205128205128,12015.29,10897.8,26,17,9,4,462.1265384615385,334.5439960536409,0.0,2,25,False,normal,0.21500148862729096,0.008737382322616932,0.13249584610542134,63.435374149659864,NORMAL
MULE_01_002,1,1,1.0,7.27961939562446e-05,0.0,0.0,8834.48,8935.4,1,1,1,1,8834.48,0.0,0.0,0,1,True,mule,0.22024577210605836,0.0007901305579664046,0.1324635154868216,63.39285714285714,NORMAL
MULE_05_027,1,1,1.0,7.306409794942013e-05,0.0,0.0,8792.55,8966.18,1,1,1,1,8792.55,0.0,0.0,0,1,True,mule,0.2202575478026477,0.0007268457890553639,0.13244526699721076,63.35034013605442,NORMAL
ACC_00702,11,5,0.5,0.0008957751608803,0.0016187234042553,0.0166666666666666,15157.36,17870.95,23,39,5,11,659.015652173913,479.73925015978574,0.0,1,23,False,normal,0.20452272205165029,0.023959350612454258,0.13229737347597187,63.30782312925171,NORMAL
ACC_00683,8,9,1.1111111111111112,0.0008748249700434,0.0012468085106382,0.0,16876.73,14636.83,32,26,9,8,527.3978125,315.6284068917055,0.0,2,32,False,normal,0.2060317305450019,0.021148056583331052,0.13207826096033357,63.26530612244898,NORMAL
MULE_06_042,1,1,1.0,7.291943692830015e-05,0.0,0.0,8731.43,9146.97,1,1,1,1,8731.43,0.0,0.0,0,1,True,mule,0.21968152440180258,0.000628575563095081,0.13206034486631957,63.22278911564626,NORMAL
MULE_05_029,1,1,1.0,7.312251168965157e-05,0.0,0.0,8910.79,9308.14,1,1,1,1,8910.79,0.0,0.0,0,1,True,mule,0.21942395152345437,0.0008864041037550936,0.13200893255557467,63.18027210884354,NORMAL
MULE_06_005,1,1,1.0,7.291694263229246e-05,0.0,0.0,8736.7,9130.52,1,1,1,1,8736.7,0.0,0.0,0,1,True,mule,0.2194943314437,0.000636681656637722,0.1319512715288751,63.13775510204081,NORMAL
ACC_01853,4,5,1.2,0.0001711583424398,0.0004697872340425,0.0,8309.720000000001,3890.27,14,8,5,4,593.5514285714287,473.5154128408095,0.0,1,14,False,normal,0.19472085611855053,0.037771677524673954,0.1319411846809999,63.095238095238095,NORMAL
ACC_01547,8,7,0.8888888888888888,0.0006134340894272,0.0002510638297872,0.019047619047619,15149.15,15454.16,29,22,7,8,522.3844827586207,252.8227857411224,0.0344827586206896,2,27,False,normal,0.21165456529058785,0.012107772776396663,0.13183584828491135,63.05272108843537,NORMAL
ACC_00893,13,9,0.7142857142857143,0.0005518123846988,0.0068595744680851,0.0086580086580086,16136.54,19610.64,29,41,9,13,556.4324137931035,375.2720797506712,0.0,1,29,False,normal,0.21243443527791778,0.010596186907336876,0.13169913592968543,63.01020408163265,NORMAL
ACC_01581,9,4,0.5,0.0004190641783509,0.0006161702127659,0.0256410256410256,9114.99,12038.27,16,20,4,9,569.686875,430.8476029056948,0.0,1,16,False,normal,0.20441139112639842,0.022470926884359452,0.13163520542958282,62.96768707482994,NORMAL
ACC_00344,8,11,1.3333333333333333,0.000448580433924,0.0003710638297872,0.0058479532163742,7698.07,14316.54,20,33,11,8,384.9035,191.55922432487395,0.0,1,20,False,normal,0.19250046369757856,0.039777426796870505,0.13141124893729533,62.925170068027214,NORMAL
MULE_01_037,1,1,1.0,7.28087568723828e-05,0.0,0.0,8654.09,9024.23,1,1,1,1,8654.09,0.0,0.0,0,1,True,mule,0.2186567688322461,0.0005407449127216793,0.13141035926443634,62.88265306122449,NORMAL
MULE_01_027,1,1,1.0,7.284679352999138e-05,0.0,0.0,9035.46,9293.18,1,1,1,1,9035.46,0.0,0.0,0,1,True,mule,0.21825737721228852,0.0011099673537744781,0.1313984132688829,62.84013605442177,NORMAL
ACC_00028,4,7,1.6,0.000245682625804,0.0003191489361702,0.0,16539.5,3108.37,35,5,7,4,472.5571428571429,341.36392170898466,0.0,1,35,False,normal,0.20187519120946207,0.025362761371412728,0.13127021927424232,62.797619047619044,NORMAL
MULE_05_032,1,1,1.0,7.31174366158936e-05,0.0,0.0,8879.31,9278.43,1,1,1,1,8879.31,0.0,0.0,0,1,True,mule,0.2181728928828707,0.0008367852173490143,0.13123844981666202,62.755102040816325,NORMAL
MULE_01_043,1,1,1.0,7.280093881537369e-05,0.0,0.0,8763.25,8968.95,1,1,1,1,8763.25,0.0,0.0,0,1,True,mule,0.21817213421639858,0.0006838966706642479,0.13117683919810486,62.7125850340136,NORMAL
ACC_01120,3,10,2.75,0.0003323925246675,0.0001671427962307,0.0,8455.56,7706.84,18,15,10,3,469.7533333333333,290.0775085670562,0.0,1,18,False,normal,0.20103158231503654,0.026374062150192685,0.131168574249099,62.67006802721088,NORMAL
MULE_00_038,1,1,1.0,7.280379892851619e-05,0.0,0.0,9040.57,9264.55,1,1,1,1,9040.57,0.0,0.0,0,1,True,mule,0.21775333059769583,0.0011216572695703102,0.13110066126644562,62.62755102040817,NORMAL
ACC_01452,14,11,0.8,0.0005917139325381,0.0025753191489361,0.0066666666666666,12793.01,22295.83,25,41,11,14,511.7204,290.8984651254339,0.0,1,25,False,normal,0.2008424611439235,0.02620474224131736,0.13098737358288104,62.585034013605444,NORMAL
ACC_01499,7,6,0.875,0.0002950989367153,0.0014791489361702,0.0384615384615384,15580.54,5928.69,34,16,6,7,458.2511764705882,328.2415345236687,0.0,1,33,False,normal,0.20421658355745753,0.02101694896075539,0.13093672971877668,62.542517006802726,NORMAL
ACC_01624,7,3,0.5,0.0002881508830048,9.617021276595744e-05,0.0,15470.36,7057.89,25,11,3,7,618.8144,502.8263232144209,0.0,1,23,False,normal,0.19238549216356873,0.03855963176471188,0.13085514800402598,62.5,NORMAL
ACC_01768,4,5,1.2,0.0001094021578013,0.0029455319148936,0.0,8155.96,1225.15,19,4,5,4,429.2610526315789,337.8134603412352,0.0,1,19,False,normal,0.20558969352260692,0.018645060185594604,0.13081184018780198,62.457482993197274,NORMAL
ACC_01612,10,9,0.9090909090909092,0.0004383206117946,0.004515744680851,0.023391812865497,15921.9,19277.85,27,27,9,10,589.6999999999999,536.5470641052843,0.0,1,26,False,normal,0.20558748589366546,0.018577910668458524,0.13078365580358267,62.414965986394556,NORMAL
ACC_01836,13,7,0.5714285714285714,0.000665862104412,0.0047480851063829,0.0052631578947368,14669.42,21314.56,31,49,7,13,473.20709677419353,328.1627292588597,0.0,1,29,False,normal,0.20301911134531753,0.0220544032557821,0.13063322810950337,62.37244897959183,NORMAL
ACC_00944,10,10,1.0,0.000364406906347,0.0044864196478062,0.0105263157894736,19416.56,17214.920000000002,30,37,10,10,647.2186666666668,469.24457778164174,0.0,1,29,False,normal,0.20833778340399534,0.013928817827435871,0.13057419717337154,62.32993197278912,NORMAL
ACC_00581,12,7,0.6153846153846154,0.0009599239263584,0.004211914893617,0.0175438596491228,9965.92,22275.55,22,42,7,12,452.9963636363637,298.2837840290997,0.0,1,21,False,normal,0.20845396168553698,0.013599127300021595,0.13051202793133082,62.2874149659864,NORMAL
MULE_05_015,1,1,1.0,7.308147892400356e-05,0.0,0.0,8742.46,9067.93,1,1,1,1,8742.46,0.0,0.0,0,1,True,mule,0.21706877524803997,0.0006496342769171044,0.13050111885959081,62.244897959183675,NORMAL
ACC_01628,7,12,1.625,0.0003113523183842,0.0013429787234042,0.0350877192982456,13070.07,9739.43,29,18,12,7,450.6920689655173,414.1878557609484,0.0,1,29,False,normal,0.20292138773128168,0.021818627979629166,0.13048028383062066,62.202380952380956,NORMAL
MULE_00_028,1,1,1.0,7.277220338271718e-05,0.0,0.0,8790.19,9034.3,1,1,1,1,8790.19,0.0,0.0,0,1,True,mule,0.2168622011077709,0.0007168452503608496,0.13040405876480687,62.15986394557823,NORMAL
ACC_00114,11,10,0.9166666666666666,0.0008856235554936,0.0026382978723404,0.0047619047619047,12821.49,26471.18,31,49,10,11,413.5964516129032,281.8494782745853,0.0,1,31,False,normal,0.20182422276747036,0.023267765022156453,0.1304016396693448,62.11734693877551,NORMAL
MULE_07_006,1,1,1.0,7.304962211560236e-05,0.0,0.0,9003.19,9122.26,1,1,1,1,9003.19,0.0,0.0,0,1,True,mule,0.21660480619173733,0.0010626917155603607,0.13038796040126654,62.074829931972786,NORMAL
ACC_01634,7,8,1.125,0.0004284834139668,0.0024331914893617,0.0095238095238095,20681.43,12231.89,33,23,8,7,626.71,516.6378107412387,0.0,1,33,False,normal,0.20713909817609077,0.015246870709459102,0.1303822071894381,62.03231292517006,NORMAL
ACC_01897,12,5,0.4615384615384615,0.0005803733274155,5.106382978723405e-05,0.0073529411764705,13091.11,13665.95,20,29,5,12,654.5555,385.45360421845845,0.05,1,20,False,normal,0.20408661850079096,0.019736766425576105,0.130346677670705,61.98979591836735,NORMAL
ACC_01165,12,5,0.4615384615384615,0.0009815722691231,0.0008595744680851,0.0073529411764705,15400.67,22503.68,28,47,5,12,550.0239285714285,385.4816137070832,0.0,1,27,False,normal,0.20366862720288423,0.020349048462779882,0.13034079570684248,61.94727891156463,NORMAL
ACC_01877,4,8,1.8,0.0003188028374921,9.551016927471966e-05,0.0,15276.71,8030.82,30,12,8,4,509.2236666666667,363.3770755724819,0.0,2,29,False,normal,0.21196405299244825,0.00790160471138617,0.13033907368002343,61.904761904761905,NORMAL
ACC_01720,6,11,1.7142857142857142,0.0001609771125384,0.0006987234042553,0.0147058823529411,10107.76,4841.99,17,10,11,6,594.5741176470589,362.3137860691135,0.0,1,16,False,normal,0.19157464706963728,0.038392974038341236,0.13030197785711886,61.86224489795919,NORMAL
ACC_00510,5,11,2.0,0.0003049800629448,0.0019784249349763,0.0,8347.99,11600.41,17,20,11,5,491.0582352941177,347.55512658489323,0.0588235294117647,1,17,False,normal,0.19839669442160746,0.02806973826851053,0.13026591196036869,61.81972789115646,NORMAL
ACC_01684,6,13,2.0,0.0002128381620248,0.0063097872340425,0.0058479532163742,11848.11,7901.6,26,16,13,6,455.69653846153847,293.5799364935187,0.0,1,25,False,normal,0.20770259832368443,0.013973348338948248,0.13021089832978994,61.77721088435374,NORMAL
ACC_00474,7,10,1.375,0.0006172754393873,0.0059727659574468,0.0,9971.19,14817.8,18,25,10,7,553.955,342.88906290776424,0.0555555555555555,1,18,False,normal,0.205864135283465,0.0165856949096115,0.1301527591339236,61.73469387755102,NORMAL
MULE_00_012,1,1,1.0,7.279490963662971e-05,0.0,0.0,9023.15,9199.77,1,1,1,1,9023.15,0.0,0.0,0,1,True,mule,0.21617614441980024,0.0010930259062514036,0.1301428970143807,61.69217687074829,NORMAL
ACC_01939,15,8,0.5625,0.000657612931066,0.0004910638297872,0.0039525691699604,13207.72,18977.56,30,36,8,15,440.25733333333335,321.7159915947855,0.0,1,29,False,normal,0.1975508610618515,0.029021530191591247,0.1301391287137474,61.64965986394558,NORMAL
ACC_01234,4,8,1.8,0.0003449530643103,0.000562827783226,0.0,9744.93,8889.59,20,15,8,4,487.2465,376.1994894548006,0.0,2,20,False,normal,0.20946452643396243,0.011049722315410593,0.1300986047865417,61.60714285714286,NORMAL
ACC_01702,9,7,0.8,0.0006519855925689,0.0025386944100967,0.0,8855.52,16320.03,20,29,7,9,442.776,317.9702376075638,0.05,2,20,False,normal,0.2117384687463041,0.007576870789184781,0.13007382956345634,61.564625850340136,NORMAL
MULE_06_026,1,1,1.0,7.293878326432579e-05,0.0,0.0,8815.43,9274.56,1,1,1,1,8815.43,0.0,0.0,0,1,True,mule,0.2162736868570591,0.0007374481639745462,0.1300591913798253,61.52210884353742,NORMAL
ACC_00328,8,7,0.8888888888888888,0.0007757378402704,0.000783829787234,0.019047619047619,10923.53,23389.78,20,50,7,8,546.1764999999999,375.2747696411398,0.05,1,20,False,normal,0.19740377364383666,0.028947463337040232,0.1300212495211181,61.47959183673469,NORMAL
ACC_00267,5,7,1.3333333333333333,0.0002845920338558,0.0029685106382978,0.0,9758.59,5085.14,23,11,7,5,424.2865217391304,232.90965963434863,0.0,2,23,False,normal,0.20911008450686713,0.011072139068760896,0.12989490633162465,61.43707482993197,NORMAL
MULE_01_031,1,1,1.0,7.285011280998421e-05,0.0,0.0,8963.86,9316.65,1,1,1,1,8963.86,0.0,0.0,0,1,True,mule,0.2158017080556891,0.000975962080592744,0.12987140966565056,61.39455782312925,NORMAL
MULE_00_047,1,1,1.0,7.279900162002049e-05,0.0,0.0,9017.29,9229.59,1,1,1,1,9017.29,0.0,0.0,0,1,True,mule,0.21525034305040983,0.0010797604761938768,0.12958211002072345,61.35204081632652,NORMAL
ACC_00226,9,7,0.8,0.0005619290943717,7.48936170212766e-05,0.0,14327.9,16912.45,19,30,7,9,754.1,573.6937799228978,0.0,1,19,False,normal,0.19192920205788852,0.03603124651180626,0.1295700198394556,61.30952380952381,NORMAL
ACC_00454,9,6,0.7,0.0006685555590901,1.279154052786424e-05,0.0095238095238095,11539.84,15425.19,21,29,6,9,549.5161904761904,347.1603251881786,0.0476190476190476,2,21,False,normal,0.21160313333707606,0.006110100684257932,0.1294059202759488,61.26700680272109,NORMAL
MULE_06_027,1,1,1.0,7.291536720764079e-05,0.0,0.0,9016.4,9120.13,1,1,1,1,9016.4,0.0,0.0,0,1,True,mule,0.2149140251584894,0.0010868961337191702,0.1293831735485813,61.224489795918366,NORMAL
ACC_00897,5,10,1.8333333333333333,0.0001881886524105,0.0029906382978723,0.0,8385.12,5334.94,20,15,10,5,419.256,230.8178638621689,0.05,1,20,False,normal,0.20599510076406607,0.014241284160514291,0.12929357412264536,61.18197278911565,NORMAL
ACC_01124,4,8,1.8,0.0002469684444844,0.0009021276595744,0.0,6207.6900000000005,6903.93,14,10,8,4,443.4064285714286,279.1913735334502,0.0,1,14,False,normal,0.2016898266547519,0.020650347208045646,0.1292740348760694,61.13945578231292,NORMAL
ACC_00315,11,7,0.6666666666666666,0.0005114612114954,0.000931914893617,0.0065359477124183,12747.0,18200.83,27,31,7,11,472.1111111111111,251.86960970881697,0.037037037037037,2,27,False,normal,0.20540457810912605,0.014980946697795674,0.1292351255445939,61.0969387755102,NORMAL
ACC_00251,8,8,1.0,0.0006588083353243,0.003258005372447,0.0166666666666666,6752.9400000000005,21190.22,18,42,8,8,375.16333333333336,231.46171127906945,0.0,1,18,False,normal,0.2005399664715023,0.02207520611710737,0.12915406232974433,61.05442176870748,NORMAL
MULE_07_038,1,1,1.0,7.307027126675509e-05,0.0,0.0,9003.89,9246.42,1,1,1,1,9003.89,0.0,0.0,0,1,True,mule,0.21441186628323125,0.0010548390220478036,0.12906905537875787,61.011904761904766,NORMAL
ACC_01613,6,10,1.5714285714285714,0.0001816331610059,0.0010553191489361,0.0166666666666666,14339.16,5042.42,28,10,10,6,512.1128571428571,335.58656324199194,0.0,2,28,False,normal,0.20559224182371372,0.014073063168492416,0.1289845703616252,60.96938775510205,NORMAL
ACC_00243,8,10,1.2222222222222223,0.0006880933887265,0.0025097872340425,0.0130718954248366,12038.56,16076.27,23,30,10,8,523.415652173913,368.4125219200752,0.0434782608695652,2,23,False,normal,0.2086342754231689,0.009415011158958365,0.1289465697174847,60.92687074829932,NORMAL
ACC_00533,10,10,1.0,0.000696307553095,0.0013565957446808,0.0157894736842105,17489.28,15198.98,36,28,10,10,485.8133333333333,264.4191025301635,0.0,1,35,False,normal,0.19535577019159422,0.029281799695472528,0.12892618199314554,60.8843537414966,NORMAL
ACC_00955,5,6,1.1666666666666667,0.0005139898678946,0.0039489361702127,0.0363636363636363,9158.19,8935.66,21,15,6,5,436.10428571428577,260.97289220475426,0.0,1,20,False,normal,0.20753002439453763,0.010785958508068086,0.1288323980399498,60.84183673469388,NORMAL
ACC_01703,4,10,2.2,0.0003072510211089,0.0030672340425531,0.0219780219780219,11882.38,11081.95,23,17,10,4,516.6252173913043,253.0820573157605,0.0434782608695652,1,22,False,normal,0.2047856393211348,0.014895509180204486,0.12882958726476268,60.79931972789115,NORMAL
MULE_01_036,1,1,1.0,7.285021463706537e-05,0.0,0.0,8891.03,9317.37,1,1,1,1,8891.03,0.0,0.0,0,1,True,mule,0.2141063801988377,0.0008517949243736293,0.1288045460890521,60.756802721088434,NORMAL
MULE_01_024,1,1,1.0,7.282922835849115e-05,0.0,0.0,8979.21,9168.98,1,1,1,1,8979.21,0.0,0.0,0,1,True,mule,0.21375842798857128,0.0010140132951221776,0.12866066211119162,60.71428571428571,NORMAL
ACC_00176,9,6,0.7,0.000639473201593,0.006236302392018,0.0,14513.31,19235.41,28,39,6,9,518.3325,366.3446256436185,0.0714285714285714,1,28,False,normal,0.19853235300404132,0.023646997903918988,0.12857821096399238,60.671768707483,NORMAL
MULE_07_028,1,1,1.0,7.30409822686115e-05,0.0,0.0,8740.76,9070.31,1,1,1,1,8740.76,0.0,0.0,0,1,True,mule,0.21384160766047397,0.0006469864640096195,0.12856375918188823,60.62925170068028,NORMAL
ACC_01080,5,12,2.1666666666666665,0.0001974642780895,0.0017931914893617,0.0147058823529411,11314.81,3877.1,26,9,12,5,435.185,245.9268696706401,0.0,1,25,False,normal,0.19429592961494677,0.02980064628825851,0.12849781628427145,60.58673469387755,NORMAL
MULE_06_021,1,1,1.0,7.28972627126062e-05,0.0,0.0,8798.28,9000.73,1,1,1,1,8798.28,0.0,0.0,0,1,True,mule,0.21366253402132684,0.0007316728326009069,0.12849018954583646,60.544217687074834,NORMAL
ACC_01275,5,12,2.1666666666666665,0.0002791213825868,0.0004920479256385,0.0,16329.14,8145.16,29,18,12,5,563.0737931034482,473.9904979488648,0.0344827586206896,1,29,False,normal,0.20100739477531712,0.019695613227129326,0.128482682156042,60.50170068027211,NORMAL
ACC_00130,9,12,1.3,0.0009805367267923,0.0040502127659574,0.0095238095238095,15375.66,20615.32,29,42,12,9,530.1951724137931,320.5653513673782,0.0,1,29,False,normal,0.19181540607377723,0.03341805498348603,0.12845646563766075,60.45918367346938,NORMAL
ACC_01331,10,6,0.6363636363636364,0.000353737692413,0.0097072340425531,0.0,9117.36,9110.91,19,18,6,10,479.8610526315789,348.1110740824405,0.0,1,19,False,normal,0.19415889296909797,0.029770728897618285,0.1284036273405061,60.416666666666664,NORMAL
ACC_00590,8,7,0.8888888888888888,0.0002554290069504,0.0013974468085106,0.0,12533.36,8289.45,23,17,7,8,544.9286956521739,474.978508004734,0.0434782608695652,2,23,False,normal,0.20003035616845358,0.020849534995639206,0.12835802769932783,60.37414965986394,NORMAL
MULE_01_001,1,1,1.0,7.28099929400069e-05,0.0,0.0,8811.6,9032.97,1,1,1,1,8811.6,0.0,0.0,0,1,True,mule,0.21325030790307198,0.0007483428130795619,0.12824952186707503,60.33163265306123,NORMAL
ACC_01125,6,8,1.2857142857142858,0.0004370333394477,0.001091544791711,0.0109890109890109,15352.04,13186.82,28,24,8,6,548.2871428571428,531.2754533291115,0.0,2,28,False,normal,0.2047377707586251,0.01347872161818098,0.12823415110244746,60.28911564625851,NORMAL
ACC_01432,11,7,0.6666666666666666,0.0005241000386418,0.0011055319148936,0.0196078431372549,7083.26,17722.88,19,37,7,11,372.8031578947368,183.88331007137927,0.0,1,19,False,normal,0.19959195856524045,0.02118112848677277,0.1282276265338534,60.24659863945578,NORMAL
MULE_00_039,1,1,1.0,7.279306536242541e-05,0.0,0.0,8984.74,9186.33,1,1,1,1,8984.74,0.0,0.0,0,1,True,mule,0.21295645253540474,0.0010225851683574217,0.1281829055885858,60.204081632653065,NORMAL
ACC_00884,13,8,0.6428571428571429,0.0006863290931016,0.0005338336246962,0.0047619047619047,15586.93,17991.93,33,36,8,13,472.3312121212121,269.4679924146555,0.0,1,33,False,normal,0.19576638202299754,0.026804424313897245,0.12818159893935743,60.16156462585034,NORMAL
ACC_01419,10,7,0.7272727272727273,0.0005999563474303,0.0013931914893617,0.0,9053.9,15742.42,19,31,7,10,476.5210526315789,471.4333287361797,0.0,2,19,False,normal,0.19898076733419137,0.021823902834143045,0.12811802153417204,60.11904761904761,NORMAL
ACC_01304,6,8,1.2857142857142858,0.000131681565023,0.0056263829787234,0.0109890109890109,9731.44,1996.18,21,6,8,6,463.4019047619048,327.45416390113365,0.0476190476190476,1,21,False,normal,0.20595080186031103,0.011274172600378196,0.1280801501563379,60.076530612244895,NORMAL
ACC_00846,9,6,0.7,0.0005063609950214,0.0001659574468085,0.019047619047619,9910.0,19204.66,14,37,6,9,707.8571428571429,365.45269466425145,0.0,1,14,False,normal,0.19980515281271471,0.020484463264667675,0.1280768769934959,60.03401360544217,NORMAL
MULE_00_013,1,1,1.0,7.279568906203747e-05,0.0,0.0,8978.18,9205.45,1,1,1,1,8978.18,0.0,0.0,0,1,True,mule,0.21264762920694,0.0010092882424165672,0.12799229282113062,59.99149659863946,NORMAL
ACC_00073,7,5,0.75,0.0002766435109391,0.0042280851063829,0.0303030303030303,14489.01,9922.4,29,17,5,7,499.6210344827586,357.77924791437704,0.0344827586206896,1,29,False,normal,0.1990411195829261,0.020383076958323382,0.127577902533085,59.94897959183674,NORMAL
MULE_06_004,1,1,1.0,7.29026925448272e-05,0.0,0.0,8917.39,9036.54,1,1,1,1,8917.39,0.0,0.0,0,1,True,mule,0.21192594952924299,0.0009161966734927547,0.1275220483869429,59.906462585034014,NORMAL
MULE_01_023,1,1,1.0,7.284546836367126e-05,0.0,0.0,8976.68,9283.81,1,1,1,1,8976.68,0.0,0.0,0,1,True,mule,0.2118663253269243,0.0010011912245525448,0.1275202716859756,59.863945578231295,NORMAL
MULE_06_017,1,1,1.0,7.289368426970154e-05,0.0,0.0,8885.12,8977.13,1,1,1,1,8885.12,0.0,0.0,0,1,True,mule,0.21169652654909624,0.000867231885554661,0.1273648086836796,59.82142857142857,NORMAL
ACC_01366,9,9,1.0,0.0004866801672568,0.0101455319148936,0.0196078431372549,12614.47,21647.24,26,39,9,9,485.1719230769231,393.9359431280089,0.0,1,25,False,normal,0.1983044367205997,0.020729916673265843,0.12727462870166614,59.778911564625844,NORMAL
ACC_00119,8,6,0.7777777777777778,0.0002687967846424,0.0006842553191489,0.0109890109890109,7933.9,8465.73,19,13,6,8,417.5736842105263,315.6576407053574,0.0,2,19,False,normal,0.20085906260731431,0.016568439930051405,0.12714281353640913,59.736394557823125,NORMAL
ACC_01594,12,6,0.5384615384615384,0.0005986626371397,0.0001463829787234,0.0130718954248366,16415.8,25241.84,27,45,6,12,607.9925925925926,382.67679078376096,0.0,1,25,False,normal,0.20224006625330423,0.014436792048504992,0.12711875657138452,59.693877551020414,NORMAL
MULE_05_035,1,1,1.0,7.308249530531826e-05,0.0,0.0,8938.67,9073.88,1,1,1,1,8938.67,0.0,0.0,0,1,True,mule,0.21119229916645652,0.0009506765714171941,0.1270956501284408,59.65136054421769,NORMAL
ACC_01811,5,11,2.0,0.0004232113001495,0.0002953191489361,0.0166666666666666,17290.35,11906.28,27,21,11,5,640.3833333333333,413.963395130164,0.037037037037037,1,26,False,normal,0.20112772085601696,0.015776464693053566,0.1269872183908316,59.60884353741497,NORMAL
MULE_00_031,1,1,1.0,7.278798811945229e-05,0.0,0.0,8845.26,9149.33,1,1,1,1,8845.26,0.0,0.0,0,1,True,mule,0.21099412325896402,0.0007905711490047704,0.12691270241498032,59.566326530612244,NORMAL
ACC_00545,4,7,1.6,0.0001191175313374,0.0042723404255319,0.0181818181818181,16077.02,2302.09,27,9,7,4,595.4451851851852,389.728216901218,0.0,1,26,False,normal,0.20257603148272765,0.013157604106918535,0.126808660532404,59.523809523809526,NORMAL
MULE_05_016,1,1,1.0,7.309020613767891e-05,0.0,0.0,8855.87,9119.02,1,1,1,1,8855.87,0.0,0.0,0,1,True,mule,0.2106594866501459,0.00081078124308369,0.126720004487321,59.4812925170068,NORMAL
MULE_05_021,1,1,1.0,7.30826285452217e-05,0.0,0.0,8852.36,9074.66,1,1,1,1,8852.36,0.0,0.0,0,1,True,mule,0.21045833824124346,0.0008085390342760632,0.12659841855845652,59.43877551020408,NORMAL
ACC_00237,3,8,2.25,0.0002054536616289,0.0002051063829787,0.0222222222222222,13218.23,5929.33,29,13,8,3,455.8010344827586,311.3497107221216,0.0344827586206896,1,29,False,normal,0.20283636337136077,0.012068613954620042,0.1265292636046645,59.396258503401356,NORMAL
ACC_01866,11,11,1.0,0.000572444566746,0.0052138319191574,0.0086580086580086,14733.54,15191.05,34,26,11,11,433.3394117647059,252.6345648505352,0.0,1,33,False,normal,0.19824710868140075,0.018784501328878083,0.12646206574039168,59.353741496598644,NORMAL
ACC_01654,15,9,0.625,0.0007153003554933,0.0019523404255319,0.0036231884057971,13244.74,17942.95,25,41,9,15,529.7896,334.0419258052298,0.0,1,25,False,normal,0.19504555091340156,0.02342247916470612,0.12639632221392338,59.31122448979592,NORMAL
ACC_00001,6,6,1.0,0.0003232903329004,0.0016110638297872,0.0,8678.050000000001,11889.94,14,23,6,6,619.8607142857144,521.470303018513,0.0,1,13,False,normal,0.1793588285472792,0.04670963422336635,0.12629915081771406,59.2687074829932,NORMAL
ACC_01951,4,10,2.2,0.0004188369270141,0.0020978723404255,0.0219780219780219,12645.08,13529.39,23,28,10,4,549.7860869565218,332.73242171640686,0.0434782608695652,1,23,False,normal,0.19776276005180873,0.019085500386080825,0.12629185618551755,59.226190476190474,NORMAL
ACC_00182,12,7,0.6153846153846154,0.0005534307932338,0.0021914893617021,0.0116959064327485,7791.14,16701.23,17,32,7,12,458.3023529411765,328.4930165834848,0.0588235294117647,1,17,False,normal,0.1999253006779166,0.015773902419310176,0.12626474137447402,59.183673469387756,NORMAL
ACC_00125,9,11,1.2,0.0005335461403426,0.0041888031381912,0.0157894736842105,8301.64,17201.24,20,32,11,9,415.082,202.63115837194903,0.0,1,20,False,normal,0.19692784498187743,0.019958590848518868,0.126140143328534,59.14115646258503,NORMAL
MULE_07_020,1,1,1.0,7.303022528490856e-05,0.0,0.0,8861.48,9005.63,1,1,1,1,8861.48,0.0,0.0,0,1,True,mule,0.20967779791063065,0.0008278184403724496,0.12613780612252737,59.09863945578231,NORMAL
ACC_00907,3,7,2.0,0.0002358108380366,3.1489361702127664e-05,0.0,15867.3,4235.63,23,8,7,3,689.8826086956522,343.8264219078811,0.0434782608695652,1,23,False,normal,0.20585272057083934,0.0063473785812382544,0.1260505837749989,59.056122448979586,NORMAL
ACC_00928,8,9,1.1111111111111112,0.0005149177911777,0.0011863829787234,0.0073529411764705,6042.58,18892.95,21,40,9,8,287.7419047619048,174.82366014413063,0.0,1,21,False,normal,0.19017423338869974,0.029826629345934573,0.12603519177159367,59.013605442176875,NORMAL
ACC_00503,5,5,1.0,0.0001710648306146,0.0007257067326141,0.0,12516.55,4029.25,24,7,5,5,521.5229166666667,316.71925706447183,0.0,2,24,False,normal,0.1991745598728737,0.016299891161183078,0.12602469238819744,58.971088435374156,NORMAL
ACC_01227,9,5,0.6,0.0004824836475269,0.0002561702127659,0.0,13105.77,16647.15,18,37,5,9,728.0983333333334,481.2220565607817,0.0,1,18,False,normal,0.19114569649590282,0.02821402051434759,0.12597302610328073,58.92857142857143,NORMAL
MULE_05_033,1,1,1.0,7.308896598165459e-05,0.0,0.0,8887.27,9111.76,1,1,1,1,8887.27,0.0,0.0,0,1,True,mule,0.20923997827046614,0.0008614706605744586,0.12588857522650945,58.886054421768705,NORMAL
MULE_07_022,1,1,1.0,7.30460564116662e-05,0.0,0.0,8848.76,9100.82,1,1,1,1,8848.76,0.0,0.0,0,1,True,mule,0.20908836816484258,0.0008008117112750652,0.12577334558341555,58.843537414965986,NORMAL
ACC_00825,2,7,2.6666666666666665,0.000169119868301,0.0006834042553191,0.0,13764.55,2975.86,25,5,7,2,550.582,325.946659222538,0.0,1,25,False,normal,0.20129647111424182,0.011845637551801591,0.12551613768926573,58.80102040816326,NORMAL
MULE_06_034,1,1,1.0,7.292814194555254e-05,0.0,0.0,8836.9,9204.38,1,1,1,1,8836.9,0.0,0.0,0,1,True,mule,0.20860433945313164,0.0007745183746433788,0.12547241102173634,58.75850340136054,NORMAL
MULE_00_017,1,1,1.0,7.279757999198802e-05,0.0,0.0,8850.24,9219.23,1,1,1,1,8850.24,0.0,0.0,0,1,True,mule,0.20851796256029168,0.0007933681669353018,0.12542812480294913,58.71598639455783,NORMAL
ACC_00140,5,6,1.1666666666666667,0.0002243373711745,3.574468085106383e-05,0.0,12681.48,7736.55,25,9,6,5,507.2592,350.4432667579733,0.04,2,25,False,normal,0.20172515425510448,0.01095620754776999,0.12541757557217068,58.673469387755105,NORMAL
MULE_07_010,1,1,1.0,7.306144348853998e-05,0.0,0.0,8941.21,9193.34,1,1,1,1,8941.21,0.0,0.0,0,1,True,mule,0.2082729204292952,0.0009460416276773183,0.12534216890864805,58.63095238095239,NORMAL
MULE_05_006,1,1,1.0,7.309251562933855e-05,0.0,0.0,8869.47,9132.54,1,1,1,1,8869.47,0.0,0.0,0,1,True,mule,0.20828330591210248,0.0008312824451593911,0.12530249652532524,58.58843537414966,NORMAL
ACC_00360,7,9,1.25,0.0003100634767519,0.0027237453630665,0.0083333333333333,6804.56,10025.02,21,17,9,7,324.0266666666667,191.0021308607141,0.0476190476190476,1,21,False,normal,0.19960097074189329,0.013692137774857732,0.12523743755507905,58.545918367346935,NORMAL
ACC_00736,10,4,0.4545454545454545,0.0002863237607504,0.0045093617021276,0.0219780219780219,11875.73,6644.71,25,16,4,10,475.0292,342.5017693010261,0.0,1,25,False,normal,0.1880717108705016,0.030875688390348113,0.1251933018784402,58.50340136054422,NORMAL
ACC_01213,10,10,1.0,0.001007199508216,0.0039710638297872,0.0210526315789473,16178.01,21915.38,30,40,10,10,539.267,352.115760903849,0.0,1,30,False,normal,0.19420634649536686,0.02166740180945177,0.12519076862100081,58.46088435374149,NORMAL
ACC_01274,5,11,2.0,0.0001836623178078,0.0040102127659574,0.0166666666666666,12114.37,7173.46,31,15,11,5,390.7861290322581,293.3295309451746,0.0,1,31,False,normal,0.19791092967872542,0.016057832294235026,0.12516969072492926,58.41836734693877,NORMAL
MULE_05_000,1,1,1.0,7.309492419682382e-05,0.0,0.0,8901.68,9146.64,1,1,1,1,8901.68,0.0,0.0,0,1,True,mule,0.20797193440630454,0.0008825972840623055,0.12513619955740765,58.37585034013606,NORMAL
ACC_00865,7,4,0.625,0.0004309297652133,0.0009097872340425,0.0,10744.77,10856.32,24,23,4,7,447.69875,208.99552015819776,0.0,2,24,False,normal,0.1954678579921469,0.019266824046187164,0.12498744441376299,58.333333333333336,NORMAL
MULE_00_010,1,1,1.0,7.280198209886851e-05,0.0,0.0,8880.98,9251.31,1,1,1,1,8880.98,0.0,0.0,0,1,True,mule,0.20768254047768053,0.0008397972548904709,0.12494544318856451,58.29081632653062,NORMAL
ACC_01900,9,9,1.0,0.0004197862691896,0.0098365957446808,0.0065359477124183,16050.4,10301.16,34,23,9,9,472.0705882352941,305.6999671091781,0.0,1,33,False,normal,0.19466102051427325,0.02024038805327316,0.12489276752987322,58.24829931972789,NORMAL
ACC_00848,9,7,0.8,0.000372858710897,0.0010689361702127,0.0333333333333333,14948.98,11086.83,35,25,7,9,427.1137142857143,330.5123911629772,0.0,1,34,False,normal,0.1945632038628687,0.02028162467378673,0.12485057218723591,58.205782312925166,NORMAL
ACC_00239,10,9,0.9090909090909092,0.0005289989676566,7.914893617021277e-05,0.0058479532163742,10479.37,19570.91,19,39,9,10,551.5457894736843,213.04174346607363,0.0526315789473684,1,19,False,normal,0.18978235235135438,0.027156404128741884,0.12473197306230938,58.16326530612245,NORMAL
ACC_01953,4,9,2.0,0.0001715683138087,0.0004425873022641,0.0151515151515151,17215.41,2566.23,29,9,9,4,593.6348275862069,380.7305225542517,0.0344827586206896,1,29,False,normal,0.20136800516923448,0.00949015595017665,0.12461686548161134,58.12074829931972,NORMAL
ACC_01063,5,7,1.3333333333333333,0.0001287012762289,0.0009702127659574,0.0151515151515151,9125.56,2753.21,15,5,7,5,608.3706666666666,348.4918843176095,0.0,1,14,False,normal,0.1934099536285642,0.021396206231273137,0.12460445466964776,58.078231292517,NORMAL
MULE_07_033,1,1,1.0,7.304273851084873e-05,0.0,0.0,8849.2,9080.87,1,1,1,1,8849.2,0.0,0.0,0,1,True,mule,0.2070584137163768,0.0008029550833297,0.12455623026315794,58.03571428571429,NORMAL
ACC_01168,8,13,1.5555555555555556,0.0003682370318819,0.0030587234042553,0.0,16971.49,5747.1900000000005,29,12,13,8,585.2237931034483,371.4905451730309,0.0,1,29,False,normal,0.1925183825759233,0.02246203309984014,0.12449584278549003,57.993197278911566,NORMAL
ACC_01061,5,9,1.6666666666666667,0.0004656678179634,0.0006199633309171,0.0219780219780219,12725.18,12448.87,27,28,9,5,471.30296296296297,338.2630832402361,0.0,2,27,False,normal,0.20140554086972406,0.008983486281647529,0.12443671903449345,57.95068027210885,NORMAL
ACC_01083,9,8,0.9,0.0006873596764323,0.0062680851063829,0.0220588235294117,17461.48,22598.25,29,43,8,9,602.12,395.7273017225011,0.0,1,28,False,normal,0.19408581803371477,0.019792483889779947,0.12436848437614084,57.90816326530612,NORMAL
ACC_00046,4,3,0.8,0.0003774651507373,0.000235744680851,0.0,9139.72,8644.060000000001,19,14,3,4,481.0378947368421,315.03693318895074,0.0526315789473684,1,19,False,normal,0.19775603921242585,0.013768213632435479,0.1241609089804297,57.8656462585034,NORMAL
ACC_00254,6,5,0.8571428571428571,0.0003204052975729,0.0006348936170212,0.0,8754.1,5823.1,22,14,5,6,397.9136363636364,304.9173546661839,0.0,2,22,False,normal,0.19987478216445642,0.010543699043970258,0.12414234891626195,57.82312925170068,NORMAL
ACC_01295,7,10,1.375,0.0005482562410824,0.0002859574468085,0.0073529411764705,13565.77,11601.03,23,23,10,7,589.8160869565218,354.276873411167,0.0434782608695652,2,23,False,normal,0.2001553786657294,0.009732548820106527,0.12398624672748025,57.78061224489795,NORMAL
ACC_01310,7,12,1.625,0.0003736726089273,0.0018961702127659,0.0,14525.48,6992.12,33,15,12,7,440.16606060606057,266.8091922252141,0.0303030303030303,1,32,False,normal,0.18866106914218445,0.02669979192508439,0.12387655825534442,57.738095238095234,NORMAL
ACC_01384,4,8,1.8,0.0004379996182372,0.0008928495288449,0.0454545454545454,11085.32,6460.72,22,13,8,4,503.8781818181818,269.9321138049407,0.0,1,21,False,normal,0.19897822778249172,0.011060476992975675,0.1238111274666853,57.69557823129252,NORMAL
MULE_06_013,1,1,1.0,7.29177705262865e-05,0.0,0.0,8924.83,9135.98,1,1,1,1,8924.83,0.0,0.0,0,1,True,mule,0.2056398528746364,0.0009213743532283209,0.12375246146607316,57.6530612244898,NORMAL
ACC_00195,12,11,0.9230769230769232,0.0004962852234923,0.007691914893617,0.0118577075098814,13777.37,11692.63,29,25,11,12,475.081724137931,252.9166996840344,0.0,1,29,False,normal,0.1995566078895712,0.009879754087538552,0.12368586636875813,57.61054421768708,NORMAL
ACC_01376,11,9,0.8333333333333334,0.0003599938816651,0.0099251063829787,0.0052631578947368,13098.54,6884.5,22,17,9,11,595.3881818181818,397.3663681413792,0.0,1,21,False,normal,0.19322055294519772,0.019155321530345795,0.12359446037925693,57.56802721088435,NORMAL
ACC_01285,6,9,1.4285714285714286,0.0007983883983565,0.0009702127659574,0.0095238095238095,12336.12,17027.5,27,34,9,6,456.8933333333334,336.31053592910683,0.0,2,27,False,normal,0.19265419530964198,0.01990226409008804,0.1235534228218204,57.525510204081634,NORMAL
ACC_01278,8,5,0.6666666666666666,0.0002699852681219,0.0053310638297872,0.0128205128205128,15047.48,7398.23,30,15,5,8,501.5826666666666,498.60459507912987,0.0,1,27,False,normal,0.17829659849653567,0.04108754311029767,0.12341297634204047,57.48299319727891,NORMAL
ACC_01650,9,10,1.1,0.000830228037657,0.002011914893617,0.0116959064327485,19297.7,23432.96,32,39,10,9,603.053125,347.9098837012483,0.0,1,31,False,normal,0.1949268287339643,0.01605076661661381,0.1233764038870241,57.44047619047619,NORMAL
ACC_00988,10,7,0.7272727272727273,0.0009218493228035,0.0004868085106382,0.0,10105.91,30797.54,22,58,7,10,459.3595454545455,294.5668787102801,0.0,1,22,False,normal,0.182587856156584,0.03416731248715301,0.1232196386888116,57.39795918367348,NORMAL
ACC_01151,7,8,1.125,0.0006163039401303,0.0044493617021276,0.0095238095238095,17881.63,18895.96,35,36,8,7,510.90371428571433,349.6724491332669,0.0285714285714285,1,33,False,normal,0.18955297279184027,0.023604856872798678,0.12317372642422363,57.35544217687075,NORMAL
MULE_06_022,1,1,1.0,7.292628449107872e-05,0.0,0.0,8929.59,9192.13,1,1,1,1,8929.59,0.0,0.0,0,1,True,mule,0.20466114401974989,0.0009254214086626446,0.12316685497531499,57.31292517006803,NORMAL
ACC_00917,3,7,2.0,0.0001191263725455,0.0001378723404255,0.0,13384.55,1271.98,22,3,7,3,608.3886363636364,438.2917991724936,0.0,1,22,False,normal,0.1938752720642589,0.017050575559844544,0.12314539346249315,57.27040816326531,NORMAL
ACC_01864,5,9,1.6666666666666667,0.0002991337080043,0.0088817021276595,0.0109890109890109,13346.89,5586.05,28,15,9,5,476.6746428571428,273.42622391074696,0.0,1,28,False,normal,0.19479426982272144,0.015599101030593974,0.12311620230587045,57.22789115646258,NORMAL
ACC_00040,11,11,1.0,0.0008051727360625,0.0086544680851063,0.0095238095238095,11322.12,17434.829999999998,24,39,11,11,471.75500000000005,371.92266380549313,0.0,1,23,False,normal,0.1974507283092109,0.011530364078542923,0.1230825826169437,57.185374149659864,NORMAL
ACC_01598,5,5,1.0,0.0002973965430846,0.0002544680851063,0.0222222222222222,7715.93,13665.63,16,27,5,5,482.245625,446.901688547101,0.0,1,16,False,normal,0.18935315557677004,0.023605782430288203,0.1230542063181773,57.14285714285714,NORMAL
MULE_00_018,1,1,1.0,7.279947229416637e-05,0.0,0.0,8868.79,9233.02,1,1,1,1,8868.79,0.0,0.0,0,1,True,mule,0.2043422438117495,0.000821546566724824,0.12293396491373962,57.10034013605442,NORMAL
MULE_07_027,1,1,1.0,7.305522180084166e-05,0.0,0.0,8872.3,9155.93,1,1,1,1,8872.3,0.0,0.0,0,1,True,mule,0.20426077166012638,0.0008339041681682042,0.1228900246633431,57.05782312925171,NORMAL
ACC_00551,7,8,1.125,0.0007306307804478,0.0007361702127659,0.0,13186.28,22984.93,26,46,8,7,507.1646153846154,308.8049338366311,0.0,2,26,False,normal,0.18898517706481682,0.02374689814147384,0.12288986549547963,57.01530612244898,NORMAL
ACC_01963,11,13,1.1666666666666667,0.0004805054477271,0.0053285106382978,0.0108695652173913,12157.79,17717.7,25,34,13,11,486.31160000000006,392.6267929140853,0.0,1,25,False,normal,0.19412777897092448,0.016022553455339962,0.12288568876469068,56.97278911564626,NORMAL
ACC_00751,9,7,0.8,0.0006264671578498,0.0010548757088645,0.025,9228.2,14968.39,21,29,7,9,439.4380952380953,288.2824866449408,0.0,2,20,False,normal,0.20062591869795773,0.00601155434197161,0.12278017295556327,56.93027210884354,NORMAL
MULE_06_010,1,1,1.0,7.290924746375807e-05,0.0,0.0,8904.85,9079.77,1,1,1,1,8904.85,0.0,0.0,0,1,True,mule,0.20402616722953112,0.0008918972815123652,0.12277245925032362,56.88775510204081,NORMAL
ACC_00108,9,7,0.8,0.0006360833298185,0.0006915959578731,0.0,20137.07,18751.09,34,39,7,9,592.2667647058823,369.442305691525,0.0,1,34,False,normal,0.19507766305802485,0.01419103489488837,0.12272301179277025,56.845238095238095,NORMAL
ACC_00859,7,8,1.125,0.0003629318353311,0.0009336170212765,0.0,17231.93,10031.69,32,14,8,7,538.4978125,408.3406922019451,0.0,2,31,False,normal,0.19722888636843078,0.010866240470709974,0.12268382800934245,56.80272108843537,NORMAL
ACC_00164,9,7,0.8,0.0005590179947755,0.0011787234042553,0.0083333333333333,16642.75,13034.95,31,22,7,9,536.8629032258065,397.0877305683934,0.032258064516129,2,30,False,normal,0.19825518527530347,0.009029239277770058,0.1225648068762901,56.76020408163265,NORMAL
ACC_00715,9,7,0.8,0.000390321179384,0.0014740425531914,0.0083333333333333,9689.81,8080.31,21,21,7,9,461.4195238095238,290.5738598442088,0.0476190476190476,2,21,False,normal,0.1974679907463543,0.010086439108919093,0.12251537009138021,56.71768707482994,NORMAL
ACC_00887,2,7,2.6666666666666665,0.0002023683476589,1.446808510638298e-05,0.0,13841.79,3783.63,28,8,7,2,494.3496428571429,313.973634709127,0.0,1,28,False,normal,0.19562111632668314,0.012841805608177381,0.12250939203928084,56.675170068027214,NORMAL
ACC_01809,9,9,1.0,0.0004196119644242,0.0113872340425531,0.0,11803.56,8097.22,28,20,9,9,421.5557142857143,269.6989461991878,0.0,1,28,False,normal,0.19494336159505934,0.013770547736054928,0.12247423605145757,56.63265306122449,NORMAL
ACC_00377,3,6,1.75,0.000173395786863,0.0003582978723404,0.0,14962.95,1821.66,29,5,6,3,515.9637931034483,390.24823517871096,0.0344827586206896,1,29,False,normal,0.1941272416472875,0.014346979697257862,0.12221513686727564,56.59013605442177,NORMAL
ACC_00578,11,9,0.8333333333333334,0.0004778086084084,0.0107414829659318,0.0105263157894736,12454.25,13843.21,23,23,9,11,541.4891304347826,433.5986846037688,0.0,1,23,False,normal,0.19132624047223096,0.018484615709148618,0.12218959056699802,56.547619047619044,NORMAL
ACC_01663,4,5,1.2,0.0002238863718672,0.0002093617021276,0.0,17718.15,5154.53,32,13,5,4,553.6921875,485.6497295558201,0.0,1,32,False,normal,0.18831422549322016,0.022991600734891406,0.12218517558988864,56.505102040816325,NORMAL
ACC_00218,12,12,1.0,0.0007089987316745,0.0015046808510638,0.0108695652173913,15063.46,22239.1,27,44,12,12,557.9059259259259,356.65255446959384,0.0,1,27,False,normal,0.1867371298255851,0.024877342984046102,0.12199321508896949,56.4625850340136,NORMAL
ACC_01661,8,6,0.7777777777777778,0.0004834261935673,0.0001472340425531,0.0109890109890109,6563.650000000001,15016.57,11,28,6,8,596.6954545454546,344.0076998953261,0.0,1,11,False,normal,0.18713231133414873,0.023984150292853446,0.12187304691763062,56.42006802721088,NORMAL
ACC_01425,8,8,1.0,0.0006226818615284,0.0005943802498614,0.0083333333333333,15375.71,20217.1,31,43,8,8,495.9906451612903,348.0289726343243,0.0,2,30,False,normal,0.1935889238704713,0.01427258023515351,0.12186238641634417,56.37755102040817,NORMAL
ACC_01346,10,11,1.0909090909090908,0.0006877361744625,0.0059173666481899,0.0,12398.56,16116.1,22,35,11,10,563.570909090909,445.9222713701302,0.0454545454545454,1,22,False,normal,0.19272545708617703,0.015439640097936453,0.1218111302908808,56.335034013605444,NORMAL
ACC_00993,8,12,1.4444444444444444,0.0008657578391377,0.0021046808510638,0.0052631578947368,17662.95,15788.54,32,32,12,8,551.9671875,340.3529017702766,0.0,1,30,False,normal,0.18430683207382637,0.027126828391047637,0.12143483060071486,56.292517006802726,NORMAL
ACC_01961,8,9,1.1111111111111112,0.0008168052123749,0.0001710638297872,0.0,15521.9,19814.53,30,43,9,8,517.3966666666666,307.2063329126032,0.0666666666666666,1,30,False,normal,0.18838396483368924,0.020912286062158763,0.12139529332507705,56.25,NORMAL
ACC_01707,8,7,0.8888888888888888,0.0002824809348906,0.0033285106382978,0.0,13491.26,6034.53,22,10,7,8,613.2390909090909,386.5247336127046,0.0909090909090909,1,22,False,normal,0.1920041189222908,0.015251529333556326,0.121303083086797,56.207482993197274,NORMAL
ACC_00488,8,11,1.3333333333333333,0.0004029981631078,0.0016136170212765,0.0,13567.05,11459.6,24,19,11,8,565.2937499999999,481.85305098774217,0.0,2,24,False,normal,0.18949005334964172,0.01887829878130626,0.12124535152230753,56.164965986394556,NORMAL
ACC_01857,11,7,0.6666666666666666,0.0009747743199333,0.0001986952628661,0.0196078431372549,11688.4,26985.33,23,49,7,11,508.1913043478261,370.5536574972442,0.0,1,23,False,normal,0.19106249690283955,0.01637019531531529,0.12118557626782983,56.12244897959183,NORMAL
ACC_00269,7,11,1.5,0.0002726223181245,0.0073897872340425,0.0130718954248366,9033.58,5001.77,23,12,11,7,392.764347826087,299.2374509531927,0.0,1,21,False,normal,0.1974570635823524,0.00664565711695781,0.12113250099619456,56.07993197278912,NORMAL
ACC_00707,3,4,1.25,0.0001467790959306,9.361702127659576e-06,0.0,14149.92,1502.6799999999998,23,6,4,3,615.2139130434782,342.44476669091046,0.0,1,23,False,normal,0.19295176547085124,0.013191181015247123,0.1210475316886096,56.0374149659864,NORMAL
ACC_01144,6,13,2.0,0.0005397605030946,0.0008459574468085,0.0116959064327485,15644.14,16900.88,31,25,13,6,504.6496774193548,331.0539327006389,0.0,1,28,False,normal,0.1796105880710397,0.032560076188862946,0.12079038331816899,55.994897959183675,NORMAL
ACC_00642,11,7,0.6666666666666666,0.0007569343628059,0.0008612765957446,0.0065359477124183,12379.66,32719.85,23,61,7,11,538.2460869565217,342.99488591124043,0.0,1,22,False,normal,0.17814149260071319,0.034615575921748985,0.1207311259291275,55.952380952380956,NORMAL
ACC_00416,12,10,0.8461538461538461,0.0006339474632728,0.006155744680851,0.0129870129870129,12321.66,15468.66,22,32,10,12,560.0754545454546,406.1828438820001,0.0454545454545454,1,22,False,normal,0.19545126188385942,0.008401555671977623,0.1206313793991067,55.90986394557823,NORMAL
ACC_00871,10,9,0.9090909090909092,0.0005754854844906,0.0031134609644821,0.0175438596491228,12595.84,17111.85,27,35,9,10,466.5125925925926,440.585666790786,0.0,2,27,False,normal,0.19730037743563525,0.005298396457140435,0.12049958504423731,55.86734693877551,NORMAL
ACC_01766,10,4,0.4545454545454545,0.0005038607951876,0.0010187234042553,0.0219780219780219,16161.75,13016.34,30,31,4,10,538.725,389.6007893565429,0.0333333333333333,1,29,False,normal,0.18787265328087574,0.019412834310134765,0.12048872569257935,55.824829931972786,NORMAL
ACC_00143,5,11,2.0,0.0002814534566803,0.0011446808510638,0.0083333333333333,19461.34,7894.360000000001,33,18,11,5,589.7375757575758,356.51969035761465,0.0,1,33,False,normal,0.19021033266157183,0.015174790874331734,0.12019611594667579,55.78231292517006,NORMAL
ACC_00102,6,5,0.8571428571428571,0.0001113693013268,0.0013761702127659,0.0181818181818181,16799.94,1647.87,29,6,5,6,579.308275862069,372.1191899308316,0.0,1,29,False,normal,0.18385905763613597,0.024421325189881053,0.120083964657634,55.73979591836735,NORMAL
ACC_00743,8,9,1.1111111111111112,0.0007127305352552,0.0001531914893617,0.0,12423.31,19305.96,26,38,9,8,477.81961538461536,280.6650666467883,0.0384615384615384,2,25,False,normal,0.1908594833915151,0.013891707537702691,0.12007237304999013,55.69727891156463,NORMAL
ACC_01799,6,5,0.8571428571428571,0.0002854643282205,0.0024859574468085,0.0181818181818181,19291.77,9060.21,30,20,5,6,643.059,359.32989720186583,0.0333333333333333,1,29,False,normal,0.18852241333330885,0.017207250273213827,0.11999634810927085,55.654761904761905,NORMAL
ACC_01780,5,9,1.6666666666666667,0.0003391202850997,0.0014068085106382,0.0109890109890109,10179.04,4489.4,22,9,9,5,462.6836363636363,305.53518169404623,0.0,2,22,False,normal,0.1929184040226196,0.010440641376785686,0.11992729896428601,55.61224489795919,NORMAL
ACC_00457,4,8,1.8,0.0001444705692606,0.0003906382978723,0.0,9315.91,2992.81,16,6,8,4,582.244375,350.72741770913296,0.0,1,15,False,normal,0.1855280214998359,0.021462688806904606,0.11990188842266339,55.56972789115646,NORMAL
ACC_01602,7,8,1.125,0.0003295879427883,0.0003828934464674,0.0,13784.84,10762.82,21,18,8,7,656.4209523809524,581.2999694813751,0.0476190476190476,1,20,False,normal,0.17464995750487758,0.03719352820624933,0.11966738578542627,55.52721088435374,NORMAL
ACC_01041,7,11,1.5,0.0007493109747027,0.0006301965633394,0.0130718954248366,16976.96,24047.04,31,45,11,7,547.6438709677419,369.3683391925322,0.0,1,31,False,normal,0.17749969947360336,0.032418223267980925,0.11946710899135439,55.48469387755102,NORMAL
ACC_00011,11,6,0.5833333333333334,0.0005466706562798,0.0023630239201807,0.0147058823529411,7222.62,11767.48,15,28,6,11,481.508,339.48068056118564,0.0,1,15,False,normal,0.18671792844288318,0.018375850495751495,0.1193810972640305,55.44217687074829,NORMAL
ACC_01184,5,8,1.5,0.0001800469506881,0.0004961702127659,0.0384615384615384,10395.2,4584.31,24,9,8,5,433.1333333333334,234.43121575174365,0.0,1,24,False,normal,0.18883968491417955,0.014972170397363984,0.11929267910745331,55.39965986394558,NORMAL
ACC_00235,5,7,1.3333333333333333,0.0002153936106029,7.829787234042553e-05,0.0,13740.62,3878.56,25,7,7,5,549.6248,349.7624378550866,0.0,2,25,False,normal,0.19227477263944232,0.009783984835066494,0.11927845751769198,55.35714285714286,NORMAL
ACC_01672,9,4,0.5,0.0004384060605073,0.0002553191489361,0.0128205128205128,11491.3,8624.15,23,19,4,9,499.6217391304348,397.3741196982119,0.0869565217391304,1,23,False,normal,0.18899418237719717,0.014558212968185632,0.11921979461359254,55.314625850340136,NORMAL
ACC_01871,7,5,0.75,0.0003215819903031,0.0014017021276595,0.0454545454545454,9547.66,10462.83,17,20,5,7,561.6270588235294,311.8523709578923,0.0,1,17,False,normal,0.19579472445261573,0.004225529721404527,0.11916704656013123,55.27210884353742,NORMAL
ACC_01279,10,4,0.4545454545454545,0.0003772681748759,0.0053140425531914,0.0109890109890109,8364.64,9844.11,21,19,4,10,398.31619047619046,237.1090919487524,0.0,1,21,False,normal,0.18213004694000887,0.023510515579686975,0.11868223439588012,55.22959183673469,NORMAL
ACC_00515,10,13,1.2727272727272727,0.0004956879172432,0.0050023451157634,0.0158102766798418,12588.53,14301.26,27,28,13,10,466.2418518518519,345.4476981345205,0.0,1,27,False,normal,0.18894281279719316,0.013289959689337294,0.11868167155405082,55.18707482993197,NORMAL
ACC_01110,14,6,0.4666666666666667,0.0004779478913532,0.0019548936170212,0.0052631578947368,12038.27,14512.25,24,28,6,14,501.5945833333333,327.6048746117556,0.0416666666666666,1,23,False,normal,0.17763778416081624,0.02974302161038285,0.11847987914064288,55.14455782312925,NORMAL
ACC_00918,12,6,0.5384615384615384,0.0006639271826807,0.000863829787234,0.0065359477124183,13450.3,16616.25,21,31,6,12,640.4904761904761,525.9165969474266,0.0,1,21,False,normal,0.1777515298714645,0.02933072657598129,0.11838320855327122,55.10204081632652,NORMAL
ACC_00185,7,11,1.5,0.0004955937095868,0.0013106382978723,0.0,10983.94,15277.98,24,31,11,7,457.6641666666667,267.42443330726184,0.0,2,23,False,normal,0.18518478669230387,0.018075381326889642,0.11834102454613818,55.05952380952381,NORMAL
ACC_00915,4,5,1.2,0.0001729861905819,0.0008604255319148,0.0,7094.58,4417.53,15,8,5,4,472.972,302.8325426511679,0.0,1,15,False,normal,0.1872653370428865,0.014651106666135102,0.11821964489218593,55.01700680272109,NORMAL
ACC_00060,6,12,1.8571428571428568,0.0005090191706833,0.0001353191489361,0.0,14737.91,17746.93,32,27,12,6,460.5596875,347.0210308257744,0.03125,1,32,False,normal,0.18090995909768998,0.02415961501042039,0.11820982146278214,54.974489795918366,NORMAL
ACC_00953,6,8,1.2857142857142858,0.0002461068548736,0.0009710638297872,0.0219780219780219,13474.85,6222.54,27,15,8,6,499.06851851851854,372.5666729356454,0.0,2,27,False,normal,0.19352313855422038,0.005168253502757216,0.1181811845336351,54.93197278911565,NORMAL
ACC_00097,8,10,1.2222222222222223,0.0008886102017805,0.0004,0.0065359477124183,8578.47,18993.01,18,33,10,8,476.58166666666665,436.7828079768223,0.0,1,18,False,normal,0.17109625139169135,0.03858465230685051,0.11809161175775501,54.88945578231292,NORMAL
ACC_01973,7,11,1.5,0.0006313986867368,0.0024653562444037,0.0,15953.15,13676.16,30,29,11,7,531.7716666666666,309.6286885162595,0.0,2,29,False,normal,0.1890913163000523,0.011537019003903777,0.11806959738159288,54.8469387755102,NORMAL
ACC_00025,8,4,0.5555555555555556,0.0002927809422865,0.0035065876433718,0.0,11858.55,5519.24,18,16,4,8,658.8083333333333,366.27996035257286,0.0,1,18,False,normal,0.18030064943542082,0.024686558295545852,0.11805501297947082,54.80442176870748,NORMAL
ACC_00313,6,2,0.4285714285714285,0.0004881123332662,0.0,0.0,12669.37,12788.36,21,22,2,6,603.3033333333334,412.8869261714802,0.0,1,21,False,normal,0.1807572694066083,0.02318583586915622,0.11772869599162747,54.761904761904766,NORMAL
ACC_00473,6,4,0.7142857142857143,0.0002625618637315,0.0015753191489361,0.0,11800.63,6014.79,23,21,4,6,513.0708695652173,310.9477378612484,0.0,2,21,False,normal,0.18464714821496894,0.017239383929496067,0.1176840425007798,54.71938775510205,NORMAL
ACC_01958,10,6,0.6363636363636364,0.0003136316972009,0.0019251063829787,0.0166666666666666,8662.52,9975.67,17,21,6,10,509.56,251.3868485024624,0.0588235294117647,1,17,False,normal,0.1851665604896931,0.01644393751234501,0.11767751129875387,54.67687074829932,NORMAL
ACC_01851,5,9,1.6666666666666667,0.0002357528777676,0.0021489361702127,0.0,11579.74,5894.21,21,14,9,5,551.4161904761904,310.77609295884054,0.0,2,21,False,normal,0.19123521626925888,0.007186417743170076,0.11761569685882335,54.6343537414966,NORMAL
ACC_00682,10,6,0.6363636363636364,0.0005077990118998,0.001127659574468,0.0,12856.17,14816.88,21,27,6,10,612.1985714285714,414.8527957515258,0.0,2,21,False,normal,0.18651103126522006,0.014113837449472321,0.11755215373892096,54.59183673469388,NORMAL
ACC_00247,8,10,1.2222222222222223,0.0004579111474914,0.0009327659574468,0.0196078431372549,14516.3,12373.45,29,28,10,8,500.5620689655172,375.281778718903,0.1379310344827586,1,29,False,normal,0.1909554989548965,0.006921496142081257,0.11734189782977039,54.54931972789115,NORMAL
ACC_00896,4,11,2.4,0.0003066995337156,0.0022561702127659,0.0,16675.42,11549.08,31,17,11,4,537.9167741935483,299.7207312414575,0.032258064516129,1,31,False,normal,0.18289478028619396,0.01881720514514678,0.11726375022977509,54.506802721088434,NORMAL
ACC_01794,7,10,1.375,0.0005629013096088,0.0018161702127659,0.0073529411764705,14823.6,12594.25,30,25,10,7,494.12,341.16380883978445,0.0333333333333333,2,30,False,normal,0.19104412059426604,0.006433901928768733,0.11720003312806712,54.46428571428571,NORMAL
ACC_00054,7,11,1.5,0.0004051702836635,0.0014369163859634,0.0196078431372549,16682.26,12020.78,34,26,11,7,490.6547058823529,305.8784485383269,0.0294117647058823,1,34,False,normal,0.1809660498651046,0.02119046078858985,0.11705581423449869,54.421768707483,NORMAL
ACC_00634,4,9,2.0,0.0001628138724075,0.0016289361702127,0.0128205128205128,17176.05,4131.74,31,8,9,4,554.066129032258,386.65306767762246,0.032258064516129,1,30,False,normal,0.186980220408519,0.012164155220938977,0.11705379433348699,54.37925170068028,NORMAL
ACC_01527,10,6,0.6363636363636364,0.0007913542250156,8.680851063829788e-05,0.0166666666666666,14687.8,18379.86,21,37,6,10,699.4190476190475,462.51291270519965,0.0,1,21,False,normal,0.18514266604093857,0.01462971252456226,0.11693748463438805,54.33673469387755,NORMAL
ACC_00629,8,6,0.7777777777777778,0.0005806772892568,0.0002885106382978,0.0,19338.48,18742.1,31,43,6,8,623.8219354838709,462.9424910102719,0.0,1,30,False,normal,0.18283570815299371,0.017846001662870307,0.11683982555694435,54.294217687074834,NORMAL
ACC_00018,10,8,0.8181818181818182,0.0005516577053002,0.0053948936170212,0.0,13621.41,13816.83,27,35,8,10,504.4966666666666,409.3524918228037,0.0,2,27,False,normal,0.18761891383128726,0.010013084454093678,0.11657658208040983,54.25170068027211,NORMAL
ACC_01786,6,7,1.1428571428571428,0.0002457352012878,0.0043965957446808,0.0,11779.29,6674.9,22,15,7,6,535.4222727272728,310.3252073602146,0.0,2,22,False,normal,0.18816119381719768,0.009056920376987836,0.11651948444111374,54.20918367346938,NORMAL
ACC_00177,8,10,1.2222222222222223,0.0005275075408276,0.0028851063829787,0.0,12827.03,10124.21,29,27,10,8,442.3113793103449,223.27726863898772,0.0,2,29,False,normal,0.18424539306584733,0.01421930389190673,0.1162349573962711,54.166666666666664,NORMAL
ACC_01677,10,9,0.9090909090909092,0.0005565522428861,0.0029634042553191,0.0,12204.32,20013.0,28,27,9,10,435.8685714285714,290.458879192197,0.0357142857142857,2,28,False,normal,0.18993452884133855,0.005619603307314931,0.1162085586277291,54.12414965986394,NORMAL
ACC_00812,7,10,1.375,0.0006423934655986,0.0017115081226282,0.0147058823529411,17866.45,20368.12,30,44,10,7,595.5483333333334,351.94403681388127,0.0333333333333333,1,29,False,normal,0.17811146748916168,0.023076848951046787,0.11609762007391572,54.08163265306123,NORMAL
ACC_00264,12,8,0.6923076923076923,0.000555363825608,0.0028485106382978,0.0105263157894736,7956.09,13039.87,15,25,8,12,530.4060000000001,267.6219518489255,0.0,1,15,False,normal,0.17835912629279993,0.02231518670911722,0.11594155045932683,54.03911564625851,NORMAL
ACC_00637,3,8,2.25,0.0001822400918266,0.0014587234042553,0.0,9496.03,3047.12,26,6,8,3,365.2319230769231,235.6067945203488,0.0,1,26,False,normal,0.1827954344038987,0.015404892490238995,0.11583921763843483,53.99659863945578,NORMAL
ACC_00838,8,7,0.8888888888888888,0.0003245923168405,0.0045787234042553,0.0095238095238095,15897.97,6565.389999999999,36,15,7,8,441.61027777777775,358.47313649888633,0.0,1,36,False,normal,0.17388919094202235,0.02830045244368907,0.11565369554268903,53.954081632653065,NORMAL
ACC_00261,11,9,0.8333333333333334,0.0007864163023597,0.0023693617021276,0.0,15035.28,28553.35,26,55,9,11,578.28,412.954773407452,0.0,1,25,False,normal,0.17733557214351522,0.022315202809534977,0.11532742440992312,53.91156462585034,NORMAL
ACC_01337,6,6,1.0,0.0003539767908303,5.361702127659575e-05,0.0303030303030303,7450.16,11203.7,22,24,6,6,338.64363636363635,199.5865068572536,0.0,1,21,False,normal,0.18531931965457205,0.010078694125217022,0.11522306944283003,53.86904761904761,NORMAL
ACC_01869,10,8,0.8181818181818182,0.0006371681725068,0.0040944680851063,0.0,6605.45,18747.97,15,32,8,10,440.3633333333333,370.2047190921467,0.0,1,15,False,normal,0.17987658591781697,0.017990446979264028,0.1151221303423958,53.826530612244895,NORMAL
ACC_00061,5,7,1.3333333333333333,0.0002933497424554,0.0015463829787234,0.0151515151515151,11735.62,8060.84,24,18,7,5,488.9841666666667,479.8395571883936,0.0,2,23,False,normal,0.18245144284774195,0.013739295178542065,0.114966583780062,53.78401360544217,NORMAL
ACC_00440,3,7,2.0,0.0001122990833552,0.0006680851063829,0.0,13495.38,1813.93,25,3,7,3,539.8152,462.8753172482485,0.0,1,24,False,normal,0.17846328541367726,0.019105230911049313,0.11472006361262607,53.74149659863946,NORMAL
ACC_01446,11,5,0.5,0.0005594239899803,0.0011421276595744,0.0083333333333333,9358.07,26235.58,20,46,5,11,467.9035,431.5390504288112,0.0,1,20,False,normal,0.17538212894385719,0.023677999628034452,0.11470047721752809,53.69897959183674,NORMAL
ACC_01466,6,9,1.4285714285714286,0.000233287419285,0.0021412765957446,0.0,14783.98,5532.39,26,12,9,6,568.6146153846154,446.5129386186319,0.0,2,26,False,normal,0.18413989419616042,0.010539071679379827,0.11469956518944818,53.656462585034014,NORMAL
ACC_00793,9,3,0.4,0.0005022599828082,8.595744680851064e-05,0.0,13381.95,14402.04,21,27,3,9,637.2357142857143,426.18335797601753,0.0,1,20,False,normal,0.17712530762959755,0.02073396487261146,0.11456877052680312,53.613945578231295,NORMAL
ACC_01319,8,8,1.0,0.0008628980968835,0.0055481175116189,0.0166666666666666,16300.69,22314.89,30,40,8,8,543.3563333333334,367.3535665708159,0.0,1,29,False,normal,0.17283495594605097,0.027061526601512686,0.11452558420823566,53.57142857142857,NORMAL
ACC_00780,9,3,0.4,0.0003564032384978,0.0013397006779516,0.0151515151515151,10688.73,6685.7,19,21,3,9,562.5647368421053,418.243309030208,0.0,1,19,False,normal,0.17239718234426854,0.02763137728412921,0.1144908603202128,53.528911564625844,NORMAL
ACC_00193,9,8,0.9,0.0005452326171013,0.0004860785400588,0.0073529411764705,13966.18,11414.59,22,24,8,9,634.8263636363637,702.1693321451706,0.0,1,22,False,normal,0.14854876759091443,0.06322626785202225,0.11441976769535755,53.486394557823125,NORMAL
ACC_00781,13,6,0.5,0.0007950623061343,0.0003463829787234,0.0058479532163742,12701.49,24573.61,23,44,6,13,552.2386956521739,332.9420642927145,0.0,1,23,False,normal,0.1826204571537997,0.011527292055106803,0.11418319111432254,53.443877551020414,NORMAL
ACC_01408,11,9,0.8333333333333334,0.0005141361129626,0.0051063829787234,0.0105263157894736,13752.68,20124.01,30,40,9,11,458.42266666666666,250.3858076970257,0.0333333333333333,1,30,False,normal,0.18049044761618827,0.0145161056911146,0.1141007108461588,53.40136054421769,NORMAL
ACC_00253,11,7,0.6666666666666666,0.0007814219752665,0.0006387242570246,0.0,16698.920000000002,21782.63,28,50,7,11,596.3900000000001,368.1946892710532,0.0357142857142857,1,28,False,normal,0.17984955309849351,0.015357765584420648,0.11405283809286437,53.35884353741497,NORMAL
ACC_00876,11,8,0.75,0.0004367193835296,0.0010306382978723,0.0175438596491228,15477.55,15260.24,28,29,8,11,552.7696428571428,316.2064522320837,0.0,2,27,False,normal,0.1810801774768806,0.013190595231031024,0.11392434457854077,53.316326530612244,NORMAL
ACC_01378,8,9,1.1111111111111112,0.0005964068700723,0.0027582978723404,0.0294117647058823,11279.37,13749.19,20,29,9,8,563.9685000000001,376.1256313531284,0.05,1,19,False,normal,0.18372130603178152,0.009195051688360722,0.11391080429441319,53.273809523809526,NORMAL
ACC_00616,6,13,2.0,0.0002785395214291,0.0015776233317699,0.0,15222.22,4794.32,28,11,13,6,543.6507142857142,321.7607138269585,0.0,1,27,False,normal,0.17107993240256952,0.027951385601985842,0.11382851368233605,53.2312925170068,NORMAL
ACC_00334,7,8,1.125,0.00042527554304,0.0003794823689933,0.0,11406.18,17027.32,25,27,8,7,456.2472,229.74033812690945,0.04,2,25,False,normal,0.18258496306483904,0.01050764364943027,0.11375403529867553,53.18877551020408,NORMAL
ACC_00565,5,9,1.6666666666666667,0.0003920968159551,0.0012680851063829,0.0109890109890109,9829.47,12143.78,24,26,9,5,409.56125,301.87685392085325,0.0,2,24,False,normal,0.18340467834295068,0.009118659313154864,0.11369027073103236,53.146258503401356,NORMAL
ACC_00960,13,11,0.8571428571428571,0.0007129709240197,0.0058072340425531,0.0072463768115942,14416.38,18115.13,27,33,11,13,533.9399999999999,368.0009094888426,0.0,1,27,False,normal,0.18535580958765296,0.0058875201241572065,0.11356849380225466,53.103741496598644,NORMAL
ACC_01056,5,11,2.0,0.0001714347752467,0.0013370212765957,0.0166666666666666,15290.36,4576.56,28,9,11,5,546.0842857142858,312.1947046366651,0.0357142857142857,1,28,False,normal,0.17629370875940018,0.01940729974123336,0.11353914515213345,53.06122448979592,NORMAL
ACC_01363,6,5,0.8571428571428571,0.0006685395352134,0.0001574468085106,0.0181818181818181,8243.89,22210.9,19,43,5,6,433.888947368421,277.25457535338523,0.0,1,19,False,normal,0.1721433780358544,0.025034542573849437,0.1132998438510524,53.0187074829932,NORMAL
ACC_01462,7,5,0.75,0.0003992833106569,0.0021446808510638,0.0,17003.36,9415.8,25,22,5,7,680.1344,496.6273281854984,0.04,1,25,False,normal,0.1740775209684283,0.022126149301644985,0.11329697230171497,52.976190476190474,NORMAL
ACC_00837,3,9,2.5,0.0002019593427812,2.127659574468085e-05,0.0,14942.61,5334.16,27,9,9,3,553.4300000000001,356.21517980439427,0.037037037037037,1,27,False,normal,0.18168911620744377,0.010489134980559351,0.11320912371669,52.933673469387756,NORMAL
ACC_00427,7,10,1.375,0.0001512538859463,0.002155744680851,0.0073529411764705,18047.52,4677.65,28,13,10,7,644.5542857142857,407.2315122368726,0.0357142857142857,1,27,False,normal,0.1801651423616962,0.012759350637925172,0.1132028256721878,52.89115646258503,NORMAL
ACC_00999,6,9,1.4285714285714286,0.0004599585211718,2.553191489361702e-06,0.0,13834.22,11198.7,31,28,9,6,446.26516129032257,280.4736923833317,0.0,2,31,False,normal,0.18021017130322378,0.012575304677281992,0.11315622465284707,52.84863945578231,NORMAL
ACC_00035,5,10,1.8333333333333333,0.0003492616655403,0.0023387234042553,0.0,12309.05,7162.92,28,19,10,5,439.6089285714285,276.82722908969083,0.0714285714285714,1,28,False,normal,0.18231280235424718,0.009191105490456604,0.11306412360873094,52.806122448979586,NORMAL
ACC_01218,10,8,0.8181818181818182,0.0009100564544381,0.0011165957446808,0.0,10944.46,25747.91,22,54,8,10,497.4754545454545,467.8750640189493,0.0,1,22,False,normal,0.16573504727332997,0.03388227289110644,0.11299393752044054,52.763605442176875,NORMAL
ACC_00906,6,6,1.0,0.0006073861929127,0.0002170212765957,0.0181818181818181,9026.72,20250.75,22,33,6,6,410.3054545454545,239.6890703296624,0.0454545454545454,1,22,False,normal,0.18023569586366783,0.012006181245680711,0.11294389001647298,52.721088435374156,NORMAL
ACC_00171,12,12,1.0,0.0006581646565215,0.0038212595403573,0.0036231884057971,16098.26,19141.9,32,33,12,12,503.070625,348.6673617567831,0.0,1,28,False,normal,0.18006521113395182,0.011930706733675508,0.11281140937384129,52.67857142857143,NORMAL
ACC_01441,6,11,1.7142857142857142,0.0003488730567819,0.0044008510638297,0.0073529411764705,7507.54,10805.86,17,22,11,6,441.62,359.5637034135954,0.0,1,17,False,normal,0.1732940028540732,0.021975907209627627,0.11276676459629498,52.636054421768705,NORMAL
ACC_01566,5,8,1.5,0.0005913320825265,1.1063829787234042e-05,0.0151515151515151,7876.7,12692.38,15,29,8,5,525.1133333333333,273.02287718553305,0.0,1,14,False,normal,0.17011332769772075,0.026653797273787517,0.11272951552814744,52.593537414965986,NORMAL
ACC_00051,4,8,1.8,0.0002573233052237,0.0008595744680851,0.0,17177.89,4996.94,25,10,8,4,687.1156,511.2259847177828,0.0,1,25,False,normal,0.17577531272705157,0.017979652319511714,0.11265704856403563,52.55102040816326,NORMAL
ACC_01712,4,3,0.8,0.000201224091508,0.0,0.0,11794.02,3398.85,21,8,3,4,561.62,379.17865545149033,0.0,1,21,False,normal,0.17516220566776047,0.01863771968553225,0.11255241127486917,52.50850340136054,NORMAL
ACC_00111,13,8,0.6428571428571429,0.0005826442540445,0.0040370101905939,0.0,10651.82,19363.34,20,37,8,13,532.591,443.23791767188106,0.0,1,20,False,normal,0.17354468835613035,0.02098146630329315,0.11251939953499547,52.46598639455783,NORMAL
ACC_00789,9,10,1.1,0.0003800764686202,0.008355744680851,0.0058479532163742,13973.46,20561.33,29,35,10,9,481.8434482758621,293.4124800427337,0.0344827586206896,1,28,False,normal,0.18096529027693156,0.00979119436691224,0.11249565191292384,52.423469387755105,NORMAL
ACC_00710,12,5,0.4615384615384615,0.0006846980455937,0.0016637530379908,0.0,9944.64,19465.76,23,39,5,12,432.375652173913,380.6578426263729,0.0434782608695652,1,22,False,normal,0.1782984721441094,0.01355370738465181,0.11240056624032638,52.38095238095239,NORMAL
ACC_00064,11,4,0.4166666666666667,0.0005516767960078,0.0021727659574468,0.019047619047619,10023.6,18636.36,24,40,4,11,417.65,258.22916697821114,0.0,1,24,False,normal,0.174052911472392,0.019838750971276218,0.11236724727194568,52.33843537414966,NORMAL
ACC_01351,10,7,0.7272727272727273,0.0003574171259996,0.0015213405534473,0.0073529411764705,7268.79,10761.59,17,17,7,10,427.5758823529412,342.0471088362468,0.0588235294117647,1,16,False,normal,0.17265953447301255,0.021560003079136972,0.11221972191546231,52.295918367346935,NORMAL
ACC_00801,9,9,1.0,0.0006411466329034,0.0074578723404255,0.0,7810.69,14201.02,18,26,9,9,433.9272222222222,389.28645520937033,0.0,1,17,False,normal,0.1747171633625993,0.018182089783132575,0.1121031339308126,52.25340136054422,NORMAL
ACC_00492,8,9,1.1111111111111112,0.0008870762517181,0.0008323404255319,0.0,13107.15,25906.81,32,42,9,8,409.5984375,296.5562233927383,0.0,1,32,False,normal,0.16906375374592328,0.02621718665047457,0.1119251269077438,52.21088435374149,NORMAL
ACC_01050,5,4,0.8333333333333334,0.0002708473928129,0.0003702127659574,0.0277777777777777,9313.86,6649.99,22,13,4,5,423.3572727272728,323.4707574504086,0.0454545454545454,1,22,False,normal,0.18183821912607892,0.00629851243337417,0.11162233644899702,52.16836734693877,NORMAL
ACC_01779,10,7,0.7272727272727273,0.0010031699855558,0.0008034042553191,0.0,8602.26,25019.78,22,48,7,10,391.01181818181817,303.07769006573943,0.0,1,22,False,normal,0.17066954326630565,0.02266786879335405,0.11146887347712502,52.12585034013606,NORMAL
ACC_01405,7,3,0.5,0.0004276609526852,0.0003061442033002,0.0,15493.98,9236.55,27,22,3,7,573.8511111111111,371.8600893257212,0.037037037037037,1,27,False,normal,0.17359089479978118,0.018055290991741135,0.11137665327656517,52.083333333333336,NORMAL
ACC_01365,5,7,1.3333333333333333,0.0001595843195649,0.0043653263974758,0.0151515151515151,12559.06,3770.35,28,6,7,5,448.5378571428572,336.31063011533166,0.0357142857142857,1,28,False,normal,0.1749088567406499,0.015205386307095753,0.11102746856722824,52.04081632653062,NORMAL
ACC_01535,10,9,0.9090909090909092,0.0006550444131327,0.0043395744680851,0.0,11303.91,17840.11,19,33,9,10,594.9426315789474,509.727992319238,0.0,1,19,False,normal,0.16637837231312222,0.027498171785166323,0.11082629210193987,51.99829931972789,NORMAL
ACC_01996,9,9,1.0,0.0009795900659584,0.0011404255319148,0.0196078431372549,14689.42,19645.56,30,36,9,9,489.6473333333333,237.45271713628017,0.0,1,29,False,normal,0.16336115968254097,0.031893697868785736,0.11077417495703888,51.955782312925166,NORMAL
ACC_01913,4,8,1.8,0.0001697839516136,0.0012066686564618,0.0,18079.59,5288.62,34,14,8,4,531.7526470588235,454.6222700507687,0.0,1,33,False,normal,0.1750249805798954,0.014076820107719625,0.11064571639102509,51.91326530612245,NORMAL
ACC_00971,5,9,1.6666666666666667,0.0002127559745605,0.0014178723404255,0.0,18383.22,3484.14,32,8,9,5,574.475625,401.7309295386452,0.03125,1,32,False,normal,0.17589279331859575,0.012744219052331855,0.11063336361209018,51.87074829931972,NORMAL
ACC_00832,3,8,2.25,0.0001493690751705,0.0009208510638297,0.0,14381.58,2730.81,30,7,8,3,479.386,292.7302887100613,0.0,1,30,False,normal,0.1745506763742394,0.01465062386004139,0.11059065536856019,51.828231292517,NORMAL
ACC_01095,8,5,0.6666666666666666,0.0004886460160718,0.0002434042553191,0.0128205128205128,10157.91,15700.23,24,32,5,8,423.24625,322.37715771400565,0.0,2,24,False,normal,0.17890080164485378,0.00806871719941891,0.11056796786667983,51.78571428571429,NORMAL
ACC_01457,11,11,1.0,0.0007245004559571,0.0063096405577111,0.0,13348.72,19156.16,31,46,11,11,430.6038709677419,326.65773666716683,0.0,1,31,False,normal,0.17556581827829626,0.01254365225116891,0.11035695186744532,51.743197278911566,NORMAL
ACC_00392,9,11,1.2,0.000574071620938,0.0005696499381742,0.0157894736842105,8836.39,20277.88,19,37,11,9,465.0731578947368,268.3904175523376,0.0,1,18,False,normal,0.16058028522121043,0.03481230421348235,0.1102730928181192,51.70068027210885,NORMAL
ACC_00077,7,5,0.75,0.0004953353490232,0.0007879588965164,0.0454545454545454,10559.88,12882.69,26,22,5,7,406.1492307692308,300.7556572491773,0.0,1,26,False,normal,0.18039250488423397,0.004700802119762414,0.11011582377844534,51.65816326530612,NORMAL
ACC_01664,12,6,0.5384615384615384,0.0005533114881938,0.0048459574468085,0.0,10934.53,16408.68,26,37,6,12,420.55884615384616,267.81536459773065,0.0384615384615384,1,26,False,normal,0.17288331982879573,0.015934773050112153,0.1101039011173223,51.6156462585034,NORMAL
ACC_01253,4,10,2.2,0.0003262255746907,0.0001693617021276,0.0109890109890109,14993.8,11608.94,23,21,10,4,651.9043478260869,470.6028586227176,0.0,1,21,False,normal,0.16869576902950095,0.022088918289999652,0.11005302873370043,51.57312925170068,NORMAL
ACC_00868,5,7,1.3333333333333333,0.0003210424887781,0.0002468085106382,0.0,12813.24,11737.26,25,21,7,5,512.5296,414.8460567837183,0.04,2,25,False,normal,0.17933681912238267,0.005845303680837213,0.10994021294576448,51.53061224489795,NORMAL
ACC_00188,10,7,0.7272727272727273,0.0006082421405032,0.0017293617021276,0.0,13040.6,12255.63,27,31,7,10,482.9851851851852,271.6788006985507,0.037037037037037,2,27,False,normal,0.17611479937517477,0.010228848119465275,0.10976041887289098,51.488095238095234,NORMAL
ACC_01430,9,8,0.9,0.000674296448619,0.0004765957446808,0.0073529411764705,10222.27,17837.26,18,39,8,9,567.9038888888889,428.1222795518738,0.0555555555555555,1,17,False,normal,0.1680522749714815,0.02224929468360745,0.10973108285633189,51.44557823129252,NORMAL
ACC_00799,6,8,1.2857142857142858,0.0005894876001552,0.00052,0.0109890109890109,10262.67,12676.97,25,29,8,6,410.5068,254.06211656338428,0.0,2,25,False,normal,0.17462134307552804,0.012134229575003186,0.1096264976753181,51.4030612244898,NORMAL
ACC_00101,5,11,2.0,0.0003810269923436,0.0023880851063829,0.0,9853.51,7499.96,28,20,11,5,351.91107142857146,196.5924936274561,0.0,1,28,False,normal,0.16617571913336568,0.02475790842711701,0.10960859485086621,51.36054421768708,NORMAL
ACC_00855,3,7,2.0,0.0002838549693674,0.0001702127659574,0.0,16391.86,9089.25,33,13,7,3,496.7230303030303,365.9054036008218,0.0303030303030303,1,31,False,normal,0.1726135368123735,0.015065593664927959,0.10959435955339529,51.31802721088435,NORMAL
ACC_01252,12,7,0.6153846153846154,0.0004156296439145,0.0045299108856009,0.0116959064327485,9124.99,14474.79,21,30,7,12,434.5233333333333,278.68125262265727,0.0476190476190476,1,21,False,normal,0.17430417098223094,0.012469546794692577,0.10957032130721558,51.275510204081634,NORMAL
ACC_01440,4,10,2.2,0.0006200201057171,0.0006629787234042,0.0,12364.99,16623.16,27,28,10,4,457.96259259259256,294.13780940223074,0.037037037037037,1,27,False,normal,0.1652191085167788,0.025942145026792193,0.10950832312078415,51.23299319727891,NORMAL
ACC_01334,9,7,0.8,0.0004863592288745,0.0044527659574468,0.0083333333333333,10203.35,9195.45,20,21,7,9,510.1675,333.41449096906075,0.0,2,20,False,normal,0.1758991744526817,0.009675764785084808,0.10940981058564293,51.19047619047619,NORMAL
ACC_01286,6,6,1.0,0.000326854282543,0.0006102127659574,0.0151515151515151,13794.65,12313.74,28,26,6,6,492.6660714285714,386.5637844769992,0.0,2,28,False,normal,0.17669778416427162,0.0080742747532567,0.10924838039986565,51.14795918367348,NORMAL
ACC_00853,7,10,1.375,0.0005524412552781,0.0034110638297872,0.0,6848.56,12476.84,15,26,10,7,456.5706666666667,321.7284260825018,0.0,1,15,False,normal,0.1661306343741798,0.023655081399340225,0.10914041318424396,51.10544217687075,NORMAL
ACC_00957,7,3,0.5,0.000318527347662,2.723404255319149e-05,0.0,14630.25,5825.8,23,12,3,7,636.0978260869565,337.1320657864258,0.0,1,23,False,normal,0.1689804060886609,0.01914445457354114,0.109046025482613,51.06292517006803,NORMAL
ACC_00942,9,10,1.1,0.0007789518972852,0.0035072340425531,0.0058479532163742,14895.89,19124.69,32,36,10,9,465.4965625,242.603173404362,0.03125,1,30,False,normal,0.16781510569217878,0.020572781941122605,0.10891817619175631,51.02040816326531,NORMAL
ACC_00527,10,3,0.3636363636363636,0.0005183486852204,0.0013738114526926,0.0,12816.9,17495.170000000002,28,35,3,10,457.74642857142857,312.60211156859265,0.0,1,26,False,normal,0.16511210382963704,0.024515278979378677,0.10887337388953369,50.97789115646258,NORMAL
ACC_00849,5,11,2.0,0.0005175912517062,0.0004178723404255,0.0,12848.31,16165.89,23,36,11,5,558.6221739130434,495.5284812744371,0.0,1,23,False,normal,0.1572507778899855,0.036298329204377366,0.10886979841574225,50.935374149659864,NORMAL
ACC_00829,6,6,1.0,0.000479348066415,0.0013217021276595,0.0151515151515151,5847.18,16351.78,17,30,6,6,343.9517647058824,203.2540784103512,0.0,1,17,False,normal,0.17249768826770331,0.013403719058339411,0.10886010058395776,50.89285714285714,NORMAL
ACC_00563,9,9,1.0,0.0004715618329668,0.0044629787234042,0.0,15260.01,11577.8,27,24,9,9,565.1855555555555,418.2542832493293,0.0,2,25,False,normal,0.17788157774408234,0.005219813812780074,0.10881687217156143,50.85034013605442,NORMAL
ACC_00740,7,6,0.875,0.0005447737395857,0.0001174468085106,0.0,8707.77,11921.91,20,25,6,7,435.3885,260.97793115561166,0.0,2,20,False,normal,0.17601128660962242,0.007949573134811686,0.10878660121969812,50.80782312925171,NORMAL
ACC_01113,8,6,0.7777777777777778,0.0005546130892271,0.000395744680851,0.0219780219780219,14619.52,19766.27,23,47,6,8,635.6313043478261,470.4773859245556,0.0,1,21,False,normal,0.16267449001101014,0.02739657826939251,0.10856332531436308,50.76530612244898,NORMAL
ACC_01006,12,6,0.5384615384615384,0.0003818546386965,0.000476698077005,0.0130718954248366,8887.32,15322.37,23,34,6,12,386.4052173913044,209.89406312513432,0.0,1,22,False,normal,0.16151108693033622,0.029021247728577886,0.10851515124963287,50.72278911564626,NORMAL
ACC_00467,4,10,2.2,0.0001564069707852,0.0006714893617021,0.0,15109.54,3744.32,27,7,10,4,559.6125925925926,283.04408271222445,0.0,1,27,False,normal,0.16971513390033785,0.01633049249720999,0.1083612773390867,50.68027210884354,NORMAL
ACC_00889,8,8,1.0,0.0006709532493685,0.0029574468085106,0.0083333333333333,13627.49,14424.18,26,31,8,8,524.1342307692307,479.9007809551726,0.0,2,24,False,normal,0.1713958499377853,0.013392932292033454,0.10819468287948457,50.63775510204081,NORMAL
ACC_00145,5,10,1.8333333333333333,0.0004217919824879,0.0020510638297872,0.0095238095238095,9355.12,15308.79,17,25,10,5,550.3011764705883,454.04224599538026,0.0,1,17,False,normal,0.15808860025971871,0.03312858840483191,0.108104595517764,50.595238095238095,NORMAL
ACC_01371,8,5,0.6666666666666666,0.0005711518825212,0.0002694751204536,0.0,12406.88,15762.22,22,27,5,8,563.949090909091,283.9577696118628,0.0,2,22,False,normal,0.17533014198444774,0.0072493901298347815,0.10809784124260256,50.55272108843537,NORMAL
ACC_01414,6,9,1.4285714285714286,0.0006904579925284,0.0,0.0,17301.33,23957.36,30,40,9,6,576.711,451.9150080021531,0.0,1,30,False,normal,0.16666100193825925,0.019778320823542177,0.1079079294923724,50.51020408163265,NORMAL
ACC_00277,3,9,2.5,0.0001725163137633,0.0019634042553191,0.0,13072.11,2786.33,27,5,9,3,484.15222222222224,297.67362192035,0.0,1,26,False,normal,0.17134969000078806,0.01274234227316762,0.10790675090973988,50.46768707482994,NORMAL
ACC_01400,8,11,1.3333333333333333,0.0005058504764512,0.0008851746045282,0.0,9856.15,16918.19,29,26,11,8,339.8672413793103,173.04475246711164,0.0,1,28,False,normal,0.15710138744991284,0.03410362158858843,0.10790228110538307,50.425170068027214,NORMAL
ACC_01825,10,7,0.7272727272727273,0.0003626277685082,0.0014386219247004,0.0,7406.41,12896.87,21,25,7,10,352.68619047619046,209.60686311464588,0.0476190476190476,1,20,False,normal,0.16927227081287227,0.01569588967263334,0.1078417183567767,50.38265306122449,NORMAL
ACC_01733,4,10,2.2,0.0001648323135764,0.0008723404255319,0.0219780219780219,11685.07,6834.31,22,12,10,4,531.1395454545454,413.4715737620996,0.0,1,22,False,normal,0.1673770123458579,0.01823775756945191,0.1077213104352955,50.34013605442177,NORMAL
ACC_00719,9,11,1.2,0.0009525896585878,0.0049012765957446,0.0,10172.71,16672.09,24,34,11,9,423.86291666666665,373.1956622898942,0.0,1,24,False,normal,0.16318411698170526,0.024423221059315704,0.10767975861274943,50.297619047619044,NORMAL
ACC_00695,7,9,1.25,0.0002491974740558,0.0049855319148936,0.0,17631.83,7724.81,34,17,9,7,518.5832352941177,310.2429490002428,0.0294117647058823,1,32,False,normal,0.17043798613734817,0.013514789076139238,0.1076687073128646,50.255102040816325,NORMAL
ACC_01326,11,7,0.6666666666666666,0.0008676831460375,0.0040417021276595,0.0065359477124183,14257.87,20895.26,23,38,7,11,619.9073913043478,411.8314888201173,0.0434782608695652,1,22,False,normal,0.1701854671427393,0.013401007106872722,0.10747168312839267,50.2125850340136,NORMAL
ACC_00542,4,6,1.4,0.0004466829510101,0.0001302127659574,0.0222222222222222,8799.85,9484.93,21,15,6,4,419.0404761904762,306.27298497380065,0.0476190476190476,1,21,False,normal,0.17497961020540956,0.005947206225810649,0.10736664861357,50.17006802721088,NORMAL
ACC_01844,4,5,1.2,0.0002476441985744,0.0013948936170212,0.0,6858.09,5133.32,16,11,5,4,428.630625,307.76542492551584,0.0,1,16,False,normal,0.1706695452754259,0.012404696448557614,0.10736360574467858,50.12755102040817,NORMAL
ACC_00916,7,11,1.5,0.0002971508939092,0.0052587234042553,0.0065359477124183,11339.65,5402.1,29,16,11,7,391.02241379310345,223.70789992844257,0.0,1,29,False,normal,0.1694533228435394,0.013423389629974301,0.10704134955811336,50.085034013605444,NORMAL
ACC_00285,3,10,2.75,0.0004579900914473,0.0022248752824798,0.0,10656.98,11966.56,24,19,10,3,444.0408333333333,332.2666013769361,0.0,1,24,False,normal,0.16443607384038406,0.020788959280409983,0.10697722801639442,50.042517006802726,NORMAL
ACC_00588,4,9,2.0,0.0001272625709436,0.0030622948023706,0.0128205128205128,13034.65,2376.91,29,8,9,4,449.4706896551724,313.5294963103954,0.0,1,29,False,normal,0.17091878074918126,0.011054174355255148,0.10697293819161081,50.0,NORMAL
ACC_00866,6,8,1.2857142857142858,0.0008546387956701,5.531914893617022e-05,0.0329670329670329,11574.11,14191.93,26,27,8,6,445.1580769230769,415.9504790430632,0.0,1,26,False,normal,0.16489250718723344,0.019721277771142638,0.10682401542079711,49.957482993197274,NORMAL
ACC_00183,6,11,1.7142857142857142,0.0006738153991614,0.0003012765957446,0.0073529411764705,14206.11,15588.55,34,31,11,6,417.8267647058824,334.8814452791405,0.0,1,33,False,normal,0.16089184330068929,0.02565594655826456,0.10679748460371939,49.91496598639456,NORMAL
ACC_00232,8,6,0.7777777777777778,0.0004213755697324,0.0005165957446808,0.0,6841.92,10991.03,17,15,6,8,402.4658823529412,252.402126577284,0.0588235294117647,1,17,False,normal,0.17019929188521893,0.01166330569623883,0.10678489740962689,49.87244897959184,NORMAL
ACC_01332,7,6,0.875,0.0001553064123043,0.004355945934422,0.0128205128205128,15346.6,3157.13,31,7,6,7,495.0516129032258,378.17551992072646,0.0,1,30,False,normal,0.15893762985238014,0.028331626320915033,0.1066952284397941,49.82993197278912,NORMAL
ACC_00950,12,7,0.6153846153846154,0.000397413022265,0.002367659574468,0.0058479532163742,17721.33,11751.66,33,29,7,12,537.0100000000001,375.3320093180837,0.0,1,32,False,normal,0.16164159639415923,0.024258259745540092,0.10668826173471158,49.78741496598639,NORMAL
ACC_00219,7,10,1.375,0.000431027964158,0.0019306698503389,0.0,12169.97,13873.43,22,23,10,7,553.1804545454546,414.2889868710496,0.0,2,21,False,normal,0.17031799796604924,0.011070654677150276,0.10661906065048965,49.744897959183675,NORMAL
ACC_00633,5,7,1.3333333333333333,0.0003571972624347,0.0009030827612672,0.0,14072.05,17290.92,24,29,7,5,586.3354166666667,391.8885540889218,0.0,2,24,False,normal,0.17041827849909794,0.010210674769456285,0.10633523700724128,49.702380952380956,NORMAL
ACC_00438,8,7,0.8888888888888888,0.0005744050323229,3.063829787234043e-05,0.0,14054.81,12623.25,24,29,7,8,585.6170833333333,333.03468297616723,0.0416666666666666,2,23,False,normal,0.17498141761356056,0.003284614732894513,0.10630269646129414,49.65986394557823,NORMAL
ACC_01318,10,4,0.4545454545454545,0.000824862506651,0.0006825531914893,0.0,12423.91,25756.61,23,46,4,10,540.17,305.05719566545673,0.0,1,22,False,normal,0.16494310642104063,0.018018381407546222,0.10617321641564287,49.61734693877551,NORMAL
ACC_01338,7,4,0.625,0.0001644022267423,0.0019855319148936,0.0181818181818181,15055.72,3887.7,29,11,4,7,519.1627586206896,392.0611403020904,0.0,1,29,False,normal,0.15734083201784627,0.029258657128918956,0.10610796206227534,49.57482993197279,NORMAL
ACC_00603,10,5,0.5454545454545454,0.0006043892192843,0.0002025531914893,0.0095238095238095,8968.39,19223.07,19,40,5,10,472.0205263157894,285.57540297273664,0.0526315789473684,1,19,False,normal,0.1689904309792098,0.011553707420647963,0.10601574155578507,49.53231292517007,NORMAL
ACC_01556,5,9,1.6666666666666667,0.0001577859439698,0.0037617021276595,0.0109890109890109,13004.01,4102.09,23,8,9,5,565.3917391304348,518.3686479774108,0.0,1,23,False,normal,0.15900073977523405,0.026431631729943398,0.10597309655711779,49.48979591836735,NORMAL
ACC_01611,9,8,0.9,0.0002597543804992,0.0089804255319148,0.0,15057.18,7519.66,31,16,8,9,485.7154838709678,333.45544305887614,0.0,1,30,False,normal,0.16259399519093953,0.02103809624876039,0.10597163561406787,49.447278911564624,NORMAL
ACC_00774,6,11,1.7142857142857142,0.0002862661273894,6.893617021276597e-05,0.0294117647058823,15061.83,6426.18,31,15,11,6,485.86548387096775,316.4499251681452,0.0,1,29,False,normal,0.16129490616036904,0.02282219948664309,0.10590582349087865,49.404761904761905,NORMAL
ACC_01549,7,7,1.0,0.000383290902138,0.0019668085106382,0.0,12662.3,11969.47,32,24,7,7,395.696875,331.9758208493941,0.0,2,31,False,normal,0.1693211325376098,0.010749156687262694,0.10589234219747096,49.36224489795919,NORMAL
ACC_00113,12,10,0.8461538461538461,0.0004628764915018,0.002887659574468,0.0043290043290043,16419.75,14765.52,26,28,10,12,631.5288461538462,359.7369663332021,0.0384615384615384,1,26,False,normal,0.16737353627468776,0.01302348601563722,0.10563351617106753,49.31972789115646,NORMAL
ACC_00322,11,6,0.5833333333333334,0.0005861594760935,0.0020621276595744,0.0220588235294117,8359.79,14717.87,17,34,6,11,491.7523529411765,269.32877894706616,0.0,1,17,False,normal,0.16792882172795257,0.011872081100484879,0.1055061254769655,49.27721088435374,NORMAL
ACC_01495,8,7,0.8888888888888888,0.0004596603365527,0.0002970212765957,0.0,19390.41,11943.03,31,32,7,8,625.4970967741936,519.3758913041275,0.0,1,31,False,normal,0.16758812792969702,0.011993565617202743,0.1053503030046993,49.234693877551024,NORMAL
ACC_01911,10,5,0.5454545454545454,0.0004707030219425,0.0,0.0095238095238095,17497.75,9900.38,32,18,5,10,546.8046875,382.66724670805706,0.0,1,32,False,normal,0.1586052622601318,0.025165717907869475,0.10522944451922688,49.1921768707483,NORMAL
ACC_01091,7,10,1.375,0.0003220197785336,0.0038246808510638,0.0,12372.73,9626.43,24,15,10,7,515.5304166666666,359.680662562721,0.0,2,23,False,normal,0.17087491969190885,0.006651232794455002,0.10518544493292731,49.14965986394558,NORMAL
ACC_01296,5,12,2.1666666666666665,0.0001876998794487,0.0014714893617021,0.0083333333333333,13632.16,4409.98,29,11,12,5,470.0744827586207,278.3884237457006,0.0,1,28,False,normal,0.15808692651191703,0.025661451811684485,0.105116736631824,49.107142857142854,NORMAL
ACC_00055,7,8,1.125,0.0002607723218151,0.0021361702127659,0.0,10826.08,6230.87,20,10,8,7,541.304,340.58103585366865,0.0,2,20,False,normal,0.16613581198410524,0.013457488213740666,0.10506448247595941,49.064625850340136,NORMAL
ACC_00592,3,7,2.0,0.0001833236954328,1.6170212765957446e-05,0.0222222222222222,13883.36,5590.38,24,8,7,3,578.4733333333334,320.32799550062634,0.0,1,24,False,normal,0.1701496232553406,0.00743621954533836,0.1050642617713397,49.02210884353742,NORMAL
ACC_01719,7,5,0.75,0.0004721943813742,0.0006984181128213,0.0151515151515151,6447.35,10270.37,15,17,5,7,429.8233333333334,268.3306848346076,0.0,1,15,False,normal,0.1689947668762106,0.009085059082271155,0.10503088375863481,48.97959183673469,NORMAL
ACC_01891,7,9,1.25,0.0006365855838356,0.005130260521042,0.0,7026.68,21140.38,19,32,9,7,369.8252631578948,337.61107739804885,0.0,1,19,False,normal,0.16391341244973004,0.016334933455540292,0.10488202085205414,48.93707482993197,NORMAL
ACC_01237,13,8,0.6428571428571429,0.0005489349009672,0.0051353771372532,0.0142857142857142,11474.98,16946.33,21,38,8,13,546.427619047619,313.936259388825,0.0,1,21,False,normal,0.1668807048294366,0.011737259692589772,0.10482332677469786,48.894557823129254,NORMAL
ACC_01576,7,6,0.875,0.0005930649103782,0.000663829787234,0.0,13556.8,16651.99,28,36,6,7,484.1714285714285,351.4351933694523,0.0,2,28,False,normal,0.1670760868593655,0.011161539452230938,0.10471026789651167,48.85204081632653,NORMAL
ACC_01586,6,11,1.7142857142857142,0.0005981493784182,0.007096746684859,0.0147058823529411,10943.43,14364.52,22,28,11,6,497.4286363636364,348.2076055116362,0.0,1,22,False,normal,0.1615698496619869,0.01907571013545796,0.10457219385137533,48.80952380952381,NORMAL
ACC_01769,9,7,0.8,0.0005097577278823,0.0027625531914893,0.0083333333333333,13618.04,11784.11,30,19,7,9,453.9346666666667,286.7211330475868,0.0,2,30,False,normal,0.16417858285209302,0.01497486606042459,0.10449709613542564,48.767006802721085,NORMAL
ACC_00687,4,11,2.4,0.0001872102794704,0.0002851063829787,0.0,12479.17,6142.17,27,7,11,4,462.1914814814815,393.49372176306906,0.0,1,27,False,normal,0.16001251555484644,0.021184473102297173,0.10448129857382672,48.724489795918366,NORMAL
ACC_01186,9,5,0.6,0.0003032288855502,0.0022834042553191,0.0329670329670329,12176.0,10275.28,22,23,5,9,553.4545454545455,425.03630248012223,0.0,1,21,False,normal,0.16373300823326514,0.015566256253173283,0.1044663074412284,48.68197278911565,NORMAL
ACC_00909,9,7,0.8,0.0005753898957875,0.0005625531914893,0.0,16461.21,14854.33,30,30,7,9,548.707,410.32505665420416,0.0,2,29,False,normal,0.1707763313510909,0.004955306573699104,0.10444792144013418,48.63945578231292,NORMAL
ACC_00852,5,11,2.0,0.0003119426249618,0.0002553191489361,0.0166666666666666,15936.36,10358.22,26,23,11,5,612.9369230769231,372.7335050114946,0.0384615384615384,1,26,False,normal,0.1632485013956927,0.016045377441496145,0.10436725181401406,48.5969387755102,NORMAL
ACC_00142,8,5,0.6666666666666666,0.0004759909412031,0.0022282863599539,0.0,9726.51,10828.04,21,24,5,8,463.1671428571429,306.6257986559979,0.0,2,21,False,normal,0.16597172038844063,0.011425968515894528,0.10415341963942219,48.554421768707485,NORMAL
ACC_00922,7,4,0.625,0.0005526334490741,2.893617021276596e-05,0.0181818181818181,7687.09,16696.72,20,25,4,7,384.3545,238.36503009758172,0.0,1,20,False,normal,0.16956947449504312,0.005737488992986577,0.1040366802942205,48.51190476190476,NORMAL
ACC_01584,3,7,2.0,0.0003760784014012,0.0001948936170212,0.0,9254.75,5424.39,24,11,7,3,385.6145833333333,212.90493610344063,0.0,1,24,False,normal,0.1628381513930415,0.01525750955976407,0.10380589465973053,48.46938775510204,NORMAL
ACC_01714,10,6,0.6363636363636364,0.0004643327762539,0.0026231185775806,0.0,13482.68,13946.22,31,29,6,10,434.9251612903226,312.98179707315217,0.064516129032258,1,30,False,normal,0.16391594435554502,0.013613669349414034,0.10379503435309263,48.42687074829932,NORMAL
ACC_00041,5,6,1.1666666666666667,0.0002367187987648,0.0002459574468085,0.0,12681.45,3894.64,27,5,6,5,469.6833333333333,373.9983208415617,0.074074074074074,1,26,False,normal,0.16449282616236305,0.012699318496999751,0.10377542309621773,48.3843537414966,NORMAL
ACC_00362,8,9,1.1111111111111112,0.0007032004896162,0.0055982978723404,0.0,11358.33,16285.32,25,45,9,8,454.3332,288.6533713747338,0.04,1,25,False,normal,0.1580249972057533,0.022377797574769664,0.10376611735335985,48.34183673469388,NORMAL
ACC_01097,6,11,1.7142857142857142,0.0005146947047542,0.0025548936170212,0.0073529411764705,14969.38,10315.37,32,23,11,6,467.793125,337.79676698196465,0.0625,1,31,False,normal,0.1646497375019462,0.012203808283334006,0.10367136581450133,48.29931972789115,NORMAL
ACC_00913,10,7,0.7272727272727273,0.0008337654951822,0.0041012765957446,0.0147058823529411,7404.32,18903.22,18,35,7,10,411.3511111111111,293.86523675855807,0.0,1,18,False,normal,0.16444041246916816,0.012299610629442901,0.10358409173327805,48.25680272108844,NORMAL
ACC_00175,8,7,0.8888888888888888,0.0003584758050383,0.0006156994840745,0.0,13841.5,15431.13,25,30,7,8,553.66,353.5398013779118,0.04,2,25,False,normal,0.16856253195058318,0.006070282573041929,0.10356563219956669,48.214285714285715,NORMAL
ACC_00824,4,12,2.6,0.0003166098534882,0.0002689361702127,0.0,13561.71,6506.07,25,12,12,4,542.4684000000001,350.2888170933618,0.0,1,25,False,normal,0.1555992362105987,0.025433893554142478,0.10353309914801621,48.17176870748299,NORMAL
ACC_01950,12,9,0.7692307692307693,0.0007352712900656,0.0027800281413891,0.0047619047619047,11861.32,24565.92,23,54,9,12,515.7095652173913,347.38656545539186,0.0,1,23,False,normal,0.15708214371307533,0.02255221199062573,0.10327017102409548,48.12925170068027,NORMAL
ACC_01475,4,10,2.2,0.0001808826598038,0.0007012765957446,0.0109890109890109,10168.01,3332.91,20,10,10,4,508.4005,286.1307266466078,0.0,1,20,False,normal,0.15969735948628114,0.018496038391035734,0.10321683104818297,48.08673469387755,NORMAL
ACC_00704,11,10,0.9166666666666666,0.0004619493271277,0.0020587234042553,0.0095238095238095,13230.82,12503.26,26,26,10,11,508.8776923076923,354.08112094612096,0.0,2,26,False,normal,0.16402754238681405,0.011967112956864666,0.1032033706148343,48.044217687074834,NORMAL
ACC_01657,4,9,2.0,0.0002211830720983,0.0056093617021276,0.0128205128205128,12414.54,6595.2,27,15,9,4,459.7977777777778,280.9872502354365,0.0,1,26,False,normal,0.16524832961811234,0.01002061886418128,0.10315724531653991,48.00170068027211,NORMAL
ACC_00383,4,5,1.2,0.0001397751529314,0.0019174468085106,0.0,12502.57,1705.75,26,4,5,4,480.8680769230769,262.02210451821395,0.0,1,26,False,normal,0.15941655741209385,0.018739599793819155,0.10314577436478398,47.95918367346938,NORMAL
ACC_00646,10,7,0.7272727272727273,0.0006510086431012,0.0029753123267812,0.0073529411764705,6360.65,15531.82,18,34,7,10,353.3694444444444,225.3672774272417,0.0,1,18,False,normal,0.16440919377249893,0.010864646725702826,0.1029913749537805,47.91666666666667,NORMAL
ACC_01505,9,7,0.8,0.0006321983429448,0.0008068085106382,0.0,10062.03,22906.22,22,47,7,9,457.365,229.16053106418445,0.0454545454545454,1,22,False,normal,0.1572410433723069,0.021374197082578077,0.10289430485641538,47.874149659863946,NORMAL
ACC_01643,8,5,0.6666666666666666,0.0008015799910544,0.0016348936170212,0.0128205128205128,16520.26,14417.72,33,27,5,8,500.61393939393935,295.6752040662544,0.0,1,32,False,normal,0.15203568496659162,0.029129964619077003,0.10287339682758577,47.83163265306122,NORMAL
ACC_01367,5,9,1.6666666666666667,0.0003753564476181,0.0010961702127659,0.0,12944.8,10000.15,22,18,9,5,588.4,334.9607843997776,0.1363636363636363,1,22,False,normal,0.16674629176385497,0.006407942239551544,0.1026109519541336,47.7891156462585,NORMAL
ACC_01918,9,6,0.7,0.0004906600596752,0.0005960857885984,0.0,7375.34,10143.69,19,20,6,9,388.1757894736842,230.1205717376048,0.0526315789473684,1,19,False,normal,0.16328385857592503,0.01109265335617033,0.10240737648802314,47.74659863945578,NORMAL
ACC_01849,6,7,1.1428571428571428,0.0005013775444037,0.0008306382978723,0.0256410256410256,7045.5,10467.58,15,19,7,6,469.7,326.93778702639173,0.0,1,14,False,normal,0.16147103458651937,0.013454654352705745,0.10226448249299391,47.704081632653065,NORMAL
ACC_01713,6,5,0.8571428571428571,0.0004792004704897,0.0004272340425531,0.0,10504.07,12488.98,24,23,5,6,437.6695833333333,281.0442718564054,0.0,2,22,False,normal,0.164384641580763,0.008524112966093188,0.10204043013489507,47.66156462585034,NORMAL
ACC_00827,9,11,1.2,0.0003550868556997,0.0051149106724086,0.0052631578947368,10043.47,11010.15,19,25,11,9,528.6036842105262,333.33951329622084,0.0526315789473684,1,19,False,normal,0.16157843847853515,0.012676487277995559,0.10201765799831931,47.61904761904761,NORMAL
ACC_01174,10,11,1.0909090909090908,0.0004777813046815,0.0057685106382978,0.0047619047619047,9079.43,11019.55,26,25,11,10,349.20884615384614,206.062744839079,0.0,1,26,False,normal,0.16203126270929172,0.01166895960338014,0.10188634146692709,47.5765306122449,NORMAL
ACC_00820,11,9,0.8333333333333334,0.0007588420938269,0.0035540425531914,0.0157894736842105,13897.32,22917.67,29,43,9,11,479.2179310344828,348.4557726842749,0.0344827586206896,1,29,False,normal,0.16470840310653756,0.007349536612745342,0.10176485650902067,47.534013605442176,NORMAL
ACC_01202,5,9,1.6666666666666667,0.0004744976464485,0.0001455319148936,0.0109890109890109,13041.63,11648.57,27,20,9,5,483.02333333333337,290.4739369746251,0.0,2,26,False,normal,0.1634032773000693,0.009298627673199,0.10176141744932117,47.49149659863946,NORMAL
ACC_01135,9,8,0.9,0.0005577251094783,0.0007939282820961,0.0073529411764705,22334.64,12702.32,31,24,8,9,720.4722580645162,413.7162101868838,0.0,1,29,False,normal,0.16528489524275167,0.006308088283902886,0.10169417245921214,47.44897959183674,NORMAL
ACC_01250,11,10,0.9166666666666666,0.0005746671147699,0.0069531914893617,0.0,9904.03,19439.17,26,39,10,11,380.9242307692308,316.5439839412284,0.0,1,26,False,normal,0.16732291631885463,0.0032508668301567956,0.1016940965233755,47.406462585034014,NORMAL
ACC_00564,10,5,0.5454545454545454,0.0002620451566507,0.0027715004477039,0.0285714285714285,12410.6,9197.0,24,23,5,10,517.1083333333333,415.9578082457159,0.0,1,24,False,normal,0.15505489609507128,0.021554152082394713,0.10165459849000065,47.363945578231295,NORMAL
ACC_01342,10,10,1.0,0.0004043202077584,0.0084688525988146,0.0052631578947368,16301.69,14450.53,32,26,10,10,509.4278125,320.10235734672665,0.0,1,31,False,normal,0.1639457787898419,0.007732301613765899,0.10146038791941149,47.32142857142857,NORMAL
ACC_01533,4,6,1.4,0.0002272268924236,0.0001923404255319,0.0,17382.27,5283.91,29,10,6,4,599.3886206896552,446.72316345747976,0.0344827586206896,1,28,False,normal,0.16040611593949594,0.012964102084969599,0.10142931039768541,47.27891156462585,NORMAL
ACC_01994,7,8,1.125,0.0004321954690363,0.0016246808510638,0.0,12670.11,17733.670000000002,25,32,8,7,506.8044,296.88252608116454,0.04,2,24,False,normal,0.16474544504772903,0.006372820985250261,0.10139639542273751,47.23639455782313,NORMAL
ACC_01074,6,8,1.2857142857142858,0.0001916082394104,0.0020808510638297,0.0,12199.32,4090.49,24,10,8,6,508.305,375.5932781845161,0.0,2,24,False,normal,0.16227075207728853,0.009892149057597516,0.10131931086941212,47.19387755102041,NORMAL
ACC_00504,6,11,1.7142857142857142,0.0005094566335922,0.0007531914893617,0.0073529411764705,13103.31,20466.13,31,35,11,6,422.6874193548387,251.41542544783977,0.0,1,31,False,normal,0.14612777056505968,0.03318463490898702,0.1009505163026306,47.15136054421769,NORMAL
ACC_01370,5,5,1.0,0.0002354511233893,0.0029046808510638,0.0,8580.17,4082.12,24,9,5,5,357.50708333333336,250.20727516060973,0.0416666666666666,1,24,False,normal,0.1586840577571721,0.014319075445435704,0.10093806483247753,47.10884353741497,NORMAL
ACC_01045,12,8,0.6923076923076923,0.000446420143634,0.0039591489361702,0.0157894736842105,11942.97,11942.85,19,27,8,12,628.5773684210527,376.8142927939454,0.0,1,19,False,normal,0.15673484875125934,0.017192002276195745,0.1009177101612339,47.066326530612244,NORMAL
ACC_00692,8,9,1.1111111111111112,0.0003186957903282,0.0039227390952117,0.0147058823529411,14720.43,6551.53,29,11,9,8,507.6010344827586,325.9857685691293,0.0689655172413793,1,28,False,normal,0.16083636230132764,0.01048769136216188,0.10069689392566133,47.023809523809526,NORMAL
ACC_01669,5,7,1.3333333333333333,0.000356465123432,0.0009217021276595,0.0151515151515151,14807.31,8281.68,35,18,7,5,423.066,268.7083729206201,0.0,1,34,False,normal,0.15200176868192927,0.023657402732643964,0.10066402230221515,46.9812925170068,NORMAL
ACC_01266,9,9,1.0,0.0007719367370017,0.0006438408732358,0.0065359477124183,13721.15,19998.2,27,32,9,9,508.1907407407408,295.0596861774284,0.0,2,25,False,normal,0.16165414384662585,0.009171959787800108,0.10066127022309555,46.93877551020408,NORMAL
ACC_00557,4,7,1.6,0.0001924193956475,0.0006102127659574,0.0181818181818181,14744.21,3268.48,23,8,7,4,641.0526086956521,465.945977459906,0.0,1,22,False,normal,0.1579822608469295,0.014205096274762885,0.10047139501806286,46.89625850340136,NORMAL
ACC_01813,8,6,0.7777777777777778,0.0006351617362217,0.0017055319148936,0.0329670329670329,12183.77,19847.0,27,41,6,8,451.2507407407408,256.6486183470119,0.0,1,27,False,normal,0.15532579550565817,0.01803998838628238,0.10041147265790785,46.85374149659864,NORMAL
ACC_00423,7,5,0.75,0.0005708755268372,4.263846842621413e-06,0.0,12302.78,19351.11,31,38,5,7,396.863870967742,202.899977914857,0.0,1,29,False,normal,0.14790412358167881,0.029025398816052664,0.10035263367542835,46.81122448979592,NORMAL
ACC_00295,5,8,1.5,0.0005175135671678,0.0002208672664477,0.0384615384615384,15051.19,11713.68,30,27,8,5,501.70633333333336,340.1470259743504,0.0,1,30,False,normal,0.1593323881065894,0.011747524056221089,0.10029844248644207,46.7687074829932,NORMAL
ACC_00877,11,10,0.9166666666666666,0.0006449517444916,0.0006944680851063,0.0105263157894736,16938.5,17817.08,34,29,10,11,498.1911764705882,323.3162616776964,0.0,1,34,False,normal,0.15402269931970305,0.019616462515548758,0.10026020459804133,46.726190476190474,NORMAL
ACC_01397,12,6,0.5384615384615384,0.0005897021915829,0.0074391489361702,0.0065359477124183,12347.06,13951.19,24,31,6,12,514.4608333333333,349.9426800754744,0.0,1,24,False,normal,0.15454323893317312,0.01880575261845959,0.10024824440728772,46.683673469387756,NORMAL
ACC_00072,10,4,0.4545454545454545,0.0002210516489181,0.0010970212765957,0.0109890109890109,12083.32,8162.05,23,16,4,10,525.3617391304348,493.0220570545424,0.0,1,23,False,normal,0.13770031920285056,0.044001995227285685,0.10022098961262461,46.64115646258503,NORMAL
ACC_00167,6,5,0.8571428571428571,0.0001796139850193,0.0023012765957446,0.0,12034.13,5137.1900000000005,23,17,5,6,523.2230434782609,344.97905998948005,0.0869565217391304,1,23,False,normal,0.15969750831053117,0.010900600832114901,0.10017874531916467,46.59863945578231,NORMAL
ACC_00003,9,7,0.8,0.0002360442529122,0.0074178723404255,0.0083333333333333,11074.99,6701.41,20,15,7,9,553.7495,460.16888255091504,0.0,1,20,False,normal,0.14567802753187747,0.03175373550554477,0.10010831072134438,46.55612244897959,NORMAL
ACC_01555,4,8,1.8,0.0001329486646563,0.0005251063829787,0.0,17099.24,4912.39,33,9,8,4,518.158787878788,393.1467435064608,0.0,1,33,False,normal,0.15652935255776998,0.015314201680303797,0.1000432922067835,46.51360544217687,NORMAL
ACC_01263,8,9,1.1111111111111112,0.0003380783387265,0.0015401014795548,0.0220588235294117,7608.809999999999,9765.16,18,19,9,8,422.7116666666666,373.65512649485,0.0555555555555555,1,18,False,normal,0.15568564765256232,0.016322793362621674,0.09994050593658606,46.47108843537415,NORMAL
ACC_00355,10,6,0.6363636363636364,0.0006862098320501,0.0010331914893617,0.0083333333333333,11646.93,16967.87,26,27,6,10,447.9588461538461,376.850242099717,0.0,2,26,False,normal,0.16156781717553567,0.00743965949273381,0.09991655410241493,46.42857142857143,NORMAL
ACC_00964,11,11,1.0,0.0006548850594268,0.0053310638297872,0.0043290043290043,11894.8,14810.27,29,28,11,11,410.1655172413793,299.6981972940946,0.0344827586206896,1,29,False,normal,0.16202791221279603,0.006491227902297091,0.09981323848859645,46.386054421768705,NORMAL
ACC_01354,6,3,0.5714285714285714,0.0002689794009965,0.0002246808510638,0.0,9249.76,7672.7,21,21,3,6,440.46476190476193,253.33371032334105,0.0,1,21,False,normal,0.15716477630064776,0.013411867097213478,0.09966361261927405,46.343537414965986,NORMAL
ACC_01592,9,5,0.6,0.0008361120022372,0.000435744680851,0.0,8344.18,21582.75,21,47,5,9,397.3419047619048,269.67517636258344,0.0,1,20,False,normal,0.15099872801898345,0.022635420266618994,0.09965340491803766,46.30102040816326,NORMAL
ACC_00338,6,7,1.1428571428571428,0.0003288459419431,0.0014936170212765,0.0,15926.43,13432.52,28,28,7,6,568.8010714285714,323.6328968919281,0.0,2,28,False,normal,0.16013987157207346,0.008341539931903608,0.09942053891600551,46.25850340136054,NORMAL
ACC_01722,5,10,1.8333333333333333,0.0001754680547791,0.0035948936170212,0.019047619047619,10418.48,3402.93,23,8,10,5,452.9773913043478,333.2154770799409,0.0,1,23,False,normal,0.15882803280613286,0.010160201309739512,0.09936090020757551,46.215986394557824,NORMAL
ACC_01001,10,10,1.0,0.0005748994119901,0.0052846117767449,0.0263157894736842,13334.2,20299.22,25,40,10,10,533.368,351.28904310885264,0.0,1,25,False,normal,0.1609466198252538,0.00675823168152974,0.09927126456776417,46.1734693877551,NORMAL
ACC_01808,7,10,1.375,0.0003650216271251,0.0038101735385664,0.0,7275.17,8904.39,17,15,10,7,427.9511764705882,282.8105457254545,0.0,1,16,False,normal,0.15460213706610026,0.016240554555023434,0.09925750406166953,46.13095238095239,NORMAL
ACC_01637,10,11,1.0909090909090908,0.0005307513361219,0.0023302127659574,0.0047619047619047,18121.1,14070.84,34,26,11,10,532.9735294117646,401.6149481695451,0.0,1,34,False,normal,0.15764982993528823,0.011413655032667305,0.09915535997423985,46.08843537414966,NORMAL
ACC_01359,6,5,0.8571428571428571,0.0002505528590466,0.0002336588069756,0.0,7977.91,4653.12,21,10,5,6,379.9004761904762,212.1199303808152,0.0476190476190476,1,21,False,normal,0.15659698492831567,0.012959711276419664,0.09914207546755727,46.045918367346935,NORMAL
ACC_00432,9,10,1.1,0.0004942870209008,0.008658167398627,0.0175438596491228,9622.39,11045.63,22,24,10,9,437.3813636363636,290.9801491232112,0.0,1,22,False,normal,0.1642190126542454,0.0015046217523385827,0.09913325629348267,46.00340136054422,NORMAL
ACC_00388,12,7,0.6153846153846154,0.0006571036954933,0.001247659574468,0.0116959064327485,13793.76,26658.47,27,49,7,12,510.88,342.1125003899696,0.0,1,27,False,normal,0.1555531709390664,0.014324050007238538,0.09906152256633524,45.9608843537415,NORMAL
ACC_01934,3,6,1.75,0.0001355419393987,0.0017412765957446,0.0,11523.77,1743.7599999999998,25,3,6,3,460.9508,407.9519632048198,0.0,1,25,False,normal,0.15336778956970257,0.017485708954682374,0.09901495732369447,45.91836734693878,NORMAL
ACC_00890,8,11,1.3333333333333333,0.0006524714825272,0.0038825531914893,0.0175438596491228,15505.64,16981.42,25,38,11,8,620.2256,403.5658844505236,0.0,1,25,False,normal,0.15471688787369373,0.015127432561306052,0.09888110574873867,45.875850340136054,NORMAL
ACC_00169,7,10,1.375,0.0002875056435399,0.0086323404255319,0.0,10507.48,6057.16,24,14,10,7,437.81166666666667,337.3750782742847,0.0,1,24,False,normal,0.16116706173880707,0.005372299355972726,0.09884915678567334,45.83333333333333,NORMAL
ACC_00881,6,4,0.7142857142857143,0.0004419660921749,0.0012646808510638,0.0,13657.2,12952.02,33,19,4,6,413.8545454545455,273.62242129998816,0.0,1,30,False,normal,0.14639224560815278,0.027409901866219295,0.09879930811137938,45.79081632653062,NORMAL
ACC_01724,6,6,1.0,0.0003323844038979,0.0004927659574468,0.0,10047.54,5884.92,17,11,6,6,591.0317647058824,519.1622089269799,0.0,1,17,False,normal,0.14086814716442464,0.03560532439546165,0.09876301805683944,45.74829931972789,NORMAL
ACC_00845,6,7,1.1428571428571428,0.0004507776339513,0.0006706382978723,0.0128205128205128,14251.64,8229.16,25,19,7,6,570.0656,282.67613307281533,0.0,2,25,False,normal,0.1615465737408573,0.004427020847279075,0.098698752583426,45.705782312925166,NORMAL
ACC_01117,9,8,0.9,0.000411890438034,0.0033191489361702,0.0147058823529411,15038.24,11433.7,29,26,8,9,518.56,363.2080783694894,0.0,2,29,False,normal,0.1607674821982785,0.005523879529191403,0.09867004113064366,45.66326530612245,NORMAL
ACC_01649,6,10,1.5714285714285714,0.0002693509887589,0.0056893617021276,0.0,16303.38,5444.1,31,13,10,6,525.9154838709678,380.410401784167,0.032258064516129,1,30,False,normal,0.15921110645601513,0.007638759428916882,0.09858216764517583,45.62074829931973,NORMAL
ACC_01921,8,9,1.1111111111111112,0.0005341943034445,0.0093540425531914,0.0,9411.86,12160.01,23,27,9,8,409.2113043478261,306.78362394519786,0.0,1,23,False,normal,0.15817212416697138,0.008948134222609004,0.09848252818922643,45.57823129251701,NORMAL
ACC_01843,10,5,0.5454545454545454,0.0006847775854888,0.0010983669466592,0.0095238095238095,14705.65,23543.3,29,50,5,10,507.0913793103448,354.85137222428506,0.0,1,29,False,normal,0.14811228301721058,0.023750405100426888,0.0983675318504971,45.535714285714285,NORMAL
ACC_00276,5,5,1.0,0.0005822727977517,5.287170084850552e-05,0.0,9878.49,17289.69,23,32,5,5,429.4995652173913,242.702474394216,0.0434782608695652,1,23,False,normal,0.15374379269890395,0.01518633319090696,0.09832080889570516,45.49319727891156,NORMAL
ACC_01442,4,5,1.2,0.000201978892854,0.0002323404255319,0.0,8117.7,4926.94,16,12,5,4,507.35625,405.2541858286805,0.0,1,16,False,normal,0.15134357591379893,0.01875944880720074,0.09830992507115965,45.45068027210885,NORMAL
ACC_00038,12,11,0.9230769230769232,0.0005668053231197,0.00564,0.0,11501.21,16299.61,27,33,11,12,425.9707407407407,361.1762753722036,0.0,1,27,False,normal,0.16103659894217512,0.004029475431543415,0.09823374953792244,45.40816326530612,NORMAL
ACC_01051,7,9,1.25,0.0005915116577757,0.0042451063829787,0.0,11685.47,13773.49,28,27,9,7,417.3382142857143,346.01276631397377,0.0714285714285714,1,28,False,normal,0.16034501590157188,0.004932079581300696,0.0981798413734634,45.3656462585034,NORMAL
ACC_00131,7,6,0.875,0.0002195737590297,0.0002195744680851,0.0,14931.25,6506.37,35,14,6,7,426.6071428571428,353.8316396052144,0.0,1,35,False,normal,0.14663400738389468,0.025107428969176403,0.09802337601800737,45.32312925170068,NORMAL
ACC_00938,5,8,1.5,0.000181059726842,0.0017080970451541,0.0256410256410256,12088.82,3774.7,22,8,8,5,549.4918181818182,418.4273466620364,0.0454545454545454,1,22,False,normal,0.15562745953881998,0.01153071471540923,0.09798876160945567,45.28061224489796,NORMAL
ACC_01506,11,5,0.5,0.000903143680549,6.808510638297873e-05,0.0083333333333333,11869.82,17988.85,22,36,5,11,539.5372727272727,369.25604448973854,0.0454545454545454,1,22,False,normal,0.15498664527910505,0.012268020586275168,0.09789919540197309,45.23809523809524,NORMAL
ACC_01257,9,6,0.7,0.0011252364926031,0.0015812765957446,0.0,11270.96,21403.58,21,38,6,9,536.712380952381,409.0734324532059,0.0,1,19,False,normal,0.1386931006923799,0.03657045506086625,0.09784404243977443,45.195578231292515,NORMAL
ACC_00463,6,6,1.0,0.0001867882122248,0.0035370212765957,0.0,17012.18,5092.77,29,9,6,6,586.6268965517241,406.9566950119197,0.0344827586206896,1,28,False,normal,0.14858782261646158,0.021253139929226728,0.09765394954156763,45.1530612244898,NORMAL
ACC_00875,6,9,1.4285714285714286,0.0005455431861691,0.0003821276595744,0.0,13971.88,17364.49,30,42,9,6,465.7293333333333,238.4980207672279,0.0333333333333333,1,29,False,normal,0.14217873200608383,0.030848310191636082,0.09764656328030473,45.11054421768708,NORMAL
ACC_00894,6,8,1.2857142857142858,0.0001451490373983,0.0042629787234042,0.0,11057.84,2012.19,28,6,8,6,394.92285714285714,279.2226862779512,0.0,1,28,False,normal,0.15320519937195687,0.014268599425837195,0.097630559393509,45.06802721088435,NORMAL
ACC_00895,8,7,0.8888888888888888,0.000440686426436,0.0022953191489361,0.0,6530.8,8756.13,13,16,7,8,502.3692307692308,302.9590439993922,0.0,1,13,False,normal,0.14985253574345747,0.019132266332272684,0.09756442797898356,45.025510204081634,NORMAL
ACC_01112,8,8,1.0,0.0003425826308127,0.0065923404255319,0.0,7287.559999999999,8393.93,21,16,8,8,347.02666666666664,219.1185529646756,0.0,1,21,False,normal,0.15824044455073763,0.006503314843739688,0.09754559266793845,44.982993197278915,NORMAL
ACC_00821,5,6,1.1666666666666667,0.0004809365388534,0.0001404255319148,0.0181818181818181,7655.469999999999,9512.28,21,18,6,5,364.5461904761904,203.42015282356343,0.0,1,19,False,normal,0.15587035883245767,0.010055308234801092,0.09754433859339504,44.94047619047619,NORMAL
ACC_01245,5,6,1.1666666666666667,0.00062357569923,0.0011914893617021,0.0181818181818181,10700.97,17495.78,26,28,6,5,411.57576923076925,259.8370129473178,0.0384615384615384,1,25,False,normal,0.15209289453206848,0.015702237648802988,0.09753663177876229,44.89795918367347,NORMAL
ACC_00186,7,7,1.0,0.0004673259935149,0.0007012765957446,0.0109890109890109,11040.49,18362.14,18,27,7,7,613.3605555555555,530.6580013471868,0.0,1,17,False,normal,0.14223011032922572,0.030486404338682434,0.0975326279330084,44.855442176870746,NORMAL
ACC_01241,7,6,0.875,0.0005940566857143,0.0008127659574468,0.0,18376.47,14841.88,27,29,6,7,680.61,517.6964809392884,0.0,1,26,False,normal,0.15095760317531778,0.016567823179953683,0.09720169117717214,44.81292517006803,NORMAL
ACC_00726,9,10,1.1,0.0002459585786911,0.002571914893617,0.0058479532163742,11676.67,6549.38,21,13,10,9,556.0319047619048,407.2896819785525,0.0476190476190476,1,20,False,normal,0.14531215456172727,0.02496060751841333,0.0971715357444017,44.77040816326531,NORMAL
ACC_01977,8,10,1.2222222222222223,0.0004417463251778,0.002125954035731,0.0130718954248366,17815.36,9880.82,30,18,10,8,593.8453333333333,513.7181725403151,0.0,1,30,False,normal,0.15261393168772056,0.013572872610688387,0.09699750805690768,44.72789115646258,NORMAL
ACC_00453,8,5,0.6666666666666666,0.0001853994153664,0.000247659574468,0.0256410256410256,11052.19,4090.55,20,8,5,8,552.6095,316.114766658783,0.0,1,20,False,normal,0.14788651169028547,0.020229209677288716,0.09682359088508675,44.685374149659864,NORMAL
ACC_01810,8,4,0.5555555555555556,0.000361170585294,0.0010412313989681,0.0,11423.82,7108.22,18,18,4,8,634.6566666666666,438.1542267955697,0.0,1,18,False,normal,0.14449021318821517,0.025307779862793398,0.09681723985804647,44.642857142857146,NORMAL
ACC_01433,8,5,0.6666666666666666,0.0002753210812617,0.0022144680851063,0.0,7795.29,9682.95,16,21,5,8,487.205625,213.43696465135395,0.0,1,16,False,normal,0.15190872958760926,0.013950998797121139,0.096725637271414,44.60034013605442,NORMAL
ACC_01035,9,8,0.9,0.0002943610083735,0.0011302127659574,0.0147058823529411,19008.62,6239.29,29,13,8,9,655.4696551724138,446.5231014459128,0.0,1,29,False,normal,0.14828859300399924,0.01919361987352595,0.09665060375180992,44.5578231292517,NORMAL
ACC_00294,10,7,0.7272727272727273,0.0004841963043352,0.0003285106382978,0.0073529411764705,11517.29,16886.43,24,37,7,10,479.88708333333335,296.3289678055259,0.0,2,24,False,normal,0.15332087659560656,0.011488675051147965,0.09658799597782311,44.515306122448976,NORMAL
ACC_00676,12,7,0.6153846153846154,0.0006745227769059,0.0017328273568413,0.0116959064327485,8376.22,18497.34,18,34,7,12,465.3455555555555,259.86707315182645,0.0,1,17,False,normal,0.15195717355048538,0.013456236318180255,0.09655679865756332,44.47278911564626,NORMAL
ACC_01248,3,8,2.25,0.0002080845260567,0.0004221276595744,0.0,13609.11,5793.639999999999,23,6,8,3,591.7004347826087,426.4483601208971,0.0,1,22,False,normal,0.1507128410394037,0.015252120033236307,0.09652855263693673,44.43027210884354,NORMAL
ACC_01028,10,10,1.0,0.0006180327749532,0.0012429787234042,0.0105263157894736,17276.86,16742.58,34,33,10,10,508.1429411764706,388.3915444459984,0.0294117647058823,1,32,False,normal,0.15490522283707053,0.008905707444685185,0.09650541668011639,44.38775510204081,NORMAL
ACC_00502,11,8,0.75,0.000809746562977,0.0020330021745618,0.0116959064327485,12626.68,28594.63,26,49,8,11,485.64153846153846,259.11703711940373,0.0,1,25,False,normal,0.1495544203541749,0.01686627080469304,0.09647916053438216,44.345238095238095,NORMAL
ACC_01879,6,6,1.0,0.0006785330913247,0.0007463829787234,0.0,11392.06,15939.54,17,32,6,6,670.1211764705882,423.27449683807953,0.0,1,16,False,normal,0.14415222338284595,0.024870125115602375,0.09643938407594851,44.302721088435376,NORMAL
ACC_00772,6,4,0.7142857142857143,0.0003225791622178,0.0002485106382978,0.0222222222222222,8301.7,6082.18,19,18,4,6,436.9315789473685,238.67737318311228,0.0,1,19,False,normal,0.15629993060952813,0.006621961394927601,0.09642874292368792,44.26020408163265,NORMAL
ACC_01516,5,7,1.3333333333333333,0.0001785710911892,0.0015761702127659,0.0,12975.07,4233.57,32,9,7,5,405.4709375,288.0967573057019,0.03125,1,32,False,normal,0.14812921577234145,0.0188263875407644,0.09640808447971062,44.21768707482993,NORMAL
ACC_00172,6,12,1.8571428571428568,0.0002500747891288,0.0036493617021276,0.0065359477124183,9646.19,7517.94,23,14,12,6,419.39956521739134,348.41026613721124,0.0,1,23,False,normal,0.14875528268085714,0.017191434068337334,0.0961297432358492,44.17517006802721,NORMAL
ACC_01508,6,7,1.1428571428571428,0.00010851240028,0.0020612765957446,0.0,13996.65,1702.71,25,6,7,6,559.866,473.5242110670442,0.04,1,24,False,normal,0.14410862590124596,0.023722408605715097,0.09595413898303362,44.13265306122449,NORMAL
ACC_01288,3,9,2.5,0.0003491129277877,0.0008434042553191,0.0,11675.24,8863.34,24,15,9,3,486.4683333333333,389.16799831196926,0.0416666666666666,1,24,False,normal,0.15128129454297773,0.01262252990192255,0.09581778868655566,44.09013605442177,NORMAL
ACC_00767,9,7,0.8,0.0006129054179835,0.0050714893617021,0.0,14405.85,19126.63,30,43,7,9,480.195,347.7715460267877,0.0333333333333333,1,30,False,normal,0.14691981927233877,0.019005438979272652,0.09575406715511232,44.047619047619044,NORMAL
ACC_00742,4,9,2.0,0.0001438701461323,0.0016612765957446,0.0,15340.64,1815.58,27,5,9,4,568.1718518518518,365.9258430447038,0.0,1,27,False,normal,0.1525922205130687,0.010333750470840834,0.09568883249617754,44.005102040816325,NORMAL
ACC_00279,10,5,0.5454545454545454,0.0006497248165966,0.0004936170212765,0.0285714285714285,12930.94,19375.44,24,41,5,10,538.7891666666667,431.6146894276308,0.0,1,24,False,normal,0.15174157550533762,0.011362679369374703,0.09559001705095246,43.96258503401361,NORMAL
ACC_00332,6,5,0.8571428571428571,0.0003151089987532,0.000287659574468,0.0181818181818181,7669.46,6589.94,15,15,5,6,511.2973333333333,291.3909220928052,0.0,1,14,False,normal,0.1525431038008714,0.009768889281090948,0.09543341799295922,43.92006802721088,NORMAL
ACC_01577,12,6,0.5384615384615384,0.0007849561847261,0.0019659574468085,0.0,13004.82,22820.5,22,40,6,12,591.1281818181818,401.33901239815606,0.0,1,22,False,normal,0.1514271987510774,0.011060318795177644,0.0952804467687175,43.87755102040816,NORMAL
ACC_00962,5,11,2.0,0.0005504017941977,0.0008178723404255,0.0083333333333333,10871.82,19466.55,21,37,11,5,517.7057142857143,370.2902269648961,0.0,1,21,False,normal,0.13424203710711355,0.036832549595747686,0.09527824210256719,43.83503401360544,NORMAL
ACC_01531,7,8,1.125,0.0005197118538182,0.0008791489361702,0.019047619047619,12417.25,10308.69,23,19,8,7,539.8804347826087,376.5151560450396,0.0,2,23,False,normal,0.15546121884017677,0.004303035060585742,0.09499794532834036,43.792517006802726,NORMAL
ACC_01979,10,10,1.0,0.0004540158130524,0.0067736170212765,0.0,15725.12,11453.28,30,24,10,10,524.1706666666666,298.3139675129767,0.0333333333333333,1,30,False,normal,0.15502852402226694,0.00478330110683844,0.09493043485609554,43.75,NORMAL
ACC_00158,7,3,0.5,0.0003641501553429,2.6382978723404255e-05,0.0,10739.5,10534.54,24,18,3,7,447.4791666666667,224.5412142456871,0.0,1,24,False,normal,0.14659861705522348,0.01730799447079599,0.09488236802145247,43.707482993197274,NORMAL
ACC_00856,5,8,1.5,0.0003690019830479,0.0015336170212765,0.0,13427.57,5512.21,33,9,8,5,406.8960606060606,324.92250395228274,0.0303030303030303,1,33,False,normal,0.14675715307298648,0.017061302518783312,0.09487881285130521,43.66496598639456,NORMAL
ACC_01885,7,6,0.875,0.0002716085485992,0.0003470771329893,0.0128205128205128,17655.83,5777.13,34,9,6,7,519.2891176470589,303.9566023286842,0.0,1,33,False,normal,0.13859084210237102,0.02925220701215564,0.09485538806628487,43.62244897959184,NORMAL
ACC_00103,8,8,1.0,0.0003505368867982,0.0072017021276595,0.0166666666666666,9519.31,9086.68,23,15,8,8,413.8830434782608,290.7577926640345,0.0434782608695652,1,22,False,normal,0.15466212998928605,0.005031985824055615,0.09481007232319387,43.57993197278912,NORMAL
ACC_00231,10,11,1.0909090909090908,0.000654382765538,0.0045285106382978,0.019047619047619,12475.4,14258.09,28,30,11,10,445.55,247.4132298327967,0.0,1,28,False,normal,0.14927102733844516,0.013023034168833152,0.09477183007060035,43.53741496598639,NORMAL
ACC_00943,10,7,0.7272727272727273,0.000688491878732,0.0007123404255319,0.0,10535.67,13431.56,23,32,7,10,458.07260869565215,268.9256044508388,0.0,2,23,False,normal,0.15105066423165167,0.010224748517257026,0.09472029794589382,43.494897959183675,NORMAL
ACC_00094,6,11,1.7142857142857142,0.0002744714433105,0.0025523404255319,0.0147058823529411,12902.63,5911.14,22,12,11,6,586.4831818181818,490.3813255337636,0.0,1,21,False,normal,0.13976248474915592,0.026874669079831066,0.09460735848142598,43.452380952380956,NORMAL
ACC_00284,6,9,1.4285714285714286,0.000486750450557,0.0003634042553191,0.0,12005.0,15195.95,28,31,9,6,428.75,321.63036129026085,0.0,2,28,False,normal,0.1521375277086491,0.008281156485327826,0.0945949792193206,43.40986394557823,NORMAL
ACC_00601,7,10,1.375,0.0005796939890111,0.0004238263761565,0.0073529411764705,12159.93,12901.24,25,24,10,7,486.3972,339.45664250043285,0.0,2,25,False,normal,0.15170219525662318,0.008930596957724366,0.09459355593706366,43.36734693877551,NORMAL
ACC_00607,8,5,0.6666666666666666,0.0005386139583018,3.6595744680851066e-05,0.0,6931.2,11033.27,15,24,5,8,462.08,307.8325641365077,0.0,1,15,False,normal,0.14939311306400627,0.012051412525004154,0.09445643284840542,43.32482993197279,NORMAL
ACC_00357,5,7,1.3333333333333333,0.0004142323129405,0.0029744680851063,0.0363636363636363,14164.82,7358.21,29,19,7,5,488.4420689655173,322.2572457500741,0.0,1,29,False,normal,0.15132000626895972,0.009149140186118914,0.0944516598358234,43.28231292517007,NORMAL
ACC_00589,7,7,1.0,0.0005196839566365,0.0031540425531914,0.0109890109890109,16690.21,15397.88,33,31,7,7,505.7639393939394,267.73548284570205,0.0303030303030303,1,32,False,normal,0.14349341619141148,0.020422843176865622,0.09426518698559314,43.23979591836735,NORMAL
ACC_01652,8,11,1.3333333333333333,0.0007986444255679,0.0053948936170212,0.0058479532163742,13304.86,14648.03,30,36,11,8,443.49533333333335,390.5529944060604,0.0,1,30,False,normal,0.14596984400807858,0.016643229343795942,0.09423919814236552,43.197278911564624,NORMAL
ACC_01827,7,5,0.75,0.000695283368641,0.0001446808510638,0.0303030303030303,13936.2,17756.57,28,36,5,7,497.7214285714286,418.9380130115096,0.0,1,26,False,normal,0.14909666885416495,0.011947769828395505,0.09423710924385717,43.154761904761905,NORMAL
ACC_01999,10,9,0.9090909090909092,0.0006481470954167,0.0006093617021276,0.0116959064327485,16920.95,18214.39,35,35,9,10,483.4557142857143,369.63545100135457,0.0,1,34,False,normal,0.1490620366064773,0.011606778776184079,0.09407993347436,43.11224489795919,NORMAL
ACC_01842,6,10,1.5714285714285714,0.0002040381502815,0.002810727838656,0.0,11032.87,4149.28,22,8,10,6,501.49409090909097,260.3163218207361,0.0454545454545454,1,22,False,normal,0.14719470980219948,0.014332283281786845,0.09404973919403442,43.06972789115646,NORMAL
ACC_01235,13,10,0.7857142857142857,0.000688998104697,0.0025829787234042,0.0118577075098814,13685.66,20961.6,26,33,10,13,526.3715384615384,331.5489835869482,0.0,1,26,False,normal,0.1492377583122877,0.011217698587653402,0.09402973442243398,43.02721088435374,NORMAL
ACC_01477,8,6,0.7777777777777778,0.0005400158039574,0.000127659574468,0.0,11156.49,20890.64,17,37,6,8,656.2641176470588,444.7125185872726,0.0,1,17,False,normal,0.14247734252153169,0.02131075150732883,0.09401070611585055,42.984693877551024,NORMAL
ACC_00082,4,9,2.0,0.0001735323152682,0.0019225531914893,0.0128205128205128,10311.77,4703.7,23,11,9,4,448.33782608695657,288.6641836106529,0.0434782608695652,1,23,False,normal,0.15012511683522503,0.008925185570002459,0.093645144329136,42.9421768707483,NORMAL
ACC_01102,6,5,0.8571428571428571,0.0005483578293395,0.0,0.0363636363636363,9956.52,12598.11,21,25,5,6,474.12,280.7620541134432,0.0,1,21,False,normal,0.15359897987736817,0.003397072878172599,0.09351821707768995,42.89965986394558,NORMAL
ACC_01399,6,8,1.2857142857142858,0.000466600266169,0.0021880851063829,0.0,10140.85,10432.44,23,18,8,6,440.9065217391304,387.0146548741427,0.0,2,22,False,normal,0.15099611524703474,0.007227867928380352,0.09348881631957298,42.857142857142854,NORMAL
ACC_00162,10,10,1.0,0.0006849293025838,0.0020391489361702,0.0,16752.25,23032.98,33,44,10,10,507.6439393939394,339.0945513048259,0.0,1,32,False,normal,0.14636778409635393,0.014076089094288056,0.09345110609552756,42.814625850340136,NORMAL
ACC_00748,7,7,1.0,0.0006274212626251,0.0057753191489361,0.0,14300.87,21184.28,30,44,7,7,476.6956666666666,366.6584065601992,0.0,1,30,False,normal,0.13283662085996117,0.03430966647150682,0.09342583910457944,42.77210884353742,NORMAL
ACC_01200,8,6,0.7777777777777778,0.0003726422102637,0.0003914893617021,0.0,14978.06,17495.25,30,35,6,8,499.26866666666666,322.9408316974973,0.0666666666666666,1,30,False,normal,0.14696339658580113,0.012934995089664322,0.0933520359873464,42.72959183673469,NORMAL
ACC_01906,9,9,1.0,0.0005477061122808,0.0003863829787234,0.0130718954248366,9509.34,19107.89,24,37,9,9,396.2225,234.08686502255304,0.0416666666666666,1,24,False,normal,0.1436707584058882,0.017733652449502462,0.0932959160233339,42.68707482993197,NORMAL
ACC_01965,9,6,0.7,0.0004907340805317,0.001811914893617,0.0095238095238095,11704.95,13465.25,25,28,6,9,468.198,412.8711404905893,0.0,2,23,False,normal,0.14914036486203378,0.00928752141871897,0.09319922748470785,42.644557823129254,NORMAL
ACC_01892,4,10,2.2,0.0006909726110394,0.0025838911866285,0.0109890109890109,11178.12,14325.69,24,25,10,4,465.755,313.3520843757205,0.0,1,24,False,normal,0.13598988281299892,0.029007804989127504,0.09319705168345035,42.60204081632653,NORMAL
ACC_01814,6,5,0.8571428571428571,0.0002671667028831,0.000435744680851,0.0,16753.66,5234.22,34,12,5,6,492.75470588235294,354.7365805968525,0.0,1,33,False,normal,0.13900953643520447,0.024119560317040895,0.09305354598793904,42.55952380952381,NORMAL
ACC_00107,8,9,1.1111111111111112,0.0004354990449688,0.0007387234042553,0.0,13877.72,10283.39,26,24,9,8,533.7584615384615,374.2113416420439,0.0384615384615384,2,25,False,normal,0.15254600520384748,0.0036097643908774967,0.09297150887865949,42.517006802721085,NORMAL
ACC_00211,5,7,1.3333333333333333,0.0004788764648709,0.001091914893617,0.0,16790.77,8842.39,31,13,7,5,541.6377419354839,383.5472016298183,0.064516129032258,1,29,False,normal,0.14744257820268822,0.011181470993077506,0.09293813531884393,42.474489795918366,NORMAL
ACC_01492,11,6,0.5833333333333334,0.0003618583345564,0.002195744680851,0.0,17022.7,10986.08,28,22,6,11,607.9535714285714,445.9751406974449,0.0,1,28,False,normal,0.13817583909011383,0.02474926670049098,0.09280521013426468,42.43197278911565,NORMAL
ACC_00516,11,9,0.8333333333333334,0.0003062988659117,0.0043608510638297,0.0,8608.05,10442.12,24,27,9,11,358.66875,217.3971503215596,0.0,1,24,False,normal,0.14346708988980236,0.01680148581945625,0.09280084826166392,42.38945578231292,NORMAL
ACC_00012,5,9,1.6666666666666667,0.000401224715019,0.0017991489361702,0.0109890109890109,11773.25,10254.36,27,21,9,5,436.0462962962963,285.2231984732193,0.074074074074074,1,27,False,normal,0.14929598667689373,0.00788825757346315,0.09273289503552148,42.3469387755102,NORMAL
ACC_00764,9,5,0.6,0.0006703218401424,0.0008306382978723,0.0329670329670329,11654.04,17002.26,23,37,5,9,506.6973913043479,301.16973272735623,0.0,1,23,False,normal,0.14975622553251114,0.007080464828875616,0.09268592125105692,42.304421768707485,NORMAL
ACC_01099,5,7,1.3333333333333333,0.0003399453694733,0.0026384684262141,0.0303030303030303,9828.81,6394.73,24,13,7,5,409.53375,233.02775132015088,0.0,1,24,False,normal,0.14912808662194213,0.007705061601462331,0.09255887661375022,42.26190476190476,NORMAL
ACC_01339,11,10,0.9166666666666666,0.0005238021808764,0.0043429787234042,0.0047619047619047,17568.17,18364.69,30,35,10,11,585.6056666666666,410.816826240058,0.0,1,29,False,normal,0.15098641086147427,0.004802005765560592,0.09251264882310879,42.21938775510204,NORMAL
ACC_00939,9,4,0.5,0.0007974375514544,0.0013472340425531,0.0128205128205128,15038.84,18220.34,28,40,4,9,537.1014285714285,405.2578308491402,0.0,1,27,False,normal,0.13938233558869118,0.02179539361106451,0.0923475587976405,42.17687074829932,NORMAL
ACC_01455,5,7,1.3333333333333333,0.0001437109078495,0.0015046808510638,0.0,16073.28,2255.62,26,5,7,5,618.203076923077,478.073398488301,0.0,1,26,False,normal,0.140039762945832,0.02060866030781617,0.09226732189062567,42.1343537414966,NORMAL
ACC_01156,5,3,0.6666666666666666,0.0005478677163975,0.0003889361702127,0.0,11832.4,16414.77,23,28,3,5,514.4521739130435,320.5896579026688,0.0,1,23,False,normal,0.1419765606935717,0.01763247925232475,0.09223892811707292,42.09183673469388,NORMAL
ACC_01946,7,10,1.375,0.0004180462600232,0.0044689361702127,0.0220588235294117,14386.22,15950.14,27,31,10,7,532.822962962963,309.02933188907207,0.037037037037037,1,27,False,normal,0.1482837149535573,0.007750335226217144,0.09207036306262123,42.04931972789115,NORMAL
ACC_01543,4,6,1.4,0.0001433940067336,0.0003634042553191,0.0,9737.54,2068.24,18,4,6,4,540.9744444444445,336.18967190669616,0.0,1,18,False,normal,0.14420834794684395,0.013479305183164352,0.09191673084137211,42.00680272108844,NORMAL
ACC_01458,7,8,1.125,0.0003362282998122,0.0089626060631902,0.0095238095238095,11691.21,11850.27,24,26,8,7,487.13375,446.3942463379059,0.0,1,23,False,normal,0.13708646893981247,0.02409478876862184,0.09188979687133621,41.964285714285715,NORMAL
ACC_00408,9,10,1.1,0.0005526801795016,0.0003940425531914,0.0175438596491228,16923.69,17369.59,33,34,10,9,512.8390909090908,338.6597048417817,0.0,1,33,False,normal,0.14296114226386591,0.015245243070893456,0.09187478258667693,41.92176870748299,NORMAL
ACC_00650,12,6,0.5384615384615384,0.0005977219815819,0.0063225531914893,0.0130718954248366,12642.92,13696.89,25,27,6,12,505.7168,349.5638394571155,0.0,1,25,False,normal,0.14228290873873073,0.01616890915200402,0.09183730890404004,41.87925170068027,NORMAL
ACC_00022,10,11,1.0909090909090908,0.0004414487325184,0.0032902127659574,0.0095238095238095,8481.41,15173.43,23,30,11,10,368.7569565217392,230.96521659479345,0.0,1,23,False,normal,0.14075902948464744,0.018440620312500076,0.09183166581578849,41.83673469387755,NORMAL
ACC_01176,7,8,1.125,0.0006210599984572,0.0024604255319148,0.019047619047619,7499.89,14535.67,16,30,8,7,468.743125,283.1169753940056,0.0,1,16,False,normal,0.1429961339437455,0.014938675137213047,0.09177315042113252,41.794217687074834,NORMAL
ACC_00282,12,6,0.5384615384615384,0.0006173335272339,0.0007642553191489,0.0065359477124183,14042.16,21304.98,28,36,6,12,501.5057142857143,318.38325104175215,0.0357142857142857,1,28,False,normal,0.14566813957748928,0.010864515844873485,0.09174669008444296,41.75170068027211,NORMAL
ACC_00273,7,6,0.875,0.000428448184117,0.0033931914893617,0.0,8051.5,13440.96,18,32,6,7,447.30555555555554,284.4150473023995,0.0555555555555555,1,18,False,normal,0.14542877448817848,0.01113749684144696,0.09171226342948587,41.70918367346938,NORMAL
ACC_01840,6,5,0.8571428571428571,0.0005144554397901,0.000395744680851,0.0181818181818181,13135.45,13123.82,21,21,5,6,625.4976190476191,430.37941884928415,0.0476190476190476,1,21,False,normal,0.14673734671659153,0.009002014848404358,0.09164321396931666,41.66666666666667,NORMAL
ACC_00718,6,9,1.4285714285714286,0.0004816665459784,0.0017804255319148,0.0285714285714285,16825.9,10409.22,30,22,9,6,560.8633333333333,442.5079538060408,0.0,1,30,False,normal,0.14806764391438634,0.006682748739626264,0.09151368584448231,41.624149659863946,NORMAL
ACC_00075,9,6,0.7,0.0008690607101162,0.0015191489361702,0.0095238095238095,8857.16,21269.58,17,42,6,9,521.0094117647059,346.8682179601965,0.0,1,17,False,normal,0.13769523825583638,0.021664151236907105,0.09128280344826467,41.58163265306122,NORMAL
ACC_00166,8,10,1.2222222222222223,0.0002991057654318,0.0010714893617021,0.0,10823.21,7665.42,24,16,10,8,450.9670833333334,338.01505075159224,0.0833333333333333,1,23,False,normal,0.1423803963879853,0.014532836686140412,0.09124137250724734,41.5391156462585,NORMAL
ACC_00741,8,7,0.8888888888888888,0.0004254682622254,0.0045336170212765,0.0095238095238095,11593.43,9640.37,24,24,7,8,483.05958333333336,286.4021777831818,0.0,2,24,False,normal,0.1474233346408372,0.006603444518403351,0.09109537859186366,41.49659863945578,NORMAL
ACC_00221,6,9,1.4285714285714286,0.0002043161850972,0.0007514893617021,0.0095238095238095,19590.16,5234.43,31,13,9,6,631.9406451612903,403.6015546297733,0.0,1,31,False,normal,0.1443517847379979,0.010556259623270284,0.09083357469210684,41.454081632653065,NORMAL
ACC_00526,10,9,0.9090909090909092,0.0006111602737226,0.0030306382978723,0.0116959064327485,14225.46,14543.08,26,30,9,10,547.1330769230769,331.14220827637456,0.0,2,26,False,normal,0.14922360730552758,0.0030428274315702935,0.09075129535594466,41.41156462585034,NORMAL
ACC_00878,7,8,1.125,0.0005499331201786,8.425531914893617e-05,0.0,15577.47,12479.01,30,22,8,7,519.249,285.7713605779133,0.0,2,29,False,normal,0.14546976624722563,0.008639291673710657,0.09073757641781963,41.36904761904761,NORMAL
ACC_01700,9,6,0.7,0.0004849544041516,0.0002825531914893,0.0095238095238095,8528.99,18464.92,18,36,6,9,473.8327777777778,282.2003072455399,0.0555555555555555,1,18,False,normal,0.14421170854456122,0.010380808218371897,0.09067934841408548,41.3265306122449,NORMAL
ACC_00244,6,9,1.4285714285714286,0.0006479269781694,0.0009551016927471,0.0,10287.47,17423.44,18,38,9,6,571.526111111111,421.3755175631754,0.0,1,17,False,normal,0.12877851004040844,0.03347683405243561,0.09065783964521931,41.284013605442176,NORMAL
ACC_01353,9,10,1.1,0.0004678996293354,0.0021548936170212,0.0,13289.17,15108.91,25,23,10,9,531.5668000000001,321.4265430431449,0.0,2,25,False,normal,0.14697632076647832,0.006179104292806424,0.09065743417700955,41.24149659863946,NORMAL
ACC_01666,4,5,1.2,0.0003153717262726,0.0002004008016032,0.0,10867.76,5788.13,29,8,5,4,374.7503448275862,267.82295616004507,0.0,1,29,False,normal,0.13873615922685076,0.01837660399858011,0.09059233713554249,41.19897959183674,NORMAL
ACC_01084,4,8,1.8,0.0001619025741697,0.0015392487101863,0.0,11524.75,3152.28,25,6,8,4,460.99,277.2092572558379,0.04,1,25,False,normal,0.14401119844896387,0.010062993267944848,0.09043191637655626,41.156462585034014,NORMAL
ACC_01671,8,8,1.0,0.0005938597595988,0.0004663829787234,0.0166666666666666,14223.31,14714.67,28,26,8,8,507.9753571428572,378.7533120694411,0.0,2,28,False,normal,0.14903394745737686,0.0024376510883370364,0.09039542890976092,41.113945578231295,NORMAL
ACC_01893,5,6,1.1666666666666667,0.0003601184975122,0.0006774468085106,0.0181818181818181,14027.64,5145.05,32,11,6,5,438.36375,251.3857043020135,0.0,1,31,False,normal,0.13591814699914467,0.02170525059208632,0.09023298843632133,41.07142857142857,NORMAL
ACC_01025,6,6,1.0,0.0003905812568864,0.0005889361702127,0.0303030303030303,9635.77,11559.56,22,22,6,6,437.9895454545455,260.95923579632625,0.0454545454545454,1,22,False,normal,0.1484435395343444,0.002876509662400689,0.0902167275855669,41.02891156462585,NORMAL
ACC_01036,9,12,1.3,0.000534616715465,0.0044292841001151,0.0095238095238095,15407.41,15375.54,28,36,12,9,550.2646428571428,429.4179677060062,0.0,1,28,False,normal,0.14338037264449166,0.01045566697880033,0.09021049037821513,40.98639455782313,NORMAL
ACC_01757,6,7,1.1428571428571428,0.0002416414404199,0.0029063829787234,0.0256410256410256,16700.57,5956.6900000000005,25,10,7,6,668.0228,341.2600788074496,0.0,1,25,False,normal,0.14578186622180425,0.00676186381581363,0.090173865259408,40.94387755102041,NORMAL
ACC_00395,12,9,0.7692307692307693,0.0004921923015871,0.0035534899586406,0.0095238095238095,15384.29,19063.17,29,35,9,12,530.4927586206896,387.78885360184415,0.0344827586206896,1,28,False,normal,0.14495429520017816,0.007988610870465268,0.090168021468293,40.90136054421769,NORMAL
ACC_00091,4,11,2.4,0.0002009214865982,0.0007506382978723,0.0,12402.79,5508.49,25,16,11,4,496.1116,268.51113081645855,0.0,1,24,False,normal,0.13702869755347394,0.019527836489276945,0.09002835312779514,40.85884353741497,NORMAL
ACC_01223,6,10,1.5714285714285714,0.0004437800184982,4.765957446808511e-05,0.0,11920.24,10087.67,20,17,10,6,596.012,422.6494718296649,0.05,1,20,False,normal,0.13628758215382056,0.020502085898203206,0.08997338365157362,40.816326530612244,NORMAL
ACC_01528,8,11,1.3333333333333333,0.0005800270553856,0.006635744680851,0.0116959064327485,10646.76,10098.99,22,19,11,8,483.9436363636364,305.3516870842452,0.0,1,22,False,normal,0.14349859257551062,0.008576176392664218,0.08952962610237206,40.773809523809526,NORMAL
ACC_00052,4,7,1.6,0.0002410899115194,0.0048352023195326,0.0,13685.93,4973.05,30,11,7,4,456.1976666666667,341.90517068720044,0.0,1,30,False,normal,0.1369921645236922,0.01819256166909729,0.08947232338185424,40.7312925170068,NORMAL
ACC_00766,6,8,1.2857142857142858,0.0005802939992971,0.0010136170212765,0.0,13583.64,17067.69,26,32,8,6,522.4476923076923,368.5137688858607,0.0,2,26,False,normal,0.14408447789587128,0.007388332325185772,0.08940601966759708,40.68877551020408,NORMAL
ACC_00299,5,5,1.0,0.0001590615751172,0.0002927659574468,0.0,10921.8,2625.11,21,9,5,5,520.0857142857143,407.8540441698651,0.0476190476190476,1,21,False,normal,0.13900097075474305,0.014577031257571508,0.08923139495587444,40.64625850340136,NORMAL
ACC_01776,6,6,1.0,0.0002350695704481,0.0002723404255319,0.0151515151515151,13572.35,4895.31,24,11,6,6,565.5145833333333,524.6476319105844,0.0416666666666666,1,24,False,normal,0.1337692727511158,0.022369579109960267,0.08920939529465359,40.60374149659864,NORMAL
ACC_00242,9,8,0.9,0.0009911912460221,0.0002890888159297,0.0073529411764705,13792.3,23217.58,25,51,8,9,551.692,341.4330304759632,0.0,1,22,False,normal,0.12751862456021157,0.031414294510712655,0.089076892540412,40.56122448979592,NORMAL
ACC_00778,7,4,0.625,0.0003488906956447,0.0001948936170212,0.0,7319.21,8564.67,21,15,4,7,348.5338095238095,239.96629268453916,0.0,1,21,False,normal,0.14108821692627702,0.01102451457999813,0.08906273598776546,40.5187074829932,NORMAL
ACC_01476,5,9,1.6666666666666667,0.0003795604593577,0.0010796060205517,0.0,17122.7,9036.97,35,15,9,5,489.22,342.3588555715118,0.0,1,35,False,normal,0.13739172770382033,0.016567010351150983,0.08906184076275259,40.476190476190474,NORMAL
ACC_00387,9,8,0.9,0.000772947369068,0.0042931914893617,0.0073529411764705,10557.03,21132.31,21,50,8,9,502.7157142857144,252.0335728741596,0.0,1,20,False,normal,0.12850692159436364,0.029608703715458925,0.08894763444280175,40.433673469387756,NORMAL
ACC_01997,10,11,1.0909090909090908,0.0007993345460294,0.0020953191489361,0.0142857142857142,14503.02,23462.32,27,42,11,10,537.1488888888889,389.2043194314557,0.0,1,27,False,normal,0.13787480828480203,0.01551527765848159,0.08893099603427386,40.39115646258503,NORMAL
ACC_00570,6,7,1.1428571428571428,0.0002374847831084,0.0001693617021276,0.0128205128205128,16431.76,4556.79,22,10,7,6,746.8981818181818,424.19882108047,0.0,1,22,False,normal,0.14023750126283643,0.01139618583302512,0.0887009750909119,40.34863945578231,NORMAL
ACC_01313,4,11,2.4,0.0003458544755701,0.0002289361702127,0.0095238095238095,13826.68,6297.56,28,10,11,4,493.81,346.21014042533955,0.0,1,27,False,normal,0.13453698652904744,0.019848626598381856,0.0886616425567812,40.30612244897959,NORMAL
ACC_00402,8,8,1.0,0.0002871799261481,0.0024748936170212,0.0166666666666666,17088.09,6158.29,27,11,8,8,632.8922222222222,482.8745172906911,0.0,1,26,False,normal,0.13517797717434982,0.018681967508615317,0.08857957330805602,40.26360544217687,NORMAL
ACC_01115,7,9,1.25,0.0003111843929576,0.0088578723404255,0.0,11344.71,7672.17,23,15,9,7,493.2482608695652,265.736227807887,0.0,1,23,False,normal,0.14322392887288327,0.006129803473669002,0.08838627871319757,40.22108843537415,NORMAL
ACC_00481,6,5,0.8571428571428571,0.0003603728485817,0.0025796273397859,0.0,6112.54,10674.71,20,20,5,6,305.627,206.901503087822,0.0,1,20,False,normal,0.1405953101692835,0.009780746451062021,0.08826948468199491,40.17857142857143,NORMAL
ACC_01791,6,6,1.0,0.0003864867422258,5.287170084850552e-05,0.0303030303030303,15191.49,11491.97,31,22,6,6,490.04806451612905,292.8005302297038,0.0,1,31,False,normal,0.13831335516858403,0.012896950710853096,0.08814679338549165,40.136054421768705,NORMAL
ACC_01301,11,5,0.5,0.000838139557251,0.0003052914339316,0.0166666666666666,12078.93,13803.01,22,24,5,11,549.0422727272727,379.4132833346497,0.0,1,22,False,normal,0.1361532449356362,0.016109621659287893,0.08813579562509687,40.093537414965986,NORMAL
ACC_01538,4,8,1.8,0.0002630655998078,0.000193578646655,0.0151515151515151,16576.86,7411.9,33,16,8,4,502.32909090909095,333.7244045181933,0.0,1,33,False,normal,0.13744959566115103,0.014066425128261567,0.08809632744799524,40.05102040816326,NORMAL
ACC_00154,7,5,0.75,0.0001286607020734,0.00160064810472,0.0151515151515151,8704.17,2605.04,20,7,5,7,435.2085,319.93485802869634,0.0,1,20,False,normal,0.13442693819926424,0.018518812368211394,0.0880636878668431,40.00850340136054,NORMAL
ACC_01411,9,7,0.8,0.0003873815540915,0.0009268085106382,0.05,11501.64,10853.99,23,21,7,9,500.07130434782607,267.67589291570755,0.0,1,23,False,normal,0.14075425385648568,0.008311494030179882,0.08777714992596336,39.965986394557824,NORMAL
ACC_01944,7,10,1.375,0.0003457280183429,0.0053702127659574,0.0,7957.32,12236.43,21,17,10,7,378.92,247.0217501557302,0.0,1,21,False,normal,0.14146960847305898,0.007008351661030831,0.08768510574824771,39.9234693877551,NORMAL
ACC_00016,9,5,0.6,0.0008362857827861,0.0001165957446808,0.0219780219780219,14156.52,13743.37,23,31,5,9,615.5008695652174,388.5796659152997,0.0,1,23,False,normal,0.1390131486177763,0.01063631081726096,0.08766241349757017,39.88095238095239,NORMAL
ACC_00494,5,7,1.3333333333333333,0.0003161980697212,0.0010062678548586,0.0,17938.36,5248.96,34,11,7,5,527.5988235294118,346.4193237818629,0.0,1,34,False,normal,0.13417597791388214,0.017660058117357377,0.08756960999527223,39.83843537414966,NORMAL
ACC_00951,5,11,2.0,0.0003391559167723,0.0007285106382978,0.025,12743.75,4973.47,25,10,11,5,509.75,359.49068286489245,0.0,1,25,False,normal,0.13282032874423733,0.019433948375489653,0.08746577659673825,39.795918367346935,NORMAL
ACC_00752,8,5,0.6666666666666666,0.0002545814121524,0.0051055319148936,0.0128205128205128,9904.0,5593.46,20,15,5,8,495.2,386.8384213759429,0.0,1,19,False,normal,0.130844679228916,0.022313916145588045,0.08743237399558482,39.75340136054422,NORMAL
ACC_01191,9,11,1.2,0.000598051567908,0.0057182978723404,0.0052631578947368,11888.82,16678.81,24,30,11,9,495.3675,280.6341990106477,0.0416666666666666,1,24,False,normal,0.14193519069387947,0.005587719211463846,0.08739620210091321,39.7108843537415,NORMAL
ACC_01651,6,3,0.5714285714285714,0.0004036204301493,2.723404255319149e-05,0.0,10229.39,10587.6,22,16,3,6,464.9722727272727,271.3566684875903,0.0,1,22,False,normal,0.13761809502606834,0.011623104241857852,0.08722009871238415,39.66836734693878,NORMAL
ACC_01998,11,6,0.5833333333333334,0.0007450040964871,0.0002204255319148,0.0073529411764705,11431.78,18505.06,24,41,6,11,476.3241666666667,256.7294514179515,0.0416666666666666,1,24,False,normal,0.13681984946800715,0.012628408600077017,0.0871432731208351,39.625850340136054,NORMAL
ACC_01321,9,7,0.8,0.0004450500548099,0.0004825531914893,0.0,17087.79,10687.75,33,26,7,9,517.8118181818182,444.757016895564,0.0303030303030303,1,33,False,normal,0.13841610543195146,0.00992324630916596,0.08701896178283726,39.58333333333333,NORMAL
ACC_00666,6,5,0.8571428571428571,0.0004025840377012,0.0009029787234042,0.0,8603.25,8219.85,17,17,5,6,506.0735294117647,284.8076358909022,0.0588235294117647,1,17,False,normal,0.14003960378785696,0.0071926890345130985,0.08690083788651941,39.54081632653062,NORMAL
ACC_00716,7,6,0.875,0.0004289097660981,0.0032430819084978,0.0,18101.25,6195.81,29,16,6,7,624.1810344827586,340.0028332166075,0.0344827586206896,1,29,False,normal,0.1356851940782181,0.013152361516103855,0.0866720610533724,39.49829931972789,NORMAL
ACC_01132,12,7,0.6153846153846154,0.0007812569844215,0.0030782978723404,0.0,13270.11,20439.79,26,36,7,12,510.3888461538462,307.6744654900946,0.0384615384615384,1,24,False,normal,0.1401944040957024,0.006312668186495612,0.08664170973201968,39.455782312925166,NORMAL
ACC_01992,8,6,0.7777777777777778,0.0006351087785758,0.0044893617021276,0.0,15076.54,13861.12,33,21,6,8,456.8648484848485,319.0957811939192,0.0,1,32,False,normal,0.1272780451557179,0.02550097810616812,0.08656721833589798,39.41326530612245,NORMAL
ACC_01037,5,7,1.3333333333333333,0.0001070963699936,0.0037344680851063,0.0,11577.59,1195.52,26,5,7,5,445.2919230769231,325.9709236851561,0.0,1,26,False,normal,0.135548901366627,0.012995056287209587,0.08652736333486004,39.37074829931973,NORMAL
ACC_01335,5,8,1.5,0.0005132054257428,0.0001872340425531,0.0256410256410256,17169.07,9725.9,30,22,8,5,572.3023333333333,368.3374188270327,0.0,1,30,False,normal,0.13897660293304304,0.007601442165613092,0.08642653862607105,39.32823129251701,NORMAL
ACC_00831,7,6,0.875,0.0003429964922613,0.0013914893617021,0.0128205128205128,17787.98,7951.97,34,23,6,7,523.1758823529411,282.49836638967355,0.0,1,34,False,normal,0.12868528405899246,0.022972741137111483,0.08640026689024008,39.285714285714285,NORMAL
ACC_00027,7,13,1.75,0.0004177361338475,0.0002609474267684,0.0,12623.31,11852.88,24,24,13,7,525.9712499999999,343.0501907037042,0.0,1,24,False,normal,0.12124019189463599,0.033870395430549274,0.0862922733090013,39.24319727891156,NORMAL
ACC_00135,10,6,0.6363636363636364,0.0006944493582799,0.0008246808510638,0.0,14128.29,21682.1,29,43,6,10,487.1824137931035,391.5720915804391,0.0344827586206896,1,28,False,normal,0.13758461401374225,0.009306690182670187,0.08627344448131342,39.20068027210885,NORMAL
ACC_01561,5,9,1.6666666666666667,0.0005056872638358,0.0006893617021276,0.0109890109890109,15931.36,9471.45,33,19,9,5,482.7684848484849,255.8873616716104,0.0,1,33,False,normal,0.12818448917207026,0.02336596967546612,0.0862570813734286,39.15816326530612,NORMAL
ACC_01079,4,9,2.0,0.0002673221131031,0.001167659574468,0.0256410256410256,9476.27,7989.94,21,16,9,4,451.2509523809524,362.73370249957145,0.0,1,21,False,normal,0.1359506416895626,0.01099670827476772,0.08596906832364465,39.1156462585034,NORMAL
ACC_01935,8,7,0.8888888888888888,0.0003623994504071,0.0002621276595744,0.019047619047619,13717.89,11931.44,18,23,7,8,762.105,452.4803667401428,0.0,1,18,False,normal,0.13156708989410407,0.01712559194354972,0.08579049071388233,39.07312925170068,NORMAL
ACC_01306,4,9,2.0,0.0002150832266597,0.0011285106382978,0.0,8798.14,6468.81,22,14,9,4,399.9154545454545,252.60031785085891,0.0,1,22,False,normal,0.135221592804225,0.011622345583508028,0.0857818939159382,39.03061224489796,NORMAL
ACC_01662,6,6,1.0,0.0002479634438123,0.0014042553191489,0.0,7257.86,6223.49,14,13,6,6,518.4185714285715,347.1074767684664,0.0,1,13,False,normal,0.1295862750710069,0.0194808544402313,0.08554410681869665,38.98809523809524,NORMAL
ACC_01418,6,5,0.8571428571428571,0.000440613659017,0.0016331914893617,0.0181818181818181,17976.08,9698.23,29,17,5,6,619.864827586207,405.3142245893098,0.0,1,28,False,normal,0.13335610091803077,0.013730206465049553,0.08550574313683829,38.945578231292515,NORMAL
ACC_00198,11,9,0.8333333333333334,0.0004913317783464,0.0046305376710868,0.0105263157894736,11420.99,15839.09,29,30,9,11,393.8272413793104,280.9011604117891,0.0344827586206896,1,28,False,normal,0.13814106284639516,0.006330107760273581,0.08541668081194652,38.9030612244898,NORMAL
ACC_00656,7,6,0.875,0.0008592985636663,0.0002434042553191,0.0256410256410256,14887.99,15917.39,27,33,6,7,551.4070370370371,406.8497058243311,0.0,1,27,False,normal,0.13194546538658014,0.015291989756817592,0.08528407513467512,38.86054421768708,NORMAL
ACC_01962,7,6,0.875,0.0004493998596056,0.0003795744680851,0.0,12873.06,13360.26,28,27,6,7,459.7521428571428,367.59756791357967,0.0,2,28,False,normal,0.13820826367842592,0.0057537639053035815,0.08522646376917697,38.81802721088435,NORMAL
ACC_01060,7,7,1.0,0.0004686091358307,0.0005685106382978,0.0,15392.66,11775.64,27,23,7,7,570.0985185185185,419.84943697531617,0.0,2,26,False,normal,0.13943103070794563,0.0037975449578707132,0.08517763640791566,38.775510204081634,NORMAL
ACC_00998,6,6,1.0,0.0005250559686344,9.872340425531916e-05,0.0151515151515151,7763.28,16462.06,15,28,6,6,517.552,348.50255656369086,0.0,1,15,False,normal,0.1328995132037486,0.013380589896296556,0.08509194388076778,38.732993197278915,NORMAL
ACC_01820,5,9,1.6666666666666667,0.000482100933707,0.000475744680851,0.0,14523.31,11697.28,33,23,9,5,440.100303030303,314.2618376100259,0.0303030303030303,1,33,False,normal,0.1322648977414582,0.014170851654719431,0.08502727930676268,38.69047619047619,NORMAL
ACC_01551,12,9,0.7692307692307693,0.0005234513230545,0.0035569010361147,0.0095238095238095,9266.73,13140.26,23,27,9,12,402.90130434782606,226.46430076492985,0.0,1,23,False,normal,0.13157604389373187,0.015102606518840258,0.08498666894377523,38.64795918367347,NORMAL
ACC_00447,8,7,0.8888888888888888,0.0003891939344143,0.0002655319148936,0.0095238095238095,12983.18,11955.8,29,31,7,8,447.6958620689656,327.613326047178,0.0,2,29,False,normal,0.13603562804413516,0.008380225169049843,0.08497346689410103,38.605442176870746,NORMAL
ACC_00540,4,6,1.4,0.0001295343822503,0.0005423613183814,0.0,12473.57,2127.52,21,4,6,4,593.9795238095238,355.57134127311485,0.0,1,21,False,normal,0.1337221169724209,0.011670742502953921,0.08490156718463411,38.56292517006803,NORMAL
ACC_01784,10,4,0.4545454545454545,0.000625040919783,0.0021889361702127,0.0,9185.73,18508.85,19,35,4,10,483.4594736842105,339.98010944226473,0.0,1,19,False,normal,0.131544355150534,0.014704066310510593,0.08480823961452463,38.52040816326531,NORMAL
ACC_01481,9,10,1.1,0.0002583882081372,0.0059514893617021,0.0058479532163742,10508.72,5074.3,21,13,10,9,500.41523809523807,303.0710114580252,0.0,1,21,False,normal,0.13411994655136064,0.010397902422749286,0.0846311288999161,38.47789115646258,NORMAL
ACC_00949,9,5,0.6,0.0005445054918966,0.0031455319148936,0.0219780219780219,13676.43,14181.44,27,29,5,9,506.5344444444444,357.7442129761832,0.037037037037037,1,27,False,normal,0.13406303099728487,0.010373984690979133,0.08458741247476256,38.435374149659864,NORMAL
ACC_01743,10,11,1.0909090909090908,0.0008390416111458,0.0014420330021745,0.0095238095238095,14442.77,23026.51,30,43,11,10,481.4256666666667,340.0371343583575,0.0,1,29,False,normal,0.12790588221252464,0.01952514345108995,0.08455358670795077,38.392857142857146,NORMAL
ACC_00048,9,5,0.6,0.0005777026029361,0.0005855319148936,0.0109890109890109,13528.61,15338.07,31,26,5,9,436.4067741935484,225.5405887401363,0.0,1,31,False,normal,0.12541336633354017,0.023201497206056583,0.08452861868254673,38.35034013605442,NORMAL
ACC_01855,6,10,1.5714285714285714,0.0001855519310661,0.0026527659574468,0.0166666666666666,11443.66,5292.62,26,9,10,6,440.1407692307693,244.4608787012446,0.0,1,25,False,normal,0.12976792837957685,0.01655975385344077,0.0844846585691224,38.3078231292517,NORMAL
ACC_01819,7,9,1.25,0.0002703194723424,0.0050978723404255,0.0083333333333333,17308.3,5359.88,25,10,9,7,692.332,373.6589990218354,0.0,1,24,False,normal,0.1354219009223765,0.007887919909364235,0.08440830851717158,38.265306122448976,NORMAL
ACC_01249,4,4,1.0,0.0002387647508508,0.0020587234042553,0.0,11450.55,5848.95,21,10,4,4,545.2642857142857,436.6517419016146,0.0,1,21,False,normal,0.12343949937939129,0.02585602222889282,0.0844061085191919,38.22278911564626,NORMAL
ACC_01199,7,11,1.5,0.0004433127187643,0.0082570212765957,0.0065359477124183,11281.84,10653.7,25,26,11,7,451.2736,338.1642796393493,0.0,1,25,False,normal,0.13694543207494558,0.005374410387450588,0.08431702339994758,38.18027210884354,NORMAL
ACC_01936,8,8,1.0,0.0005057424522812,0.0002328060376071,0.0,11491.96,16738.88,25,28,8,8,459.6784,254.99288517329265,0.0,2,25,False,normal,0.13546359254699006,0.007576638527568358,0.08430881093922138,38.13775510204081,NORMAL
ACC_00811,7,6,0.875,0.0003239161058719,0.000536818317486,0.0,13043.27,9288.45,26,19,6,7,501.6642307692308,364.1964194681005,0.0,2,25,False,normal,0.13560174967379351,0.007128971409906579,0.08421263836823874,38.095238095238095,NORMAL
ACC_01417,9,5,0.6,0.0002705201482829,0.0060323404255319,0.0,10550.41,7130.460000000001,23,17,5,9,458.7134782608696,346.5761761944026,0.0,1,23,False,normal,0.12412172973592141,0.024178863464470766,0.08414458322734115,38.052721088435376,NORMAL
ACC_00756,8,9,1.1111111111111112,0.0005030796300303,0.0008817021276595,0.0073529411764705,15067.42,13280.9,27,25,9,8,558.0525925925926,420.5352824454584,0.0,2,27,False,normal,0.1380351991763164,0.003002012770199571,0.08402192461386966,38.01020408163265,NORMAL
ACC_01368,4,9,2.0,0.0003206837336627,0.0047565957446808,0.0,14761.51,5823.34,29,10,9,4,509.01758620689657,336.1687094478346,0.0,1,29,False,normal,0.131527990262853,0.012745657877193442,0.08401505730858917,37.96768707482993,NORMAL
ACC_01727,3,8,2.25,0.0002207042819074,0.0007072340425531,0.0,16247.15,4472.78,29,11,8,3,560.2465517241379,355.3594843884536,0.0,1,28,False,normal,0.13441819482957396,0.007719875358476423,0.08373886704113494,37.92517006802721,NORMAL
ACC_01619,10,5,0.5454545454545454,0.0002689381411632,5.106382978723405e-05,0.0,13426.23,7878.33,24,16,5,10,559.42625,477.8070505131843,0.0,1,24,False,normal,0.11651117908775749,0.03439719846711403,0.08366558683950011,37.88265306122449,NORMAL
ACC_01898,6,4,0.7142857142857143,0.0007795699768736,0.0012774468085106,0.0,8961.29,15769.23,19,31,4,6,471.6468421052632,350.10245806767654,0.0,1,19,False,normal,0.1229121307038001,0.024537253792201653,0.08356217993916072,37.84013605442177,NORMAL
ACC_01968,7,9,1.25,0.0007151981061724,0.003767659574468,0.0,9999.11,12618.5,20,25,9,7,499.9555,360.3695133503505,0.05,1,20,False,normal,0.12908895527782702,0.01517785928307379,0.08352451687992572,37.797619047619044,NORMAL
ACC_00744,10,9,0.9090909090909092,0.0005817737303509,0.0021914893617021,0.0116959064327485,9736.97,13924.92,24,32,9,10,405.7070833333333,220.2406568018596,0.0416666666666666,1,24,False,normal,0.13056378265735033,0.012660782327241243,0.08340258252530669,37.755102040816325,NORMAL
ACC_01600,6,11,1.7142857142857142,0.000286154850098,0.0040212765957446,0.0,11942.65,6850.71,27,14,11,6,442.3203703703704,223.9208972706052,0.0,1,27,False,normal,0.1292538548408361,0.01455920650396645,0.08337599550608824,37.71258503401361,NORMAL
ACC_01775,13,7,0.5714285714285714,0.0006642976993879,0.0026221276595744,0.0,12580.54,20751.8,25,37,7,13,503.2216,310.8755097661013,0.0,1,25,False,normal,0.13262927098420332,0.009194854705098982,0.0832555044725616,37.67006802721088,NORMAL
ACC_01352,10,7,0.7272727272727273,0.0006223132329865,0.0056502127659574,0.0147058823529411,14717.19,22463.71,28,43,7,10,525.6139285714286,391.9529959285017,0.0,1,26,False,normal,0.12807501215916228,0.015972245588444792,0.08323390553087529,37.62755102040816,NORMAL
ACC_00415,12,8,0.6923076923076923,0.0007612111367534,0.0021055319148936,0.0052631578947368,9115.47,17961.87,19,37,8,12,479.7615789473684,252.04092031659283,0.0,1,19,False,normal,0.12871713855791253,0.01492481065515629,0.08320020739681003,37.58503401360544,NORMAL
ACC_01394,10,5,0.5454545454545454,0.0003386153725022,0.0038212765957446,0.0,14656.59,7858.7,29,15,5,10,505.3996551724138,346.5758032057836,0.0,1,29,False,normal,0.11815227153424646,0.03028285089829053,0.08300450327986408,37.542517006802726,NORMAL
ACC_00947,11,9,0.8333333333333334,0.0006651859354426,0.000107448940434,0.0157894736842105,16360.89,16256.73,25,35,9,11,654.4356,418.5095353959493,0.0,1,25,False,normal,0.13103371746788717,0.010734226141322039,0.08291392093726112,37.5,NORMAL
ACC_01447,5,11,2.0,0.0006404681307732,0.0010331914893617,0.0,10295.48,13299.85,22,30,11,5,467.9763636363636,376.7327692845605,0.0,1,22,False,normal,0.11882514812884803,0.029003979915802107,0.08289668084362967,37.457482993197274,NORMAL
ACC_01068,6,8,1.2857142857142858,0.0001375919369234,0.0031463829787234,0.0109890109890109,8518.12,2552.62,20,7,8,6,425.90600000000006,296.4292931827793,0.0,1,20,False,normal,0.13081047832556061,0.011009088389182159,0.08288992235100924,37.41496598639456,NORMAL
ACC_00298,12,7,0.6153846153846154,0.0007655019907626,0.000515744680851,0.0,11197.58,21799.83,21,43,7,12,533.2180952380952,265.93816423407617,0.0,1,21,False,normal,0.12859950461470926,0.014279361099766066,0.08287144720873198,37.37244897959184,NORMAL
ACC_01815,7,5,0.75,0.0002169749531033,3.914893617021277e-05,0.0151515151515151,10723.97,7129.14,19,9,5,7,564.4194736842105,469.6865979858116,0.0,1,19,False,normal,0.11941911943628447,0.027923175865384776,0.08282074200792458,37.32993197278912,NORMAL
ACC_01044,5,5,1.0,0.0001759905390224,0.0004425531914893,0.0,11442.0,3201.97,29,10,5,5,394.5517241379311,273.3549617918191,0.0,1,29,False,normal,0.12629285833423953,0.017197902365829756,0.08265487594687561,37.28741496598639,NORMAL
ACC_01607,8,8,1.0,0.0005614993039314,0.0049114893617021,0.0083333333333333,9599.27,15166.34,17,29,8,8,564.6629411764707,423.6585933237503,0.0,1,17,False,normal,0.12477743360708955,0.018871289663597936,0.0824149760296929,37.244897959183675,NORMAL
ACC_01629,7,4,0.625,0.0005566176462508,0.0009846808510638,0.0,10143.14,13849.56,20,23,4,7,507.157,504.0980512089207,0.0,1,20,False,normal,0.11846441665419702,0.028230863554748308,0.08237099541441753,37.202380952380956,NORMAL
ACC_00992,10,6,0.6363636363636364,0.0005879026806908,0.0043761702127659,0.0083333333333333,8381.57,11054.89,20,18,6,10,419.0785,293.04088860151995,0.0,1,20,False,normal,0.12951850180711288,0.011421963149399,0.08227988634402732,37.15986394557823,NORMAL
ACC_01182,5,6,1.1666666666666667,0.0003435901317195,0.0002314893617021,0.0,8106.82,6309.34,18,16,6,5,450.37888888888887,247.3551782568085,0.0555555555555555,1,18,False,normal,0.13277281308755381,0.006515207990064166,0.08226977104855795,37.11734693877551,NORMAL
ACC_00116,4,7,1.6,0.0001133770446015,0.0023965957446808,0.0,14847.96,2252.23,26,8,7,4,571.0753846153846,376.1369132773945,0.0,1,26,False,normal,0.1306534070247593,0.009639499741354524,0.08224784411139739,37.07482993197279,NORMAL
ACC_00658,8,8,1.0,0.0003430186079975,0.0006753933398712,0.0,13075.98,9166.86,26,15,8,8,502.9223076923077,363.1128887969436,0.0,2,26,False,normal,0.13097612255434632,0.009031044292109333,0.08219809124945152,37.03231292517007,NORMAL
ACC_01251,8,12,1.4444444444444444,0.0003230469640276,0.005291914893617,0.0105263157894736,13650.52,9517.75,24,20,12,8,568.7716666666666,303.5186776813732,0.0,1,23,False,normal,0.13069373743754298,0.009416282197478353,0.08218275534151712,36.98979591836735,NORMAL
ACC_00063,7,12,1.625,0.000273120454646,0.0028311943035006,0.0058479532163742,16062.56,8525.94,30,18,12,7,535.4186666666667,292.3938372945232,0.0,1,29,False,normal,0.12549873335307948,0.01711740100141784,0.08214620041241483,36.947278911564624,NORMAL
ACC_00761,11,9,0.8333333333333334,0.0003075641745363,0.0044834042553191,0.0157894736842105,14740.9,11380.48,26,27,9,11,566.9576923076922,384.8015895945098,0.0384615384615384,1,26,False,normal,0.12947251982255276,0.011089846170931394,0.08211945036190421,36.904761904761905,NORMAL
ACC_01023,7,12,1.625,0.0005106578703337,0.0043525348569479,0.0058479532163742,11648.68,13655.29,28,30,12,7,416.0242857142857,345.17562308706704,0.0,1,27,False,normal,0.1291924361731704,0.01150975832011727,0.08211936503194914,36.86224489795919,NORMAL
ACC_01519,6,8,1.2857142857142858,0.0004008589938939,0.0013140425531914,0.0,17937.010000000002,9128.78,35,18,8,6,512.4860000000001,446.8808718623684,0.0,1,34,False,normal,0.12932328661442852,0.01129336022781846,0.0821113160597845,36.81972789115646,NORMAL
ACC_01896,10,10,1.0,0.0006810968970101,0.0013548936170212,0.0052631578947368,13787.95,25564.3,27,49,10,10,510.66481481481486,303.495798252126,0.0,1,27,False,normal,0.12219310667386317,0.02194788659357508,0.08209501864174794,36.77721088435374,NORMAL
ACC_00775,8,4,0.5555555555555556,0.0003764244949905,0.0007625531914893,0.0151515151515151,10308.66,15684.04,21,34,4,8,490.8885714285714,235.52054853633712,0.0,1,21,False,normal,0.12682262389963733,0.014700138204280176,0.08197362962149446,36.734693877551024,NORMAL
ACC_00579,7,8,1.125,0.0003945117861222,0.001367659574468,0.0095238095238095,14202.8,8644.15,25,24,8,7,568.112,381.6570069228827,0.0,2,24,False,normal,0.1351985382115252,0.0020811317746280075,0.08195157563676632,36.6921768707483,NORMAL
ACC_00611,7,10,1.375,0.0007843008318259,0.0015974468085106,0.0073529411764705,10870.24,16632.5,23,32,10,7,472.6191304347826,221.17806791470585,0.0,1,22,False,normal,0.11805706137623052,0.027786258620055015,0.08194874027376031,36.64965986394558,NORMAL
ACC_00216,5,7,1.3333333333333333,0.0006130181287431,0.0014791489361702,0.0,12251.19,17360.47,26,45,7,5,471.1996153846154,243.6064684441818,0.0,1,25,False,normal,0.11168949639733271,0.037303556000809916,0.0819351202387236,36.607142857142854,NORMAL
ACC_01239,9,11,1.2,0.0006505186640985,0.0019855319148936,0.0157894736842105,11308.41,12923.47,27,28,11,9,418.83,235.02874555777544,0.0,1,26,False,normal,0.12183728148488299,0.021688461807390914,0.08177775361388616,36.564625850340136,NORMAL
ACC_01746,12,8,0.6923076923076923,0.000522900956053,0.0016842195028354,0.0052631578947368,11537.92,18625.43,23,30,8,12,501.6486956521739,231.7784682976466,0.0434782608695652,1,22,False,normal,0.1259856244194684,0.015246527335517962,0.08168998558588822,36.52210884353742,NORMAL
ACC_01761,5,4,0.8333333333333334,0.0001371622850443,0.0004102127659574,0.0,12928.85,1901.36,23,5,4,5,562.1239130434783,340.0635418931309,0.0,1,23,False,normal,0.12410246499977672,0.017901645524942746,0.08162213720984313,36.47959183673469,NORMAL
ACC_00620,7,11,1.5,0.0003171287076469,0.0039012765957446,0.0065359477124183,15736.3,10749.68,32,18,11,7,491.759375,323.9016799241111,0.03125,1,31,False,normal,0.12890000502172622,0.010344657427750727,0.08147786598413602,36.43707482993197,NORMAL
ACC_01265,12,8,0.6923076923076923,0.0007688427265713,0.0030493617021276,0.0052631578947368,9284.96,22118.92,20,41,8,12,464.24799999999993,325.1237783659438,0.0,1,20,False,normal,0.12931731774602975,0.009565027153091293,0.08141640150885436,36.394557823129254,NORMAL
ACC_01846,9,12,1.3,0.0006226653898419,0.0037548936170212,0.0047619047619047,13530.19,19277.08,26,40,12,9,520.3919230769231,309.60982713110684,0.0,1,26,False,normal,0.12373927487692671,0.017913713637978595,0.08140905038134746,36.35204081632653,NORMAL
ACC_01902,12,9,0.7692307692307693,0.0004926795660752,0.0023344680851063,0.019047619047619,12490.8,17016.41,24,34,9,12,520.4499999999999,434.3605401146559,0.0,1,23,False,normal,0.12567573084685008,0.01479093496299324,0.08132181249330735,36.30952380952381,NORMAL
ACC_01674,8,7,0.8888888888888888,0.0004286091207732,0.0022172003581631,0.0,9051.21,7920.88,14,24,7,8,646.5150000000001,347.7692290707468,0.0,1,14,False,normal,0.12389176603739384,0.017418552156342602,0.08130248048497335,36.267006802721085,NORMAL
ACC_01312,5,5,1.0,0.0002456427207008,0.0003470771329893,0.0,8695.16,8787.58,23,20,5,5,378.0504347826087,244.9516637379388,0.0434782608695652,1,23,False,normal,0.13032758600334407,0.007717925722451461,0.08128372189098702,36.224489795918366,NORMAL
ACC_00458,8,10,1.2222222222222223,0.0003367343396658,0.0053455319148936,0.0130718954248366,15358.33,5861.41,29,13,10,8,529.5975862068965,331.8390497198386,0.0344827586206896,1,29,False,normal,0.13040298871620837,0.0073230001634163305,0.08117099329509156,36.18197278911565,NORMAL
ACC_00316,10,5,0.5454545454545454,0.0003765703503538,0.0006578723404255,0.0095238095238095,8877.05,13963.03,17,29,5,10,522.1794117647058,386.3827862119149,0.0,1,17,False,normal,0.12197270652118689,0.019914944781901738,0.08114960182547283,36.13945578231292,NORMAL
ACC_01101,9,7,0.8,0.0004329784232235,0.0003327659574468,0.0083333333333333,12979.64,18235.21,24,31,7,9,540.8183333333333,326.7712018159371,0.0,2,24,False,normal,0.1313157411330421,0.005789003314848318,0.08110504600576458,36.0969387755102,NORMAL
ACC_00351,9,8,0.9,0.0006714505584603,0.0006668656461859,0.0,12904.66,11599.67,25,23,8,9,516.1864,351.9912438764161,0.0,2,23,False,normal,0.13031302261649882,0.007069037333905124,0.08101542850346134,36.054421768707485,NORMAL
ACC_01474,10,4,0.4545454545454545,0.0004273428911838,0.0034868085106382,0.0109890109890109,10264.16,10200.95,21,26,4,10,488.7695238095238,369.9612681548731,0.0,1,20,False,normal,0.12114236544957287,0.02077013370206321,0.08099347275056899,36.01190476190476,NORMAL
ACC_00032,8,6,0.7777777777777778,0.0005294771421512,0.0002042553191489,0.0109890109890109,6224.32,13789.02,19,30,6,8,327.5957894736842,236.01382151889584,0.0,1,18,False,normal,0.12927720298865383,0.008480036107865555,0.08095833623633852,35.96938775510204,NORMAL
ACC_00314,10,6,0.6363636363636364,0.0005724508451894,0.0003794823689933,0.025,14649.12,18170.49,30,35,6,10,488.304,329.07229215813186,0.0,1,30,False,normal,0.12834996557394776,0.009849238924391485,0.08094967491412525,35.92687074829932,NORMAL
ACC_00005,6,11,1.7142857142857142,0.0003305696127001,0.0007106382978723,0.0073529411764705,13140.68,5994.01,31,14,11,6,423.8929032258064,279.25124078737826,0.0,1,31,False,normal,0.11996261458452075,0.022283095153868324,0.08089080681225977,35.8843537414966,NORMAL
ACC_00722,7,4,0.625,0.0009161916283457,3.574468085106383e-05,0.0,12189.8,16984.079999999998,25,33,4,7,487.592,368.01731261359606,0.0,1,25,False,normal,0.11897664595022073,0.02352110836924852,0.08079443091783185,35.84183673469388,NORMAL
ACC_00803,4,6,1.4,0.0001790497218043,0.0003421276595744,0.0,10000.47,3881.0,20,9,6,4,500.0235,315.05902164306326,0.05,1,20,False,normal,0.12985057721233365,0.007055872973965807,0.0807326955169865,35.79931972789115,NORMAL
ACC_00412,7,10,1.375,0.000576722300844,0.0061531914893617,0.0147058823529411,15892.66,15836.32,29,31,10,7,548.0227586206896,388.1065295940624,0.0,1,29,False,normal,0.12732301512690752,0.01058200572916968,0.08062661136781239,35.75680272108844,NORMAL
ACC_01606,7,5,0.75,0.0002992010182005,0.0006280851063829,0.0303030303030303,8204.33,7339.8,20,18,5,7,410.2165,292.85024558592545,0.0,1,20,False,normal,0.13104838510350164,0.004502994685329057,0.0804302289362326,35.714285714285715,NORMAL
ACC_01009,8,8,1.0,0.0010219172345949,0.0005404255319148,0.025,11853.88,18871.51,24,34,8,8,493.9116666666666,388.335623058498,0.0,1,24,False,normal,0.11787420925639168,0.02406777927884348,0.0803516372653724,35.67176870748299,NORMAL
ACC_00967,6,9,1.4285714285714286,0.0002489782232616,0.0031923404255319,0.019047619047619,10161.31,6237.86,21,14,9,6,483.8719047619047,360.8315432666474,0.0476190476190476,1,20,False,normal,0.12868143184981065,0.007417457272800338,0.08017584201900652,35.62925170068027,NORMAL
ACC_01747,11,7,0.6666666666666666,0.000555180348037,0.000743829787234,0.0130718954248366,8630.42,16084.02,19,32,7,11,454.23263157894735,313.1861600965525,0.0526315789473684,1,19,False,normal,0.1262017640958163,0.010897699579367554,0.0800801382892368,35.58673469387755,NORMAL
ACC_00422,5,9,1.6666666666666667,0.0003245270279316,0.0037974468085106,0.0128205128205128,8352.0,9757.25,23,16,9,5,363.1304347826087,241.022207869246,0.0,1,22,False,normal,0.12779342655656104,0.008493312842937226,0.0800733810711115,35.544217687074834,NORMAL
ACC_01633,9,10,1.1,0.000529267170537,0.0083353191489361,0.0058479532163742,12518.74,14202.22,22,24,10,9,569.0336363636363,384.0027721073732,0.0,1,22,False,normal,0.12872765474294104,0.006659324696675258,0.07990032272443472,35.50170068027211,NORMAL
ACC_00085,7,8,1.125,0.0003116154398986,0.0022629787234042,0.0380952380952381,9716.34,9382.82,21,18,8,7,462.68285714285713,286.779399715929,0.0,1,21,False,normal,0.13023425600754301,0.004094268709079884,0.07977826108815776,35.45918367346938,NORMAL
ACC_01166,7,11,1.5,0.0003782376696437,0.0033061868417686,0.0065359477124183,8703.539999999999,9458.83,21,23,11,7,414.4542857142857,254.75137035100371,0.0,1,21,False,normal,0.12309903975742005,0.014681220784233489,0.07973191216814543,35.41666666666667,NORMAL
ACC_01796,7,12,1.625,0.0005182913468202,0.0003922739095211,0.0,14811.25,15261.71,28,27,12,7,528.9732142857143,340.08260690443336,0.0357142857142857,1,28,False,normal,0.11899660746373421,0.02009283090548151,0.07943509684043312,35.374149659863946,NORMAL
ACC_01048,4,8,1.8,0.0001589998302988,0.0024425531914893,0.0,15799.52,5115.8,25,9,8,4,631.9808,359.0207883363673,0.0,1,24,False,normal,0.12753032580888105,0.007190852412493939,0.0793945364503262,35.33163265306122,NORMAL
ACC_01439,10,6,0.6363636363636364,0.0004171582785972,0.0076408510638297,0.0083333333333333,13015.4,14028.97,26,25,6,10,500.59230769230766,272.1687527150417,0.0,1,25,False,normal,0.12071914130480599,0.01721814311539037,0.07931874202903974,35.2891156462585,NORMAL
ACC_00217,9,7,0.8,0.000525250328014,0.0003163774357225,0.0166666666666666,9392.99,10369.91,20,23,7,9,469.6495,171.47482858011244,0.0,1,20,False,normal,0.12090061545504727,0.016891452326081125,0.07929695020346081,35.24659863945578,NORMAL
ACC_01940,6,8,1.2857142857142858,0.0006075595148411,0.0002694751204536,0.0219780219780219,17529.14,13870.79,27,25,8,6,649.2274074074074,451.8054407902092,0.0,1,27,False,normal,0.12701651751825951,0.00765440145792409,0.07927167109412533,35.204081632653065,NORMAL
ACC_00002,6,8,1.2857142857142858,0.0004303043664055,0.0043923404255319,0.0,9759.33,10955.11,29,19,8,6,336.5286206896552,212.2025042891836,0.0,1,29,False,normal,0.12176835104955808,0.015366416196498194,0.07920757710833412,35.16156462585034,NORMAL
ACC_01573,12,8,0.6923076923076923,0.0009288763855789,0.0010587234042553,0.0052631578947368,12786.16,21929.46,24,45,8,12,532.7566666666667,349.6459746119192,0.0,1,24,False,normal,0.1232618307261853,0.013107771676877326,0.07920020710646211,35.11904761904761,NORMAL
ACC_01823,6,12,1.8571428571428568,0.0004302068089558,0.0010173538566494,0.0130718954248366,15077.5,10599.23,30,21,12,6,502.5833333333333,360.8995901272583,0.0,1,30,False,normal,0.11960114729460508,0.018596100607836483,0.07919912861989764,35.0765306122449,NORMAL
ACC_00975,9,7,0.8,0.0008296943102226,0.0002331914893617,0.0083333333333333,14983.2,18686.1,25,43,7,9,599.328,376.1251985487456,0.04,1,25,False,normal,0.1239488196087657,0.011912473325817553,0.07913428109558644,35.034013605442176,NORMAL
ACC_01289,9,9,1.0,0.0008306110073685,0.0019327659574468,0.0,12466.87,22329.7,23,42,9,9,542.0378260869566,363.3876632087721,0.0434782608695652,1,22,False,normal,0.12172663311880119,0.014979876801834532,0.07902793059201453,34.99149659863946,NORMAL
ACC_00777,5,4,0.8333333333333334,0.0004842319446078,0.0001225531914893,0.0,15928.13,10187.91,31,20,4,5,513.8106451612904,281.2277559907093,0.0,1,29,False,normal,0.11782909634653126,0.020740636808650303,0.07899371253137888,34.94897959183674,NORMAL
ACC_01013,9,7,0.8,0.0004825108884307,0.0017200358163134,0.0083333333333333,10648.3,13695.36,23,21,7,9,462.9695652173913,327.6646782289683,0.0,2,23,False,normal,0.1278111009594678,0.005599496071627016,0.07892645900433148,34.906462585034014,NORMAL
ACC_01788,6,4,0.7142857142857143,0.0002940571449928,0.0003217021276595,0.0277777777777777,10554.79,8836.28,20,17,4,6,527.7395,347.8711927752782,0.0,1,20,False,normal,0.12727861901513382,0.006015140133283443,0.07877322746239367,34.863945578231295,NORMAL
ACC_00525,8,5,0.6666666666666666,0.0008073040031352,0.0036808510638297,0.0,9850.01,11728.47,23,22,5,8,428.26130434782607,264.2515695886015,0.0,1,23,False,normal,0.11617483578059994,0.02231728163161657,0.07863181412100659,34.82142857142857,NORMAL
ACC_01142,7,10,1.375,0.0007054883641183,0.004,0.0147058823529411,13446.71,21484.55,25,39,10,7,537.8684000000001,380.8868418537628,0.0,1,24,False,normal,0.11797991898329764,0.019601599684292738,0.07862859126369567,34.77891156462585,NORMAL
ACC_01875,3,5,1.5,0.0002171607166222,0.0,0.0,13450.64,7751.51,28,18,5,3,480.38,323.0195441742164,0.0,1,27,False,normal,0.12338982201562267,0.011430005531026187,0.07860589542178406,34.73639455782313,NORMAL
ACC_00985,6,12,1.8571428571428568,0.0002632643847063,0.0046451063829787,0.0073529411764705,13465.2,11660.68,27,27,12,6,498.7111111111112,373.715087757972,0.0,1,27,False,normal,0.12274837721702873,0.012327680103501082,0.07858009837161767,34.69387755102041,NORMAL
ACC_01236,8,12,1.4444444444444444,0.0004352118219609,0.0026029787234042,0.0052631578947368,12637.38,9987.64,26,22,12,8,486.0530769230769,224.87351712052237,0.0,1,26,False,normal,0.11537840230620962,0.023382120508604044,0.07857988958716738,34.65136054421769,NORMAL
ACC_00435,10,11,1.0909090909090908,0.0004287545933231,0.0073634042553191,0.0095238095238095,14833.79,10117.65,30,22,11,10,494.4596666666667,322.3014357493493,0.0,1,30,False,normal,0.12803137932305844,0.004104991671997986,0.07846082426263425,34.60884353741497,NORMAL
ACC_01510,11,4,0.4166666666666667,0.0005581213498731,0.0004936170212765,0.0095238095238095,12159.57,15590.92,22,38,4,11,552.7077272727273,359.8536758174781,0.0,1,21,False,normal,0.11908317769069025,0.017229927225413867,0.0783418775045797,34.566326530612244,NORMAL
ACC_00863,4,9,2.0,0.0003623027268088,0.000463829787234,0.0,10484.0,8620.07,21,17,9,4,499.2380952380952,320.3543570270123,0.0476190476190476,1,21,False,normal,0.12334374238655316,0.010713080998400371,0.07829147783129203,34.523809523809526,NORMAL
ACC_01557,11,5,0.5,0.0005788227590965,0.0005991489361702,0.0,15916.43,14261.68,30,27,5,11,530.5476666666667,328.33363300663143,0.0,1,30,False,normal,0.11827533371757665,0.018076911491859228,0.07819596482728969,34.4812925170068,NORMAL
ACC_00442,10,7,0.7272727272727273,0.0006489565167829,0.0042348936170212,0.0,12848.42,13943.41,30,31,7,10,428.28066666666666,267.4763166690662,0.0333333333333333,1,30,False,normal,0.12157282466739122,0.012439108466457734,0.07791933818701782,34.43877551020408,NORMAL
ACC_00036,11,7,0.6666666666666666,0.000290854402906,0.0016161702127659,0.0196078431372549,16988.07,13368.47,29,29,7,11,585.7955172413793,365.58873835408286,0.0,1,28,False,normal,0.1168336913423766,0.019536686292257275,0.07791488932232887,34.39625850340136,NORMAL
ACC_00222,8,6,0.7777777777777778,0.0006740057244987,0.0002987234042553,0.0329670329670329,13167.42,16287.61,24,33,6,8,548.6425,341.3181112055973,0.0,1,23,False,normal,0.12752431139198125,0.0033758432403218504,0.07786492413131749,34.35374149659864,NORMAL
ACC_01847,10,12,1.181818181818182,0.0005406631996634,0.0008553191489361,0.0086580086580086,13260.9,14782.18,24,22,12,10,552.5375,310.4049862924521,0.0,1,23,False,normal,0.10977672372668795,0.029987135835318368,0.07786088857014012,34.31122448979592,NORMAL
ACC_01679,10,9,0.9090909090909092,0.0008755557687393,0.0026570212765957,0.0175438596491228,13908.24,22359.44,27,32,9,10,515.12,395.7108953808032,0.0,1,27,False,normal,0.12412151021180344,0.008001629867808082,0.07767355807420528,34.2687074829932,NORMAL
ACC_00347,8,8,1.0,0.0004923587237927,0.001073636634972,0.0,10214.03,18935.67,19,39,8,8,537.5805263157895,368.09691766456297,0.0526315789473684,1,19,False,normal,0.11893259577725768,0.015556943374085783,0.07758233481598892,34.226190476190474,NORMAL
ACC_01945,6,5,0.8571428571428571,0.0002660408284124,0.002795744680851,0.0,12538.07,4837.42,23,10,5,6,545.1334782608695,520.0021242754573,0.0,1,23,False,normal,0.10549304287642132,0.03535019177947401,0.0774359024376424,34.183673469387756,NORMAL
ACC_00870,10,10,1.0,0.000555037029054,0.0076748936170212,0.0105263157894736,10350.02,13729.63,23,28,10,10,450.0008695652174,289.25065576908526,0.0,1,23,False,normal,0.12845607631599332,0.0008869476010698201,0.0774284248300239,34.14115646258503,NORMAL
ACC_00289,11,9,0.8333333333333334,0.0004424313157703,0.0080127659574468,0.0058479532163742,14779.67,10745.5,28,23,9,11,527.8453571428571,347.5183508875055,0.0,1,28,False,normal,0.1236586735868195,0.007224245773092879,0.07708490246132885,34.09863945578231,NORMAL
ACC_01507,8,10,1.2222222222222223,0.0004586064346012,0.0016153191489361,0.0261437908496732,10289.77,14328.97,26,34,10,8,395.7603846153846,304.2093111984677,0.0,1,26,False,normal,0.11991544772709989,0.012833553443281019,0.07708269001357233,34.05612244897959,NORMAL
ACC_01721,7,5,0.75,0.0004425801467155,0.0032464929859719,0.0,9658.13,12599.39,17,28,5,7,568.1252941176471,401.6859398540987,0.0,1,17,False,normal,0.11469544987003061,0.02053637004024544,0.07703181793811655,34.01360544217687,NORMAL
ACC_00623,8,4,0.5555555555555556,0.000794188545567,0.0015690956380846,0.0,10380.4,16290.43,25,27,4,8,415.216,319.50524471438644,0.0,1,25,False,normal,0.11694259235966174,0.01706214470068548,0.07699041329607123,33.97108843537415,NORMAL
ACC_01309,4,10,2.2,0.0003119754862369,0.0010429369377051,0.0,12117.85,7526.4,26,15,10,4,466.0711538461538,313.32906481623337,0.0384615384615384,1,26,False,normal,0.12095793385610679,0.010870666454928476,0.07692302689563546,33.92857142857143,NORMAL
ACC_01007,8,6,0.7777777777777778,0.0005099431981115,0.0009744680851063,0.0109890109890109,13362.33,14096.98,26,35,6,8,513.9357692307692,390.46084323192326,0.0769230769230769,1,25,False,normal,0.12450339632101708,0.005236505868323791,0.07679664013993975,33.886054421768705,NORMAL
ACC_01299,9,5,0.6,0.0004928943807425,0.0042663829787234,0.0,13876.89,18204.95,31,30,5,9,447.6416129032258,300.76489214552925,0.0,1,30,False,normal,0.11274582617036547,0.022611290900344288,0.07669201206235698,33.843537414965986,NORMAL
ACC_00459,8,9,1.1111111111111112,0.0005708076598008,0.0025480851063829,0.0073529411764705,12235.99,15326.15,21,30,9,8,582.6661904761904,464.5872681690297,0.0476190476190476,1,21,False,normal,0.11823188997450412,0.014055518651479032,0.07656134144529408,33.80102040816326,NORMAL
ACC_01019,6,12,1.8571428571428568,0.0004651303424612,0.0014961702127659,0.0130718954248366,11007.46,13143.22,23,25,12,6,478.5852173913043,290.6782672219887,0.0,1,23,False,normal,0.10989061368877596,0.026401909945345428,0.07649513219140375,33.75850340136054,NORMAL
ACC_01668,6,4,0.7142857142857143,0.0002609975970639,6.893617021276597e-05,0.0,13432.17,7264.42,28,13,4,6,479.7203571428572,227.163470320419,0.0,1,27,False,normal,0.11327693400038245,0.0212497686511354,0.07646606786068363,33.715986394557824,NORMAL
ACC_01687,7,5,0.75,0.0004568096533417,0.0005914893617021,0.0303030303030303,8833.22,12958.95,18,26,5,7,490.7344444444444,330.1406012456657,0.0,1,18,False,normal,0.12484953276187295,0.0037640985358934867,0.07641535907148117,33.6734693877551,NORMAL
ACC_00296,10,11,1.0909090909090908,0.0008586829009006,0.0019818360124504,0.0,11811.82,17814.13,26,33,11,10,454.3007692307692,280.7008390571439,0.0,1,26,False,normal,0.11352356231980466,0.020403998052144937,0.07627573661274077,33.63095238095239,NORMAL
ACC_00250,5,4,0.8333333333333334,0.0003289494658055,0.0031182978723404,0.0,12188.42,6801.0,21,17,4,5,580.4009523809524,439.5828122311513,0.0,1,21,False,normal,0.10889913806035587,0.027160610857955427,0.07620372717939569,33.58843537414966,NORMAL
ACC_01395,6,10,1.5714285714285714,0.0005299174078805,0.0037266021404511,0.0083333333333333,10386.14,17702.37,24,33,10,6,432.7558333333333,252.9931333303709,0.0,1,24,False,normal,0.11540085145334462,0.01734657606817295,0.07617914129927596,33.545918367346935,NORMAL
ACC_00255,9,10,1.1,0.0008230492603481,0.0048068085106382,0.0058479532163742,13102.44,21627.27,23,41,10,9,569.6713043478261,361.1728221591474,0.0,1,22,False,normal,0.11519936038653,0.017233477311648933,0.07601300715657756,33.50340136054422,NORMAL
ACC_00128,3,7,2.0,0.0001938751254501,0.0016791489361702,0.0,14363.8,3464.88,25,9,7,3,574.552,389.6966664064928,0.0,1,25,False,normal,0.12051092308374621,0.00918593868603136,0.07598092932466027,33.4608843537415,NORMAL
ACC_00065,6,4,0.7142857142857143,0.000580590837574,4.680851063829788e-05,0.0,12203.62,22136.07,24,35,4,6,508.4841666666667,436.40282544931455,0.0,1,24,False,normal,0.11412712876085507,0.018691408493304168,0.0759528406538347,33.41836734693878,NORMAL
ACC_00728,10,7,0.7272727272727273,0.000601259810857,0.001,0.0073529411764705,8891.779999999999,16901.43,17,33,7,10,523.0458823529411,445.8278931670104,0.0,1,17,False,normal,0.11302424962271954,0.02012129256573574,0.07586306679992601,33.375850340136054,NORMAL
ACC_01978,10,4,0.4545454545454545,0.0005398892454728,0.0013642553191489,0.0219780219780219,10796.66,11814.74,23,25,4,10,469.42,361.04701777670806,0.0,1,22,False,normal,0.1183319514402262,0.011719010470334693,0.07568677505226959,33.33333333333333,NORMAL
ACC_01821,4,9,2.0,0.0003020876427252,0.0003123404255319,0.0,14857.78,5506.37,31,8,9,4,479.2832258064517,351.46958488027667,0.0,1,31,False,normal,0.11700713345910504,0.013398010817280872,0.07556348440237537,33.29081632653062,NORMAL
ACC_00205,9,7,0.8,0.000348597893301,0.0006280851063829,0.0,12146.03,10564.14,25,23,7,9,485.8412,356.54722993969074,0.0,2,24,False,normal,0.11977263267186493,0.009099312093120173,0.07550330444036703,33.24829931972789,NORMAL
ACC_01491,5,12,2.1666666666666665,0.0002704801251929,0.0004561702127659,0.0,12823.52,6482.33,25,17,12,5,512.9408,350.1924276132576,0.0,1,24,False,normal,0.1107190088499859,0.02250486947914564,0.07543335310164978,33.205782312925166,NORMAL
ACC_00230,6,11,1.7142857142857142,0.0005884444405505,0.0005259574468085,0.0,14907.41,14861.54,26,29,11,6,573.3619230769231,388.6960329513975,0.0384615384615384,1,26,False,normal,0.11501574636021772,0.015942839093082965,0.07538658345336381,33.16326530612245,NORMAL
ACC_00499,11,10,0.9166666666666666,0.000362200905277,0.0013251063829787,0.0,13194.9,9845.37,24,19,10,11,549.7875,484.44565475486473,0.0,1,24,False,normal,0.1045929380183528,0.031472676047755874,0.07534483323011404,33.12074829931973,NORMAL
ACC_01055,5,4,0.8333333333333334,0.0002036311437804,0.0032038545175457,0.0,11991.05,3216.71,24,10,4,5,499.6270833333333,296.48875194559,0.0,1,24,False,normal,0.11241912923843267,0.019617535392057295,0.07529849169988251,33.07823129251701,NORMAL
ACC_01364,9,6,0.7,0.000438996900776,0.0046382978723404,0.0095238095238095,7526.33,11263.73,17,27,6,9,442.7252941176471,274.4537668514874,0.0,1,17,False,normal,0.11940942721797453,0.008980123181740404,0.07523770560348086,33.035714285714285,NORMAL
ACC_01139,6,6,1.0,0.0004826800884804,0.0017217021276595,0.0151515151515151,7220.78,7125.06,20,15,6,6,361.039,248.20800078075436,0.0,1,20,False,normal,0.12100233947889283,0.006533807744222308,0.07521492678502462,32.99319727891156,NORMAL
ACC_01471,11,10,0.9166666666666666,0.0005159575752818,0.0057812765957446,0.0047619047619047,13230.62,22883.15,27,43,10,11,490.0229629629629,363.9521876334732,0.0,1,25,False,normal,0.1197208158744519,0.00845338609404288,0.0752138439622883,32.95068027210885,NORMAL
ACC_01141,9,9,1.0,0.000528018741219,0.0017395744680851,0.0130718954248366,8008.84,8479.630000000001,17,20,9,9,471.10823529411766,301.95657500780004,0.0,1,17,False,normal,0.11385179147846651,0.017213278604888613,0.07519638632903536,32.90816326530612,NORMAL
ACC_01240,10,6,0.6363636363636364,0.0005695160938644,0.001023829787234,0.0,8943.12,15928.34,17,32,6,10,526.0658823529412,376.6636956400701,0.0,1,16,False,normal,0.11507746512121668,0.014919249745716859,0.07501417897101675,32.8656462585034,NORMAL
ACC_01760,7,9,1.25,0.0006205680927471,0.0017191489361702,0.0083333333333333,12591.84,13189.99,33,21,9,7,381.5709090909091,286.50776704528056,0.0,1,33,False,normal,0.11309613337654568,0.017680932179849174,0.07493005289786707,32.82312925170068,NORMAL
ACC_01504,5,5,1.0,0.0003893476923477,2.302477295015563e-05,0.0,8358.23,3470.63,22,7,5,5,379.9195454545454,262.60437329033977,0.0,1,21,False,normal,0.117333393250945,0.011183897715637362,0.07487359503682195,32.78061224489796,NORMAL
ACC_01991,9,5,0.6,0.000493392976075,0.0002008510638297,0.0,16598.98,10629.0,24,25,5,9,691.6241666666666,283.5366897340841,0.0,1,24,False,normal,0.11911943347904237,0.008291747170495866,0.07478835895562377,32.73809523809524,NORMAL
ACC_01834,8,11,1.3333333333333333,0.0004293673327429,0.0045751076621327,0.0116959064327485,17036.72,11369.39,27,23,11,8,630.9896296296297,399.1815636011868,0.0,1,27,False,normal,0.12176798663926044,0.004095935073220471,0.07469916601284446,32.695578231292515,NORMAL
ACC_01148,7,5,0.75,0.0005513057655315,0.0003370212765957,0.0,9784.06,16285.87,23,34,5,7,425.3939130434782,158.81291625795345,0.0,1,23,False,normal,0.11112926718167097,0.019829367399545755,0.07460930726882088,32.6530612244898,NORMAL
ACC_01189,10,9,0.9090909090909092,0.0008461609106269,0.0052204255319148,0.0,10939.4,18947.89,26,36,9,10,420.74615384615385,283.94386501668845,0.0,1,25,False,normal,0.11749310990467157,0.0099944111709976,0.07449363041120198,32.61054421768708,NORMAL
ACC_01024,5,9,1.6666666666666667,0.0002988353617546,0.0004995744680851,0.0109890109890109,11590.19,11856.66,27,22,9,5,429.26629629629633,249.15140545379455,0.037037037037037,1,27,False,normal,0.11474783451155547,0.013907652318046889,0.07441176163415203,32.56802721088435,NORMAL
ACC_01833,8,6,0.7777777777777778,0.0005796158827901,0.0004451063829787,0.0,13701.3,24449.79,23,49,6,8,595.7086956521739,372.9104275012036,0.0,1,23,False,normal,0.1087369346858313,0.022469506127557222,0.07422996326252167,32.525510204081634,NORMAL
ACC_01567,9,8,0.9,0.0004087564668716,0.0061106382978723,0.0083333333333333,7536.269999999999,14731.06,20,31,8,9,376.8135,283.31500360209066,0.0,1,20,False,normal,0.12016999535776784,0.005177428543917848,0.07417296863222785,32.482993197278915,NORMAL
ACC_00679,8,9,1.1111111111111112,0.0002782010945928,0.0005770212765957,0.0073529411764705,18805.72,7043.8,31,14,9,8,606.636129032258,392.6458833578285,0.0,1,31,False,normal,0.11380792941821474,0.014687283422780353,0.07415967102004098,32.44047619047619,NORMAL
ACC_00450,4,6,1.4,0.000219788269813,0.0010765957446808,0.0,10691.34,4982.48,20,9,6,4,534.567,343.0885988702289,0.05,1,20,False,normal,0.11812655811345076,0.008208428491433318,0.07415930626464377,32.39795918367347,NORMAL
ACC_00123,11,11,1.0,0.0003930374991345,0.0027732059864409,0.0173160173160173,11111.14,10821.7,24,24,11,11,462.9641666666666,343.4075406596134,0.0,1,24,False,normal,0.11066046197078491,0.019311088974280056,0.07412071277218296,32.355442176870746,NORMAL
ACC_00685,9,11,1.2,0.0006324540710784,0.0047448087664691,0.0052631578947368,12394.42,18793.27,24,43,11,9,516.4341666666667,389.7332451363274,0.0,1,24,False,normal,0.11249988564377104,0.016262085254918932,0.07400476548823019,32.31292517006803,NORMAL
ACC_00306,4,9,2.0,0.0002652063114349,0.0005344680851063,0.0128205128205128,13657.84,5430.65,26,10,9,4,525.3015384615385,335.7010861190927,0.0384615384615384,1,26,False,normal,0.11725297873046796,0.00877046914162706,0.0738599748949316,32.27040816326531,NORMAL
ACC_00144,5,10,1.8333333333333333,0.0005574723282724,0.0013123404255319,0.0,9878.92,6829.93,24,13,10,5,411.6216666666666,306.5801991630258,0.0,1,24,False,normal,0.11132291528236643,0.0176118681967199,0.07383849644810782,32.22789115646258,NORMAL
ACC_01016,9,9,1.0,0.0005242993393256,0.0009046808510638,0.0065359477124183,18644.51,14684.04,29,28,9,9,642.9141379310345,479.02619706559176,0.0,1,29,False,normal,0.11855046521131384,0.006670409130157932,0.07379844277885146,32.185374149659864,NORMAL
ACC_00151,7,5,0.75,0.0002879529030495,0.0024008510638297,0.0151515151515151,16133.98,10106.88,26,17,5,7,620.5376923076923,467.9309541144521,0.0,1,25,False,normal,0.10936715093671982,0.02039914760546069,0.07377994960421616,32.142857142857146,NORMAL
ACC_01489,5,6,1.1666666666666667,0.0003547646799288,2.0425531914893616e-05,0.0,17069.81,15867.28,33,24,6,5,517.2669696969697,346.7290770768011,0.0,1,33,False,normal,0.11223150969967466,0.015918885399524168,0.07370645997961446,32.10034013605442,NORMAL
ACC_00092,5,10,1.8333333333333333,0.0006287280569187,0.0004978723404255,0.0095238095238095,15450.08,13686.63,30,25,10,5,515.0026666666666,336.0661259021066,0.0,1,30,False,normal,0.11087062758896946,0.017925701595432462,0.07369265719155466,32.0578231292517,NORMAL
ACC_00449,8,6,0.7777777777777778,0.0008523795876214,0.000635744680851,0.0219780219780219,10692.89,19053.78,21,36,6,8,509.1852380952381,419.1243888229251,0.0,1,21,False,normal,0.11242539123662164,0.015371418724951826,0.07360380223195372,32.015306122448976,NORMAL
ACC_00256,9,11,1.2,0.0004099761271942,0.0063097872340425,0.0,9593.33,11241.03,22,21,11,9,436.06045454545455,291.9351256126097,0.0,1,22,False,normal,0.11939806455594933,0.004892777848091015,0.073595949872806,31.97278911564626,NORMAL
ACC_00191,11,5,0.5,0.0004325661199293,0.0001617021276595,0.0,9175.15,11065.06,24,25,5,11,382.29791666666665,288.9688704007551,0.0,1,24,False,normal,0.1104167182213186,0.017809829926192046,0.07337396290326798,31.93027210884354,NORMAL
ACC_01838,9,7,0.8,0.0009650223557439,0.0004987234042553,0.0083333333333333,14322.61,22294.92,25,40,7,9,572.9044,460.2172689980245,0.0,1,23,False,normal,0.10927190271036083,0.019425206369016148,0.07333322417382296,31.887755102040817,NORMAL
ACC_00076,6,6,1.0,0.0002388536021016,0.0002382978723404,0.0,16410.69,4910.05,30,6,6,6,547.0229999999999,412.4404450061809,0.0,1,30,False,normal,0.10911574255497615,0.019275037286463445,0.07317946044757107,31.845238095238095,NORMAL
ACC_00161,6,6,1.0,0.0002618973391964,0.0016280851063829,0.0151515151515151,14181.34,8015.2,27,17,6,6,525.2348148148149,489.2001289732704,0.037037037037037,1,27,False,normal,0.11216035013118825,0.014675955048580998,0.07316659209814534,31.802721088435376,NORMAL
ACC_00978,5,5,1.0,0.0002386221022889,0.0008170212765957,0.0,12949.78,2600.75,22,7,5,5,588.6263636363636,471.23246802345926,0.0,1,22,False,normal,0.10668182092507082,0.022889938566196002,0.07316506798152089,31.760204081632654,NORMAL
ACC_01226,9,8,0.9,0.0006863529167571,0.0029761702127659,0.0147058823529411,17435.01,14260.95,33,30,8,9,528.3336363636363,382.91858027211697,0.0,1,33,False,normal,0.11524778629629337,0.009800235561504052,0.07306876600237763,31.717687074829932,NORMAL
ACC_01206,4,6,1.4,0.0001703405209349,0.0002051063829787,0.0,13335.12,4315.47,29,14,6,4,459.831724137931,354.9425087055746,0.0344827586206896,1,29,False,normal,0.1164687068690304,0.007956302528325415,0.0730637451327484,31.67517006802721,NORMAL
ACC_01271,7,12,1.625,0.00028239665516,0.0033268085106382,0.0116959064327485,11502.01,9254.08,23,19,12,7,500.0873913043478,369.2503345135112,0.0,1,22,False,normal,0.11015202345101695,0.017401643727453116,0.07305187156159142,31.63265306122449,NORMAL
ACC_00647,7,6,0.875,0.0003508932187002,0.0008928495288449,0.0256410256410256,12868.42,11995.55,29,21,6,7,443.7386206896552,286.2322665464452,0.0344827586206896,1,29,False,normal,0.11533547370843188,0.009582549371413276,0.07303430397362444,31.59013605442177,NORMAL
ACC_01530,9,9,1.0,0.0002206688508316,0.0042493497633565,0.0,11577.36,5178.56,26,10,9,9,445.2830769230769,263.6057171879128,0.0,1,25,False,normal,0.11035790243553206,0.016973178107409594,0.07300401270428308,31.547619047619047,NORMAL
ACC_00356,4,10,2.2,0.0002899828174258,0.0011225531914893,0.0109890109890109,13243.58,7059.05,24,12,10,4,551.8158333333333,302.9729511662811,0.0,1,24,False,normal,0.11319709867233785,0.01265253052354725,0.07297927141282161,31.505102040816325,NORMAL
ACC_00501,9,9,1.0,0.0007173884056393,0.0012468085106382,0.0,9731.24,23706.81,19,42,9,9,512.1705263157895,359.5661441155883,0.0,1,19,False,normal,0.10886803851665179,0.01910083079306723,0.07296115542721797,31.462585034013607,NORMAL
ACC_00049,7,9,1.25,0.0004993251599786,0.0021668085106382,0.0,13343.35,10980.72,26,23,9,7,513.2057692307692,389.6349115279387,0.0,2,26,False,normal,0.1198149715661535,0.0025114422947383605,0.07289355985758746,31.420068027210885,NORMAL
ACC_01103,8,8,1.0,0.0004176212161558,0.0026527659574468,0.0,17432.17,13995.99,33,27,8,8,528.2475757575758,386.94634011893606,0.0303030303030303,1,33,False,normal,0.11630557887642133,0.007770711611273402,0.07289163197036216,31.377551020408163,NORMAL
ACC_00407,9,9,1.0,0.0004670505266273,0.0011455319148936,0.0073529411764705,9559.41,17586.99,20,33,9,9,477.9705,274.1322104286063,0.05,1,20,False,normal,0.11285396057945993,0.012943573173918645,0.07288980561724341,31.33503401360544,NORMAL
ACC_01529,9,5,0.6,0.0003308294291711,0.0029215878565641,0.0109890109890109,15644.2,9217.35,26,25,5,9,601.7,455.1623994488121,0.0,1,26,False,normal,0.1071814642216933,0.02140754910252781,0.0728718981740271,31.292517006802722,NORMAL
ACC_01585,7,7,1.0,0.0009663556805876,0.00077431458662,0.0109890109890109,9088.94,15369.1,20,31,7,7,454.447,288.3493190212177,0.0,1,19,False,normal,0.1029220569492547,0.027772171230273302,0.07286210266166214,31.25,NORMAL
ACC_00946,3,5,1.5,0.0002695860164443,9.02127659574468e-05,0.0,10291.24,9119.55,24,17,5,3,428.8016666666667,322.0907623456559,0.0,1,24,False,normal,0.11583760405911793,0.008367141527923595,0.0728494190466402,31.207482993197278,NORMAL
ACC_01220,4,6,1.4,0.0002771163283388,4.263846842621413e-06,0.0,11288.91,7308.47,21,19,6,4,537.5671428571428,313.9630074410496,0.0476190476190476,1,21,False,normal,0.11878324634464035,0.00362756354661432,0.07272097322542993,31.16496598639456,NORMAL
ACC_01901,8,4,0.5555555555555556,0.0004897241602127,0.0003685106382978,0.0,11425.02,17205.58,24,27,4,8,476.0425,336.92018807517115,0.0416666666666666,1,24,False,normal,0.11646674710561096,0.006726596635844027,0.07257068691770419,31.122448979591837,NORMAL
ACC_00566,9,5,0.6,0.0005727832186072,0.0002893617021276,0.0,15155.26,15632.04,23,25,5,9,658.924347826087,472.0025140613523,0.0,1,23,False,normal,0.11135425117981675,0.014237178769124883,0.07250742221554,31.079931972789115,NORMAL
ACC_01003,8,6,0.7777777777777778,0.0005864557671838,0.0021481260393126,0.0329670329670329,11163.04,10754.9,25,27,6,8,446.5216,286.3366357640368,0.0,1,25,False,normal,0.11792448743306683,0.004225386478712966,0.07244484705132528,31.037414965986393,NORMAL
ACC_01872,5,9,1.6666666666666667,0.0001689350307252,0.0051038246706178,0.0,14306.64,4194.11,29,12,9,5,493.33241379310346,340.7727286063582,0.0,1,28,False,normal,0.11579263248363574,0.007278046897520412,0.0723867982491896,30.994897959183675,NORMAL
ACC_01437,4,5,1.2,0.0001677400364898,0.0009114893617021,0.0,13707.4,2636.08,25,6,5,4,548.2959999999999,377.5215403788239,0.0,1,24,False,normal,0.111030374954122,0.013698194398710081,0.07209750273195724,30.952380952380953,NORMAL
ACC_00203,9,6,0.7,0.0007067185872349,0.0005082505436404,0.0095238095238095,11216.67,21571.46,24,43,6,9,467.36125,326.3729001872405,0.0416666666666666,1,24,False,normal,0.11378520099529774,0.009324540221909733,0.07200093668594254,30.90986394557823,NORMAL
ACC_00336,7,5,0.75,0.0006074066095475,7.914893617021277e-05,0.0,7580.29,13800.46,17,24,5,7,445.89941176470586,269.12709617090275,0.0,1,17,False,normal,0.11451335355615817,0.007880953583868491,0.0718603935672423,30.86734693877551,NORMAL
ACC_01219,5,11,2.0,0.0002383266013522,0.0012,0.0,14807.72,4939.55,26,10,11,5,569.5276923076923,397.5647041004288,0.0,1,24,False,normal,0.10928832447466835,0.01570263383908827,0.07185404822043631,30.82482993197279,NORMAL
ACC_00686,10,5,0.5454545454545454,0.0003713376052621,0.0048468085106382,0.0,13712.25,10480.35,26,18,5,10,527.3942307692307,317.7412223703192,0.0,1,25,False,normal,0.10426286510709712,0.02269432443249191,0.07163544883725503,30.782312925170068,NORMAL
ACC_01726,9,10,1.1,0.0005071236541987,0.0025182279452522,0.0,18033.48,11375.8,31,27,10,9,581.7251612903226,457.4672963456584,0.0,1,31,False,normal,0.11604861758215629,0.004995525995139526,0.07162738094734958,30.739795918367346,NORMAL
ACC_00078,6,9,1.4285714285714286,0.000282701742403,0.0037018718287639,0.0095238095238095,8829.51,5433.2,18,14,9,6,490.52833333333336,294.6358202185918,0.0,1,18,False,normal,0.11359180402421253,0.008455238248571348,0.07153717771395605,30.697278911564624,NORMAL
ACC_01154,5,8,1.5,0.0005861695066067,0.0017336170212765,0.0,8370.42,11193.04,22,24,8,5,380.4736363636364,221.68308270496365,0.0,1,22,False,normal,0.10901748280619841,0.01531276793439185,0.07153559685747578,30.654761904761905,NORMAL
ACC_01014,9,9,1.0,0.0005419116589177,0.0043906382978723,0.0065359477124183,14231.49,19359.55,25,43,9,9,569.2596,456.2964094887591,0.0,1,25,False,normal,0.10819410897584923,0.0163220745553758,0.07144529520765985,30.612244897959183,NORMAL
ACC_01085,7,5,0.75,0.0003624837115793,0.0021463829787234,0.0151515151515151,7790.45,12297.24,20,23,5,7,389.5225,219.6676785001189,0.0,1,20,False,normal,0.11428525539939063,0.007077933949376944,0.07140232681938516,30.56972789115646,NORMAL
ACC_01349,10,9,0.9090909090909092,0.0006761398947616,0.0047880851063829,0.0116959064327485,9089.89,16857.61,20,32,9,10,454.4945,292.2502959428514,0.0,1,19,False,normal,0.11484504705794676,0.006230986111641148,0.07139942267942452,30.52721088435374,NORMAL
ACC_01708,4,8,1.8,0.0004949443624386,0.0,0.0,10183.18,10487.82,19,23,8,4,535.9568421052631,393.028124736536,0.0,1,19,False,normal,0.10812441261878604,0.016292365171570886,0.07139159363989997,30.484693877551024,NORMAL
ACC_01008,7,9,1.25,0.0002767834474777,0.0006663829787234,0.0,18463.03,7463.34,31,15,9,7,595.5816129032257,341.9973499614363,0.032258064516129,1,28,False,normal,0.11224547342731646,0.009645322411737853,0.07120541302108502,30.4421768707483,NORMAL
ACC_00539,10,5,0.5454545454545454,0.0005831648570993,0.0004348936170212,0.0095238095238095,8329.03,16547.66,21,40,5,10,396.6204761904762,308.13174074535374,0.0,1,21,False,normal,0.11087132984073772,0.011404402985574552,0.07108455909867245,30.399659863945576,NORMAL
ACC_00420,8,9,1.1111111111111112,0.0004626095246723,0.0020646808510638,0.0073529411764705,14378.6,14249.4,28,28,9,8,513.5214285714286,317.3398558003156,0.0,2,28,False,normal,0.11600320335857388,0.0036817437214102973,0.07107461950370844,30.357142857142854,NORMAL
ACC_00448,6,9,1.4285714285714286,0.0001538025604009,0.0017914893617021,0.0,11676.86,3828.36,23,8,9,6,507.6895652173913,415.242021131579,0.0434782608695652,1,23,False,normal,0.10801715016808616,0.015569560110795943,0.07103811414517007,30.31462585034014,NORMAL
ACC_00547,4,6,1.4,0.00033750157992,3.4042553191489363e-06,0.0,12503.69,8874.8,20,14,6,4,625.1845000000001,450.8431923743145,0.0,1,20,False,normal,0.10864682409981807,0.014553194966297107,0.07100937244640967,30.272108843537417,NORMAL
ACC_00146,10,9,0.9090909090909092,0.0005878267098605,0.0040255319148936,0.0,12586.32,13510.6,30,28,9,10,419.544,204.2521178989508,0.0,1,28,False,normal,0.10885761849753935,0.014046682685458991,0.0709332441727072,30.22959183673469,NORMAL
ACC_00199,9,4,0.5,0.0004722180348871,0.0025642553191489,0.0128205128205128,13876.89,13800.15,28,25,4,9,495.6032142857143,323.2011414773294,0.0,1,27,False,normal,0.10644122716512638,0.017521568259179162,0.07087336360274749,30.18707482993197,NORMAL
ACC_00013,11,8,0.75,0.0008506969260476,0.0029072340425531,0.0116959064327485,13274.64,23812.26,25,45,8,11,530.9856,325.0073518409493,0.0,1,24,False,normal,0.11099052502338903,0.010128936644324663,0.07064588967176327,30.144557823129254,NORMAL
ACC_00278,9,5,0.6,0.0004477997868686,0.0022604255319148,0.0,14284.09,10662.07,29,15,5,9,492.5548275862069,336.8665796150998,0.0344827586206896,1,29,False,normal,0.10400143635707569,0.020496569959741646,0.07059948979814207,30.102040816326532,NORMAL
ACC_00925,6,8,1.2857142857142858,0.0005684430999362,0.0003804255319148,0.0109890109890109,10080.25,14468.9,20,26,8,6,504.0125,391.3824103418548,0.05,1,18,False,normal,0.10936797340587595,0.012210003791841935,0.07050478556026235,30.059523809523807,NORMAL
ACC_00730,10,5,0.5454545454545454,0.0006099327349713,0.0038136170212765,0.0095238095238095,8914.55,16036.82,19,29,5,10,469.1868421052631,320.0335324801073,0.0,1,19,False,normal,0.11077693357552786,0.009979350649833902,0.07045790040525027,30.017006802721085,NORMAL
ACC_01881,8,6,0.7777777777777778,0.0005896955303682,0.0068085106382978,0.0,12007.5,8838.15,24,15,6,8,500.3125,343.4855745879294,0.0,1,24,False,normal,0.10225851555365013,0.022733998703503202,0.07044870881359136,29.97448979591837,NORMAL
ACC_01460,10,6,0.6363636363636364,0.0005490664334892,0.0008451063829787,0.0,15613.96,19239.01,28,34,6,10,557.6414285714285,343.4254320671027,0.0357142857142857,1,27,False,normal,0.11347203170745586,0.005811583679888872,0.07040785249642906,29.931972789115648,NORMAL
ACC_01027,10,6,0.6363636363636364,0.0006395094934035,0.0023693617021276,0.0166666666666666,14210.57,14812.99,29,30,6,10,490.01965517241376,351.1391761262066,0.0344827586206896,1,28,False,normal,0.11242855089797539,0.007204073770544619,0.07033876004700308,29.889455782312922,NORMAL
ACC_00864,6,7,1.1428571428571428,0.0002300041622639,0.0007640813541977,0.0,9098.87,4795.03,20,8,7,6,454.9435,339.03040770742547,0.05,1,20,False,normal,0.10937659601247625,0.011469008925475373,0.0702135611776759,29.846938775510207,NORMAL
ACC_00770,8,8,1.0,0.0001606849460515,0.0028595744680851,0.0166666666666666,13185.44,4056.6,25,10,8,8,527.4176,250.80080278446744,0.0,1,23,False,normal,0.10587225284154866,0.0163154179455726,0.07004951888315823,29.804421768707485,NORMAL
ACC_00638,10,6,0.6363636363636364,0.0007061412502387,0.0010868085106382,0.0,8491.24,15880.57,20,32,6,10,424.562,232.89309010110648,0.0,1,20,False,normal,0.11031101397093872,0.0096209817019026,0.07003500106332426,29.761904761904763,NORMAL
ACC_00571,7,7,1.0,0.0004067868516934,0.0040212765957446,0.0,8706.22,9141.03,16,18,7,7,544.13875,331.85665967653364,0.0,1,16,False,normal,0.10918888794192529,0.010930959652314304,0.0698857166260809,29.71938775510204,NORMAL
ACC_01639,7,9,1.25,0.0002409655728595,0.0018604255319148,0.0083333333333333,18058.91,7372.09,26,13,9,7,694.5734615384615,333.59857167490765,0.0,1,26,False,normal,0.11097761692803332,0.007993782844839387,0.06978408329475574,29.676870748299322,NORMAL
ACC_01728,7,4,0.625,0.0003859835667051,0.0006553191489361,0.0181818181818181,10176.28,12366.91,19,22,4,7,535.5936842105264,393.4629781004466,0.0,1,19,False,normal,0.10949208788614632,0.010215505109156118,0.06978145477535024,29.6343537414966,NORMAL
ACC_01188,8,11,1.3333333333333333,0.0004372302610855,0.0020110638297872,0.0058479532163742,16426.56,11185.95,31,23,11,8,529.8890322580645,313.3729336573793,0.032258064516129,1,31,False,normal,0.10823767528492803,0.012056840114870473,0.069765341216905,29.591836734693878,NORMAL
ACC_00464,6,9,1.4285714285714286,0.000481152811464,0.0010233232422291,0.0095238095238095,17720.09,9567.25,30,21,9,6,590.6696666666667,371.9849664415294,0.0333333333333333,1,29,False,normal,0.11331272280413869,0.0043188896275230156,0.06971518953349243,29.549319727891156,NORMAL
ACC_01456,8,8,1.0,0.0003089332507151,0.0008008510638297,0.0,17879.989999999998,8614.98,29,20,8,8,616.5513793103447,502.54029195765656,0.0,1,28,False,normal,0.10745769703161513,0.013087141841666945,0.06970947495563586,29.506802721088437,NORMAL
ACC_00127,8,10,1.2222222222222223,0.0005257995312819,0.002669168123481,0.0065359477124183,16731.79,14907.57,33,34,10,8,507.0239393939394,373.3004741235553,0.0,1,32,False,normal,0.11076749418943124,0.007551572450406199,0.06948112549382122,29.464285714285715,NORMAL
ACC_00941,7,9,1.25,0.0002867953707207,0.0054927659574468,0.0,11243.1,9286.33,23,19,9,7,488.83043478260873,425.5659959553145,0.0434782608695652,1,23,False,normal,0.10975220121837258,0.008941744085349762,0.06942801836516345,29.421768707482993,NORMAL
ACC_01656,10,11,1.0909090909090908,0.0004002134871054,0.0049931914893617,0.0142857142857142,15475.48,14354.92,29,26,11,10,533.6372413793104,300.84419029619863,0.0,1,29,False,normal,0.11042753388518592,0.007854500415782228,0.06939832049742445,29.37925170068027,NORMAL
ACC_01073,8,11,1.3333333333333333,0.0003079974802486,0.0056336170212765,0.0116959064327485,11063.17,9499.16,23,21,11,8,481.00739130434783,265.7715348021063,0.0,1,23,False,normal,0.11142642984292116,0.006354486650771149,0.06939765256606115,29.336734693877553,NORMAL
ACC_01514,7,5,0.75,0.0004037441780618,0.0020442553191489,0.0303030303030303,13593.41,11755.8,27,24,5,7,503.4596296296296,330.79011735867385,0.0,1,26,False,normal,0.1108336046300491,0.007120843749492551,0.06934850027782648,29.29421768707483,NORMAL
ACC_01785,10,4,0.4545454545454545,0.000732690509434,0.0003812765957446,0.0109890109890109,10472.05,18194.98,23,37,4,10,455.3065217391304,321.4524193493239,0.0,1,23,False,normal,0.10878476284932491,0.009985317138998957,0.06926498456519452,29.25170068027211,NORMAL
ACC_01307,9,4,0.5,0.0004499720618414,9.551016927471966e-05,0.0,14257.51,18899.46,28,36,4,9,509.19678571428574,334.89820334005503,0.0,1,27,False,normal,0.10445359827298645,0.01578843212682046,0.06898753181452005,29.209183673469386,NORMAL
ACC_01126,6,11,1.7142857142857142,0.0004479551524052,0.0036246808510638,0.0147058823529411,11375.33,15431.35,25,32,11,6,455.0132,320.88160584967574,0.0,1,25,False,normal,0.10462503416065015,0.015406077397682169,0.06893745145546296,29.166666666666668,NORMAL
ACC_00272,5,7,1.3333333333333333,0.0002064544831728,0.0034961702127659,0.0,8540.2,4888.9,18,12,7,5,474.4555555555556,333.8816636478581,0.0,1,18,False,normal,0.10830309749515343,0.009887946925747296,0.06893703726739098,29.124149659863946,NORMAL
ACC_00556,6,9,1.4285714285714286,0.0003861079772591,0.0015412765957446,0.0,15796.87,6560.54,30,13,9,6,526.5623333333334,507.6743060520223,0.0,1,30,False,normal,0.10570759889547274,0.013183564895270295,0.06869798529539176,29.081632653061224,NORMAL
ACC_01208,5,8,1.5,0.0002498015487507,0.0011608510638297,0.0128205128205128,15890.85,9217.37,30,15,8,5,529.695,414.3573561864952,0.0333333333333333,1,30,False,normal,0.1091470286166207,0.007851016753143127,0.06862862387122967,29.0391156462585,NORMAL
ACC_00600,9,10,1.1,0.000681517169236,0.0060497872340425,0.0058479532163742,9567.52,14795.17,22,27,10,9,434.8872727272728,315.29728217126893,0.0,1,22,False,normal,0.11019018715956183,0.006166688613725059,0.06858078774122711,28.996598639455783,NORMAL
ACC_01850,12,9,0.7692307692307693,0.0004919321442909,0.0018587234042553,0.0142857142857142,14545.16,18149.74,27,39,9,12,538.7096296296296,395.3623259694978,0.0,1,27,False,normal,0.1052880397769536,0.013140590828726418,0.06842906019766272,28.95408163265306,NORMAL
ACC_01159,7,10,1.375,0.0004464182018834,0.0052255319148936,0.0073529411764705,10568.21,11158.53,21,24,10,7,503.2480952380953,431.09173973319247,0.0,1,20,False,normal,0.10517694815447988,0.013248150307659433,0.0684054290157517,28.91156462585034,NORMAL
ACC_00445,7,8,1.125,0.0003813212429102,0.0030093617021276,0.0285714285714285,10178.75,11495.49,24,23,8,7,424.1145833333333,242.86745898658688,0.0,1,23,False,normal,0.11090427247480632,0.004490325814895969,0.06833869381084218,28.869047619047617,NORMAL
ACC_01116,3,6,1.75,0.0001854788633336,0.0002848249690871,0.0,11102.89,2636.53,23,10,6,3,482.73434782608695,317.64959713819155,0.0,1,22,False,normal,0.11012916980225462,0.005613072652428553,0.06832273094232419,28.8265306122449,NORMAL
ACC_01187,5,11,2.0,0.0002860033081783,0.0016314893617021,0.0166666666666666,11026.79,8808.66,24,20,11,5,459.44958333333335,363.6746410386645,0.0,1,22,False,normal,0.1031270171012357,0.015903002915105196,0.0682374114267835,28.784013605442176,NORMAL
ACC_01254,12,8,0.6923076923076923,0.0007502769739629,0.0021293617021276,0.0052631578947368,11693.77,19489.52,24,32,8,12,487.2404166666667,367.85413714251234,0.0416666666666666,1,22,False,normal,0.10929500874431965,0.006499920734476619,0.06817697354038244,28.741496598639454,NORMAL
ACC_00430,6,7,1.1428571428571428,0.0003146449661184,0.0005310638297872,0.0128205128205128,7728.28,7884.8,16,18,7,6,483.0175,364.9019580563159,0.0,1,16,False,normal,0.10499159302497231,0.01244810758456208,0.0679741988488082,28.69897959183674,NORMAL
ACC_00159,11,11,1.0,0.0005014145925858,0.0065634042553191,0.0086580086580086,12901.93,12896.62,27,25,11,11,477.84925925925927,350.984129576844,0.0,1,27,False,normal,0.11110235598434452,0.002927474483172374,0.06783240338387565,28.656462585034014,NORMAL
ACC_00384,8,8,1.0,0.000587512610589,0.0006340425531914,0.0083333333333333,16694.87,15929.92,34,33,8,8,491.0255882352941,392.1357535513433,0.0,1,34,False,normal,0.10732618270496898,0.008536195485313139,0.06781018781710664,28.61394557823129,NORMAL
ACC_01002,10,9,0.9090909090909092,0.0005828121313722,0.0044204255319148,0.0058479532163742,8379.47,16575.78,21,26,9,10,399.0223809523809,278.1648559919956,0.0,1,21,False,normal,0.11054695121500645,0.003582150183585904,0.06776103080243823,28.57142857142857,NORMAL
ACC_01564,6,12,1.8571428571428568,0.0003557808610187,0.0026570212765957,0.0065359477124183,11436.09,7130.7,25,14,12,6,457.4436,301.86014981941554,0.0,1,25,False,normal,0.10060533548732788,0.01846680793054933,0.06774992446461646,28.528911564625854,NORMAL
ACC_00765,7,11,1.5,0.0004744731522721,0.0004187097599454,0.0,12544.95,12222.93,28,29,11,7,448.0339285714286,230.6470485610441,0.0,1,28,False,normal,0.09632208446381033,0.02484380599447711,0.06773077307607704,28.48639455782313,NORMAL
ACC_01098,10,6,0.6363636363636364,0.0004614094426729,0.0004987234042553,0.0166666666666666,10085.72,17265.29,19,33,6,10,530.8273684210526,391.6756262357086,0.0,1,18,False,normal,0.10430753392076728,0.012834103294479574,0.06771816167025219,28.443877551020407,NORMAL
ACC_00552,6,10,1.5714285714285714,0.0002110845108655,0.0015591489361702,0.0083333333333333,14442.55,6843.08,30,15,10,6,481.4183333333333,311.5330339165725,0.0333333333333333,1,30,False,normal,0.10460816067863614,0.012361344304926752,0.06770943412915238,28.401360544217685,NORMAL
ACC_00576,4,9,2.0,0.0003200524002669,0.0034323404255319,0.0,9799.41,12083.32,21,23,9,4,466.6385714285714,376.0925472843847,0.0,1,21,False,normal,0.10313124835557184,0.014507131372777846,0.06768160156245424,28.35884353741497,NORMAL
ACC_01758,5,10,1.8333333333333333,0.0002315757714307,0.0027123404255319,0.0,14627.6,7724.07,28,15,10,5,522.4142857142857,350.2720287352185,0.0357142857142857,1,27,False,normal,0.10852702157959009,0.006196799781630057,0.06759493286040608,28.316326530612244,NORMAL
ACC_00249,9,6,0.7,0.0004031250481733,0.0003359911311985,0.0,7722.72,8894.46,17,19,6,9,454.2776470588236,288.2921726636324,0.0,1,17,False,normal,0.10300893532692726,0.013812449785931052,0.06733034111052877,28.273809523809522,NORMAL
ACC_01315,9,8,0.9,0.0008402571968201,0.0008782978723404,0.0,14438.1,18093.12,31,43,8,9,465.7451612903226,368.9391417372335,0.0,1,31,False,normal,0.10295233332615955,0.01376053850531291,0.06727561539782088,28.2312925170068,NORMAL
ACC_00373,5,5,1.0,0.0003291481220511,0.0012161702127659,0.0,7501.91,6172.49,21,13,5,5,357.2338095238095,276.052839063035,0.0,1,21,False,normal,0.10763118854682684,0.006727664041576756,0.0672697787447268,28.188775510204085,NORMAL
ACC_00017,10,6,0.6363636363636364,0.0003977731667555,0.0001889361702127,0.025,10788.95,8000.31,21,19,6,10,513.7595238095239,320.8744501744598,0.0,1,21,False,normal,0.10292332101603431,0.013498677167221917,0.06715346347650936,28.146258503401363,NORMAL
ACC_00569,9,8,0.9,0.0004060369345157,0.000795744680851,0.0073529411764705,15653.84,9606.18,32,18,8,9,489.1825,318.10739945354425,0.03125,1,32,False,normal,0.10157155394627951,0.015440359829771445,0.06711907629967628,28.103741496598637,NORMAL
ACC_00935,7,7,1.0,0.0002414380953871,0.0015404255319148,0.0219780219780219,9116.47,5063.2300000000005,19,12,7,7,479.8142105263158,417.68446542703055,0.0,1,19,False,normal,0.1015900948602389,0.015071974550515477,0.06698284673634952,28.061224489795915,NORMAL
ACC_01688,5,8,1.5,0.0005550206410667,0.0004263846842621,0.0,9684.93,12121.89,18,23,8,5,538.0516666666667,452.65602939110136,0.0,1,18,False,normal,0.09621355153993105,0.023110688061212394,0.06697240614844359,28.0187074829932,NORMAL
ACC_00192,7,8,1.125,0.000174119161827,0.0027931914893617,0.019047619047619,14316.21,5856.79,23,14,8,7,622.4439130434783,422.2094778633332,0.0,1,23,False,normal,0.10420701153654974,0.011032172533597465,0.06693707593536882,27.976190476190478,NORMAL
ACC_00240,7,8,1.125,0.0007245267237561,3.4042553191489363e-06,0.019047619047619,11952.81,15903.66,26,37,8,7,459.7234615384615,244.9582352147779,0.0,1,25,False,normal,0.09811776913230325,0.01987138756014793,0.06681921650344111,27.933673469387756,NORMAL
ACC_00771,6,9,1.4285714285714286,0.0002850322194656,0.0001560567944399,0.019047619047619,10174.66,10555.27,23,22,9,6,442.37652173913045,231.73209931079495,0.0,1,23,False,normal,0.10084276077128418,0.015606363552927683,0.06674820188394158,27.89115646258503,NORMAL
ACC_01488,10,11,1.0909090909090908,0.0004315209372941,0.0041463829787234,0.0095238095238095,11381.22,9931.45,21,20,11,10,541.9628571428572,376.58787543072674,0.0,1,20,False,normal,0.10019091318123385,0.016449743656603132,0.06669444537138156,27.848639455782315,NORMAL
ACC_01568,7,9,1.25,0.0002285761874887,0.0038161702127659,0.0,15305.52,4680.07,29,12,9,7,527.7765517241379,374.0343351053279,0.0344827586206896,1,28,False,normal,0.10608325708446345,0.007488912779570052,0.0666455193625061,27.806122448979593,NORMAL
ACC_01765,9,7,0.8,0.0007634736415827,0.000303829787234,0.0,15588.41,19134.46,27,37,7,9,577.3485185185185,425.347346002731,0.037037037037037,1,26,False,normal,0.10704960966770541,0.0057835334002360374,0.06654317916071766,27.76360544217687,NORMAL
ACC_01692,9,6,0.7,0.0007170368728259,0.0003148936170212,0.0,14738.84,17563.36,31,28,6,9,475.4464516129032,384.4671293842807,0.032258064516129,1,31,False,normal,0.1055977922823653,0.007944561628704938,0.06653650002090115,27.721088435374146,NORMAL
ACC_01392,8,10,1.2222222222222223,0.0005101552666434,0.0002085106382978,0.0,17040.35,18540.67,30,30,10,8,568.0116666666667,433.6879296586535,0.0,1,30,False,normal,0.10628160625190887,0.006845928564346785,0.06650733517688404,27.67857142857143,NORMAL
ACC_01718,7,6,0.875,0.0003027765898434,0.0018731914893617,0.0,13173.34,8331.11,27,20,6,7,487.9014814814815,313.8003585537946,0.074074074074074,1,27,False,normal,0.10668317963764398,0.006217624666877771,0.0664969576493375,27.63605442176871,NORMAL
ACC_01725,8,8,1.0,0.0003849297632394,0.0076459574468085,0.0166666666666666,13165.53,12704.87,27,26,8,8,487.6122222222223,395.7822410729389,0.0,1,27,False,normal,0.10399499833862644,0.010158209816034589,0.06646028292958969,27.593537414965986,NORMAL
ACC_01389,10,6,0.6363636363636364,0.0002562306390648,0.0052187234042553,0.0,10886.68,8375.46,23,19,6,10,473.3339130434783,345.8389150475476,0.0,1,23,False,normal,0.0980005893392058,0.01912367306022121,0.06644982282761197,27.55102040816326,NORMAL
ACC_01801,12,7,0.6153846153846154,0.0005975553353716,0.004155744680851,0.0058479532163742,9722.55,14679.55,21,28,7,12,462.9785714285714,270.1058502566302,0.0,1,21,False,normal,0.10467463987590897,0.009010742714087592,0.06640908101118041,27.508503401360546,NORMAL
ACC_00472,5,5,1.0,0.0002182087035424,0.0022204255319148,0.0,11697.13,4927.07,22,12,5,5,531.6877272727273,380.6771340392052,0.0454545454545454,1,22,False,normal,0.10207031059523126,0.012707403502781411,0.06632514775825132,27.465986394557824,NORMAL
ACC_00090,9,10,1.1,0.0003635417757897,0.0004340425531914,0.0058479532163742,9307.23,11562.29,24,21,10,9,387.80125,241.18799628203612,0.0,1,24,False,normal,0.09522230286214044,0.022959390282035724,0.06631713783009854,27.4234693877551,NORMAL
ACC_00631,5,11,2.0,0.000271185508704,0.0006978723404255,0.0,13742.76,5176.65,30,13,11,5,458.092,379.1313043624678,0.0,1,28,False,normal,0.10190619205478901,0.012876247224945434,0.06629421412285158,27.380952380952383,NORMAL
ACC_01355,7,9,1.25,0.0003784789673955,0.0014983157804971,0.0166666666666666,13122.47,8026.58,22,18,9,7,596.4759090909091,520.5226449825313,0.0,1,22,False,normal,0.096748140003954,0.020446204411271082,0.06622736576688083,27.33843537414966,NORMAL
ACC_01943,7,6,0.875,0.0003425310857128,0.0003480851063829,0.0,7899.36,11881.96,15,26,6,7,526.624,274.56462215660633,0.0,1,15,False,normal,0.10215426687912929,0.012115130798618638,0.06613861244692502,27.29591836734694,NORMAL
ACC_01609,8,10,1.2222222222222223,0.0004274933166523,0.0013030315951051,0.0130718954248366,14120.79,11678.66,25,20,10,8,564.8316,527.517565739758,0.0,1,25,False,normal,0.09720482759178946,0.019530135035963698,0.06613495056945916,27.253401360544217,NORMAL
ACC_00364,7,11,1.5,0.0004525541922652,0.0015361702127659,0.0130718954248366,14018.25,9213.66,30,22,11,7,467.275,343.38026094283936,0.0333333333333333,1,30,False,normal,0.1028048948532942,0.010912241512184671,0.06604783351685038,27.2108843537415,NORMAL
ACC_00888,12,8,0.6923076923076923,0.000590515765925,0.0007327659574468,0.0,10676.53,19677.62,20,38,8,12,533.8265,298.36133662451715,0.0,1,20,False,normal,0.09937053867356463,0.015897973040206733,0.06598151242022146,27.168367346938776,NORMAL
ACC_00031,10,11,1.0909090909090908,0.0004714565410583,0.0029046808510638,0.0047619047619047,13852.94,17789.13,26,29,11,10,532.8053846153846,364.47989845510847,0.0384615384615384,1,26,False,normal,0.10438483911837637,0.008259307927799145,0.06593462664214547,27.125850340136054,NORMAL
ACC_00008,8,8,1.0,0.0007737003875814,0.0015733594849273,0.025,13922.02,18907.78,28,33,8,8,497.215,259.5041729272704,0.0,1,28,False,normal,0.09969609784308035,0.015230678475854102,0.06590993009618985,27.083333333333332,NORMAL
ACC_01924,8,5,0.6666666666666666,0.0008078459791343,0.0002646808510638,0.0,15391.93,14171.41,24,26,5,8,641.3304166666667,377.229183244249,0.0,1,22,False,normal,0.10120297544422442,0.012421707877328861,0.06569046841746619,27.040816326530614,NORMAL
ACC_00582,10,8,0.8181818181818182,0.0004542991760107,0.0033931914893617,0.0,11525.11,20327.12,26,49,8,10,443.2734615384616,280.604277001507,0.0,1,25,False,normal,0.09392111097992334,0.023302588587816427,0.06567370202308057,26.99829931972789,NORMAL
ACC_01770,7,8,1.125,0.0004538376642901,0.000435744680851,0.0095238095238095,17189.23,11689.63,32,21,8,7,537.1634375,289.54870794893776,0.03125,1,32,False,normal,0.10109604906874572,0.012333425867921593,0.06559099978841607,26.95578231292517,NORMAL
ACC_00382,10,7,0.7272727272727273,0.0008036027368526,0.0029021276595744,0.0073529411764705,14756.18,16205.18,32,30,7,10,461.130625,294.9179961467419,0.0,1,31,False,normal,0.09842337023747284,0.016136519431478438,0.06550862991507508,26.913265306122447,NORMAL
ACC_00760,8,9,1.1111111111111112,0.0003578227431041,0.0035829787234042,0.0220588235294117,12688.03,12915.54,26,28,9,8,488.0011538461539,276.17685014246825,0.0384615384615384,1,26,False,normal,0.10554699379886058,0.005186726179347144,0.06540288675105521,26.87074829931973,NORMAL
ACC_00657,5,6,1.1666666666666667,0.0003270344816072,0.0014944680851063,0.0181818181818181,10263.44,7732.769999999999,18,13,6,5,570.1911111111111,335.4858983954798,0.0,1,17,False,normal,0.10442007884109075,0.006761324132549726,0.06535657695767433,26.828231292517007,NORMAL
ACC_00466,8,10,1.2222222222222223,0.000215579937635,0.0052936170212765,0.0,10652.41,8153.21,21,17,10,8,507.257619047619,340.2726060661475,0.0,1,20,False,normal,0.10275192386761184,0.009236139641628248,0.0653456101772184,26.785714285714285,NORMAL
ACC_01563,9,9,1.0,0.0004100630053023,0.0014059574468085,0.0065359477124183,8129.18,16196.06,18,25,9,9,451.62111111111113,237.71657914140695,0.0,1,18,False,normal,0.09791087387704642,0.016152739441043146,0.06520762010264511,26.743197278911563,NORMAL
ACC_01230,7,8,1.125,0.0003257555520612,0.0027914893617021,0.0095238095238095,13392.53,11159.65,23,16,8,7,582.2839130434783,490.86450829808354,0.0434782608695652,1,23,False,normal,0.09772567270916895,0.01616836941057292,0.06510275138973053,26.700680272108844,NORMAL
ACC_00991,7,4,0.625,0.0003868277592904,0.0024193066985033,0.0181818181818181,10248.26,10805.68,22,26,4,7,465.83,270.8458067047076,0.0,1,21,False,normal,0.10161213860123117,0.010223747416817527,0.06505678212746571,26.658163265306122,NORMAL
ACC_00385,5,8,1.5,0.0004392022352859,0.0,0.0256410256410256,10597.79,10593.25,24,22,8,5,441.5745833333333,419.3609417754297,0.0,1,24,False,normal,0.10422790121948143,0.005875428975718607,0.0648869123219763,26.6156462585034,NORMAL
ACC_01180,7,10,1.375,0.0003608761456122,0.0010178723404255,0.0147058823529411,14014.26,9494.21,30,21,10,7,467.142,277.8174211463598,0.0333333333333333,1,30,False,normal,0.09831060730436225,0.014441983209336503,0.06476315766635195,26.573129251700678,NORMAL
ACC_00550,7,6,0.875,0.0002958567664179,0.002375744680851,0.0128205128205128,14267.53,7784.07,26,15,6,7,548.7511538461539,472.4661927488732,0.0384615384615384,1,26,False,normal,0.0971172305932367,0.01594880806134313,0.06464986158047926,26.53061224489796,NORMAL
ACC_01096,9,7,0.8,0.0006239960940629,0.0029390696286189,0.0,15271.15,20870.58,25,46,7,9,610.846,406.7472234898066,0.0,1,24,False,normal,0.09608446096125975,0.017342424060625913,0.06458764620100621,26.488095238095237,NORMAL
ACC_00189,7,12,1.625,0.0004540112023834,0.003051914893617,0.0058479532163742,13902.5,9623.11,30,21,12,7,463.4166666666667,368.221313673826,0.0,1,29,False,normal,0.10049238770910951,0.010594720382552412,0.06453332077848667,26.445578231292515,NORMAL
ACC_00020,7,8,1.125,0.0006018448248181,7.74468085106383e-05,0.0,14602.06,16901.3,22,32,8,7,663.73,466.0356480335976,0.0,1,21,False,normal,0.09833307593615925,0.01367880820975843,0.06447136884559893,26.403061224489793,NORMAL
ACC_00281,11,9,0.8333333333333334,0.0004130342421401,0.0017737602865305,0.0157894736842105,9455.39,16292.61,22,33,9,11,429.7904545454545,295.2844135095659,0.0,1,20,False,normal,0.09633909602590532,0.016654054226143473,0.06446507930600058,26.360544217687078,NORMAL
ACC_01345,6,8,1.2857142857142858,0.0003107583345816,0.0001855319148936,0.0109890109890109,17540.2,8818.57,32,20,8,6,548.13125,436.00184121207855,0.0,1,32,False,normal,0.10265739156836264,0.006692072473256633,0.06427126393032023,26.318027210884352,NORMAL
ACC_00923,9,6,0.7,0.0005541550094289,0.0001761702127659,0.0095238095238095,8694.62,11773.42,20,25,6,9,434.7310000000001,305.13223769893256,0.05,1,20,False,normal,0.10359266636441997,0.004988762246052243,0.06415110471707287,26.27551020408163,NORMAL
ACC_00973,5,5,1.0,0.0004377784781733,2.297872340425532e-05,0.0,10083.39,10552.89,21,23,5,5,480.1614285714285,331.06087849949466,0.0476190476190476,1,21,False,normal,0.10393710981771881,0.00443577015304158,0.06413657395184792,26.232993197278915,NORMAL
ACC_00594,10,10,1.0,0.0003643903121949,0.0032229787234042,0.0157894736842105,12114.87,13436.31,25,27,10,10,484.5948,376.7127737759897,0.04,1,25,False,normal,0.10141601832823187,0.008207560394885108,0.06413263515489316,26.190476190476193,NORMAL
ACC_00246,7,10,1.375,0.0007684860233376,0.0016765957446808,0.0073529411764705,11302.09,16138.49,21,34,10,7,538.1947619047619,365.8612832702997,0.0,1,21,False,normal,0.09158199037819657,0.022526173553543447,0.06395966364833532,26.147959183673468,NORMAL
ACC_01596,10,9,0.9090909090909092,0.0005398063429809,0.0043336170212765,0.0058479532163742,14260.12,16604.39,26,29,9,10,548.4661538461538,415.855253424332,0.0384615384615384,1,26,False,normal,0.10482633609428099,0.002601940646473351,0.06393657791515793,26.105442176870746,NORMAL
ACC_01648,6,9,1.4285714285714286,0.000567601124556,0.0001782287980215,0.0095238095238095,9512.4,17786.52,27,31,9,6,352.3111111111111,286.1106038060393,0.0,1,26,False,normal,0.0973622366989202,0.013643929998343182,0.06387491401868939,26.06292517006803,NORMAL
ACC_00688,9,5,0.6,0.0003995154366109,0.0003872340425531,0.0109890109890109,14962.65,12817.34,26,35,5,9,575.4865384615384,475.4505956075126,0.0,1,26,False,normal,0.09437953788501244,0.01788924443591948,0.06378342050537525,26.02040816326531,NORMAL
ACC_00636,4,5,1.2,0.000370174111868,0.0011497872340425,0.0,9234.85,7005.17,25,15,5,4,369.394,312.1376163115664,0.0,1,25,False,normal,0.10034291906021828,0.008895453799840584,0.06376393295606719,25.977891156462583,NORMAL
ACC_01513,9,6,0.7,0.0005172388911658,0.0001506382978723,0.019047619047619,17039.08,13143.94,29,25,6,9,587.5544827586208,409.69253842351264,0.0,1,29,False,normal,0.10194487426848685,0.006321461264029345,0.06369550906670385,25.93537414965986,NORMAL
ACC_00121,5,7,1.3333333333333333,0.0002420724011901,3.829787234042553e-05,0.0,9062.0,3987.95,22,6,7,5,411.9090909090909,257.861026780837,0.0,1,22,False,normal,0.09847966074476246,0.011346286272744114,0.06362631095595511,25.892857142857146,NORMAL
ACC_00814,9,6,0.7,0.0004561831118055,0.0034578723404255,0.019047619047619,9409.66,8645.49,23,21,6,9,409.115652173913,243.26313011047571,0.0,1,22,False,normal,0.10144094608783412,0.006880293801594829,0.0636166851733384,25.850340136054424,NORMAL
ACC_00309,8,7,0.8888888888888888,0.0002653332421507,0.0019426086214983,0.019047619047619,8948.64,6217.01,19,16,7,8,470.9810526315789,405.6443911563528,0.0,1,18,False,normal,0.09594491077907376,0.015094854033398277,0.06360488808080356,25.8078231292517,NORMAL
ACC_00762,4,6,1.4,0.0003888083251384,0.0002110638297872,0.0,16730.32,9303.89,31,21,6,4,539.6877419354838,352.89142756859064,0.0,1,30,False,normal,0.0990567036478007,0.010304318854303654,0.06355574973040187,25.765306122448976,NORMAL
ACC_01783,5,8,1.5,0.0001771512002057,0.001171914893617,0.0128205128205128,11524.89,3466.64,20,6,8,5,576.2445,299.13378118678816,0.0,1,20,False,normal,0.09816878746106163,0.010878923168084153,0.06325284174387064,25.72278911564626,NORMAL
ACC_00580,10,6,0.6363636363636364,0.0006425879308885,5.531914893617022e-05,0.0083333333333333,15816.13,14996.67,28,36,6,10,564.8617857142857,264.72298783688154,0.0,1,28,False,normal,0.09680426595126518,0.012889235194036213,0.06323825364837359,25.68027210884354,NORMAL
ACC_00954,4,6,1.4,0.0003492657069272,0.0001574468085106,0.0,14081.39,6862.3,24,11,6,4,586.7245833333334,484.7220928036937,0.0,1,24,False,normal,0.09459372714213864,0.01620402007716828,0.0632378443161505,25.637755102040817,NORMAL
ACC_00787,7,7,1.0,0.000744497045207,0.0005889361702127,0.0,11981.55,17782.9,22,39,7,7,544.6159090909091,363.7899217648912,0.0454545454545454,1,22,False,normal,0.09583233672420984,0.014209050073807399,0.06318302206404885,25.595238095238095,NORMAL
ACC_00138,6,10,1.5714285714285714,0.0006611778610172,0.0022382978723404,0.0,13148.74,11714.67,29,23,10,6,453.40482758620686,323.2213597037164,0.0344827586206896,1,29,False,normal,0.09631382955773136,0.013327333360883594,0.06311923107899226,25.552721088435376,NORMAL
ACC_00749,7,9,1.25,0.0003460740368506,0.0011293617021276,0.0,10544.32,7406.87,20,13,9,7,527.216,385.39693662781656,0.05,1,19,False,normal,0.09496263826986251,0.015345618851389879,0.06311583050247345,25.510204081632654,NORMAL
ACC_01328,4,8,1.8,0.0002602315896,1.0212765957446808e-05,0.0,13138.15,6880.82,24,17,8,4,547.4229166666668,363.3865458670837,0.0416666666666666,1,24,False,normal,0.10256374742803816,0.0038968071470470394,0.06309697131564171,25.467687074829932,NORMAL
ACC_01078,6,9,1.4285714285714286,0.0004553106755656,0.0010953191489361,0.0285714285714285,11712.93,9635.62,23,23,9,6,509.2578260869565,268.3461833147711,0.0,1,23,False,normal,0.09883379181604246,0.009005005903317046,0.0629022774509523,25.42517006802721,NORMAL
ACC_01777,8,11,1.3333333333333333,0.0007953009322105,0.00292,0.0,12740.46,17833.81,25,28,11,8,509.61840000000007,369.2742129353199,0.0,1,24,False,normal,0.09375900938475984,0.01660528606050153,0.06289752005505651,25.38265306122449,NORMAL
ACC_00808,9,9,1.0,0.0006681649637968,0.0040506545004903,0.0,11726.55,17155.73,20,37,9,9,586.3275,398.3947850519368,0.0,1,20,False,normal,0.09563792101882504,0.013514550137704938,0.062788572666377,25.34013605442177,NORMAL
ACC_01909,10,8,0.8181818181818182,0.0009127888664825,0.0030289361702127,0.0130718954248366,14058.48,20995.12,28,39,8,10,502.0885714285714,351.6058762593506,0.0,1,28,False,normal,0.09695019479737678,0.011432465216823735,0.06274310296515556,25.297619047619047,NORMAL
ACC_01336,8,11,1.3333333333333333,0.000481107511071,0.0041761702127659,0.0,16663.13,12022.68,30,23,11,8,555.4376666666667,397.5190517462834,0.0,1,30,False,normal,0.10187228777526401,0.0039862634405652434,0.0627178780413845,25.255102040816325,NORMAL
ACC_01136,8,5,0.6666666666666666,0.0003665169945856,0.0001330320214897,0.0256410256410256,9539.49,11980.83,20,23,5,8,476.9745,279.80246217033,0.0,1,20,False,normal,0.10110241852050614,0.004886818060607317,0.0626161783365466,25.212585034013607,NORMAL
ACC_01169,5,8,1.5,0.0004372138291014,0.0008561702127659,0.0,14432.03,13042.35,28,25,8,5,515.4296428571429,541.7611989406822,0.0,1,26,False,normal,0.09262112458105191,0.017532437681253354,0.06258564982113249,25.170068027210885,NORMAL
ACC_00977,4,8,1.8,0.0001765697260723,0.0021923404255319,0.0,12888.01,2826.88,24,7,8,4,537.0004166666666,373.13240707939366,0.0,1,24,False,normal,0.09849622000501947,0.008115676393935704,0.062344002560585955,25.127551020408163,NORMAL
ACC_01478,5,7,1.3333333333333333,0.0002649525431439,0.0001472340425531,0.0151515151515151,11479.34,6353.13,26,9,7,5,441.51307692307694,299.4199016467573,0.0384615384615384,1,26,False,normal,0.09793211727392988,0.00807540726514269,0.061989433270415,25.08503401360544,NORMAL
ACC_00498,8,6,0.7777777777777778,0.0003775357113265,0.0011370212765957,0.0109890109890109,7306.79,8133.42,16,19,6,8,456.674375,305.2809049595416,0.0,1,16,False,normal,0.09621742592001946,0.010481100046070854,0.06192289557044001,25.042517006802722,NORMAL
ACC_00667,6,5,0.8571428571428571,0.0007214488177819,0.0010646808510638,0.0,10597.19,14742.74,24,27,5,6,441.5495833333334,300.4563658616261,0.0416666666666666,1,24,False,normal,0.09404716875669328,0.013434887411164873,0.06180225621848191,25.0,NORMAL
ACC_01109,7,5,0.75,0.0003432073045109,0.000183829787234,0.0,9533.63,9262.14,25,15,5,7,381.3452,187.5838477659169,0.0,1,25,False,normal,0.09139743245329168,0.016825653926095953,0.061568721042413385,24.95748299319728,NORMAL
ACC_00214,9,9,1.0,0.0002417704928216,0.005343829787234,0.0,15201.74,8204.039999999999,29,15,9,9,524.1979310344827,360.8500395730229,0.0,1,29,False,normal,0.09493217081888744,0.011113318999308563,0.06140463009105589,24.91496598639456,NORMAL
ACC_00699,8,6,0.7777777777777778,0.0008745481669135,0.0003540425531914,0.0109890109890109,14058.75,22570.63,27,39,6,8,520.6944444444445,359.35437781723243,0.0,1,27,False,normal,0.09321888742828253,0.013621531177353308,0.061379944927910844,24.872448979591837,NORMAL
ACC_01983,6,10,1.5714285714285714,0.0003715427726731,0.0009914893617021,0.0166666666666666,15113.23,12517.55,31,25,10,6,487.5235483870968,285.905192054387,0.0,1,31,False,normal,0.09146189784788285,0.016084733519083218,0.06131103211636299,24.829931972789115,NORMAL
ACC_01589,6,7,1.1428571428571428,0.0003374103079424,5.8841086428175504e-05,0.0,15248.42,11265.02,23,25,7,6,662.9747826086957,497.9117330490466,0.0,1,23,False,normal,0.09312225099097082,0.01337591073122292,0.06122371488707166,24.787414965986397,NORMAL
ACC_00802,9,6,0.7,0.0003477417953466,0.0025897872340425,0.019047619047619,10191.05,9042.3,23,17,6,9,443.0891304347826,219.41385536579548,0.0,1,22,False,normal,0.09382625835768131,0.011923736557056535,0.061065249637431394,24.744897959183675,NORMAL
ACC_01409,9,9,1.0,0.0005915180216845,0.0020936170212765,0.0196078431372549,12689.74,15977.17,28,31,9,9,453.205,309.6980762984539,0.0357142857142857,1,28,False,normal,0.0985348145555136,0.004809734581383933,0.06104478256586173,24.702380952380953,NORMAL
ACC_00157,7,6,0.875,0.0003283341068498,0.0027395744680851,0.0,10345.58,8686.01,27,16,6,7,383.1696296296296,315.8746328296119,0.037037037037037,1,27,False,normal,0.09627820395676598,0.008046688798710698,0.060985597893543866,24.65986394557823,NORMAL
ACC_00851,10,8,0.8181818181818182,0.0006315353814408,0.0017737602865305,0.0,15037.56,20132.67,33,38,8,10,455.6836363636364,341.22155991212463,0.0,1,32,False,normal,0.09587817826174015,0.008635996323216159,0.06098130548633055,24.617346938775512,NORMAL
ACC_00839,6,8,1.2857142857142858,0.0004348783736291,0.0009974468085106,0.0109890109890109,16075.09,9559.9,28,17,8,6,574.1103571428572,457.9264891230998,0.0357142857142857,1,28,False,normal,0.09724286495609903,0.006391185350946536,0.06090219311403803,24.57482993197279,NORMAL
ACC_01816,8,7,0.8888888888888888,0.0003765572282122,0.00512,0.019047619047619,11390.15,11789.79,22,27,7,8,517.7340909090909,310.81760783393594,0.0454545454545454,1,22,False,normal,0.09909557964928062,0.0034348531038829464,0.060831289031121547,24.532312925170068,NORMAL
ACC_01493,6,5,0.8571428571428571,0.0003653391265662,0.0,0.0181818181818181,15735.13,9892.33,27,17,5,6,582.7825925925926,374.07517203809135,0.0,1,27,False,normal,0.09727046383139037,0.0060939431067765105,0.06079985554154483,24.489795918367346,NORMAL
ACC_01330,9,7,0.8,0.0006909264351539,0.004287659574468,0.0,10403.15,13970.13,24,29,7,9,433.4645833333333,373.9179208349848,0.0416666666666666,1,24,False,normal,0.0966809290288574,0.006899560858521744,0.060768381760723134,24.447278911564627,NORMAL
ACC_01233,5,10,1.8333333333333333,0.0004013027675993,0.0016518142668315,0.0,9377.28,8197.04,23,19,10,5,407.7078260869566,270.55727422482727,0.0,1,23,False,normal,0.09303685146275618,0.012034318815313513,0.06063583840377911,24.404761904761905,NORMAL
ACC_00604,7,7,1.0,0.0002217624534509,0.0008102127659574,0.0219780219780219,13260.85,5941.18,22,14,7,7,602.7659090909091,442.2137639052288,0.0,1,22,False,normal,0.09247484302904374,0.012876003524368447,0.06063530722717363,24.362244897959183,NORMAL
ACC_00632,5,5,1.0,0.0002016633590833,0.0022323404255319,0.0,12424.62,5496.49,20,15,5,5,621.231,385.6089702071394,0.0,1,20,False,normal,0.09181766084364128,0.013502848250323739,0.06049173580631426,24.31972789115646,NORMAL
ACC_01704,12,6,0.5384615384615384,0.0007379018027252,0.0017072340425531,0.0065359477124183,10917.8,14925.69,23,35,6,12,474.6869565217391,275.7143617526658,0.0,1,23,False,normal,0.0926394917874961,0.01191597538694497,0.06035008522727564,24.277210884353742,NORMAL
ACC_00290,12,7,0.6153846153846154,0.0005599066711566,0.0031089361702127,0.0116959064327485,13913.51,18646.15,26,35,7,12,535.135,353.5281133064243,0.0,1,26,False,normal,0.09541513297793566,0.007527084389350997,0.06025991354250179,24.23469387755102,NORMAL
ACC_01372,10,6,0.6363636363636364,0.0003333691365019,1.1063829787234042e-05,0.0083333333333333,13594.33,9563.04,22,24,6,10,617.9240909090909,388.89456602332143,0.0,1,21,False,normal,0.0892920183273651,0.01637087402491836,0.0601235606063864,24.1921768707483,NORMAL
ACC_01423,12,8,0.6923076923076923,0.0005507398423041,0.0028008510638297,0.0,12207.11,15123.59,28,34,8,12,435.9682142857143,286.60008998284457,0.0,1,28,False,normal,0.09273971268522198,0.010836443605352736,0.05997840505327428,24.149659863945576,NORMAL
ACC_00311,7,9,1.25,0.0002435634716905,0.0032970212765957,0.0166666666666666,15575.75,4937.0,30,11,9,7,519.1916666666667,352.5936990174124,0.0,1,30,False,normal,0.09312441150211512,0.010216252947275396,0.05996114808017922,24.107142857142858,NORMAL
ACC_00340,11,9,0.8333333333333334,0.0005549035190777,0.0049259574468085,0.0105263157894736,14714.62,16834.86,27,35,9,11,544.9859259259259,418.2882555796188,0.0,1,27,False,normal,0.0969786352513086,0.0044041855270122105,0.059948855361590045,24.064625850340136,NORMAL
ACC_00227,4,8,1.8,0.0002471967459224,0.0006246808510638,0.0,15937.46,7321.23,28,18,8,4,569.195,347.6882731274817,0.0,1,28,False,normal,0.09696465093769074,0.004394014205615627,0.05993639624486069,24.022108843537417,NORMAL
ACC_00969,11,8,0.75,0.0005312355768705,0.0009608510638297,0.0175438596491228,15797.2,10942.38,32,27,8,11,493.6625,360.5159349706223,0.0,1,28,False,normal,0.09196412854216651,0.011764967396728235,0.0598844640839912,23.97959183673469,NORMAL
ACC_00700,5,6,1.1666666666666667,0.0001769672066901,0.0028294887647635,0.0,10492.65,5719.49,18,16,6,5,582.925,406.2647187161708,0.0,1,18,False,normal,0.088537674448521,0.016861464725523724,0.05986719055932209,23.937074829931973,NORMAL
ACC_01548,7,7,1.0,0.0003483390630043,0.0006859574468085,0.0219780219780219,8897.880000000001,7178.27,20,15,7,7,444.89400000000006,239.64429500934563,0.0,1,20,False,normal,0.09439556497252283,0.00798406448773351,0.0598309647786071,23.89455782312925,NORMAL
ACC_01771,8,9,1.1111111111111112,0.0002894145317444,0.0062204255319148,0.0073529411764705,14552.42,7073.5,30,17,9,8,485.0806666666667,305.75419068866114,0.0,1,30,False,normal,0.09438842499961825,0.007793614750515186,0.05975050089997702,23.852040816326532,NORMAL
ACC_01644,6,5,0.8571428571428571,0.000253945855108,0.0001859037223382,0.0,7768.41,6714.55,19,13,5,6,408.8636842105263,299.84339929759864,0.0,1,19,False,normal,0.0941444247784626,0.008139710137478369,0.059742538922068905,23.809523809523807,NORMAL
ACC_00333,10,9,0.9090909090909092,0.0004758752115515,0.0023123404255319,0.0,8452.94,14170.9,19,29,9,10,444.8915789473684,248.8260490843432,0.0,1,19,False,normal,0.09078025541583347,0.013137357000349846,0.05972309604964002,23.767006802721088,NORMAL
ACC_01343,9,6,0.7,0.000549791865818,0.0004059574468085,0.0285714285714285,10560.1,16024.7,23,28,6,9,459.1347826086957,255.258841906684,0.0,1,23,False,normal,0.09655107382982817,0.0044556371448655815,0.05971289915584313,23.72448979591837,NORMAL
ACC_01190,7,8,1.125,0.0004114724560486,0.0070340425531914,0.019047619047619,13458.94,10222.96,24,23,8,7,560.7891666666667,356.58152191776344,0.0,1,24,False,normal,0.09537269762316883,0.00621727510326531,0.05971052861520742,23.681972789115648,NORMAL
ACC_01434,11,7,0.6666666666666666,0.0005464727098827,0.0001821276595744,0.0065359477124183,16501.5,16391.73,31,32,7,11,532.3064516129032,405.9196504773523,0.0,1,30,False,normal,0.09281218266581957,0.009329772801942287,0.05941921872026866,23.639455782312925,NORMAL
ACC_00520,10,8,0.8181818181818182,0.0004404169838217,0.0060425531914893,0.0130718954248366,9573.15,14521.73,22,24,8,10,435.1431818181818,335.56491100667506,0.0,1,21,False,normal,0.09660018535249038,0.003403951562726285,0.059321691836584735,23.596938775510203,NORMAL
ACC_01882,7,5,0.75,0.0004901394435691,0.0001140425531914,0.0151515151515151,9952.4,13084.61,22,26,5,7,452.3818181818182,376.5528460178676,0.0454545454545454,1,22,False,normal,0.09707022924393002,0.002672796446648794,0.05931125612501753,23.554421768707485,NORMAL
ACC_00265,9,8,0.9,0.0002425711969611,0.0038970212765957,0.0147058823529411,14032.85,6639.9400000000005,29,10,8,9,483.89137931034486,326.6547150686808,0.0,1,29,False,normal,0.08626754167750435,0.018728342861928707,0.05925186215127409,23.511904761904763,NORMAL
ACC_00379,5,11,2.0,0.0002953895049957,0.0015387234042553,0.0,13131.56,6160.0,23,15,11,5,570.9373913043478,387.5968290776735,0.0,1,23,False,normal,0.08911050074911714,0.014461734801683706,0.059250994370143764,23.46938775510204,NORMAL
ACC_00491,6,9,1.4285714285714286,0.0005726398918081,0.000887659574468,0.0285714285714285,12232.02,13401.2,23,26,9,6,531.8269565217391,359.8867943905136,0.0,1,23,False,normal,0.09266199039769465,0.008912297144175714,0.05916211309628708,23.42687074829932,NORMAL
ACC_01706,5,7,1.3333333333333333,0.0001573503899525,0.001727659574468,0.0151515151515151,12398.26,2937.98,25,6,7,5,495.9304,392.0255589932881,0.0,1,25,False,normal,0.0912492749905216,0.010610536234834728,0.05899377948824685,23.3843537414966,NORMAL
ACC_01231,7,6,0.875,0.0006426115005491,0.001395744680851,0.0128205128205128,8969.81,11251.33,22,25,6,7,407.71863636363634,221.87770976041764,0.0,1,21,False,normal,0.09208658116721058,0.009341878455802017,0.05898870008264716,23.341836734693878,NORMAL
ACC_00810,8,10,1.2222222222222223,0.0002714904520922,0.0017685106382978,0.0130718954248366,14686.4,4726.349999999999,27,13,10,8,543.9407407407407,286.29676746510546,0.0,1,27,False,normal,0.08732548237239314,0.016455702233512476,0.05897757031684087,23.299319727891156,NORMAL
ACC_01463,4,9,2.0,0.0003055188278918,0.0008008510638297,0.0128205128205128,11802.32,5290.66,22,10,9,4,536.4690909090909,394.73927351642766,0.0,1,22,False,normal,0.09009975622936,0.011727431542826662,0.05875082635474667,23.256802721088434,NORMAL
ACC_00425,3,6,1.75,0.0003541631201253,8.170212765957446e-05,0.0,12844.84,8567.13,25,13,6,3,513.7936,293.36150001434527,0.0,1,25,False,normal,0.09202202856909564,0.00861817547474155,0.058660487331354004,23.214285714285715,NORMAL
ACC_00187,5,6,1.1666666666666667,0.0003662810055882,0.0016178723404255,0.0,6977.12,8025.24,18,18,6,5,387.61777777777775,278.55278161905403,0.0,1,18,False,normal,0.09338431027994518,0.00654360785408386,0.05864802930960065,23.171768707482993,NORMAL
ACC_00033,8,6,0.7777777777777778,0.0007232830343912,0.0005429787234042,0.0,8241.210000000001,10683.72,18,17,6,8,457.845,315.2415947519691,0.0,1,18,False,normal,0.08750614379807733,0.015201641752414024,0.05858434297981201,23.12925170068027,NORMAL
ACC_00433,11,7,0.6666666666666666,0.0008629011633589,0.0006898904191361,0.0130718954248366,10565.29,18051.95,23,39,7,11,459.3604347826087,297.4651089009243,0.0,1,23,False,normal,0.09037939293699117,0.010832865981159004,0.0585607821546583,23.08673469387755,NORMAL
ACC_01740,7,6,0.875,0.00044673056929,0.0015795744680851,0.0128205128205128,13919.34,8489.67,21,17,6,7,662.8257142857143,469.4949305537967,0.0,1,21,False,normal,0.08762178979839803,0.014930574158441708,0.0585453035424155,23.04421768707483,NORMAL
ACC_01927,4,6,1.4,0.0002367160980842,0.0018314893617021,0.0,10300.58,3817.19,25,11,6,4,412.0232,310.31962075039127,0.0,1,25,False,normal,0.09272830136824586,0.006987412656812113,0.05843194588367236,23.00170068027211,NORMAL
ACC_01010,3,6,1.75,0.0002642285825978,4.595744680851064e-05,0.0,13241.15,6157.82,27,12,6,3,490.4129629629629,332.2713709259903,0.0,1,25,False,normal,0.09255775986525774,0.007025289191097453,0.05834477159559363,22.95918367346939,NORMAL
ACC_01322,11,8,0.75,0.0007787463564296,0.0015855319148936,0.0116959064327485,10190.91,22396.21,23,42,8,11,443.0830434782609,282.31118672381206,0.0,1,23,False,normal,0.09037806657884442,0.009887358098997042,0.05818178318690547,22.916666666666664,NORMAL
ACC_00307,5,10,1.8333333333333333,0.0003903303180957,0.0013548936170212,0.0,15336.01,5659.82,24,17,10,5,639.0004166666666,342.2742241495993,0.0,1,24,False,normal,0.09193580009993658,0.007071743352979468,0.05799017740115374,22.874149659863946,NORMAL
ACC_00220,10,8,0.8181818181818182,0.0006881252285388,0.0005568583976463,0.0130718954248366,9675.53,22457.98,22,43,8,10,439.7968181818181,291.6070119737368,0.0,1,21,False,normal,0.08777928073834493,0.01320978957198055,0.05795148427179918,22.831632653061224,NORMAL
ACC_01583,8,6,0.7777777777777778,0.0006761163110696,8.595744680851064e-05,0.0219780219780219,13906.45,19011.62,24,37,6,8,579.4354166666667,345.39769565681274,0.0,1,24,False,normal,0.09296497246482294,0.005396984090352468,0.05793777711503475,22.789115646258505,NORMAL
ACC_00496,10,7,0.7272727272727273,0.0006339178777716,0.0020851063829787,0.0,8374.25,13750.27,19,33,7,10,440.75,243.72717855558636,0.0,1,19,False,normal,0.08992077001551976,0.00989474590339254,0.05791036037066887,22.74659863945578,NORMAL
ACC_00015,11,5,0.5,0.0006766497761497,0.0002268366520274,0.0,11818.76,16448.97,22,33,5,11,537.2163636363637,340.52677951535554,0.0,1,22,False,normal,0.09053219342499823,0.008875979543310644,0.05786970787232319,22.70408163265306,NORMAL
ACC_01270,7,6,0.875,0.0003075608664116,0.0029096490854048,0.0,14197.07,11755.26,21,23,6,7,676.0509523809524,434.7227419736028,0.0,1,21,False,normal,0.08659188752879572,0.014472267538307338,0.057744039532600364,22.66156462585034,NORMAL
ACC_00341,7,9,1.25,0.0009622430652062,0.00024,0.0083333333333333,11536.36,20289.24,24,36,9,7,480.6816666666667,375.8849738679509,0.0,1,24,False,normal,0.07789781415985612,0.027442633939769662,0.057715742071821535,22.61904761904762,NORMAL
ACC_01021,7,10,1.375,0.0004946468297734,0.0019429787234042,0.0,15220.66,14731.5,31,25,10,7,490.9890322580645,339.94670739548616,0.032258064516129,1,31,False,normal,0.09156474605533788,0.006760231192435826,0.05764294011017706,22.5765306122449,NORMAL
ACC_00785,8,6,0.7777777777777778,0.0005825699402511,0.0007889361702127,0.0,16743.82,19863.8,30,40,6,8,558.1273333333334,370.4339873337138,0.0,1,29,False,normal,0.08829103448118629,0.011628646840840294,0.057626079425047896,22.534013605442176,NORMAL
ACC_00517,6,9,1.4285714285714286,0.0004393911022975,0.0028502127659574,0.019047619047619,10342.59,7856.39,21,20,9,6,492.50428571428574,247.3184786782304,0.0,1,20,False,normal,0.09087001716988537,0.0076843209517119095,0.057595738682615985,22.491496598639458,NORMAL
ACC_00681,7,8,1.125,0.0001983184420775,0.0013158231356329,0.0095238095238095,10971.31,4021.24,23,9,8,7,477.01347826086953,313.56957978919127,0.0434782608695652,1,23,False,normal,0.08778209443417789,0.012166020897061187,0.05753566501933121,22.448979591836736,NORMAL
ACC_01512,6,5,0.8571428571428571,0.0006845577944568,0.0001270626359101,0.0181818181818181,12354.4,13544.71,22,25,5,6,561.5636363636363,393.00102944909946,0.0,1,22,False,normal,0.08954982189015218,0.00948941100543526,0.05752565753626541,22.406462585034014,NORMAL
ACC_01081,7,6,0.875,0.0003137445728448,0.00266,0.0,12417.9,6032.67,29,13,6,7,428.20344827586206,250.41095134193,0.0,1,29,False,normal,0.08429700244249613,0.01682352595619804,0.05730761184797689,22.36394557823129,NORMAL
ACC_01807,9,10,1.1,0.0003734045739965,0.0015878565641922,0.0175438596491228,15134.69,14323.21,27,29,10,9,560.544074074074,452.0055053975411,0.0,1,27,False,normal,0.08820556201843258,0.010700286946440415,0.05720345198963571,22.321428571428573,NORMAL
ACC_01134,10,11,1.0909090909090908,0.0005460861153546,0.0036408510638297,0.0047619047619047,14580.34,17651.91,25,32,11,10,583.2136,380.6210377011059,0.0,1,25,False,normal,0.0910013226128717,0.006480050494504012,0.05719281376552462,22.27891156462585,NORMAL
ACC_01483,7,9,1.25,0.0004049392864982,0.00384,0.0,11802.13,7829.7,26,16,9,7,453.9280769230769,251.54368325234051,0.0384615384615384,1,25,False,normal,0.09162755468513828,0.005518253524473564,0.05718383422087239,22.23639455782313,NORMAL
ACC_00518,10,5,0.5454545454545454,0.000548159899977,0.0017506382978723,0.0,15707.33,16940.19,28,32,5,10,560.9760714285715,360.4874163657711,0.0,1,28,False,normal,0.08747849729975306,0.011572264603435054,0.057116004221225855,22.193877551020407,NORMAL
ACC_01204,8,5,0.6666666666666666,0.0003463055080351,0.003807659574468,0.0128205128205128,10149.03,8645.85,25,19,5,8,405.9612,291.6231206586108,0.0,1,25,False,normal,0.08743375773555837,0.011620498668359111,0.05710845410867866,22.151360544217688,NORMAL
ACC_01870,4,8,1.8,0.0002369611612493,0.0006391489361702,0.0,9857.51,5667.61,24,15,8,4,410.7295833333333,265.7284984222277,0.0,1,24,False,normal,0.09017359027231989,0.006837935005591547,0.056839328165628554,22.108843537414966,NORMAL
ACC_01258,8,10,1.2222222222222223,0.000538995600111,0.0019965957446808,0.0130718954248366,11055.72,12653.84,24,21,10,8,460.655,232.29746022306605,0.0,1,24,False,normal,0.0848496762501675,0.014194384791358637,0.05658755966664395,22.066326530612244,NORMAL
ACC_00872,10,9,0.9090909090909092,0.0005080357306034,0.0012689361702127,0.0,15468.66,17223.16,28,34,9,10,552.4521428571428,497.21144310121593,0.0,1,28,False,normal,0.08758012397277266,0.009878615428441942,0.05649952055504037,22.023809523809522,NORMAL
ACC_01162,10,9,0.9090909090909092,0.0005184017293493,0.0021540425531914,0.023391812865497,14479.72,13443.99,29,25,9,10,499.3006896551725,300.8931271224177,0.0,1,29,False,normal,0.08817526191027572,0.008889538796669632,0.056460972664833284,21.981292517006803,NORMAL
ACC_00477,11,6,0.5833333333333334,0.0003608321592203,0.0027940425531914,0.0147058823529411,12463.39,10870.16,23,25,6,11,541.8865217391304,333.5714383430645,0.0,1,23,False,normal,0.08444344729537608,0.014347678583148449,0.05640513981048502,21.93877551020408,NORMAL
ACC_00708,5,6,1.1666666666666667,0.0001425770649308,0.0003540425531914,0.0,10839.59,2618.03,21,5,6,5,516.1709523809524,339.9230658973404,0.0,1,21,False,normal,0.08584001869030532,0.012105751116833995,0.05634631166091679,21.896258503401363,NORMAL
ACC_00697,6,4,0.7142857142857143,0.0005348764146531,0.0005489361702127,0.0,9547.95,13343.44,24,26,4,6,397.83125,320.02675705135084,0.0,1,24,False,normal,0.08789850938648329,0.0087184207421189,0.05622647392873753,21.853741496598637,NORMAL
ACC_01255,9,9,1.0,0.0006542707809332,0.0008587234042553,0.0130718954248366,15692.84,16691.3,32,33,9,9,490.40125,331.75367999757816,0.0,1,32,False,normal,0.08727784462375325,0.009604661838072575,0.05620857150948098,21.81122448979592,NORMAL
ACC_00404,6,11,1.7142857142857142,0.000287889878895,0.0004195744680851,0.0,14501.31,6958.05,25,10,11,6,580.0524,343.28680473087417,0.0,1,24,False,normal,0.08043642485251364,0.019865316172497854,0.056207981380507324,21.768707482993197,NORMAL
ACC_01565,8,7,0.8888888888888888,0.0007909087887845,0.0001268085106382,0.019047619047619,15902.97,18450.31,27,32,7,8,588.9988888888888,315.59855465854736,0.0,1,26,False,normal,0.08820031781354368,0.008114379681044906,0.05616594256054417,21.726190476190478,NORMAL
ACC_01520,9,7,0.8,0.0002712743516022,0.0063642177972967,0.0083333333333333,12598.27,6901.59,25,13,7,9,503.9308,351.1444896088599,0.0,1,25,False,normal,0.08333979006926107,0.015337159258313868,0.056138737744882185,21.683673469387756,NORMAL
ACC_00514,7,4,0.625,0.000245089374851,0.0001804255319148,0.0,11060.89,5593.56,20,15,4,7,553.0445,334.0250928405009,0.0,1,20,False,normal,0.08470274876673826,0.013148437213470756,0.05608102414543126,21.641156462585034,NORMAL
ACC_00069,9,10,1.1,0.0002684008409114,0.0032626956039739,0.0,11024.63,8163.61,22,16,10,9,501.1195454545455,386.5793189166607,0.0,1,21,False,normal,0.08248089226586078,0.016413921965349947,0.056054104145656446,21.598639455782312,NORMAL
ACC_01521,8,5,0.6666666666666666,0.0004606061712861,7.659574468085106e-05,0.0,10874.07,14013.6,18,30,5,8,604.115,366.262736510121,0.0,1,18,False,normal,0.08695380556788707,0.00967182985033681,0.05604101528086697,21.556122448979593,NORMAL
ACC_00662,8,6,0.7777777777777778,0.0006891773982878,0.0023812765957446,0.0,10562.47,17828.5,24,39,6,8,440.1029166666667,232.1514111331723,0.0,1,24,False,normal,0.08252661736367302,0.015995499463730262,0.05591417020369592,21.51360544217687,NORMAL
ACC_00879,9,7,0.8,0.0002883845550607,0.0009047883000042,0.0,8280.11,6589.26,21,14,7,9,394.2909523809524,380.4144516432671,0.0,1,21,False,normal,0.08126017491558565,0.017776043452881758,0.0558665223305041,21.47108843537415,NORMAL
ACC_00147,7,9,1.25,0.0002476794026682,0.0027421276595744,0.0083333333333333,15261.81,4785.09,23,12,9,7,663.5569565217392,402.9344124322647,0.0,1,23,False,normal,0.08662761346838371,0.009626638016289893,0.055827223287546184,21.428571428571427,NORMAL
ACC_01217,4,6,1.4,0.0003436427196996,0.000851914893617,0.0,9392.03,6209.1900000000005,21,8,6,4,447.2395238095239,305.59993367924983,0.0,1,20,False,normal,0.08712940857607589,0.008633560449608259,0.05573106932548883,21.38605442176871,NORMAL
ACC_00086,6,6,1.0,0.0002106459576581,0.0020210634034025,0.0151515151515151,15525.17,5011.74,30,12,6,6,517.5056666666667,356.6110047684368,0.0,1,30,False,normal,0.08340124529661946,0.014021832700189843,0.05564948025804761,21.343537414965986,NORMAL
ACC_00508,8,6,0.7777777777777778,0.0006118517253449,0.0042493497633565,0.0,13864.91,17953.02,25,34,6,8,554.5964,409.2668383919388,0.0,1,25,False,normal,0.0826580502661586,0.015059340198172387,0.055618566238964114,21.301020408163264,NORMAL
ACC_01215,5,6,1.1666666666666667,0.0002825394381044,0.0,0.0,9206.83,10885.33,18,18,6,5,511.4905555555556,421.1147362511891,0.0,1,18,False,normal,0.08362103846150759,0.013598690589942647,0.05561209931288161,21.258503401360542,NORMAL
ACC_00479,5,10,1.8333333333333333,0.0004124518557474,0.0003914211401526,0.0,14153.24,6398.0,25,11,10,5,566.1296,308.68518316239283,0.0,1,25,False,normal,0.08354440291034373,0.013692693086145378,0.05560371898066439,21.215986394557824,NORMAL
ACC_00004,9,9,1.0,0.0007281418359077,0.0003922739095211,0.0,15269.08,15996.18,33,28,9,9,462.69939393939393,352.2860314870165,0.0,1,32,False,normal,0.08619825466651966,0.009677571803805617,0.055589981521434045,21.1734693877551,NORMAL
ACC_00595,7,12,1.625,0.0003879848967684,0.0013659574468085,0.0116959064327485,13751.41,10925.83,25,22,12,7,550.0563999999999,341.80601497633126,0.0,1,25,False,normal,0.07959155865337458,0.019374824482986268,0.055504864985219254,21.13095238095238,NORMAL
ACC_00399,6,10,1.5714285714285714,0.0006233705321633,0.0018615955314885,0.0,15540.68,17705.75,31,29,10,6,501.3122580645161,338.7544049475931,0.0,1,30,False,normal,0.08361519488935984,0.013309678081417088,0.055492988166182734,21.08843537414966,NORMAL
ACC_01537,10,6,0.6363636363636364,0.0005813111746521,0.0012382978723404,0.0083333333333333,12789.01,13613.47,30,26,6,10,426.30033333333336,302.27767221641545,0.0,1,30,False,normal,0.08483987905829563,0.011411588910668293,0.05546856299924469,21.04591836734694,NORMAL
ACC_01790,7,4,0.625,0.0002581609451409,0.0007268085106382,0.0,10095.94,9444.84,19,22,4,7,531.3652631578948,319.794478678076,0.0,1,19,False,normal,0.08456779519755345,0.011746420456636646,0.055439245301186726,21.00340136054422,NORMAL
ACC_01524,5,10,1.8333333333333333,0.0002491865955392,0.0008,0.0,12331.59,4682.13,24,8,10,5,513.81625,340.9136644730694,0.0,1,24,False,normal,0.0831895175727674,0.013743872091425519,0.05541125938023064,20.960884353741495,NORMAL
ACC_00409,8,6,0.7777777777777778,0.0007016638650603,0.0006340425531914,0.0,7915.55,14035.96,18,25,6,8,439.7527777777778,257.79741026412364,0.0,1,18,False,normal,0.08590667156339597,0.009498876705631112,0.05534355362029003,20.918367346938776,NORMAL
ACC_00904,8,6,0.7777777777777778,0.000526437186104,0.0012714893617021,0.0,10278.6,21110.7,25,36,6,8,411.144,225.01141058103403,0.0,1,25,False,normal,0.08450521456686058,0.011486885798126711,0.05529788305936703,20.875850340136054,NORMAL
ACC_00583,10,9,0.9090909090909092,0.0005093521461173,0.0052212765957446,0.0,10474.74,16612.61,21,33,9,10,498.7971428571428,290.73633692992104,0.0,1,21,False,normal,0.0897028032473073,0.0036903014524091774,0.055297802529348045,20.833333333333336,NORMAL
ACC_01828,6,7,1.1428571428571428,0.0006810797804071,0.0001489361702127,0.0,8976.54,12465.78,18,30,7,6,498.6966666666667,292.91197750297937,0.0,1,18,False,normal,0.08203435543880776,0.015124359081602092,0.05527035689592549,20.79081632653061,NORMAL
ACC_00737,9,5,0.6,0.0007570423055863,0.0003395744680851,0.0,14509.88,13089.09,24,28,5,9,604.5783333333334,421.0721430459101,0.0,1,23,False,normal,0.08407046021677671,0.011931584914617226,0.05521491009591291,20.74829931972789,NORMAL
ACC_01938,6,11,1.7142857142857142,0.0002709108474793,0.0017872340425531,0.0073529411764705,14838.67,7981.94,29,11,11,6,511.678275862069,325.0491104221128,0.0,1,28,False,normal,0.08142992101769488,0.01582954283804292,0.05518976974583409,20.70578231292517,NORMAL
ACC_00605,8,9,1.1111111111111112,0.0003271551076991,0.0051634042553191,0.0147058823529411,9619.69,9551.79,25,23,9,8,384.7876,279.3569239533301,0.0,1,25,False,normal,0.09053417334433347,0.002042612901201988,0.05513754916708088,20.66326530612245,NORMAL
ACC_01160,6,5,0.8571428571428571,0.0003066901594981,0.0028621276595744,0.0,14503.47,7729.63,25,16,5,6,580.1388,464.0880196356433,0.0,1,25,False,normal,0.07749032697328574,0.021571518828780036,0.05512280371548346,20.62074829931973,NORMAL
ACC_01925,7,4,0.625,0.0005744925589722,0.0017480851063829,0.0,9618.63,14215.49,21,24,4,7,458.03,285.5273813664812,0.0,1,20,False,normal,0.0851356972747491,0.009964846881568255,0.055067357117476755,20.578231292517007,NORMAL
ACC_01291,7,5,0.75,0.0003942779497367,0.0009608510638297,0.0,9437.42,10709.26,18,26,5,7,524.3011111111111,448.19155471331663,0.0,1,18,False,normal,0.0790959648905933,0.018924986406420066,0.055027573496924,20.535714285714285,NORMAL
ACC_01839,11,7,0.6666666666666666,0.0006865259126082,0.0010327037052829,0.0,12242.76,19675.05,27,46,7,11,453.43555555555554,331.7198076845222,0.0,1,26,False,normal,0.08362782160186216,0.011584035053175411,0.054810306982387466,20.493197278911566,NORMAL
ACC_01858,9,9,1.0,0.0003156566136735,0.0052846808510638,0.0065359477124183,10749.96,5716.84,22,16,9,9,488.6345454545454,362.4354733864101,0.0,1,22,False,normal,0.08607733525458204,0.007746061455166441,0.0547448257348158,20.450680272108844,NORMAL
ACC_00160,11,8,0.75,0.0007617404061714,0.0013923404255319,0.0,11454.48,14550.43,24,36,8,11,477.27,306.7302964296583,0.0416666666666666,1,24,False,normal,0.0854275806469695,0.008467799938389685,0.05464366836353757,20.408163265306122,NORMAL
ACC_00350,7,5,0.75,0.0007603011007614,0.0002144680851063,0.0,9279.44,13816.34,20,28,5,7,463.972,347.3690197621634,0.0,1,20,False,normal,0.08323225873500256,0.01172530429706855,0.054629476959828956,20.3656462585034,NORMAL
ACC_00480,6,6,1.0,0.0003091358577534,0.0001285106382978,0.0,8152.2,7978.18,18,20,6,6,452.9,237.52464377407244,0.0,1,18,False,normal,0.0861827727506145,0.007290415305995957,0.05462582977276708,20.32312925170068,NORMAL
ACC_01655,11,8,0.75,0.0008247929928223,0.0005404255319148,0.0,11885.36,16697.44,24,32,8,11,495.22333333333336,320.8499708541384,0.0416666666666666,1,24,False,normal,0.08495703503537862,0.009110301087139342,0.0546183414560829,20.28061224489796,NORMAL
ACC_00727,9,11,1.2,0.0005665712028443,0.0020868085106382,0.0,14098.69,17142.21,26,28,11,9,542.2573076923077,464.5827955450584,0.0,1,26,False,normal,0.083173553425974,0.011623291172819806,0.05455344852471233,20.238095238095237,NORMAL
ACC_01912,7,5,0.75,0.0005533973884344,0.0001668085106382,0.0,15983.38,14553.76,25,25,5,7,639.3352,463.2002034228828,0.0,1,25,False,normal,0.0837674381837677,0.010728391872933493,0.054551819659434016,20.195578231292515,NORMAL
ACC_00098,5,9,1.6666666666666667,0.0002070851001942,0.0030408510638297,0.0,11433.03,5244.49,24,11,9,5,476.37625,329.4018397933429,0.0416666666666666,1,24,False,normal,0.08705060049116317,0.00566711450218788,0.054497206095573056,20.153061224489797,NORMAL
ACC_01032,6,8,1.2857142857142858,0.0002911567722257,0.0057421276595744,0.0109890109890109,9854.1,5561.34,23,16,8,6,428.4391304347826,304.0250491461196,0.0,1,23,False,normal,0.08855915412213394,0.0033113193020322877,0.05446002019409328,20.110544217687075,NORMAL
ACC_01926,6,8,1.2857142857142858,0.0002694446020747,0.0021566537329979,0.0,8087.57,5892.68,19,13,8,6,425.6615789473684,244.68649497907768,0.0,1,19,False,normal,0.08497504382530852,0.008649025859625141,0.05444463663903516,20.068027210884352,NORMAL
ACC_00194,5,7,1.3333333333333333,0.0001859220364007,0.0004680851063829,0.0,13988.29,1863.65,23,5,7,5,608.1865217391305,334.7664426623528,0.0,1,23,False,normal,0.08438908931343864,0.0095270725897897,0.054444282623979066,20.02551020408163,NORMAL
ACC_00475,10,6,0.6363636363636364,0.0003221344245457,0.0021702980428942,0.0,14783.44,8320.66,29,16,6,10,509.7737931034482,332.30547467023894,0.0,1,29,False,normal,0.07593473484658253,0.022107972044369456,0.0544040297256973,19.982993197278912,NORMAL
ACC_01131,5,8,1.5,0.0002432831365334,0.001179380036669,0.0,8496.460000000001,6301.35,20,13,8,5,424.823,249.5658121428621,0.0,1,20,False,normal,0.08482753703543859,0.008635988295635954,0.05435091753951753,19.940476190476193,NORMAL
ACC_00844,7,5,0.75,0.0005697257981393,0.0022646808510638,0.0,11250.41,8271.42,20,17,5,7,562.5205,410.1164425337991,0.0,1,20,False,normal,0.07901856938260848,0.01732500922681433,0.05434114532029082,19.897959183673468,NORMAL
ACC_00672,8,7,0.8888888888888888,0.0003034656275673,0.0005123404255319,0.0095238095238095,9406.31,9477.86,24,19,7,8,391.9295833333333,206.3497120125079,0.0,1,24,False,normal,0.08093782259738627,0.014191964121812398,0.05423947920715672,19.85544217687075,NORMAL
ACC_01854,8,10,1.2222222222222223,0.0002836847910062,0.0017170212765957,0.0130718954248366,15883.44,6320.76,31,15,10,8,512.3690322580645,341.6670874048288,0.0,1,31,False,normal,0.08063695545955284,0.014487983494710721,0.05417736667361599,19.812925170068027,NORMAL
ACC_00961,6,9,1.4285714285714286,0.0004274576321331,7.063829787234042e-05,0.0,16399.44,15627.6,28,30,9,6,585.6942857142857,450.44190271520375,0.0,1,28,False,normal,0.08528296202266916,0.00731887710859685,0.054097328057040234,19.77040816326531,NORMAL
ACC_00252,8,9,1.1111111111111112,0.0005396215912484,0.001435744680851,0.0147058823529411,16945.15,12812.6,33,23,9,8,513.489393939394,389.1120162300584,0.0,1,33,False,normal,0.08502722987732908,0.007702269049962609,0.05409724554638249,19.727891156462583,NORMAL
ACC_01675,8,6,0.7777777777777778,0.0002360623723369,0.0001846808510638,0.0109890109890109,15197.05,5903.39,26,12,6,8,584.501923076923,416.13856042447424,0.0,1,26,False,normal,0.07893657548095748,0.01683314686893435,0.054095204036148224,19.685374149659864,NORMAL
ACC_01105,9,10,1.1,0.0003887542661376,0.0039208510638297,0.0116959064327485,9980.93,8847.67,25,22,10,9,399.2372,284.7271972947673,0.0,1,25,False,normal,0.08615831885357135,0.00574426524518933,0.05399269741021854,19.642857142857142,NORMAL
ACC_00262,9,8,0.9,0.0003862235824759,0.0063710638297872,0.0073529411764705,9140.58,12174.76,23,22,8,9,397.4165217391304,240.7957188272532,0.0,1,23,False,normal,0.08733168198727248,0.003760705312572429,0.05390329131739246,19.600340136054424,NORMAL
ACC_00292,9,5,0.6,0.0006172377592569,0.00304,0.0,9832.23,15772.57,24,32,5,9,409.67625,316.7013271592914,0.0,1,23,False,normal,0.08372996786172177,0.009092922508554159,0.05387514972045472,19.5578231292517,NORMAL
ACC_00397,7,11,1.5,0.0002194499000152,0.0013225531914893,0.0065359477124183,12567.37,5138.389999999999,26,15,11,7,483.3603846153846,323.07388798825286,0.0,1,24,False,normal,0.0780930469540114,0.017398396602602288,0.05381518681344775,19.51530612244898,NORMAL
ACC_01163,6,8,1.2857142857142858,0.0007385453678391,0.0002157506502366,0.0219780219780219,13919.8,12505.87,28,25,8,6,497.13571428571424,343.15259446003915,0.0,1,28,False,normal,0.08105082717701328,0.012513990439973196,0.05363609248219725,19.472789115646258,NORMAL
ACC_00754,10,8,0.8181818181818182,0.0003771269141204,0.0022255319148936,0.0065359477124183,15961.6,9650.01,32,21,8,10,498.8,291.1367991944016,0.0,1,32,False,normal,0.07706644016920121,0.018417695275214894,0.05360694221160668,19.43027210884354,NORMAL
ACC_01040,5,11,2.0,0.0002994144808857,0.0011693617021276,0.0,12622.93,6027.39,27,13,11,5,467.515925925926,380.8585708355759,0.0,1,26,False,normal,0.08070352743865701,0.012817679517126137,0.053549188270044665,19.387755102040817,NORMAL
ACC_01224,8,7,0.8888888888888888,0.000192213256813,0.0012953191489361,0.0,9273.02,3741.8,20,9,7,8,463.651,306.62685574180426,0.0,1,20,False,normal,0.07661522397257302,0.018574122505644712,0.053398783385801694,19.345238095238095,NORMAL
ACC_01884,7,11,1.5,0.0003232857380477,0.0016142924146164,0.0,10533.63,11393.73,22,25,11,7,478.8013636363636,424.7266265470672,0.0,1,22,False,normal,0.07653201612176931,0.018635930342930915,0.05337358181023395,19.302721088435373,NORMAL
ACC_00042,5,6,1.1666666666666667,0.0005608006716247,0.0010927659574468,0.0181818181818181,11461.37,15011.56,27,26,6,5,424.4951851851852,295.68011176803327,0.0,1,25,False,normal,0.0819783279651053,0.01030265185874394,0.05330805752256076,19.260204081632654,NORMAL
ACC_00669,7,11,1.5,0.0004134757049378,0.0021114893617021,0.0196078431372549,13414.55,14423.27,26,30,11,7,515.9442307692308,338.4074397665994,0.0,1,26,False,normal,0.08017338723261277,0.012691392471196277,0.053180589328046174,19.217687074829932,NORMAL
ACC_01454,8,8,1.0,0.0005017724177533,0.0012825651302605,0.0083333333333333,10284.9,11900.0,26,22,8,8,395.5730769230769,256.1753516444426,0.0384615384615384,1,26,False,normal,0.08431410217225584,0.006230017146413953,0.05308046816191908,19.17517006802721,NORMAL
ACC_00067,5,8,1.5,0.00045151767009,0.0011589135718245,0.0256410256410256,14306.93,11931.14,29,21,8,5,493.34241379310345,345.18998311132106,0.0,1,29,False,normal,0.08376052223439541,0.007051730686134934,0.05307700561509122,19.132653061224488,NORMAL
ACC_00543,5,7,1.3333333333333333,0.0002935391865381,0.0003097872340425,0.0,12357.0,8692.18,29,15,7,5,426.1034482758621,219.3346073480924,0.0,1,28,False,normal,0.07874085794677202,0.014573861960849567,0.05307405955240304,19.09013605442177,NORMAL
ACC_00979,12,7,0.6153846153846154,0.0004542225702792,0.0041514893617021,0.0058479532163742,12051.4,13092.98,25,28,7,12,482.056,330.3860259983767,0.0,1,24,False,normal,0.08052194095497496,0.011773646006050369,0.05302262297540512,19.047619047619047,NORMAL
ACC_01615,10,8,0.8181818181818182,0.0005764516875959,0.0019531914893617,0.0,9002.74,18011.29,18,34,8,10,500.15222222222224,306.58592048858026,0.0,1,18,False,normal,0.08168335800734365,0.009873615566027527,0.0529594610308172,19.005102040816325,NORMAL
ACC_01539,10,8,0.8181818181818182,0.0008306408204238,0.0049012765957446,0.0065359477124183,11752.71,19594.8,24,32,8,10,489.69625,389.59812887699616,0.0,1,24,False,normal,0.08203581220268105,0.009074786488186229,0.052851401916883124,18.962585034013603,NORMAL
ACC_00958,5,6,1.1666666666666667,0.0005700333936592,0.0004280902229991,0.0,12554.33,15759.74,28,32,6,5,448.36892857142857,257.8145664266712,0.0,1,28,False,normal,0.0762760041977095,0.017626145579887842,0.05281606075058083,18.920068027210885,NORMAL
ACC_00655,7,6,0.875,0.0004609264904593,0.0029923404255319,0.0128205128205128,9666.37,9532.04,17,25,6,7,568.61,308.72479121784176,0.0,1,17,False,normal,0.0833357084029708,0.00702296822956888,0.052810612333610035,18.877551020408163,NORMAL
ACC_00168,10,7,0.7272727272727273,0.0006643550124732,0.0036595744680851,0.0073529411764705,8925.66,14161.11,19,32,7,10,469.7715789473684,324.4894296217633,0.0,1,18,False,normal,0.08250008863003287,0.008203136197772031,0.05278130765712853,18.83503401360544,NORMAL
ACC_00768,6,8,1.2857142857142858,0.0004380115952505,0.0009753191489361,0.0329670329670329,12811.21,10166.44,25,20,8,6,512.4484,385.157271683486,0.0,1,25,False,normal,0.08633468312264717,0.0022481646771483677,0.05270007574444764,18.79251700680272,NORMAL
ACC_00245,6,9,1.4285714285714286,0.0006549300550049,0.0030212765957446,0.0095238095238095,15824.09,12717.78,27,28,9,6,586.0774074074075,402.8560455680319,0.0,1,27,False,normal,0.08043355339249111,0.010829376247474107,0.05259188253448431,18.75,NORMAL
ACC_00936,6,6,1.0,0.0003813890916823,0.0021268068050995,0.0,11783.45,8859.84,30,22,6,6,392.7816666666667,243.5450173650312,0.0,1,29,False,normal,0.07830592764270301,0.01394581253718949,0.0525618816004976,18.70748299319728,NORMAL
ACC_01729,6,8,1.2857142857142858,0.0002492193124696,0.000407659574468,0.0,9748.79,6933.37,22,14,8,6,443.1268181818181,191.66942512432485,0.0,1,22,False,normal,0.07754968834519228,0.014989743019121633,0.05252571021476402,18.66496598639456,NORMAL
ACC_00628,6,5,0.8571428571428571,0.00035362744331,0.0017787234042553,0.0,8457.07,7331.87,25,18,5,6,338.2828,266.0217587829988,0.0,1,25,False,normal,0.0819455430292057,0.008115483697970095,0.05241351929671146,18.622448979591837,NORMAL
ACC_00104,5,6,1.1666666666666667,0.0002253367290197,0.0014212765957446,0.0181818181818181,11111.08,3657.84,24,9,6,5,462.9616666666666,284.3340431630537,0.0,1,24,False,normal,0.08289165042094597,0.0066956517078592655,0.05241325093571128,18.579931972789115,NORMAL
ACC_01137,7,4,0.625,0.0002758214131214,0.0010156483179124,0.0,13927.33,7301.62,23,15,4,7,605.5360869565218,370.9515162970533,0.0,1,22,False,normal,0.07694738707807873,0.015208605418143275,0.052251874414104546,18.537414965986397,NORMAL
ACC_00706,11,10,0.9166666666666666,0.0003547825163597,0.0007617021276595,0.0095238095238095,12034.76,11348.75,25,21,10,11,481.3904,321.0473215571187,0.0,1,25,False,normal,0.06982151795075828,0.025836201184155486,0.052227391244117155,18.494897959183675,NORMAL
ACC_00361,6,10,1.5714285714285714,0.0004889793592256,0.0013234042553191,0.0083333333333333,10036.71,15632.61,21,29,10,6,477.9385714285714,284.03313416370486,0.0,1,20,False,normal,0.07553748216466986,0.01718663127092718,0.05219714180717279,18.452380952380953,NORMAL
ACC_01595,6,6,1.0,0.000435071470191,0.0001821276595744,0.0151515151515151,10492.8,11531.88,23,28,6,6,456.2086956521739,260.3656860387005,0.0434782608695652,1,22,False,normal,0.08365938866143109,0.004991536457513388,0.052192247779864004,18.40986394557823,NORMAL
ACC_01525,10,6,0.6363636363636364,0.0004602222784401,0.0016083230290367,0.0,16008.0,13647.42,31,20,6,10,516.3870967741935,343.8950977860695,0.0,1,31,False,normal,0.07534036609663429,0.017377001961069588,0.052155020442408405,18.367346938775512,NORMAL
ACC_00507,8,8,1.0,0.0002426213522911,0.0007770212765957,0.0083333333333333,15109.94,10602.27,32,21,8,8,472.185625,274.0966260156173,0.0,1,32,False,normal,0.07352009438460912,0.019817722806635244,0.05203914575341957,18.32482993197279,NORMAL
ACC_01930,6,6,1.0,0.0002085435510577,0.0029770212765957,0.0,10037.95,7449.92,24,18,6,6,418.2479166666667,206.6896587089208,0.0,1,24,False,normal,0.07914194562586131,0.011351237042559345,0.052025662192540525,18.282312925170068,NORMAL
ACC_01383,6,6,1.0,0.0001521739707194,0.0011361702127659,0.0151515151515151,11348.62,4760.95,20,10,6,6,567.4309999999999,418.951602868775,0.0,1,20,False,normal,0.07612254453227266,0.015783025782856373,0.05198673703250614,18.239795918367346,NORMAL
ACC_00484,6,5,0.8571428571428571,0.0004047677037065,0.000331914893617,0.0181818181818181,12718.65,12683.85,24,19,5,6,529.94375,363.78292318135215,0.0416666666666666,1,24,False,normal,0.08434075676499692,0.0032911511920439636,0.05192091453581573,18.197278911564627,NORMAL
ACC_01017,6,7,1.1428571428571428,0.0007084917321758,0.0020663829787234,0.0,8543.48,12454.81,19,26,7,6,449.6568421052632,273.88414201086783,0.0,1,19,False,normal,0.07649278255488434,0.014926263472742831,0.05186617492202773,18.154761904761905,NORMAL
ACC_01380,7,10,1.375,0.0002806393343954,0.001731914893617,0.0073529411764705,10075.87,4948.0,23,9,10,7,438.08130434782606,325.9071769594464,0.0,1,22,False,normal,0.07533132775101488,0.016448127566308892,0.05177804767713248,18.112244897959183,NORMAL
ACC_01302,5,6,1.1666666666666667,0.0004078908491203,0.0006382978723404,0.0181818181818181,9238.7,8707.5,21,13,6,5,439.9380952380953,286.416234397058,0.0,1,21,False,normal,0.08321597329850874,0.004347876006794195,0.05166873438182293,18.06972789115646,NORMAL
ACC_00717,4,6,1.4,0.000168127896365,0.0003344680851063,0.0,11019.09,5461.35,20,11,6,4,550.9545,345.779829561118,0.0,1,19,False,normal,0.08093482733773176,0.007764208610787929,0.051666579846954226,18.027210884353742,NORMAL
ACC_01604,5,9,1.6666666666666667,0.0002696040888987,0.001527659574468,0.0219780219780219,11014.62,11005.14,22,23,9,5,500.6645454545454,329.5342378732989,0.0,1,21,False,normal,0.07977480550652019,0.009046966151064413,0.05148366976433788,17.98469387755102,NORMAL
ACC_01782,11,5,0.5,0.0005461912872269,0.0009829787234042,0.0,12679.35,18371.55,26,35,5,11,487.6673076923077,353.06044441775333,0.0,1,26,False,normal,0.07834391161062274,0.01089941301206782,0.05136611217120077,17.9421768707483,NORMAL
ACC_01412,5,6,1.1666666666666667,0.0001634258625639,0.0004323404255319,0.0,9705.54,4695.49,22,11,6,5,441.1609090909091,246.53061111793363,0.0,1,22,False,normal,0.07995335648535142,0.0083910936423696,0.05132845134815869,17.899659863945576,NORMAL
ACC_01641,6,6,1.0,0.0004915406024693,0.0011230972583464,0.0151515151515151,13813.53,11114.69,24,23,6,6,575.56375,500.86312734868,0.0,1,24,False,normal,0.07615001750365982,0.014020663814223556,0.051298276027885316,17.857142857142858,NORMAL
ACC_01402,11,8,0.75,0.000351783317783,0.0063343708693983,0.0058479532163742,13261.18,10547.65,26,32,8,11,510.0453846153847,287.943724518952,0.0,1,26,False,normal,0.07835467949386435,0.010640405652791927,0.05126896995743538,17.814625850340136,NORMAL
ACC_00984,7,9,1.25,0.0005760562526143,0.0008774468085106,0.0,17523.66,11649.21,33,22,9,7,531.02,344.0064687255168,0.0,1,32,False,normal,0.07924078395680798,0.009125315342172605,0.05119459651095382,17.772108843537417,NORMAL
ACC_01485,9,8,0.9,0.0006164823782029,0.0011412765957446,0.0,9257.77,16293.94,18,35,8,9,514.3205555555555,406.0574690342449,0.0,1,18,False,normal,0.07423489549443305,0.01588913356027127,0.05089659072076833,17.72959183673469,NORMAL
ACC_01214,6,8,1.2857142857142858,0.000633241368873,0.0015904148722977,0.0109890109890109,9361.29,13494.08,22,32,8,6,425.51318181818186,236.0504131261223,0.0,1,22,False,normal,0.07402724083170145,0.015869812183821448,0.05076426937254945,17.687074829931973,NORMAL
ACC_01361,9,7,0.8,0.0005141161722388,0.0005608510638297,0.0,8668.52,11487.03,17,21,7,9,509.9129411764706,368.9579337262703,0.0,1,17,False,normal,0.07512897272371985,0.01416787826358721,0.0507445349396668,17.64455782312925,NORMAL
ACC_01627,11,9,0.8333333333333334,0.0004624225604578,0.0030348936170212,0.0052631578947368,14709.78,19371.57,28,40,9,11,525.3492857142858,313.66639840499295,0.0,1,27,False,normal,0.07733380187936054,0.010843386971922418,0.05073763591638529,17.602040816326532,NORMAL
ACC_00274,8,6,0.7777777777777778,0.0006013043679391,0.0003148936170212,0.0219780219780219,11460.15,16543.5,26,32,6,8,440.775,256.30576579156383,0.0,1,26,False,normal,0.07932193762295202,0.0074968805786922365,0.050591914805248106,17.559523809523807,NORMAL
ACC_01632,8,8,1.0,0.0006607502322986,0.0005940425531914,0.025,10573.18,17792.69,23,35,8,8,459.7034782608696,273.32202027859,0.0,1,23,False,normal,0.07752523825506924,0.00998226308590727,0.05050804818740445,17.517006802721088,NORMAL
ACC_01830,4,6,1.4,0.0001734700916516,7.404255319148937e-05,0.0,10873.33,4496.99,22,9,6,4,494.24227272727273,288.5133732302265,0.0,1,22,False,normal,0.07990793318798677,0.006363566578837273,0.05049018654432697,17.47448979591837,NORMAL
ACC_00118,6,6,1.0,0.0002429429014804,0.0005812765957446,0.0151515151515151,8592.17,4885.17,19,12,6,6,452.2194736842105,333.1278335293072,0.0,1,19,False,normal,0.07904234657579637,0.007277120547070889,0.050336256164306176,17.431972789115648,NORMAL
ACC_01806,7,9,1.25,0.0004285289945269,0.0020374468085106,0.0,11544.22,13362.49,24,27,9,7,481.00916666666666,533.8124857868014,0.0,1,24,False,normal,0.07164624271735073,0.018264252806817753,0.050293446753137544,17.389455782312925,NORMAL
ACC_00782,11,9,0.8333333333333334,0.0004664865009061,0.0013029787234042,0.0105263157894736,16617.61,13717.64,31,29,9,11,536.051935483871,354.9295010037848,0.0,1,31,False,normal,0.07532424578455396,0.012475979376522901,0.05018493922134154,17.346938775510203,NORMAL
ACC_00053,6,10,1.5714285714285714,0.0003681240541502,0.0004118876049972,0.0083333333333333,14010.09,10533.9,30,25,10,6,467.003,308.636613960328,0.0333333333333333,1,28,False,normal,0.07610987735892703,0.011078021063009095,0.05009713484055985,17.304421768707485,NORMAL
ACC_01735,6,8,1.2857142857142858,0.00067879118533,0.0010561702127659,0.0,12130.64,22320.36,23,40,8,6,527.4191304347826,298.8347862632924,0.0,1,23,False,normal,0.06998335169870956,0.02010901379734953,0.05003361653816554,17.261904761904763,NORMAL
ACC_00663,7,9,1.25,0.0002570253515024,0.0032161702127659,0.0083333333333333,9413.47,12791.79,21,28,9,7,448.26047619047614,251.10161820418816,0.0,1,20,False,normal,0.07620117621010913,0.0107691690436716,0.05002837334353412,17.21938775510204,NORMAL
ACC_01424,8,11,1.3333333333333333,0.0005807666908956,0.0018808510638297,0.0116959064327485,12701.64,12754.11,26,21,11,8,488.52461538461534,419.4829640519936,0.0,1,24,False,normal,0.07427094667217199,0.013663183148694595,0.050027841262781036,17.17687074829932,NORMAL
ACC_00083,10,9,0.9090909090909092,0.00051399648309,0.000823829787234,0.0058479532163742,9384.28,12103.62,20,28,9,10,469.21400000000006,265.9888044616678,0.0,1,19,False,normal,0.07224740228242765,0.016682505439321104,0.050021443545185035,17.1343537414966,NORMAL
ACC_00495,5,9,1.6666666666666667,0.0004284457677953,0.0005855319148936,0.0,13925.3,12369.15,29,20,9,5,480.1827586206896,372.4374521685924,0.0344827586206896,1,29,False,normal,0.0794606158324523,0.005849459761495221,0.050016153404069466,17.091836734693878,NORMAL
ACC_01734,8,10,1.2222222222222223,0.0003046995017815,0.0025046808510638,0.0196078431372549,12556.6,8498.91,23,21,10,8,545.9391304347827,321.1548877795012,0.0,1,22,False,normal,0.07733581203542093,0.008996688895065264,0.05000016277927866,17.049319727891156,NORMAL
ACC_01748,7,8,1.125,0.0006386112609185,0.0003829787234042,0.0095238095238095,12250.29,15450.49,22,35,8,7,556.8313636363636,314.60233897497983,0.0454545454545454,1,22,False,normal,0.0767719946880116,0.009724889287760613,0.04995315252791121,17.006802721088434,NORMAL
ACC_00529,7,10,1.375,0.0003570597125138,0.0018044599837973,0.0073529411764705,10964.92,10435.06,25,21,10,7,438.5968,301.25422126669025,0.04,1,25,False,normal,0.07794143591344892,0.007612094661893108,0.04980969941282659,16.964285714285715,NORMAL
ACC_01670,7,11,1.5,0.0004125562497789,0.00016,0.0065359477124183,12786.05,14423.7,27,34,11,7,473.5574074074074,303.0308682879149,0.0,1,27,False,normal,0.0681037912270501,0.0217893524915254,0.04957801573284022,16.921768707482993,NORMAL
ACC_00807,7,9,1.25,0.0006126600143573,0.0010028567773845,0.0166666666666666,15762.74,15077.51,26,26,9,7,606.2592307692307,436.77016058263945,0.0,1,26,False,normal,0.07799392188723053,0.0067034840703138615,0.04947774676046386,16.87925170068027,NORMAL
ACC_01797,9,7,0.8,0.0006686801138442,0.0024048096192384,0.0083333333333333,16918.83,11081.1,31,24,7,9,545.7687096774195,384.2022935446199,0.0,1,29,False,normal,0.07661367919973884,0.008750044840944835,0.04946822545622124,16.83673469387755,NORMAL
ACC_01344,10,9,0.9090909090909092,0.0003467316628913,0.0022553191489361,0.0116959064327485,14048.08,11842.2,32,23,9,10,439.0025,300.77474786763383,0.0,1,31,False,normal,0.07159335415948496,0.016239194789051812,0.0494516904113117,16.79421768707483,NORMAL
ACC_00617,9,8,0.9,0.0006766647764354,0.0010595744680851,0.0,10873.06,20960.66,24,42,8,9,453.0441666666666,241.1449150257032,0.0,1,24,False,normal,0.07254824951357075,0.014703634882218963,0.049410403661030035,16.75170068027211,NORMAL
ACC_00050,4,6,1.4,0.0002292739098785,0.0008408510638297,0.0,14563.52,6451.8,29,11,6,4,502.1903448275862,362.7798141285738,0.0,1,28,False,normal,0.07566192968242018,0.009975016163455993,0.0493871642748345,16.70918367346939,NORMAL
ACC_00461,7,4,0.625,0.0003052773706328,0.0004204152986824,0.0,9873.98,7730.4,23,15,4,7,429.3034782608696,334.51763876049523,0.0,1,23,False,normal,0.07480774424138668,0.011208403406884922,0.04936800790758598,16.666666666666664,NORMAL
ACC_00505,8,6,0.7777777777777778,0.0004881496671067,0.00088,0.0109890109890109,17075.56,11083.84,32,20,6,8,533.61125,381.3981577653125,0.0,1,31,False,normal,0.0746708207655708,0.011010466064086705,0.049206678884977165,16.624149659863946,NORMAL
ACC_00927,4,7,1.6,0.0003125930299326,0.0002510638297872,0.0181818181818181,12309.16,10016.8,26,18,7,4,473.42923076923074,317.7113690622113,0.0,1,26,False,normal,0.0786890384274196,0.004932640050153118,0.049186479076513,16.581632653061224,NORMAL
ACC_01128,5,6,1.1666666666666667,0.0006135924148004,0.0004765957446808,0.0,11144.46,5866.43,20,11,6,5,557.223,346.0868726520918,0.0,1,20,False,normal,0.07163454889418375,0.015455780429044037,0.049163041508127864,16.539115646258505,NORMAL
ACC_00439,7,6,0.875,0.0003091164847727,0.0018257792180104,0.0,12260.86,5919.87,26,15,6,7,471.57153846153847,246.21826724582897,0.0384615384615384,1,25,False,normal,0.07550065057405682,0.009634448253793644,0.04915416964595155,16.49659863945578,NORMAL
ACC_01502,8,9,1.1111111111111112,0.0002976798647602,0.0024093617021276,0.0073529411764705,11741.39,7430.38,28,15,9,8,419.3353571428571,256.32281408096753,0.0,1,28,False,normal,0.07323860265885711,0.012917308605289203,0.049110085037429946,16.45408163265306,NORMAL
ACC_01153,7,4,0.625,0.0003587613440041,0.0003770212765957,0.0,9683.85,7974.05,20,19,4,7,484.1925,366.90815945188297,0.0,1,20,False,normal,0.07457097667177251,0.010525635032638854,0.04895284001611904,16.41156462585034,NORMAL
ACC_01501,7,5,0.75,0.0007169521080766,0.0005140425531914,0.0,12829.17,17524.37,28,35,5,7,458.1846428571429,324.447613079833,0.0,1,28,False,normal,0.07185545502877963,0.013777635629651914,0.04862432726912855,16.36904761904762,NORMAL
ACC_01020,7,8,1.125,0.0002144697483708,0.0010927659574468,0.0,16553.82,8795.25,28,18,8,7,591.2078571428572,474.2694904904309,0.0,1,28,False,normal,0.07321419183779286,0.011710203293292894,0.048612596419992875,16.3265306122449,NORMAL
ACC_01804,8,10,1.2222222222222223,0.0003739159781514,0.0037480851063829,0.0065359477124183,15803.5,10812.04,29,24,10,8,544.948275862069,428.8021809568484,0.0,1,29,False,normal,0.07860128599378227,0.003608738928023378,0.04860426716747872,16.284013605442176,NORMAL
ACC_00885,5,7,1.3333333333333333,0.0004530298749168,0.0006736878011341,0.0151515151515151,11435.12,12977.52,24,28,7,5,476.46333333333337,401.0064960730108,0.0416666666666666,1,23,False,normal,0.0762116617317268,0.0065933872363647785,0.04836435193358199,16.241496598639458,NORMAL
ACC_01738,8,5,0.6666666666666666,0.000311574213135,0.0023182978723404,0.0128205128205128,11060.41,6683.14,22,12,5,8,502.7459090909091,327.1646962654552,0.0,1,22,False,normal,0.071942804930342,0.012918122895176177,0.04833293211627567,16.198979591836736,NORMAL
ACC_00614,10,7,0.7272727272727273,0.0005017584591199,0.0026629787234042,0.0073529411764705,14440.3,11604.87,30,26,7,10,481.3433333333333,227.50645055399676,0.0,1,28,False,normal,0.0701172893858311,0.015484586086496747,0.04826420806609736,16.156462585034014,NORMAL
ACC_01759,8,9,1.1111111111111112,0.0004074884612869,0.004983829787234,0.0,11035.29,10198.24,27,22,9,8,408.7144444444444,258.3774491132235,0.0,1,27,False,normal,0.07800281031265491,0.003606116867065618,0.04824413293441919,16.11394557823129,NORMAL
ACC_01086,6,7,1.1428571428571428,0.0004214289494931,1.7872340425531915e-05,0.0,13639.36,11799.1,30,23,7,6,454.6453333333333,241.53749238109413,0.0,1,30,False,normal,0.07188589992842959,0.012646824253250685,0.04819026965835802,16.071428571428573,NORMAL
ACC_00823,9,5,0.6,0.0005221689570762,0.002087659574468,0.0109890109890109,9162.58,15028.94,22,28,5,9,416.4809090909091,301.2564093909608,0.0,1,22,False,normal,0.07710787822714042,0.004811607164367689,0.048189369802031326,16.02891156462585,NORMAL
ACC_01121,7,5,0.75,0.0005379376328119,0.0004161702127659,0.0151515151515151,10781.84,17971.86,23,34,5,7,468.775652173913,258.4283365553836,0.0,1,23,False,normal,0.07458039720792055,0.008514188494194374,0.048153913722430074,15.98639455782313,NORMAL
ACC_01678,9,7,0.8,0.0003564200255452,0.0019140425531914,0.025,12501.79,10612.05,27,26,7,9,463.0292592592592,278.5764688958978,0.0,1,27,False,normal,0.07453200649854863,0.008339602818849885,0.04805504502666914,15.943877551020408,NORMAL
ACC_01000,7,9,1.25,0.0003318959962723,0.0021029292627808,0.0166666666666666,9411.26,10182.05,20,23,9,7,470.563,260.3807557991303,0.0,1,20,False,normal,0.07414279485922894,0.008848138194713584,0.0480249321934228,15.901360544217688,NORMAL
ACC_00948,5,7,1.3333333333333333,0.000180484456684,0.0003702127659574,0.0,10779.32,6692.2300000000005,23,18,7,5,468.6660869565217,389.4587911067816,0.0434782608695652,1,22,False,normal,0.07600229913687555,0.006054609903492674,0.0480232234435224,15.858843537414966,NORMAL
ACC_01042,7,9,1.25,0.0004000902000174,0.0022504583635355,0.0083333333333333,13821.73,7838.6,30,10,9,7,460.7243333333333,249.22076637174425,0.0,1,29,False,normal,0.06788094046791378,0.018007852538059674,0.04793170529597214,15.816326530612246,NORMAL
ACC_00524,8,6,0.7777777777777778,0.0005850382697497,0.0025659574468085,0.0,8913.18,12004.06,18,21,6,8,495.1766666666667,383.625607131561,0.0,1,18,False,normal,0.07145395115837348,0.012529089649080541,0.0478840065546563,15.773809523809524,NORMAL
ACC_01062,6,10,1.5714285714285714,0.0004698927771348,0.0003632797509913,0.0166666666666666,13843.53,16020.31,27,28,10,6,512.7233333333334,402.9570850885698,0.0,1,26,False,normal,0.07273607811885466,0.010555673862320565,0.04786391641624102,15.731292517006803,NORMAL
ACC_00500,6,9,1.4285714285714286,0.0002153495168665,0.0010028567773845,0.0095238095238095,12817.81,3849.57,25,8,9,6,512.7124,263.73651379865225,0.0,1,25,False,normal,0.06996802743021653,0.014600250066470111,0.047820916484717965,15.688775510204081,NORMAL
ACC_01179,7,9,1.25,0.0005472969173015,0.0016134396452479,0.0,14043.04,15051.29,28,34,9,7,501.5371428571429,295.6780866622942,0.0357142857142857,1,28,False,normal,0.07387280916306467,0.008537071949430814,0.047738514277611124,15.646258503401361,NORMAL
ACC_00339,9,5,0.6,0.0006184811995173,4.519677653178698e-05,0.0,11927.92,17128.64,26,37,5,9,458.7661538461538,273.82404867472,0.0,1,26,False,normal,0.07275997692976466,0.009997535433923873,0.047655000331428346,15.603741496598639,NORMAL
ACC_00173,10,7,0.7272727272727273,0.0007309494493286,0.0010417021276595,0.0,10259.33,19333.84,21,41,7,10,488.5395238095238,299.09916433310525,0.0,1,21,False,normal,0.07253418705987673,0.009829527338353987,0.04745232317126763,15.561224489795919,NORMAL
ACC_01011,8,9,1.1111111111111112,0.000270482686831,0.001555744680851,0.0147058823529411,15123.7,6001.57,26,18,9,8,581.6807692307692,444.8969603575469,0.0,1,25,False,normal,0.07197688914568047,0.010638189278758323,0.04744140919891161,15.518707482993197,NORMAL
ACC_00591,9,6,0.7,0.0006298175198697,0.0018274847567475,0.0,13269.06,12034.96,23,23,6,9,576.915652173913,475.1666503049802,0.0,1,23,False,normal,0.06845849697996659,0.01590472720649198,0.04743698907057674,15.476190476190476,NORMAL
ACC_01904,5,9,1.6666666666666667,0.000252738885041,0.0016228201083017,0.0109890109890109,9797.44,5688.54,21,11,9,5,466.5447619047619,304.6168056693367,0.0,1,21,False,normal,0.0726788715764846,0.009156007643839828,0.04726972600342669,15.433673469387754,NORMAL
ACC_01559,8,7,0.8888888888888888,0.0004078364521065,0.0003242553191489,0.0,9588.06,11876.46,17,27,7,8,564.0035294117647,299.6735670888654,0.0,1,17,False,normal,0.07161737180654447,0.010086948648686799,0.047005202543401396,15.391156462585034,NORMAL
ACC_01523,9,5,0.6,0.0005027808241939,2.6382978723404255e-05,0.0,12115.26,16965.579999999998,22,27,5,9,550.6936363636364,268.5472915972948,0.0,1,22,False,normal,0.07489935280994521,0.005075189994300928,0.0469696876836875,15.348639455782312,NORMAL
ACC_01630,7,6,0.875,0.0002774107067408,0.0010830170980258,0.0,16682.57,11328.6,29,27,6,7,575.2610344827586,469.2709249413608,0.0,1,29,False,normal,0.06871822954952887,0.013765005684593497,0.046736940003554724,15.306122448979592,NORMAL
ACC_01762,10,7,0.7272727272727273,0.0007851093456708,0.0006459574468085,0.0220588235294117,13013.55,17218.28,26,31,7,10,500.5211538461538,339.93643767418547,0.0,1,24,False,normal,0.07471328572817929,0.00460211986510261,0.04666881938294861,15.26360544217687,NORMAL
ACC_01971,6,5,0.8571428571428571,0.0003390202358673,0.0003259574468085,0.0,12715.65,7899.5,27,14,5,6,470.95,346.0648958037962,0.037037037037037,1,26,False,normal,0.07243646449375866,0.007781915892136201,0.046574645053109674,15.22108843537415,NORMAL
ACC_00712,11,6,0.5833333333333334,0.0006286732269869,0.0005268085106382,0.0073529411764705,10726.01,16998.62,21,34,6,11,510.76238095238097,325.65330922477614,0.0,1,21,False,normal,0.0726894228541245,0.007357681328803795,0.04655672624399622,15.178571428571427,NORMAL
ACC_00204,11,7,0.6666666666666666,0.0005813847531112,9.892124674881678e-05,0.0065359477124183,13821.74,14515.49,29,27,7,11,476.6117241379311,296.31759931664254,0.0,1,29,False,normal,0.06886142646597425,0.012820045900092456,0.046444874239621535,15.136054421768709,NORMAL
ACC_01933,9,9,1.0,0.000409887871863,0.0025361702127659,0.0065359477124183,11441.75,12058.13,22,20,9,9,520.0795454545455,330.39289235519453,0.0454545454545454,1,22,False,normal,0.0731601839341297,0.00626866341934261,0.04640357572821486,15.093537414965985,NORMAL
ACC_01468,6,8,1.2857142857142858,0.0003821101332057,0.001091544791711,0.0,9336.06,9375.27,23,16,8,6,405.915652173913,273.76027102070174,0.0434782608695652,1,23,False,normal,0.0739792661797915,0.004962052973029101,0.046372380897086535,15.051020408163266,NORMAL
ACC_00776,10,5,0.5454545454545454,0.0004983077851005,0.0009046808510638,0.0,13998.94,15698.09,25,33,5,10,559.9576000000001,376.6645603548777,0.0,1,25,False,normal,0.07056479116670651,0.009813206906646301,0.04626415746268243,15.008503401360542,NORMAL
ACC_01107,8,8,1.0,0.000653699212717,0.0007327659574468,0.0083333333333333,11634.35,13752.99,27,25,8,8,430.9018518518519,270.45133034411253,0.037037037037037,1,27,False,normal,0.0717099284833718,0.007810129797115929,0.046150009008869446,14.965986394557824,NORMAL
ACC_00071,6,10,1.5714285714285714,0.0003987253571052,0.0019727659574468,0.0166666666666666,15504.81,9424.3,28,21,10,6,553.7432142857143,344.0721534262251,0.0,1,28,False,normal,0.07287747310943343,0.0057116448520240885,0.046011141806469695,14.923469387755103,NORMAL
ACC_00511,7,6,0.875,0.0006416109180242,0.0001948936170212,0.0,14683.44,17137.32,26,30,6,7,564.7476923076922,389.4655465563822,0.0384615384615384,1,26,False,normal,0.07398001613275426,0.004049428096953989,0.04600778091843415,14.880952380952381,NORMAL
ACC_00694,8,10,1.2222222222222223,0.0005288375238205,0.0013370212765957,0.0065359477124183,14399.43,12703.23,24,32,10,8,599.97625,433.92314127907497,0.0,1,24,False,normal,0.06965285198262886,0.010190075207274111,0.04586774127248696,14.838435374149661,NORMAL
ACC_00343,11,8,0.75,0.0005416798166754,0.0016492559587259,0.0116959064327485,13919.69,19031.96,26,39,8,11,535.3726923076923,429.976091089332,0.0,1,25,False,normal,0.0704441212015481,0.008941904829118538,0.045843234652576274,14.795918367346939,NORMAL
ACC_00561,5,8,1.5,0.0003996685942799,0.0002740425531914,0.0128205128205128,9316.61,10670.64,20,19,8,5,465.8305,266.0966091572758,0.0,1,20,False,normal,0.07057487549580006,0.008422091306389361,0.04571376182003578,14.753401360544219,NORMAL
ACC_00701,5,5,1.0,0.0002509365858103,0.0006468085106382,0.0,11149.69,10478.26,20,25,5,5,557.4845,390.1390275607564,0.0,1,20,False,normal,0.06797494608606508,0.011976980668566997,0.045575759919065845,14.710884353741497,NORMAL
ACC_01546,8,9,1.1111111111111112,0.0003605642715248,0.0021463829787234,0.0147058823529411,12978.6,9331.0,29,16,9,8,447.5379310344828,281.6372271124088,0.0344827586206896,1,28,False,normal,0.06873337235426878,0.010630047717373026,0.04549204249951048,14.668367346938776,NORMAL
ACC_01075,7,10,1.375,0.0003520733997526,0.0008067198226239,0.0,14357.53,10892.74,32,25,10,7,448.6728125,391.5688023771308,0.0,1,32,False,normal,0.07123217982741827,0.006863224431285382,0.045484597668965114,14.625850340136054,NORMAL
ACC_00096,6,8,1.2857142857142858,0.0002690238707915,0.0017702127659574,0.0109890109890109,15617.6,12185.86,32,18,8,6,488.05,285.31623588233555,0.0,1,32,False,normal,0.06558075555590857,0.015185159849279428,0.04542251727325691,14.583333333333334,NORMAL
ACC_00599,6,7,1.1428571428571428,0.0003350130024722,0.0006984181128213,0.0,7717.49,6461.070000000001,20,12,7,6,385.8745,345.0843097361174,0.0,1,20,False,normal,0.07068800014517071,0.007508078001774967,0.04541603128781241,14.540816326530612,NORMAL
ACC_00117,7,10,1.375,0.0005086498599606,0.0006680851063829,0.0073529411764705,15038.24,11331.55,32,22,10,7,469.945,300.4078147473703,0.0,1,31,False,normal,0.06585750567873623,0.01359261531324131,0.044951549532538264,14.498299319727892,NORMAL
ACC_01496,6,6,1.0,0.0003706093706882,0.0045659574468085,0.0,10090.35,10059.03,20,22,6,6,504.5175,291.19462729780105,0.0,1,19,False,normal,0.06914106748611695,0.00860308509286918,0.04492587452881784,14.45578231292517,NORMAL
ACC_01638,11,7,0.6666666666666666,0.0007655495392,0.0026834042553191,0.0,12144.0,18115.62,24,35,7,11,506.0,286.8404258544249,0.0,1,24,False,normal,0.07008265011224205,0.0060827771407545314,0.044482700923647034,14.41326530612245,NORMAL
ACC_01667,9,9,1.0,0.000657325297053,0.0002927659574468,0.0065359477124183,10989.8,19585.93,21,39,9,9,523.3238095238095,339.5859485090069,0.0,1,21,False,normal,0.06478391009344016,0.013980041519042377,0.044462362663681046,14.370748299319727,NORMAL
ACC_00900,6,10,1.5714285714285714,0.0004165902347207,0.0005012765957446,0.0083333333333333,12724.98,16761.1,28,25,10,6,454.4635714285714,274.7184392443408,0.0,1,27,False,normal,0.06401683299118874,0.014961054355447192,0.04439452153689212,14.328231292517007,NORMAL
ACC_00228,7,10,1.375,0.0007125446371741,0.0002421865006608,0.0073529411764705,14426.86,19194.9,27,28,10,7,534.3281481481482,349.6953138864332,0.0,1,27,False,normal,0.06508453696462681,0.013323896557088292,0.044380280801611396,14.285714285714285,NORMAL
ACC_00389,7,9,1.25,0.0002355916330787,0.0025293617021276,0.0083333333333333,14941.56,4675.97,30,14,9,7,498.052,313.38259342986424,0.0,1,30,False,normal,0.0675741661819467,0.009562583745672681,0.04436953320743709,14.243197278911564,NORMAL
ACC_00124,6,7,1.1428571428571428,0.0001975989573914,0.000915744680851,0.0128205128205128,11679.25,3736.1,24,10,7,6,486.6354166666667,243.08396988944,0.0,1,23,False,normal,0.06666117733588069,0.010291886417154818,0.04411346096839033,14.200680272108842,NORMAL
ACC_00840,6,9,1.4285714285714286,0.000232253639292,0.0011472340425531,0.0,14863.23,8088.05,31,11,9,6,479.4590322580645,311.78217191232346,0.0,1,31,False,normal,0.06395970529168594,0.014282280149946711,0.044088735234990246,14.158163265306122,NORMAL
ACC_01413,10,8,0.8181818181818182,0.000318001677928,0.0046502127659574,0.0130718954248366,12068.71,8726.34,22,22,8,10,548.5777272727272,303.1542421328789,0.0,1,22,False,normal,0.0686089922982659,0.007146433469059093,0.04402396876658318,14.1156462585034,NORMAL
ACC_00703,10,8,0.8181818181818182,0.0005059254323539,0.0013089361702127,0.0,15554.1,12096.73,30,25,8,10,518.47,394.9955513062446,0.0333333333333333,1,28,False,normal,0.0695904527054783,0.005643978563048497,0.04401186304850638,14.073129251700681,NORMAL
ACC_01119,8,8,1.0,0.0006330928823142,0.0013668085106382,0.0,10158.28,15471.86,23,36,8,8,441.664347826087,471.6387789575841,0.0,1,23,False,normal,0.06461900227686136,0.012993684558958288,0.04396887518970013,14.030612244897958,NORMAL
ACC_01269,8,9,1.1111111111111112,0.0004097578253286,0.0016194090308276,0.0073529411764705,11736.15,10376.25,20,20,9,8,586.8075,478.4084101297705,0.0,1,19,False,normal,0.05919581999387478,0.020938610994869895,0.04389293639427283,13.988095238095239,NORMAL
ACC_00779,5,6,1.1666666666666667,0.0003337803314596,1.872340425531915e-05,0.0,11236.35,9231.62,25,22,6,5,449.454,343.18300801710257,0.04,1,25,False,normal,0.07189497231839072,0.0018789492885800255,0.04388856310646644,13.945578231292515,NORMAL
ACC_00651,11,6,0.5833333333333334,0.0005799926218031,0.00056,0.0,11631.15,17759.95,24,32,6,11,484.63125,349.59581652696045,0.0,1,21,False,normal,0.06823926414558946,0.007276648092986299,0.04385421772454819,13.903061224489797,NORMAL
ACC_01829,7,5,0.75,0.0004732241141915,0.0001165957446808,0.0,9227.58,13011.41,19,21,5,7,485.6621052631579,248.99104101640432,0.0,1,19,False,normal,0.06980420141746986,0.004770249109528463,0.043790620494293296,13.860544217687073,NORMAL
ACC_00257,6,8,1.2857142857142858,0.0008025186585362,0.002087659574468,0.0,10475.92,16191.62,22,31,8,6,476.1781818181818,320.64220441744664,0.0,1,22,False,normal,0.059613464597275324,0.019627680605971042,0.04361915100075361,13.818027210884354,NORMAL
ACC_00586,5,8,1.5,0.0002513216962028,0.0008988189144245,0.0,9867.75,4668.27,23,7,8,5,429.0326086956522,302.5700271194541,0.0,1,22,False,normal,0.06639009228342023,0.009266552785964947,0.043540676484438115,13.77551020408163,NORMAL
ACC_00271,5,6,1.1666666666666667,0.000218731693875,0.000263829787234,0.0,9693.04,6482.56,23,14,6,5,421.43652173913046,250.77139398642987,0.0,1,23,False,normal,0.06823812077557027,0.0063379680554387875,0.04347805968751768,13.732993197278912,NORMAL
ACC_01887,9,8,0.9,0.0007812062353926,0.0003735129834136,0.0,15388.71,18811.1,29,41,8,9,530.645172413793,392.9902357712929,0.0,1,29,False,normal,0.06699511962664907,0.008164973185668027,0.04346306105025665,13.690476190476192,NORMAL
ACC_00713,4,6,1.4,0.0003741026098802,0.0002697872340425,0.0,9610.02,8793.06,21,14,6,4,457.62,345.816667628962,0.0,1,21,False,normal,0.06845786051754947,0.00589330165680135,0.043432036973250224,13.64795918367347,NORMAL
ACC_01536,6,8,1.2857142857142858,0.0001743666750042,0.0009497872340425,0.0,12806.05,4197.53,27,9,8,6,474.2981481481481,247.92125494626524,0.0,1,26,False,normal,0.06271416711620743,0.014440724199645951,0.04340478994958284,13.60544217687075,NORMAL
ACC_00398,10,8,0.8181818181818182,0.000351929564029,0.0037140425531914,0.0065359477124183,14324.04,8993.01,27,26,8,10,530.52,448.0744630424381,0.0,1,27,False,normal,0.06523858399372229,0.010630774590999932,0.04339546023263335,13.562925170068027,NORMAL
ACC_00358,10,8,0.8181818181818182,0.0004967968520354,0.0008893617021276,0.0147058823529411,11097.76,15857.99,19,30,8,10,584.0926315789474,374.5315619372211,0.0,1,19,False,normal,0.06442838541300039,0.011480420814900014,0.043249199573760236,13.520408163265307,NORMAL
ACC_00401,9,11,1.2,0.0004834213425783,0.0006723404255319,0.0,16133.66,10718.86,29,28,11,9,556.3331034482759,361.7779112255735,0.0,1,29,False,normal,0.06417299216057044,0.011763305394868617,0.04320911745428971,13.477891156462585,NORMAL
ACC_01443,6,6,1.0,0.0003989214797968,6.553191489361702e-05,0.0,13419.62,12963.94,29,26,6,6,462.7455172413793,392.844727110436,0.0344827586206896,1,29,False,normal,0.06916204895068818,0.004253852315260098,0.043198770296516954,13.435374149659864,NORMAL
ACC_00995,10,7,0.7272727272727273,0.0003504498321516,0.0015889361702127,0.0147058823529411,13523.57,13700.51,26,30,7,10,520.1373076923077,274.53822009414563,0.0384615384615384,1,25,False,normal,0.06418329515316391,0.01165337165636997,0.043171325754446335,13.392857142857142,NORMAL
ACC_00794,5,8,1.5,0.0002010084540525,0.0018144680851063,0.0128205128205128,11370.81,3206.81,23,8,8,5,494.3830434782608,388.3556093024534,0.0,1,23,False,normal,0.06604309184035972,0.008364184470627112,0.04297152889246668,13.350340136054422,NORMAL
ACC_00346,7,9,1.25,0.0003620750057768,0.0014646808510638,0.0166666666666666,13288.77,10115.97,24,15,9,7,553.69875,405.479096296162,0.0416666666666666,1,24,False,normal,0.06637676741329693,0.0076711885429169655,0.042894535865144946,13.3078231292517,NORMAL
ACC_00455,7,8,1.125,0.0007782653569999,0.0016485106382978,0.0095238095238095,11181.76,9458.3,26,21,8,7,430.0676923076923,313.3521067337214,0.0,1,25,False,normal,0.06223719248676572,0.013648574457047265,0.04280174527487834,13.26530612244898,NORMAL
ACC_01868,8,6,0.7777777777777778,0.0004670869538387,0.0018408510638297,0.0109890109890109,16738.58,12969.76,30,26,6,8,557.9526666666667,423.9291102249194,0.0,1,30,False,normal,0.06526362886247904,0.008964373406161047,0.04274392667995184,13.222789115646258,NORMAL
ACC_01905,8,8,1.0,0.0006116868503313,0.0002272340425531,0.0,11893.73,19275.38,26,33,8,8,457.4511538461538,340.31746175977423,0.0384615384615384,1,26,False,normal,0.06946922266993534,0.002525946245997216,0.04269191210036009,13.180272108843539,NORMAL
ACC_01225,7,6,0.875,0.0003492599610438,7.148936170212766e-05,0.0128205128205128,11980.12,12203.39,22,24,6,7,544.5509090909092,220.9826832454803,0.0,1,21,False,normal,0.06630479239937082,0.0070517779221140825,0.04260358660846812,13.137755102040815,NORMAL
ACC_00689,5,7,1.3333333333333333,0.0002706189814583,0.0001242553191489,0.0,12523.64,5714.41,24,9,7,5,521.8183333333333,384.66842657774384,0.0416666666666666,1,24,False,normal,0.06621684495030694,0.006996298408839679,0.04252862633372004,13.095238095238097,NORMAL
ACC_01802,8,6,0.7777777777777778,0.0003275509509792,0.001171914893617,0.0219780219780219,13181.34,9447.96,25,19,6,8,527.2536,323.1199875288848,0.04,1,25,False,normal,0.06699861558372185,0.005368465179890788,0.04234655542218942,13.052721088435373,NORMAL
ACC_00596,8,8,1.0,0.0005436231553712,0.0037051063829787,0.0166666666666666,11734.42,17587.71,22,31,8,8,533.3827272727273,286.4769676802228,0.0,1,22,False,normal,0.06858799639627033,0.0029417500633947846,0.04232949786312011,13.010204081632654,NORMAL
ACC_01171,10,8,0.8181818181818182,0.0005201794314663,0.0063736170212765,0.0065359477124183,12497.75,16515.57,25,31,8,10,499.91,399.8244246541224,0.0,1,25,False,normal,0.06636595563054197,0.0058996788517022905,0.0421794449190061,12.96768707482993,NORMAL
ACC_00348,10,6,0.6363636363636364,0.0003555795425565,0.0015878565641922,0.0083333333333333,10782.51,10491.17,19,23,6,10,567.5005263157894,308.5772277274035,0.0,1,19,False,normal,0.061726610447667696,0.012767524995519555,0.04214297626680844,12.925170068027212,NORMAL
ACC_00201,8,5,0.6666666666666666,0.0004432032457601,0.0007875325118321,0.0,11427.62,8414.74,24,22,5,8,476.15083333333337,355.6115352205044,0.0416666666666666,1,23,False,normal,0.06628097725361355,0.005832713277340598,0.04210167166310437,12.882653061224488,NORMAL
ACC_00956,12,8,0.6923076923076923,0.0004939928026289,0.0014195744680851,0.0052631578947368,12644.6,15862.48,27,31,8,12,468.31851851851854,365.7741866518163,0.0,1,26,False,normal,0.06266415585777332,0.011198218817137695,0.042077781041519075,12.84013605442177,NORMAL
ACC_01070,10,8,0.8181818181818182,0.0007508544171911,0.0003131914893617,0.0196078431372549,11531.17,17284.16,23,30,8,10,501.35521739130434,364.13853714647934,0.0,1,23,False,normal,0.06558766937891367,0.006168817628897667,0.04182012867890726,12.797619047619047,NORMAL
ACC_00441,9,7,0.8,0.0003819225518219,0.0027685106382978,0.0083333333333333,14391.56,11019.51,25,22,7,9,575.6623999999999,484.7183852272712,0.0,1,25,False,normal,0.060104277698312385,0.01435467910647147,0.04180443826157602,12.755102040816327,NORMAL
ACC_01396,5,8,1.5,0.0003822180925343,0.0002944680851063,0.0,16954.86,6346.42,29,14,8,5,584.6503448275862,384.53253372933926,0.0,1,29,False,normal,0.06655960601763179,0.004500426005641567,0.0417359340128357,12.712585034013605,NORMAL
ACC_01158,11,7,0.6666666666666666,0.000583699154796,0.0010028567773845,0.0065359477124183,9567.02,17726.07,21,33,7,11,455.57238095238097,373.1314559495723,0.0,1,21,False,normal,0.06427922884138418,0.007763235787389276,0.041672831619786216,12.670068027210885,NORMAL
ACC_00833,11,7,0.6666666666666666,0.0005696676575344,0.0006,0.0130718954248366,12382.04,12316.19,26,27,7,11,476.2323076923077,290.80708002808586,0.0,1,26,False,normal,0.06233522739495175,0.010569297959083887,0.04162885562060461,12.627551020408163,NORMAL
ACC_00080,7,10,1.375,0.000466388673986,0.001731914893617,0.0,14321.96,10421.24,29,21,10,7,493.8606896551725,325.5777069405248,0.0344827586206896,1,29,False,normal,0.0652408332056517,0.005886282317168341,0.04149901285025836,12.585034013605442,NORMAL
ACC_00099,7,7,1.0,0.0003618534521636,0.0003753191489361,0.0109890109890109,8156.32,7630.35,21,17,7,7,388.3961904761904,258.63953209971964,0.0,1,21,False,normal,0.0649065147447988,0.006275762354789242,0.04145421378879498,12.54251700680272,NORMAL
ACC_01880,7,8,1.125,0.0002195831017538,0.0022689361702127,0.0,13374.42,7105.78,29,19,8,7,461.18689655172415,380.0216906601089,0.0344827586206896,1,28,False,normal,0.06560806003914922,0.005205766025668357,0.04144714243375687,12.5,NORMAL
ACC_01152,5,10,1.8333333333333333,0.0003120474589132,0.0028774468085106,0.0,13423.46,12061.11,24,20,10,5,559.3108333333333,372.8971634427154,0.0,1,24,False,normal,0.06381018209466413,0.007778559400948958,0.04139753301717806,12.45748299319728,NORMAL
ACC_00469,9,6,0.7,0.0003982136678738,0.0012808510638297,0.0,9345.27,9360.4,21,17,6,9,445.0128571428572,244.6239590093917,0.0,1,21,False,normal,0.061604947609761124,0.01099375256377169,0.04136046959136535,12.414965986394558,NORMAL
ACC_00952,8,10,1.2222222222222223,0.0004020277390369,0.0014434042553191,0.0196078431372549,14089.27,12551.19,29,30,10,8,485.8368965517242,329.8727856863206,0.0,1,29,False,normal,0.06255055237370097,0.009457173363656264,0.04131320076968309,12.372448979591837,NORMAL
ACC_01754,6,10,1.5714285714285714,0.0002619577972091,0.0010646808510638,0.0166666666666666,11750.53,8336.98,25,17,10,6,470.0212,356.19161567570154,0.0,1,25,False,normal,0.06238894513215135,0.009684045318485051,0.041306985206684826,12.329931972789115,NORMAL
ACC_01089,6,9,1.4285714285714286,0.0002215108961439,0.0041188760499722,0.0,13009.01,7225.17,28,14,9,6,464.6075,346.18868314542425,0.0,1,28,False,normal,0.06527888575778397,0.005109360915340995,0.041211075820806777,12.287414965986395,NORMAL
ACC_00317,7,6,0.875,0.000169499371048,0.0004995744680851,0.0128205128205128,13408.23,3574.91,27,12,6,7,496.6011111111111,314.63197324362875,0.0,1,26,False,normal,0.05995245677847369,0.012996465415933791,0.04117006023345773,12.244897959183673,NORMAL
ACC_00854,5,5,1.0,0.0002328102004779,0.0003787234042553,0.0,13023.66,11686.87,27,17,5,5,482.35777777777776,301.6292865337711,0.0,1,26,False,normal,0.06214968343574115,0.009496664035735736,0.041088475675738985,12.202380952380953,NORMAL
ACC_01422,9,5,0.6,0.0004869853846496,0.0001634042553191,0.0109890109890109,13537.53,14404.8,24,24,5,9,564.06375,283.2664434432329,0.0,1,23,False,normal,0.0645779896821975,0.005851091345891972,0.04108723034767529,12.15986394557823,NORMAL
ACC_01860,10,7,0.7272727272727273,0.0005740093366603,0.0013565957446808,0.0,14592.57,14075.84,28,28,7,10,521.1632142857143,344.0959218552784,0.0357142857142857,1,27,False,normal,0.06591233128991975,0.0037883958026313064,0.04106275709500437,12.11734693877551,NORMAL
ACC_00753,5,5,1.0,0.0001867489100753,0.0005923404255319,0.0,13923.3,5354.75,25,10,5,5,556.932,365.19279953653705,0.0,1,25,False,normal,0.06115858236765152,0.01085424682478782,0.04103684815050604,12.074829931972788,NORMAL
ACC_00850,5,7,1.3333333333333333,0.0002557513322663,0.0015591489361702,0.0151515151515151,14800.17,6214.19,24,16,7,5,616.67375,400.5946439092818,0.0,1,24,False,normal,0.06557028256044262,0.00396434518332976,0.040927907609597476,12.032312925170068,NORMAL
ACC_00365,5,9,1.6666666666666667,0.0003739873149764,1.7021276595744682e-06,0.0109890109890109,10743.27,12986.53,23,29,9,5,467.09869565217394,271.56787897996315,0.0,1,23,False,normal,0.05806501723939007,0.015147358418174828,0.040897953710903975,11.989795918367346,NORMAL
ACC_01145,11,7,0.6666666666666666,0.0007307658610916,0.002195744680851,0.0065359477124183,11873.29,21027.63,24,39,7,11,494.7204166666667,363.7885171536649,0.0,1,23,False,normal,0.0647924221155756,0.004817488465399534,0.040802448655505176,11.947278911564625,NORMAL
ACC_01341,10,8,0.8181818181818182,0.0005448368521775,0.0007421276595744,0.0,12985.54,15769.62,24,32,8,10,541.0641666666667,273.5028462758925,0.0416666666666666,1,24,False,normal,0.06320518669751708,0.007152256829929898,0.04078401475048221,11.904761904761903,NORMAL
ACC_01954,8,9,1.1111111111111112,0.0004790108498346,0.0038391489361702,0.0083333333333333,13003.18,12766.1,28,21,9,8,464.3992857142857,368.473857657838,0.0357142857142857,1,28,False,normal,0.06664655039133792,0.0018854381096979815,0.04074210547868194,11.862244897959185,NORMAL
ACC_01487,11,8,0.75,0.0006556325489973,0.0022672340425531,0.0058479532163742,13244.24,20652.72,30,36,8,11,441.4746666666667,368.0171230530312,0.0,1,29,False,normal,0.06557071243155838,0.0034078336203200465,0.04070556090706304,11.819727891156463,NORMAL
ACC_01731,8,5,0.6666666666666666,0.0002996081991957,0.0012621276595744,0.0,14698.68,8064.62,27,16,5,8,544.3955555555556,325.0178539869101,0.0,1,27,False,normal,0.0582768294199802,0.014343731312585945,0.0407035901770225,11.777210884353742,NORMAL
ACC_01323,5,6,1.1666666666666667,0.0004193593733527,0.0005184837760627,0.0181818181818181,13752.49,12209.08,27,20,6,5,509.3514814814815,377.08230721303465,0.0,1,27,False,normal,0.06460678997984459,0.004502672708864777,0.04056514307145266,11.73469387755102,NORMAL
ACC_01104,6,9,1.4285714285714286,0.000581118862053,0.0006451063829787,0.0095238095238095,11469.93,17573.78,22,33,9,6,521.3604545454546,345.77120780568555,0.0,1,21,False,normal,0.05815482568265369,0.014123541751143389,0.04054231211004957,11.6921768707483,NORMAL
ACC_01690,7,9,1.25,0.0003623902101236,0.0053736170212765,0.0,10959.68,9442.57,26,14,9,7,421.5261538461539,371.7887782177071,0.0,1,26,False,normal,0.06387780801273349,0.005428762168982216,0.04049818967523298,11.649659863945578,NORMAL
ACC_01324,7,11,1.5,0.0003596808521494,0.0007316761181938,0.0130718954248366,12414.5,9008.54,27,19,11,7,459.7962962962963,310.5111358606118,0.0,1,27,False,normal,0.05609183334609808,0.01648867425048165,0.040250569707851507,11.607142857142858,NORMAL
ACC_01579,5,6,1.1666666666666667,0.00064535873168,0.0004246808510638,0.0,10295.81,12547.15,21,26,6,5,490.2766666666666,332.80361721792224,0.0,1,21,False,normal,0.05984376213374264,0.0108545610164419,0.04024808168682234,11.564625850340136,NORMAL
ACC_01618,5,8,1.5,0.0004697765975844,3.1489361702127664e-05,0.0,15555.74,11646.77,29,21,8,5,536.4048275862069,408.54551150235295,0.0,1,29,False,normal,0.06415231466183026,0.0043182633339863725,0.0402186941306927,11.522108843537415,NORMAL
ACC_01534,6,5,0.8571428571428571,0.0006097388867443,0.0008697872340425,0.0,13550.46,13734.44,27,23,5,6,501.8688888888889,285.5220046663969,0.0,1,27,False,normal,0.05898163019773407,0.01170928612948025,0.04007269257043254,11.479591836734695,NORMAL
ACC_01763,5,8,1.5,0.0001847598568413,0.0007736170212765,0.0,12226.84,2836.75,22,9,8,5,555.7654545454545,387.3184436945574,0.0,1,20,False,normal,0.05962484432749009,0.010726581176038122,0.0400655390669093,11.437074829931973,NORMAL
ACC_00919,8,8,1.0,0.000572558729917,0.0038110638297872,0.0,14132.82,15832.23,29,30,8,8,487.3386206896552,430.1509111157894,0.0,1,29,False,normal,0.06292179769008589,0.005766132148570032,0.04005953147347955,11.394557823129253,NORMAL
ACC_01895,7,7,1.0,0.0002924642732447,0.0003029787234042,0.0,8561.97,6159.57,19,12,7,7,450.63,387.46401742613466,0.0,1,19,False,normal,0.056943268971275725,0.01440368538899628,0.03992743553836395,11.35204081632653,NORMAL
ACC_00000,8,10,1.2222222222222223,0.000349842457057,0.0025880851063829,0.0196078431372549,13858.69,12098.56,27,23,10,8,513.2848148148148,349.09116942724256,0.0,1,27,False,normal,0.0626329753254777,0.005491632053023601,0.03977643801649606,11.30952380952381,NORMAL
ACC_01886,6,6,1.0,0.000228696035148,0.0011469748006651,0.0151515151515151,14415.79,6439.01,29,17,6,6,497.0962068965517,308.79952410693573,0.0,1,28,False,normal,0.060183603940038306,0.008875079382760703,0.03966019411712726,11.267006802721088,NORMAL
ACC_01730,9,6,0.7,0.0005559258478001,0.0036817021276595,0.0,14067.7,16361.73,29,31,6,9,485.0931034482759,298.8835808603106,0.0,1,29,False,normal,0.058546034517869945,0.011314757110488472,0.03965352355491736,11.224489795918368,NORMAL
ACC_01034,9,7,0.8,0.0004408923572552,0.0048842553191489,0.0083333333333333,12389.57,11671.28,21,25,7,9,589.9795238095238,354.1707086628733,0.0,1,21,False,normal,0.06252700709157542,0.005217776582725793,0.03960331488803557,11.181972789115646,NORMAL
ACC_00621,10,6,0.6363636363636364,0.0005320407300708,0.0021225531914893,0.0,12100.97,10897.24,22,19,6,10,550.0440909090909,294.08641549331315,0.0,1,22,False,normal,0.059317179610472906,0.009875903653671051,0.03954066922775216,11.139455782312925,NORMAL
ACC_00880,7,11,1.5,0.0004225269312688,0.0021293617021276,0.0,12506.58,12182.9,26,23,11,7,481.02230769230766,260.01361494056715,0.0,1,26,False,normal,0.05668223059712652,0.01345166675345738,0.03939000505965886,11.096938775510203,NORMAL
ACC_01752,6,7,1.1428571428571428,0.0003898305051736,0.0003163774357225,0.0128205128205128,14619.37,7434.48,31,13,7,6,471.59258064516126,357.6361726854797,0.0,1,30,False,normal,0.059626189517649024,0.008498934506905484,0.03917528751335161,11.054421768707483,NORMAL
ACC_00795,10,8,0.8181818181818182,0.0008187792146067,0.0027242553191489,0.0,11702.35,14261.96,23,37,8,10,508.79782608695655,308.9276132770576,0.0,1,23,False,normal,0.058512013564590515,0.010089904407756443,0.039143169901856886,11.011904761904761,NORMAL
ACC_00202,8,8,1.0,0.0005525268144403,0.001663829787234,0.0166666666666666,9402.06,10163.79,20,19,8,8,470.103,366.1117122308867,0.0,1,19,False,normal,0.059741439882504334,0.00823625823328593,0.03913936722281697,10.96938775510204,NORMAL
ACC_00372,5,7,1.3333333333333333,0.0003480952666667,4.765957446808511e-05,0.0151515151515151,10258.97,11920.44,21,19,7,5,488.5223809523809,256.94341731020785,0.0,1,21,False,normal,0.061629259218787494,0.005329043110680018,0.0391091727755445,10.926870748299319,NORMAL
ACC_00485,9,8,0.9,0.0005478895215071,0.002355744680851,0.0073529411764705,10970.29,12919.24,19,27,8,9,577.3836842105262,255.02248888220132,0.0,1,19,False,normal,0.060780771376241646,0.00640364438147647,0.03902992057833558,10.884353741496598,NORMAL
ACC_00363,5,6,1.1666666666666667,0.0004162158270452,0.0006817021276595,0.0,15239.01,6435.02,29,14,6,5,525.4831034482759,301.1459650485535,0.0,1,29,False,normal,0.058316089337263295,0.009909491876746246,0.038953450353056474,10.841836734693878,NORMAL
ACC_00639,6,5,0.8571428571428571,0.0002420744445297,0.0004340425531914,0.0,10459.33,10888.53,19,21,5,6,550.4910526315789,360.6634099189797,0.0,1,19,False,normal,0.05842178479821804,0.009179028382515848,0.03872468223193716,10.799319727891156,NORMAL
ACC_01369,7,9,1.25,0.0004345795986362,0.005409968873918,0.0,10576.46,14055.89,24,29,9,7,440.6858333333333,353.3414793445037,0.0,1,24,False,normal,0.06155654394083946,0.004457624243899508,0.03871697606206348,10.756802721088436,NORMAL
ACC_00828,8,6,0.7777777777777778,0.0004614195527569,0.0001293617021276,0.0,11346.05,10317.45,22,20,6,8,515.7295454545455,394.5987689923268,0.0454545454545454,1,22,False,normal,0.0606548360455784,0.005657415941334336,0.038655868003880774,10.714285714285714,NORMAL
ACC_01984,7,9,1.25,0.0003618859399392,0.001931914893617,0.0,13166.25,8575.34,29,17,9,7,454.0086206896552,296.2093919694085,0.0344827586206896,1,29,False,normal,0.059949892161061745,0.00669290131924748,0.038647095824336036,10.671768707482993,NORMAL
ACC_00493,5,9,1.6666666666666667,0.0002397270017721,0.0009523404255319,0.0,13917.73,5459.82,26,11,9,5,535.2973076923076,431.0889419,0.0,1,24,False,normal,0.057900007619906844,0.009634302445641644,0.03859372555020077,10.629251700680271,NORMAL
ACC_00411,5,6,1.1666666666666667,0.0003193859745296,0.0028080851063829,0.0,12759.19,8774.6,23,18,6,5,554.7473913043478,375.2405192093756,0.0434782608695652,1,23,False,normal,0.05881572624132528,0.007953222375212555,0.038470724694880186,10.58673469387755,NORMAL
ACC_01685,6,8,1.2857142857142858,0.0003268277720884,0.0009651063829787,0.0219780219780219,9965.45,7276.05,21,14,8,6,474.54523809523806,328.2997252606076,0.0,1,21,False,normal,0.060434009150036,0.0054023659283877696,0.03842135186137671,10.54421768707483,NORMAL
ACC_00301,7,6,0.875,0.0005064311761455,5.969385579669979e-06,0.0151515151515151,11387.12,17388.07,21,32,6,7,542.2438095238094,297.84287311393217,0.0,1,20,False,normal,0.06058822165104389,0.004351833293635419,0.038093666308080504,10.50170068027211,NORMAL
ACC_01277,8,6,0.7777777777777778,0.0007485190225552,0.0029829787234042,0.0,11593.03,19054.42,24,30,6,8,483.0429166666667,397.33390237693,0.0,1,24,False,normal,0.05544295484746039,0.0118727291472552,0.03801486456737831,10.459183673469388,NORMAL
ACC_01238,9,10,1.1,0.0002760076405372,0.0015784761011384,0.0116959064327485,12295.36,8361.01,25,16,10,9,491.8144,323.86704087840326,0.0,1,25,False,normal,0.051691779806236744,0.017293663674460318,0.03793253335352617,10.416666666666668,NORMAL
ACC_01317,5,6,1.1666666666666667,0.0004742412015748,0.0003104080501428,0.0,12740.48,9959.4,21,24,6,5,606.6895238095237,407.7222177840715,0.0,1,21,False,normal,0.057982853289430196,0.007849921034946184,0.03792968038763659,10.374149659863946,NORMAL
ACC_01517,7,5,0.75,0.0002690108699299,0.0004995744680851,0.0151515151515151,10174.29,8664.99,22,16,5,7,462.4677272727273,314.4390674705222,0.0,1,22,False,normal,0.05882176755780772,0.006452567076407233,0.03787408736524753,10.331632653061225,NORMAL
ACC_00263,9,8,0.9,0.0007968053726109,0.0022468085106382,0.0073529411764705,9592.85,14604.2,22,28,8,9,436.0386363636364,337.85385976068824,0.0,1,21,False,normal,0.05706540293049368,0.0089908513060106,0.03783558228070045,10.289115646258503,NORMAL
ACC_01631,9,6,0.7,0.0005783011796744,0.0011642553191489,0.0,12201.08,19874.79,23,42,6,9,530.4817391304348,319.0519978517633,0.0,1,23,False,normal,0.05621327893839248,0.010137594943136305,0.03778300534029001,10.246598639455783,NORMAL
ACC_01178,8,9,1.1111111111111112,0.0004523710910694,0.0021395744680851,0.0147058823529411,13171.35,13617.47,27,26,9,8,487.8277777777778,488.0515126841975,0.0,1,26,False,normal,0.057619469084862776,0.007687902650457407,0.03764684251110063,10.204081632653061,NORMAL
ACC_01915,7,6,0.875,0.0003242836304373,0.0001217021276595,0.0,15972.01,13388.17,27,24,6,7,591.555925925926,458.9440547542828,0.0,1,26,False,normal,0.05670666408156996,0.008917604688284815,0.0375910403242559,10.16156462585034,NORMAL
ACC_01705,5,5,1.0,0.000247050664724,0.0002950582015094,0.0,11234.96,5856.92,24,10,5,5,468.1233333333333,301.1717903624855,0.0,1,24,False,normal,0.05718100704193033,0.00799041542978044,0.03750477039707037,10.119047619047619,NORMAL
ACC_00088,6,9,1.4285714285714286,0.0005802778855419,0.0013310638297872,0.0,13436.09,12807.96,26,19,9,6,516.7726923076923,255.9891170273876,0.0,1,26,False,normal,0.054309191158371246,0.011680166191618307,0.037257581171670065,10.076530612244898,NORMAL
ACC_00608,6,8,1.2857142857142858,0.0003092053665679,0.0043982978723404,0.0,11370.51,9117.49,21,19,8,6,541.4528571428572,341.3051427116629,0.0,1,20,False,normal,0.05874787926271615,0.004780071077829082,0.03716075598876132,10.034013605442176,NORMAL
ACC_00417,9,8,0.9,0.0005697835489932,0.0008051063829787,0.0147058823529411,14478.76,15155.78,28,31,8,9,517.0985714285714,401.2309530701579,0.0357142857142857,1,28,False,normal,0.06076512591231506,0.0017483718431572186,0.03715842428465192,9.991496598639456,NORMAL
ACC_00418,8,8,1.0,0.0004128051162074,0.0005506382978723,0.0,13043.28,8892.09,21,17,8,8,621.1085714285715,275.7139170278808,0.0,1,21,False,normal,0.056190316165089405,0.0085267850848581,0.03712490373299688,9.948979591836734,NORMAL
ACC_01919,6,8,1.2857142857142858,0.0005613049288561,3.4110774740971306e-06,0.0,16054.55,14709.34,31,24,8,6,517.8887096774193,323.86503690829755,0.0,1,31,False,normal,0.0561736824298961,0.008446675257732818,0.037082879561030783,9.906462585034014,NORMAL
ACC_00460,5,7,1.3333333333333333,0.0002286136785668,0.0014087749968021,0.0,10657.78,4425.23,23,8,7,5,463.3817391304348,422.44487474324734,0.0,1,23,False,normal,0.053542464465394644,0.011678064520827472,0.03679670448756777,9.863945578231291,NORMAL
ACC_01937,7,9,1.25,0.0004581819190325,0.0030987234042553,0.0,15629.08,18598.13,30,30,9,7,520.9693333333333,327.1539748943843,0.0,1,30,False,normal,0.05653905386018194,0.006621862735122688,0.03657217741015824,9.821428571428571,NORMAL
ACC_01645,6,8,1.2857142857142858,0.0002071169781155,0.0032885106382978,0.0,14011.57,7317.269999999999,28,15,8,6,500.4132142857143,394.5748776430951,0.0,1,28,False,normal,0.05643714036717397,0.0066280858023451735,0.03651351854124245,9.77891156462585,NORMAL
ACC_00335,6,9,1.4285714285714286,0.0003648518500137,0.0009702127659574,0.019047619047619,10035.05,12456.27,22,22,9,6,456.1386363636364,399.2811766316284,0.0,1,22,False,normal,0.055138874920968396,0.008447552526408575,0.03646234596314447,9.736394557823129,NORMAL
ACC_01325,5,9,1.6666666666666667,0.000372187257949,0.0002136170212765,0.0,12262.4,8342.32,22,14,9,5,557.3818181818182,422.76432660961314,0.0,1,22,False,normal,0.052751633938154435,0.011943803189089195,0.03642850163852834,9.693877551020408,NORMAL
ACC_00558,7,7,1.0,0.0002227295769816,0.0012791489361702,0.0,10770.42,3963.33,24,8,7,7,448.7675,356.57484802724406,0.0,1,23,False,normal,0.052363446423997484,0.01250170061736277,0.0364187481013436,9.651360544217686,NORMAL
ACC_00933,5,6,1.1666666666666667,0.0003366674307375,0.0010127659574468,0.0,10561.65,12233.85,26,20,6,5,406.21730769230766,248.2728763527372,0.0,1,25,False,normal,0.05528143877829715,0.00770352720174631,0.036250274147676814,9.608843537414966,NORMAL
ACC_01379,9,8,0.9,0.0003726776846553,0.0052249179209482,0.0,12693.37,15241.45,28,35,8,9,453.3346428571428,326.3660733716295,0.0,1,28,False,normal,0.054893083593079726,0.0081648082802374,0.036201773467942795,9.566326530612244,NORMAL
ACC_01201,6,5,0.8571428571428571,0.0003334838238606,0.0026265296550547,0.0,12322.59,7323.35,25,12,5,6,492.9036,397.0256162168045,0.0,1,25,False,normal,0.04987680777902431,0.015370489009608808,0.03607428027125811,9.523809523809524,NORMAL
ACC_00150,6,5,0.8571428571428571,0.0005156079666725,0.000896260606319,0.0181818181818181,11498.69,9454.0,24,20,5,6,479.1120833333334,320.9386376806953,0.0,1,24,False,normal,0.05717392447052828,0.004312325680517242,0.03602928495452386,9.481292517006802,NORMAL
ACC_01793,5,8,1.5,0.0002589821327355,0.0007691979704089,0.0128205128205128,12722.89,6432.22,24,12,8,5,530.1204166666666,261.49151768567555,0.0,1,24,False,normal,0.05492013013294028,0.007320230448065977,0.03588017025899056,9.438775510204081,NORMAL
ACC_00039,8,6,0.7777777777777778,0.0005786654852665,0.0009804255319148,0.0109890109890109,15290.7,14241.68,31,27,6,8,493.2483870967741,369.31318006173547,0.0,1,31,False,normal,0.05467991668797067,0.007638691953938715,0.03586342679435789,9.39625850340136,NORMAL
ACC_01268,8,8,1.0,0.0002670892940919,0.0015634042553191,0.019047619047619,10650.75,8597.56,24,19,8,8,443.78125,420.5797588868562,0.0,1,24,False,normal,0.0539947613581497,0.00853205394369979,0.03580967839236973,9.35374149659864,NORMAL
ACC_01149,9,8,0.9,0.0004336325213573,0.0009395744680851,0.0,10733.96,10729.89,22,15,8,9,487.9072727272727,441.9546068931883,0.0,1,22,False,normal,0.04838829239514636,0.016869462473456026,0.03578076042647022,9.311224489795919,NORMAL
ACC_01260,9,6,0.7,0.0006624760494372,0.0002621276595744,0.0095238095238095,14250.35,20022.65,28,33,6,9,508.9410714285714,308.6738733300687,0.0,1,28,False,normal,0.05610059728178496,0.005266665045855451,0.03576702438741316,9.268707482993198,NORMAL
ACC_00437,5,8,1.5,0.0003143127101808,5.798831705965122e-05,0.0,9815.72,5069.15,21,12,8,5,467.41523809523807,307.9317644157395,0.0,1,21,False,normal,0.05452261185704615,0.007218568442081103,0.035600994491060134,9.226190476190476,NORMAL
ACC_00724,9,8,0.9,0.0006759926397765,0.001127659574468,0.0073529411764705,10995.34,20032.64,25,39,8,9,439.8136,252.84633833087895,0.0,1,23,False,normal,0.05169651512271926,0.011098858698015386,0.03545745255283771,9.183673469387756,NORMAL
ACC_01427,7,9,1.25,0.0003548177881942,0.0003668085106382,0.0,17771.78,11411.32,29,26,9,7,612.8199999999999,403.4072945636244,0.0,1,28,False,normal,0.056479923598608456,0.003749355682293805,0.035387696432082595,9.141156462585034,NORMAL
ACC_01716,4,7,1.6,0.0002010534105079,0.0004842553191489,0.0,12242.08,4395.46,24,11,7,4,510.0866666666666,360.847549270454,0.0,1,24,False,normal,0.055732170794612346,0.004536153785863472,0.035253763991112796,9.098639455782314,NORMAL
ACC_01030,7,7,1.0,0.0006642287382684,0.0019029787234042,0.0,10682.72,19537.48,22,38,7,7,485.5781818181818,379.38762456454384,0.0,1,22,False,normal,0.04979630167500995,0.013052149236136573,0.0350986406994606,9.056122448979592,NORMAL
ACC_01522,6,9,1.4285714285714286,0.0006675519826378,0.0016774468085106,0.0,10075.27,15625.58,22,29,9,6,457.9668181818182,310.6523104600316,0.0,1,22,False,normal,0.04934957673963217,0.01356562176247205,0.03503599474876812,9.013605442176871,NORMAL
ACC_01798,8,7,0.8888888888888888,0.0002850323424611,0.0033582978723404,0.0095238095238095,9976.05,8419.93,23,16,7,8,433.741304347826,277.4360703805858,0.0,1,23,False,normal,0.0543342054103538,0.005967644144956416,0.03498758090419485,8.97108843537415,NORMAL
ACC_00568,5,7,1.3333333333333333,0.0005321827247535,0.0001897872340425,0.0151515151515151,10348.88,13274.32,21,23,7,5,492.8038095238096,328.18360744370204,0.0,1,21,False,normal,0.05409548702320873,0.005888459915746786,0.034812676180223955,8.928571428571429,NORMAL
ACC_00654,6,8,1.2857142857142858,0.0002395437326934,0.001037820321494,0.0,16477.86,6481.1,27,13,8,6,610.2911111111111,338.13234327966154,0.0,1,26,False,normal,0.05418267250886252,0.0051378304721139915,0.034564735694163115,8.886054421768709,NORMAL
ACC_00089,10,9,0.9090909090909092,0.0006772014885101,0.0016885106382978,0.0058479532163742,15114.24,16271.7,27,34,9,10,559.7866666666666,320.76963082801103,0.0,1,27,False,normal,0.05405669815780761,0.005103151490311611,0.03447527949080921,8.843537414965986,NORMAL
ACC_00653,8,7,0.8888888888888888,0.0005470006327055,0.0030793501897411,0.0095238095238095,14057.92,11942.72,27,24,7,8,520.6637037037037,362.4724632315393,0.037037037037037,1,27,False,normal,0.05545760907124207,0.002911763847636429,0.034439270981799816,8.801020408163266,NORMAL
ACC_00009,9,9,1.0,0.0003380979809734,0.0025489361702127,0.0,12055.89,11473.98,29,22,9,9,415.7203448275862,281.8888845865482,0.0,1,29,False,normal,0.05066272732095433,0.009485369041774027,0.03419178400928221,8.758503401360544,NORMAL
ACC_01406,5,7,1.3333333333333333,0.0004167671807304,0.0009448684603249,0.0,12805.93,9067.35,29,21,7,5,441.5837931034483,272.99029899579364,0.0,1,29,False,normal,0.051115128953275836,0.0084796089124501,0.034060920936945537,8.715986394557824,NORMAL
ACC_00482,5,7,1.3333333333333333,0.0001707439934196,0.0006987234042553,0.0,11888.36,4180.29,24,7,7,5,495.34833333333336,351.3370792034174,0.0,1,24,False,normal,0.0508208123396494,0.008667805559725494,0.03395960962767984,8.673469387755102,NORMAL
ACC_01966,8,6,0.7777777777777778,0.0004300514069031,0.0005702127659574,0.0219780219780219,11077.78,13589.91,21,24,6,8,527.5133333333333,405.8894022801449,0.0,1,21,False,normal,0.053423064451339534,0.004734594388350294,0.03394767642614384,8.630952380952381,NORMAL
ACC_00133,9,7,0.8,0.0005869935673095,0.0008748936170212,0.0083333333333333,10211.16,11646.41,24,28,7,9,425.465,234.9938247477265,0.0,1,24,False,normal,0.0511937967476815,0.007820033689096173,0.033844291524247366,8.58843537414966,NORMAL
ACC_00836,6,7,1.1428571428571428,0.0002451430050759,0.0015383959408178,0.0128205128205128,12449.07,10040.42,23,19,7,6,541.2639130434783,394.05653062079966,0.0434782608695652,1,22,False,normal,0.05285750075405598,0.005210323864743987,0.03379862999833118,8.545918367346939,NORMAL
ACC_01603,7,6,0.875,0.000473794266287,0.0001063829787234,0.0128205128205128,10682.51,14546.1,19,30,6,7,562.2373684210527,376.2747550341683,0.0,1,19,False,normal,0.05186827817483469,0.006474158781024627,0.033710630417310664,8.503401360544217,NORMAL
ACC_00983,6,6,1.0,0.0003922190146101,0.0024900865560909,0.0,11844.82,7975.67,24,17,6,6,493.5341666666666,276.15003193627524,0.0416666666666666,1,24,False,normal,0.05257402731310064,0.005012389638069836,0.033549372243088314,8.460884353741497,NORMAL
ACC_01845,8,8,1.0,0.0004371514853616,0.0049617021276595,0.0166666666666666,10828.75,11634.09,24,27,8,8,451.1979166666667,305.79247626282324,0.0,1,22,False,normal,0.0550729823673594,0.001219077333095738,0.03353142035365393,8.418367346938775,NORMAL
ACC_01276,8,5,0.6666666666666666,0.0006575480934085,0.0001991489361702,0.0,10881.66,13510.32,23,31,5,8,473.115652173913,321.28862260684053,0.0,1,23,False,normal,0.052217372981394256,0.005251251953272881,0.03343092457014571,8.375850340136054,NORMAL
ACC_00606,9,9,1.0,0.000280078442478,0.0017370912036839,0.0065359477124183,12645.02,7150.96,23,13,9,9,549.7834782608696,387.57905148625895,0.0,1,23,False,normal,0.043891759722330954,0.01740090607085108,0.033295418261739006,8.333333333333332,NORMAL
ACC_01694,7,11,1.5,0.0003670050161435,0.0007387234042553,0.0,12634.1,10215.74,27,18,11,7,467.9296296296296,306.5884973942645,0.0,1,27,False,normal,0.0450481217398095,0.01564703463883133,0.03328768689941823,8.290816326530612,NORMAL
ACC_00537,5,6,1.1666666666666667,0.0003640196472213,0.0001872340425531,0.0,12491.21,7748.4,28,20,6,5,446.1146428571428,262.8504713567399,0.0,1,26,False,normal,0.05094345312479955,0.006777607032434866,0.03327711468785368,8.24829931972789,NORMAL
ACC_00720,7,6,0.875,0.0004258693816659,0.0009917707755937,0.0,13105.05,12689.02,20,25,6,7,655.2524999999999,283.45859322371655,0.0,1,20,False,normal,0.05363868672245448,0.0026491692840383218,0.03324287974708801,8.20578231292517,NORMAL
ACC_01582,5,5,1.0,0.000244072403275,0.0001859037223382,0.0,13729.23,6165.31,25,11,5,5,549.1691999999999,329.55243214497244,0.0,1,24,False,normal,0.05031515442863362,0.007602548309781335,0.03323011198109271,8.16326530612245,NORMAL
ACC_01929,8,6,0.7777777777777778,0.000353840092562,0.0001608510638297,0.0,13892.68,7445.6,26,17,6,8,534.3338461538461,345.393470639813,0.0384615384615384,1,25,False,normal,0.05038932420917423,0.007107250289292797,0.03307649464122166,8.120748299319729,NORMAL
ACC_00059,9,10,1.1,0.0005557615046147,0.0009106382978723,0.0116959064327485,11485.18,17030.15,25,29,10,9,459.4072,300.0713305271487,0.0,1,24,False,normal,0.04789605455689136,0.010800161743253099,0.03305769743143605,8.078231292517007,NORMAL
ACC_00523,6,7,1.1428571428571428,0.00049195586489,0.0003778723404255,0.0,13192.28,7191.38,23,16,7,6,573.5773913043479,466.07520043070497,0.0,1,23,False,normal,0.04771780190975354,0.010969314073237363,0.03301840677514707,8.035714285714286,NORMAL
ACC_00976,8,7,0.8888888888888888,0.000358579027163,0.0002910638297872,0.0095238095238095,10158.24,9334.31,19,17,7,8,534.6442105263158,389.6995297564493,0.0,1,18,False,normal,0.04639973642455588,0.012816848470337865,0.03296658124286867,7.993197278911565,NORMAL
ACC_01067,9,9,1.0,0.0004535765448448,0.0014868085106382,0.0,10165.61,18970.51,25,34,9,9,406.6244,319.1966840115981,0.0,1,24,False,normal,0.05051682661771907,0.006414964791720932,0.032876081887319816,7.950680272108844,NORMAL
ACC_01450,8,9,1.1111111111111112,0.0005409972152424,0.0018672340425531,0.0,11074.77,18760.58,22,39,9,8,503.3986363636364,332.1306078479979,0.0,1,22,False,normal,0.047136594971388786,0.011410235688904884,0.03284605125839522,7.908163265306123,NORMAL
ACC_00320,8,8,1.0,0.0003644413237424,0.0018451063829787,0.0083333333333333,17564.65,13385.35,30,26,8,8,585.4883333333333,358.58204961211175,0.0,1,30,False,normal,0.05118331877014563,0.005032561733879988,0.032723015955639374,7.865646258503402,NORMAL
ACC_00248,7,8,1.125,0.0004454292503911,0.0009090521468468,0.0095238095238095,16483.23,13834.49,32,24,8,7,515.1009375,374.6979647521658,0.0,1,32,False,normal,0.05039806687781933,0.005792443977013613,0.03255581771749704,7.8231292517006805,NORMAL
ACC_01243,7,9,1.25,0.0003112012876561,0.0014292414616466,0.0166666666666666,11798.96,5343.72,23,10,9,7,512.9982608695652,385.5099703657266,0.0,1,23,False,normal,0.046296932972886465,0.011881448443278524,0.032530739161043286,7.780612244897959,NORMAL
ACC_01311,9,10,1.1,0.0005029040616056,0.001451914893617,0.0116959064327485,13225.33,16720.2,25,34,10,9,529.0132,335.81177319196735,0.0,1,25,False,normal,0.048045151453641154,0.009060107759860913,0.03245113397612906,7.738095238095238,NORMAL
ACC_01038,6,7,1.1428571428571428,0.0002034312777559,0.0017455319148936,0.0,13590.79,5270.43,26,9,7,6,522.7226923076923,441.4351552702407,0.0,1,25,False,normal,0.044752507774918675,0.013938949503577746,0.0324270844663823,7.695578231292517,NORMAL
ACC_01526,7,5,0.75,0.0003820223151002,0.0002544680851063,0.0151515151515151,9612.07,9903.32,21,21,5,7,457.7176190476191,312.6965080698018,0.0,1,21,False,normal,0.05225764253301206,0.0026658422086145183,0.03242092240325305,7.653061224489796,NORMAL
ACC_01281,11,7,0.6666666666666666,0.0005466361066159,0.0015904148722977,0.0130718954248366,12980.03,14718.44,27,25,7,11,480.7418518518519,354.92731068419585,0.0,1,26,False,normal,0.04908022460633177,0.007184026881064702,0.03232174551622494,7.610544217687075,NORMAL
ACC_01193,11,9,0.8333333333333334,0.0003959753195473,0.0035625531914893,0.0052631578947368,13189.92,14125.45,26,30,9,11,507.3046153846154,320.4555744964443,0.0,1,26,False,normal,0.04819143474606655,0.007686518441358528,0.03198946822418334,7.568027210884354,NORMAL
ACC_01982,7,8,1.125,0.0003507728234058,0.0017446808510638,0.0,10739.64,10289.11,26,22,8,7,413.0630769230769,314.47527187706487,0.0384615384615384,1,25,False,normal,0.052188216585034294,0.0014415098098805033,0.03188953387497278,7.525510204081633,NORMAL
ACC_00468,7,7,1.0,0.0005131571903279,0.0001387234042553,0.0,13059.1,9704.33,25,17,7,7,522.364,383.24975215256177,0.04,1,25,False,normal,0.050845016454404306,0.003428357684217742,0.03187835294632968,7.482993197278912,NORMAL
ACC_01755,7,9,1.25,0.0004959503094539,0.001755744680851,0.0,11902.12,10451.84,23,26,9,7,517.4834782608696,405.5843214381477,0.0434782608695652,1,23,False,normal,0.04960879561305783,0.005161252829527011,0.0318297784996455,7.440476190476191,NORMAL
ACC_00509,8,6,0.7777777777777778,0.000402617407426,0.0001897872340425,0.0,10104.17,14879.08,20,35,6,8,505.2085,269.21864863214023,0.0,1,20,False,normal,0.04599813836201395,0.01054687165866622,0.031817631680674856,7.3979591836734695,NORMAL
ACC_01181,9,8,0.9,0.0004613117950147,0.0037140425531914,0.0147058823529411,10102.14,9819.19,22,23,8,9,459.1881818181818,334.59213608492075,0.0,1,22,False,normal,0.05164651980183361,0.0019113527216213435,0.031752452969748705,7.355442176870748,NORMAL
ACC_01967,6,7,1.1428571428571428,0.0005279565835108,0.0019387234042553,0.0,13979.61,12651.02,29,25,7,6,482.0555172413793,440.3039819065445,0.0,1,29,False,normal,0.04751724998606951,0.007879540386284588,0.03166216614615554,7.312925170068027,NORMAL
ACC_01077,6,5,0.8571428571428571,0.0003276462301189,0.0008868085106382,0.0,14538.4,8637.73,24,12,5,6,605.7666666666667,316.9565407826876,0.0,1,24,False,normal,0.04720741291682147,0.008207163198722023,0.03160731302958169,7.270408163265306,NORMAL
ACC_00024,8,9,1.1111111111111112,0.0004597001974529,0.0008008510638297,0.0,15255.71,12999.21,28,27,9,8,544.8467857142857,326.10868507581694,0.0357142857142857,1,28,False,normal,0.05008028452025697,0.003744754349763183,0.031546072452059454,7.227891156462585,NORMAL
ACC_01090,9,9,1.0,0.000258122060618,0.0023996930030273,0.0,13162.91,8883.86,22,25,9,9,598.3140909090909,358.87319518922646,0.0,1,22,False,normal,0.045208416230117655,0.011018170159704735,0.03153231780195249,7.1853741496598635,NORMAL
ACC_01914,8,8,1.0,0.0005495278118189,0.0028115806080245,0.0,14409.69,19115.73,26,39,8,8,554.2188461538461,349.62125137155977,0.0,1,26,False,normal,0.047659351807866276,0.007282794470115266,0.03150872887276587,7.142857142857142,NORMAL
ACC_01246,9,7,0.8,0.0005329469716025,0.0039344680851063,0.0083333333333333,15531.77,15206.28,27,31,7,9,575.2507407407408,349.0118238015388,0.0,1,25,False,normal,0.04986181856385986,0.003916954991125039,0.03148387313476593,7.100340136054421,NORMAL
ACC_00584,9,10,1.1,0.00039410264606,0.0031091971176395,0.0,15131.06,10638.61,28,28,10,9,540.395,379.86673643285496,0.0,1,26,False,normal,0.05012081525774575,0.00351810265181518,0.03147973021537352,7.0578231292517,NORMAL
ACC_01005,5,8,1.5,0.0003753913121301,0.0006365957446808,0.0,9621.36,11344.5,20,23,8,5,481.068,399.1870891225132,0.0,1,20,False,normal,0.04559200005201503,0.010094935735967625,0.03139317432559607,7.015306122448979,NORMAL
ACC_01540,9,9,1.0,0.0003875458636479,0.00572,0.0065359477124183,13127.31,13672.46,24,30,9,9,546.9712499999999,361.2894471233797,0.0,1,24,False,normal,0.05000632331483676,0.0027743645134279153,0.03111353979427322,6.972789115646258,NORMAL
ACC_00302,5,7,1.3333333333333333,0.0003443728780549,0.0001148936170212,0.0151515151515151,11036.1,8752.97,22,20,7,5,501.64090909090913,402.92912539846543,0.0,1,21,False,normal,0.048758612493354635,0.004599702864180392,0.031095048641684934,6.930272108843536,NORMAL
ACC_01421,8,5,0.6666666666666666,0.0003685975901125,0.0013047371338421,0.0,10519.21,7650.33,21,17,5,8,500.914761904762,365.91058830838784,0.0,1,21,False,normal,0.044749069913793155,0.010603596413391059,0.03109088051363232,6.887755102040815,NORMAL
ACC_01591,8,7,0.8888888888888888,0.0002886948734479,0.0009721570801176,0.0,10894.34,9185.76,24,18,7,8,453.9308333333333,221.0391466984715,0.0,1,24,False,normal,0.04373093314883946,0.011969448098787886,0.03102633912881883,6.845238095238096,NORMAL
ACC_01590,8,6,0.7777777777777778,0.0003561414153232,0.0006387242570246,0.0,9393.72,9100.26,22,22,6,8,426.9872727272727,254.4358979648119,0.0,1,22,False,normal,0.0472555749250785,0.0065403044766489445,0.030969466745706678,6.802721088435375,NORMAL
ACC_00531,7,7,1.0,0.0003989798591607,0.0007659574468085,0.0109890109890109,13836.9,10970.98,21,19,7,7,658.9,397.6664692176095,0.0,1,21,False,normal,0.048034921003849325,0.004804899584374204,0.030742912436059276,6.760204081632653,NORMAL
ACC_00996,8,8,1.0,0.0003145833098016,0.0020680851063829,0.0,12795.08,9443.81,29,25,8,8,441.2096551724138,328.36463689105,0.0344827586206896,1,29,False,normal,0.048158141818903696,0.004582174291532187,0.03072775480795509,6.717687074829932,NORMAL
ACC_00660,8,10,1.2222222222222223,0.0003976589801648,0.0018510638297872,0.0,14843.49,12612.06,30,23,10,8,494.783,344.18553952022387,0.0,1,30,False,normal,0.047019282602156875,0.005913166808552902,0.030576836284715286,6.675170068027211,NORMAL
ACC_00286,8,8,1.0,0.0003248359855942,0.0005089361702127,0.0,16357.81,11640.16,31,21,8,8,527.6712903225807,298.01708325465654,0.0,1,30,False,normal,0.043229275442702435,0.011285838722377959,0.030451900754572644,6.63265306122449,NORMAL
ACC_01741,5,7,1.3333333333333333,0.0004283502324833,0.0012187234042553,0.0151515151515151,13597.51,12493.53,23,26,7,5,591.1960869565218,348.7682167902961,0.0,1,22,False,normal,0.04764492169010588,0.004585577708916859,0.03042118409763027,6.5901360544217695,NORMAL
ACC_01358,7,9,1.25,0.0002733697991224,0.0027211870549609,0.0,12247.77,7162.7,25,15,9,7,489.9108,249.13088735174264,0.0,1,25,False,normal,0.04543086124049855,0.007814782465479356,0.030384429730490874,6.547619047619048,NORMAL
ACC_00023,8,6,0.7777777777777778,0.0003381753744948,0.0005761702127659,0.0109890109890109,12153.49,10373.77,27,21,6,8,450.1292592592592,258.83696408425374,0.0,1,27,False,normal,0.04375512735357346,0.010138215990279172,0.030308362808255745,6.505102040816327,NORMAL
ACC_01203,9,9,1.0,0.0004686498045464,0.0024655319148936,0.0065359477124183,10645.49,12154.72,23,29,9,9,462.8473913043478,242.1045900998798,0.0,1,22,False,normal,0.04493182053061619,0.008210306205243446,0.030243214800467093,6.462585034013606,NORMAL
ACC_00705,8,8,1.0,0.0004093250228898,0.001424977614804,0.0,9192.64,7676.95,19,17,8,8,483.8231578947368,347.9856063283306,0.0,1,19,False,normal,0.04352521477413862,0.010154666790681431,0.030176995580755744,6.420068027210885,NORMAL
ACC_01545,8,5,0.6666666666666666,0.0003062885237951,0.0001560567944399,0.0128205128205128,12298.23,11378.31,25,23,5,8,491.9292,339.024652937413,0.0,1,24,False,normal,0.04540997309430035,0.007324285245499271,0.03017569795477992,6.377551020408164,NORMAL
ACC_01751,9,9,1.0,0.0004753293137902,0.0012153191489361,0.0130718954248366,10026.76,10631.55,24,22,9,9,417.7816666666667,288.14754144462125,0.0,1,23,False,normal,0.04429633083878983,0.008782700986031245,0.030090878897686395,6.335034013605442,NORMAL
ACC_01640,9,7,0.8,0.0006047188438501,4.093292968916557e-05,0.0083333333333333,15206.22,17233.91,29,34,7,9,524.3524137931034,312.56120943007966,0.0,1,29,False,normal,0.046118631724362244,0.0059220232023684165,0.03003998831556471,6.292517006802721,NORMAL
ACC_01745,7,6,0.875,0.0004101084941102,0.0002774468085106,0.0128205128205128,12124.37,17961.94,27,34,6,7,449.0507407407408,324.0277791026557,0.0,1,26,False,normal,0.0448944109292731,0.007236943169019346,0.029831423825171597,6.25,NORMAL
ACC_01196,6,9,1.4285714285714286,0.0004334190743341,0.0002890888159297,0.0095238095238095,15582.52,12366.06,30,27,9,6,519.4173333333333,357.51571264176226,0.0,1,30,False,normal,0.045690188026896866,0.005936434089296481,0.029788686451856713,6.207482993197279,NORMAL
ACC_01969,11,8,0.75,0.0006542593147147,0.0023472340425531,0.0,14051.38,14753.17,28,33,8,11,501.835,337.902538046873,0.0,1,27,False,normal,0.04679357921772663,0.004269236772387654,0.02978384223959104,6.164965986394558,NORMAL
ACC_00100,8,7,0.8888888888888888,0.0004347622740584,0.0037103995224491,0.019047619047619,12480.45,13560.29,25,31,7,8,499.218,310.4049784689888,0.0,1,24,False,normal,0.04695593703850302,0.003537381362993286,0.02958851476829913,6.122448979591836,NORMAL
ACC_01122,6,7,1.1428571428571428,0.0002924502533051,0.0018633010702255,0.0,9239.15,11971.16,24,17,7,6,384.9645833333333,269.11484328828783,0.0,1,24,False,normal,0.04604524053127987,0.0045021442983767595,0.029428002038118625,6.079931972789115,NORMAL
ACC_00308,8,7,0.8888888888888888,0.0003823360574913,0.000159467871914,0.0095238095238095,14999.97,13361.88,29,26,7,8,517.2403448275862,363.9194599719908,0.0344827586206896,1,28,False,normal,0.046500073313429424,0.003781142176295311,0.029412500858575778,6.037414965986394,NORMAL
ACC_00711,6,7,1.1428571428571428,0.0001986166847148,0.0028051063829787,0.0128205128205128,13559.03,6628.79,26,15,7,6,521.5011538461539,330.5157247372889,0.0,1,26,False,normal,0.04523263780867353,0.0052853002508430405,0.029253702785541333,5.994897959183673,NORMAL
ACC_00635,6,9,1.4285714285714286,0.0002379879913961,0.0005310638297872,0.0095238095238095,14192.42,5535.78,28,12,9,6,506.8721428571429,353.6215000204591,0.0,1,27,False,normal,0.04290964747989565,0.008511047182950763,0.029150207361117696,5.952380952380952,NORMAL
ACC_00541,9,8,0.9,0.000623930678606,0.0015463829787234,0.0147058823529411,10861.09,18984.54,20,34,8,9,543.0545,307.4481309009272,0.0,1,20,False,normal,0.04440842742417314,0.006107953864786134,0.029088238000418338,5.909863945578231,NORMAL
ACC_01749,10,7,0.7272727272727273,0.0006609773147794,0.0007174468085106,0.0073529411764705,13050.8,18194.34,23,34,7,10,567.4260869565217,405.9671575581088,0.0,1,23,False,normal,0.04548076247511836,0.0044834818416065935,0.029081850221713654,5.86734693877551,NORMAL
ACC_01407,9,8,0.9,0.0007375018394226,5.106382978723405e-05,0.0073529411764705,10940.37,18153.09,23,38,8,9,475.6682608695653,349.77615956042223,0.0,1,23,False,normal,0.04266420241666391,0.008289014782953798,0.028914127363179866,5.824829931972789,NORMAL
ACC_01717,5,8,1.5,0.0004488935636918,0.0020017021276595,0.0,14795.94,10074.47,25,18,8,5,591.8376000000001,419.7699606955378,0.0,1,24,False,normal,0.04340337936516022,0.00707581382375352,0.02887235314859754,5.782312925170068,NORMAL
ACC_00857,6,8,1.2857142857142858,0.0004141243815371,0.0004408510638297,0.0,8982.91,11887.09,22,23,8,6,408.3140909090909,263.3118919720416,0.0,1,22,False,normal,0.044066095609689465,0.0059762288975016105,0.028830148924814322,5.7397959183673475,NORMAL
ACC_00572,8,5,0.6666666666666666,0.0004646988095779,0.0002604255319148,0.0,13048.26,14727.18,27,31,5,8,483.2688888888889,310.3710906979347,0.0,1,26,False,normal,0.043452811627363065,0.006747373246208288,0.028770636274901153,5.697278911564626,NORMAL
ACC_00860,6,6,1.0,0.0004052228271014,0.0007191489361702,0.0151515151515151,13181.84,6607.45,26,12,6,6,506.99384615384616,394.7586457781709,0.0,1,26,False,normal,0.043272668588060996,0.0065850457672652326,0.02859761945974269,5.654761904761905,NORMAL
ACC_01835,7,8,1.125,0.0003097884543305,0.0002306382978723,0.0,13540.79,7897.42,26,14,8,7,520.7996153846153,342.04988665960144,0.0384615384615384,1,25,False,normal,0.04327789796286426,0.00643286014276544,0.028539882834824733,5.612244897959184,NORMAL
ACC_00129,10,7,0.7272727272727273,0.0006389217369049,0.0030851063829787,0.0,11089.92,17403.98,24,32,7,10,462.08,281.10576239588886,0.0,1,24,False,normal,0.0448124634419439,0.003165429714218064,0.028153649950853565,5.569727891156463,NORMAL
ACC_00522,8,8,1.0,0.0005275687106083,0.0015727659574468,0.0083333333333333,9949.64,20730.79,24,36,8,8,414.5683333333333,311.52949214378134,0.0,1,24,False,normal,0.04319730801060771,0.0055765391055400656,0.028149000448580652,5.5272108843537415,NORMAL
ACC_01691,7,8,1.125,0.0002764715659246,0.0007129151920863,0.0,10043.82,6239.889999999999,21,12,8,7,478.2771428571429,288.0484627652585,0.0,1,21,False,normal,0.039789164155307415,0.010631582035223764,0.028126131307273955,5.48469387755102,NORMAL
ACC_01143,7,8,1.125,0.0006875858576729,0.0001208510638297,0.0095238095238095,14108.48,17216.57,28,33,8,7,503.8742857142857,279.945420982556,0.0,1,26,False,normal,0.0388599216943193,0.011289522274593,0.02783176192642878,5.442176870748299,NORMAL
ACC_00649,9,8,0.9,0.0006234940683108,0.0034527659574468,0.0,14495.73,18752.15,27,33,8,9,536.8788888888889,326.3730124275376,0.0,1,27,False,normal,0.04447735455609281,0.0023165383354296887,0.02761302806782756,5.399659863945578,NORMAL
ACC_00573,6,6,1.0,0.0004313647698802,0.0005055319148936,0.0,11228.35,14253.72,19,27,6,6,590.9657894736843,323.97488696083616,0.0,1,19,False,normal,0.042650714730956434,0.004992112839512976,0.02758727397437905,5.357142857142857,NORMAL
ACC_01205,5,9,1.6666666666666667,0.0004593965271905,0.0010289361702127,0.0109890109890109,12253.31,7753.49,26,19,9,5,471.2811538461538,339.9603605048909,0.0,1,25,False,normal,0.04202408448680134,0.005544879552655761,0.027432402513143106,5.314625850340136,NORMAL
ACC_00512,6,8,1.2857142857142858,0.0003191190627988,0.0016706382978723,0.0109890109890109,12911.53,6976.950000000001,28,13,8,6,461.1260714285714,286.4679675110651,0.0,1,28,False,normal,0.04057122435387867,0.00756616345318879,0.02736919999360272,5.272108843537415,NORMAL
ACC_01599,8,8,1.0,0.0003602405458731,0.0015872340425531,0.0083333333333333,12422.28,12465.13,30,22,8,8,414.076,340.879192723352,0.0,1,30,False,normal,0.04157249792083369,0.005433891500749614,0.027117055352800058,5.229591836734694,NORMAL
ACC_01210,5,7,1.3333333333333333,0.0005103280385168,0.0016322005713554,0.0151515151515151,12061.7,10915.57,24,19,7,5,502.5708333333334,300.2751538016086,0.0,1,24,False,normal,0.041432357176262556,0.005502680415641989,0.02706048647201433,5.187074829931973,NORMAL
ACC_01744,6,8,1.2857142857142858,0.0003616512012694,0.0010859574468085,0.0,14254.87,10657.81,28,23,8,6,509.1025,341.58457161820496,0.0357142857142857,1,28,False,normal,0.0438673303400005,0.0018263987736499407,0.027050957713460277,5.144557823129252,NORMAL
ACC_01157,8,8,1.0,0.000465703578384,0.0012714893617021,0.0083333333333333,15717.32,8303.8,26,15,8,8,604.5123076923077,353.8893140552022,0.0,1,23,False,normal,0.04088027184153893,0.006171367851363454,0.02699671024546874,5.1020408163265305,NORMAL
ACC_01570,7,7,1.0,0.0004009544457136,0.0027591489361702,0.0,14981.21,11544.13,23,23,7,7,651.3569565217392,387.932535037107,0.0,1,23,False,normal,0.04198854862326712,0.003714499063384948,0.02667892879931425,5.059523809523809,NORMAL
ACC_00478,9,10,1.1,0.0004640992155634,0.0038851063829787,0.0058479532163742,12918.64,14922.91,26,29,10,9,496.8707692307692,338.08444733140954,0.0,1,25,False,normal,0.04310661096169049,0.001993761860519759,0.026661471321222197,5.017006802721088,NORMAL
ACC_00414,8,7,0.8888888888888888,0.0004641427688551,0.0005344680851063,0.0,16321.34,11573.22,31,26,7,8,526.4948387096774,333.54073484229747,0.0,1,31,False,normal,0.03966290858079909,0.006094523902218943,0.026235554709367035,4.974489795918367,NORMAL
ACC_00652,5,8,1.5,0.0002092234792084,0.0008714893617021,0.0,13538.26,10491.6,26,12,8,5,520.7023076923077,322.5898878304488,0.0,1,25,False,normal,0.038985044140412706,0.006910130232570372,0.026155078577275774,4.931972789115646,NORMAL
ACC_01029,7,6,0.875,0.0003479718172345,0.0004748936170212,0.0,9412.91,9243.36,20,19,6,7,470.6455,255.96215029560008,0.0,1,20,False,normal,0.03937405425711135,0.0051407006908246065,0.025680712830596652,4.889455782312925,NORMAL
ACC_01410,9,9,1.0,0.0006085836064299,0.0013795744680851,0.0065359477124183,13698.85,17722.94,24,36,9,9,570.7854166666667,344.63567934571097,0.0,1,24,False,normal,0.03892232205312373,0.005757229148956429,0.02565628489145681,4.846938775510204,NORMAL
ACC_01812,6,5,0.8571428571428571,0.0004742408706886,0.0004859574468085,0.0,11719.99,10065.78,24,17,5,6,488.3329166666667,262.25433417861944,0.0,1,23,False,normal,0.03784726102258724,0.00636126594292463,0.025252862990722196,4.804421768707483,NORMAL
ACC_00675,9,7,0.8,0.0004079527203634,0.0017617021276595,0.0,11798.08,10594.42,22,16,7,9,536.2763636363636,401.05788934416296,0.0,1,21,False,normal,0.03385209488224921,0.01202499879850757,0.02512125644875255,4.761904761904762,NORMAL
ACC_01976,7,6,0.875,0.0002864091300058,0.0010847226367628,0.0128205128205128,10907.0,7735.82,23,13,6,7,474.2173913043478,400.4682967161116,0.0,1,23,False,normal,0.035336900639746836,0.008970408448378323,0.02479030376319943,4.719387755102041,NORMAL
ACC_00562,6,8,1.2857142857142858,0.0002356935680557,0.0009770212765957,0.0,11895.92,4231.34,24,8,8,6,495.66333333333336,326.2099127284743,0.0,1,24,False,normal,0.03532261326595232,0.0089900396355442,0.02478958381378907,4.67687074829932,NORMAL
ACC_01486,7,7,1.0,0.0004211495022815,0.0014902127659574,0.0109890109890109,11466.44,11097.76,24,24,7,7,477.7683333333334,351.159957391731,0.0416666666666666,1,24,False,normal,0.04104139802399212,0.00010739353367115388,0.024667796227863734,4.634353741496599,NORMAL
ACC_01293,9,8,0.9,0.0006160716027813,0.0002,0.0,14008.07,17900.98,28,36,8,9,500.2882142857143,374.1557694434288,0.0,1,27,False,normal,0.03902869594992396,0.0028057335780406773,0.024539511001170647,4.591836734693878,NORMAL
ACC_01172,7,6,0.875,0.0003122332733967,0.000355744680851,0.0128205128205128,10639.56,10368.97,20,17,6,7,531.978,352.77755041952435,0.0,1,20,False,normal,0.03726369673900838,0.005421184109706138,0.024526691687287484,4.549319727891157,NORMAL
ACC_00045,7,6,0.875,0.000741355631844,0.0003693617021276,0.0128205128205128,12459.49,13892.73,25,29,6,7,498.3796,327.8243384482,0.0,1,24,False,normal,0.035951597874759184,0.007237546352292354,0.024465977265772453,4.506802721088436,NORMAL
ACC_00429,10,7,0.7272727272727273,0.0005959051523572,0.0021727659574468,0.0073529411764705,14537.37,14716.18,28,30,7,10,519.1917857142856,335.23112046217113,0.0,1,28,False,normal,0.0372879691997248,0.003930002709118489,0.023944782603482276,4.464285714285714,NORMAL
ACC_01173,7,9,1.25,0.0004308237147076,0.002543829787234,0.0166666666666666,12001.18,13354.26,23,26,9,7,521.7904347826087,317.9802365710837,0.0,1,22,False,normal,0.037559990804530055,0.0034281020513117063,0.023907235303242715,4.421768707482993,NORMAL
ACC_00898,7,8,1.125,0.000425837358919,0.0010051063829787,0.0095238095238095,11151.17,12502.55,23,25,8,7,484.8334782608696,353.7827669708257,0.0434782608695652,1,23,False,normal,0.03851743695551279,0.0017097493553798,0.023794361915459594,4.379251700680272,NORMAL
ACC_00259,6,8,1.2857142857142858,0.000294333540152,0.0003914893617021,0.0,9797.53,7270.62,20,11,8,6,489.8765,326.45072071528085,0.0,1,20,False,normal,0.032908129151539955,0.009991027614898052,0.023741288536883193,4.336734693877551,NORMAL
ACC_01114,7,9,1.25,0.0002945138890027,0.0020068085106382,0.0,10285.92,5895.47,23,16,9,7,447.2139130434783,339.583082091972,0.0,1,23,False,normal,0.035734993082133584,0.005530956313657881,0.0236533783747433,4.29421768707483,NORMAL
ACC_00374,6,7,1.1428571428571428,0.0004339847268375,0.0015255319148936,0.0128205128205128,13886.29,9184.58,23,20,7,6,603.7517391304348,274.5922909374779,0.0,1,23,False,normal,0.03794040365946727,0.001986655994447727,0.023558904593459454,4.2517006802721085,NORMAL
ACC_00208,8,7,0.8888888888888888,0.0006718414215255,0.0002063701871828,0.0,12088.55,18439.97,24,34,7,8,503.6895833333333,290.9530916245878,0.0,1,24,False,normal,0.03604208333799889,0.004832672280678429,0.023558318915070705,4.209183673469387,NORMAL
ACC_00548,8,6,0.7777777777777778,0.0006060744168605,3.1489361702127664e-05,0.0,12533.89,17716.21,26,31,6,8,482.0726923076923,277.3322082781976,0.0,1,24,False,normal,0.036513038271518986,0.003963770276770628,0.02349333107361964,4.166666666666666,NORMAL
ACC_00982,8,7,0.8888888888888888,0.0006976290138228,0.0013021276595744,0.0095238095238095,11049.42,13371.62,26,23,7,8,424.97769230769234,372.03043976865865,0.0,1,25,False,normal,0.03577158306983743,0.004555579474963829,0.02328518163188799,4.124149659863945,NORMAL
ACC_00112,7,9,1.25,0.0005874091618498,0.0028320470728691,0.0083333333333333,11049.98,11062.92,23,23,9,7,480.43391304347824,323.1627734346766,0.0,1,22,False,normal,0.03479064263347175,0.005227878944737169,0.022965537157977917,4.081632653061225,NORMAL
ACC_01015,7,8,1.125,0.000675654869145,0.0007187234042553,0.0095238095238095,11371.37,17362.22,25,34,8,7,454.8548,333.4710628765261,0.0,1,25,False,normal,0.03279841675381597,0.007501650087546352,0.022679710087308125,4.039115646258503,NORMAL
ACC_01185,6,7,1.1428571428571428,0.0005412168272736,0.0017463829787234,0.0128205128205128,11942.57,13397.11,27,27,7,6,442.3174074074074,304.5580313351008,0.0,1,27,False,normal,0.033523953611883234,0.005902047268894323,0.02247519107468767,3.9965986394557826,NORMAL
ACC_01377,5,8,1.5,0.000433696469012,0.0005159254679571,0.0,11903.44,12955.1,25,25,8,5,476.1376,265.4126163680493,0.0,1,25,False,normal,0.03205773984913322,0.007600036695245321,0.02227465858757806,3.9540816326530615,NORMAL
ACC_00932,7,7,1.0,0.0004222181868916,0.0003922739095211,0.0,12258.68,12993.76,25,26,7,7,490.3472,292.3235337846294,0.04,1,25,False,normal,0.03573242988033988,0.0019041129443357226,0.022201103105938216,3.9115646258503403,NORMAL
ACC_01899,7,8,1.125,0.0004892172411314,0.0012817123608919,0.0,12663.0,9799.12,23,15,8,7,550.5652173913044,450.539467395069,0.0,1,23,False,normal,0.029424799402252375,0.011197898788668352,0.022134039156818767,3.869047619047619,NORMAL
ACC_00058,7,8,1.125,0.0005688990768268,0.0033880851063829,0.0095238095238095,13936.66,14777.85,25,29,8,7,557.4664,358.75974738070414,0.0,1,24,False,normal,0.034118484708236696,0.003828552219780656,0.02200251171285428,3.826530612244898,NORMAL
ACC_00224,5,7,1.3333333333333333,0.0003279588293097,0.001687659574468,0.0,12060.63,6156.83,22,13,7,5,548.2104545454546,396.1764465785328,0.0,1,22,False,normal,0.032175131021783376,0.006665371262791256,0.021971227118186526,3.784013605442177,NORMAL
ACC_01393,5,9,1.6666666666666667,0.0003135472738872,0.0006668656461859,0.0,12990.93,8365.08,27,19,9,5,481.1455555555556,329.3606395653126,0.0,1,27,False,normal,0.03362684254730047,0.004459150127016793,0.021959765579187,3.741496598639456,NORMAL
ACC_01426,10,8,0.8181818181818182,0.0003165247106763,0.0002323404255319,0.0065359477124183,11804.15,11114.76,25,26,8,10,472.166,354.2788401457248,0.0,1,25,False,normal,0.02755877233523508,0.013483582319691574,0.02192869632901768,3.6989795918367347,NORMAL
ACC_01212,7,9,1.25,0.0005391323024167,0.0026714893617021,0.0083333333333333,14931.65,10808.48,28,21,9,7,533.2732142857143,335.6121375001713,0.0,1,28,False,normal,0.03411856297241125,0.0036207016396236805,0.02191941843929622,3.6564625850340136,NORMAL
ACC_01932,9,9,1.0,0.0003950134759739,0.0015914893617021,0.0065359477124183,14363.83,9720.12,27,22,9,9,531.9937037037037,298.2547925096691,0.0,1,27,False,normal,0.031105131760969126,0.0077639354936362695,0.021768653254035982,3.6139455782312924,NORMAL
ACC_01108,6,9,1.4285714285714286,0.0003236284260329,0.002511405790304,0.0095238095238095,14242.84,10908.72,26,24,9,6,547.8015384615385,309.5750998344965,0.0,1,26,False,normal,0.033742509695466216,0.003622808456201082,0.021694629199760163,3.571428571428571,NORMAL
ACC_00325,6,9,1.4285714285714286,0.0004285920768539,0.0003140425531914,0.0095238095238095,15012.51,13128.6,28,22,9,6,536.1610714285714,331.2864756642939,0.0,1,28,False,normal,0.032125755980026226,0.0056032716115132,0.021516762232621015,3.52891156462585,NORMAL
ACC_01046,8,6,0.7777777777777778,0.000354307371775,0.0023234042553191,0.0109890109890109,9683.89,9570.59,23,19,6,8,421.0386956521739,347.4884203996699,0.0,1,23,False,normal,0.03254237937765253,0.004728625088873034,0.02141687766214073,3.486394557823129,NORMAL
ACC_00930,8,5,0.6666666666666666,0.0003819532057871,0.0008391489361702,0.0,12686.03,10695.17,26,24,5,8,487.9242307692308,328.3719278400403,0.0,1,26,False,normal,0.03095797306383818,0.006992709615894155,0.02137186768466057,3.4438775510204076,NORMAL
ACC_00963,8,7,0.8888888888888888,0.0005816116512513,0.0011555024943504,0.0095238095238095,9015.36,14611.72,20,28,7,8,450.768,314.7227129528803,0.0,1,20,False,normal,0.03337039677417361,0.0033319860845513493,0.021355032498324707,3.4013605442176873,NORMAL
ACC_01553,10,8,0.8181818181818182,0.0006695166908987,0.001051914893617,0.0130718954248366,12080.88,18077.92,24,35,8,10,503.37,381.72543675993774,0.0,1,24,False,normal,0.033077878485966244,0.0036612911659704155,0.021311243557967912,3.358843537414966,NORMAL
ACC_01941,8,6,0.7777777777777778,0.0005162005114103,0.0001531914893617,0.0,12659.62,9600.6,22,20,6,8,575.4372727272727,365.91766642474585,0.0,1,22,False,normal,0.03245969612558839,0.0044198696130494574,0.021243765520572815,3.316326530612245,NORMAL
ACC_01473,8,9,1.1111111111111112,0.0003528421989398,0.0013472340425531,0.0,12950.02,6660.16,26,18,9,8,498.0776923076923,423.6631905871237,0.0,1,26,False,normal,0.030693522699796832,0.007043623503658743,0.021233563021341596,3.273809523809524,NORMAL
ACC_01623,9,8,0.9,0.0003798855035056,0.0031548936170212,0.0,11903.72,10317.84,26,19,8,9,457.8353846153846,284.66332792589594,0.0,1,26,False,normal,0.03140854881560346,0.005748397265513249,0.021144488195567374,3.231292517006803,NORMAL
ACC_00354,7,6,0.875,0.0004335089906172,0.0003285106382978,0.0128205128205128,14868.8,13329.21,28,22,6,7,531.0285714285714,377.25020775307127,0.0,1,27,False,normal,0.033301927101690706,0.0028065389850885094,0.021103771855049826,3.188775510204082,NORMAL
ACC_00731,10,7,0.7272727272727273,0.0003434690728352,0.0017336170212765,0.0,13168.69,15345.12,26,27,7,10,506.48807692307696,355.9027902562072,0.0,1,26,False,normal,0.02928852855251856,0.008638812898177585,0.02102864229078217,3.1462585034013606,NORMAL
ACC_01469,9,6,0.7,0.0006487249483666,0.0013634042553191,0.0095238095238095,11873.63,17023.22,25,33,6,9,474.94520000000006,336.7462891173908,0.0,1,25,False,normal,0.03309806736437355,0.002868400487228163,0.021006200613515394,3.1037414965986394,NORMAL
ACC_00602,8,8,1.0,0.0004863032895888,0.0004987234042553,0.0,13438.38,14735.85,28,36,8,8,479.9421428571428,407.4256861150868,0.0,1,28,False,normal,0.032105344684125285,0.004312203460989393,0.020988088194870927,3.061224489795918,NORMAL
ACC_01267,6,6,1.0,0.0004306317768301,0.0029625531914893,0.0,10707.28,10313.44,24,22,6,6,446.1366666666667,333.4176560185851,0.0,1,24,False,normal,0.03153404975084445,0.005155821334039307,0.020982758384122394,3.018707482993197,NORMAL
ACC_00266,7,6,0.875,0.0006708532632732,0.0004306382978723,0.0,11331.31,15199.91,24,28,6,7,472.1379166666666,286.48201342703896,0.0,1,24,False,normal,0.03129914493978278,0.005405052855714999,0.020941508106155665,2.976190476190476,NORMAL
ACC_01283,7,8,1.125,0.0002727219004087,0.0003974468085106,0.0,15486.66,5788.25,26,16,8,7,595.6407692307693,361.555654990189,0.0,1,25,False,normal,0.03135209087031432,0.005266689580782645,0.020917930354501648,2.933673469387755,NORMAL
ACC_01960,7,6,0.875,0.0004448523751579,0.0001991489361702,0.0,12498.75,13453.36,24,28,6,7,520.78125,248.12969111215415,0.0,1,24,False,normal,0.031358960094686104,0.005183161874821419,0.02088864080674023,2.891156462585034,NORMAL
ACC_00206,8,7,0.8888888888888888,0.0003351966315598,0.0018453929134865,0.0,11898.94,8474.73,26,20,7,8,457.6515384615385,245.32180567886437,0.0,1,25,False,normal,0.029588545567563494,0.007677337360966767,0.020824062284924803,2.848639455782313,NORMAL
ACC_00513,7,9,1.25,0.0005535503492305,0.0014212765957446,0.0083333333333333,14138.17,10409.48,28,23,9,7,504.9346428571429,279.69049805073416,0.0,1,28,False,normal,0.029060082222238992,0.007709213653960669,0.02051973479492766,2.806122448979592,NORMAL
ACC_00174,10,8,0.8181818181818182,0.0006448092455625,0.0019182978723404,0.0130718954248366,11067.36,16384.51,23,35,8,10,481.1895652173913,314.9276141285668,0.0,1,23,False,normal,0.031103642769296943,0.004244634017959054,0.020360039268761787,2.7636054421768708,NORMAL
ACC_01282,7,8,1.125,0.0003875332457904,0.0018308958342216,0.0095238095238095,8894.4,11372.82,20,23,8,7,444.72,344.05480851625646,0.0,1,20,False,normal,0.03064575637970283,0.004448417915072621,0.020166820993850747,2.7210884353741496,NORMAL
ACC_00006,7,7,1.0,0.0004376979167536,0.0027829787234042,0.0,12009.99,10602.32,27,19,7,7,444.81444444444446,261.7339824697725,0.0,1,25,False,normal,0.030091060223063383,0.005130601140083216,0.020106876589871318,2.6785714285714284,NORMAL
ACC_00381,7,6,0.875,0.0003485017707534,0.0001863829787234,0.0,11884.8,14917.09,21,27,6,7,565.9428571428571,381.7955257090221,0.0,1,21,False,normal,0.0295110359726362,0.005715063773167948,0.019992647092848898,2.6360544217687076,NORMAL
ACC_00908,7,8,1.125,0.0004066085913934,0.0022965079094358,0.0,10981.76,13182.13,21,27,8,7,522.9409523809524,426.3597762207965,0.0,1,21,False,normal,0.027433308871509434,0.008814754161162373,0.01998588698737061,2.5935374149659864,NORMAL
ACC_01818,8,8,1.0,0.0003302267572089,0.0022468085106382,0.0083333333333333,10725.79,7558.44,23,15,8,8,466.338695652174,334.8778192158548,0.0,1,23,False,normal,0.02943497961028498,0.005805430571118917,0.019983159994618555,2.5510204081632653,NORMAL
ACC_01837,8,8,1.0,0.0004462364745626,0.001931914893617,0.0,14407.45,9482.88,24,26,8,8,600.3104166666667,438.74255995653095,0.0,1,24,False,normal,0.02986182161934648,0.005055903375675474,0.019939454321878075,2.508503401360544,NORMAL
ACC_01660,6,7,1.1428571428571428,0.0002469141319969,0.0001055319148936,0.0128205128205128,12436.03,6954.36,23,15,7,6,540.6969565217391,380.4446123399542,0.0,1,23,False,normal,0.02952032178025725,0.004637138101801371,0.019567048308874894,2.465986394557823,NORMAL
ACC_01658,6,8,1.2857142857142858,0.0003465746918487,0.000275744680851,0.0,11593.8,6547.27,26,12,8,6,445.9153846153846,289.2156065530457,0.0,1,26,False,normal,0.02761242163396313,0.0074483731839590644,0.019546802253961503,2.423469387755102,NORMAL
ACC_01088,6,6,1.0,0.0004218357742673,0.0011872340425531,0.0,10296.65,7880.8,20,19,6,6,514.8325,343.67272009213406,0.0,1,19,False,normal,0.028845971978844902,0.004637476927897313,0.019162573958465868,2.380952380952381,NORMAL
ACC_00149,7,9,1.25,0.0005246558365211,7.659574468085106e-05,0.0,11739.41,15277.13,22,27,9,7,533.6095454545455,382.6157529985412,0.0,1,22,False,normal,0.02550687397131239,0.007833108465387978,0.018437367768942624,2.33843537414966,NORMAL
ACC_01503,8,7,0.8888888888888888,0.0005704996726794,0.0028195744680851,0.0095238095238095,11082.44,12159.1,25,31,7,8,443.2976000000001,333.8719500457224,0.0,1,25,False,normal,0.028770363549942304,0.002542552781004027,0.018279239242366994,2.295918367346939,NORMAL
ACC_00197,7,8,1.125,0.0003509168317143,0.0021446808510638,0.0,9592.86,11864.59,22,28,8,7,436.0390909090909,263.2112910790781,0.0,1,22,False,normal,0.02680370646454123,0.0054492436056681305,0.018261921320991987,2.253401360544218,NORMAL
ACC_01711,7,8,1.125,0.0003605752901555,0.0023931914893617,0.019047619047619,12899.5,9982.03,26,18,8,7,496.13461538461536,404.6084882671718,0.0,1,26,False,normal,0.02824993415748623,0.0029543597253582957,0.018131704384635055,2.2108843537414966,NORMAL
ACC_01054,10,8,0.8181818181818182,0.0005376656695679,0.0013651063829787,0.0,14393.23,13024.76,28,33,8,10,514.0439285714285,355.6665472804057,0.0,1,28,False,normal,0.027413190805676092,0.0038232294938264845,0.01797720628093625,2.1683673469387754,NORMAL
ACC_01459,5,7,1.3333333333333333,0.0005075763962223,0.0004834042553191,0.0,11673.13,9849.76,23,16,7,5,507.5273913043479,335.70467608812186,0.0,1,23,False,normal,0.026344795202730184,0.004947533370607406,0.017785890469881074,2.1258503401360542,NORMAL
ACC_00342,8,9,1.1111111111111112,0.000435533869475,0.0010195744680851,0.0073529411764705,13620.28,11902.05,27,30,9,8,504.4548148148148,415.0170647128248,0.0,1,27,False,normal,0.026677602980866078,0.0035602271279273133,0.01743065263969057,2.083333333333333,NORMAL
ACC_01039,10,7,0.7272727272727273,0.0004083616976388,0.0012280851063829,0.0,12931.47,11466.46,24,24,7,10,538.81125,370.6501600338953,0.0,1,23,False,normal,0.022967738706073233,0.00842530398990137,0.017150764819604487,2.0408163265306123,NORMAL
ACC_00911,8,9,1.1111111111111112,0.0003616596880494,0.0028866243124546,0.0073529411764705,10876.33,12936.17,25,26,9,8,435.0532,279.17866536980694,0.0,1,24,False,normal,0.02545602982746997,0.004139479531735142,0.016929409709176037,1.9982993197278913,NORMAL
ACC_01558,5,8,1.5,0.0004594498835354,0.0003617021276595,0.0,13662.06,11707.66,27,18,8,5,506.0022222222222,334.109518483125,0.0,1,26,False,normal,0.025271024823867904,0.004300451651388112,0.016882795554875988,1.9557823129251701,NORMAL
ACC_00081,6,9,1.4285714285714286,0.0004409676264637,0.0005995744680851,0.0,13414.06,10248.1,28,18,9,6,479.0735714285714,355.0662138376372,0.0,1,27,False,normal,0.0253908340235087,0.004086130239129387,0.016868952509756972,1.913265306122449,NORMAL
ACC_00559,9,8,0.9,0.0003994957354516,0.0028817021276595,0.0083333333333333,9889.56,10462.77,23,25,8,9,429.98086956521735,317.09461166135264,0.0,1,22,False,normal,0.025831534696311494,0.0029335658300365147,0.0166723471498015,1.870748299319728,NORMAL
ACC_00406,6,9,1.4285714285714286,0.0002685067472511,0.0016178723404255,0.0,13630.97,5746.64,25,17,9,6,545.2388,326.93383874926946,0.0,1,25,False,normal,0.02523535756353763,0.003211211017571311,0.016425698945151102,1.8282312925170068,NORMAL
ACC_00882,6,7,1.1428571428571428,0.000382543961982,0.0015251063829787,0.0,9751.59,9378.22,19,20,7,6,513.2415789473685,346.6930290018528,0.0,1,19,False,normal,0.023771738080150095,0.005076503567468567,0.016293644275077485,1.7857142857142856,NORMAL
ACC_00207,8,6,0.7777777777777778,0.0003438567480567,0.001555744680851,0.0109890109890109,12470.22,8574.28,26,16,6,8,479.6238461538461,332.0291800318391,0.0,1,26,False,normal,0.021694573025487197,0.0074385140803784194,0.015992149447443687,1.7431972789115644,NORMAL
ACC_00858,8,7,0.8888888888888888,0.0005276941967458,0.000370954675308,0.0,12111.84,16728.32,24,36,7,8,504.66,324.7796435444647,0.0,1,24,False,normal,0.02363013408945022,0.0044457480248154034,0.015956379663596292,1.7006802721088436,NORMAL
ACC_00371,8,7,0.8888888888888888,0.0004107124591043,0.0020210634034025,0.0,11332.23,12522.43,25,28,7,8,453.2892,249.7283229318079,0.0,1,25,False,normal,0.022853581638201708,0.005180868100445085,0.01578449622309906,1.6581632653061225,NORMAL
ACC_01626,9,8,0.9,0.0005808611959743,0.0005948936170212,0.0073529411764705,12720.0,18454.68,25,37,8,9,508.8,301.9990242671876,0.0,1,25,False,normal,0.02215183137181727,0.006222442385695066,0.01578007577736839,1.6156462585034015,NORMAL
ACC_01448,9,7,0.8,0.0004146030701268,0.0022042553191489,0.0,13688.69,15076.13,28,29,7,9,488.88178571428574,340.1316895301275,0.0,1,28,False,normal,0.02323059677047216,0.0043292674622783,0.015670065047194617,1.5731292517006803,NORMAL
ACC_01195,9,6,0.7,0.0005590029383064,0.0007463829787234,0.0095238095238095,12749.84,14380.46,25,30,6,9,509.9936,402.3574462866735,0.0,1,25,False,normal,0.02389949833568459,0.0030704722373482277,0.015567887896350044,1.530612244897959,NORMAL
ACC_00331,8,6,0.7777777777777778,0.0004722430025323,0.0002417021276595,0.0,11019.84,13509.79,23,26,6,8,479.1234782608696,264.6324344789596,0.0,1,23,False,normal,0.023087584255396983,0.003394823619796519,0.015210480001156797,1.488095238095238,NORMAL
ACC_01303,7,9,1.25,0.0003391537520336,0.0016297872340425,0.0083333333333333,12907.09,11985.25,24,24,9,7,537.7954166666667,453.04122041059713,0.0,1,24,False,normal,0.01976552340022866,0.008367067004274142,0.015206140841846853,1.445578231292517,NORMAL
ACC_01482,8,8,1.0,0.0005665385153813,0.0003973905257323,0.0,13292.93,14925.99,27,25,8,8,492.3307407407408,426.2870261376439,0.0,1,27,False,normal,0.02312126885204926,0.002052589400204115,0.014693797071311203,1.403061224489796,NORMAL
ACC_01360,6,6,1.0,0.0002266493185945,0.0002080757259199,0.0,11988.02,10562.38,25,22,6,6,479.5208,300.76431058942705,0.0,1,23,False,normal,0.020549023193099297,0.005209800893277998,0.014413334273170778,1.3605442176870748,NORMAL
ACC_00444,8,9,1.1111111111111112,0.0004114013109121,0.0009821276595744,0.0,12645.28,12494.24,22,27,9,8,574.7854545454546,368.9659701656235,0.0,1,22,False,normal,0.0193264795939783,0.00663094323194514,0.014248265049165036,1.3180272108843538,NORMAL
ACC_00497,7,8,1.125,0.000288846305172,0.0006706382978723,0.0,11726.07,11824.46,21,25,8,7,558.3842857142857,327.25509385755066,0.0,1,20,False,normal,0.018571945522202666,0.0071318079226364225,0.013995890482376167,1.2755102040816326,NORMAL
ACC_01216,7,9,1.25,0.0004498478281503,0.0021685106382978,0.0,12426.25,13677.55,25,32,9,7,497.05,325.99923319183847,0.0,1,25,False,normal,0.019153479777533036,0.004572910033995834,0.013321251880118155,1.2329931972789114,NORMAL
ACC_00291,7,6,0.875,0.0004566493200393,0.0008034042553191,0.0,13558.43,13012.07,23,28,6,7,589.4969565217391,328.7865298119294,0.0,1,22,False,normal,0.019986710702674576,0.0020791427073677472,0.012823683504551844,1.1904761904761905,NORMAL
ACC_01848,7,9,1.25,0.0005077899763481,0.0014510638297872,0.0095238095238095,11348.83,13798.26,22,26,9,7,515.8559090909091,379.2718363071544,0.0,1,22,False,normal,0.017408685186037248,0.005891299841088561,0.012801731048057773,1.1479591836734695,NORMAL
ACC_01445,7,9,1.25,0.0004493621747784,0.0024696200912463,0.0083333333333333,12445.79,16716.420000000002,25,27,9,7,497.8316,370.17885792636326,0.0,1,25,False,normal,0.01859943902574063,0.0027461056909666185,0.012258105691831027,1.1054421768707483,NORMAL
ACC_00619,6,9,1.4285714285714286,0.0004866528078793,0.0016025531914893,0.0,12230.25,12458.4,24,21,9,6,509.59375,406.5510383683328,0.0,1,24,False,normal,0.015541052416480048,0.0058476815173065895,0.011663704056810664,1.0629251700680271,NORMAL
ACC_01928,7,8,1.125,0.0003432741134304,0.0001897872340425,0.0095238095238095,12439.34,12613.33,27,23,8,7,460.7162962962963,289.1771773650748,0.0,1,27,False,normal,0.015189983115814012,0.006170290183770407,0.011582105942996569,1.0204081632653061,NORMAL
ACC_00324,7,7,1.0,0.0004300089214425,0.001463829787234,0.0109890109890109,12417.41,8975.23,23,19,7,7,539.8873913043478,408.7209252847383,0.0,1,23,False,normal,0.0165271133904623,0.003631201911131572,0.011368748798730009,0.9778911564625851,NORMAL
ACC_01294,6,8,1.2857142857142858,0.0003312635913908,0.0002868085106382,0.0,11636.07,11891.74,26,18,8,6,447.54115384615386,295.52711315650106,0.0,1,26,False,normal,0.015183829791396868,0.004716411591244733,0.010996862511336013,0.935374149659864,NORMAL
ACC_01859,7,6,0.875,0.0003619051203961,0.0003642553191489,0.0,14259.25,10026.64,28,20,6,7,509.25892857142856,297.45504215967986,0.0,1,26,False,normal,0.014471301582446916,0.005266769186010103,0.01078948862387219,0.8928571428571428,NORMAL
ACC_00883,8,8,1.0,0.0003342933056103,0.0030536170212765,0.0083333333333333,12694.74,11567.8,23,18,8,8,551.9452173913044,315.7078936852512,0.0,1,22,False,normal,0.015843095783382957,0.003194947039895893,0.01078383628598813,0.8503401360544218,NORMAL
ACC_01385,7,9,1.25,0.0003172885253071,0.0011395744680851,0.0083333333333333,14087.48,13004.14,27,26,9,7,521.7585185185185,327.57757933402,0.0,1,27,False,normal,0.013592834998293333,0.005446101456783328,0.01033414158168933,0.8078231292517007,NORMAL
ACC_01773,7,8,1.125,0.0003369923969851,0.0008723404255319,0.0,13502.4,9965.03,29,17,8,7,465.6,338.6803021919892,0.0,1,28,False,normal,0.013577570564565681,0.0047175507923267685,0.010033562655670115,0.7653061224489796,NORMAL
ACC_00886,6,8,1.2857142857142858,0.0003721858801092,0.0013906382978723,0.0,10100.27,9042.59,24,19,8,6,420.8445833333333,321.7076845722873,0.0,1,24,False,normal,0.015637864669277055,0.001546380817090282,0.010001271128402347,0.7227891156462585,NORMAL
ACC_00784,7,7,1.0,0.0003736033467965,0.0001565957446808,0.0,13312.41,9802.33,28,21,7,7,475.4432142857143,342.77236156412715,0.0,1,28,False,normal,0.015160370611925444,0.002253753198491655,0.009997723646551927,0.6802721088435374,NORMAL
ACC_00293,7,7,1.0,0.0003832909286697,0.0017463829787234,0.0109890109890109,14153.26,9124.75,27,24,7,7,524.1948148148148,312.8388341446804,0.0,1,26,False,normal,0.015334625714218827,0.001859696661999632,0.009944654093331149,0.6377551020408163,NORMAL
ACC_00970,8,6,0.7777777777777778,0.0003977181343275,0.0021931914893617,0.0,12607.85,14884.03,24,25,6,8,525.3270833333333,296.79893481701464,0.0,1,24,False,normal,0.01411992963976643,0.003542969277007762,0.009889145494662962,0.5952380952380952,NORMAL
ACC_00319,8,7,0.8888888888888888,0.0006202465623596,0.0013644309896388,0.0095238095238095,13935.42,13831.04,26,30,7,8,535.9776923076923,324.2511568560112,0.0,1,26,False,normal,0.014490138917052506,0.0023114715534774824,0.009618671971622497,0.5527210884353742,NORMAL
ACC_00530,6,8,1.2857142857142858,0.0003103001319866,0.0008731914893617,0.0,11605.99,7613.6,26,16,8,6,446.3842307692308,375.2593363440604,0.0,1,26,False,normal,0.014192381248771698,0.0025700131621898426,0.009543434014138956,0.5102040816326531,NORMAL
ACC_00312,6,8,1.2857142857142858,0.0004055197938677,0.0008902127659574,0.0,12846.86,11254.96,26,20,8,6,494.11,269.1040384089395,0.0,1,26,False,normal,0.010232031353497052,0.004615110903823396,0.007985263173627589,0.467687074829932,NORMAL
ACC_00087,7,9,1.25,0.0003184371971675,0.000835744680851,0.0083333333333333,12866.12,10458.84,26,18,9,7,494.8507692307693,336.7687771979235,0.0,1,26,False,normal,0.008508589905915465,0.005789260308733827,0.0074208580670428095,0.4251700680272109,NORMAL
ACC_00489,9,8,0.9,0.0003434309116686,0.0007872340425531,0.0,12492.14,14046.18,24,25,8,9,520.5058333333333,357.79874946820945,0.0,1,23,False,normal,0.007408540176828215,0.006884920022799776,0.007199092115216839,0.3826530612244898,NORMAL
ACC_00105,7,6,0.875,0.000410853724955,0.0008646808510638,0.0,12909.86,13083.8,27,25,6,7,478.142962962963,369.7192352501559,0.0,1,26,False,normal,0.00908246273157115,0.0024596896800659135,0.006433353510969055,0.3401360544217687,NORMAL
ACC_01375,8,8,1.0,0.0004019085240971,0.0011174468085106,0.0,11046.03,11571.29,22,21,8,8,502.0922727272727,307.29083208755986,0.0,1,21,False,normal,0.007488479397825253,0.004421818571230809,0.006261815067187475,0.2976190476190476,NORMAL
ACC_01980,6,7,1.1428571428571428,0.0003743038411307,0.0004314893617021,0.0,13288.49,13766.44,26,30,7,6,511.0957692307693,324.52891490495057,0.0,1,26,False,normal,0.007494665285291884,0.004233755775241708,0.006190301481271814,0.25510204081632654,NORMAL
ACC_01242,8,7,0.8888888888888888,0.0004207018112203,0.000931914893617,0.0095238095238095,13618.75,12360.92,24,20,7,8,567.4479166666666,345.15578529347874,0.0,1,23,False,normal,0.00805244103618025,0.002092359537891651,0.005668408436864811,0.21258503401360546,NORMAL
ACC_01429,8,8,1.0,0.0004420470408852,0.0020646808510638,0.0,11325.73,11702.52,24,23,8,8,471.90541666666667,361.66990924321135,0.0,1,24,False,normal,0.0037302545946705204,0.0009065990684193566,0.0026007923841700545,0.17006802721088435,NORMAL
ACC_00934,8,8,1.0,0.0004535460090198,0.0010872809448684,0.0,14044.01,14955.38,26,27,8,8,540.1542307692308,346.852718555563,0.0,1,26,False,normal,0.0038894729525659924,0.0006565489653717313,0.0025963033576882877,0.12755102040816327,NORMAL
ACC_00007,7,8,1.125,0.0004213175660763,0.0017574468085106,0.0095238095238095,13224.33,10622.42,26,20,8,7,508.62807692307695,370.80393894368746,0.0,1,26,False,normal,0.002109765003345883,0.0008475974820931664,0.0016048979948447965,0.08503401360544217,NORMAL
ACC_00153,7,8,1.125,0.0003317871016531,0.0016501087280944,0.0095238095238095,12919.08,11027.7,24,24,8,7,538.295,331.2948964160244,0.0,1,24,False,normal,0.0,0.0016596949367345072,0.0006638779746938029,0.04251700680272109,NORMAL
