account_id,in_degree,out_degree,degree_ratio,pagerank,betweenness,clustering_coeff,total_sent,total_received,n_txn_sent,n_txn_received,unique_receivers,unique_senders,avg_sent_amount,std_sent_amount,round_amount_ratio,max_hourly_velocity,device_diversity,is_smurf_related,role
ACC_01576,7,6,0.875,0.0005930649103782368,0.0006638297872340426,0.0,13556.8,16651.99,28,36,6,7,484.1714285714285,351.4351933694523,0.0,2,28,False,normal
ACC_01226,9,8,0.9,0.0006863529167571874,0.0029761702127659574,0.014705882352941176,17435.01,14260.95,33,30,8,9,528.3336363636363,382.91858027211697,0.0,1,33,False,normal
ACC_01041,7,11,1.5,0.00074931097470274,0.0006301965633394448,0.013071895424836602,16976.96,24047.04,31,45,11,7,547.6438709677419,369.3683391925322,0.0,1,31,False,normal
ACC_00937,13,12,0.9285714285714286,0.0006036303302463734,0.006890376497676204,0.013333333333333334,15462.16,17142.8,33,40,12,13,468.55030303030304,310.3955391259357,0.030303030303030304,1,33,False,normal
ACC_00234,15,8,0.5625,0.000953406787908614,0.0016476595744680852,0.003952569169960474,16658.65,32387.53,27,51,8,15,616.9870370370371,341.05433609295494,0.0,2,27,False,normal
ACC_00341,7,9,1.25,0.0009622430652062678,0.00024,0.008333333333333333,11536.36,20289.239999999998,24,36,9,7,480.6816666666667,375.8849738679509,0.0,1,24,False,normal
ACC_00419,3,9,2.5,9.874184126073502e-05,0.00040255319148936174,0.0,16969.15,1239.94,27,3,9,3,628.4870370370371,448.2652901404807,0.0,1,27,False,normal
ACC_01006,12,6,0.5384615384615384,0.00038185463869655977,0.000476698077005074,0.013071895424836602,8887.32,15322.369999999999,23,34,6,12,386.40521739130435,209.89406312513432,0.0,1,22,False,normal
ACC_01538,4,8,1.8,0.0002630655998078101,0.00019357864665501217,0.015151515151515152,16576.86,7411.9,33,16,8,4,502.32909090909095,333.72440451819335,0.0,1,33,False,normal
ACC_01947,6,5,0.8571428571428571,0.0002833840830991206,1.7021276595744682e-06,0.0,14539.5,9896.84,27,15,5,6,538.5,402.3964300002214,0.037037037037037035,2,27,False,normal
ACC_01288,3,9,2.5,0.00034911292778774973,0.0008434042553191489,0.0,11675.24,8863.34,24,15,9,3,486.4683333333333,389.16799831196926,0.041666666666666664,1,24,False,normal
ACC_01420,18,6,0.3684210526315789,0.0006358330715982987,0.0039880851063829785,0.0036231884057971015,9871.66,27015.16,22,57,6,18,448.71181818181816,252.90540576113327,0.0,1,22,False,normal
ACC_01128,5,6,1.1666666666666667,0.0006135924148004426,0.00047659574468085107,0.0,11144.46,5866.43,20,11,6,5,557.223,346.0868726520918,0.0,1,20,False,normal
ACC_00936,6,6,1.0,0.00038138909168238525,0.002126806805099561,0.0,11783.45,8859.84,30,22,6,6,392.7816666666667,243.54501736503116,0.0,1,29,False,normal
ACC_00648,12,9,0.7692307692307693,0.0010571739888016324,0.004534468085106384,0.010526315789473684,9711.43,31742.02,22,54,9,12,441.4286363636364,283.3527338393657,0.045454545454545456,1,22,False,normal
ACC_01449,16,10,0.6470588235294118,0.0008638791912664662,0.008442553191489363,0.006153846153846154,14235.42,23232.510000000002,25,49,10,16,569.4168,358.04640865070365,0.0,1,25,False,normal
ACC_00822,10,6,0.6363636363636364,0.0006562583340256712,0.0027940425531914896,0.041666666666666664,14521.76,15743.38,30,30,6,10,484.0586666666667,285.65629675192355,0.06666666666666667,1,30,False,normal
ACC_01286,6,6,1.0,0.00032685428254306773,0.0006102127659574468,0.015151515151515152,13794.65,12313.74,28,26,6,6,492.6660714285714,386.5637844769992,0.0,2,28,False,normal
ACC_01523,9,5,0.6,0.0005027808241939937,2.6382978723404258e-05,0.0,12115.26,16965.579999999998,22,27,5,9,550.6936363636364,268.54729159729476,0.0,1,22,False,normal
ACC_00433,11,7,0.6666666666666666,0.0008629011633589565,0.0006898904191361447,0.013071895424836602,10565.29,18051.95,23,39,7,11,459.3604347826087,297.4651089009243,0.0,1,23,False,normal
ACC_00455,7,8,1.125,0.0007782653569999742,0.0016485106382978724,0.009523809523809525,11181.76,9458.3,26,21,8,7,430.0676923076923,313.3521067337214,0.0,1,25,False,normal
ACC_01245,5,6,1.1666666666666667,0.0006235756992300834,0.0011914893617021277,0.01818181818181818,10700.970000000001,17495.78,26,28,6,5,411.57576923076925,259.8370129473178,0.038461538461538464,1,25,False,normal
ACC_00661,3,13,3.5,0.0003390893578570169,2.6382978723404258e-05,0.008333333333333333,14672.11,9244.11,32,21,13,3,458.5034375,390.273562927417,0.0,1,32,False,normal
ACC_00388,12,7,0.6153846153846154,0.0006571036954933048,0.0012476595744680852,0.011695906432748537,13793.76,26658.47,27,49,7,12,510.88,342.11250038996957,0.0,1,27,False,normal
ACC_01959,10,11,1.0909090909090908,0.0005291980640882148,0.001988936170212766,0.004761904761904762,20206.63,11410.970000000001,37,26,11,10,546.1251351351351,373.8813323296104,0.0,1,36,False,normal
ACC_00878,7,8,1.125,0.0005499331201786123,8.425531914893617e-05,0.0,15577.47,12479.01,30,22,8,7,519.249,285.7713605779133,0.0,2,29,False,normal
ACC_01605,11,5,0.5,0.0008789135680096648,0.0008041615145183985,0.016666666666666666,13206.37,27409.45,27,56,5,11,489.12481481481484,348.25723520420905,0.0,1,25,False,normal
ACC_00245,6,9,1.4285714285714286,0.0006549300550049819,0.003021276595744681,0.009523809523809525,15824.09,12717.78,27,28,9,6,586.0774074074075,402.8560455680319,0.0,1,27,False,normal
ACC_01698,4,4,1.0,0.0003009563736783809,1.7021276595744682e-06,0.0,13564.45,10461.37,31,17,4,4,437.56290322580645,380.16910069242914,0.06451612903225806,1,31,False,normal
ACC_00808,9,9,1.0,0.0006681649637968543,0.004050654500490343,0.0,11726.55,17155.73,20,37,9,9,586.3275,398.39478505193676,0.0,1,20,False,normal
ACC_00622,9,7,0.8,0.0002608241335975927,0.01050808510638298,0.03333333333333333,14590.22,5670.02,26,14,7,9,561.1623076923076,444.041298586586,0.0,1,26,False,normal
ACC_01703,4,10,2.2,0.000307251021108924,0.0030672340425531917,0.02197802197802198,11882.38,11081.95,23,17,10,4,516.6252173913043,253.08205731576047,0.043478260869565216,1,22,False,normal
ACC_01995,10,8,0.8181818181818182,0.0011090297653839768,0.0014462968490171833,0.006535947712418301,10251.8,29831.08,23,59,8,10,445.73043478260865,276.388184303399,0.0,1,21,False,normal
ACC_01952,4,12,2.6,0.000497414140340038,0.007069787234042554,0.025,14040.789999999999,5000.28,29,13,12,4,484.1651724137931,268.71619877298974,0.0,1,28,False,normal
ACC_00552,6,10,1.5714285714285714,0.00021108451086557014,0.0015591489361702127,0.008333333333333333,14442.55,6843.08,30,15,10,6,481.4183333333333,311.53303391657255,0.03333333333333333,1,30,False,normal
ACC_01225,7,6,0.875,0.00034925996104385884,7.148936170212766e-05,0.01282051282051282,11980.12,12203.39,22,24,6,7,544.5509090909092,220.9826832454803,0.0,1,21,False,normal
ACC_00571,7,7,1.0,0.00040678685169346675,0.004021276595744681,0.0,8706.22,9141.03,16,18,7,7,544.13875,331.85665967653364,0.0,1,16,False,normal
ACC_00280,14,5,0.4,0.0003293450307639231,0.00508,0.005847953216374269,12896.07,9587.779999999999,24,20,5,14,537.33625,390.0859615165388,0.0,1,24,False,normal
ACC_00296,10,11,1.0909090909090908,0.0008586829009006114,0.001981836012450433,0.0,11811.82,17814.13,26,33,11,10,454.3007692307692,280.7008390571439,0.0,1,26,False,normal
ACC_00101,5,11,2.0,0.00038102699234362407,0.0023880851063829787,0.0,9853.51,7499.96,28,20,11,5,351.91107142857146,196.59249362745607,0.0,1,28,False,normal
ACC_01488,10,11,1.0909090909090908,0.0004315209372941295,0.004146382978723404,0.009523809523809525,11381.22,9931.45,21,20,11,10,541.9628571428572,376.58787543072674,0.0,1,20,False,normal
ACC_00147,7,9,1.25,0.0002476794026682351,0.0027421276595744684,0.008333333333333333,15261.81,4785.09,23,12,9,7,663.5569565217392,402.9344124322647,0.0,1,23,False,normal
ACC_00643,2,6,2.3333333333333335,0.00012786312049189205,0.001465531914893617,0.0,8422.67,1887.9,24,2,6,2,350.94458333333336,241.64200248515615,0.041666666666666664,1,22,False,normal
ACC_01170,14,5,0.4,0.0007069367425415065,0.003305531914893617,0.005847953216374269,11225.53,25674.96,26,58,5,14,431.7511538461539,336.33067494151555,0.038461538461538464,1,26,False,normal
ACC_01308,11,7,0.6666666666666666,0.0011610158801024784,0.00068,0.006535947712418301,8714.95,33715.48,21,60,7,11,414.9976190476191,307.41534650867317,0.0,1,20,False,normal
ACC_00702,11,5,0.5,0.0008957751608803378,0.0016187234042553192,0.016666666666666666,15157.36,17870.95,23,39,5,11,659.015652173913,479.73925015978574,0.0,1,23,False,normal
ACC_01882,7,5,0.75,0.0004901394435691509,0.00011404255319148936,0.015151515151515152,9952.4,13084.61,22,26,5,7,452.3818181818182,376.5528460178676,0.045454545454545456,1,22,False,normal
ACC_01238,9,10,1.1,0.0002760076405372533,0.001578476101138447,0.011695906432748537,12295.36,8361.01,25,16,10,9,491.81440000000003,323.86704087840326,0.0,1,25,False,normal
ACC_01324,7,11,1.5,0.0003596808521494124,0.0007316761181938345,0.013071895424836602,12414.5,9008.54,27,19,11,7,459.7962962962963,310.5111358606118,0.0,1,27,False,normal
ACC_00235,5,7,1.3333333333333333,0.0002153936106029588,7.829787234042553e-05,0.0,13740.62,3878.56,25,7,7,5,549.6248,349.7624378550866,0.0,2,25,False,normal
ACC_01089,6,9,1.4285714285714286,0.00022151089614397179,0.0041188760499722855,0.0,13009.01,7225.17,28,14,9,6,464.6075,346.18868314542425,0.0,1,28,False,normal
ACC_01257,9,6,0.7,0.0011252364926031375,0.001581276595744681,0.0,11270.96,21403.58,21,38,6,9,536.712380952381,409.0734324532059,0.0,1,19,False,normal
ACC_01114,7,9,1.25,0.0002945138890027943,0.002006808510638298,0.0,10285.92,5895.47,23,16,9,7,447.21391304347827,339.583082091972,0.0,1,23,False,normal
ACC_01965,9,6,0.7,0.0004907340805317728,0.0018119148936170213,0.009523809523809525,11704.95,13465.25,25,28,6,9,468.19800000000004,412.8711404905893,0.0,2,23,False,normal
ACC_01496,6,6,1.0,0.0003706093706882375,0.004565957446808511,0.0,10090.35,10059.03,20,22,6,6,504.51750000000004,291.19462729780105,0.0,1,19,False,normal
ACC_01300,6,3,0.5714285714285714,0.0002830763529233463,0.0003123404255319149,0.0,7715.68,5484.55,18,10,3,6,428.6488888888889,296.906000234356,0.0,2,18,False,normal
ACC_01826,5,7,1.3333333333333333,0.0006835613550360741,4.519677653178698e-05,0.015151515151515152,11875.449999999999,11814.59,19,28,7,5,625.0236842105263,648.143411918574,0.05263157894736842,1,19,False,normal
ACC_00970,8,6,0.7777777777777778,0.00039771813432755795,0.0021931914893617024,0.0,12607.85,14884.03,24,25,6,8,525.3270833333333,296.79893481701464,0.0,1,24,False,normal
ACC_01483,7,9,1.25,0.00040493928649821176,0.00384,0.0,11802.13,7829.7,26,16,9,7,453.9280769230769,251.54368325234054,0.038461538461538464,1,25,False,normal
ACC_01749,10,7,0.7272727272727273,0.0006609773147794863,0.0007174468085106384,0.007352941176470588,13050.8,18194.34,23,34,7,10,567.4260869565217,405.96715755810874,0.0,1,23,False,normal
ACC_01877,4,8,1.8,0.0003188028374921326,9.551016927471966e-05,0.0,15276.710000000001,8030.82,30,12,8,4,509.2236666666667,363.3770755724819,0.0,2,29,False,normal
ACC_00916,7,11,1.5,0.0002971508939092729,0.005258723404255319,0.006535947712418301,11339.65,5402.1,29,16,11,7,391.02241379310345,223.70789992844257,0.0,1,29,False,normal
ACC_01665,7,4,0.625,0.0001642485937911723,0.004548085106382979,0.03636363636363636,9147.39,5707.66,23,14,4,7,397.71260869565214,273.91167252862886,0.043478260869565216,1,23,False,normal
ACC_01178,8,9,1.1111111111111112,0.0004523710910694901,0.0021395744680851067,0.014705882352941176,13171.35,13617.47,27,26,9,8,487.8277777777778,488.05151268419746,0.0,1,26,False,normal
ACC_00222,8,6,0.7777777777777778,0.0006740057244987937,0.00029872340425531914,0.03296703296703297,13167.42,16287.61,24,33,6,8,548.6425,341.3181112055973,0.0,1,23,False,normal
ACC_01045,12,8,0.6923076923076923,0.0004464201436340075,0.0039591489361702125,0.015789473684210527,11942.970000000001,11942.85,19,27,8,12,628.5773684210527,376.8142927939454,0.0,1,19,False,normal
ACC_00412,7,10,1.375,0.0005767223008440371,0.006153191489361703,0.014705882352941176,15892.66,15836.32,29,31,10,7,548.0227586206896,388.10652959406235,0.0,1,29,False,normal
ACC_01992,8,6,0.7777777777777778,0.0006351087785758006,0.00448936170212766,0.0,15076.54,13861.119999999999,33,21,6,8,456.8648484848485,319.0957811939192,0.0,1,32,False,normal
ACC_00761,11,9,0.8333333333333334,0.0003075641745363848,0.004483404255319149,0.015789473684210527,14740.9,11380.48,26,27,9,11,566.9576923076922,384.8015895945098,0.038461538461538464,1,26,False,normal
ACC_00565,5,9,1.6666666666666667,0.00039209681595512246,0.0012680851063829788,0.01098901098901099,9829.47,12143.78,24,26,9,5,409.56125,301.87685392085325,0.0,2,24,False,normal
ACC_00637,3,8,2.25,0.00018224009182668722,0.0014587234042553192,0.0,9496.03,3047.12,26,6,8,3,365.2319230769231,235.60679452034879,0.0,1,26,False,normal
ACC_01957,14,5,0.4,0.0010186484760068245,0.003832340425531915,0.005847953216374269,18665.77,18707.31,30,37,5,14,622.1923333333333,448.4213638108181,0.0,1,30,False,normal
ACC_00580,10,6,0.6363636363636364,0.0006425879308885734,5.531914893617022e-05,0.008333333333333333,15816.13,14996.67,28,36,6,10,564.8617857142857,264.72298783688154,0.0,1,28,False,normal
ACC_00751,9,7,0.8,0.0006264671578498477,0.0010548757088645376,0.025,9228.2,14968.39,21,29,7,9,439.4380952380953,288.2824866449408,0.0,2,20,False,normal
ACC_01106,3,8,2.25,0.000403463388075879,0.0010153191489361702,0.01818181818181818,11204.8,11786.24,19,19,8,3,589.7263157894737,535.2545505874392,0.05263157894736842,1,19,False,normal
ACC_00474,7,10,1.375,0.0006172754393873073,0.005972765957446809,0.0,9971.19,14817.8,18,25,10,7,553.955,342.88906290776424,0.05555555555555555,1,18,False,normal
ACC_01777,8,11,1.3333333333333333,0.0007953009322105579,0.0029200000000000003,0.0,12740.460000000001,17833.81,25,28,11,8,509.61840000000007,369.2742129353199,0.0,1,24,False,normal
ACC_01004,7,8,1.125,0.0007627129861853385,5.106382978723404e-06,0.02857142857142857,17422.84,18354.04,37,36,8,7,470.88756756756754,324.470987843678,0.0,2,36,False,normal
ACC_01369,7,9,1.25,0.00043457959863626365,0.005409968873918049,0.0,10576.46,14055.89,24,29,9,7,440.6858333333333,353.3414793445037,0.0,1,24,False,normal
ACC_00966,6,5,0.8571428571428571,0.00028548054081736584,0.00011427109538225387,0.01818181818181818,17808.02,6247.7300000000005,31,12,5,6,574.4522580645162,415.5473503281318,0.03225806451612903,2,31,False,normal
ACC_00144,5,10,1.8333333333333333,0.0005574723282724291,0.001312340425531915,0.0,9878.92,6829.93,24,13,10,5,411.62166666666667,306.5801991630258,0.0,1,24,False,normal
ACC_01585,7,7,1.0,0.0009663556805876712,0.0007743145866200487,0.01098901098901099,9088.94,15369.1,20,31,7,7,454.447,288.3493190212177,0.0,1,19,False,normal
ACC_00258,12,7,0.6153846153846154,0.0013803360534336293,0.00039319148936170213,0.0,14691.12,30460.44,26,51,7,12,565.0430769230769,497.71072562900815,0.0,2,26,False,normal
ACC_00490,8,7,0.8888888888888888,0.0011038840561849793,0.0004468085106382979,0.009523809523809525,5679.4,18172.48,16,33,7,8,354.9625,271.08763376443426,0.0,1,16,False,normal
ACC_01659,3,8,2.25,0.00017112899148108456,0.0012629787234042554,0.01818181818181818,14277.8,3266.03,32,8,8,3,446.18125,326.90994073785185,0.0,2,32,False,normal
ACC_01950,12,9,0.7692307692307693,0.0007352712900656185,0.0027800281413891616,0.004761904761904762,11861.32,24565.92,23,54,9,12,515.7095652173913,347.38656545539186,0.0,1,23,False,normal
ACC_01891,7,9,1.25,0.000636585583835642,0.005130260521042085,0.0,7026.68,21140.38,19,32,9,7,369.82526315789477,337.61107739804885,0.0,1,19,False,normal
ACC_01543,4,6,1.4,0.0001433940067336361,0.00036340425531914897,0.0,9737.54,2068.2400000000002,18,4,6,4,540.9744444444445,336.18967190669616,0.0,1,18,False,normal
ACC_01242,8,7,0.8888888888888888,0.00042070181122037744,0.0009319148936170214,0.009523809523809525,13618.75,12360.92,24,20,7,8,567.4479166666666,345.15578529347874,0.0,1,23,False,normal
ACC_01722,5,10,1.8333333333333333,0.00017546805477919723,0.0035948936170212766,0.01904761904761905,10418.48,3402.93,23,8,10,5,452.9773913043478,333.2154770799409,0.0,1,23,False,normal
ACC_00454,9,6,0.7,0.0006685555590901692,1.279154052786424e-05,0.009523809523809525,11539.84,15425.19,21,29,6,9,549.5161904761904,347.1603251881786,0.047619047619047616,2,21,False,normal
ACC_00907,3,7,2.0,0.00023581083803666102,3.1489361702127664e-05,0.0,15867.3,4235.63,23,8,7,3,689.8826086956522,343.8264219078811,0.043478260869565216,1,23,False,normal
ACC_01104,6,9,1.4285714285714286,0.0005811188620530334,0.0006451063829787234,0.009523809523809525,11469.93,17573.78,22,33,9,6,521.3604545454546,345.77120780568555,0.0,1,21,False,normal
ACC_00832,3,8,2.25,0.0001493690751705344,0.0009208510638297873,0.0,14381.58,2730.81,30,7,8,3,479.386,292.7302887100613,0.0,1,30,False,normal
ACC_01638,11,7,0.6666666666666666,0.0007655495392000008,0.002683404255319149,0.0,12144.0,18115.62,24,35,7,11,506.0,286.8404258544249,0.0,1,24,False,normal
ACC_00831,7,6,0.875,0.00034299649226133676,0.0013914893617021278,0.01282051282051282,17787.98,7951.97,34,23,6,7,523.1758823529411,282.49836638967355,0.0,1,34,False,normal
ACC_00043,10,4,0.45454545454545453,0.0006006559110845368,0.00017531914893617023,0.0,18252.59,17153.7,28,32,4,10,651.8782142857143,478.569133626121,0.0,1,27,False,normal
ACC_01865,12,6,0.5384615384615384,0.0009858954475060297,0.0007268085106382979,0.013071895424836602,15528.06,30296.56,24,56,6,12,647.0024999999999,455.96625835547934,0.0,1,24,False,normal
ACC_01326,11,7,0.6666666666666666,0.0008676831460375908,0.004041702127659575,0.006535947712418301,14257.869999999999,20895.26,23,38,7,11,619.9073913043478,411.83148882011733,0.043478260869565216,1,22,False,normal
ACC_00927,4,7,1.6,0.0003125930299326146,0.00025106382978723403,0.01818181818181818,12309.16,10016.8,26,18,7,4,473.42923076923074,317.7113690622113,0.0,1,26,False,normal
ACC_01029,7,6,0.875,0.00034797181723450607,0.0004748936170212766,0.0,9412.91,9243.36,20,19,6,7,470.64549999999997,255.96215029560008,0.0,1,20,False,normal
ACC_00867,12,7,0.6153846153846154,0.0008207284850056562,0.0005242553191489362,0.005847953216374269,15243.81,22432.87,26,31,7,12,586.3003846153846,402.6592379119671,0.0,2,25,False,normal
ACC_01207,5,14,2.5,0.0004161482980669399,0.0010727838656035475,0.0,14036.62,15306.22,31,26,14,5,452.7941935483871,278.48428261781896,0.0,1,31,False,normal
ACC_01909,10,8,0.8181818181818182,0.0009127888664825421,0.003028936170212766,0.013071895424836602,14058.48,20995.12,28,39,8,10,502.0885714285714,351.6058762593506,0.0,1,28,False,normal
ACC_00110,10,5,0.5454545454545454,0.0008137626782863163,8.86880143265254e-05,0.0,8479.25,25468.93,13,50,5,10,652.25,369.8835374141434,0.0,1,13,False,normal
ACC_00427,7,10,1.375,0.00015125388594636543,0.002155744680851064,0.007352941176470588,18047.52,4677.65,28,13,10,7,644.5542857142857,407.2315122368726,0.03571428571428571,1,27,False,normal
ACC_01636,13,7,0.5714285714285714,0.000995704130956442,0.0018161702127659576,0.010526315789473684,9242.86,19333.02,20,36,7,13,462.14300000000003,306.3510786336487,0.05,1,19,False,normal
ACC_01900,9,9,1.0,0.00041978626918966915,0.009836595744680852,0.006535947712418301,16050.4,10301.16,34,23,9,9,472.0705882352941,305.6999671091781,0.0,1,33,False,normal
ACC_00175,8,7,0.8888888888888888,0.0003584758050383577,0.0006156994840745321,0.0,13841.5,15431.13,25,30,7,8,553.66,353.5398013779118,0.04,2,25,False,normal
ACC_00241,6,6,1.0,0.00015306553783991125,0.003315744680851064,0.015151515151515152,6660.59,2873.76,17,8,6,6,391.7994117647059,215.9937433257787,0.0,1,17,False,normal
ACC_00071,6,10,1.5714285714285714,0.000398725357105264,0.0019727659574468085,0.016666666666666666,15504.81,9424.3,28,21,10,6,553.7432142857143,344.0721534262251,0.0,1,28,False,normal
ACC_00231,10,11,1.0909090909090908,0.0006543827655380327,0.004528510638297872,0.01904761904761905,12475.4,14258.09,28,30,11,10,445.55,247.4132298327967,0.0,1,28,False,normal
ACC_00218,12,12,1.0,0.000708998731674558,0.0015046808510638299,0.010869565217391304,15063.46,22239.1,27,44,12,12,557.9059259259259,356.65255446959384,0.0,1,27,False,normal
ACC_01695,2,10,3.6666666666666665,0.0002522329093027695,0.0006076595744680852,0.0,15553.2,3747.64,33,7,10,2,471.3090909090909,410.80629860954264,0.0,1,32,False,normal
ACC_00888,12,8,0.6923076923076923,0.0005905157659250391,0.0007327659574468085,0.0,10676.53,19677.62,20,38,8,12,533.8265,298.36133662451715,0.0,1,20,False,normal
ACC_00364,7,11,1.5,0.0004525541922652635,0.0015361702127659575,0.013071895424836602,14018.25,9213.66,30,22,11,7,467.275,343.38026094283936,0.03333333333333333,1,30,False,normal
ACC_01678,9,7,0.8,0.0003564200255452319,0.0019140425531914895,0.025,12501.789999999999,10612.05,27,26,7,9,463.0292592592592,278.5764688958978,0.0,1,27,False,normal
ACC_01617,13,5,0.42857142857142855,0.0007321633158453659,0.0011863829787234043,0.006535947712418301,16597.03,19861.9,30,32,5,13,553.2343333333333,502.2221953902911,0.0,1,30,False,normal
ACC_01765,9,7,0.8,0.0007634736415827024,0.0003038297872340426,0.0,15588.41,19134.46,27,37,7,9,577.3485185185185,425.347346002731,0.037037037037037035,1,26,False,normal
ACC_00717,4,6,1.4,0.0001681278963650513,0.00033446808510638297,0.0,11019.09,5461.35,20,11,6,4,550.9545,345.779829561118,0.0,1,19,False,normal
ACC_01738,8,5,0.6666666666666666,0.00031157421313507514,0.0023182978723404256,0.01282051282051282,11060.41,6683.14,22,12,5,8,502.7459090909091,327.1646962654552,0.0,1,22,False,normal
ACC_01819,7,9,1.25,0.0002703194723424247,0.005097872340425532,0.008333333333333333,17308.3,5359.88,25,10,9,7,692.332,373.6589990218354,0.0,1,24,False,normal
ACC_00283,12,3,0.3076923076923077,0.001003815757535076,5.969385579669979e-06,0.009523809523809525,9391.210000000001,28915.88,21,61,3,12,447.20047619047625,350.58584431599894,0.0,1,21,False,normal
ACC_00266,7,6,0.875,0.0006708532632732471,0.00043063829787234046,0.0,11331.31,15199.91,24,28,6,7,472.1379166666666,286.48201342703896,0.0,1,24,False,normal
ACC_00476,12,9,0.7692307692307693,0.0010937612415669287,0.0013693617021276595,0.004761904761904762,18884.55,26243.96,31,48,9,12,609.1790322580645,448.85292606342557,0.0,2,31,False,normal
ACC_01160,6,5,0.8571428571428571,0.0003066901594981972,0.0028621276595744683,0.0,14503.47,7729.63,25,16,5,6,580.1388,464.0880196356433,0.0,1,25,False,normal
ACC_00057,12,13,1.0769230769230769,0.0006898410485717871,0.004642127659574468,0.006666666666666667,18246.6,22761.66,35,47,13,12,521.3314285714285,298.23003254636353,0.02857142857142857,1,35,False,normal
ACC_00995,10,7,0.7272727272727273,0.0003504498321516398,0.001588936170212766,0.014705882352941176,13523.57,13700.51,26,30,7,10,520.1373076923077,274.53822009414563,0.038461538461538464,1,25,False,normal
ACC_01057,9,12,1.3,0.0010147545758796563,0.005280347929902359,0.023809523809523808,13030.79,18696.53,25,39,12,9,521.2316000000001,390.7368050201227,0.0,1,24,False,normal
ACC_01221,5,5,1.0,0.00017550026700014718,0.00022042553191489362,0.022222222222222223,11022.78,3575.9700000000003,23,9,5,5,479.25130434782614,351.40179215541787,0.0,2,23,False,normal
ACC_00591,9,6,0.7,0.0006298175198697857,0.0018274847567475378,0.0,13269.06,12034.96,23,23,6,9,576.915652173913,475.16665030498024,0.0,1,23,False,normal
ACC_00633,5,7,1.3333333333333333,0.0003571972624347078,0.0009030827612672153,0.0,14072.05,17290.92,24,29,7,5,586.3354166666667,391.8885540889218,0.0,2,24,False,normal
ACC_00928,8,9,1.1111111111111112,0.0005149177911777576,0.0011863829787234043,0.007352941176470588,6042.58,18892.95,21,40,9,8,287.7419047619048,174.82366014413063,0.0,1,21,False,normal
ACC_01261,9,16,1.7,0.00031200881621705435,0.0036187234042553192,0.006666666666666667,16325.8,7813.24,34,18,16,9,480.1705882352941,339.5295458374914,0.0,1,33,False,normal
ACC_00706,11,10,0.9166666666666666,0.00035478251635979026,0.0007617021276595745,0.009523809523809525,12034.76,11348.75,25,21,10,11,481.3904,321.0473215571187,0.0,1,25,False,normal
ACC_00894,6,8,1.2857142857142858,0.0001451490373983425,0.0042629787234042555,0.0,11057.84,2012.19,28,6,8,6,394.92285714285714,279.2226862779512,0.0,1,28,False,normal
ACC_01990,7,14,1.875,0.00032855117248709606,0.001302127659574468,0.004761904761904762,21228.83,10622.85,36,26,14,7,589.6897222222223,373.9182830855358,0.0,1,34,False,normal
ACC_00166,8,10,1.2222222222222223,0.00029910576543185985,0.0010714893617021278,0.0,10823.210000000001,7665.42,24,16,10,8,450.9670833333334,338.01505075159224,0.08333333333333333,1,23,False,normal
ACC_00582,10,8,0.8181818181818182,0.0004542991760107153,0.0033931914893617025,0.0,11525.11,20327.12,26,49,8,10,443.27346153846156,280.604277001507,0.0,1,25,False,normal
ACC_00993,8,12,1.4444444444444444,0.0008657578391377767,0.00210468085106383,0.005263157894736842,17662.95,15788.539999999999,32,32,12,8,551.9671875,340.3529017702766,0.0,1,30,False,normal
ACC_00409,8,6,0.7777777777777778,0.00070166386506038,0.0006340425531914894,0.0,7915.55,14035.960000000001,18,25,6,8,439.7527777777778,257.79741026412364,0.0,1,18,False,normal
ACC_01623,9,8,0.9,0.000379885503505647,0.0031548936170212767,0.0,11903.72,10317.84,26,19,8,9,457.8353846153846,284.66332792589594,0.0,1,26,False,normal
ACC_00615,12,5,0.46153846153846156,0.0007055971677391216,0.0028687161557156868,0.0,15864.47,18488.76,32,40,5,12,495.7646875,335.6877537715031,0.0,1,32,False,normal
ACC_00176,9,6,0.7,0.0006394732015930307,0.0062363023920180794,0.0,14513.31,19235.41,28,39,6,9,518.3325,366.3446256436185,0.07142857142857142,1,28,False,normal
ACC_00238,7,4,0.625,0.000983208136360212,0.00045787234042553196,0.01818181818181818,5782.25,16270.5,13,38,4,7,444.78846153846155,223.57473392008296,0.0,1,13,False,normal
ACC_01770,7,8,1.125,0.00045383766429010547,0.00043574468085106385,0.009523809523809525,17189.23,11689.630000000001,32,21,8,7,537.1634375,289.54870794893776,0.03125,1,32,False,normal
ACC_01479,11,10,0.9166666666666666,0.0008537412769147411,0.002057872340425532,0.014285714285714285,13149.21,28877.5,26,52,10,11,505.7388461538461,330.74422334277494,0.0,2,25,False,normal
ACC_01339,11,10,0.9166666666666666,0.0005238021808764714,0.004342978723404256,0.004761904761904762,17568.17,18364.69,30,35,10,11,585.6056666666666,410.816826240058,0.0,1,29,False,normal
ACC_00766,6,8,1.2857142857142858,0.0005802939992971708,0.0010136170212765958,0.0,13583.64,17067.69,26,32,8,6,522.4476923076923,368.51376888586066,0.0,2,26,False,normal
ACC_01495,8,7,0.8888888888888888,0.0004596603365527279,0.0002970212765957447,0.0,19390.41,11943.029999999999,31,32,7,8,625.4970967741936,519.3758913041275,0.0,1,31,False,normal
ACC_00893,13,9,0.7142857142857143,0.0005518123846988078,0.0068595744680851065,0.008658008658008658,16136.54,19610.64,29,41,9,13,556.4324137931035,375.27207975067114,0.0,1,29,False,normal
ACC_01241,7,6,0.875,0.0005940566857143224,0.0008127659574468086,0.0,18376.47,14841.88,27,29,6,7,680.61,517.6964809392884,0.0,1,26,False,normal
ACC_00534,3,12,3.25,0.0001633290343240327,0.0010774468085106383,0.01904761904761905,12369.53,3844.73,23,6,12,3,537.805652173913,385.7810800161394,0.0,1,23,False,normal
ACC_00635,6,9,1.4285714285714286,0.00023798799139610597,0.0005310638297872341,0.009523809523809525,14192.42,5535.78,28,12,9,6,506.8721428571429,353.6215000204591,0.0,1,27,False,normal
ACC_01347,10,12,1.1818181818181819,0.0008653331100365551,0.0015179294759732232,0.004329004329004329,18796.94,20882.43,34,42,12,10,552.8511764705881,372.9917640472224,0.0,2,33,False,normal
ACC_00366,11,8,0.75,0.0007301107250636056,0.0035761702127659577,0.011695906432748537,16218.630000000001,21544.09,30,41,8,11,540.621,353.1684010287053,0.0,2,30,False,normal
ACC_00029,14,3,0.26666666666666666,0.0010206844755042564,0.0002672340425531915,0.014705882352941176,8835.95,21365.22,20,42,3,14,441.7975,259.2439076658159,0.0,1,20,False,normal
ACC_00525,8,5,0.6666666666666666,0.0008073040031352904,0.0036808510638297876,0.0,9850.01,11728.47,23,22,5,8,428.26130434782607,264.2515695886015,0.0,1,23,False,normal
ACC_00168,10,7,0.7272727272727273,0.0006643550124732777,0.0036595744680851063,0.007352941176470588,8925.66,14161.11,19,32,7,10,469.7715789473684,324.48942962176335,0.0,1,18,False,normal
ACC_01258,8,10,1.2222222222222223,0.0005389956001110546,0.001996595744680851,0.013071895424836602,11055.72,12653.84,24,21,10,8,460.655,232.29746022306605,0.0,1,24,False,normal
ACC_01509,13,7,0.5714285714285714,0.0010987232677238282,0.0036595744680851063,0.0,8911.789999999999,29522.27,21,58,7,13,424.37095238095236,349.7170292522908,0.0,1,21,False,normal
ACC_01893,5,6,1.1666666666666667,0.0003601184975122213,0.0006774468085106384,0.01818181818181818,14027.64,5145.05,32,11,6,5,438.36375,251.38570430201347,0.0,1,31,False,normal
ACC_00318,12,4,0.38461538461538464,0.0005524156957227252,0.0010565812476015862,0.016666666666666666,15781.34,20296.1,31,43,4,12,509.07548387096773,365.82707869373394,0.03225806451612903,2,31,False,normal
ACC_01747,11,7,0.6666666666666666,0.0005551803480370607,0.0007438297872340426,0.013071895424836602,8630.42,16084.02,19,32,7,11,454.23263157894735,313.1861600965525,0.05263157894736842,1,19,False,normal
ACC_00316,10,5,0.5454545454545454,0.00037657035035388426,0.0006578723404255319,0.009523809523809525,8877.05,13963.03,17,29,5,10,522.1794117647058,386.3827862119149,0.0,1,17,False,normal
ACC_00026,11,8,0.75,0.0010773559411712506,0.0070927659574468085,0.0,12444.88,22428.12,24,47,8,11,518.5366666666666,314.33403020501544,0.041666666666666664,1,24,False,normal
ACC_01152,5,10,1.8333333333333333,0.00031204745891327433,0.0028774468085106383,0.0,13423.46,12061.11,24,20,10,5,559.3108333333333,372.8971634427154,0.0,1,24,False,normal
ACC_00913,10,7,0.7272727272727273,0.0008337654951822558,0.004101276595744681,0.014705882352941176,7404.32,18903.22,18,35,7,10,411.3511111111111,293.86523675855807,0.0,1,18,False,normal
ACC_00953,6,8,1.2857142857142858,0.00024610685487367793,0.0009710638297872341,0.02197802197802198,13474.85,6222.54,27,15,8,6,499.06851851851854,372.5666729356454,0.0,2,27,False,normal
ACC_00059,9,10,1.1,0.0005557615046147098,0.0009106382978723405,0.011695906432748537,11485.18,17030.15,25,29,10,9,459.4072,300.0713305271487,0.0,1,24,False,normal
ACC_00866,6,8,1.2857142857142858,0.0008546387956701678,5.531914893617022e-05,0.03296703296703297,11574.11,14191.93,26,27,8,6,445.1580769230769,415.95047904306324,0.0,1,26,False,normal
ACC_00438,8,7,0.8888888888888888,0.0005744050323229801,3.063829787234043e-05,0.0,14054.81,12623.25,24,29,7,8,585.6170833333333,333.03468297616723,0.041666666666666664,2,23,False,normal
ACC_01879,6,6,1.0,0.000678533091324736,0.0007463829787234043,0.0,11392.06,15939.54,17,32,6,6,670.1211764705882,423.27449683807953,0.0,1,16,False,normal
ACC_00081,6,9,1.4285714285714286,0.0004409676264637801,0.0005995744680851064,0.0,13414.06,10248.1,28,18,9,6,479.0735714285714,355.0662138376372,0.0,1,27,False,normal
ACC_00465,3,9,2.5,0.00013697111232681576,0.0014851063829787235,0.0,12858.73,2054.4300000000003,25,6,9,3,514.3492,420.19054330466156,0.0,2,25,False,normal
ACC_00840,6,9,1.4285714285714286,0.00023225363929206354,0.0011472340425531915,0.0,14863.23,8088.05,31,11,9,6,479.4590322580645,311.78217191232346,0.0,1,31,False,normal
ACC_00636,4,5,1.2,0.0003701741118680512,0.0011497872340425533,0.0,9234.85,7005.17,25,15,5,4,369.394,312.1376163115664,0.0,1,25,False,normal
ACC_00127,8,10,1.2222222222222223,0.0005257995312819249,0.002669168123481005,0.006535947712418301,16731.79,14907.57,33,34,10,8,507.02393939393943,373.3004741235553,0.0,1,32,False,normal
ACC_00426,5,7,1.3333333333333333,0.0002588113487595349,0.006457021276595745,0.0,17487.38,5516.41,32,14,7,5,546.480625,459.68016860209264,0.0,2,32,False,normal
ACC_01505,9,7,0.8,0.0006321983429448416,0.0008068085106382979,0.0,10062.03,22906.22,22,47,7,9,457.365,229.16053106418445,0.045454545454545456,1,22,False,normal
ACC_01657,4,9,2.0,0.00022118307209837546,0.00560936170212766,0.01282051282051282,12414.54,6595.2,27,15,9,4,459.7977777777778,280.9872502354365,0.0,1,26,False,normal
ACC_01448,9,7,0.8,0.0004146030701268631,0.0022042553191489365,0.0,13688.69,15076.130000000001,28,29,7,9,488.88178571428574,340.1316895301275,0.0,1,28,False,normal
ACC_01354,6,3,0.5714285714285714,0.0002689794009965676,0.00022468085106382979,0.0,9249.76,7672.7,21,21,3,6,440.46476190476193,253.33371032334105,0.0,1,21,False,normal
ACC_00604,7,7,1.0,0.00022176245345093213,0.0008102127659574468,0.02197802197802198,13260.85,5941.18,22,14,7,7,602.7659090909091,442.2137639052288,0.0,1,22,False,normal
ACC_00031,10,11,1.0909090909090908,0.0004714565410583739,0.00290468085106383,0.004761904761904762,13852.94,17789.13,26,29,11,10,532.8053846153846,364.47989845510847,0.038461538461538464,1,26,False,normal
ACC_00094,6,11,1.7142857142857142,0.00027447144331054315,0.002552340425531915,0.014705882352941176,12902.630000000001,5911.14,22,12,11,6,586.4831818181818,490.38132553376363,0.0,1,21,False,normal
ACC_01620,12,5,0.46153846153846156,0.0005472676382779274,0.00084,0.014705882352941176,5947.32,16198.45,16,34,5,12,371.7075,234.3443603048016,0.0,1,16,False,normal
ACC_01033,14,9,0.6666666666666666,0.0008213921634334561,0.007203769240608878,0.007905138339920948,12498.28,22145.96,30,40,9,14,416.6093333333334,272.3924875025303,0.06666666666666667,1,30,False,normal
ACC_01828,6,7,1.1428571428571428,0.0006810797804071571,0.00014893617021276596,0.0,8976.54,12465.78,18,30,7,6,498.6966666666667,292.91197750297937,0.0,1,18,False,normal
ACC_00008,8,8,1.0,0.0007737003875814458,0.0015733594849273015,0.025,13922.02,18907.78,28,33,8,8,497.21500000000003,259.5041729272704,0.0,1,28,False,normal
ACC_01546,8,9,1.1111111111111112,0.0003605642715248459,0.0021463829787234045,0.014705882352941176,12978.6,9331.0,29,16,9,8,447.53793103448277,281.63722711240877,0.034482758620689655,1,28,False,normal
ACC_00093,12,9,0.7692307692307693,0.000514394364764293,0.0040025531914893615,0.004761904761904762,15495.18,12119.95,37,24,9,12,418.78864864864863,272.4065315557507,0.0,1,37,False,normal
ACC_00423,7,5,0.75,0.0005708755268372018,4.263846842621413e-06,0.0,12302.78,19351.11,31,38,5,7,396.86387096774195,202.899977914857,0.0,1,29,False,normal
ACC_00740,7,6,0.875,0.000544773739585782,0.00011744680851063831,0.0,8707.77,11921.91,20,25,6,7,435.3885,260.97793115561166,0.0,2,20,False,normal
ACC_00607,8,5,0.6666666666666666,0.0005386139583018251,3.6595744680851066e-05,0.0,6931.2,11033.27,15,24,5,8,462.08,307.8325641365077,0.0,1,15,False,normal
ACC_01443,6,6,1.0,0.0003989214797968477,6.553191489361702e-05,0.0,13419.619999999999,12963.94,29,26,6,6,462.7455172413793,392.844727110436,0.034482758620689655,1,29,False,normal
ACC_00662,8,6,0.7777777777777778,0.0006891773982878709,0.002381276595744681,0.0,10562.470000000001,17828.5,24,39,6,8,440.1029166666667,232.1514111331723,0.0,1,24,False,normal
ACC_00000,8,10,1.2222222222222223,0.00034984245705701415,0.0025880851063829788,0.0196078431372549,13858.69,12098.56,27,23,10,8,513.2848148148148,349.09116942724256,0.0,1,27,False,normal
ACC_00209,8,6,0.7777777777777778,0.0003496105715552898,0.009748085106382979,0.02197802197802198,6992.42,12186.33,22,25,6,8,317.8372727272727,241.73577452964193,0.0,1,22,False,normal
ACC_01650,9,10,1.1,0.0008302280376570049,0.002011914893617021,0.011695906432748537,19297.7,23432.96,32,39,10,9,603.053125,347.9098837012483,0.0,1,31,False,normal
ACC_00555,8,4,0.5555555555555556,0.0007631078870760653,0.0006059574468085106,0.015151515151515152,7368.84,21711.05,14,39,4,8,526.3457142857143,241.1644778892704,0.0,1,14,False,normal
ACC_00065,6,4,0.7142857142857143,0.0005805908375740462,4.680851063829788e-05,0.0,12203.62,22136.07,24,35,4,6,508.4841666666667,436.40282544931455,0.0,1,24,False,normal
ACC_01328,4,8,1.8,0.0002602315896000967,1.0212765957446808e-05,0.0,13138.150000000001,6880.82,24,17,8,4,547.4229166666668,363.3865458670837,0.041666666666666664,1,24,False,normal
ACC_01735,6,8,1.2857142857142858,0.0006787911853300369,0.0010561702127659576,0.0,12130.64,22320.36,23,40,8,6,527.4191304347826,298.8347862632924,0.0,1,23,False,normal
ACC_01119,8,8,1.0,0.0006330928823142245,0.0013668085106382979,0.0,10158.28,15471.86,23,36,8,8,441.664347826087,471.6387789575841,0.0,1,23,False,normal
ACC_00851,10,8,0.8181818181818182,0.0006315353814408961,0.001773760286530508,0.0,15037.56,20132.67,33,38,8,10,455.68363636363637,341.22155991212463,0.0,1,32,False,normal
ACC_01737,6,10,1.5714285714285714,0.0002888196685765802,0.00699404255319149,0.016666666666666666,15259.47,6729.03,26,17,10,6,586.9026923076923,527.1530348015285,0.0,2,26,False,normal
ACC_00395,12,9,0.7692307692307693,0.0004921923015871578,0.003553489958640686,0.009523809523809525,15384.289999999999,19063.17,29,35,9,12,530.4927586206896,387.78885360184415,0.034482758620689655,1,28,False,normal
ACC_00838,8,7,0.8888888888888888,0.00032459231684057977,0.004578723404255319,0.009523809523809525,15897.97,6565.389999999999,36,15,7,8,441.61027777777775,358.47313649888633,0.0,1,36,False,normal
ACC_00452,9,5,0.6,0.000567639946590131,0.0003106382978723404,0.0,5475.39,14129.48,13,29,5,9,421.18384615384616,246.75932746769206,0.0,1,13,False,normal
ACC_01290,10,13,1.2727272727272727,0.0005382740858717836,0.005944655267982774,0.007905138339920948,16384.15,13820.78,33,26,13,10,496.489393939394,392.0860998392078,0.0,1,33,False,normal
ACC_00817,8,10,1.2222222222222223,0.0008205406867206625,0.005201702127659575,0.0,9539.69,22739.829999999998,26,42,10,8,366.91115384615387,229.87131369228175,0.038461538461538464,1,26,False,normal
ACC_00137,8,9,1.1111111111111112,0.00026414419464927045,0.008596595744680852,0.014705882352941176,18443.68,7964.91,32,12,9,8,576.365,360.62481440035475,0.0,1,31,False,normal
ACC_00278,9,5,0.6,0.0004477997868686181,0.0022604255319148936,0.0,14284.09,10662.07,29,15,5,9,492.5548275862069,336.8665796150998,0.034482758620689655,1,29,False,normal
ACC_00160,11,8,0.75,0.0007617404061714049,0.001392340425531915,0.0,11454.48,14550.43,24,36,8,11,477.27,306.7302964296583,0.041666666666666664,1,24,False,normal
ACC_01430,9,8,0.9,0.0006742964486190665,0.00047659574468085107,0.007352941176470588,10222.27,17837.26,18,39,8,9,567.9038888888889,428.1222795518738,0.05555555555555555,1,17,False,normal
ACC_00135,10,6,0.6363636363636364,0.0006944493582799633,0.0008246808510638298,0.0,14128.29,21682.1,29,43,6,10,487.1824137931035,391.5720915804391,0.034482758620689655,1,28,False,normal
ACC_00387,9,8,0.9,0.0007729473690680438,0.004293191489361702,0.007352941176470588,10557.03,21132.31,21,50,8,9,502.71571428571434,252.03357287415957,0.0,1,20,False,normal
ACC_00678,10,6,0.6363636363636364,0.001002450460205034,0.00013106382978723404,0.008333333333333333,11856.09,27072.37,17,52,6,10,697.4170588235294,437.80035767979774,0.0,1,17,False,normal
ACC_00129,10,7,0.7272727272727273,0.0006389217369049848,0.0030851063829787236,0.0,11089.92,17403.98,24,32,7,10,462.08,281.10576239588886,0.0,1,24,False,normal
ACC_00835,1,6,3.5,9.708751043440355e-05,0.00032851063829787236,0.0,10893.64,307.17,23,1,6,1,473.6365217391304,397.0196099989463,0.0,2,23,False,normal
ACC_01061,5,9,1.6666666666666667,0.00046566781796346623,0.0006199633309171534,0.02197802197802198,12725.18,12448.87,27,28,9,5,471.30296296296297,338.2630832402361,0.0,2,27,False,normal
ACC_01918,9,6,0.7,0.0004906600596752469,0.0005960857885984736,0.0,7375.34,10143.69,19,20,6,9,388.17578947368423,230.12057173760476,0.05263157894736842,1,19,False,normal
ACC_00823,9,5,0.6,0.0005221689570762741,0.002087659574468085,0.01098901098901099,9162.58,15028.94,22,28,5,9,416.4809090909091,301.2564093909608,0.0,1,22,False,normal
ACC_00724,9,8,0.9,0.000675992639776574,0.0011276595744680851,0.007352941176470588,10995.34,20032.64,25,39,8,9,439.8136,252.84633833087898,0.0,1,23,False,normal
ACC_01083,9,8,0.9,0.0006873596764323333,0.006268085106382979,0.022058823529411766,17461.48,22598.25,29,43,8,9,602.12,395.7273017225011,0.0,1,28,False,normal
ACC_00642,11,7,0.6666666666666666,0.0007569343628059633,0.0008612765957446809,0.006535947712418301,12379.66,32719.85,23,61,7,11,538.2460869565217,342.99488591124043,0.0,1,22,False,normal
ACC_01646,3,12,3.25,0.00024812506357508755,0.0004595744680851064,0.0,15919.369999999999,5278.01,27,12,12,3,589.6062962962963,372.17373680899397,0.0,1,27,False,normal
ACC_00775,8,4,0.5555555555555556,0.00037642449499054295,0.0007625531914893617,0.015151515151515152,10308.66,15684.04,21,34,4,8,490.8885714285714,235.52054853633712,0.0,1,21,False,normal
ACC_01082,3,7,2.0,0.00010342883811121929,0.005269261928111542,0.022222222222222223,12447.59,920.1800000000001,28,3,7,3,444.5567857142857,400.89696183409046,0.0,1,28,False,normal
ACC_01795,6,8,1.2857142857142858,0.0006786528047422148,0.00013021276595744682,0.02197802197802198,16325.84,13972.67,28,30,8,6,583.0657142857143,328.581514148638,0.03571428571428571,2,28,False,normal
ACC_01397,12,6,0.5384615384615384,0.0005897021915829914,0.007439148936170213,0.006535947712418301,12347.06,13951.19,24,31,6,12,514.4608333333333,349.94268007547436,0.0,1,24,False,normal
ACC_01136,8,5,0.6666666666666666,0.00036651699458563325,0.00013303202148978808,0.02564102564102564,9539.49,11980.83,20,23,5,8,476.9745,279.80246217033,0.0,1,20,False,normal
ACC_01954,8,9,1.1111111111111112,0.000479010849834641,0.003839148936170213,0.008333333333333333,13003.18,12766.1,28,21,9,8,464.3992857142857,368.473857657838,0.03571428571428571,1,28,False,normal
ACC_01062,6,10,1.5714285714285714,0.0004698927771348904,0.0003632797509913444,0.016666666666666666,13843.53,16020.31,27,28,10,6,512.7233333333334,402.95708508856984,0.0,1,26,False,normal
ACC_00014,13,8,0.6428571428571429,0.0007273144539339326,0.006200000000000001,0.01904761904761905,11622.43,27828.32,23,55,8,13,505.3230434782609,285.25434829662873,0.0,1,23,False,normal
ACC_00011,11,6,0.5833333333333334,0.0005466706562798346,0.002363023920180787,0.014705882352941176,7222.62,11767.48,15,28,6,11,481.508,339.48068056118564,0.0,1,15,False,normal
ACC_00054,7,11,1.5,0.00040517028366352686,0.0014369163859634163,0.0196078431372549,16682.26,12020.779999999999,34,26,11,7,490.6547058823529,305.8784485383269,0.029411764705882353,1,34,False,normal
ACC_00610,4,6,1.4,0.0006800616843629743,0.0001897872340425532,0.022222222222222223,8530.06,18983.85,17,37,6,4,501.76823529411763,297.4903293435623,0.0,1,17,False,normal
ACC_01940,6,8,1.2857142857142858,0.0006075595148411718,0.0002694751204536733,0.02197802197802198,17529.14,13870.79,27,25,8,6,649.2274074074074,451.80544079020916,0.0,1,27,False,normal
ACC_01275,5,12,2.1666666666666665,0.00027912138258681456,0.0004920479256385111,0.0,16329.14,8145.16,29,18,12,5,563.0737931034482,473.9904979488648,0.034482758620689655,1,29,False,normal
ACC_01179,7,9,1.25,0.0005472969173015939,0.0016134396452479427,0.0,14043.04,15051.29,28,34,9,7,501.5371428571429,295.6780866622942,0.03571428571428571,1,28,False,normal
ACC_00260,8,13,1.5555555555555556,0.0003423868000554226,0.00476,0.01904761904761905,15259.1,8039.88,24,23,13,8,635.7958333333333,448.3903023319776,0.041666666666666664,1,23,False,normal
ACC_00519,4,13,2.8,0.00017100174243443598,0.0006885106382978724,0.0,14018.02,3571.2599999999998,29,8,13,4,483.38,404.56716173849657,0.0,1,29,False,normal
ACC_00804,7,10,1.375,0.0005030504492378974,0.00014382978723404257,0.007352941176470588,16893.48,16502.32,27,29,10,7,625.6844444444445,579.8068468254243,0.037037037037037035,1,26,False,normal
ACC_01497,3,9,2.5,0.0002808261471585645,0.0022127659574468087,0.015151515151515152,18225.17,5199.22,32,8,9,3,569.5365625,387.2244647580486,0.0,1,32,False,normal
ACC_01761,5,4,0.8333333333333334,0.00013716228504431305,0.00041021276595744685,0.0,12928.85,1901.36,23,5,4,5,562.1239130434783,340.0635418931309,0.0,1,23,False,normal
ACC_01094,9,2,0.3,0.00048341601053973236,0.0,0.0,6522.75,17455.71,13,39,2,9,501.75,438.6122479100038,0.0,1,13,False,normal
ACC_00109,5,5,1.0,0.0001321537580259251,0.004248496993987976,0.0,15657.6,2587.75,26,7,5,5,602.2153846153847,524.2385405765643,0.0,1,26,False,normal
ACC_00986,7,7,1.0,0.0006576242515599646,0.002277746983328359,0.01098901098901099,6136.889999999999,27538.33,16,48,7,7,383.55562499999996,291.4812798555852,0.0625,1,16,False,normal
ACC_00020,7,8,1.125,0.0006018448248181502,7.74468085106383e-05,0.0,14602.06,16901.3,22,32,8,7,663.73,466.0356480335976,0.0,1,21,False,normal
ACC_01610,2,8,3.0,0.00036529534333269243,1.5319148936170214e-05,0.022222222222222223,14910.66,6822.63,32,9,8,2,465.958125,333.82278444666684,0.0625,2,31,False,normal
ACC_00462,11,3,0.3333333333333333,0.0007398504119170616,6.297872340425533e-05,0.01098901098901099,11804.1,21238.58,27,42,3,11,437.1888888888889,307.890445242776,0.0,2,26,False,normal
ACC_01748,7,8,1.125,0.0006386112609185068,0.00038297872340425535,0.009523809523809525,12250.289999999999,15450.49,22,35,8,7,556.8313636363636,314.60233897497983,0.045454545454545456,1,22,False,normal
ACC_01109,7,5,0.75,0.00034320730451099064,0.00018382978723404257,0.0,9533.63,9262.14,25,15,5,7,381.3452,187.58384776591686,0.0,1,25,False,normal
ACC_00780,9,3,0.4,0.0003564032384978164,0.001339700677951648,0.015151515151515152,10688.73,6685.7,19,21,3,9,562.5647368421053,418.24330903020797,0.0,1,19,False,normal
ACC_01176,7,8,1.125,0.0006210599984572291,0.0024604255319148937,0.01904761904761905,7499.89,14535.67,16,30,8,7,468.743125,283.1169753940056,0.0,1,16,False,normal
ACC_01022,7,12,1.625,0.0006657028290425268,0.0014663829787234044,0.005847953216374269,17927.05,13780.630000000001,27,20,12,7,663.9648148148148,313.42877098277376,0.07407407407407407,1,27,False,normal
ACC_01427,7,9,1.25,0.00035481778819420424,0.0003668085106382979,0.0,17771.78,11411.32,29,26,9,7,612.8199999999999,403.4072945636244,0.0,1,28,False,normal
ACC_00158,7,3,0.5,0.00036415015534297675,2.6382978723404258e-05,0.0,10739.5,10534.539999999999,24,18,3,7,447.4791666666667,224.5412142456871,0.0,1,24,False,normal
ACC_00100,8,7,0.8888888888888888,0.00043476227405843485,0.003710399522449154,0.01904761904761905,12480.45,13560.29,25,31,7,8,499.218,310.40497846898876,0.0,1,24,False,normal
ACC_00515,10,13,1.2727272727272727,0.000495687917243268,0.005002345115763442,0.015810276679841896,12588.53,14301.26,27,28,13,10,466.2418518518519,345.4476981345205,0.0,1,27,False,normal
ACC_01582,5,5,1.0,0.0002440724032750759,0.00018590372233829363,0.0,13729.23,6165.3099999999995,25,11,5,5,549.1691999999999,329.55243214497244,0.0,1,24,False,normal
ACC_00833,11,7,0.6666666666666666,0.0005696676575344757,0.0006000000000000001,0.013071895424836602,12382.039999999999,12316.19,26,27,7,11,476.23230769230764,290.80708002808586,0.0,1,26,False,normal
ACC_01404,15,10,0.6875,0.001336562021056234,0.0016340425531914894,0.013333333333333334,15060.78,36744.81,26,69,10,15,579.2607692307693,376.9989168782645,0.0,1,26,False,normal
ACC_00942,9,10,1.1,0.0007789518972852767,0.0035072340425531916,0.005847953216374269,14895.89,19124.69,32,36,10,9,465.4965625,242.60317340436202,0.03125,1,30,False,normal
ACC_00407,9,9,1.0,0.00046705052662733364,0.001145531914893617,0.007352941176470588,9559.41,17586.99,20,33,9,9,477.9705,274.1322104286063,0.05,1,20,False,normal
ACC_00276,5,5,1.0,0.0005822727977517903,5.287170084850552e-05,0.0,9878.49,17289.69,23,32,5,5,429.4995652173913,242.702474394216,0.043478260869565216,1,23,False,normal
ACC_00103,8,8,1.0,0.0003505368867982633,0.007201702127659575,0.016666666666666666,9519.31,9086.68,23,15,8,8,413.88304347826084,290.7577926640345,0.043478260869565216,1,22,False,normal
ACC_01816,8,7,0.8888888888888888,0.00037655722821222084,0.00512,0.01904761904761905,11390.15,11789.789999999999,22,27,7,8,517.7340909090909,310.81760783393594,0.045454545454545456,1,22,False,normal
ACC_00984,7,9,1.25,0.0005760562526143913,0.0008774468085106384,0.0,17523.66,11649.21,33,22,9,7,531.02,344.0064687255168,0.0,1,32,False,normal
ACC_01319,8,8,1.0,0.0008628980968835648,0.005548117511618983,0.016666666666666666,16300.69,22314.89,30,40,8,8,543.3563333333334,367.3535665708159,0.0,1,29,False,normal
ACC_01486,7,7,1.0,0.00042114950228159447,0.0014902127659574469,0.01098901098901099,11466.44,11097.76,24,24,7,7,477.7683333333334,351.159957391731,0.041666666666666664,1,24,False,normal
ACC_00949,9,5,0.6,0.0005445054918966835,0.003145531914893617,0.02197802197802198,13676.43,14181.44,27,29,5,9,506.53444444444443,357.7442129761832,0.037037037037037035,1,27,False,normal
ACC_01608,11,14,1.25,0.0006013660238684874,0.008431489361702129,0.006666666666666667,14907.91,11944.02,29,28,14,11,514.0658620689655,395.8797172258733,0.034482758620689655,1,29,False,normal
ACC_00237,3,8,2.25,0.00020545366162897844,0.00020510638297872343,0.022222222222222223,13218.23,5929.33,29,13,8,3,455.8010344827586,311.3497107221216,0.034482758620689655,1,29,False,normal
ACC_00212,4,9,2.0,0.00037845329062553883,0.00030699697266874175,0.01282051282051282,14483.64,3760.12,30,8,9,4,482.78799999999995,362.06804156125133,0.0,2,28,False,normal
ACC_01758,5,10,1.8333333333333333,0.00023157577143070483,0.002712340425531915,0.0,14627.6,7724.07,28,15,10,5,522.4142857142857,350.2720287352185,0.03571428571428571,1,27,False,normal
ACC_01309,4,10,2.2,0.00031197548623693215,0.0010429369377051977,0.0,12117.85,7526.4,26,15,10,4,466.07115384615383,313.32906481623337,0.038461538461538464,1,26,False,normal
ACC_00345,6,10,1.5714285714285714,0.0001698608440416174,0.001948936170212766,0.016666666666666666,12475.92,4846.05,31,11,10,6,402.4490322580645,287.8561089775565,0.0,2,31,False,normal
ACC_00193,9,8,0.9,0.0005452326171013501,0.0004860785400588411,0.007352941176470588,13966.18,11414.59,22,24,8,9,634.8263636363637,702.1693321451706,0.0,1,22,False,normal
ACC_01377,5,8,1.5,0.0004336964690120249,0.000515925467957191,0.0,11903.44,12955.1,25,25,8,5,476.1376,265.4126163680493,0.0,1,25,False,normal
ACC_00284,6,9,1.4285714285714286,0.0004867504505570905,0.00036340425531914897,0.0,12005.0,15195.95,28,31,9,6,428.75,321.63036129026085,0.0,2,28,False,normal
ACC_00154,7,5,0.75,0.0001286607020734626,0.0016006481047200786,0.015151515151515152,8704.17,2605.04,20,7,5,7,435.2085,319.93485802869634,0.0,1,20,False,normal
ACC_00077,7,5,0.75,0.000495335349023284,0.0007879588965164372,0.045454545454545456,10559.880000000001,12882.69,26,22,5,7,406.1492307692308,300.7556572491773,0.0,1,26,False,normal
ACC_01419,10,7,0.7272727272727273,0.0005999563474303394,0.0013931914893617022,0.0,9053.9,15742.42,19,31,7,10,476.5210526315789,471.4333287361797,0.0,2,19,False,normal
ACC_01527,10,6,0.6363636363636364,0.000791354225015622,8.680851063829788e-05,0.016666666666666666,14687.8,18379.86,21,37,6,10,699.4190476190475,462.51291270519965,0.0,1,21,False,normal
ACC_01915,7,6,0.875,0.0003242836304373149,0.00012170212765957448,0.0,15972.01,13388.17,27,24,6,7,591.555925925926,458.9440547542828,0.0,1,26,False,normal
ACC_01700,9,6,0.7,0.00048495440415168527,0.0002825531914893617,0.009523809523809525,8528.99,18464.92,18,36,6,9,473.8327777777778,282.2003072455399,0.05555555555555555,1,18,False,normal
ACC_00796,11,5,0.5,0.0009418854990037843,0.0013897872340425533,0.0,13610.05,30019.65,21,50,5,11,648.097619047619,393.53616531272905,0.0,1,21,False,normal
ACC_00112,7,9,1.25,0.0005874091618498347,0.002832047072869143,0.008333333333333333,11049.98,11062.92,23,23,9,7,480.43391304347824,323.1627734346766,0.0,1,22,False,normal
ACC_00211,5,7,1.3333333333333333,0.00047887646487099157,0.0010919148936170213,0.0,16790.77,8842.39,31,13,7,5,541.6377419354839,383.5472016298183,0.06451612903225806,1,29,False,normal
ACC_00295,5,8,1.5,0.0005175135671678231,0.0002208672664477892,0.038461538461538464,15051.19,11713.68,30,27,8,5,501.70633333333336,340.1470259743504,0.0,1,30,False,normal
ACC_00290,12,7,0.6153846153846154,0.0005599066711566367,0.0031089361702127663,0.011695906432748537,13913.51,18646.15,26,35,7,12,535.135,353.5281133064243,0.0,1,26,False,normal
ACC_00728,10,7,0.7272727272727273,0.0006012598108570544,0.001,0.007352941176470588,8891.779999999999,16901.43,17,33,7,10,523.0458823529411,445.8278931670104,0.0,1,17,False,normal
ACC_01555,4,8,1.8,0.00013294866465634594,0.0005251063829787234,0.0,17099.24,4912.39,33,9,8,4,518.158787878788,393.1467435064608,0.0,1,33,False,normal
ACC_00943,10,7,0.7272727272727273,0.0006884918787320361,0.0007123404255319149,0.0,10535.67,13431.56,23,32,7,10,458.07260869565215,268.9256044508388,0.0,2,23,False,normal
ACC_00314,10,6,0.6363636363636364,0.0005724508451894137,0.0003794823689933058,0.025,14649.119999999999,18170.49,30,35,6,10,488.304,329.07229215813186,0.0,1,30,False,normal
ACC_01277,8,6,0.7777777777777778,0.0007485190225552132,0.0029829787234042556,0.0,11593.03,19054.42,24,30,6,8,483.0429166666667,397.33390237693,0.0,1,24,False,normal
ACC_00013,11,8,0.75,0.0008506969260476039,0.0029072340425531917,0.011695906432748537,13274.64,23812.260000000002,25,45,8,11,530.9856,325.00735184094935,0.0,1,24,False,normal
ACC_01365,5,7,1.3333333333333333,0.00015958431956494297,0.004365326397475803,0.015151515151515152,12559.06,3770.3500000000004,28,6,7,5,448.53785714285715,336.31063011533166,0.03571428571428571,1,28,False,normal
ACC_01573,12,8,0.6923076923076923,0.0009288763855789783,0.0010587234042553192,0.005263157894736842,12786.16,21929.46,24,45,8,12,532.7566666666667,349.6459746119192,0.0,1,24,False,normal
ACC_00961,6,9,1.4285714285714286,0.0004274576321331592,7.063829787234042e-05,0.0,16399.44,15627.6,28,30,9,6,585.6942857142857,450.44190271520375,0.0,1,28,False,normal
ACC_01342,10,10,1.0,0.00040432020775849715,0.008468852598814651,0.005263157894736842,16301.689999999999,14450.53,32,26,10,10,509.42781249999996,320.10235734672665,0.0,1,31,False,normal
ACC_00405,8,13,1.5555555555555556,0.0004345037124694214,0.006055319148936171,0.004761904761904762,21707.11,9902.35,37,23,13,8,586.6786486486486,373.2757436694916,0.0,1,36,False,normal
ACC_01108,6,9,1.4285714285714286,0.0003236284260329063,0.0025114057903040123,0.009523809523809525,14242.84,10908.720000000001,26,24,9,6,547.8015384615385,309.5750998344965,0.0,1,26,False,normal
ACC_00863,4,9,2.0,0.00036230272680886114,0.00046382978723404257,0.0,10484.0,8620.07,21,17,9,4,499.23809523809524,320.3543570270123,0.047619047619047616,1,21,False,normal
ACC_00758,10,6,0.6363636363636364,0.0007275279494984363,0.005097872340425532,0.008333333333333333,8674.43,17563.84,22,29,6,10,394.29227272727275,298.5078354548203,0.0,2,22,False,normal
ACC_00385,5,8,1.5,0.0004392022352859039,0.0,0.02564102564102564,10597.789999999999,10593.25,24,22,8,5,441.5745833333333,419.3609417754297,0.0,1,24,False,normal
ACC_01153,7,4,0.625,0.00035876134400417544,0.0003770212765957447,0.0,9683.85,7974.05,20,19,4,7,484.1925,366.90815945188297,0.0,1,20,False,normal
ACC_01374,11,3,0.3333333333333333,0.000541867029126416,0.00016170212765957449,0.0,19997.99,17766.16,31,33,3,11,645.0964516129033,394.58827394765444,0.03225806451612903,1,31,False,normal
ACC_00641,10,4,0.45454545454545453,0.0009327019780619562,8.510638297872341e-07,0.0,10182.16,29613.82,23,50,4,10,442.70260869565215,302.3330627457887,0.043478260869565216,1,23,False,normal
ACC_00115,7,5,0.75,0.00032072005420576274,0.0036093617021276596,0.030303030303030304,7268.41,9038.380000000001,19,15,5,7,382.5478947368421,204.3214735432309,0.0,1,19,False,normal
ACC_00435,10,11,1.0909090909090908,0.00042875459332311367,0.007363404255319149,0.009523809523809525,14833.79,10117.65,30,22,11,10,494.4596666666667,322.3014357493493,0.0,1,30,False,normal
ACC_01906,9,9,1.0,0.0005477061122808199,0.0003863829787234043,0.013071895424836602,9509.34,19107.89,24,37,9,9,396.2225,234.08686502255304,0.041666666666666664,1,24,False,normal
ACC_01311,9,10,1.1,0.0005029040616056076,0.0014519148936170214,0.011695906432748537,13225.33,16720.2,25,34,10,9,529.0132,335.81177319196735,0.0,1,25,False,normal
ACC_00546,13,8,0.6428571428571429,0.0005489255233474947,0.005833795250074617,0.009523809523809525,11634.57,11780.04,22,22,8,13,528.8440909090909,447.82047359202085,0.045454545454545456,1,22,False,normal
ACC_00697,6,4,0.7142857142857143,0.0005348764146531097,0.000548936170212766,0.0,9547.95,13343.44,24,26,4,6,397.83125,320.02675705135084,0.0,1,24,False,normal
ACC_01169,5,8,1.5,0.0004372138291014937,0.0008561702127659575,0.0,14432.03,13042.349999999999,28,25,8,5,515.4296428571429,541.7611989406822,0.0,1,26,False,normal
ACC_01167,13,7,0.5714285714285714,0.0009139407479939652,0.003636595744680851,0.0,13567.27,28764.99,27,58,7,13,502.4914814814815,320.57800554027773,0.037037037037037035,1,27,False,normal
ACC_01058,10,13,1.2727272727272727,0.0006949742797863091,0.011789787234042554,0.015810276679841896,13026.89,14182.01,28,31,13,10,465.2460714285714,290.68218472005526,0.0,1,28,False,normal
ACC_00497,7,8,1.125,0.0002888463051720497,0.0006706382978723405,0.0,11726.07,11824.46,21,25,8,7,558.3842857142857,327.25509385755066,0.0,1,20,False,normal
ACC_00574,10,5,0.5454545454545454,0.0004507614809605637,9.892124674881678e-05,0.009523809523809525,19028.420000000002,17581.78,37,30,5,10,514.2816216216216,310.38999946763676,0.0,1,37,False,normal
ACC_01007,8,6,0.7777777777777778,0.0005099431981115199,0.000974468085106383,0.01098901098901099,13362.33,14096.98,26,35,6,8,513.9357692307692,390.46084323192326,0.07692307692307693,1,25,False,normal
ACC_01076,12,9,0.7692307692307693,0.0019326961841529201,0.0011855319148936171,0.009523809523809525,11941.62,39411.090000000004,24,60,9,12,497.56750000000005,365.3467682751969,0.041666666666666664,1,24,False,normal
ACC_00762,4,6,1.4,0.0003888083251384893,0.00021106382978723406,0.0,16730.32,9303.89,31,21,6,4,539.6877419354838,352.89142756859064,0.0,1,30,False,normal
ACC_00308,8,7,0.8888888888888888,0.00038233605749136794,0.00015946787191404086,0.009523809523809525,14999.97,13361.88,29,26,7,8,517.2403448275862,363.9194599719908,0.034482758620689655,1,28,False,normal
ACC_01318,10,4,0.45454545454545453,0.0008248625066510171,0.0006825531914893617,0.0,12423.91,25756.61,23,46,4,10,540.17,305.05719566545673,0.0,1,22,False,normal
ACC_00765,7,11,1.5,0.0004744731522721953,0.0004187097599454228,0.0,12544.95,12222.93,28,29,11,7,448.0339285714286,230.6470485610441,0.0,1,28,False,normal
ACC_00909,9,7,0.8,0.000575389895787502,0.0005625531914893617,0.0,16461.21,14854.33,30,30,7,9,548.707,410.32505665420416,0.0,2,29,False,normal
ACC_01228,12,12,1.0,0.0012663157557127858,0.003062294802370699,0.018115942028985508,11787.09,28507.2,22,53,12,12,535.7768181818182,371.6845300262341,0.0,1,22,False,normal
ACC_00257,6,8,1.2857142857142858,0.0008025186585362725,0.002087659574468085,0.0,10475.92,16191.62,22,31,8,6,476.1781818181818,320.64220441744664,0.0,1,22,False,normal
ACC_01355,7,9,1.25,0.0003784789673955437,0.0014983157804971646,0.016666666666666666,13122.47,8026.58,22,18,9,7,596.4759090909091,520.5226449825313,0.0,1,22,False,normal
ACC_01049,14,6,0.4666666666666667,0.000798249650862588,0.0035974468085106385,0.005263157894736842,13819.33,19523.12,30,42,6,14,460.64433333333335,235.9570779010649,0.03333333333333333,1,30,False,normal
ACC_00441,9,7,0.8,0.000381922551821951,0.0027685106382978725,0.008333333333333333,14391.56,11019.51,25,22,7,9,575.6623999999999,484.7183852272712,0.0,1,25,False,normal
ACC_00201,8,5,0.6666666666666666,0.0004432032457601905,0.000787532511832175,0.0,11427.62,8414.74,24,22,5,8,476.15083333333337,355.6115352205044,0.041666666666666664,1,23,False,normal
ACC_01189,10,9,0.9090909090909091,0.0008461609106269456,0.005220425531914894,0.0,10939.4,18947.89,26,36,9,10,420.74615384615385,283.94386501668845,0.0,1,25,False,normal
ACC_01353,9,10,1.1,0.000467899629335438,0.0021548936170212767,0.0,13289.17,15108.91,25,23,10,9,531.5668000000001,321.4265430431449,0.0,2,25,False,normal
ACC_00173,10,7,0.7272727272727273,0.0007309494493286741,0.0010417021276595746,0.0,10259.33,19333.84,21,41,7,10,488.5395238095238,299.09916433310525,0.0,1,21,False,normal
ACC_00414,8,7,0.8888888888888888,0.0004641427688551977,0.000534468085106383,0.0,16321.34,11573.22,31,26,7,8,526.4948387096774,333.54073484229747,0.0,1,31,False,normal
ACC_01799,6,5,0.8571428571428571,0.00028546432822050896,0.0024859574468085108,0.01818181818181818,19291.77,9060.21,30,20,5,6,643.059,359.32989720186583,0.03333333333333333,1,29,False,normal
ACC_00651,11,6,0.5833333333333334,0.0005799926218031287,0.0005600000000000001,0.0,11631.15,17759.95,24,32,6,11,484.63124999999997,349.59581652696045,0.0,1,21,False,normal
ACC_00467,4,10,2.2,0.00015640697078527714,0.0006714893617021277,0.0,15109.54,3744.32,27,7,10,4,559.6125925925926,283.04408271222445,0.0,1,27,False,normal
ACC_00190,12,2,0.23076923076923078,0.0008464887341631027,0.0,0.01098901098901099,10575.39,25489.66,23,61,2,12,459.79956521739126,278.22191040897656,0.0,1,23,False,normal
ACC_00305,9,11,1.2,0.000396286885974554,0.0022544680851063832,0.0,19248.69,13807.32,38,28,11,9,506.5444736842105,342.8370613121851,0.0,1,37,False,normal
ACC_00489,9,8,0.9,0.00034343091166865456,0.0007872340425531915,0.0,12492.14,14046.18,24,25,8,9,520.5058333333333,357.79874946820945,0.0,1,23,False,normal
ACC_00734,9,9,1.0,0.0006805268750342045,0.006228936170212767,0.0,6833.54,20465.07,16,38,9,9,427.09625,334.95438853422013,0.0625,1,16,False,normal
ACC_00624,14,10,0.7333333333333333,0.0016175587992947001,0.009167659574468086,0.007246376811594203,10753.18,46112.46,23,90,10,14,467.52956521739134,312.1167028019875,0.0,1,23,False,normal
ACC_01184,5,8,1.5,0.00018004695068818863,0.0004961702127659575,0.038461538461538464,10395.2,4584.3099999999995,24,9,8,5,433.1333333333334,234.43121575174365,0.0,1,24,False,normal
ACC_00039,8,6,0.7777777777777778,0.0005786654852665651,0.0009804255319148937,0.01098901098901099,15290.699999999999,14241.68,31,27,6,8,493.24838709677414,369.31318006173547,0.0,1,31,False,normal
ACC_01468,6,8,1.2857142857142858,0.00038211013320573476,0.0010915447917110817,0.0,9336.06,9375.27,23,16,8,6,405.91565217391303,273.76027102070174,0.043478260869565216,1,23,False,normal
ACC_01020,7,8,1.125,0.00021446974837084032,0.0010927659574468086,0.0,16553.82,8795.25,28,18,8,7,591.2078571428572,474.2694904904309,0.0,1,28,False,normal
ACC_00120,9,8,0.9,0.0004200079782709941,0.006796595744680852,0.007352941176470588,8278.31,15307.8,19,30,8,9,435.70052631578943,394.9234767996015,0.0,2,19,False,normal
ACC_01541,8,6,0.7777777777777778,0.0006424719047402291,0.0010970212765957447,0.03296703296703297,9301.03,10632.8,20,20,6,8,465.05150000000003,300.575923297347,0.05,2,20,False,normal
ACC_00737,9,5,0.6,0.0007570423055863281,0.0003395744680851064,0.0,14509.880000000001,13089.09,24,28,5,9,604.5783333333334,421.0721430459101,0.0,1,23,False,normal
ACC_01009,8,8,1.0,0.0010219172345949025,0.0005404255319148936,0.025,11853.88,18871.510000000002,24,34,8,8,493.91166666666663,388.335623058498,0.0,1,24,False,normal
ACC_00242,9,8,0.9,0.0009911912460221681,0.0002890888159297318,0.007352941176470588,13792.3,23217.579999999998,25,51,8,9,551.692,341.43303047596316,0.0,1,22,False,normal
ACC_01322,11,8,0.75,0.0007787463564296018,0.001585531914893617,0.011695906432748537,10190.91,22396.21,23,42,8,11,443.0830434782609,282.31118672381206,0.0,1,23,False,normal
ACC_00997,9,13,1.4,0.0005366464219464255,0.011892765957446809,0.008658008658008658,15210.43,22507.86,28,42,13,9,543.2296428571428,462.4970752698886,0.0,1,27,False,normal
ACC_00979,12,7,0.6153846153846154,0.00045422257027924386,0.004151489361702128,0.005847953216374269,12051.4,13092.98,25,28,7,12,482.056,330.3860259983767,0.0,1,24,False,normal
ACC_00554,4,4,1.0,0.00020917728829989902,0.0011693617021276597,0.03571428571428571,13853.63,3604.2799999999997,23,4,4,4,602.3317391304347,329.9384016842066,0.0,1,23,False,normal
ACC_00445,7,8,1.125,0.0003813212429102147,0.0030093617021276597,0.02857142857142857,10178.75,11495.49,24,23,8,7,424.1145833333333,242.86745898658688,0.0,1,23,False,normal
ACC_01589,6,7,1.1428571428571428,0.0003374103079424019,5.8841086428175504e-05,0.0,15248.42,11265.02,23,25,7,6,662.9747826086957,497.91173304904663,0.0,1,23,False,normal
ACC_00663,7,9,1.25,0.00025702535150247705,0.0032161702127659576,0.008333333333333333,9413.47,12791.79,21,28,9,7,448.26047619047614,251.10161820418818,0.0,1,20,False,normal
ACC_00834,11,10,0.9166666666666666,0.000790332874484955,0.005749787234042554,0.014285714285714285,14956.869999999999,23742.6,34,43,10,11,439.90794117647056,379.32745766429434,0.0,1,32,False,normal
ACC_00720,7,6,0.875,0.00042586938166594705,0.0009917707755937408,0.0,13105.05,12689.02,20,25,6,7,655.2524999999999,283.45859322371655,0.0,1,20,False,normal
ACC_01934,3,6,1.75,0.00013554193939872313,0.001741276595744681,0.0,11523.77,1743.7599999999998,25,3,6,3,460.9508,407.9519632048198,0.0,1,25,False,normal
ACC_01696,4,6,1.4,0.00042279966276672064,0.0,0.0,7022.45,10211.960000000001,19,19,6,4,369.60263157894735,191.64150564826633,0.05263157894736842,1,18,False,normal
ACC_00865,7,4,0.625,0.0004309297652133189,0.0009097872340425533,0.0,10744.77,10856.32,24,23,4,7,447.69875,208.99552015819776,0.0,2,24,False,normal
ACC_01993,10,5,0.5454545454545454,0.001355668985323476,0.002063829787234043,0.01904761904761905,12022.28,21877.18,22,47,5,10,546.4672727272728,452.92455655999146,0.0,1,22,False,normal
ACC_00701,5,5,1.0,0.0002509365858103835,0.0006468085106382979,0.0,11149.69,10478.26,20,25,5,5,557.4845,390.13902756075635,0.0,1,20,False,normal
ACC_00361,6,10,1.5714285714285714,0.0004889793592256162,0.001323404255319149,0.008333333333333333,10036.71,15632.61,21,29,10,6,477.9385714285714,284.03313416370486,0.0,1,20,False,normal
ACC_01359,6,5,0.8571428571428571,0.00025055285904663745,0.00023365880697565346,0.0,7977.91,4653.12,21,10,5,6,379.9004761904762,212.11993038081522,0.047619047619047616,1,21,False,normal
ACC_01846,9,12,1.3,0.0006226653898419408,0.0037548936170212766,0.004761904761904762,13530.19,19277.079999999998,26,40,12,9,520.3919230769231,309.60982713110684,0.0,1,26,False,normal
ACC_01461,13,6,0.5,0.0007992628347064613,0.0003446808510638298,0.011695906432748537,9478.5,19578.31,26,37,6,13,364.5576923076923,219.39756553449163,0.038461538461538464,1,26,False,normal
ACC_00418,8,8,1.0,0.00041280511620748377,0.0005506382978723405,0.0,13043.28,8892.09,21,17,8,8,621.1085714285715,275.7139170278808,0.0,1,21,False,normal
ACC_00163,6,10,1.5714285714285714,0.00020504864055099996,0.0023617021276595746,0.008333333333333333,21005.239999999998,6311.2,28,11,10,6,750.1871428571428,443.77312680356823,0.03571428571428571,1,28,False,normal
ACC_01200,8,6,0.7777777777777778,0.0003726422102637401,0.0003914893617021277,0.0,14978.06,17495.25,30,35,6,8,499.26866666666666,322.9408316974973,0.06666666666666667,1,30,False,normal
ACC_00466,8,10,1.2222222222222223,0.00021557993763502583,0.005293617021276596,0.0,10652.41,8153.21,21,17,10,8,507.257619047619,340.2726060661475,0.0,1,20,False,normal
ACC_00932,7,7,1.0,0.00042221818689167355,0.00039227390952117,0.0,12258.68,12993.76,25,26,7,7,490.3472,292.3235337846294,0.04,1,25,False,normal
ACC_00940,12,7,0.6153846153846154,0.0007084062594316141,0.006193191489361702,0.011695906432748537,6924.78,22080.76,17,42,7,12,407.34,282.23408770469234,0.0,1,17,False,normal
ACC_01117,9,8,0.9,0.00041189043803406533,0.003319148936170213,0.014705882352941176,15038.24,11433.7,29,26,8,9,518.56,363.2080783694894,0.0,2,29,False,normal
ACC_00681,7,8,1.125,0.00019831844207751731,0.0013158231356329682,0.009523809523809525,10971.31,4021.2400000000002,23,9,8,7,477.01347826086953,313.56957978919127,0.043478260869565216,1,23,False,normal
ACC_00658,8,8,1.0,0.000343018607997526,0.0006753933398712319,0.0,13075.98,9166.86,26,15,8,8,502.9223076923077,363.1128887969436,0.0,2,26,False,normal
ACC_00522,8,8,1.0,0.000527568710608338,0.0015727659574468085,0.008333333333333333,9949.64,20730.79,24,36,8,8,414.5683333333333,311.52949214378134,0.0,1,24,False,normal
ACC_01224,8,7,0.8888888888888888,0.00019221325681308122,0.0012953191489361703,0.0,9273.02,3741.8,20,9,7,8,463.651,306.62685574180426,0.0,1,20,False,normal
ACC_00134,4,8,1.8,0.00013771182096902884,0.003230290367969983,0.030303030303030304,8843.72,2813.09,21,8,8,4,421.1295238095238,317.180971410269,0.047619047619047616,1,21,False,normal
ACC_01912,7,5,0.75,0.0005533973884344442,0.00016680851063829787,0.0,15983.38,14553.76,25,25,5,7,639.3352,463.2002034228828,0.0,1,25,False,normal
ACC_00829,6,6,1.0,0.00047934806641504007,0.0013217021276595744,0.015151515151515152,5847.18,16351.78,17,30,6,6,343.9517647058824,203.25407841035116,0.0,1,17,False,normal
ACC_01554,10,4,0.45454545454545453,0.0004591346444158281,0.0002950582015094018,0.03296703296703297,16882.93,14737.02,37,26,4,10,456.2954054054054,264.12457731569054,0.0,1,36,False,normal
ACC_00216,5,7,1.3333333333333333,0.0006130181287431357,0.0014791489361702128,0.0,12251.19,17360.47,26,45,7,5,471.1996153846154,243.60646844418181,0.0,1,25,False,normal
ACC_01052,10,11,1.0909090909090908,0.0009217685784216009,0.0008817021276595745,0.009523809523809525,10959.34,16190.59,21,31,11,10,521.8733333333333,298.8244198745031,0.047619047619047616,2,21,False,normal
ACC_01453,12,4,0.38461538461538464,0.0008813010831623784,5.787234042553192e-05,0.0,5544.56,27505.61,15,51,4,12,369.63733333333334,255.81032974973212,0.0,1,15,False,normal
ACC_01327,8,7,0.8888888888888888,0.0002219993770713362,0.0013182978723404255,0.009523809523809525,22313.2,10926.82,39,23,7,8,572.1333333333333,523.9962958001522,0.05128205128205128,1,39,False,normal
ACC_01813,8,6,0.7777777777777778,0.0006351617362217377,0.0017055319148936172,0.03296703296703297,12183.77,19847.0,27,41,6,8,451.25074074074075,256.6486183470119,0.0,1,27,False,normal
ACC_01402,11,8,0.75,0.0003517833177830963,0.006334370869398372,0.005847953216374269,13261.18,10547.65,26,32,8,11,510.04538461538465,287.943724518952,0.0,1,26,False,normal
ACC_00625,4,4,1.0,0.00018580378428829849,1.1086001790815675e-05,0.0,9838.28,5250.8099999999995,17,8,4,4,578.7223529411765,267.7086213481322,0.0,2,15,False,normal
ACC_01237,13,8,0.6428571428571429,0.0005489349009672342,0.0051353771372532305,0.014285714285714285,11474.98,16946.33,21,38,8,13,546.427619047619,313.936259388825,0.0,1,21,False,normal
ACC_00183,6,11,1.7142857142857142,0.0006738153991614343,0.00030127659574468086,0.007352941176470588,14206.11,15588.550000000001,34,31,11,6,417.8267647058824,334.8814452791405,0.0,1,33,False,normal
ACC_01521,8,5,0.6666666666666666,0.0004606061712861909,7.659574468085106e-05,0.0,10874.07,14013.6,18,30,5,8,604.115,366.26273651012104,0.0,1,18,False,normal
ACC_01785,10,4,0.45454545454545453,0.0007326905094340666,0.00038127659574468085,0.01098901098901099,10472.05,18194.98,23,37,4,10,455.3065217391304,321.4524193493239,0.0,1,23,False,normal
ACC_01360,6,6,1.0,0.0002266493185945153,0.00020807572591992498,0.0,11988.02,10562.380000000001,25,22,6,6,479.5208,300.76431058942705,0.0,1,23,False,normal
ACC_01725,8,8,1.0,0.0003849297632394333,0.007645957446808511,0.016666666666666666,13165.53,12704.87,27,26,8,8,487.6122222222223,395.7822410729389,0.0,1,27,False,normal
ACC_01686,12,14,1.1538461538461537,0.0005897736210059044,0.009971432226154438,0.006153846153846154,16715.19,19399.48,33,31,14,12,506.5209090909091,381.7016419384684,0.030303030303030304,1,32,False,normal
ACC_01603,7,6,0.875,0.0004737942662870282,0.00010638297872340425,0.01282051282051282,10682.51,14546.1,19,30,6,7,562.2373684210527,376.2747550341683,0.0,1,19,False,normal
ACC_01854,8,10,1.2222222222222223,0.00028368479100621027,0.0017170212765957448,0.013071895424836602,15883.439999999999,6320.76,31,15,10,8,512.3690322580645,341.6670874048288,0.0,1,31,False,normal
ACC_01557,11,5,0.5,0.0005788227590965397,0.0005991489361702128,0.0,15916.43,14261.68,30,27,5,11,530.5476666666667,328.33363300663143,0.0,1,30,False,normal
ACC_00957,7,3,0.5,0.0003185273476620754,2.723404255319149e-05,0.0,14630.25,5825.8,23,12,3,7,636.0978260869565,337.1320657864258,0.0,1,23,False,normal
ACC_00944,10,10,1.0,0.00036440690634700787,0.004486419647806251,0.010526315789473684,19416.56,17214.920000000002,30,37,10,10,647.2186666666668,469.24457778164174,0.0,1,29,False,normal
ACC_00947,11,9,0.8333333333333334,0.0006651859354426829,0.00010744894043405961,0.015789473684210527,16360.89,16256.73,25,35,9,11,654.4356,418.5095353959493,0.0,1,25,False,normal
ACC_01435,11,7,0.6666666666666666,0.0007867955796819563,0.007578723404255319,0.0,11182.43,29038.68,23,54,7,11,486.1926086956522,269.4652800238649,0.043478260869565216,1,23,False,normal
ACC_00032,8,6,0.7777777777777778,0.0005294771421512847,0.00020425531914893618,0.01098901098901099,6224.32,13789.02,19,30,6,8,327.5957894736842,236.01382151889584,0.0,1,18,False,normal
ACC_00397,7,11,1.5,0.00021944990001522858,0.0013225531914893617,0.006535947712418301,12567.369999999999,5138.389999999999,26,15,11,7,483.3603846153846,323.07388798825286,0.0,1,24,False,normal
ACC_00527,10,3,0.36363636363636365,0.0005183486852204764,0.0013738114526926195,0.0,12816.9,17495.170000000002,28,35,3,10,457.74642857142857,312.60211156859265,0.0,1,26,False,normal
ACC_01159,7,10,1.375,0.00044641820188342433,0.005225531914893617,0.007352941176470588,10568.210000000001,11158.53,21,24,10,7,503.2480952380953,431.09173973319247,0.0,1,20,False,normal
ACC_00613,11,5,0.5,0.0008090523496661766,0.0004297872340425532,0.0,11091.91,22548.98,21,45,5,11,528.1861904761905,462.77791426856345,0.047619047619047616,1,21,False,normal
ACC_00268,11,8,0.75,0.0008785140543115236,0.00018638297872340426,0.011695906432748537,9547.07,23086.59,16,41,8,11,596.691875,431.90835079090175,0.0,1,16,False,normal
ACC_00313,6,2,0.42857142857142855,0.00048811233326620735,0.0,0.0,12669.37,12788.36,21,22,2,6,603.3033333333334,412.8869261714802,0.0,1,21,False,normal
ACC_00812,7,10,1.375,0.0006423934655986078,0.0017115081226282353,0.014705882352941176,17866.45,20368.12,30,44,10,7,595.5483333333334,351.94403681388127,0.03333333333333333,1,29,False,normal
ACC_01403,13,9,0.7142857142857143,0.0009080875894669756,0.003404255319148936,0.012987012987012988,15255.65,23788.579999999998,30,43,9,13,508.52166666666665,394.27648291507955,0.0,1,29,False,normal
ACC_00182,12,7,0.6153846153846154,0.0005534307932338186,0.002191489361702128,0.011695906432748537,7791.14,16701.23,17,32,7,12,458.3023529411765,328.4930165834848,0.058823529411764705,1,17,False,normal
ACC_01907,15,8,0.5625,0.0012326612282510569,0.0030297872340425535,0.011857707509881422,13286.77,24203.03,29,47,8,15,458.1644827586207,284.27257354249446,0.0,1,28,False,normal
ACC_01804,8,10,1.2222222222222223,0.0003739159781514973,0.0037480851063829788,0.006535947712418301,15803.5,10812.04,29,24,10,8,544.948275862069,428.80218095684836,0.0,1,29,False,normal
ACC_00236,5,10,1.8333333333333333,0.0002683442317679995,0.004536170212765958,0.0,18919.26,6087.45,41,13,10,5,461.4453658536585,321.96423471480153,0.0,1,41,False,normal
ACC_00053,6,10,1.5714285714285714,0.0003681240541502169,0.0004118876049972285,0.008333333333333333,14010.09,10533.9,30,25,10,6,467.003,308.636613960328,0.03333333333333333,1,28,False,normal
ACC_01982,7,8,1.125,0.000350772823405849,0.0017446808510638298,0.0,10739.64,10289.11,26,22,8,7,413.0630769230769,314.47527187706487,0.038461538461538464,1,25,False,normal
ACC_01964,10,5,0.5454545454545454,0.0005797326808100274,7.063829787234042e-05,0.0,10344.3,14779.01,18,27,5,10,574.6833333333333,408.005964042338,0.05555555555555555,2,17,False,normal
ACC_01840,6,5,0.8571428571428571,0.0005144554397901642,0.00039574468085106385,0.01818181818181818,13135.45,13123.82,21,21,5,6,625.4976190476191,430.37941884928415,0.047619047619047616,1,21,False,normal
ACC_01779,10,7,0.7272727272727273,0.0010031699855558042,0.0008034042553191489,0.0,8602.26,25019.78,22,48,7,10,391.01181818181817,303.07769006573943,0.0,1,22,False,normal
ACC_00363,5,6,1.1666666666666667,0.0004162158270452602,0.0006817021276595745,0.0,15239.01,6435.02,29,14,6,5,525.4831034482759,301.1459650485535,0.0,1,29,False,normal
ACC_00991,7,4,0.625,0.0003868277592904621,0.00241930669850339,0.01818181818181818,10248.26,10805.68,22,26,4,7,465.83,270.84580670470757,0.0,1,21,False,normal
ACC_01412,5,6,1.1666666666666667,0.00016342586256398034,0.0004323404255319149,0.0,9705.54,4695.49,22,11,6,5,441.1609090909091,246.53061111793363,0.0,1,22,False,normal
ACC_00560,12,12,1.0,0.001116520680614871,0.004266382978723404,0.007246376811594203,18970.3,28416.9,29,57,12,12,654.1482758620689,426.81069481403046,0.0,1,28,False,normal
ACC_01873,5,7,1.3333333333333333,0.0002713126201726206,0.00048085106382978723,0.0,18676.98,5924.72,35,11,7,5,533.628,316.54706986481494,0.02857142857142857,2,34,False,normal
ACC_01951,4,10,2.2,0.00041883692701414135,0.002097872340425532,0.02197802197802198,12645.08,13529.39,23,28,10,4,549.7860869565218,332.73242171640686,0.043478260869565216,1,23,False,normal
ACC_00285,3,10,2.75,0.00045799009144731345,0.0022248752824798536,0.0,10656.98,11966.56,24,19,10,3,444.0408333333333,332.2666013769361,0.0,1,24,False,normal
ACC_01984,7,9,1.25,0.00036188593993926726,0.0019319148936170214,0.0,13166.25,8575.34,29,17,9,7,454.0086206896552,296.2093919694085,0.034482758620689655,1,29,False,normal
ACC_01260,9,6,0.7,0.0006624760494372109,0.0002621276595744681,0.009523809523809525,14250.35,20022.65,28,33,6,9,508.94107142857143,308.6738733300687,0.0,1,28,False,normal
ACC_01781,6,2,0.42857142857142855,0.0006438611749944414,0.0,0.03571428571428571,10837.65,15803.77,24,28,2,6,451.56874999999997,290.7846304070734,0.0,1,24,False,normal
ACC_01298,14,10,0.7333333333333333,0.0004715371135625195,0.007716595744680851,0.007246376811594203,17467.17,15824.56,34,32,10,14,513.740294117647,343.8971998043081,0.029411764705882353,1,33,False,normal
ACC_00323,9,18,1.9,0.0004179417699359108,0.007622127659574468,0.002849002849002849,11455.85,11871.43,32,21,18,9,357.9953125,271.3811034853596,0.0,1,32,False,normal
ACC_01485,9,8,0.9,0.0006164823782029292,0.001141276595744681,0.0,9257.77,16293.94,18,35,8,9,514.3205555555555,406.0574690342449,0.0,1,18,False,normal
ACC_00713,4,6,1.4,0.0003741026098802134,0.0002697872340425532,0.0,9610.02,8793.06,21,14,6,4,457.62,345.816667628962,0.0,1,21,False,normal
ACC_01198,13,10,0.7857142857142857,0.0009920192848594809,0.002793191489361702,0.0,16315.7,22276.8,32,44,10,13,509.865625,265.6910924476927,0.03125,1,32,False,normal
ACC_00759,8,11,1.3333333333333333,0.00033335965610454556,0.002697872340425532,0.011695906432748537,16171.7,8082.55,29,18,11,8,557.6448275862069,356.79671059322817,0.034482758620689655,2,29,False,normal
ACC_01014,9,9,1.0,0.0005419116589177096,0.004390638297872341,0.006535947712418301,14231.49,19359.55,25,43,9,9,569.2596,456.2964094887591,0.0,1,25,False,normal
ACC_00514,7,4,0.625,0.0002450893748510286,0.00018042553191489362,0.0,11060.89,5593.56,20,15,4,7,553.0445,334.0250928405009,0.0,1,20,False,normal
ACC_00521,8,9,1.1111111111111112,0.0003468612256636424,0.006516010744894044,0.014705882352941176,16770.57,8539.89,29,17,9,8,578.2955172413793,431.5038340053655,0.034482758620689655,2,28,False,normal
ACC_01962,7,6,0.875,0.00044939985960562524,0.0003795744680851064,0.0,12873.06,13360.26,28,27,6,7,459.7521428571428,367.59756791357967,0.0,2,28,False,normal
ACC_00171,12,12,1.0,0.000658164656521593,0.0038212595403573106,0.0036231884057971015,16098.26,19141.9,32,33,12,12,503.070625,348.6673617567831,0.0,1,28,False,normal
ACC_00602,8,8,1.0,0.0004863032895888048,0.0004987234042553192,0.0,13438.38,14735.85,28,36,8,8,479.9421428571428,407.42568611508676,0.0,1,28,False,normal
ACC_01675,8,6,0.7777777777777778,0.00023606237233694021,0.0001846808510638298,0.01098901098901099,15197.05,5903.39,26,12,6,8,584.501923076923,416.13856042447424,0.0,1,26,False,normal
ACC_01905,8,8,1.0,0.0006116868503313035,0.0002272340425531915,0.0,11893.73,19275.38,26,33,8,8,457.45115384615383,340.31746175977423,0.038461538461538464,1,26,False,normal
ACC_00730,10,5,0.5454545454545454,0.0006099327349713209,0.003813617021276596,0.009523809523809525,8914.55,16036.82,19,29,5,10,469.1868421052631,320.0335324801073,0.0,1,19,False,normal
ACC_00170,14,6,0.4666666666666667,0.0007405101137119896,0.00034297872340425536,0.005263157894736842,10227.77,23340.71,18,40,6,14,568.2094444444444,355.12315914129954,0.0,1,18,False,normal
ACC_01346,10,11,1.0909090909090908,0.0006877361744625352,0.005917366648189998,0.0,12398.56,16116.1,22,35,11,10,563.570909090909,445.9222713701302,0.045454545454545456,1,22,False,normal
ACC_01042,7,9,1.25,0.0004000902000174762,0.0022504583635355817,0.008333333333333333,13821.73,7838.6,30,10,9,7,460.72433333333333,249.22076637174425,0.0,1,29,False,normal
ACC_00484,6,5,0.8571428571428571,0.0004047677037065251,0.0003319148936170213,0.01818181818181818,12718.65,12683.85,24,19,5,6,529.94375,363.78292318135215,0.041666666666666664,1,24,False,normal
ACC_01872,5,9,1.6666666666666667,0.0001689350307252887,0.005103824670617832,0.0,14306.64,4194.11,29,12,9,5,493.33241379310346,340.7727286063582,0.0,1,28,False,normal
ACC_00948,5,7,1.3333333333333333,0.00018048445668402164,0.0003702127659574468,0.0,10779.32,6692.2300000000005,23,18,7,5,468.6660869565217,389.4587911067816,0.043478260869565216,1,22,False,normal
ACC_00294,10,7,0.7272727272727273,0.00048419630433522146,0.00032851063829787236,0.007352941176470588,11517.29,16886.43,24,37,7,10,479.88708333333335,296.3289678055259,0.0,2,24,False,normal
ACC_01501,7,5,0.75,0.0007169521080766725,0.0005140425531914894,0.0,12829.17,17524.37,28,35,5,7,458.1846428571429,324.447613079833,0.0,1,28,False,normal
ACC_00259,6,8,1.2857142857142858,0.00029433354015202806,0.0003914893617021277,0.0,9797.53,7270.62,20,11,8,6,489.8765,326.45072071528085,0.0,1,20,False,normal
ACC_00556,6,9,1.4285714285714286,0.0003861079772591732,0.0015412765957446809,0.0,15796.87,6560.54,30,13,9,6,526.5623333333334,507.67430605202225,0.0,1,30,False,normal
ACC_01434,11,7,0.6666666666666666,0.0005464727098827896,0.0001821276595744681,0.006535947712418301,16501.5,16391.73,31,32,7,11,532.3064516129032,405.9196504773523,0.0,1,30,False,normal
ACC_01571,17,4,0.2777777777777778,0.0009638706180851735,0.0008646808510638298,0.009523809523809525,10722.289999999999,23753.44,18,36,4,17,595.6827777777777,320.2980048018803,0.0,1,18,False,normal
ACC_00771,6,9,1.4285714285714286,0.00028503221946568993,0.00015605679443994372,0.01904761904761905,10174.66,10555.27,23,22,9,6,442.37652173913045,231.73209931079498,0.0,1,23,False,normal
ACC_01123,11,9,0.8333333333333334,0.0008276234515281326,0.010750638297872341,0.0,10865.81,21411.09,25,44,9,11,434.63239999999996,298.05897102866516,0.0,1,25,False,normal
ACC_01923,12,6,0.5384615384615384,0.0006918481164552457,0.0013046808510638298,0.0,16851.98,23936.16,31,51,6,12,543.6122580645161,603.2973086890061,0.0,1,31,False,normal
ACC_00220,10,8,0.8181818181818182,0.0006881252285388652,0.0005568583976463566,0.013071895424836602,9675.529999999999,22457.98,22,43,8,10,439.79681818181814,291.6070119737368,0.0,1,21,False,normal
ACC_01740,7,6,0.875,0.00044673056929005694,0.0015795744680851065,0.01282051282051282,13919.34,8489.67,21,17,6,7,662.8257142857143,469.4949305537967,0.0,1,21,False,normal
ACC_01595,6,6,1.0,0.0004350714701910172,0.0001821276595744681,0.015151515151515152,10492.8,11531.88,23,28,6,6,456.2086956521739,260.3656860387005,0.043478260869565216,1,22,False,normal
ACC_00912,13,6,0.5,0.0010235198479373148,0.0020440881763527053,0.017543859649122806,11826.67,25291.6,26,42,6,13,454.87192307692305,333.29455616339413,0.0,2,26,False,normal
ACC_00627,6,10,1.5714285714285714,0.0003106093231215243,0.0002578723404255319,0.025,18954.96,7711.99,36,14,10,6,526.5266666666666,382.3256085814065,0.0,1,34,False,normal
ACC_01946,7,10,1.375,0.00041804626002329287,0.004468936170212766,0.022058823529411766,14386.22,15950.14,27,31,10,7,532.822962962963,309.02933188907207,0.037037037037037035,1,27,False,normal
ACC_01778,8,10,1.2222222222222223,0.00026017721666702406,0.003217872340425532,0.0,19215.65,6897.66,31,17,10,8,619.8596774193549,398.6215490201525,0.0,2,31,False,normal
ACC_01880,7,8,1.125,0.00021958310175385735,0.0022689361702127662,0.0,13374.42,7105.78,29,19,8,7,461.18689655172415,380.02169066010885,0.034482758620689655,1,28,False,normal
ACC_01250,11,10,0.9166666666666666,0.0005746671147699821,0.006953191489361702,0.0,9904.03,19439.170000000002,26,39,10,11,380.9242307692308,316.54398394122836,0.0,1,26,False,normal
ACC_01822,16,7,0.47058823529411764,0.0006113264123950511,0.015880851063829787,0.0,16478.54,21705.36,28,41,7,16,588.5192857142857,354.1202334207824,0.0,1,28,False,normal
ACC_00787,7,7,1.0,0.00074449704520704,0.000588936170212766,0.0,11981.55,17782.9,22,39,7,7,544.6159090909091,363.7899217648912,0.045454545454545456,1,22,False,normal
ACC_01206,4,6,1.4,0.00017034052093496465,0.00020510638297872343,0.0,13335.119999999999,4315.47,29,14,6,4,459.831724137931,354.9425087055746,0.034482758620689655,1,29,False,normal
ACC_01917,7,4,0.625,0.0005332944842186326,6.808510638297873e-05,0.01818181818181818,7398.110000000001,22289.02,14,38,4,7,528.4364285714286,304.3781674321282,0.0,1,14,False,normal
ACC_01664,12,6,0.5384615384615384,0.0005533114881938506,0.004845957446808511,0.0,10934.53,16408.68,26,37,6,12,420.55884615384616,267.81536459773065,0.038461538461538464,1,26,False,normal
ACC_01284,7,5,0.75,0.0010436211127504754,3.914893617021277e-05,0.045454545454545456,11139.88,23096.93,22,41,5,7,506.3581818181818,480.1140937481261,0.0,1,22,False,normal
ACC_01588,11,10,0.9166666666666666,0.00045066501660464767,0.014162793672451286,0.0,13536.69,10942.45,31,30,10,11,436.6674193548387,287.96891635461566,0.0,2,31,False,normal
ACC_00543,5,7,1.3333333333333333,0.0002935391865381778,0.0003097872340425532,0.0,12357.0,8692.18,29,15,7,5,426.1034482758621,219.33460734809242,0.0,1,28,False,normal
ACC_01622,12,7,0.6153846153846154,0.0009999894294865023,0.0016425531914893618,0.005847953216374269,8729.4,28686.96,19,55,7,12,459.4421052631579,343.11664460709676,0.0,1,19,False,normal
ACC_00274,8,6,0.7777777777777778,0.0006013043679391801,0.0003148936170212766,0.02197802197802198,11460.15,16543.5,26,32,6,8,440.775,256.30576579156383,0.0,1,26,False,normal
ACC_01731,8,5,0.6666666666666666,0.0002996081991957321,0.0012621276595744682,0.0,14698.68,8064.62,27,16,5,8,544.3955555555556,325.0178539869101,0.0,1,27,False,normal
ACC_01809,9,9,1.0,0.00041961196442427283,0.011387234042553191,0.0,11803.56,8097.22,28,20,9,9,421.55571428571426,269.6989461991878,0.0,1,28,False,normal
ACC_00664,8,13,1.5555555555555556,0.0005688600418841127,0.0036919148936170212,0.004761904761904762,12531.59,16793.64,28,36,13,8,447.5567857142857,267.5580931042491,0.03571428571428571,1,28,False,normal
ACC_01317,5,6,1.1666666666666667,0.00047424120157483514,0.0003104080501428389,0.0,12740.48,9959.4,21,24,6,5,606.6895238095237,407.7222177840715,0.0,1,21,False,normal
ACC_01516,5,7,1.3333333333333333,0.00017857109118929454,0.0015761702127659574,0.0,12975.07,4233.57,32,9,7,5,405.4709375,288.0967573057019,0.03125,1,32,False,normal
ACC_00767,9,7,0.8,0.0006129054179835112,0.005071489361702128,0.0,14405.85,19126.63,30,43,7,9,480.195,347.7715460267877,0.03333333333333333,1,30,False,normal
ACC_01193,11,9,0.8333333333333334,0.00039597531954735734,0.0035625531914893617,0.005263157894736842,13189.92,14125.45,26,30,9,11,507.3046153846154,320.4555744964443,0.0,1,26,False,normal
ACC_01843,10,5,0.5454545454545454,0.0006847775854888385,0.001098366946659276,0.009523809523809525,14705.65,23543.3,29,50,5,10,507.0913793103448,354.85137222428506,0.0,1,29,False,normal
ACC_01394,10,5,0.5454545454545454,0.00033861537250228803,0.003821276595744681,0.0,14656.59,7858.7,29,15,5,10,505.3996551724138,346.57580320578353,0.0,1,29,False,normal
ACC_01506,11,5,0.5,0.0009031436805490464,6.808510638297873e-05,0.008333333333333333,11869.82,17988.85,22,36,5,11,539.5372727272727,369.25604448973854,0.045454545454545456,1,22,False,normal
ACC_01794,7,10,1.375,0.0005629013096088929,0.0018161702127659576,0.007352941176470588,14823.6,12594.25,30,25,10,7,494.12,341.16380883978445,0.03333333333333333,2,30,False,normal
ACC_00022,10,11,1.0909090909090908,0.00044144873251849605,0.003290212765957447,0.009523809523809525,8481.41,15173.43,23,30,11,10,368.75695652173914,230.96521659479342,0.0,1,23,False,normal
ACC_00188,10,7,0.7272727272727273,0.0006082421405032778,0.0017293617021276596,0.0,13040.6,12255.630000000001,27,31,7,10,482.9851851851852,271.6788006985507,0.037037037037037035,2,27,False,normal
ACC_00725,2,8,3.0,0.00019278017604149787,0.005142978723404255,0.0,15549.18,2740.21,24,7,8,2,647.8825,407.4557915657045,0.0,1,24,False,normal
ACC_00889,8,8,1.0,0.0006709532493685834,0.0029574468085106385,0.008333333333333333,13627.49,14424.18,26,31,8,8,524.1342307692307,479.9007809551726,0.0,2,24,False,normal
ACC_01685,6,8,1.2857142857142858,0.00032682777208846713,0.0009651063829787235,0.02197802197802198,9965.449999999999,7276.05,21,14,8,6,474.54523809523806,328.2997252606076,0.0,1,21,False,normal
ACC_00376,12,12,1.0,0.0007174435164866642,0.007153191489361703,0.014492753623188406,13307.48,25867.45,28,51,12,12,475.26714285714286,337.3451655353207,0.0,1,28,False,normal
ACC_00302,5,7,1.3333333333333333,0.00034437287805493254,0.0001148936170212766,0.015151515151515152,11036.1,8752.97,22,20,7,5,501.64090909090913,402.92912539846543,0.0,1,21,False,normal
ACC_00837,3,9,2.5,0.00020195934278122396,2.1276595744680852e-05,0.0,14942.61,5334.16,27,9,9,3,553.4300000000001,356.21517980439427,0.037037037037037035,1,27,False,normal
ACC_00509,8,6,0.7777777777777778,0.00040261740742609777,0.0001897872340425532,0.0,10104.17,14879.08,20,35,6,8,505.2085,269.21864863214023,0.0,1,20,False,normal
ACC_00334,7,8,1.125,0.0004252755430400516,0.0003794823689933058,0.0,11406.18,17027.32,25,27,8,7,456.2472,229.74033812690945,0.04,2,25,False,normal
ACC_01759,8,9,1.1111111111111112,0.0004074884612869702,0.004983829787234043,0.0,11035.289999999999,10198.24,27,22,9,8,408.7144444444444,258.3774491132235,0.0,1,27,False,normal
ACC_01788,6,4,0.7142857142857143,0.00029405714499285466,0.00032170212765957447,0.027777777777777776,10554.79,8836.28,20,17,4,6,527.7395,347.8711927752782,0.0,1,20,False,normal
ACC_00884,13,8,0.6428571428571429,0.000686329093101627,0.000533833624696201,0.004761904761904762,15586.93,17991.93,33,36,8,13,472.3312121212121,269.4679924146555,0.0,1,33,False,normal
ACC_00485,9,8,0.9,0.0005478895215071211,0.002355744680851064,0.007352941176470588,10970.289999999999,12919.24,19,27,8,9,577.3836842105262,255.02248888220134,0.0,1,19,False,normal
ACC_00795,10,8,0.8181818181818182,0.0008187792146067746,0.002724255319148936,0.0,11702.35,14261.96,23,37,8,10,508.79782608695655,308.9276132770576,0.0,1,23,False,normal
ACC_00677,0,8,9.0,7.153249159373995e-05,0.0,0.0,15250.17,0.0,23,0,8,0,663.0508695652173,620.1969446431223,0.0,1,23,False,normal
ACC_01018,8,6,0.7777777777777778,0.00041444305323254724,0.000431501300473287,0.0,18636.78,18039.11,31,26,6,8,601.1864516129032,417.0599655648924,0.0,2,31,False,normal
ACC_01745,7,6,0.875,0.00041010849411025896,0.0002774468085106383,0.01282051282051282,12124.37,17961.94,27,34,6,7,449.05074074074076,324.0277791026557,0.0,1,26,False,normal
ACC_01362,13,4,0.35714285714285715,0.0007633656259276463,0.0017000000000000001,0.0,12044.36,18518.829999999998,23,36,4,13,523.6678260869566,296.5735608266909,0.043478260869565216,1,23,False,normal
ACC_01490,11,2,0.25,0.0009503121617179686,5.957446808510638e-06,0.0,10513.86,16754.59,20,40,2,11,525.693,459.39837344876224,0.0,1,19,False,normal
ACC_01656,10,11,1.0909090909090908,0.00040021348710540854,0.004993191489361702,0.014285714285714285,15475.48,14354.92,29,26,11,10,533.6372413793104,300.84419029619863,0.0,1,29,False,normal
ACC_00547,4,6,1.4,0.00033750157992009803,3.4042553191489363e-06,0.0,12503.69,8874.8,20,14,6,4,625.1845000000001,450.8431923743145,0.0,1,20,False,normal
ACC_01887,9,8,0.9,0.0007812062353926396,0.0003735129834136358,0.0,15388.71,18811.1,29,41,8,9,530.645172413793,392.9902357712929,0.0,1,29,False,normal
ACC_00145,5,10,1.8333333333333333,0.00042179198248796894,0.0020510638297872343,0.009523809523809525,9355.12,15308.79,17,25,10,5,550.3011764705883,454.04224599538026,0.0,1,17,False,normal
ACC_00655,7,6,0.875,0.00046092649045934426,0.002992340425531915,0.01282051282051282,9666.37,9532.04,17,25,6,7,568.61,308.72479121784176,0.0,1,17,False,normal
ACC_00375,7,5,0.75,0.00020190572189348303,0.0035540425531914895,0.015151515151515152,12031.11,3815.31,29,9,5,7,414.86586206896555,330.2416628180603,0.0,2,28,False,normal
ACC_00215,12,12,1.0,0.0005294328734475608,0.008027970835287597,0.0036231884057971015,19186.05,14316.0,29,27,12,12,661.5879310344827,360.93141767792275,0.034482758620689655,1,28,False,normal
ACC_01536,6,8,1.2857142857142858,0.00017436667500426027,0.0009497872340425532,0.0,12806.05,4197.53,27,9,8,6,474.29814814814813,247.92125494626524,0.0,1,26,False,normal
ACC_01894,4,12,2.6,0.00030759811724103553,0.001363404255319149,0.0,18694.22,8443.72,32,15,12,4,584.194375,477.7219543864637,0.0,1,30,False,normal
ACC_01081,7,6,0.875,0.00031374457284483247,0.00266,0.0,12417.9,6032.67,29,13,6,7,428.20344827586206,250.41095134193,0.0,1,29,False,normal
ACC_00626,4,15,3.2,0.00011909941366117962,0.0033574468085106383,0.0,19873.06,1811.9,38,6,15,4,522.9752631578948,366.51642385483126,0.02631578947368421,1,34,False,normal
ACC_00890,8,11,1.3333333333333333,0.0006524714825272724,0.003882553191489362,0.017543859649122806,15505.64,16981.42,25,38,11,8,620.2256,403.5658844505236,0.0,1,25,False,normal
ACC_01627,11,9,0.8333333333333334,0.00046242256045783795,0.003034893617021277,0.005263157894736842,14709.78,19371.57,28,40,9,11,525.3492857142858,313.66639840499295,0.0,1,27,False,normal
ACC_00045,7,6,0.875,0.0007413556318440714,0.0003693617021276596,0.01282051282051282,12459.49,13892.73,25,29,6,7,498.3796,327.8243384482,0.0,1,24,False,normal
ACC_00797,5,11,2.0,0.0005757476614337448,0.005399148936170213,0.0,9057.82,14603.69,20,25,11,5,452.89099999999996,335.10993327249304,0.0,2,20,False,normal
ACC_01787,8,5,0.6666666666666666,0.00045975179483834645,7.248539632456402e-05,0.02564102564102564,14959.76,14080.27,27,23,5,8,554.0651851851852,348.96045701009615,0.0,2,27,False,normal
ACC_01730,9,6,0.7,0.0005559258478001783,0.0036817021276595746,0.0,14067.7,16361.73,29,31,6,9,485.0931034482759,298.8835808603106,0.0,1,29,False,normal
ACC_00228,7,10,1.375,0.0007125446371741234,0.00024218650066089626,0.007352941176470588,14426.86,19194.9,27,28,10,7,534.3281481481482,349.6953138864332,0.0,1,27,False,normal
ACC_01981,13,7,0.5714285714285714,0.0008882128908810392,0.0017931914893617022,0.021052631578947368,16185.53,20063.85,34,44,7,13,476.045,370.25189041933453,0.029411764705882353,1,33,False,normal
ACC_01141,9,9,1.0,0.0005280187412190082,0.0017395744680851065,0.013071895424836602,8008.84,8479.630000000001,17,20,9,9,471.10823529411766,301.95657500780004,0.0,1,17,False,normal
ACC_00777,5,4,0.8333333333333334,0.00048423194460786773,0.0001225531914893617,0.0,15928.130000000001,10187.91,31,20,4,5,513.8106451612904,281.2277559907093,0.0,1,29,False,normal
ACC_00584,9,10,1.1,0.0003941026460600139,0.0031091971176395346,0.0,15131.06,10638.61,28,28,10,9,540.395,379.86673643285496,0.0,1,26,False,normal
ACC_01529,9,5,0.6,0.00033082942917119065,0.002921587856564192,0.01098901098901099,15644.2,9217.35,26,25,5,9,601.7,455.1623994488121,0.0,1,26,False,normal
ACC_01234,4,8,1.8,0.00034495306431039897,0.0005628277832260266,0.0,9744.93,8889.59,20,15,8,4,487.2465,376.1994894548006,0.0,2,20,False,normal
ACC_00108,9,7,0.8,0.0006360833298185259,0.0006915959578731932,0.0,20137.07,18751.09,34,39,7,9,592.2667647058823,369.442305691525,0.0,1,34,False,normal
ACC_00849,5,11,2.0,0.000517591251706253,0.0004178723404255319,0.0,12848.31,16165.89,23,36,11,5,558.6221739130434,495.5284812744371,0.0,1,23,False,normal
ACC_00841,5,10,1.8333333333333333,0.0002018765589486118,0.003505531914893617,0.009523809523809525,6549.13,5250.0599999999995,16,14,10,5,409.320625,405.65200783378776,0.0,1,16,False,normal
ACC_00578,11,9,0.8333333333333334,0.0004778086084084744,0.010741482965931864,0.010526315789473684,12454.25,13843.21,23,23,9,11,541.4891304347826,433.5986846037688,0.0,1,23,False,normal
ACC_01597,3,11,3.0,0.000376370248945193,0.0006731914893617022,0.01098901098901099,15870.99,7279.49,30,10,11,3,529.033,577.3426595762276,0.0,1,29,False,normal
ACC_00733,14,4,0.3333333333333333,0.0004998226042470257,0.003137021276595745,0.006535947712418301,9526.07,11154.11,23,26,4,14,414.1769565217391,234.10977049306635,0.043478260869565216,1,23,False,normal
ACC_01720,6,11,1.7142857142857142,0.0001609771125384664,0.0006987234042553192,0.014705882352941176,10107.76,4841.99,17,10,11,6,594.5741176470589,362.31378606911346,0.0,1,16,False,normal
ACC_01262,14,9,0.6666666666666666,0.0015781993126258078,0.0014403274634375133,0.003952569169960474,11572.189999999999,27447.239999999998,17,56,9,14,680.7170588235293,612.337513271528,0.0,1,17,False,normal
ACC_01690,7,9,1.25,0.00036239021012362247,0.005373617021276596,0.0,10959.68,9442.57,26,14,9,7,421.5261538461539,371.7887782177071,0.0,1,26,False,normal
ACC_01870,4,8,1.8,0.00023696116124939174,0.0006391489361702128,0.0,9857.51,5667.61,24,15,8,4,410.7295833333333,265.7284984222277,0.0,1,24,False,normal
ACC_01845,8,8,1.0,0.000437151485361631,0.004961702127659575,0.016666666666666666,10828.75,11634.09,24,27,8,8,451.1979166666667,305.79247626282324,0.0,1,22,False,normal
ACC_00328,8,7,0.8888888888888888,0.0007757378402704785,0.0007838297872340426,0.01904761904761905,10923.529999999999,23389.78,20,50,7,8,546.1764999999999,375.2747696411398,0.05,1,20,False,normal
ACC_01499,7,6,0.875,0.00029509893671530204,0.0014791489361702128,0.038461538461538464,15580.54,5928.69,34,16,6,7,458.25117647058823,328.2415345236687,0.0,1,33,False,normal
ACC_01447,5,11,2.0,0.0006404681307732381,0.0010331914893617021,0.0,10295.48,13299.85,22,30,11,5,467.9763636363636,376.73276928456045,0.0,1,22,False,normal
ACC_01498,12,10,0.8461538461538461,0.0007353349774570674,0.003145531914893617,0.004329004329004329,8438.24,27701.21,23,49,10,12,366.88,180.17317013463364,0.0,1,23,False,normal
ACC_00496,10,7,0.7272727272727273,0.0006339178777716941,0.0020851063829787236,0.0,8374.25,13750.27,19,33,7,10,440.75,243.72717855558633,0.0,1,19,False,normal
ACC_00223,11,13,1.1666666666666667,0.0010120866596752729,0.003753191489361702,0.007246376811594203,15327.86,32277.76,29,60,13,11,528.5468965517241,316.4594154311491,0.0,1,29,False,normal
ACC_01836,13,7,0.5714285714285714,0.0006658621044120693,0.004748085106382979,0.005263157894736842,14669.42,21314.56,31,49,7,13,473.20709677419353,328.1627292588597,0.0,1,29,False,normal
ACC_01087,5,6,1.1666666666666667,0.00038346870838748987,0.0004417021276595745,0.022222222222222223,8614.82,6277.99,14,13,6,5,615.3442857142857,666.9386789562532,0.0,1,14,False,normal
ACC_00782,11,9,0.8333333333333334,0.00046648650090614827,0.0013029787234042553,0.010526315789473684,16617.61,13717.64,31,29,9,11,536.051935483871,354.9295010037848,0.0,1,31,False,normal
ACC_01151,7,8,1.125,0.0006163039401303511,0.00444936170212766,0.009523809523809525,17881.63,18895.96,35,36,8,7,510.90371428571433,349.6724491332669,0.02857142857142857,1,33,False,normal
ACC_01413,10,8,0.8181818181818182,0.0003180016779280026,0.004650212765957447,0.013071895424836602,12068.71,8726.34,22,22,8,10,548.5777272727272,303.1542421328789,0.0,1,22,False,normal
ACC_00597,5,6,1.1666666666666667,0.00042208818151009936,0.00040085106382978724,0.0,15799.73,10658.369999999999,33,23,6,5,478.77969696969694,295.9984314726689,0.0,2,33,False,normal
ACC_01590,8,6,0.7777777777777778,0.00035614141532320836,0.0006387242570246877,0.0,9393.72,9100.26,22,22,6,8,426.9872727272727,254.4358979648119,0.0,1,22,False,normal
ACC_00335,6,9,1.4285714285714286,0.0003648518500137998,0.0009702127659574468,0.01904761904761905,10035.05,12456.27,22,22,9,6,456.13863636363635,399.2811766316284,0.0,1,22,False,normal
ACC_01416,15,8,0.5625,0.0013985862105203193,0.0010331914893617021,0.007905138339920948,15368.4,34510.51,30,53,8,15,512.28,360.47214226861433,0.03333333333333333,1,30,False,normal
ACC_00517,6,9,1.4285714285714286,0.0004393911022975573,0.0028502127659574467,0.01904761904761905,10342.59,7856.39,21,20,9,6,492.50428571428574,247.31847867823038,0.0,1,20,False,normal
ACC_01792,1,8,4.5,7.484844486533878e-05,0.0002711806591907219,0.0,12759.630000000001,509.5,25,1,8,1,510.38520000000005,347.1175356912026,0.0,1,25,False,normal
ACC_01379,9,8,0.9,0.00037267768465539013,0.00522491792094828,0.0,12693.369999999999,15241.45,28,35,8,9,453.3346428571428,326.3660733716295,0.0,1,28,False,normal
ACC_00695,7,9,1.25,0.0002491974740558554,0.004985531914893617,0.0,17631.83,7724.81,34,17,9,7,518.5832352941177,310.24294900024273,0.029411764705882353,1,32,False,normal
ACC_00880,7,11,1.5,0.00042252693126884996,0.0021293617021276596,0.0,12506.58,12182.9,26,23,11,7,481.02230769230766,260.01361494056715,0.0,1,26,False,normal
ACC_01797,9,7,0.8,0.0006686801138442666,0.0024048096192384773,0.008333333333333333,16918.83,11081.1,31,24,7,9,545.7687096774195,384.20229354461986,0.0,1,29,False,normal
ACC_01874,3,6,1.75,0.00026170663853098796,5.3617021276595745e-05,0.0,14056.86,3895.7599999999998,22,6,6,3,638.9481818181819,370.56062694808236,0.0,2,22,False,normal
ACC_01085,7,5,0.75,0.00036248371157938735,0.0021463829787234045,0.015151515151515152,7790.45,12297.24,20,23,5,7,389.5225,219.6676785001189,0.0,1,20,False,normal
ACC_00379,5,11,2.0,0.0002953895049957722,0.0015387234042553192,0.0,13131.56,6160.0,23,15,11,5,570.9373913043478,387.5968290776735,0.0,1,23,False,normal
ACC_00790,3,11,3.0,0.00043431672480570923,1.7021276595744682e-06,0.01098901098901099,10487.8,5377.73,21,14,11,3,499.4190476190476,376.7467209930932,0.047619047619047616,1,21,False,normal
ACC_01077,6,5,0.8571428571428571,0.00032764623011896887,0.0008868085106382979,0.0,14538.4,8637.73,24,12,5,6,605.7666666666667,316.9565407826876,0.0,1,24,False,normal
ACC_00012,5,9,1.6666666666666667,0.00040122471501904294,0.001799148936170213,0.01098901098901099,11773.25,10254.36,27,21,9,5,436.0462962962963,285.2231984732193,0.07407407407407407,1,27,False,normal
ACC_00541,9,8,0.9,0.0006239306786060471,0.0015463829787234044,0.014705882352941176,10861.09,18984.54,20,34,8,9,543.0545,307.4481309009272,0.0,1,20,False,normal
ACC_00896,4,11,2.4,0.0003066995337156855,0.0022561702127659577,0.0,16675.42,11549.08,31,17,11,4,537.9167741935483,299.7207312414575,0.03225806451612903,1,31,False,normal
ACC_00156,8,7,0.8888888888888888,0.0008402186103465637,0.0001353191489361702,0.009523809523809525,13480.95,24068.81,29,48,7,8,464.86034482758623,299.8294661789641,0.0,2,28,False,normal
ACC_01027,10,6,0.6363636363636364,0.0006395094934035648,0.0023693617021276598,0.016666666666666666,14210.57,14812.99,29,30,6,10,490.01965517241376,351.1391761262066,0.034482758620689655,1,28,False,normal
ACC_00958,5,6,1.1666666666666667,0.0005700333936592681,0.0004280902229991899,0.0,12554.33,15759.74,28,32,6,5,448.36892857142857,257.8145664266712,0.0,1,28,False,normal
ACC_01407,9,8,0.9,0.000737501839422613,5.1063829787234044e-05,0.007352941176470588,10940.37,18153.09,23,38,8,9,475.66826086956524,349.77615956042223,0.0,1,23,False,normal
ACC_01658,6,8,1.2857142857142858,0.0003465746918487963,0.00027574468085106386,0.0,11593.8,6547.27,26,12,8,6,445.9153846153846,289.2156065530457,0.0,1,26,False,normal
ACC_00810,8,10,1.2222222222222223,0.00027149045209222145,0.0017685106382978725,0.013071895424836602,14686.4,4726.349999999999,27,13,10,8,543.9407407407407,286.29676746510546,0.0,1,27,False,normal
ACC_00042,5,6,1.1666666666666667,0.0005608006716247561,0.0010927659574468086,0.01818181818181818,11461.37,15011.56,27,26,6,5,424.4951851851852,295.68011176803327,0.0,1,25,False,normal
ACC_01177,9,5,0.6,0.0005378913062464617,0.00010212765957446809,0.01098901098901099,18961.51,13526.55,34,27,5,9,557.6914705882352,321.1891068300055,0.029411764705882353,2,33,False,normal
ACC_00491,6,9,1.4285714285714286,0.0005726398918081748,0.0008876595744680851,0.02857142857142857,12232.02,13401.2,23,26,9,6,531.8269565217391,359.8867943905136,0.0,1,23,False,normal
ACC_00089,10,9,0.9090909090909091,0.0006772014885101876,0.0016885106382978725,0.005847953216374269,15114.24,16271.7,27,34,9,10,559.7866666666666,320.76963082801103,0.0,1,27,False,normal
ACC_01195,9,6,0.7,0.0005590029383064372,0.0007463829787234043,0.009523809523809525,12749.84,14380.46,25,30,6,9,509.9936,402.35744628667345,0.0,1,25,False,normal
ACC_01847,10,12,1.1818181818181819,0.0005406631996634828,0.0008553191489361703,0.008658008658008658,13260.9,14782.18,24,22,12,10,552.5375,310.4049862924521,0.0,1,23,False,normal
ACC_01642,8,10,1.2222222222222223,0.0002403889143712535,0.006650212765957447,0.006535947712418301,9610.06,4908.12,20,10,10,8,480.503,516.4529626016293,0.0,1,20,False,normal
ACC_00225,11,6,0.5833333333333334,0.0006243462224912705,0.0036697872340425534,0.029411764705882353,11724.95,14834.84,23,35,6,11,509.7804347826087,501.8677693873182,0.0,1,22,False,normal
ACC_00679,8,9,1.1111111111111112,0.0002782010945928424,0.0005770212765957447,0.007352941176470588,18805.72,7043.8,31,14,9,8,606.636129032258,392.6458833578285,0.0,1,31,False,normal
ACC_00346,7,9,1.25,0.00036207500577689345,0.0014646808510638298,0.016666666666666666,13288.77,10115.970000000001,24,15,9,7,553.69875,405.47909629616197,0.041666666666666664,1,24,False,normal
ACC_00199,9,4,0.5,0.00047221803488716314,0.002564255319148936,0.01282051282051282,13876.89,13800.15,28,25,4,9,495.6032142857143,323.2011414773294,0.0,1,27,False,normal
ACC_00901,7,9,1.25,0.0002858329558048609,0.0015591489361702127,0.016666666666666666,18197.69,9625.08,23,16,9,7,791.2039130434782,689.9699749181391,0.043478260869565216,1,23,False,normal
ACC_00941,7,9,1.25,0.00028679537072072263,0.005492765957446809,0.0,11243.1,9286.33,23,19,9,7,488.83043478260873,425.5659959553145,0.043478260869565216,1,23,False,normal
ACC_01683,8,8,1.0,0.0006368573668677396,0.0016936170212765958,0.03333333333333333,9606.89,22606.87,22,42,8,8,436.67681818181813,256.9953123045959,0.045454545454545456,1,22,False,normal
ACC_01911,10,5,0.5454545454545454,0.00047070302194254955,0.0,0.009523809523809525,17497.75,9900.38,32,18,5,10,546.8046875,382.66724670805706,0.0,1,32,False,normal
ACC_00549,3,9,2.5,0.000302266440688501,0.0008119148936170213,0.015151515151515152,7427.5599999999995,3812.27,17,7,9,3,436.915294117647,308.11301918122604,0.0,1,17,False,normal
ACC_01220,4,6,1.4,0.00027711632833885285,4.263846842621413e-06,0.0,11288.91,7308.47,21,19,6,4,537.5671428571428,313.9630074410496,0.047619047619047616,1,21,False,normal
ACC_00165,3,3,1.0,0.0001123483455232613,5.106382978723404e-06,0.0,8838.72,2996.58,23,6,3,3,384.2921739130434,217.4280917485662,0.0,1,23,False,normal
ACC_01481,9,10,1.1,0.0002583882081372674,0.005951489361702128,0.005847953216374269,10508.72,5074.3,21,13,10,9,500.41523809523807,303.0710114580252,0.0,1,21,False,normal
ACC_00903,5,10,1.8333333333333333,0.0001624647914242121,0.003825531914893617,0.0,14053.93,3290.31,24,8,10,5,585.5804166666667,391.56210530197444,0.0,2,24,False,normal
ACC_01961,8,9,1.1111111111111112,0.0008168052123749882,0.00017106382978723404,0.0,15521.9,19814.53,30,43,9,8,517.3966666666666,307.2063329126032,0.06666666666666667,1,30,False,normal
ACC_00473,6,4,0.7142857142857143,0.0002625618637315834,0.0015753191489361702,0.0,11800.63,6014.79,23,21,4,6,513.0708695652173,310.9477378612484,0.0,2,21,False,normal
ACC_01618,5,8,1.5,0.00046977659758440577,3.1489361702127664e-05,0.0,15555.74,11646.77,29,21,8,5,536.4048275862069,408.54551150235295,0.0,1,29,False,normal
ACC_01423,12,8,0.6923076923076923,0.0005507398423041346,0.0028008510638297874,0.0,12207.11,15123.59,28,34,8,12,435.9682142857143,286.60008998284457,0.0,1,28,False,normal
ACC_01762,10,7,0.7272727272727273,0.0007851093456708535,0.0006459574468085107,0.022058823529411766,13013.55,17218.28,26,31,7,10,500.5211538461538,339.93643767418547,0.0,1,24,False,normal
ACC_00900,6,10,1.5714285714285714,0.0004165902347207344,0.0005012765957446808,0.008333333333333333,12724.98,16761.1,28,25,10,6,454.4635714285714,274.7184392443408,0.0,1,27,False,normal
ACC_01919,6,8,1.2857142857142858,0.000561304928856109,3.4110774740971306e-06,0.0,16054.55,14709.34,31,24,8,6,517.8887096774193,323.86503690829755,0.0,1,31,False,normal
ACC_01869,10,8,0.8181818181818182,0.000637168172506815,0.004094468085106383,0.0,6605.45,18747.97,15,32,8,10,440.36333333333334,370.2047190921467,0.0,1,15,False,normal
ACC_00545,4,7,1.6,0.0001191175313374497,0.004272340425531915,0.01818181818181818,16077.02,2302.09,27,9,7,4,595.4451851851852,389.728216901218,0.0,1,26,False,normal
ACC_00325,6,9,1.4285714285714286,0.0004285920768539618,0.00031404255319148936,0.009523809523809525,15012.51,13128.6,28,22,9,6,536.1610714285714,331.2864756642939,0.0,1,28,False,normal
ACC_00261,11,9,0.8333333333333334,0.0007864163023597808,0.0023693617021276598,0.0,15035.28,28553.350000000002,26,55,9,11,578.28,412.954773407452,0.0,1,25,False,normal
ACC_00226,9,7,0.8,0.0005619290943717895,7.48936170212766e-05,0.0,14327.9,16912.45,19,30,7,9,754.1,573.6937799228978,0.0,1,19,False,normal
ACC_01756,6,4,0.7142857142857143,0.00031949810489549196,0.0007131914893617022,0.022222222222222223,6063.99,8265.84,12,17,4,6,505.3325,316.7991939591732,0.0,1,12,False,normal
ACC_00350,7,5,0.75,0.000760301100761412,0.00021446808510638298,0.0,9279.44,13816.34,20,28,5,7,463.97200000000004,347.3690197621634,0.0,1,20,False,normal
ACC_01565,8,7,0.8888888888888888,0.0007909087887845984,0.00012680851063829788,0.01904761904761905,15902.97,18450.31,27,32,7,8,588.9988888888888,315.59855465854736,0.0,1,26,False,normal
ACC_00287,4,9,2.0,0.00040528846645555415,9.531914893617021e-05,0.01282051282051282,12015.29,10897.8,26,17,9,4,462.1265384615385,334.5439960536409,0.0,2,25,False,normal
ACC_01201,6,5,0.8571428571428571,0.00033348382386061854,0.0026265296550547906,0.0,12322.59,7323.35,25,12,5,6,492.9036,397.02561621680445,0.0,1,25,False,normal
ACC_01096,9,7,0.8,0.0006239960940629874,0.00293906962861894,0.0,15271.15,20870.58,25,46,7,9,610.846,406.74722348980663,0.0,1,24,False,normal
ACC_01066,15,10,0.6875,0.0011122361773844226,0.013220851063829787,0.006666666666666667,11674.550000000001,26606.06,24,58,10,15,486.43958333333336,408.7787998467713,0.0,1,24,False,normal
ACC_01921,8,9,1.1111111111111112,0.0005341943034445587,0.009354042553191489,0.0,9411.86,12160.01,23,27,9,8,409.2113043478261,306.78362394519786,0.0,1,23,False,normal
ACC_00456,4,12,2.6,0.0007329196586427753,0.0007268085106382979,0.008333333333333333,9504.19,10886.77,24,20,12,4,396.0079166666667,325.6182730955557,0.0,1,24,False,normal
ACC_00974,8,11,1.3333333333333333,0.000485576410742298,0.0014808510638297872,0.011695906432748537,11872.67,11478.33,30,29,11,8,395.7556666666667,248.06005693398518,0.0,2,29,False,normal
ACC_01358,7,9,1.25,0.0002733697991224443,0.0027211870549609858,0.0,12247.77,7162.7,25,15,9,7,489.9108,249.13088735174262,0.0,1,25,False,normal
ACC_00367,13,8,0.6428571428571429,0.0006067201696872701,0.0023582978723404257,0.01904761904761905,9315.65,20247.82,20,47,8,13,465.78249999999997,348.56211962975755,0.05,1,19,False,normal
ACC_01340,8,11,1.3333333333333333,0.0005912780684177409,0.003222615443653264,0.017543859649122806,11521.0,23079.03,29,39,11,8,397.2758620689655,201.7719344691151,0.0,1,28,False,normal
ACC_01562,12,10,0.8461538461538461,0.0007414448078458179,0.0023135632968063788,0.008658008658008658,16689.91,20213.12,34,37,10,12,490.87970588235294,388.7389052298533,0.029411764705882353,1,33,False,normal
ACC_01986,12,11,0.9230769230769231,0.0009346488084421315,0.00264,0.011857707509881422,14316.48,28147.39,28,55,11,12,511.30285714285714,376.7208681244288,0.0,1,28,False,normal
ACC_00710,12,5,0.46153846153846156,0.0006846980455937257,0.0016637530379908754,0.0,9944.64,19465.76,23,39,5,12,432.375652173913,380.6578426263729,0.043478260869565216,1,22,False,normal
ACC_00682,10,6,0.6363636363636364,0.0005077990118998178,0.0011276595744680851,0.0,12856.17,14816.88,21,27,6,10,612.1985714285714,414.8527957515258,0.0,2,21,False,normal
ACC_00450,4,6,1.4,0.00021978826981305837,0.0010765957446808511,0.0,10691.34,4982.48,20,9,6,4,534.567,343.0885988702289,0.05,1,20,False,normal
ACC_00105,7,6,0.875,0.0004108537249550547,0.0008646808510638298,0.0,12909.86,13083.8,27,25,6,7,478.142962962963,369.71923525015586,0.0,1,26,False,normal
ACC_01570,7,7,1.0,0.0004009544457136448,0.002759148936170213,0.0,14981.210000000001,11544.13,23,23,7,7,651.3569565217392,387.932535037107,0.0,1,23,False,normal
ACC_01446,11,5,0.5,0.0005594239899803904,0.0011421276595744681,0.008333333333333333,9358.07,26235.58,20,46,5,11,467.9035,431.5390504288112,0.0,1,20,False,normal
ACC_01953,4,9,2.0,0.0001715683138087803,0.0004425873022641027,0.015151515151515152,17215.41,2566.23,29,9,9,4,593.6348275862069,380.73052255425165,0.034482758620689655,1,29,False,normal
ACC_01868,8,6,0.7777777777777778,0.0004670869538387061,0.0018408510638297873,0.01098901098901099,16738.58,12969.76,30,26,6,8,557.9526666666667,423.92911022491944,0.0,1,30,False,normal
ACC_00700,5,6,1.1666666666666667,0.00017696720669012074,0.00282948876476357,0.0,10492.65,5719.49,18,16,6,5,582.925,406.2647187161708,0.0,1,18,False,normal
ACC_01631,9,6,0.7,0.0005783011796744517,0.0011642553191489361,0.0,12201.08,19874.79,23,42,6,9,530.4817391304348,319.0519978517633,0.0,1,23,False,normal
ACC_00206,8,7,0.8888888888888888,0.00033519663155980864,0.0018453929134865476,0.0,11898.94,8474.73,26,20,7,8,457.6515384615385,245.32180567886434,0.0,1,25,False,normal
ACC_00747,4,4,1.0,0.00013418616320251116,0.0007461731974587473,0.03571428571428571,14874.53,2540.59,27,9,4,4,550.9085185185186,324.7368094639068,0.0,1,25,False,normal
ACC_01035,9,8,0.9,0.00029436100837356235,0.0011302127659574468,0.014705882352941176,19008.62,6239.29,29,13,8,9,655.4696551724138,446.5231014459128,0.0,1,29,False,normal
ACC_01138,10,9,0.9090909090909091,0.0009973598550094345,0.002134468085106383,0.017543859649122806,12624.81,27835.649999999998,20,45,9,10,631.2405,432.98391716181504,0.0,1,20,False,normal
ACC_01750,5,5,1.0,0.00035945194362116406,7.404255319148937e-05,0.0,16600.65,9348.93,29,15,5,5,572.4362068965518,366.0043423963105,0.06896551724137931,2,29,False,normal
ACC_00338,6,7,1.1428571428571428,0.0003288459419431125,0.0014936170212765958,0.0,15926.43,13432.52,28,28,7,6,568.8010714285714,323.6328968919281,0.0,2,28,False,normal
ACC_01368,4,9,2.0,0.00032068373366275126,0.0047565957446808515,0.0,14761.51,5823.34,29,10,9,4,509.01758620689657,336.1687094478346,0.0,1,29,False,normal
ACC_00827,9,11,1.2,0.00035508685569973357,0.005114910672408647,0.005263157894736842,10043.47,11010.15,19,25,11,9,528.6036842105262,333.33951329622084,0.05263157894736842,1,19,False,normal
ACC_01784,10,4,0.45454545454545453,0.000625040919783007,0.002188936170212766,0.0,9185.73,18508.85,19,35,4,10,483.4594736842105,339.98010944226473,0.0,1,19,False,normal
ACC_00773,15,4,0.3125,0.0014356858631254183,0.00042638468426214134,0.0,13889.32,36812.05,30,62,4,15,462.9773333333333,420.6204691752357,0.0,1,29,False,normal
ACC_01456,8,8,1.0,0.0003089332507151688,0.0008008510638297873,0.0,17879.989999999998,8614.98,29,20,8,8,616.5513793103447,502.54029195765656,0.0,1,28,False,normal
ACC_00243,8,10,1.2222222222222223,0.0006880933887265673,0.0025097872340425534,0.013071895424836602,12038.56,16076.27,23,30,10,8,523.415652173913,368.41252192007516,0.043478260869565216,2,23,False,normal
ACC_01996,9,9,1.0,0.0009795900659584252,0.0011404255319148937,0.0196078431372549,14689.42,19645.56,30,36,9,9,489.64733333333334,237.45271713628017,0.0,1,29,False,normal
ACC_01378,8,9,1.1111111111111112,0.0005964068700723473,0.002758297872340426,0.029411764705882353,11279.37,13749.19,20,29,9,8,563.9685000000001,376.1256313531284,0.05,1,19,False,normal
ACC_01789,10,11,1.0909090909090908,0.0004892908527195932,0.005651063829787234,0.009523809523809525,11896.53,20560.37,28,36,11,10,424.87607142857144,271.88213104264685,0.0,2,28,False,normal
ACC_01415,4,7,1.6,0.00023726488656786708,0.00039483221762674287,0.01818181818181818,11769.19,4569.72,20,7,7,4,588.4595,468.2517889866632,0.1,1,19,False,normal
ACC_00755,8,3,0.4444444444444444,0.0005213386480640468,5.8723404255319154e-05,0.0,18900.32,11097.11,35,26,3,8,540.0091428571428,396.9550325353314,0.0,1,33,False,normal
ACC_01600,6,11,1.7142857142857142,0.00028615485009803846,0.004021276595744681,0.0,11942.65,6850.71,27,14,11,6,442.32037037037037,223.9208972706052,0.0,1,27,False,normal
ACC_00138,6,10,1.5714285714285714,0.0006611778610172535,0.002238297872340426,0.0,13148.74,11714.67,29,23,10,6,453.40482758620686,323.2213597037164,0.034482758620689655,1,29,False,normal
ACC_01053,7,7,1.0,0.0004900200389818586,0.00045531914893617024,0.01098901098901099,13059.46,15335.28,22,31,7,7,593.6118181818182,481.83502595248507,0.045454545454545456,2,21,False,normal
ACC_00184,13,7,0.5714285714285714,0.0010240500394560672,0.002362171150812263,0.010526315789473684,12782.55,22949.67,24,47,7,13,532.6062499999999,291.5397205664003,0.0,1,24,False,normal
ACC_00374,6,7,1.1428571428571428,0.0004339847268375416,0.0015255319148936171,0.01282051282051282,13886.29,9184.58,23,20,7,6,603.7517391304348,274.5922909374779,0.0,1,23,False,normal
ACC_00203,9,6,0.7,0.0007067185872349973,0.0005082505436404725,0.009523809523809525,11216.67,21571.46,24,43,6,9,467.36125,326.3729001872405,0.041666666666666664,1,24,False,normal
ACC_00538,12,10,0.8461538461538461,0.0005944765987455986,0.00425531914893617,0.0,15093.130000000001,15856.539999999999,32,29,10,12,471.66031250000003,276.82043024878965,0.0,2,32,False,normal
ACC_00772,6,4,0.7142857142857143,0.0003225791622178696,0.00024851063829787237,0.022222222222222223,8301.7,6082.18,19,18,4,6,436.93157894736845,238.67737318311228,0.0,1,19,False,normal
ACC_00256,9,11,1.2,0.00040997612719424645,0.006309787234042553,0.0,9593.33,11241.03,22,21,11,9,436.06045454545455,291.9351256126097,0.0,1,22,False,normal
ACC_01602,7,8,1.125,0.00032958794278839477,0.0003828934464674029,0.0,13784.84,10762.82,21,18,8,7,656.4209523809524,581.2999694813751,0.047619047619047616,1,20,False,normal
ACC_00436,12,9,0.7692307692307693,0.0007368294428475044,0.005153191489361703,0.014285714285714285,17549.95,15173.71,29,33,9,12,605.1706896551724,422.02527768683507,0.06896551724137931,1,29,False,normal
ACC_01886,6,6,1.0,0.00022869603514802516,0.00114697480066516,0.015151515151515152,14415.789999999999,6439.01,29,17,6,6,497.0962068965517,308.79952410693573,0.0,1,28,False,normal
ACC_00139,11,10,0.9166666666666666,0.0006838980876894844,0.002086808510638298,0.009523809523809525,20177.03,25059.33,35,49,10,11,576.4865714285714,367.2682833389274,0.02857142857142857,1,34,False,normal
ACC_00588,4,9,2.0,0.0001272625709436154,0.003062294802370699,0.01282051282051282,13034.65,2376.91,29,8,9,4,449.4706896551724,313.5294963103954,0.0,1,29,False,normal
ACC_01187,5,11,2.0,0.00028600330817836505,0.0016314893617021277,0.016666666666666666,11026.79,8808.66,24,20,11,5,459.44958333333335,363.6746410386645,0.0,1,22,False,normal
ACC_00934,8,8,1.0,0.0004535460090198867,0.0010872809448684603,0.0,14044.01,14955.380000000001,26,27,8,8,540.1542307692308,346.852718555563,0.0,1,26,False,normal
ACC_00666,6,5,0.8571428571428571,0.0004025840377012624,0.0009029787234042554,0.0,8603.25,8219.85,17,17,5,6,506.0735294117647,284.8076358909022,0.058823529411764705,1,17,False,normal
ACC_01752,6,7,1.1428571428571428,0.0003898305051736283,0.00031637743572250887,0.01282051282051282,14619.369999999999,7434.48,31,13,7,6,471.59258064516126,357.6361726854797,0.0,1,30,False,normal
ACC_01520,9,7,0.8,0.00027127435160229074,0.006364217797296722,0.008333333333333333,12598.27,6901.59,25,13,7,9,503.93080000000003,351.1444896088599,0.0,1,25,False,normal
ACC_01278,8,5,0.6666666666666666,0.00026998526812197095,0.005331063829787234,0.01282051282051282,15047.48,7398.23,30,15,5,8,501.5826666666666,498.60459507912987,0.0,1,27,False,normal
ACC_01280,13,9,0.7142857142857143,0.001152216689840277,0.0033360337696669937,0.012987012987012988,8729.67,32849.85,21,63,9,13,415.6985714285714,246.50958123946654,0.0,1,21,False,normal
ACC_01279,10,4,0.45454545454545453,0.0003772681748759017,0.00531404255319149,0.01098901098901099,8364.64,9844.11,21,19,4,10,398.31619047619046,237.10909194875236,0.0,1,21,False,normal
ACC_01102,6,5,0.8571428571428571,0.0005483578293395057,0.0,0.03636363636363636,9956.52,12598.11,21,25,5,6,474.12,280.7620541134432,0.0,1,21,False,normal
ACC_00210,11,9,0.8333333333333334,0.000959108158678176,0.0007148936170212766,0.0,14799.01,27142.91,32,57,9,11,462.4690625,347.0623377338519,0.0,1,31,False,normal
ACC_00973,5,5,1.0,0.00043777847817333735,2.297872340425532e-05,0.0,10083.39,10552.89,21,23,5,5,480.16142857142853,331.06087849949466,0.047619047619047616,1,21,False,normal
ACC_01682,8,6,0.7777777777777778,0.0012117065577973178,0.0,0.01098901098901099,14198.15,28299.91,26,55,6,8,546.0826923076922,445.94263546386935,0.0,1,26,False,normal
ACC_00382,10,7,0.7272727272727273,0.0008036027368526594,0.0029021276595744684,0.007352941176470588,14756.18,16205.18,32,30,7,10,461.130625,294.9179961467419,0.0,1,31,False,normal
ACC_00996,8,8,1.0,0.0003145833098016516,0.0020680851063829787,0.0,12795.08,9443.81,29,25,8,8,441.2096551724138,328.36463689105,0.034482758620689655,1,29,False,normal
ACC_01216,7,9,1.25,0.00044984782815033825,0.0021685106382978723,0.0,12426.25,13677.55,25,32,9,7,497.05,325.99923319183847,0.0,1,25,False,normal
ACC_01382,9,6,0.7,0.0007946789663880078,0.0022893617021276596,0.0,7229.46,22131.53,19,42,6,9,380.4978947368421,265.5452893487694,0.0,2,19,False,normal
ACC_01532,9,11,1.2,0.0009179539814116694,0.00304,0.005263157894736842,12648.32,26564.68,24,42,11,9,527.0133333333333,284.7639606634829,0.0,2,24,False,normal
ACC_00421,15,10,0.6875,0.0005883958508512156,0.0020382978723404257,0.0033333333333333335,12034.98,22717.51,23,46,10,15,523.26,356.3637094063006,0.0,1,23,False,normal
ACC_00634,4,9,2.0,0.0001628138724075634,0.001628936170212766,0.01282051282051282,17176.05,4131.74,31,8,9,4,554.066129032258,386.65306767762246,0.03225806451612903,1,30,False,normal
ACC_00874,16,8,0.5294117647058824,0.0006748245261180677,0.0029982978723404256,0.014492753623188406,10108.4,23805.0,23,62,8,16,439.495652173913,273.4308497063677,0.043478260869565216,1,22,False,normal
ACC_00712,11,6,0.5833333333333334,0.0006286732269869387,0.0005268085106382978,0.007352941176470588,10726.01,16998.62,21,34,6,11,510.76238095238097,325.65330922477614,0.0,1,21,False,normal
ACC_01760,7,9,1.25,0.0006205680927471568,0.0017191489361702127,0.008333333333333333,12591.84,13189.99,33,21,9,7,381.5709090909091,286.50776704528056,0.0,1,33,False,normal
ACC_01315,9,8,0.9,0.0008402571968201905,0.0008782978723404256,0.0,14438.1,18093.12,31,43,8,9,465.7451612903226,368.93914173723346,0.0,1,31,False,normal
ACC_01817,16,8,0.5294117647058824,0.0011619744206864428,0.005137935445358803,0.007246376811594203,16907.9,26835.5,35,51,8,16,483.08285714285716,302.34104778205284,0.0,2,34,False,normal
ACC_00722,7,4,0.625,0.0009161916283457978,3.574468085106383e-05,0.0,12189.8,16984.079999999998,25,33,4,7,487.592,368.01731261359606,0.0,1,25,False,normal
ACC_00806,5,11,2.0,0.0002292103288222232,0.0008697872340425533,0.008333333333333333,19452.81,4762.16,28,12,11,5,694.7432142857143,442.684469270981,0.0,1,27,False,normal
ACC_00167,6,5,0.8571428571428571,0.00017961398501931879,0.002301276595744681,0.0,12034.130000000001,5137.1900000000005,23,17,5,6,523.2230434782609,344.97905998948005,0.08695652173913043,1,23,False,normal
ACC_01670,7,11,1.5,0.0004125562497789629,0.00016,0.006535947712418301,12786.050000000001,14423.7,27,34,11,7,473.5574074074074,303.0308682879149,0.0,1,27,False,normal
ACC_00196,10,3,0.36363636363636365,0.0010590340672705185,0.0003421276595744681,0.01282051282051282,10327.74,19834.44,18,32,3,10,573.7633333333333,470.9523824437156,0.05555555555555555,2,18,False,normal
ACC_00512,6,8,1.2857142857142858,0.0003191190627988997,0.0016706382978723404,0.01098901098901099,12911.53,6976.950000000001,28,13,8,6,461.12607142857144,286.4679675110651,0.0,1,28,False,normal
ACC_00564,10,5,0.5454545454545454,0.0002620451566507984,0.0027715004477039187,0.02857142857142857,12410.6,9197.0,24,23,5,10,517.1083333333333,415.95780824571585,0.0,1,24,False,normal
ACC_01440,4,10,2.2,0.0006200201057171608,0.0006629787234042554,0.0,12364.99,16623.16,27,28,10,4,457.96259259259256,294.13780940223074,0.037037037037037035,1,27,False,normal
ACC_01345,6,8,1.2857142857142858,0.0003107583345816207,0.00018553191489361704,0.01098901098901099,17540.2,8818.57,32,20,8,6,548.13125,436.00184121207855,0.0,1,32,False,normal
ACC_00342,8,9,1.1111111111111112,0.000435533869475099,0.0010195744680851064,0.007352941176470588,13620.28,11902.05,27,30,9,8,504.4548148148148,415.0170647128248,0.0,1,27,False,normal
ACC_01051,7,9,1.25,0.0005915116577757026,0.004245106382978724,0.0,11685.47,13773.49,28,27,9,7,417.3382142857143,346.01276631397377,0.07142857142857142,1,28,False,normal
ACC_00718,6,9,1.4285714285714286,0.00048166654597847435,0.0017804255319148936,0.02857142857142857,16825.9,10409.22,30,22,9,6,560.8633333333333,442.5079538060408,0.0,1,30,False,normal
ACC_01202,5,9,1.6666666666666667,0.0004744976464485035,0.00014553191489361701,0.01098901098901099,13041.630000000001,11648.57,27,20,9,5,483.02333333333337,290.4739369746251,0.0,2,26,False,normal
ACC_01321,9,7,0.8,0.0004450500548099206,0.00048255319148936173,0.0,17087.79,10687.75,33,26,7,9,517.8118181818182,444.75701689556394,0.030303030303030304,1,33,False,normal
ACC_00776,10,5,0.5454545454545454,0.0004983077851005082,0.0009046808510638298,0.0,13998.94,15698.09,25,33,5,10,559.9576000000001,376.6645603548777,0.0,1,25,False,normal
ACC_01266,9,9,1.0,0.0007719367370017267,0.0006438408732358334,0.006535947712418301,13721.15,19998.2,27,32,9,9,508.19074074074075,295.0596861774284,0.0,2,25,False,normal
ACC_00130,9,12,1.3,0.0009805367267923673,0.004050212765957447,0.009523809523809525,15375.66,20615.32,29,42,12,9,530.1951724137931,320.5653513673782,0.0,1,29,False,normal
ACC_01240,10,6,0.6363636363636364,0.000569516093864472,0.0010238297872340427,0.0,8943.12,15928.34,17,32,6,10,526.0658823529412,376.66369564007005,0.0,1,16,False,normal
ACC_01810,8,4,0.5555555555555556,0.00036117058529403314,0.0010412313989681492,0.0,11423.82,7108.22,18,18,4,8,634.6566666666666,438.1542267955697,0.0,1,18,False,normal
ACC_00269,7,11,1.5,0.0002726223181245829,0.007389787234042554,0.013071895424836602,9033.58,5001.77,23,12,11,7,392.764347826087,299.2374509531927,0.0,1,21,False,normal
ACC_00064,11,4,0.4166666666666667,0.0005516767960078351,0.0021727659574468086,0.01904761904761905,10023.6,18636.36,24,40,4,11,417.65000000000003,258.22916697821114,0.0,1,24,False,normal
ACC_00850,5,7,1.3333333333333333,0.0002557513322663181,0.0015591489361702127,0.015151515151515152,14800.17,6214.19,24,16,7,5,616.67375,400.59464390928184,0.0,1,24,False,normal
ACC_01304,6,8,1.2857142857142858,0.00013168156502309832,0.0056263829787234045,0.01098901098901099,9731.44,1996.18,21,6,8,6,463.4019047619048,327.45416390113365,0.047619047619047616,1,21,False,normal
ACC_01926,6,8,1.2857142857142858,0.0002694446020747304,0.0021566537329979108,0.0,8087.57,5892.68,19,13,8,6,425.6615789473684,244.68649497907768,0.0,1,19,False,normal
ACC_00307,5,10,1.8333333333333333,0.0003903303180957304,0.0013548936170212768,0.0,15336.01,5659.82,24,17,10,5,639.0004166666666,342.2742241495993,0.0,1,24,False,normal
ACC_00719,9,11,1.2,0.0009525896585878045,0.0049012765957446814,0.0,10172.71,16672.09,24,34,11,9,423.86291666666665,373.1956622898942,0.0,1,24,False,normal
ACC_00674,10,7,0.7272727272727273,0.0006158653427705671,0.004299574468085107,0.029411764705882353,16537.71,19376.67,33,39,7,10,501.14272727272726,326.3490919463459,0.0,2,31,False,normal
ACC_00369,10,3,0.36363636363636365,0.0004916293395755586,5.957446808510638e-06,0.01282051282051282,16990.65,12226.57,33,25,3,10,514.8681818181818,383.28419356965526,0.06060606060606061,1,32,False,normal
ACC_00611,7,10,1.375,0.0007843008318259686,0.0015974468085106384,0.007352941176470588,10870.24,16632.5,23,32,10,7,472.6191304347826,221.17806791470582,0.0,1,22,False,normal
ACC_00798,5,5,1.0,0.00034353158320368646,0.006625531914893617,0.0,5096.19,5336.93,9,15,5,5,566.2433333333333,372.70786884636607,0.1111111111111111,1,9,False,normal
ACC_01494,6,12,1.8571428571428572,0.0004393057038724088,0.004194772523770946,0.0,9096.66,14318.49,24,33,12,6,379.0275,212.08365991319064,0.0,1,24,False,normal
ACC_01743,10,11,1.0909090909090908,0.0008390416111458905,0.0014420330021745619,0.009523809523809525,14442.77,23026.51,30,43,11,10,481.4256666666667,340.0371343583575,0.0,1,29,False,normal
ACC_01289,9,9,1.0,0.0008306110073685302,0.0019327659574468086,0.0,12466.87,22329.7,23,42,9,9,542.0378260869566,363.3876632087721,0.043478260869565216,1,22,False,normal
ACC_01755,7,9,1.25,0.0004959503094539993,0.001755744680851064,0.0,11902.119999999999,10451.84,23,26,9,7,517.4834782608696,405.58432143814764,0.043478260869565216,1,23,False,normal
ACC_00451,8,10,1.2222222222222223,0.0006111878811190348,8.936170212765958e-05,0.006535947712418301,15641.07,17410.55,35,28,10,8,446.88771428571425,276.01866409704246,0.0,2,34,False,normal
ACC_01628,7,12,1.625,0.0003113523183842492,0.0013429787234042554,0.03508771929824561,13070.07,9739.43,29,18,12,7,450.69206896551725,414.1878557609484,0.0,1,29,False,normal
ACC_01357,11,7,0.6666666666666666,0.0005291821415421753,0.003799148936170213,0.006535947712418301,5959.45,16758.49,12,35,7,11,496.62083333333334,361.9348712747874,0.0,1,12,False,normal
ACC_01465,15,5,0.375,0.000685588056669118,0.00934808510638298,0.015789473684210527,10357.72,17991.28,24,41,5,15,431.57166666666666,192.4527376801372,0.0,1,24,False,normal
ACC_01621,9,6,0.7,0.0006371309278246221,1.446808510638298e-05,0.0,12414.01,13589.06,15,26,6,9,827.6006666666667,473.03349432098764,0.06666666666666667,1,15,False,normal
ACC_00469,9,6,0.7,0.0003982136678738774,0.0012808510638297873,0.0,9345.27,9360.4,21,17,6,9,445.0128571428572,244.6239590093917,0.0,1,21,False,normal
ACC_01553,10,8,0.8181818181818182,0.0006695166908987486,0.0010519148936170212,0.013071895424836602,12080.88,18077.92,24,35,8,10,503.36999999999995,381.72543675993774,0.0,1,24,False,normal
ACC_00967,6,9,1.4285714285714286,0.00024897822326168807,0.003192340425531915,0.01904761904761905,10161.31,6237.86,21,14,9,6,483.8719047619047,360.83154326664743,0.047619047619047616,1,20,False,normal
ACC_00113,12,10,0.8461538461538461,0.00046287649150184506,0.0028876595744680854,0.004329004329004329,16419.75,14765.52,26,28,10,12,631.5288461538462,359.7369663332021,0.038461538461538464,1,26,False,normal
ACC_01820,5,9,1.6666666666666667,0.00048210093370705276,0.00047574468085106385,0.0,14523.31,11697.28,33,23,9,5,440.100303030303,314.2618376100259,0.030303030303030304,1,33,False,normal
ACC_01125,6,8,1.2857142857142858,0.0004370333394477264,0.0010915447917110817,0.01098901098901099,15352.039999999999,13186.82,28,24,8,6,548.2871428571428,531.2754533291115,0.0,2,28,False,normal
ACC_00248,7,8,1.125,0.00044542925039117606,0.0009090521468468853,0.009523809523809525,16483.23,13834.49,32,24,8,7,515.1009375,374.69796475216583,0.0,1,32,False,normal
ACC_01038,6,7,1.1428571428571428,0.00020343127775590333,0.001745531914893617,0.0,13590.79,5270.43,26,9,7,6,522.7226923076923,441.4351552702407,0.0,1,25,False,normal
ACC_00956,12,8,0.6923076923076923,0.0004939928026289198,0.0014195744680851065,0.005263157894736842,12644.6,15862.48,27,31,8,12,468.31851851851854,365.7741866518163,0.0,1,26,False,normal
ACC_00690,4,16,3.4,0.00021852654618635203,0.0021719148936170216,0.021052631578947368,14039.73,7036.12,30,15,16,4,467.991,252.30853518371455,0.03333333333333333,1,30,False,normal
ACC_01645,6,8,1.2857142857142858,0.00020711697811559403,0.0032885106382978726,0.0,14011.57,7317.2699999999995,28,15,8,6,500.4132142857143,394.5748776430951,0.0,1,28,False,normal
ACC_00757,8,12,1.4444444444444444,0.0004121056184070149,0.0003726602140451115,0.0,23813.91,9745.13,40,20,12,8,595.34775,367.38381205692,0.0,1,38,False,normal
ACC_00753,5,5,1.0,0.00018674891007531216,0.0005923404255319149,0.0,13923.3,5354.75,25,10,5,5,556.932,365.19279953653705,0.0,1,25,False,normal
ACC_00073,7,5,0.75,0.00027664351093919674,0.004228085106382979,0.030303030303030304,14489.01,9922.4,29,17,5,7,499.6210344827586,357.77924791437704,0.034482758620689655,1,29,False,normal
ACC_01515,7,13,1.75,0.00039305103481752766,0.0037795744680851067,0.005263157894736842,13346.01,15254.98,30,32,13,7,444.867,304.09711137375524,0.03333333333333333,1,29,False,normal
ACC_00964,11,11,1.0,0.0006548850594268906,0.005331063829787234,0.004329004329004329,11894.8,14810.27,29,28,11,11,410.1655172413793,299.6981972940946,0.034482758620689655,1,29,False,normal
ACC_01356,8,13,1.5555555555555556,0.000420432708435937,0.0014974630111286404,0.014285714285714285,17335.73,12702.41,31,28,13,8,559.2170967741936,276.4837332911716,0.03225806451612903,1,29,False,normal
ACC_00477,11,6,0.5833333333333334,0.00036083215922039376,0.0027940425531914896,0.014705882352941176,12463.39,10870.16,23,25,6,11,541.8865217391304,333.5714383430645,0.0,1,23,False,normal
ACC_01292,16,4,0.29411764705882354,0.0008070878352765999,0.0003778723404255319,0.005263157894736842,13474.98,21261.18,22,42,4,16,612.4990909090909,328.5849469918097,0.0,1,20,False,normal
ACC_00106,11,9,0.8333333333333334,0.0010221260323061763,0.0038093617021276597,0.0,11369.96,37013.54,28,66,9,11,406.07,270.95744267456604,0.0,1,27,False,normal
ACC_01513,9,6,0.7,0.0005172388911658671,0.00015063829787234043,0.01904761904761905,17039.08,13143.94,29,25,6,9,587.5544827586208,409.69253842351264,0.0,1,29,False,normal
ACC_01400,8,11,1.3333333333333333,0.0005058504764512026,0.0008851746045282053,0.0,9856.15,16918.19,29,26,11,8,339.8672413793103,173.04475246711164,0.0,1,28,False,normal
ACC_01364,9,6,0.7,0.0004389969007760871,0.004638297872340426,0.009523809523809525,7526.33,11263.73,17,27,6,9,442.7252941176471,274.4537668514874,0.0,1,17,False,normal
ACC_00652,5,8,1.5,0.00020922347920842698,0.0008714893617021277,0.0,13538.26,10491.6,26,12,8,5,520.7023076923077,322.5898878304488,0.0,1,25,False,normal
ACC_00333,10,9,0.9090909090909091,0.00047587521155152007,0.002312340425531915,0.0,8452.94,14170.9,19,29,9,10,444.89157894736843,248.8260490843432,0.0,1,19,False,normal
ACC_00417,9,8,0.9,0.0005697835489932797,0.0008051063829787235,0.014705882352941176,14478.76,15155.779999999999,28,31,8,9,517.0985714285714,401.2309530701579,0.03571428571428571,1,28,False,normal
ACC_00162,10,10,1.0,0.0006849293025838904,0.0020391489361702127,0.0,16752.25,23032.98,33,44,10,10,507.6439393939394,339.0945513048259,0.0,1,32,False,normal
ACC_00857,6,8,1.2857142857142858,0.00041412438153712626,0.00044085106382978724,0.0,8982.91,11887.09,22,23,8,6,408.3140909090909,263.31189197204156,0.0,1,22,False,normal
ACC_00010,9,10,1.1,0.00047427794305793366,0.0009557446808510639,0.0,18740.21,14535.11,32,27,10,9,585.6315625,349.598933702417,0.03125,2,32,False,normal
ACC_01980,6,7,1.1428571428571428,0.0003743038411307139,0.0004314893617021277,0.0,13288.49,13766.44,26,30,7,6,511.09576923076924,324.52891490495057,0.0,1,26,False,normal
ACC_01692,9,6,0.7,0.0007170368728259211,0.0003148936170212766,0.0,14738.84,17563.36,31,28,6,9,475.4464516129032,384.46712938428067,0.03225806451612903,1,31,False,normal
ACC_01335,5,8,1.5,0.0005132054257428327,0.0001872340425531915,0.02564102564102564,17169.07,9725.9,30,22,8,5,572.3023333333333,368.3374188270327,0.0,1,30,False,normal
ACC_00640,5,12,2.1666666666666665,0.0001711835649637149,0.00372936170212766,0.007352941176470588,10938.23,4323.05,29,7,12,5,377.18034482758617,241.400527421053,0.0,1,29,False,normal
ACC_00985,6,12,1.8571428571428572,0.00026326438470638256,0.004645106382978724,0.007352941176470588,13465.2,11660.68,27,27,12,6,498.71111111111117,373.715087757972,0.0,1,27,False,normal
ACC_00561,5,8,1.5,0.00039966859427994404,0.00027404255319148936,0.01282051282051282,9316.61,10670.64,20,19,8,5,465.83050000000003,266.0966091572758,0.0,1,20,False,normal
ACC_00579,7,8,1.125,0.00039451178612222684,0.001367659574468085,0.009523809523809525,14202.8,8644.15,25,24,8,7,568.112,381.6570069228827,0.0,2,24,False,normal
ACC_00923,9,6,0.7,0.0005541550094289238,0.00017617021276595746,0.009523809523809525,8694.62,11773.42,20,25,6,9,434.73100000000005,305.13223769893256,0.05,1,20,False,normal
ACC_00321,15,10,0.6875,0.0010721725508960884,0.004218650066089626,0.016666666666666666,13794.33,23356.01,29,44,10,15,475.66655172413795,304.3964507052776,0.0,1,28,False,normal
ACC_00729,7,6,0.875,0.0007419747621558363,0.0016068085106382979,0.01282051282051282,17304.5,17068.19,34,32,6,7,508.95588235294116,457.2223047802805,0.0,2,32,False,normal
ACC_00926,9,12,1.3,0.000729738594545442,0.0005261587003794824,0.004761904761904762,16673.68,23145.06,33,42,12,9,505.2630303030303,290.50913885673253,0.0,1,33,False,normal
ACC_01772,10,14,1.3636363636363635,0.000393125197181482,0.01157276595744681,0.0036231884057971015,17111.59,12179.28,31,25,14,10,551.9867741935484,357.4482451897719,0.0,1,30,False,normal
ACC_01563,9,9,1.0,0.0004100630053023136,0.0014059574468085108,0.006535947712418301,8129.18,16196.06,18,25,9,9,451.62111111111113,237.71657914140698,0.0,1,18,False,normal
ACC_01469,9,6,0.7,0.0006487249483666825,0.001363404255319149,0.009523809523809525,11873.630000000001,17023.22,25,33,6,9,474.94520000000006,336.7462891173908,0.0,1,25,False,normal
ACC_01641,6,6,1.0,0.0004915406024693805,0.0011230972583464803,0.015151515151515152,13813.53,11114.69,24,23,6,6,575.56375,500.86312734867994,0.0,1,24,False,normal
ACC_00905,14,7,0.5333333333333333,0.00046491144524766435,0.00200315524666354,0.009523809523809525,16328.560000000001,11131.869999999999,26,20,7,14,628.0215384615385,519.9212282159082,0.0,1,26,False,normal
ACC_00050,4,6,1.4,0.00022927390987859402,0.0008408510638297873,0.0,14563.52,6451.8,29,11,6,4,502.1903448275862,362.7798141285738,0.0,1,28,False,normal
ACC_01567,9,8,0.9,0.0004087564668716504,0.00611063829787234,0.008333333333333333,7536.2699999999995,14731.06,20,31,8,9,376.8135,283.31500360209066,0.0,1,20,False,normal
ACC_01616,8,10,1.2222222222222223,0.0009851144491528994,0.0020944015690956383,0.006535947712418301,19179.98,21558.25,34,35,10,8,564.1170588235294,412.735619741268,0.0,2,34,False,normal
ACC_01451,14,5,0.4,0.0003488943622990685,0.005314458704643329,0.011695906432748537,11981.3,9013.710000000001,26,15,5,14,460.8192307692307,249.44010304557008,0.0,1,24,False,normal
ACC_00592,3,7,2.0,0.00018332369543287214,1.6170212765957446e-05,0.022222222222222223,13883.36,5590.38,24,8,7,3,578.4733333333334,320.32799550062634,0.0,1,24,False,normal
ACC_00587,11,5,0.5,0.0007595091549134627,0.0008187234042553191,0.008333333333333333,7890.91,23705.079999999998,16,49,5,11,493.181875,537.7077234485757,0.0,1,16,False,normal
ACC_01150,5,10,1.8333333333333333,0.000286784459281578,0.002646808510638298,0.009523809523809525,11554.25,5793.74,23,12,10,5,502.35869565217394,382.49606717294074,0.043478260869565216,2,23,False,normal
ACC_01862,6,4,0.7142857142857143,0.0006487705862633376,0.0006059574468085106,0.0,18195.559999999998,14275.03,30,23,4,6,606.5186666666666,427.315231736505,0.03333333333333333,1,30,False,normal
ACC_00802,9,6,0.7,0.00034774179534666075,0.002589787234042553,0.01904761904761905,10191.05,9042.3,23,17,6,9,443.0891304347826,219.41385536579548,0.0,1,22,False,normal
ACC_00971,5,9,1.6666666666666667,0.00021275597456054036,0.0014178723404255319,0.0,18383.22,3484.14,32,8,9,5,574.475625,401.73092953864517,0.03125,1,32,False,normal
ACC_01818,8,8,1.0,0.00033022675720891957,0.002246808510638298,0.008333333333333333,10725.79,7558.4400000000005,23,15,8,8,466.33869565217395,334.8778192158548,0.0,1,23,False,normal
ACC_00868,5,7,1.3333333333333333,0.00032104248877818444,0.00024680851063829787,0.0,12813.24,11737.26,25,21,7,5,512.5296,414.84605678371827,0.04,2,25,False,normal
ACC_00098,5,9,1.6666666666666667,0.00020708510019421474,0.003040851063829787,0.0,11433.03,5244.49,24,11,9,5,476.37625,329.4018397933429,0.041666666666666664,1,24,False,normal
ACC_01584,3,7,2.0,0.0003760784014012967,0.0001948936170212766,0.0,9254.75,5424.39,24,11,7,3,385.6145833333333,212.90493610344066,0.0,1,24,False,normal
ACC_00044,13,11,0.8571428571428571,0.0005681352812723404,0.004848510638297872,0.018115942028985508,16521.44,16872.48,32,35,11,13,516.295,300.7999219071621,0.0,2,31,False,normal
ACC_00447,8,7,0.8888888888888888,0.00038919393441437316,0.00026553191489361703,0.009523809523809525,12983.18,11955.8,29,31,7,8,447.69586206896554,327.613326047178,0.0,2,29,False,normal
ACC_01637,10,11,1.0909090909090908,0.0005307513361219279,0.002330212765957447,0.004761904761904762,18121.1,14070.84,34,26,11,10,532.9735294117646,401.6149481695451,0.0,1,34,False,normal
ACC_00982,8,7,0.8888888888888888,0.0006976290138228615,0.001302127659574468,0.009523809523809525,11049.42,13371.62,26,23,7,8,424.97769230769234,372.03043976865865,0.0,1,25,False,normal
ACC_00742,4,9,2.0,0.0001438701461323846,0.001661276595744681,0.0,15340.64,1815.58,27,5,9,4,568.1718518518518,365.9258430447038,0.0,1,27,False,normal
ACC_01941,8,6,0.7777777777777778,0.0005162005114103425,0.00015319148936170213,0.0,12659.619999999999,9600.6,22,20,6,8,575.4372727272727,365.91766642474585,0.0,1,22,False,normal
ACC_00270,11,5,0.5,0.0006339182969430499,0.0011727659574468086,0.008333333333333333,5751.82,19441.11,13,41,5,11,442.4476923076923,408.6052445852404,0.0,1,13,False,normal
ACC_01389,10,6,0.6363636363636364,0.00025623063906489766,0.005218723404255319,0.0,10886.68,8375.46,23,19,6,10,473.3339130434783,345.8389150475476,0.0,1,23,False,normal
ACC_00327,3,12,3.25,0.00011303776441463743,0.0007642553191489362,0.009523809523809525,18080.79,2101.27,38,7,12,3,475.8102631578948,283.1219574812893,0.0,1,37,False,normal
ACC_01569,15,6,0.4375,0.0005466476190744129,0.0005182978723404255,0.009523809523809525,9111.56,27094.44,18,63,6,15,506.19777777777773,364.72736306896667,0.05555555555555555,1,18,False,normal
ACC_00402,8,8,1.0,0.00028717992614818433,0.0024748936170212767,0.016666666666666666,17088.09,6158.29,27,11,8,8,632.8922222222222,482.8745172906911,0.0,1,26,False,normal
ACC_00854,5,5,1.0,0.00023281020047793597,0.0003787234042553192,0.0,13023.66,11686.869999999999,27,17,5,5,482.35777777777776,301.6292865337711,0.0,1,26,False,normal
ACC_01694,7,11,1.5,0.0003670050161435993,0.0007387234042553192,0.0,12634.1,10215.74,27,18,11,7,467.92962962962963,306.5884973942645,0.0,1,27,False,normal
ACC_00551,7,8,1.125,0.0007306307804478046,0.0007361702127659575,0.0,13186.28,22984.93,26,46,8,7,507.1646153846154,308.8049338366311,0.0,2,26,False,normal
ACC_01113,8,6,0.7777777777777778,0.0005546130892271495,0.00039574468085106385,0.02197802197802198,14619.52,19766.27,23,47,6,8,635.6313043478261,470.47738592455556,0.0,1,21,False,normal
ACC_01131,5,8,1.5,0.00024328313653341116,0.001179380036669083,0.0,8496.460000000001,6301.35,20,13,8,5,424.82300000000004,249.5658121428621,0.0,1,20,False,normal
ACC_01291,7,5,0.75,0.0003942779497367235,0.0009608510638297872,0.0,9437.42,10709.26,18,26,5,7,524.3011111111111,448.19155471331663,0.0,1,18,False,normal
ACC_00208,8,7,0.8888888888888888,0.0006718414215255925,0.0002063701871828764,0.0,12088.55,18439.97,24,34,7,8,503.6895833333333,290.9530916245878,0.0,1,24,False,normal
ACC_00349,13,10,0.7857142857142857,0.0010798858412513802,0.006137872340425532,0.007905138339920948,12767.91,30848.51,33,65,10,13,386.9063636363636,278.55585257738466,0.0,1,31,False,normal
ACC_01705,5,5,1.0,0.0002470506647240841,0.0002950582015094018,0.0,11234.96,5856.92,24,10,5,5,468.1233333333333,301.1717903624855,0.0,1,24,False,normal
ACC_01830,4,6,1.4,0.00017347009165166096,7.404255319148937e-05,0.0,10873.33,4496.99,22,9,6,4,494.24227272727273,288.5133732302265,0.0,1,22,False,normal
ACC_00492,8,9,1.1111111111111112,0.000887076251718198,0.0008323404255319149,0.0,13107.15,25906.81,32,42,9,8,409.5984375,296.5562233927383,0.0,1,32,False,normal
ACC_00665,13,7,0.5714285714285714,0.0005542307398706853,0.0020340425531914894,0.0,12030.01,14937.62,24,28,7,13,501.2504166666667,232.55929335527702,0.041666666666666664,2,24,False,normal
ACC_00965,11,10,0.9166666666666666,0.00043522353509812395,0.008731914893617021,0.004761904761904762,11456.86,11309.05,25,33,10,11,458.2744,337.51470748299744,0.0,2,25,False,normal
ACC_01196,6,9,1.4285714285714286,0.00043341907433414994,0.0002890888159297318,0.009523809523809525,15582.52,12366.06,30,27,9,6,519.4173333333333,357.51571264176226,0.0,1,30,False,normal
ACC_01530,9,9,1.0,0.0002206688508316114,0.004249349763356501,0.0,11577.36,5178.5599999999995,26,10,9,9,445.2830769230769,263.6057171879128,0.0,1,25,False,normal
ACC_00544,3,10,2.75,0.0001733512500922305,0.0008374468085106384,0.0,17602.93,2372.06,34,7,10,3,517.7332352941177,298.7876342794437,0.0,2,34,False,normal
ACC_01724,6,6,1.0,0.0003323844038979626,0.0004927659574468085,0.0,10047.54,5884.92,17,11,6,6,591.0317647058824,519.1622089269799,0.0,1,17,False,normal
ACC_00172,6,12,1.8571428571428572,0.0002500747891288612,0.0036493617021276597,0.006535947712418301,9646.19,7517.9400000000005,23,14,12,6,419.39956521739134,348.41026613721124,0.0,1,23,False,normal
ACC_01671,8,8,1.0,0.0005938597595988191,0.0004663829787234043,0.016666666666666666,14223.31,14714.67,28,26,8,8,507.97535714285715,378.7533120694411,0.0,2,28,False,normal
ACC_01811,5,11,2.0,0.00042321130014950415,0.00029531914893617025,0.016666666666666666,17290.35,11906.279999999999,27,21,11,5,640.3833333333333,413.96339513016403,0.037037037037037035,1,26,False,normal
ACC_01101,9,7,0.8,0.0004329784232235479,0.0003327659574468085,0.008333333333333333,12979.64,18235.21,24,31,7,9,540.8183333333333,326.7712018159371,0.0,2,24,False,normal
ACC_00603,10,5,0.5454545454545454,0.0006043892192843576,0.0002025531914893617,0.009523809523809525,8968.39,19223.07,19,40,5,10,472.0205263157894,285.57540297273664,0.05263157894736842,1,19,False,normal
ACC_00178,11,5,0.5,0.0005396041676765891,0.0027834392188632586,0.016666666666666666,19804.8,15459.55,33,34,5,11,600.1454545454545,372.88919930298084,0.0,2,33,False,normal
ACC_00924,6,5,0.8571428571428571,0.00016472952999352662,0.0035159681064256174,0.03636363636363636,10391.59,3139.12,22,9,5,6,472.345,311.64174820808347,0.0,1,22,False,normal
ACC_01751,9,9,1.0,0.0004753293137902729,0.0012153191489361703,0.013071895424836602,10026.76,10631.55,24,22,9,9,417.7816666666667,288.14754144462125,0.0,1,23,False,normal
ACC_00786,11,5,0.5,0.00045631791048820016,0.0043642553191489365,0.008333333333333333,7481.54,11544.35,17,28,5,11,440.0905882352941,256.9343516949073,0.058823529411764705,1,16,False,normal
ACC_01736,11,12,1.0833333333333333,0.0007385330762422862,0.0015648317912420587,0.011857707509881422,18589.43,24433.43,36,50,12,11,516.3730555555555,337.15813304585765,0.0,1,36,False,normal
ACC_01097,6,11,1.7142857142857142,0.0005146947047542708,0.002554893617021277,0.007352941176470588,14969.38,10315.369999999999,32,23,11,6,467.793125,337.79676698196465,0.0625,1,31,False,normal
ACC_00988,10,7,0.7272727272727273,0.0009218493228035377,0.0004868085106382979,0.0,10105.91,30797.54,22,58,7,10,459.35954545454547,294.56687871028015,0.0,1,22,False,normal
ACC_01325,5,9,1.6666666666666667,0.00037218725794904337,0.00021361702127659576,0.0,12262.4,8342.32,22,14,9,5,557.3818181818182,422.76432660961314,0.0,1,22,False,normal
ACC_01920,7,4,0.625,0.0007250202788072409,6.042553191489362e-05,0.01818181818181818,8946.81,23716.21,18,44,4,7,497.04499999999996,274.3712642784676,0.0,1,18,False,normal
ACC_01148,7,5,0.75,0.0005513057655315424,0.0003370212765957447,0.0,9784.06,16285.87,23,34,5,7,425.3939130434782,158.81291625795345,0.0,1,23,False,normal
ACC_00038,12,11,0.9230769230769231,0.0005668053231197416,0.00564,0.0,11501.21,16299.61,27,33,11,12,425.9707407407407,361.17627537220363,0.0,1,27,False,normal
ACC_00339,9,5,0.6,0.0006184811995173426,4.519677653178698e-05,0.0,11927.92,17128.64,26,37,5,9,458.7661538461538,273.82404867471996,0.0,1,26,False,normal
ACC_00439,7,6,0.875,0.0003091164847727623,0.0018257792180104892,0.0,12260.86,5919.87,26,15,6,7,471.57153846153847,246.21826724582897,0.038461538461538464,1,25,False,normal
ACC_01592,9,5,0.6,0.000836112002237233,0.00043574468085106385,0.0,8344.18,21582.75,21,47,5,9,397.3419047619048,269.67517636258344,0.0,1,20,False,normal
ACC_00844,7,5,0.75,0.0005697257981393875,0.00226468085106383,0.0,11250.41,8271.42,20,17,5,7,562.5205,410.1164425337991,0.0,1,20,False,normal
ACC_00630,14,9,0.6666666666666666,0.0008483674647776093,0.002233191489361702,0.003952569169960474,11832.37,25203.52,25,55,9,14,473.2948,299.57913911463635,0.0,1,25,False,normal
ACC_01782,11,5,0.5,0.0005461912872269869,0.0009829787234042554,0.0,12679.35,18371.55,26,35,5,11,487.6673076923077,353.06044441775333,0.0,1,26,False,normal
ACC_01987,13,7,0.5714285714285714,0.000909254422274171,0.0002646808510638298,0.0,14971.17,22795.17,24,42,7,13,623.79875,468.33208334436574,0.0,2,24,False,normal
ACC_01491,5,12,2.1666666666666665,0.000270480125192938,0.00045617021276595746,0.0,12823.52,6482.33,25,17,12,5,512.9408,350.1924276132576,0.0,1,24,False,normal
ACC_00660,8,10,1.2222222222222223,0.00039765898016482903,0.0018510638297872342,0.0,14843.49,12612.06,30,23,10,8,494.783,344.18553952022387,0.0,1,30,False,normal
ACC_00915,4,5,1.2,0.00017298619058193985,0.0008604255319148937,0.0,7094.58,4417.53,15,8,5,4,472.972,302.8325426511679,0.0,1,15,False,normal
ACC_00876,11,8,0.75,0.0004367193835296274,0.0010306382978723405,0.017543859649122806,15477.55,15260.24,28,29,8,11,552.7696428571428,316.2064522320837,0.0,2,27,False,normal
ACC_00221,6,9,1.4285714285714286,0.00020431618509723532,0.0007514893617021277,0.009523809523809525,19590.16,5234.43,31,13,9,6,631.9406451612903,403.6015546297733,0.0,1,31,False,normal
ACC_01598,5,5,1.0,0.0002973965430846018,0.000254468085106383,0.022222222222222223,7715.93,13665.63,16,27,5,5,482.245625,446.901688547101,0.0,1,16,False,normal
ACC_00443,7,4,0.625,0.00022387458738801496,0.0008,0.0,15378.210000000001,7118.59,30,17,4,7,512.6070000000001,364.36828621744024,0.03333333333333333,2,30,False,normal
ACC_00962,5,11,2.0,0.0005504017941977647,0.0008178723404255319,0.008333333333333333,10871.82,19466.55,21,37,11,5,517.7057142857143,370.2902269648961,0.0,1,21,False,normal
ACC_01892,4,10,2.2,0.0006909726110394072,0.0025838911866285764,0.01098901098901099,11178.119999999999,14325.69,24,25,10,4,465.75499999999994,313.35208437572055,0.0,1,24,False,normal
ACC_01949,12,8,0.6923076923076923,0.0008214245043047048,0.007540425531914894,0.0,8357.26,20912.34,18,41,8,12,464.2922222222222,327.75896045642617,0.0,2,17,False,normal
ACC_01528,8,11,1.3333333333333333,0.0005800270553856336,0.006635744680851064,0.011695906432748537,10646.76,10098.99,22,19,11,8,483.94363636363636,305.3516870842452,0.0,1,22,False,normal
ACC_00548,8,6,0.7777777777777778,0.000606074416860597,3.1489361702127664e-05,0.0,12533.89,17716.21,26,31,6,8,482.0726923076923,277.3322082781976,0.0,1,24,False,normal
ACC_01421,8,5,0.6666666666666666,0.0003685975901125696,0.0013047371338421525,0.0,10519.210000000001,7650.33,21,17,5,8,500.914761904762,365.91058830838784,0.0,1,21,False,normal
ACC_00952,8,10,1.2222222222222223,0.0004020277390369665,0.001443404255319149,0.0196078431372549,14089.27,12551.19,29,30,10,8,485.8368965517242,329.8727856863206,0.0,1,29,False,normal
ACC_00179,15,6,0.4375,0.0012964403336049872,0.008757941414744383,0.015789473684210527,12620.54,31818.47,29,54,6,15,435.19103448275865,235.05121541219216,0.0,1,28,False,normal
ACC_00696,5,9,1.6666666666666667,0.0005144217889865866,0.0014791489361702128,0.02197802197802198,12875.69,12021.49,30,19,9,5,429.1896666666667,306.6827627626749,0.06666666666666667,2,29,False,normal
ACC_00240,7,8,1.125,0.0007245267237561935,3.4042553191489363e-06,0.01904761904761905,11952.81,15903.66,26,37,8,7,459.7234615384615,244.9582352147779,0.0,1,25,False,normal
ACC_00908,7,8,1.125,0.0004066085913934077,0.002296507909435893,0.0,10981.76,13182.13,21,27,8,7,522.9409523809524,426.35977622079645,0.0,1,21,False,normal
ACC_01103,8,8,1.0,0.0004176212161558105,0.0026527659574468085,0.0,17432.17,13995.99,33,27,8,8,528.2475757575758,386.94634011893606,0.030303030303030304,1,33,False,normal
ACC_01015,7,8,1.125,0.0006756548691450189,0.0007187234042553192,0.009523809523809525,11371.37,17362.22,25,34,8,7,454.8548,333.4710628765261,0.0,1,25,False,normal
ACC_01796,7,12,1.625,0.000518291346820242,0.00039227390952117,0.0,14811.25,15261.71,28,27,12,7,528.9732142857143,340.08260690443336,0.03571428571428571,1,28,False,normal
ACC_00310,6,5,0.8571428571428571,0.0004934749157311198,0.0024136170212765958,0.03636363636363636,11314.33,10995.4,19,27,5,6,595.4910526315789,480.4167795651181,0.0,2,19,False,normal
ACC_00748,7,7,1.0,0.0006274212626251348,0.005775319148936171,0.0,14300.869999999999,21184.28,30,44,7,7,476.6956666666666,366.65840656019924,0.0,1,30,False,normal
ACC_00685,9,11,1.2,0.0006324540710784147,0.004744808766469108,0.005263157894736842,12394.42,18793.27,24,43,11,9,516.4341666666667,389.73324513632747,0.0,1,24,False,normal
ACC_00007,7,8,1.125,0.00042131756607637386,0.0017574468085106384,0.009523809523809525,13224.33,10622.42,26,20,8,7,508.62807692307695,370.80393894368746,0.0,1,26,False,normal
ACC_01866,11,11,1.0,0.0005724445667460204,0.005213831919157464,0.008658008658008658,14733.54,15191.050000000001,34,26,11,11,433.3394117647059,252.63456485053518,0.0,1,33,False,normal
ACC_00581,12,7,0.6153846153846154,0.0009599239263584918,0.004211914893617021,0.017543859649122806,9965.92,22275.55,22,42,7,12,452.99636363636364,298.2837840290997,0.0,1,21,False,normal
ACC_01908,12,9,0.7692307692307693,0.0005657024606478411,0.00721016501087281,0.004761904761904762,14877.47,18656.46,27,33,9,12,551.0174074074074,434.4757952414751,0.037037037037037035,2,27,False,normal
ACC_00396,13,11,0.8571428571428571,0.0006263460189636121,0.0045523404255319155,0.007246376811594203,15303.34,19218.77,31,47,11,13,493.6561290322581,277.39485739858765,0.0,1,31,False,normal
ACC_00373,5,5,1.0,0.00032914812205110937,0.0012161702127659576,0.0,7501.91,6172.49,21,13,5,5,357.2338095238095,276.052839063035,0.0,1,21,False,normal
ACC_01746,12,8,0.6923076923076923,0.0005229009560530362,0.0016842195028354582,0.005263157894736842,11537.92,18625.43,23,30,8,12,501.6486956521739,231.7784682976466,0.043478260869565216,1,22,False,normal
ACC_01825,10,7,0.7272727272727273,0.0003626277685082525,0.0014386219247004648,0.0,7406.41,12896.87,21,25,7,10,352.68619047619046,209.60686311464588,0.047619047619047616,1,20,False,normal
ACC_00005,6,11,1.7142857142857142,0.00033056961270015,0.0007106382978723405,0.007352941176470588,13140.68,5994.01,31,14,11,6,423.89290322580644,279.25124078737826,0.0,1,31,False,normal
ACC_00150,6,5,0.8571428571428571,0.0005156079666725317,0.0008962606063190211,0.01818181818181818,11498.69,9454.0,24,20,5,6,479.1120833333334,320.9386376806953,0.0,1,24,False,normal
ACC_01540,9,9,1.0,0.00038754586364799165,0.00572,0.006535947712418301,13127.31,13672.460000000001,24,30,9,9,546.9712499999999,361.2894471233797,0.0,1,24,False,normal
ACC_00929,9,14,1.5,0.0013140117355478517,0.0013940425531914894,0.003952569169960474,17684.11,27232.54,37,52,14,9,477.94891891891893,422.7917743719437,0.0,2,37,False,normal
ACC_01844,4,5,1.2,0.0002476441985744288,0.0013948936170212767,0.0,6858.09,5133.32,16,11,5,4,428.630625,307.76542492551584,0.0,1,16,False,normal
ACC_01850,12,9,0.7692307692307693,0.0004919321442909966,0.0018587234042553192,0.014285714285714285,14545.16,18149.739999999998,27,39,9,12,538.7096296296296,395.3623259694978,0.0,1,27,False,normal
ACC_00568,5,7,1.3333333333333333,0.0005321827247535101,0.0001897872340425532,0.015151515151515152,10348.880000000001,13274.32,21,23,7,5,492.80380952380955,328.18360744370204,0.0,1,21,False,normal
ACC_00432,9,10,1.1,0.0004942870209008795,0.008658167398627042,0.017543859649122806,9622.39,11045.630000000001,22,24,10,9,437.38136363636363,290.9801491232112,0.0,1,22,False,normal
ACC_00169,7,10,1.375,0.00028750564353992693,0.008632340425531916,0.0,10507.48,6057.16,24,14,10,7,437.81166666666667,337.3750782742847,0.0,1,24,False,normal
ACC_01904,5,9,1.6666666666666667,0.00025273888504109767,0.00162282010830171,0.01098901098901099,9797.44,5688.54,21,11,9,5,466.5447619047619,304.6168056693367,0.0,1,21,False,normal
ACC_01218,10,8,0.8181818181818182,0.0009100564544381907,0.001116595744680851,0.0,10944.46,25747.91,22,54,8,10,497.4754545454545,467.87506401894933,0.0,1,22,False,normal
ACC_00836,6,7,1.1428571428571428,0.0002451430050759807,0.001538395940817806,0.01282051282051282,12449.07,10040.42,23,19,7,6,541.2639130434783,394.05653062079966,0.043478260869565216,1,22,False,normal
ACC_00760,8,9,1.1111111111111112,0.00035782274310414185,0.0035829787234042555,0.022058823529411766,12688.03,12915.539999999999,26,28,9,8,488.0011538461539,276.17685014246825,0.038461538461538464,1,26,False,normal
ACC_01640,9,7,0.8,0.000604718843850166,4.093292968916557e-05,0.008333333333333333,15206.220000000001,17233.91,29,34,7,9,524.3524137931034,312.56120943007966,0.0,1,29,False,normal
ACC_01757,6,7,1.1428571428571428,0.0002416414404199701,0.0029063829787234043,0.02564102564102564,16700.57,5956.6900000000005,25,10,7,6,668.0228,341.26007880744953,0.0,1,25,False,normal
ACC_01092,9,8,0.9,0.0008246498513051885,0.0005855319148936171,0.0,10356.72,27706.4,18,47,8,9,575.3733333333333,529.5070888377339,0.0,1,18,False,normal
ACC_01405,7,3,0.5,0.0004276609526852588,0.0003061442033002175,0.0,15493.98,9236.55,27,22,3,7,573.8511111111111,371.86008932572116,0.037037037037037035,1,27,False,normal
ACC_01323,5,6,1.1666666666666667,0.0004193593733527061,0.0005184837760627639,0.01818181818181818,13752.49,12209.08,27,20,6,5,509.35148148148147,377.08230721303465,0.0,1,27,False,normal
ACC_00498,8,6,0.7777777777777778,0.00037753571132652754,0.0011370212765957448,0.01098901098901099,7306.79,8133.42,16,19,6,8,456.674375,305.2809049595416,0.0,1,16,False,normal
ACC_00768,6,8,1.2857142857142858,0.00043801159525053493,0.0009753191489361702,0.03296703296703297,12811.21,10166.44,25,20,8,6,512.4484,385.157271683486,0.0,1,25,False,normal
ACC_01135,9,8,0.9,0.0005577251094783742,0.0007939282820961072,0.007352941176470588,22334.64,12702.32,31,24,8,9,720.4722580645162,413.7162101868838,0.0,1,29,False,normal
ACC_01677,10,9,0.9090909090909091,0.000556552242886129,0.0029634042553191493,0.0,12204.32,20013.0,28,27,9,10,435.86857142857144,290.458879192197,0.03571428571428571,2,28,False,normal
ACC_01976,7,6,0.875,0.000286409130005834,0.0010847226367628876,0.01282051282051282,10907.0,7735.82,23,13,6,7,474.2173913043478,400.4682967161116,0.0,1,23,False,normal
ACC_00365,5,9,1.6666666666666667,0.00037398731497644976,1.7021276595744682e-06,0.01098901098901099,10743.27,12986.53,23,29,9,5,467.09869565217394,271.56787897996315,0.0,1,23,False,normal
ACC_01073,8,11,1.3333333333333333,0.0003079974802486311,0.005633617021276596,0.011695906432748537,11063.17,9499.16,23,21,11,8,481.00739130434783,265.7715348021063,0.0,1,23,False,normal
ACC_00739,12,7,0.6153846153846154,0.0008535396022497883,0.0036204255319148937,0.011695906432748537,18280.53,20078.94,34,46,7,12,537.6626470588235,363.89341520859466,0.029411764705882353,1,33,False,normal
ACC_00788,10,6,0.6363636363636364,0.0009560222299258924,0.0007148936170212766,0.03333333333333333,16447.04,19665.18,27,45,6,10,609.1496296296297,349.65062416736333,0.0,1,27,False,normal
ACC_01080,5,12,2.1666666666666665,0.0001974642780895094,0.0017931914893617022,0.014705882352941176,11314.81,3877.1,26,9,12,5,435.185,245.9268696706401,0.0,1,25,False,normal
ACC_00055,7,8,1.125,0.0002607723218151457,0.0021361702127659574,0.0,10826.08,6230.87,20,10,8,7,541.304,340.58103585366865,0.0,2,20,False,normal
ACC_00213,4,8,1.8,0.00018400947154553814,0.00559404255319149,0.015151515151515152,7819.37,4570.59,24,11,8,4,325.8070833333333,262.36606255016994,0.0,1,24,False,normal
ACC_00614,10,7,0.7272727272727273,0.0005017584591199878,0.0026629787234042556,0.007352941176470588,14440.3,11604.87,30,26,7,10,481.3433333333333,227.50645055399673,0.0,1,28,False,normal
ACC_01606,7,5,0.75,0.0002992010182005157,0.0006280851063829787,0.030303030303030304,8204.33,7339.8,20,18,5,7,410.2165,292.85024558592545,0.0,1,20,False,normal
ACC_00249,9,6,0.7,0.00040312504817333224,0.00033599113119856737,0.0,7722.72,8894.46,17,19,6,9,454.27764705882356,288.2921726636324,0.0,1,17,False,normal
ACC_01363,6,5,0.8571428571428571,0.0006685395352134595,0.0001574468085106383,0.01818181818181818,8243.89,22210.9,19,43,5,6,433.88894736842104,277.25457535338523,0.0,1,19,False,normal
ACC_01118,3,12,3.25,0.0003063040176086555,0.0033285106382978727,0.009523809523809525,17857.19,5688.29,33,11,12,3,541.1269696969697,346.6313010560072,0.0,1,33,False,normal
ACC_00910,5,9,1.6666666666666667,0.000344349916826385,0.00021106382978723406,0.01098901098901099,12619.79,12516.89,17,28,9,5,742.3405882352941,526.0579221966744,0.0,1,17,False,normal
ACC_01385,7,9,1.25,0.0003172885253071725,0.0011395744680851065,0.008333333333333333,14087.48,13004.14,27,26,9,7,521.7585185185185,327.57757933402,0.0,1,27,False,normal
ACC_01500,8,4,0.5555555555555556,0.00044451680937832906,0.0029906382978723404,0.045454545454545456,10906.4,14163.05,23,25,4,8,474.1913043478261,294.10780707860334,0.0,2,23,False,normal
ACC_01591,8,7,0.8888888888888888,0.0002886948734479889,0.0009721570801176822,0.0,10894.34,9185.76,24,18,7,8,453.93083333333334,221.0391466984715,0.0,1,24,False,normal
ACC_00520,10,8,0.8181818181818182,0.00044041698382170537,0.006042553191489362,0.013071895424836602,9573.15,14521.73,22,24,8,10,435.1431818181818,335.56491100667506,0.0,1,21,False,normal
ACC_00558,7,7,1.0,0.0002227295769816274,0.0012791489361702129,0.0,10770.42,3963.33,24,8,7,7,448.7675,356.57484802724406,0.0,1,23,False,normal
ACC_01065,2,9,3.3333333333333335,0.00011443273362073697,0.0002714893617021277,0.0,10772.98,786.8199999999999,24,2,9,2,448.87416666666667,307.45599453123106,0.0,1,24,False,normal
ACC_01519,6,8,1.2857142857142858,0.0004008589938939004,0.0013140425531914894,0.0,17937.010000000002,9128.78,35,18,8,6,512.4860000000001,446.8808718623684,0.0,1,34,False,normal
ACC_01728,7,4,0.625,0.00038598356670513085,0.0006553191489361703,0.01818181818181818,10176.28,12366.91,19,22,4,7,535.5936842105264,393.4629781004466,0.0,1,19,False,normal
ACC_01734,8,10,1.2222222222222223,0.00030469950178153664,0.00250468085106383,0.0196078431372549,12556.6,8498.91,23,21,10,8,545.9391304347827,321.1548877795012,0.0,1,22,False,normal
ACC_01649,6,10,1.5714285714285714,0.0002693509887589544,0.00568936170212766,0.0,16303.380000000001,5444.1,31,13,10,6,525.9154838709678,380.410401784167,0.03225806451612903,1,30,False,normal
ACC_00499,11,10,0.9166666666666666,0.0003622009052770344,0.0013251063829787235,0.0,13194.9,9845.37,24,19,10,11,549.7875,484.44565475486473,0.0,1,24,False,normal
ACC_00229,5,11,2.0,0.00044003863011854563,0.004747234042553191,0.008333333333333333,11818.26,14262.02,28,25,11,5,422.0807142857143,272.29061707598197,0.03571428571428571,2,27,False,normal
ACC_00638,10,6,0.6363636363636364,0.0007061412502387379,0.001086808510638298,0.0,8491.24,15880.57,20,32,6,10,424.562,232.89309010110648,0.0,1,20,False,normal
ACC_00530,6,8,1.2857142857142858,0.0003103001319866457,0.0008731914893617021,0.0,11605.99,7613.6,26,16,8,6,446.3842307692308,375.2593363440604,0.0,1,26,False,normal
ACC_00680,6,10,1.5714285714285714,0.0005037085237850284,0.00029106382978723403,0.0,16038.87,7951.280000000001,42,14,10,6,381.8778571428572,273.2244401589547,0.023809523809523808,2,41,False,normal
ACC_01899,7,8,1.125,0.0004892172411314655,0.0012817123608919968,0.0,12663.0,9799.12,23,15,8,7,550.5652173913044,450.539467395069,0.0,1,23,False,normal
ACC_00959,7,7,1.0,0.00047259650729316054,0.013901276595744682,0.04395604395604396,8642.0,9084.73,19,15,7,7,454.8421052631579,378.84998484564284,0.0,1,19,False,normal
ACC_01204,8,5,0.6666666666666666,0.0003463055080351862,0.003807659574468085,0.01282051282051282,10149.03,8645.85,25,19,5,8,405.9612,291.6231206586108,0.0,1,25,False,normal
ACC_01249,4,4,1.0,0.00023876475085085006,0.002058723404255319,0.0,11450.550000000001,5848.95,21,10,4,4,545.2642857142857,436.6517419016146,0.0,1,21,False,normal
ACC_00063,7,12,1.625,0.0002731204546460157,0.0028311943035006183,0.005847953216374269,16062.56,8525.94,30,18,12,7,535.4186666666667,292.39383729452317,0.0,1,29,False,normal
ACC_00540,4,6,1.4,0.00012953438225030012,0.0005423613183814438,0.0,12473.57,2127.52,21,4,6,4,593.9795238095238,355.57134127311485,0.0,1,21,False,normal
ACC_00746,3,11,3.0,0.00015967863309335862,0.003730212765957447,0.02197802197802198,13439.53,2510.85,26,6,11,3,516.905,376.7947652423001,0.038461538461538464,1,26,False,normal
ACC_01144,6,13,2.0,0.0005397605030946224,0.0008459574468085107,0.011695906432748537,15644.14,16900.88,31,25,13,6,504.6496774193548,331.0539327006389,0.0,1,28,False,normal
ACC_01833,8,6,0.7777777777777778,0.0005796158827901083,0.0004451063829787234,0.0,13701.3,24449.79,23,49,6,8,595.7086956521739,372.91042750120357,0.0,1,23,False,normal
ACC_01395,6,10,1.5714285714285714,0.0005299174078805823,0.003726602140451115,0.008333333333333333,10386.14,17702.37,24,33,10,6,432.7558333333333,252.99313333037094,0.0,1,24,False,normal
ACC_01175,15,9,0.625,0.000518645081914505,0.0032340425531914895,0.010869565217391304,16717.09,13374.73,35,23,9,15,477.63114285714283,408.10649674673255,0.0,1,33,False,normal
ACC_00906,6,6,1.0,0.0006073861929127985,0.0002170212765957447,0.01818181818181818,9026.72,20250.75,22,33,6,6,410.3054545454545,239.68907032966237,0.045454545454545456,1,22,False,normal
ACC_01472,6,9,1.4285714285714286,0.00036191982861182514,0.006862978723404255,0.0,8268.21,14729.71,16,30,9,6,516.763125,449.1833293688855,0.0,1,16,False,normal
ACC_01299,9,5,0.6,0.0004928943807425265,0.004266382978723404,0.0,13876.89,18204.95,31,30,5,9,447.6416129032258,300.76489214552925,0.0,1,30,False,normal
ACC_01647,8,12,1.4444444444444444,0.0007793511201407032,0.0002638297872340426,0.0,15551.869999999999,18591.97,30,36,12,8,518.3956666666667,530.8116652739646,0.0,1,30,False,normal
ACC_00320,8,8,1.0,0.00036444132374244595,0.0018451063829787234,0.008333333333333333,17564.65,13385.35,30,26,8,8,585.4883333333333,358.58204961211175,0.0,1,30,False,normal
ACC_01450,8,9,1.1111111111111112,0.0005409972152424323,0.0018672340425531916,0.0,11074.77,18760.58,22,39,9,8,503.3986363636364,332.1306078479979,0.0,1,22,False,normal
ACC_01969,11,8,0.75,0.0006542593147147086,0.0023472340425531916,0.0,14051.380000000001,14753.17,28,33,8,11,501.83500000000004,337.902538046873,0.0,1,27,False,normal
ACC_01293,9,8,0.9,0.0006160716027813601,0.0002,0.0,14008.07,17900.98,28,36,8,9,500.2882142857143,374.1557694434288,0.0,1,27,False,normal
ACC_01666,4,5,1.2,0.00031537172627260206,0.0002004008016032064,0.0,10867.76,5788.13,29,8,5,4,374.7503448275862,267.82295616004507,0.0,1,29,False,normal
ACC_00705,8,8,1.0,0.00040932502288983504,0.0014249776148040764,0.0,9192.64,7676.95,19,17,8,8,483.8231578947368,347.9856063283306,0.0,1,19,False,normal
ACC_00035,5,10,1.8333333333333333,0.0003492616655403842,0.0023387234042553193,0.0,12309.05,7162.92,28,19,10,5,439.6089285714285,276.82722908969083,0.07142857142857142,1,28,False,normal
ACC_00001,6,6,1.0,0.0003232903329004464,0.0016110638297872342,0.0,8678.050000000001,11889.94,14,23,6,6,619.8607142857144,521.470303018513,0.0,1,13,False,normal
ACC_01212,7,9,1.25,0.0005391323024167339,0.002671489361702128,0.008333333333333333,14931.65,10808.48,28,21,9,7,533.2732142857143,335.6121375001713,0.0,1,28,False,normal
ACC_01110,14,6,0.4666666666666667,0.00047794789135329635,0.0019548936170212766,0.005263157894736842,12038.27,14512.25,24,28,6,14,501.59458333333333,327.6048746117556,0.041666666666666664,1,23,False,normal
ACC_01487,11,8,0.75,0.0006556325489973981,0.002267234042553192,0.005847953216374269,13244.24,20652.72,30,36,8,11,441.4746666666667,368.0171230530312,0.0,1,29,False,normal
ACC_01604,5,9,1.6666666666666667,0.00026960408889870383,0.001527659574468085,0.02197802197802198,11014.619999999999,11005.14,22,23,9,5,500.6645454545454,329.5342378732989,0.0,1,21,False,normal
ACC_01337,6,6,1.0,0.0003539767908303797,5.3617021276595745e-05,0.030303030303030304,7450.16,11203.7,22,24,6,6,338.64363636363635,199.58650685725357,0.0,1,21,False,normal
ACC_00471,11,8,0.75,0.00048425052983723006,0.00824936170212766,0.011695906432748537,15562.97,12973.02,28,25,8,11,555.8203571428571,409.6876414075606,0.0,2,28,False,normal
ACC_01139,6,6,1.0,0.0004826800884804953,0.0017217021276595746,0.015151515151515152,7220.78,7125.0599999999995,20,15,6,6,361.039,248.20800078075433,0.0,1,20,False,normal
ACC_01161,14,10,0.7333333333333333,0.0008008794392562785,0.0033206839210335568,0.018115942028985508,8596.16,18494.079999999998,22,39,10,14,390.73454545454547,287.473423545589,0.0,1,21,False,normal
ACC_00649,9,8,0.9,0.0006234940683108805,0.0034527659574468085,0.0,14495.73,18752.15,27,33,8,9,536.8788888888889,326.3730124275376,0.0,1,27,False,normal
ACC_01790,7,4,0.625,0.0002581609451409191,0.0007268085106382979,0.0,10095.94,9444.84,19,22,4,7,531.3652631578948,319.794478678076,0.0,1,19,False,normal
ACC_01507,8,10,1.2222222222222223,0.0004586064346012141,0.0016153191489361703,0.026143790849673203,10289.77,14328.97,26,34,10,8,395.7603846153846,304.2093111984677,0.0,1,26,False,normal
ACC_00769,10,9,0.9090909090909091,0.0008607713854823084,0.0013259574468085108,0.005847953216374269,17665.15,22935.42,33,44,9,10,535.3075757575758,390.4929003838475,0.030303030303030304,1,33,False,normal
ACC_00811,7,6,0.875,0.0003239161058719259,0.0005368183174860359,0.0,13043.27,9288.45,26,19,6,7,501.6642307692308,364.1964194681005,0.0,2,25,False,normal
ACC_00946,3,5,1.5,0.000269586016444336,9.021276595744681e-05,0.0,10291.24,9119.55,24,17,5,3,428.8016666666667,322.0907623456559,0.0,1,24,False,normal
ACC_01956,12,4,0.38461538461538464,0.0009568761723272946,0.00029361702127659575,0.0,5830.13,20727.22,14,44,4,12,416.4378571428571,142.51944122057233,0.0,1,14,False,normal
ACC_01338,7,4,0.625,0.00016440222674231412,0.001985531914893617,0.01818181818181818,15055.72,3887.7,29,11,4,7,519.1627586206896,392.0611403020904,0.0,1,29,False,normal
ACC_00060,6,12,1.8571428571428572,0.0005090191706833501,0.0001353191489361702,0.0,14737.91,17746.93,32,27,12,6,460.5596875,347.0210308257744,0.03125,1,32,False,normal
ACC_00353,4,10,2.2,0.0002014561378534423,0.0014229787234042554,0.0,19813.77,10103.33,30,17,10,4,660.4590000000001,421.7635698150131,0.03333333333333333,1,29,False,normal
ACC_01609,8,10,1.2222222222222223,0.00042749331665235953,0.001303031595105104,0.013071895424836602,14120.79,11678.66,25,20,10,8,564.8316,527.517565739758,0.0,1,25,False,normal
ACC_00016,9,5,0.6,0.000836285782786153,0.00011659574468085107,0.02197802197802198,14156.52,13743.37,23,31,5,9,615.5008695652174,388.57966591529964,0.0,1,23,False,normal
ACC_00951,5,11,2.0,0.00033915591677236023,0.0007285106382978724,0.025,12743.75,4973.47,25,10,11,5,509.75,359.49068286489245,0.0,1,25,False,normal
ACC_00994,6,7,1.1428571428571428,0.00028732518805714907,0.00022854219076450774,0.0,18498.49,8416.039999999999,32,18,7,6,578.0778125,408.58713100646327,0.0,2,32,False,normal
ACC_01331,10,6,0.6363636363636364,0.000353737692413047,0.009707234042553192,0.0,9117.359999999999,9110.91,19,18,6,10,479.8610526315789,348.11107408244055,0.0,1,19,False,normal
ACC_00143,5,11,2.0,0.00028145345668032575,0.0011446808510638298,0.008333333333333333,19461.34,7894.360000000001,33,18,11,5,589.7375757575758,356.51969035761465,0.0,1,33,False,normal
ACC_01163,6,8,1.2857142857142858,0.0007385453678391169,0.0002157506502366435,0.02197802197802198,13919.8,12505.87,28,25,8,6,497.13571428571424,343.15259446003915,0.0,1,28,False,normal
ACC_00902,13,8,0.6428571428571429,0.0008234084447533084,0.013471489361702128,0.004761904761904762,14625.54,18445.92,34,32,8,13,430.1629411764706,313.27107730516053,0.0,1,34,False,normal
ACC_00362,8,9,1.1111111111111112,0.0007032004896162927,0.005598297872340426,0.0,11358.33,16285.32,25,45,9,8,454.3332,288.6533713747338,0.04,1,25,False,normal
ACC_01910,10,3,0.36363636363636365,0.00037093547786705596,0.001491063829787234,0.01282051282051282,8200.64,11290.25,20,25,3,10,410.032,247.63148347154038,0.05,1,20,False,normal
ACC_00046,4,3,0.8,0.00037746515073730307,0.00023574468085106384,0.0,9139.72,8644.060000000001,19,14,3,4,481.0378947368421,315.03693318895074,0.05263157894736842,1,19,False,normal
ACC_01974,6,9,1.4285714285714286,0.0003511014365111285,0.004526382978723404,0.01904761904761905,19566.0,11190.6,37,16,9,6,528.8108108108108,323.4431798492449,0.0,1,36,False,normal
ACC_01914,8,8,1.0,0.0005495278118189575,0.00281158060802456,0.0,14409.69,19115.73,26,39,8,8,554.2188461538461,349.62125137155977,0.0,1,26,False,normal
ACC_01333,7,5,0.75,0.000240143438494021,0.005056170212765958,0.0,12154.970000000001,12835.66,23,26,5,7,528.4769565217392,442.3208500361247,0.0,2,23,False,normal
ACC_01366,9,9,1.0,0.0004866801672568443,0.010145531914893617,0.0196078431372549,12614.47,21647.24,26,39,9,9,485.17192307692306,393.9359431280089,0.0,1,25,False,normal
ACC_00390,8,6,0.7777777777777778,0.0008185802552721794,3.4042553191489365e-05,0.01098901098901099,6371.94,17351.1,17,31,6,8,374.82,255.60496608536383,0.058823529411764705,1,17,False,normal
ACC_01376,11,9,0.8333333333333334,0.000359993881665155,0.009925106382978725,0.005263157894736842,13098.539999999999,6884.5,22,17,9,11,595.3881818181818,397.3663681413792,0.0,1,21,False,normal
ACC_01896,10,10,1.0,0.0006810968970101974,0.0013548936170212768,0.005263157894736842,13787.95,25564.3,27,49,10,10,510.66481481481486,303.495798252126,0.0,1,27,False,normal
ACC_00741,8,7,0.8888888888888888,0.0004254682622254325,0.004533617021276596,0.009523809523809525,11593.43,9640.369999999999,24,24,7,8,483.05958333333336,286.4021777831818,0.0,2,24,False,normal
ACC_00820,11,9,0.8333333333333334,0.0007588420938269924,0.0035540425531914895,0.015789473684210527,13897.32,22917.67,29,43,9,11,479.2179310344828,348.4557726842749,0.034482758620689655,1,29,False,normal
ACC_00856,5,8,1.5,0.00036900198304796024,0.0015336170212765959,0.0,13427.57,5512.21,33,9,8,5,406.8960606060606,324.92250395228274,0.030303030303030304,1,33,False,normal
ACC_01884,7,11,1.5,0.00032328573804777056,0.001614292414616467,0.0,10533.63,11393.73,22,25,11,7,478.8013636363636,424.7266265470672,0.0,1,22,False,normal
ACC_01134,10,11,1.0909090909090908,0.0005460861153546027,0.0036408510638297874,0.004761904761904762,14580.34,17651.91,25,32,11,10,583.2136,380.6210377011059,0.0,1,25,False,normal
ACC_01050,5,4,0.8333333333333334,0.0002708473928129881,0.0003702127659574468,0.027777777777777776,9313.86,6649.99,22,13,4,5,423.35727272727274,323.4707574504086,0.045454545454545456,1,22,False,normal
ACC_00117,7,10,1.375,0.0005086498599606464,0.0006680851063829787,0.007352941176470588,15038.24,11331.550000000001,32,22,10,7,469.945,300.4078147473703,0.0,1,31,False,normal
ACC_00449,8,6,0.7777777777777778,0.0008523795876214081,0.0006357446808510638,0.02197802197802198,10692.89,19053.78,21,36,6,8,509.18523809523805,419.1243888229251,0.0,1,21,False,normal
ACC_00553,7,11,1.5,0.0004944561986801499,0.004298810386730909,0.0,19961.23,12208.27,40,25,11,7,499.03075,371.34030407802004,0.05,1,39,False,normal
ACC_01510,11,4,0.4166666666666667,0.0005581213498731677,0.0004936170212765957,0.009523809523809525,12159.57,15590.92,22,38,4,11,552.7077272727273,359.8536758174781,0.0,1,21,False,normal
ACC_01834,8,11,1.3333333333333333,0.0004293673327429882,0.004575107662132777,0.011695906432748537,17036.72,11369.39,27,23,11,8,630.9896296296297,399.1815636011868,0.0,1,27,False,normal
ACC_00217,9,7,0.8,0.0005252503280140488,0.00031637743572250887,0.016666666666666666,9392.99,10369.91,20,23,7,9,469.6495,171.47482858011244,0.0,1,20,False,normal
ACC_01706,5,7,1.3333333333333333,0.0001573503899525022,0.0017276595744680852,0.015151515151515152,12398.26,2937.98,25,6,7,5,495.9304,392.0255589932881,0.0,1,25,False,normal
ACC_01401,11,7,0.6666666666666666,0.0006573453414456152,0.002069787234042553,0.013071895424836602,12680.69,22042.5,28,42,7,11,452.88178571428574,364.5108540583157,0.03571428571428571,2,28,False,normal
ACC_01643,8,5,0.6666666666666666,0.0008015799910544905,0.0016348936170212766,0.01282051282051282,16520.26,14417.72,33,27,5,8,500.61393939393935,295.67520406625437,0.0,1,32,False,normal
ACC_00743,8,9,1.1111111111111112,0.0007127305352552257,0.00015319148936170213,0.0,12423.31,19305.96,26,38,9,8,477.81961538461536,280.6650666467883,0.038461538461538464,2,25,False,normal
ACC_01055,5,4,0.8333333333333334,0.00020363114378047054,0.00320385451754573,0.0,11991.05,3216.71,24,10,4,5,499.6270833333333,296.48875194559,0.0,1,24,False,normal
ACC_00862,6,15,2.2857142857142856,0.000258388561145066,0.0015897872340425532,0.021052631578947368,14812.64,6328.92,32,11,15,6,462.895,363.98269171894384,0.0,2,31,False,normal
ACC_01214,6,8,1.2857142857142858,0.0006332413688730933,0.0015904148722977872,0.01098901098901099,9361.29,13494.08,22,32,8,6,425.51318181818186,236.05041312612227,0.0,1,22,False,normal
ACC_00998,6,6,1.0,0.000525055968634466,9.872340425531916e-05,0.015151515151515152,7763.28,16462.06,15,28,6,6,517.552,348.50255656369086,0.0,1,15,False,normal
ACC_00355,10,6,0.6363636363636364,0.0006862098320501353,0.0010331914893617021,0.008333333333333333,11646.93,16967.87,26,27,6,10,447.95884615384614,376.85024209971704,0.0,2,26,False,normal
ACC_01860,10,7,0.7272727272727273,0.000574009336660393,0.0013565957446808512,0.0,14592.57,14075.84,28,28,7,10,521.1632142857143,344.0959218552784,0.03571428571428571,1,27,False,normal
ACC_01129,11,3,0.3333333333333333,0.00046023590227823436,4.595744680851064e-05,0.0,8490.29,15354.76,23,31,3,11,369.1430434782609,286.09641979957456,0.043478260869565216,1,23,False,normal
ACC_00204,11,7,0.6666666666666666,0.0005813847531112675,9.892124674881678e-05,0.006535947712418301,13821.74,14515.49,29,27,7,11,476.61172413793105,296.31759931664254,0.0,1,29,False,normal
ACC_00621,10,6,0.6363636363636364,0.0005320407300708585,0.002122553191489362,0.0,12100.97,10897.24,22,19,6,10,550.0440909090909,294.08641549331315,0.0,1,22,False,normal
ACC_01121,7,5,0.75,0.0005379376328119656,0.00041617021276595746,0.015151515151515152,10781.84,17971.86,23,34,5,7,468.77565217391304,258.42833655538357,0.0,1,23,False,normal
ACC_00475,10,6,0.6363636363636364,0.0003221344245457326,0.0021702980428942994,0.0,14783.44,8320.66,29,16,6,10,509.77379310344827,332.30547467023894,0.0,1,29,False,normal
ACC_01246,9,7,0.8,0.0005329469716025977,0.003934468085106383,0.008333333333333333,15531.77,15206.28,27,31,7,9,575.2507407407408,349.0118238015388,0.0,1,25,False,normal
ACC_01296,5,12,2.1666666666666665,0.0001876998794487175,0.0014714893617021278,0.008333333333333333,13632.16,4409.98,29,11,12,5,470.07448275862066,278.3884237457006,0.0,1,28,False,normal
ACC_01268,8,8,1.0,0.0002670892940919492,0.001563404255319149,0.01904761904761905,10650.75,8597.56,24,19,8,8,443.78125,420.5797588868562,0.0,1,24,False,normal
ACC_01948,9,5,0.6,0.000492031521595119,0.004706382978723405,0.02197802197802198,7039.82,9459.92,20,20,5,9,351.991,150.77724405646615,0.0,1,20,False,normal
ACC_00601,7,10,1.375,0.0005796939890111466,0.0004238263761565685,0.007352941176470588,12159.93,12901.24,25,24,10,7,486.3972,339.45664250043285,0.0,2,25,False,normal
ACC_00041,5,6,1.1666666666666667,0.00023671879876486425,0.00024595744680851064,0.0,12681.45,3894.64,27,5,6,5,469.68333333333334,373.9983208415617,0.07407407407407407,1,26,False,normal
ACC_01142,7,10,1.375,0.0007054883641183864,0.004,0.014705882352941176,13446.710000000001,21484.55,25,39,10,7,537.8684000000001,380.8868418537628,0.0,1,24,False,normal
ACC_00524,8,6,0.7777777777777778,0.0005850382697497736,0.0025659574468085105,0.0,8913.18,12004.06,18,21,6,8,495.1766666666667,383.625607131561,0.0,1,18,False,normal
ACC_00202,8,8,1.0,0.0005525268144403987,0.0016638297872340426,0.016666666666666666,9402.06,10163.789999999999,20,19,8,8,470.10299999999995,366.1117122308867,0.0,1,19,False,normal
ACC_01417,9,5,0.6,0.0002705201482829228,0.006032340425531915,0.0,10550.41,7130.460000000001,23,17,5,9,458.7134782608696,346.5761761944026,0.0,1,23,False,normal
ACC_01036,9,12,1.3,0.0005346167154650359,0.004429284100115124,0.009523809523809525,15407.41,15375.539999999999,28,36,12,9,550.2646428571428,429.4179677060062,0.0,1,28,False,normal
ACC_00352,5,8,1.5,0.0007583916926270562,0.0007276595744680852,0.02564102564102564,13574.81,8439.13,22,15,8,5,617.0368181818181,503.29935004533894,0.045454545454545456,1,22,False,normal
ACC_01739,5,8,1.5,0.0005262664780836417,0.00816936170212766,0.0,4511.1,10216.79,12,22,8,5,375.925,199.16062199778713,0.0,1,12,False,normal
ACC_01549,7,7,1.0,0.00038329090213804737,0.001966808510638298,0.0,12662.3,11969.47,32,24,7,7,395.696875,331.97582084939415,0.0,2,31,False,normal
ACC_00002,6,8,1.2857142857142858,0.00043030436640551656,0.004392340425531915,0.0,9759.33,10955.11,29,19,8,6,336.52862068965516,212.2025042891836,0.0,1,29,False,normal
ACC_01208,5,8,1.5,0.0002498015487507421,0.0011608510638297872,0.01282051282051282,15890.85,9217.369999999999,30,15,8,5,529.695,414.3573561864952,0.03333333333333333,1,30,False,normal
ACC_01445,7,9,1.25,0.00044936217477842505,0.0024696200912463226,0.008333333333333333,12445.789999999999,16716.420000000002,25,27,9,7,497.8316,370.17885792636326,0.0,1,25,False,normal
ACC_01011,8,9,1.1111111111111112,0.00027048268683107867,0.0015557446808510639,0.014705882352941176,15123.7,6001.57,26,18,9,8,581.6807692307692,444.8969603575469,0.0,1,25,False,normal
ACC_01199,7,11,1.5,0.000443312718764358,0.008257021276595744,0.006535947712418301,11281.84,10653.7,25,26,11,7,451.2736,338.1642796393493,0.0,1,25,False,normal
ACC_00815,9,10,1.1,0.0004308953361780241,0.0021720035816313477,0.017543859649122806,10447.3,9096.26,21,20,10,9,497.49047619047616,386.98725913750945,0.14285714285714285,1,21,False,normal
ACC_00976,8,7,0.8888888888888888,0.00035857902716305304,0.00029106382978723403,0.009523809523809525,10158.24,9334.31,19,17,7,8,534.6442105263158,389.69952975644924,0.0,1,18,False,normal
ACC_01929,8,6,0.7777777777777778,0.00035384009256200983,0.00016085106382978724,0.0,13892.68,7445.6,26,17,6,8,534.3338461538461,345.393470639813,0.038461538461538464,1,25,False,normal
ACC_00232,8,6,0.7777777777777778,0.0004213755697324167,0.0005165957446808511,0.0,6841.92,10991.03,17,15,6,8,402.4658823529412,252.40212657728398,0.058823529411764705,1,17,False,normal
ACC_01475,4,10,2.2,0.00018088265980380824,0.0007012765957446809,0.01098901098901099,10168.01,3332.91,20,10,10,4,508.4005,286.1307266466078,0.0,1,20,False,normal
ACC_01702,9,7,0.8,0.0006519855925689891,0.0025386944100967896,0.0,8855.52,16320.03,20,29,7,9,442.776,317.9702376075638,0.05,2,20,False,normal
ACC_00897,5,10,1.8333333333333333,0.0001881886524105418,0.0029906382978723404,0.0,8385.12,5334.94,20,15,10,5,419.25600000000003,230.8178638621689,0.05,1,20,False,normal
ACC_00413,10,6,0.6363636363636364,0.0010326634696789187,6.808510638297873e-06,0.008333333333333333,14624.89,23121.27,26,51,6,10,562.4957692307692,392.35631805972565,0.038461538461538464,1,26,False,normal
ACC_00495,5,9,1.6666666666666667,0.0004284457677953749,0.0005855319148936171,0.0,13925.3,12369.15,29,20,9,5,480.18275862068964,372.4374521685924,0.034482758620689655,1,29,False,normal
ACC_00646,10,7,0.7272727272727273,0.0006510086431012217,0.0029753123267812222,0.007352941176470588,6360.65,15531.82,18,34,7,10,353.3694444444444,225.3672774272417,0.0,1,18,False,normal
ACC_00080,7,10,1.375,0.0004663886739860533,0.0017319148936170213,0.0,14321.960000000001,10421.24,29,21,10,7,493.86068965517245,325.5777069405248,0.034482758620689655,1,29,False,normal
ACC_00003,9,7,0.8,0.0002360442529122078,0.007417872340425532,0.008333333333333333,11074.99,6701.41,20,15,7,9,553.7495,460.16888255091504,0.0,1,20,False,normal
ACC_00513,7,9,1.25,0.0005535503492305879,0.001421276595744681,0.008333333333333333,14138.17,10409.48,28,23,9,7,504.9346428571429,279.69049805073416,0.0,1,28,False,normal
ACC_01771,8,9,1.1111111111111112,0.00028941453174440783,0.006220425531914894,0.007352941176470588,14552.42,7073.5,30,17,9,8,485.0806666666667,305.75419068866114,0.0,1,30,False,normal
ACC_00639,6,5,0.8571428571428571,0.00024207444452970108,0.0004340425531914894,0.0,10459.33,10888.53,19,21,5,6,550.4910526315789,360.6634099189797,0.0,1,19,False,normal
ACC_00783,15,4,0.3125,0.0005553129614557289,0.0014017021276595744,0.005847953216374269,14049.68,20550.48,22,43,4,15,638.6218181818182,470.3651079000973,0.045454545454545456,1,22,False,normal
ACC_00960,13,11,0.8571428571428571,0.0007129709240197536,0.0058072340425531915,0.007246376811594203,14416.38,18115.13,27,33,11,13,533.9399999999999,368.0009094888426,0.0,1,27,False,normal
ACC_01931,13,8,0.6428571428571429,0.0009345222612390644,0.0026885106382978723,0.009523809523809525,14875.77,20325.739999999998,20,47,8,13,743.7885,498.11693703465806,0.0,1,20,False,normal
ACC_00968,9,11,1.2,0.0004009285076807368,0.010439148936170213,0.005263157894736842,20433.63,12516.289999999999,35,31,11,9,583.818,393.4660673971024,0.02857142857142857,1,34,False,normal
ACC_00368,16,8,0.5294117647058824,0.0007077135358872623,0.005442553191489362,0.007246376811594203,6946.69,23000.49,19,45,8,16,365.61526315789473,241.0189243692154,0.0,2,19,False,normal
ACC_00656,7,6,0.875,0.0008592985636663367,0.00024340425531914895,0.02564102564102564,14887.99,15917.39,27,33,6,7,551.4070370370371,406.8497058243311,0.0,1,27,False,normal
ACC_00723,11,13,1.1666666666666667,0.0006655335127877509,0.008931914893617022,0.0036231884057971015,14601.11,20058.9,27,36,13,11,540.7818518518519,391.92690195648476,0.0,1,27,False,normal
ACC_00990,6,11,1.7142857142857142,0.00018920114192096457,0.007572765957446809,0.0,15060.960000000001,4706.57,33,9,11,6,456.3927272727273,303.38961906755236,0.0,1,33,False,normal
ACC_01473,8,9,1.1111111111111112,0.00035284219893987474,0.0013472340425531915,0.0,12950.02,6660.16,26,18,9,8,498.0776923076923,423.6631905871237,0.0,1,26,False,normal
ACC_01997,10,11,1.0909090909090908,0.0007993345460294242,0.0020953191489361703,0.014285714285714285,14503.02,23462.32,27,42,11,10,537.1488888888889,389.20431943145564,0.0,1,27,False,normal
ACC_01888,13,10,0.7857142857142857,0.0010848201225148436,0.003880851063829787,0.007905138339920948,14118.029999999999,24293.92,35,43,10,13,403.3722857142857,304.57446701804747,0.02857142857142857,1,35,False,normal
ACC_01476,5,9,1.6666666666666667,0.00037956045935777163,0.0010796060205517418,0.0,17122.7,9036.97,35,15,9,5,489.22,342.3588555715118,0.0,1,35,False,normal
ACC_01484,6,5,0.8571428571428571,0.0003510533736514705,0.0012008510638297873,0.03636363636363636,10715.29,11755.17,19,32,5,6,563.9626315789474,444.02263837234074,0.05263157894736842,1,19,False,normal
ACC_00921,9,6,0.7,0.0007272810661908729,0.0015114893617021276,0.01904761904761905,9337.11,21430.23,22,42,6,9,424.41409090909093,275.9716538007394,0.0,2,22,False,normal
ACC_01654,15,9,0.625,0.0007153003554933996,0.001952340425531915,0.0036231884057971015,13244.74,17942.95,25,41,9,15,529.7896,334.0419258052298,0.0,1,25,False,normal
ACC_01742,6,11,1.7142857142857142,0.00036974669316067497,0.0033522363876689553,0.016666666666666666,19112.94,6785.98,37,18,11,6,516.5659459459459,349.85039726891733,0.05405405405405406,1,37,False,normal
ACC_01064,9,5,0.6,0.0010160818110977012,0.001494468085106383,0.01098901098901099,10145.92,33149.1,25,56,5,9,405.8368,266.1690443703024,0.08,1,24,False,normal
ACC_00246,7,10,1.375,0.0007684860233376239,0.0016765957446808512,0.007352941176470588,11302.09,16138.49,21,34,10,7,538.1947619047619,365.8612832702997,0.0,1,21,False,normal
ACC_00826,1,4,2.5,0.00010448109610857134,5.106382978723404e-06,0.0,11054.26,676.86,19,1,4,1,581.8031578947368,447.6646752878596,0.0,1,19,False,normal
ACC_00731,10,7,0.7272727272727273,0.0003434690728352046,0.0017336170212765957,0.0,13168.69,15345.12,26,27,7,10,506.48807692307696,355.9027902562072,0.0,1,26,False,normal
ACC_01856,4,11,2.4,0.00018441871184338854,0.0060493617021276595,0.01904761904761905,16362.300000000001,4329.74,28,10,11,4,584.3678571428571,373.6030724688985,0.0,1,28,False,normal
ACC_01733,4,10,2.2,0.00016483231357647098,0.0008723404255319149,0.02197802197802198,11685.07,6834.31,22,12,10,4,531.1395454545454,413.4715737620996,0.0,1,22,False,normal
ACC_01669,5,7,1.3333333333333333,0.0003564651234320879,0.0009217021276595745,0.015151515151515152,14807.31,8281.68,35,18,7,5,423.066,268.70837292062015,0.0,1,34,False,normal
ACC_01386,13,4,0.35714285714285715,0.0007398980951250419,0.00015861510254551656,0.014705882352941176,11405.94,26635.82,20,55,4,13,570.297,328.2554664169838,0.0,1,20,False,normal
ACC_01145,11,7,0.6666666666666666,0.0007307658610916567,0.002195744680851064,0.006535947712418301,11873.29,21027.63,24,39,7,11,494.7204166666667,363.7885171536649,0.0,1,23,False,normal
ACC_01807,9,10,1.1,0.00037340457399655946,0.0015878565641922143,0.017543859649122806,15134.689999999999,14323.210000000001,27,29,10,9,560.544074074074,452.0055053975411,0.0,1,27,False,normal
ACC_01767,11,5,0.5,0.0004258147811978082,0.0026587234042553193,0.008333333333333333,11622.22,10703.69,18,22,5,11,645.6788888888889,457.96492588392533,0.05555555555555555,1,18,False,normal
ACC_00118,6,6,1.0,0.0002429429014804834,0.0005812765957446808,0.015151515151515152,8592.17,4885.17,19,12,6,6,452.2194736842105,333.12783352930717,0.0,1,19,False,normal
ACC_00501,9,9,1.0,0.0007173884056393099,0.001246808510638298,0.0,9731.24,23706.81,19,42,9,9,512.1705263157895,359.5661441155883,0.0,1,19,False,normal
ACC_00401,9,11,1.2,0.0004834213425783866,0.0006723404255319149,0.0,16133.66,10718.86,29,28,11,9,556.3331034482759,361.77791122557346,0.0,1,29,False,normal
ACC_01146,2,11,4.0,0.00019478528574237098,0.0,0.02564102564102564,15211.2,6451.91,27,15,11,2,563.3777777777779,490.38948177273676,0.0,1,27,False,normal
ACC_01454,8,8,1.0,0.0005017724177533009,0.0012825651302605212,0.008333333333333333,10284.9,11900.0,26,22,8,8,395.5730769230769,256.1753516444426,0.038461538461538464,1,26,False,normal
ACC_01233,5,10,1.8333333333333333,0.0004013027675993749,0.0016518142668315355,0.0,9377.28,8197.04,23,19,10,5,407.7078260869566,270.55727422482727,0.0,1,23,False,normal
ACC_00123,11,11,1.0,0.00039303749913456506,0.002773205986440967,0.017316017316017316,11111.14,10821.7,24,24,11,11,462.96416666666664,343.4075406596134,0.0,1,24,False,normal
ACC_01525,10,6,0.6363636363636364,0.00046022227844014,0.001608323029036797,0.0,16008.0,13647.42,31,20,6,10,516.3870967741935,343.8950977860695,0.0,1,31,False,normal
ACC_00886,6,8,1.2857142857142858,0.0003721858801092425,0.0013906382978723405,0.0,10100.27,9042.59,24,19,8,6,420.84458333333333,321.70768457228735,0.0,1,24,False,normal
ACC_01040,5,11,2.0,0.0002994144808857525,0.0011693617021276597,0.0,12622.93,6027.39,27,13,11,5,467.51592592592596,380.8585708355759,0.0,1,26,False,normal
ACC_00006,7,7,1.0,0.00043769791675360594,0.0027829787234042555,0.0,12009.99,10602.32,27,19,7,7,444.81444444444446,261.7339824697725,0.0,1,25,False,normal
ACC_01439,10,6,0.6363636363636364,0.00041715827859720655,0.0076408510638297875,0.008333333333333333,13015.4,14028.970000000001,26,25,6,10,500.59230769230766,272.1687527150417,0.0,1,25,False,normal
ACC_01482,8,8,1.0,0.0005665385153813177,0.0003973905257323157,0.0,13292.93,14925.99,27,25,8,8,492.33074074074074,426.2870261376439,0.0,1,27,False,normal
ACC_00303,9,6,0.7,0.0005602541274419081,0.0006037607129151921,0.0,17523.43,17436.5,25,33,6,9,700.9372,435.3726511614313,0.08,1,25,False,normal
ACC_00322,11,6,0.5833333333333334,0.0005861594760935791,0.0020621276595744684,0.022058823529411766,8359.79,14717.87,17,34,6,11,491.7523529411765,269.32877894706616,0.0,1,17,False,normal
ACC_00273,7,6,0.875,0.0004284481841170899,0.0033931914893617025,0.0,8051.5,13440.960000000001,18,32,6,7,447.30555555555554,284.4150473023995,0.05555555555555555,1,18,False,normal
ACC_01116,3,6,1.75,0.00018547886333360707,0.0002848249690871104,0.0,11102.89,2636.5299999999997,23,10,6,3,482.73434782608695,317.64959713819155,0.0,1,22,False,normal
ACC_00132,10,13,1.2727272727272727,0.0004594951742249533,0.00883744680851064,0.003952569169960474,11735.89,15552.44,29,27,13,10,404.6858620689655,279.6642398805759,0.0,2,29,False,normal
ACC_00858,8,7,0.8888888888888888,0.0005276941967458757,0.00037095467530806294,0.0,12111.84,16728.32,24,36,7,8,504.66,324.7796435444647,0.0,1,24,False,normal
ACC_01373,11,7,0.6666666666666666,0.0005269273909916345,0.002785531914893617,0.0,17052.42,16716.12,38,29,7,11,448.74789473684206,288.7671381239786,0.05263157894736842,2,38,False,normal
ACC_01316,3,11,3.0,0.00014248368129362996,0.002595744680851064,0.0,12012.85,1824.88,28,3,11,3,429.03035714285716,291.76484668158184,0.0,2,27,False,normal
ACC_00187,5,6,1.1666666666666667,0.0003662810055882458,0.001617872340425532,0.0,6977.12,8025.24,18,18,6,5,387.61777777777775,278.55278161905403,0.0,1,18,False,normal
ACC_01709,9,2,0.3,0.0005852565860359567,0.0,0.0,7956.39,19718.55,18,48,2,9,442.0216666666667,392.8983148983972,0.0,1,18,False,normal
ACC_01130,5,10,1.8333333333333333,0.0004780203570258286,4.340425531914894e-05,0.0,21751.21,15586.0,31,36,10,5,701.651935483871,481.94051214798526,0.0,1,31,False,normal
ACC_01387,8,14,1.6666666666666667,0.00039500339207998236,0.0052468085106382985,0.004329004329004329,15873.57,11334.36,34,19,14,8,466.86970588235295,407.1937206865764,0.0,1,33,False,normal
ACC_01166,7,11,1.5,0.00037823766964379134,0.003306186841768644,0.006535947712418301,8703.539999999999,9458.83,21,23,11,7,414.4542857142857,254.75137035100374,0.0,1,21,False,normal
ACC_00899,4,10,2.2,0.000315648592956078,0.00044255319148936174,0.0,15864.48,7739.97,32,15,10,4,495.765,293.85590699766334,0.0,2,31,False,normal
ACC_00687,4,11,2.4,0.00018721027947044786,0.0002851063829787234,0.0,12479.17,6142.17,27,7,11,4,462.1914814814815,393.49372176306906,0.0,1,27,False,normal
ACC_00977,4,8,1.8,0.0001765697260723928,0.002192340425531915,0.0,12888.01,2826.88,24,7,8,4,537.0004166666666,373.13240707939366,0.0,1,24,False,normal
ACC_01069,10,10,1.0,0.0006624900347701547,0.007433191489361703,0.010526315789473684,17956.3,13403.25,31,28,10,10,579.2354838709678,418.84418400194846,0.0,2,30,False,normal
ACC_01660,6,7,1.1428571428571428,0.00024691413199695437,0.00010553191489361703,0.01282051282051282,12436.03,6954.36,23,15,7,6,540.6969565217391,380.4446123399542,0.0,1,23,False,normal
ACC_00028,4,7,1.6,0.000245682625804049,0.0003191489361702128,0.0,16539.5,3108.37,35,5,7,4,472.5571428571429,341.36392170898466,0.0,1,35,False,normal
ACC_01935,8,7,0.8888888888888888,0.00036239945040715755,0.0002621276595744681,0.01904761904761905,13717.89,11931.44,18,23,7,8,762.105,452.4803667401428,0.0,1,18,False,normal
ACC_00531,7,7,1.0,0.00039897985916073256,0.0007659574468085107,0.01098901098901099,13836.9,10970.98,21,19,7,7,658.9,397.6664692176095,0.0,1,21,False,normal
ACC_01223,6,10,1.5714285714285714,0.00044378001849822147,4.765957446808511e-05,0.0,11920.24,10087.67,20,17,10,6,596.012,422.6494718296649,0.05,1,20,False,normal
ACC_01458,7,8,1.125,0.0003362282998122016,0.008962606063190211,0.009523809523809525,11691.21,11850.27,24,26,8,7,487.13374999999996,446.3942463379059,0.0,1,23,False,normal
ACC_01710,9,12,1.3,0.0007103825242437626,0.004379574468085107,0.004761904761904762,17030.829999999998,23060.73,34,50,12,9,500.9067647058823,396.77703354632524,0.0,1,33,False,normal
ACC_00460,5,7,1.3333333333333333,0.00022861367856684674,0.001408774996802115,0.0,10657.78,4425.23,23,8,7,5,463.3817391304348,422.44487474324734,0.0,1,23,False,normal
ACC_01812,6,5,0.8571428571428571,0.00047424087068864565,0.0004859574468085107,0.0,11719.99,10065.78,24,17,5,6,488.3329166666667,262.25433417861944,0.0,1,23,False,normal
ACC_01835,7,8,1.125,0.00030978845433057785,0.00023063829787234042,0.0,13540.789999999999,7897.42,26,14,8,7,520.7996153846153,342.04988665960144,0.038461538461538464,1,25,False,normal
ACC_01832,8,3,0.4444444444444444,0.0011882887656689879,0.00102468085106383,0.01818181818181818,14693.47,19113.63,32,30,3,8,459.1709375,287.1307243968174,0.0,2,32,False,normal
ACC_01424,8,11,1.3333333333333333,0.0005807666908956702,0.0018808510638297874,0.011695906432748537,12701.64,12754.11,26,21,11,8,488.52461538461534,419.48296405199363,0.0,1,24,False,normal
ACC_01489,5,6,1.1666666666666667,0.00035476467992884395,2.0425531914893616e-05,0.0,17069.81,15867.28,33,24,6,5,517.2669696969697,346.7290770768011,0.0,1,33,False,normal
ACC_01012,8,12,1.4444444444444444,0.0006894466721386472,0.005902127659574468,0.010526315789473684,10778.57,21193.94,22,45,12,8,489.935,367.99869089764564,0.045454545454545456,1,22,False,normal
ACC_00470,6,7,1.1428571428571428,0.0007433122718339545,1.0212765957446808e-05,0.0,8350.63,20790.55,16,44,7,6,521.914375,282.5088198969783,0.0625,1,16,False,normal
ACC_00657,5,6,1.1666666666666667,0.00032703448160727324,0.001494468085106383,0.01818181818181818,10263.44,7732.7699999999995,18,13,6,5,570.1911111111111,335.4858983954798,0.0,1,17,False,normal
ACC_00301,7,6,0.875,0.0005064311761455585,5.969385579669979e-06,0.015151515151515152,11387.119999999999,17388.07,21,32,6,7,542.2438095238094,297.84287311393217,0.0,1,20,False,normal
ACC_01876,5,13,2.3333333333333335,0.0005261510922573756,0.002628936170212766,0.013071895424836602,10387.42,12762.23,27,24,13,5,384.7192592592593,249.64202164030993,0.037037037037037035,1,27,False,normal
ACC_01492,11,6,0.5833333333333334,0.00036185833455648387,0.002195744680851064,0.0,17022.7,10986.08,28,22,6,11,607.9535714285714,445.9751406974449,0.0,1,28,False,normal
ACC_00732,10,8,0.8181818181818182,0.0006084221944030568,0.00229394960133032,0.006535947712418301,11876.18,16233.32,19,37,8,10,625.062105263158,496.7499123925321,0.0,2,19,False,normal
ACC_00605,8,9,1.1111111111111112,0.0003271551076991116,0.005163404255319149,0.014705882352941176,9619.69,9551.79,25,23,9,8,384.7876,279.3569239533301,0.0,1,25,False,normal
ACC_00198,11,9,0.8333333333333334,0.0004913317783464982,0.004630537671086855,0.010526315789473684,11420.99,15839.09,29,30,9,11,393.82724137931035,280.9011604117891,0.034482758620689655,1,28,False,normal
ACC_00442,10,7,0.7272727272727273,0.000648956516782965,0.004234893617021277,0.0,12848.42,13943.41,30,31,7,10,428.28066666666666,267.4763166690662,0.03333333333333333,1,30,False,normal
ACC_01985,13,5,0.42857142857142855,0.0006581670481443784,0.0014468085106382979,0.013071895424836602,10385.66,15135.66,27,35,5,13,384.65407407407406,228.7552001806442,0.0,1,25,False,normal
ACC_01063,5,7,1.3333333333333333,0.00012870127622897863,0.0009702127659574468,0.015151515151515152,9125.56,2753.21,15,5,7,5,608.3706666666666,348.4918843176095,0.0,1,14,False,normal
ACC_01596,10,9,0.9090909090909091,0.0005398063429809749,0.004333617021276596,0.005847953216374269,14260.119999999999,16604.39,26,29,9,10,548.4661538461538,415.85525342433203,0.038461538461538464,1,26,False,normal
ACC_01898,6,4,0.7142857142857143,0.0007795699768736084,0.0012774468085106384,0.0,8961.29,15769.23,19,31,4,6,471.6468421052632,350.10245806767654,0.0,1,19,False,normal
ACC_01398,9,7,0.8,0.0006013276943065376,0.0016093617021276597,0.0,15329.69,23517.8,33,43,7,9,464.53606060606063,449.459473937441,0.0,2,33,False,normal
ACC_00027,7,13,1.75,0.00041773613384758665,0.00026094742676843047,0.0,12623.31,11852.880000000001,24,24,13,7,525.9712499999999,343.0501907037042,0.0,1,24,False,normal
ACC_01551,12,9,0.7692307692307693,0.0005234513230545807,0.003556901036114783,0.009523809523809525,9266.73,13140.26,23,27,9,12,402.90130434782606,226.46430076492985,0.0,1,23,False,normal
ACC_01444,3,3,1.0,0.00016557901260574615,0.0,0.0,12492.6,6021.17,23,13,3,3,543.1565217391304,342.30902527884325,0.043478260869565216,1,22,False,normal
ACC_00030,8,13,1.5555555555555556,0.0005971580739001565,0.0028765957446808513,0.009523809523809525,15488.31,17581.91,32,38,13,8,484.0096875,370.97942392714793,0.0,1,32,False,normal
ACC_00017,10,6,0.6363636363636364,0.00039777316675556376,0.00018893617021276596,0.025,10788.95,8000.31,21,19,6,10,513.7595238095239,320.8744501744598,0.0,1,21,False,normal
ACC_00684,3,11,3.0,0.0001364394008371768,0.0009642553191489362,0.01098901098901099,17605.68,2388.6,36,5,11,3,489.0466666666667,393.04475032749133,0.0,1,34,False,normal
ACC_00344,8,11,1.3333333333333333,0.0004485804339240419,0.0003710638297872341,0.005847953216374269,7698.07,14316.539999999999,20,33,11,8,384.9035,191.55922432487395,0.0,1,20,False,normal
ACC_00205,9,7,0.8,0.00034859789330104785,0.0006280851063829787,0.0,12146.03,10564.14,25,23,7,9,485.8412,356.54722993969074,0.0,2,24,False,normal
ACC_00532,11,13,1.1666666666666667,0.0008721996909132301,0.0014522662345968535,0.007246376811594203,18198.63,18285.35,32,41,13,11,568.7071875,396.72768117181295,0.03125,1,30,False,normal
ACC_01460,10,6,0.6363636363636364,0.0005490664334892282,0.0008451063829787235,0.0,15613.96,19239.010000000002,28,34,6,10,557.6414285714285,343.4254320671027,0.03571428571428571,1,27,False,normal
ACC_01857,11,7,0.6666666666666666,0.0009747743199333454,0.00019869526286615786,0.0196078431372549,11688.4,26985.33,23,49,7,11,508.1913043478261,370.5536574972442,0.0,1,23,False,normal
ACC_00781,13,6,0.5,0.0007950623061343172,0.00034638297872340425,0.005847953216374269,12701.49,24573.61,23,44,6,13,552.2386956521739,332.9420642927145,0.0,1,23,False,normal
ACC_01054,10,8,0.8181818181818182,0.0005376656695679168,0.0013651063829787234,0.0,14393.23,13024.76,28,33,8,10,514.0439285714285,355.6665472804057,0.0,1,28,False,normal
ACC_01334,9,7,0.8,0.00048635922887455446,0.0044527659574468085,0.008333333333333333,10203.35,9195.45,20,21,7,9,510.1675,333.41449096906075,0.0,2,20,False,normal
ACC_00688,9,5,0.6,0.0003995154366109112,0.0003872340425531915,0.01098901098901099,14962.65,12817.34,26,35,5,9,575.4865384615384,475.4505956075126,0.0,1,26,False,normal
ACC_01429,8,8,1.0,0.0004420470408852546,0.00206468085106383,0.0,11325.73,11702.52,24,23,8,8,471.90541666666667,361.66990924321135,0.0,1,24,False,normal
ACC_01614,4,11,2.4,0.00036914877786805835,0.00018590372233829363,0.009523809523809525,22769.11,9805.07,33,22,11,4,689.9730303030303,381.61421726893286,0.030303030303030304,1,31,False,normal
ACC_01587,4,9,2.0,0.0002193836807536149,0.0008978723404255319,0.01282051282051282,17500.31,3553.26,32,7,9,4,546.8846875,435.91488848156956,0.03125,1,32,False,normal
ACC_01890,8,13,1.5555555555555556,0.00048186333002769383,0.004397446808510639,0.009523809523809525,12577.04,18051.16,31,39,13,8,405.7109677419355,203.29099367417206,0.03225806451612903,1,30,False,normal
ACC_00152,7,8,1.125,0.0002116613422124787,0.008146382978723405,0.0,15024.7,5351.36,38,11,8,7,395.38684210526316,243.7495373700975,0.0,1,37,False,normal
ACC_01229,12,8,0.6923076923076923,0.0003773773741806699,0.0023685106382978723,0.010526315789473684,19345.5,16189.88,28,33,8,12,690.9107142857143,473.02595167181516,0.0,1,28,False,normal
ACC_01383,6,6,1.0,0.00015217397071947759,0.0011361702127659576,0.015151515151515152,11348.619999999999,4760.95,20,10,6,6,567.4309999999999,418.951602868775,0.0,1,20,False,normal
ACC_01265,12,8,0.6923076923076923,0.0007688427265713715,0.00304936170212766,0.005263157894736842,9284.96,22118.92,20,41,8,12,464.24799999999993,325.1237783659438,0.0,1,20,False,normal
ACC_01396,5,8,1.5,0.00038221809253434865,0.000294468085106383,0.0,16954.86,6346.42,29,14,8,5,584.6503448275862,384.53253372933926,0.0,1,29,False,normal
ACC_01432,11,7,0.6666666666666666,0.000524100038641897,0.0011055319148936171,0.0196078431372549,7083.26,17722.88,19,37,7,11,372.80315789473684,183.88331007137927,0.0,1,19,False,normal
ACC_00631,5,11,2.0,0.0002711855087040854,0.0006978723404255319,0.0,13742.76,5176.65,30,13,11,5,458.092,379.1313043624678,0.0,1,28,False,normal
ACC_01422,9,5,0.6,0.0004869853846496576,0.00016340425531914893,0.01098901098901099,13537.53,14404.800000000001,24,24,5,9,564.06375,283.2664434432329,0.0,1,23,False,normal
ACC_01372,10,6,0.6363636363636364,0.00033336913650198807,1.1063829787234042e-05,0.008333333333333333,13594.33,9563.039999999999,22,24,6,10,617.9240909090909,388.89456602332143,0.0,1,21,False,normal
ACC_00252,8,9,1.1111111111111112,0.0005396215912484082,0.001435744680851064,0.014705882352941176,16945.15,12812.6,33,23,9,8,513.489393939394,389.1120162300584,0.0,1,33,False,normal
ACC_01630,7,6,0.875,0.0002774107067408045,0.0010830170980258389,0.0,16682.57,11328.6,29,27,6,7,575.2610344827586,469.27092494136076,0.0,1,29,False,normal
ACC_01885,7,6,0.875,0.0002716085485992648,0.000347077132989383,0.01282051282051282,17655.83,5777.13,34,9,6,7,519.2891176470589,303.9566023286842,0.0,1,33,False,normal
ACC_01375,8,8,1.0,0.00040190852409717557,0.0011174468085106385,0.0,11046.029999999999,11571.29,22,21,8,8,502.0922727272727,307.29083208755986,0.0,1,21,False,normal
ACC_01197,3,9,2.5,0.00012482030019032912,0.001585531914893617,0.0,12840.7,1008.25,21,3,9,3,611.4619047619047,414.43431482707905,0.0,1,21,False,normal
ACC_01802,8,6,0.7777777777777778,0.0003275509509792191,0.0011719148936170213,0.02197802197802198,13181.34,9447.96,25,19,6,8,527.2536,323.1199875288848,0.04,1,25,False,normal
ACC_00848,9,7,0.8,0.00037285871089706696,0.001068936170212766,0.03333333333333333,14948.98,11086.83,35,25,7,9,427.11371428571425,330.5123911629772,0.0,1,34,False,normal
ACC_01667,9,9,1.0,0.0006573252970530076,0.00029276595744680853,0.006535947712418301,10989.8,19585.93,21,39,9,9,523.3238095238095,339.5859485090069,0.0,1,21,False,normal
ACC_00493,5,9,1.6666666666666667,0.0002397270017721671,0.0009523404255319149,0.0,13917.73,5459.82,26,11,9,5,535.2973076923076,431.08894189999995,0.0,1,24,False,normal
ACC_01021,7,10,1.375,0.0004946468297734998,0.0019429787234042555,0.0,15220.66,14731.5,31,25,10,7,490.9890322580645,339.94670739548616,0.03225806451612903,1,31,False,normal
ACC_01239,9,11,1.2,0.0006505186640985242,0.001985531914893617,0.015789473684210527,11308.41,12923.47,27,28,11,9,418.83,235.02874555777544,0.0,1,26,False,normal
ACC_00789,9,10,1.1,0.00038007646862023325,0.008355744680851065,0.005847953216374269,13973.46,20561.329999999998,29,35,10,9,481.84344827586204,293.4124800427337,0.034482758620689655,1,28,False,normal
ACC_01171,10,8,0.8181818181818182,0.0005201794314663594,0.006373617021276596,0.006535947712418301,12497.75,16515.57,25,31,8,10,499.91,399.82442465412237,0.0,1,25,False,normal
ACC_00930,8,5,0.6666666666666666,0.0003819532057871745,0.0008391489361702128,0.0,12686.03,10695.17,26,24,5,8,487.9242307692308,328.3719278400403,0.0,1,26,False,normal
ACC_01791,6,6,1.0,0.0003864867422258452,5.287170084850552e-05,0.030303030303030304,15191.49,11491.970000000001,31,22,6,6,490.04806451612905,292.8005302297038,0.0,1,31,False,normal
ACC_01766,10,4,0.45454545454545453,0.0005038607951876569,0.0010187234042553191,0.02197802197802198,16161.75,13016.34,30,31,4,10,538.725,389.6007893565429,0.03333333333333333,1,29,False,normal
ACC_00116,4,7,1.6,0.00011337704460158203,0.0023965957446808513,0.0,14847.96,2252.23,26,8,7,4,571.0753846153846,376.1369132773945,0.0,1,26,False,normal
ACC_01927,4,6,1.4,0.0002367160980842805,0.0018314893617021278,0.0,10300.58,3817.19,25,11,6,4,412.0232,310.31962075039127,0.0,1,25,False,normal
ACC_00920,9,5,0.6,0.00039392941271781517,0.0015004255319148938,0.02197802197802198,14446.12,9607.24,33,22,5,9,437.76121212121217,276.1611295710981,0.030303030303030304,2,32,False,normal
ACC_01164,3,4,1.25,0.0003697983332256823,8.86880143265254e-05,0.047619047619047616,10403.71,6134.68,18,12,4,3,577.9838888888888,382.3675047899351,0.0,1,18,False,normal
ACC_01841,2,7,2.6666666666666665,7.552103869787658e-05,0.0002697872340425532,0.0,11308.62,249.81,23,2,7,2,491.6791304347826,324.4974172878456,0.0,2,22,False,normal
ACC_00468,7,7,1.0,0.0005131571903279212,0.00013872340425531915,0.0,13059.1,9704.33,25,17,7,7,522.364,383.24975215256177,0.04,1,25,False,normal
ACC_00049,7,9,1.25,0.0004993251599786032,0.002166808510638298,0.0,13343.35,10980.72,26,23,9,7,513.2057692307692,389.6349115279387,0.0,2,26,False,normal
ACC_00593,11,7,0.6666666666666666,0.0007031078278266589,0.0028763910800324055,0.0,5230.54,18672.12,10,41,7,11,523.054,371.07970054962584,0.0,1,9,False,normal
ACC_01086,6,7,1.1428571428571428,0.0004214289494931273,1.7872340425531915e-05,0.0,13639.36,11799.1,30,23,7,6,454.6453333333333,241.53749238109415,0.0,1,30,False,normal
ACC_01708,4,8,1.8,0.0004949443624386769,0.0,0.0,10183.18,10487.82,19,23,8,4,535.9568421052631,393.02812473653603,0.0,1,19,False,normal
ACC_01301,11,5,0.5,0.0008381395572510718,0.00030529143393169316,0.016666666666666666,12078.93,13803.01,22,24,5,11,549.0422727272727,379.4132833346497,0.0,1,22,False,normal
ACC_01285,6,9,1.4285714285714286,0.0007983883983565578,0.0009702127659574468,0.009523809523809525,12336.12,17027.5,27,34,9,6,456.8933333333334,336.31053592910683,0.0,2,27,False,normal
ACC_00673,15,5,0.375,0.0010955040065224932,0.003593191489361702,0.010526315789473684,8173.17,23676.51,19,50,5,15,430.1668421052632,322.5807422793148,0.0,2,19,False,normal
ACC_01306,4,9,2.0,0.0002150832266597171,0.0011285106382978723,0.0,8798.14,6468.8099999999995,22,14,9,4,399.9154545454545,252.60031785085894,0.0,1,22,False,normal
ACC_01140,4,9,2.0,0.00011538645893786552,0.0020280851063829786,0.01282051282051282,15756.64,1576.8200000000002,26,5,9,4,606.0246153846153,448.0771814429364,0.0,2,25,False,normal
ACC_01361,9,7,0.8,0.000514116172238855,0.0005608510638297873,0.0,8668.52,11487.03,17,21,7,9,509.9129411764706,368.95793372627026,0.0,1,17,False,normal
ACC_00918,12,6,0.5384615384615384,0.0006639271826807848,0.0008638297872340426,0.006535947712418301,13450.3,16616.25,21,31,6,12,640.4904761904761,525.9165969474266,0.0,1,21,False,normal
ACC_01213,10,10,1.0,0.0010071995082160576,0.003971063829787234,0.021052631578947368,16178.01,21915.38,30,40,10,10,539.267,352.115760903849,0.0,1,30,False,normal
ACC_01003,8,6,0.7777777777777778,0.0005864557671838295,0.002148126039312668,0.03296703296703297,11163.04,10754.9,25,27,6,8,446.52160000000003,286.33663576403677,0.0,1,25,False,normal
ACC_00230,6,11,1.7142857142857142,0.0005884444405505686,0.0005259574468085106,0.0,14907.41,14861.54,26,29,11,6,573.3619230769231,388.69603295139746,0.038461538461538464,1,26,False,normal
ACC_01031,9,9,1.0,0.0004125458414739696,0.0025207862533577793,0.0,14332.89,14614.36,27,23,9,9,530.8477777777778,429.0540743877373,0.07407407407407407,2,27,False,normal
ACC_00523,6,7,1.1428571428571428,0.0004919558648900106,0.0003778723404255319,0.0,13192.28,7191.38,23,16,7,6,573.5773913043479,466.07520043070497,0.0,1,23,False,normal
ACC_00096,6,8,1.2857142857142858,0.0002690238707915324,0.001770212765957447,0.01098901098901099,15617.6,12185.86,32,18,8,6,488.05,285.31623588233555,0.0,1,32,False,normal
ACC_01441,6,11,1.7142857142857142,0.0003488730567819911,0.004400851063829788,0.007352941176470588,7507.54,10805.86,17,22,11,6,441.62,359.5637034135954,0.0,1,17,False,normal
ACC_01002,10,9,0.9090909090909091,0.0005828121313722269,0.004420425531914894,0.005847953216374269,8379.47,16575.78,21,26,9,10,399.0223809523809,278.1648559919956,0.0,1,21,False,normal
ACC_00847,11,6,0.5833333333333334,0.001298288966826737,0.0017685106382978725,0.014705882352941176,9217.73,29441.14,23,58,6,11,400.77086956521737,287.8507366502969,0.0,1,23,False,normal
ACC_01701,4,7,1.6,0.00016024279788573342,0.0023685106382978723,0.01818181818181818,10489.130000000001,2097.45,20,4,7,4,524.4565,365.2847563675136,0.0,2,19,False,normal
ACC_00778,7,4,0.625,0.0003488906956447196,0.0001948936170212766,0.0,7319.21,8564.67,21,15,4,7,348.5338095238095,239.96629268453913,0.0,1,21,False,normal
ACC_00875,6,9,1.4285714285714286,0.0005455431861691768,0.0003821276595744681,0.0,13971.88,17364.49,30,42,9,6,465.72933333333333,238.4980207672279,0.03333333333333333,1,29,False,normal
ACC_00577,11,8,0.75,0.0009915285021090507,0.00034638297872340425,0.011695906432748537,14685.86,24451.49,23,50,8,11,638.515652173913,525.0857786878609,0.0,2,23,False,normal
ACC_01409,9,9,1.0,0.0005915180216845248,0.002093617021276596,0.0196078431372549,12689.74,15977.17,28,31,9,9,453.205,309.6980762984539,0.03571428571428571,1,28,False,normal
ACC_00860,6,6,1.0,0.00040522282710148144,0.0007191489361702128,0.015151515151515152,13181.84,6607.45,26,12,6,6,506.99384615384616,394.7586457781709,0.0,1,26,False,normal
ACC_00721,12,10,0.8461538461538461,0.00043798498475790845,0.00305531914893617,0.008658008658008658,12025.62,13721.16,18,26,10,12,668.09,447.6838210822718,0.0,1,18,False,normal
ACC_01084,4,8,1.8,0.00016190257416970696,0.00153924871018633,0.0,11524.75,3152.28,25,6,8,4,460.99,277.2092572558379,0.04,1,25,False,normal
ACC_00699,8,6,0.7777777777777778,0.0008745481669135448,0.00035404255319148936,0.01098901098901099,14058.75,22570.63,27,39,6,8,520.6944444444445,359.35437781723243,0.0,1,27,False,normal
ACC_00099,7,7,1.0,0.00036185345216367465,0.00037531914893617024,0.01098901098901099,8156.32,7630.35,21,17,7,7,388.39619047619044,258.63953209971964,0.0,1,21,False,normal
ACC_01230,7,8,1.125,0.0003257555520612119,0.0027914893617021277,0.009523809523809525,13392.529999999999,11159.65,23,16,8,7,582.2839130434783,490.86450829808354,0.043478260869565216,1,23,False,normal
ACC_01577,12,6,0.5384615384615384,0.0007849561847261415,0.0019659574468085107,0.0,13004.82,22820.5,22,40,6,12,591.1281818181818,401.33901239815606,0.0,1,22,False,normal
ACC_01410,9,9,1.0,0.0006085836064299394,0.0013795744680851064,0.006535947712418301,13698.85,17722.94,24,36,9,9,570.7854166666667,344.63567934571097,0.0,1,24,False,normal
ACC_00343,11,8,0.75,0.0005416798166754807,0.0016492559587259626,0.011695906432748537,13919.69,19031.96,26,39,8,11,535.3726923076923,429.97609108933204,0.0,1,25,False,normal
ACC_01075,7,10,1.375,0.00035207339975268555,0.0008067198226239713,0.0,14357.53,10892.74,32,25,10,7,448.6728125,391.5688023771308,0.0,1,32,False,normal
ACC_01723,12,11,0.9230769230769231,0.0005403085384504579,0.006765106382978723,0.007905138339920948,18526.6,15678.91,37,32,11,12,500.71891891891886,331.2558779418427,0.0,1,37,False,normal
ACC_00075,9,6,0.7,0.0008690607101162767,0.0015191489361702129,0.009523809523809525,8857.16,21269.58,17,42,6,9,521.0094117647059,346.8682179601965,0.0,1,17,False,normal
ACC_01060,7,7,1.0,0.00046860913583070593,0.0005685106382978724,0.0,15392.66,11775.64,27,23,7,7,570.0985185185185,419.84943697531617,0.0,2,26,False,normal
ACC_01120,3,10,2.75,0.0003323925246675681,0.0001671427962307594,0.0,8455.56,7706.84,18,15,10,3,469.75333333333333,290.0775085670562,0.0,1,18,False,normal
ACC_00048,9,5,0.6,0.0005777026029361804,0.0005855319148936171,0.01098901098901099,13528.61,15338.07,31,26,5,9,436.4067741935484,225.5405887401363,0.0,1,31,False,normal
ACC_01351,10,7,0.7272727272727273,0.00035741712599967175,0.0015213405534473202,0.007352941176470588,7268.79,10761.59,17,17,7,10,427.57588235294116,342.0471088362468,0.058823529411764705,1,16,False,normal
ACC_00151,7,5,0.75,0.00028795290304955696,0.0024008510638297872,0.015151515151515152,16133.98,10106.88,26,17,5,7,620.5376923076923,467.9309541144521,0.0,1,25,False,normal
ACC_01983,6,10,1.5714285714285714,0.0003715427726731885,0.0009914893617021278,0.016666666666666666,15113.23,12517.55,31,25,10,6,487.52354838709675,285.905192054387,0.0,1,31,False,normal
ACC_00189,7,12,1.625,0.0004540112023834139,0.0030519148936170213,0.005847953216374269,13902.5,9623.11,30,21,12,7,463.4166666666667,368.221313673826,0.0,1,29,False,normal
ACC_01183,11,6,0.5833333333333334,0.0008453585480270492,0.0009038297872340426,0.007352941176470588,10742.14,30523.76,18,55,6,11,596.7855555555556,443.1823290066864,0.05555555555555555,1,18,False,normal
ACC_00978,5,5,1.0,0.0002386221022889029,0.0008170212765957447,0.0,12949.78,2600.75,22,7,5,5,588.6263636363636,471.23246802345926,0.0,1,22,False,normal
ACC_01095,8,5,0.6666666666666666,0.0004886460160718087,0.00024340425531914895,0.01282051282051282,10157.91,15700.23,24,32,5,8,423.24625,322.37715771400565,0.0,2,24,False,normal
ACC_01575,11,7,0.6666666666666666,0.0003777932395943877,0.003205957446808511,0.006535947712418301,7167.09,13773.07,18,26,7,11,398.1716666666667,328.75728757299504,0.0,2,17,False,normal
ACC_00082,4,9,2.0,0.0001735323152682791,0.0019225531914893617,0.01282051282051282,10311.77,4703.7,23,11,9,4,448.33782608695657,288.6641836106529,0.043478260869565216,1,23,False,normal
ACC_00224,5,7,1.3333333333333333,0.00032795882930970174,0.0016876595744680853,0.0,12060.630000000001,6156.83,22,13,7,5,548.2104545454546,396.1764465785328,0.0,1,22,False,normal
ACC_00528,13,2,0.21428571428571427,0.0005126877552943033,0.0,0.0,10438.32,13965.45,22,31,2,13,474.4690909090909,301.93370822258146,0.045454545454545456,1,22,False,normal
ACC_00885,5,7,1.3333333333333333,0.0004530298749168974,0.0006736878011341833,0.015151515151515152,11435.12,12977.52,24,28,7,5,476.46333333333337,401.0064960730108,0.041666666666666664,1,23,False,normal
ACC_00869,5,5,1.0,0.00023055612684313062,0.0002902127659574468,0.044444444444444446,9900.93,4813.900000000001,22,11,5,5,450.04227272727275,215.4160016148559,0.0,1,21,False,normal
ACC_01158,11,7,0.6666666666666666,0.0005836991547960714,0.0010028567773845564,0.006535947712418301,9567.02,17726.07,21,33,7,11,455.57238095238097,373.1314559495723,0.0,1,21,False,normal
ACC_00009,9,9,1.0,0.00033809798097341316,0.002548936170212766,0.0,12055.89,11473.98,29,22,9,9,415.7203448275862,281.8888845865482,0.0,1,29,False,normal
ACC_01871,7,5,0.75,0.0003215819903031815,0.0014017021276595744,0.045454545454545456,9547.66,10462.83,17,20,5,7,561.6270588235294,311.8523709578923,0.0,1,17,False,normal
ACC_00594,10,10,1.0,0.00036439031219491643,0.0032229787234042554,0.015789473684210527,12114.869999999999,13436.31,25,27,10,10,484.59479999999996,376.7127737759897,0.04,1,25,False,normal
ACC_01902,12,9,0.7692307692307693,0.0004926795660752829,0.002334468085106383,0.01904761904761905,12490.8,17016.41,24,34,9,12,520.4499999999999,434.3605401146559,0.0,1,23,False,normal
ACC_01535,10,9,0.9090909090909091,0.0006550444131327996,0.004339574468085107,0.0,11303.91,17840.11,19,33,9,10,594.9426315789474,509.72799231923796,0.0,1,19,False,normal
ACC_01190,7,8,1.125,0.00041147245604867584,0.00703404255319149,0.01904761904761905,13458.94,10222.96,24,23,8,7,560.7891666666667,356.58152191776344,0.0,1,24,False,normal
ACC_00279,10,5,0.5454545454545454,0.0006497248165966825,0.0004936170212765957,0.02857142857142857,12930.94,19375.44,24,41,5,10,538.7891666666667,431.61468942763076,0.0,1,24,False,normal
ACC_01044,5,5,1.0,0.00017599053902248558,0.00044255319148936174,0.0,11442.0,3201.97,29,10,5,5,394.55172413793105,273.3549617918191,0.0,1,29,False,normal
ACC_01815,7,5,0.75,0.00021697495310338898,3.914893617021277e-05,0.015151515151515152,10723.97,7129.14,19,9,5,7,564.4194736842105,469.6865979858116,0.0,1,19,False,normal
ACC_01668,6,4,0.7142857142857143,0.0002609975970639107,6.893617021276597e-05,0.0,13432.17,7264.42,28,13,4,6,479.72035714285715,227.163470320419,0.0,1,27,False,normal
ACC_01294,6,8,1.2857142857142858,0.0003312635913908302,0.00028680851063829786,0.0,11636.07,11891.74,26,18,8,6,447.54115384615386,295.52711315650106,0.0,1,26,False,normal
ACC_01463,4,9,2.0,0.00030551882789189627,0.0008008510638297873,0.01282051282051282,11802.32,5290.66,22,10,9,4,536.4690909090909,394.73927351642766,0.0,1,22,False,normal
ACC_00818,6,9,1.4285714285714286,0.00015672818863540045,0.002433191489361702,0.01904761904761905,10421.43,3615.38,18,10,9,6,578.9683333333334,362.8791821343167,0.0,2,17,False,normal
ACC_01729,6,8,1.2857142857142858,0.00024921931246967683,0.00040765957446808513,0.0,9748.789999999999,6933.37,22,14,8,6,443.1268181818181,191.66942512432485,0.0,1,22,False,normal
ACC_00763,9,9,1.0,0.0003874063058892513,0.004294468085106383,0.0,10923.86,17437.23,23,33,9,9,474.95043478260874,287.37982836274773,0.08695652173913043,2,23,False,normal
ACC_00669,7,11,1.5,0.0004134757049378193,0.0021114893617021277,0.0196078431372549,13414.55,14423.27,26,30,11,7,515.9442307692308,338.4074397665994,0.0,1,26,False,normal
ACC_01380,7,10,1.375,0.00028063933439549747,0.0017319148936170213,0.007352941176470588,10075.869999999999,4948.0,23,9,10,7,438.08130434782606,325.9071769594464,0.0,1,22,False,normal
ACC_00871,10,9,0.9090909090909091,0.0005754854844906437,0.003113460964482156,0.017543859649122806,12595.84,17111.85,27,35,9,10,466.5125925925926,440.585666790786,0.0,2,27,False,normal
ACC_01922,4,10,2.2,0.00024664204470850983,1.2765957446808511e-05,0.01098901098901099,14584.87,10770.12,31,21,10,4,470.47967741935486,431.7141286583354,0.03225806451612903,2,31,False,normal
ACC_01168,8,13,1.5555555555555556,0.00036823703188197405,0.0030587234042553195,0.0,16971.49,5747.1900000000005,29,12,13,8,585.2237931034483,371.4905451730309,0.0,1,29,False,normal
ACC_00136,10,3,0.36363636363636365,0.0004344388351516067,0.0017200000000000002,0.02564102564102564,12542.91,10299.71,28,22,3,10,447.9610714285714,272.89073986893897,0.03571428571428571,2,27,False,normal
ACC_01814,6,5,0.8571428571428571,0.0002671667028831644,0.00043574468085106385,0.0,16753.66,5234.22,34,12,5,6,492.75470588235294,354.7365805968525,0.0,1,33,False,normal
ACC_01477,8,6,0.7777777777777778,0.0005400158039574334,0.0001276595744680851,0.0,11156.49,20890.64,17,37,6,8,656.2641176470588,444.7125185872726,0.0,1,17,False,normal
ACC_00738,8,12,1.4444444444444444,0.0005948797629519049,0.0004714893617021277,0.021052631578947368,17903.74,13215.869999999999,26,29,12,8,688.6053846153847,438.00265141873984,0.0,1,25,False,normal
ACC_01924,8,5,0.6666666666666666,0.0008078459791343312,0.0002646808510638298,0.0,15391.93,14171.41,24,26,5,8,641.3304166666667,377.22918324424904,0.0,1,22,False,normal
ACC_01652,8,11,1.3333333333333333,0.0007986444255679094,0.0053948936170212765,0.005847953216374269,13304.86,14648.03,30,36,11,8,443.49533333333335,390.5529944060604,0.0,1,30,False,normal
ACC_00157,7,6,0.875,0.000328334106849846,0.0027395744680851065,0.0,10345.58,8686.01,27,16,6,7,383.16962962962964,315.8746328296119,0.037037037037037035,1,27,False,normal
ACC_01829,7,5,0.75,0.0004732241141915695,0.00011659574468085107,0.0,9227.58,13011.41,19,21,5,7,485.6621052631579,248.99104101640432,0.0,1,19,False,normal
ACC_01979,10,10,1.0,0.0004540158130524051,0.006773617021276596,0.0,15725.119999999999,11453.279999999999,30,24,10,10,524.1706666666666,298.3139675129767,0.03333333333333333,1,30,False,normal
ACC_01839,11,7,0.6666666666666666,0.0006865259126082271,0.0010327037052829063,0.0,12242.76,19675.05,27,46,7,11,453.43555555555554,331.7198076845222,0.0,1,26,False,normal
ACC_00410,8,9,1.1111111111111112,0.0008562222490350794,0.0025906382978723407,0.007352941176470588,11290.06,19026.55,26,41,9,8,434.2330769230769,290.8905796724154,0.038461538461538464,2,26,False,normal
ACC_00650,12,6,0.5384615384615384,0.0005977219815819436,0.006322553191489362,0.013071895424836602,12642.92,13696.89,25,27,6,12,505.7168,349.5638394571155,0.0,1,25,False,normal
ACC_00326,7,7,1.0,0.00017258479297286715,0.00748936170212766,0.0,12738.99,4120.4,26,9,7,7,489.9611538461538,383.01976124818344,0.0,2,26,False,normal
ACC_01534,6,5,0.8571428571428571,0.0006097388867443839,0.0008697872340425533,0.0,13550.46,13734.44,27,23,5,6,501.8688888888889,285.5220046663969,0.0,1,27,False,normal
ACC_00464,6,9,1.4285714285714286,0.0004811528114640197,0.0010233232422291391,0.009523809523809525,17720.09,9567.25,30,21,9,6,590.6696666666667,371.9849664415294,0.03333333333333333,1,29,False,normal
ACC_01707,8,7,0.8888888888888888,0.00028248093489061153,0.0033285106382978727,0.0,13491.26,6034.53,22,10,7,8,613.2390909090909,386.5247336127046,0.09090909090909091,1,22,False,normal
ACC_01699,13,10,0.7857142857142857,0.0005703282372505495,0.002691063829787234,0.011857707509881422,19845.98,19650.76,33,38,10,13,601.3933333333333,368.49252775384286,0.0,1,32,False,normal
ACC_01133,7,6,0.875,0.0002815697690846894,0.005278297872340426,0.02564102564102564,9821.21,9871.4,16,23,6,7,613.825625,432.04870868871177,0.0,1,16,False,normal
ACC_01126,6,11,1.7142857142857142,0.0004479551524052555,0.00362468085106383,0.014705882352941176,11375.33,15431.35,25,32,11,6,455.0132,320.88160584967574,0.0,1,25,False,normal
ACC_00358,10,8,0.8181818181818182,0.0004967968520354793,0.0008893617021276596,0.014705882352941176,11097.76,15857.99,19,30,8,10,584.0926315789474,374.5315619372211,0.0,1,19,False,normal
ACC_01903,5,6,1.1666666666666667,0.0002541731283740537,0.0022408510638297872,0.0,20020.16,4868.8,37,8,6,5,541.0854054054054,443.641649072979,0.0,1,37,False,normal
ACC_00617,9,8,0.9,0.0006766647764354161,0.0010595744680851065,0.0,10873.06,20960.66,24,42,8,9,453.0441666666666,241.1449150257032,0.0,1,24,False,normal
ACC_01001,10,10,1.0,0.0005748994119901665,0.00528461177674498,0.02631578947368421,13334.2,20299.22,25,40,10,10,533.368,351.28904310885264,0.0,1,25,False,normal
ACC_01186,9,5,0.6,0.0003032288855502655,0.0022834042553191492,0.03296703296703297,12176.0,10275.28,22,23,5,9,553.4545454545455,425.03630248012223,0.0,1,21,False,normal
ACC_00253,11,7,0.6666666666666666,0.0007814219752665853,0.0006387242570246877,0.0,16698.920000000002,21782.63,28,50,7,11,596.3900000000001,368.1946892710532,0.03571428571428571,1,28,False,normal
ACC_00933,5,6,1.1666666666666667,0.0003366674307375783,0.0010127659574468086,0.0,10561.65,12233.85,26,20,6,5,406.21730769230766,248.2728763527372,0.0,1,25,False,normal
ACC_01243,7,9,1.25,0.00031120128765610666,0.0014292414616466978,0.016666666666666666,11798.96,5343.72,23,10,9,7,512.9982608695652,385.50997036572664,0.0,1,23,False,normal
ACC_01524,5,10,1.8333333333333333,0.0002491865955392067,0.0008,0.0,12331.59,4682.13,24,8,10,5,513.81625,340.9136644730694,0.0,1,24,False,normal
ACC_00264,12,8,0.6923076923076923,0.0005553638256080838,0.0028485106382978723,0.010526315789473684,7956.09,13039.87,15,25,8,12,530.4060000000001,267.6219518489255,0.0,1,15,False,normal
ACC_01231,7,6,0.875,0.0006426115005491162,0.0013957446808510639,0.01282051282051282,8969.81,11251.33,22,25,6,7,407.71863636363634,221.87770976041764,0.0,1,21,False,normal
ACC_00676,12,7,0.6153846153846154,0.0006745227769059837,0.0017328273568413424,0.011695906432748537,8376.22,18497.34,18,34,7,12,465.3455555555555,259.86707315182645,0.0,1,17,False,normal
ACC_00992,10,6,0.6363636363636364,0.0005879026806908457,0.004376170212765958,0.008333333333333333,8381.57,11054.89,20,18,6,10,419.07849999999996,293.04088860151995,0.0,1,20,False,normal
ACC_01942,13,6,0.5,0.001429855051438957,0.0018017021276595746,0.005847953216374269,11239.78,32586.23,22,58,6,13,510.89909090909094,296.10027117449647,0.0,1,22,False,normal
ACC_00510,5,11,2.0,0.0003049800629448004,0.001978424934976336,0.0,8347.99,11600.41,17,20,11,5,491.05823529411765,347.55512658489323,0.058823529411764705,1,17,False,normal
ACC_00293,7,7,1.0,0.00038329092866979205,0.0017463829787234043,0.01098901098901099,14153.26,9124.75,27,24,7,7,524.1948148148148,312.8388341446804,0.0,1,26,False,normal
ACC_00227,4,8,1.8,0.000247196745922423,0.0006246808510638298,0.0,15937.460000000001,7321.2300000000005,28,18,8,4,569.195,347.68827312748175,0.0,1,28,False,normal
ACC_01580,5,4,0.8333333333333334,0.00017341379505773517,0.0005133671598516182,0.0,8168.08,3577.8999999999996,22,6,4,5,371.2763636363636,307.77873897834394,0.0,2,22,False,normal
ACC_01913,4,8,1.8,0.0001697839516136,0.0012066686564618598,0.0,18079.59,5288.62,34,14,8,4,531.7526470588235,454.6222700507687,0.0,1,33,False,normal
ACC_01217,4,6,1.4,0.00034364271969964224,0.0008519148936170214,0.0,9392.03,6209.1900000000005,21,8,6,4,447.23952380952386,305.59993367924983,0.0,1,20,False,normal
ACC_00590,8,7,0.8888888888888888,0.0002554290069504729,0.0013974468085106383,0.0,12533.36,8289.45,23,17,7,8,544.9286956521739,474.978508004734,0.043478260869565216,2,23,False,normal
ACC_00286,8,8,1.0,0.000324835985594206,0.000508936170212766,0.0,16357.810000000001,11640.16,31,21,8,8,527.6712903225807,298.01708325465654,0.0,1,30,False,normal
ACC_00164,9,7,0.8,0.000559017994775576,0.0011787234042553191,0.008333333333333333,16642.75,13034.95,31,22,7,9,536.8629032258065,397.0877305683934,0.03225806451612903,2,30,False,normal
ACC_00536,9,10,1.1,0.000502168983025478,0.00782160064810472,0.005847953216374269,13025.92,16681.57,26,34,10,9,500.99692307692305,427.1114155137437,0.0,2,26,False,normal
ACC_00197,7,8,1.125,0.00035091683171432897,0.00214468085106383,0.0,9592.86,11864.59,22,28,8,7,436.03909090909093,263.2112910790781,0.0,1,22,False,normal
ACC_00149,7,9,1.25,0.0005246558365211334,7.659574468085106e-05,0.0,11739.41,15277.13,22,27,9,7,533.6095454545455,382.6157529985412,0.0,1,22,False,normal
ACC_00090,9,10,1.1,0.0003635417757897818,0.0004340425531914894,0.005847953216374269,9307.23,11562.289999999999,24,21,10,9,387.80125,241.18799628203615,0.0,1,24,False,normal
ACC_00922,7,4,0.625,0.000552633449074173,2.893617021276596e-05,0.01818181818181818,7687.09,16696.72,20,25,4,7,384.35450000000003,238.36503009758175,0.0,1,20,False,normal
ACC_01612,10,9,0.9090909090909091,0.00043832061179467234,0.004515744680851064,0.023391812865497075,15921.9,19277.85,27,27,9,10,589.6999999999999,536.5470641052843,0.0,1,26,False,normal
ACC_01533,4,6,1.4,0.00022722689242366838,0.0001923404255319149,0.0,17382.27,5283.91,29,10,6,4,599.3886206896552,446.72316345747976,0.034482758620689655,1,28,False,normal
ACC_01901,8,4,0.5555555555555556,0.0004897241602127181,0.00036851063829787236,0.0,11425.02,17205.58,24,27,4,8,476.0425,336.92018807517115,0.041666666666666664,1,24,False,normal
ACC_01878,10,8,0.8181818181818182,0.001298247074571587,0.005336170212765958,0.0,10051.99,26753.15,23,51,8,10,437.04304347826087,320.8337891329514,0.043478260869565216,1,23,False,normal
ACC_00816,8,3,0.4444444444444444,0.0006455725166990987,0.0,0.0,6906.09,14205.41,20,30,3,8,345.3045,235.00008209349065,0.05,1,20,False,normal
ACC_01032,6,8,1.2857142857142858,0.0002911567722257833,0.0057421276595744685,0.01098901098901099,9854.1,5561.34,23,16,8,6,428.4391304347826,304.02504914611956,0.0,1,23,False,normal
ACC_00526,10,9,0.9090909090909091,0.0006111602737226093,0.0030306382978723405,0.011695906432748537,14225.46,14543.08,26,30,9,10,547.1330769230769,331.14220827637456,0.0,2,26,False,normal
ACC_00023,8,6,0.7777777777777778,0.0003381753744948848,0.0005761702127659575,0.01098901098901099,12153.49,10373.77,27,21,6,8,450.12925925925924,258.83696408425374,0.0,1,27,False,normal
ACC_00033,8,6,0.7777777777777778,0.0007232830343912868,0.0005429787234042554,0.0,8241.210000000001,10683.72,18,17,6,8,457.845,315.2415947519691,0.0,1,18,False,normal
ACC_00372,5,7,1.3333333333333333,0.0003480952666667537,4.765957446808511e-05,0.015151515151515152,10258.97,11920.44,21,19,7,5,488.5223809523809,256.94341731020785,0.0,1,21,False,normal
ACC_00233,12,7,0.6153846153846154,0.000863665503798605,0.003596595744680851,0.005847953216374269,16146.77,24536.34,30,51,7,12,538.2256666666667,487.6115139632577,0.0,1,29,False,normal
ACC_01016,9,9,1.0,0.0005242993393256823,0.0009046808510638298,0.006535947712418301,18644.51,14684.04,29,28,9,9,642.9141379310345,479.02619706559176,0.0,1,29,False,normal
ACC_00272,5,7,1.3333333333333333,0.0002064544831728138,0.0034961702127659575,0.0,8540.2,4888.9,18,12,7,5,474.4555555555556,333.8816636478581,0.0,1,18,False,normal
ACC_00770,8,8,1.0,0.00016068494605154875,0.0028595744680851064,0.016666666666666666,13185.44,4056.6,25,10,8,8,527.4176,250.80080278446746,0.0,1,23,False,normal
ACC_01215,5,6,1.1666666666666667,0.0002825394381044061,0.0,0.0,9206.83,10885.33,18,18,6,5,511.49055555555555,421.1147362511891,0.0,1,18,False,normal
ACC_00061,5,7,1.3333333333333333,0.00029334974245548635,0.0015463829787234044,0.015151515151515152,11735.62,8060.84,24,18,7,5,488.9841666666667,479.8395571883936,0.0,2,23,False,normal
ACC_01704,12,6,0.5384615384615384,0.0007379018027252904,0.0017072340425531916,0.006535947712418301,10917.8,14925.69,23,35,6,12,474.6869565217391,275.7143617526658,0.0,1,23,False,normal
ACC_01303,7,9,1.25,0.0003391537520336363,0.0016297872340425533,0.008333333333333333,12907.09,11985.25,24,24,9,7,537.7954166666667,453.04122041059713,0.0,1,24,False,normal
ACC_00380,6,7,1.1428571428571428,0.00034884088825124545,0.000573061015648318,0.038461538461538464,13954.76,7851.8,29,12,7,6,481.1986206896552,431.8028342370768,0.0,2,29,False,normal
ACC_00989,6,9,1.4285714285714286,0.0006574076941889097,0.0037581546070865135,0.01904761904761905,12448.09,10326.89,27,23,9,6,461.0403703703704,467.4233327055357,0.0,2,27,False,normal
ACC_01991,9,5,0.6,0.0004933929760750834,0.00020085106382978723,0.0,16598.98,10629.0,24,25,5,9,691.6241666666666,283.5366897340841,0.0,1,24,False,normal
ACC_01024,5,9,1.6666666666666667,0.00029883536175467603,0.0004995744680851064,0.01098901098901099,11590.19,11856.66,27,22,9,5,429.26629629629633,249.15140545379458,0.037037037037037035,1,27,False,normal
ACC_01112,8,8,1.0,0.000342582630812764,0.006592340425531916,0.0,7287.5599999999995,8393.93,21,16,8,8,347.02666666666664,219.11855296467556,0.0,1,21,False,normal
ACC_01560,10,7,0.7272727272727273,0.0006534699393868968,0.010110638297872341,0.007352941176470588,10636.93,19743.81,19,38,7,10,559.8384210526316,543.8798673140885,0.0,1,18,False,normal
ACC_01629,7,4,0.625,0.0005566176462508376,0.0009846808510638298,0.0,10143.14,13849.56,20,23,4,7,507.157,504.0980512089207,0.0,1,20,False,normal
ACC_00872,10,9,0.9090909090909091,0.0005080357306034822,0.001268936170212766,0.0,15468.66,17223.16,28,34,9,10,552.4521428571428,497.21144310121593,0.0,1,28,False,normal
ACC_01558,5,8,1.5,0.00045944988353541254,0.00036170212765957447,0.0,13662.06,11707.66,27,18,8,5,506.0022222222222,334.109518483125,0.0,1,26,False,normal
ACC_00707,3,4,1.25,0.00014677909593063414,9.361702127659576e-06,0.0,14149.92,1502.6799999999998,23,6,4,3,615.2139130434782,342.44476669091046,0.0,1,23,False,normal
ACC_00398,10,8,0.8181818181818182,0.00035192956402906815,0.0037140425531914894,0.006535947712418301,14324.04,8993.01,27,26,8,10,530.52,448.0744630424381,0.0,1,27,False,normal
ACC_00870,10,10,1.0,0.0005550370290540757,0.007674893617021277,0.010526315789473684,10350.02,13729.630000000001,23,28,10,10,450.0008695652174,289.25065576908526,0.0,1,23,False,normal
ACC_01780,5,9,1.6666666666666667,0.00033912028509970236,0.001406808510638298,0.01098901098901099,10179.039999999999,4489.4,22,9,9,5,462.6836363636363,305.53518169404623,0.0,2,22,False,normal
ACC_00159,11,11,1.0,0.0005014145925858738,0.00656340425531915,0.008658008658008658,12901.93,12896.62,27,25,11,11,477.84925925925927,350.984129576844,0.0,1,27,False,normal
ACC_01561,5,9,1.6666666666666667,0.0005056872638358385,0.0006893617021276596,0.01098901098901099,15931.36,9471.45,33,19,9,5,482.7684848484849,255.88736167161042,0.0,1,33,False,normal
ACC_00177,8,10,1.2222222222222223,0.0005275075408276507,0.0028851063829787235,0.0,12827.03,10124.21,29,27,10,8,442.3113793103449,223.27726863898775,0.0,2,29,False,normal
ACC_01462,7,5,0.75,0.0003992833106569291,0.00214468085106383,0.0,17003.36,9415.8,25,22,5,7,680.1344,496.6273281854984,0.04,1,25,False,normal
ACC_00487,15,3,0.25,0.0008880492496080966,0.0011548936170212767,0.0,13649.17,26259.31,29,52,3,15,470.6610344827586,347.24486615915816,0.0,1,29,False,normal
ACC_01611,9,8,0.9,0.00025975438049928096,0.008980425531914894,0.0,15057.18,7519.66,31,16,8,9,485.7154838709678,333.45544305887614,0.0,1,30,False,normal
ACC_01732,9,6,0.7,0.001134200937902649,0.00020170212765957448,0.0,11756.25,30981.25,21,53,6,9,559.8214285714286,456.3324553139489,0.0,1,20,False,normal
ACC_01968,7,9,1.25,0.0007151981061724765,0.003767659574468085,0.0,9999.11,12618.5,20,25,9,7,499.95550000000003,360.3695133503505,0.05,1,20,False,normal
ACC_01180,7,10,1.375,0.00036087614561224816,0.001017872340425532,0.014705882352941176,14014.26,9494.21,30,21,10,7,467.142,277.8174211463598,0.03333333333333333,1,30,False,normal
ACC_00480,6,6,1.0,0.0003091358577534574,0.00012851063829787235,0.0,8152.2,7978.18,18,20,6,6,452.9,237.52464377407244,0.0,1,18,False,normal
ACC_00408,9,10,1.1,0.0005526801795016986,0.00039404255319148935,0.017543859649122806,16923.69,17369.59,33,34,10,9,512.8390909090908,338.6597048417817,0.0,1,33,False,normal
ACC_00337,8,14,1.6666666666666667,0.0005563006702215375,0.00994414360636166,0.012987012987012988,14493.09,10250.98,36,20,14,8,402.5858333333333,300.86202100322146,0.0,1,36,False,normal
ACC_01028,10,10,1.0,0.0006180327749532964,0.0012429787234042554,0.010526315789473684,17276.86,16742.58,34,33,10,10,508.14294117647063,388.3915444459984,0.029411764705882353,1,32,False,normal
ACC_01431,4,16,3.4,0.000395763087382906,0.002911354624141901,0.015789473684210527,15479.08,7960.67,33,14,16,4,469.0630303030303,284.73798364115436,0.030303030303030304,1,33,False,normal
ACC_01798,8,7,0.8888888888888888,0.00028503234246114717,0.0033582978723404257,0.009523809523809525,9976.05,8419.93,23,16,7,8,433.74130434782603,277.4360703805858,0.0,1,23,False,normal
ACC_01408,11,9,0.8333333333333334,0.0005141361129626841,0.005106382978723405,0.010526315789473684,13752.68,20124.010000000002,30,40,9,11,458.42266666666666,250.38580769702574,0.03333333333333333,1,30,False,normal
ACC_01715,6,4,0.7142857142857143,0.00016456753365206423,0.0014659574468085107,0.0,16425.32,3088.47,24,7,4,6,684.3883333333333,435.15757334623027,0.041666666666666664,1,24,False,normal
ACC_00107,8,9,1.1111111111111112,0.0004354990449688352,0.0007387234042553192,0.0,13877.72,10283.39,26,24,9,8,533.7584615384615,374.21134164204386,0.038461538461538464,2,25,False,normal
ACC_00351,9,8,0.9,0.0006714505584603584,0.000666865646185989,0.0,12904.66,11599.67,25,23,8,9,516.1864,351.99124387641615,0.0,2,23,False,normal
ACC_00569,9,8,0.9,0.00040603693451579626,0.0007957446808510638,0.007352941176470588,15653.84,9606.18,32,18,8,9,489.1825,318.10739945354425,0.03125,1,32,False,normal
ACC_01332,7,6,0.875,0.00015530641230439014,0.004355945934422035,0.01282051282051282,15346.6,3157.13,31,7,6,7,495.0516129032258,378.17551992072646,0.0,1,30,False,normal
ACC_01105,9,10,1.1,0.0003887542661376999,0.003920851063829787,0.011695906432748537,9980.93,8847.67,25,22,10,9,399.23720000000003,284.7271972947673,0.0,1,25,False,normal
ACC_00535,7,10,1.375,0.0005678172610272989,0.013805106382978724,0.014705882352941176,6778.4,17335.87,17,33,10,7,398.72941176470584,336.342875137682,0.0,1,16,False,normal
ACC_00774,6,11,1.7142857142857142,0.0002862661273894027,6.893617021276597e-05,0.029411764705882353,15061.83,6426.18,31,15,11,6,485.86548387096775,316.4499251681452,0.0,1,29,False,normal
ACC_00051,4,8,1.8,0.0002573233052237625,0.0008595744680851064,0.0,17177.89,4996.94,25,10,8,4,687.1156,511.22598471778275,0.0,1,25,False,normal
ACC_00654,6,8,1.2857142857142858,0.00023954373269340936,0.001037820321494052,0.0,16477.86,6481.1,27,13,8,6,610.2911111111111,338.13234327966154,0.0,1,26,False,normal
ACC_01801,12,7,0.6153846153846154,0.0005975553353716317,0.004155744680851064,0.005847953216374269,9722.55,14679.55,21,28,7,12,462.9785714285714,270.1058502566302,0.0,1,21,False,normal
ACC_01247,7,8,1.125,0.00024333021590931404,0.006469787234042554,0.009523809523809525,17845.83,9104.26,38,20,8,7,469.62710526315794,290.73415626844354,0.0,2,37,False,normal
ACC_01182,5,6,1.1666666666666667,0.00034359013171951334,0.00023148936170212767,0.0,8106.82,6309.34,18,16,6,5,450.37888888888887,247.3551782568085,0.05555555555555555,1,18,False,normal
ACC_00618,5,5,1.0,0.00022899755232116324,0.003275744680851064,0.0,19069.45,5932.96,34,15,5,5,560.8661764705882,332.3477184663468,0.029411764705882353,1,33,False,normal
ACC_00980,12,5,0.46153846153846156,0.0004720343948127135,0.0007514893617021277,0.029411764705882353,17763.22,10550.08,28,21,5,12,634.4007142857143,454.7607009791264,0.0,1,28,False,normal
ACC_00500,6,9,1.4285714285714286,0.00021534951686659427,0.0010028567773845564,0.009523809523809525,12817.81,3849.5699999999997,25,8,9,6,512.7124,263.73651379865225,0.0,1,25,False,normal
ACC_00386,13,2,0.21428571428571427,0.0006501411765160103,0.0,0.0,10113.12,17346.52,21,34,2,13,481.5771428571429,258.16189203952734,0.0,1,21,False,normal
ACC_01916,2,11,4.0,0.00019390905026709447,0.00045878992026606406,0.01282051282051282,13430.31,2365.9,24,3,11,2,559.5962499999999,398.47329523540327,0.0,1,24,False,normal
ACC_01205,5,9,1.6666666666666667,0.000459396527190534,0.001028936170212766,0.01098901098901099,12253.31,7753.49,26,19,9,5,471.2811538461538,339.9603605048909,0.0,1,25,False,normal
ACC_00200,14,9,0.6666666666666666,0.0006212271560276163,0.0028876595744680854,0.007905138339920948,9431.74,19208.14,19,45,9,14,496.40736842105264,268.9423369597221,0.0,1,19,False,normal
ACC_01514,7,5,0.75,0.00040374417806183686,0.0020442553191489365,0.030303030303030304,13593.41,11755.8,27,24,5,7,503.4596296296296,330.79011735867385,0.0,1,26,False,normal
ACC_00507,8,8,1.0,0.00024262135229110007,0.0007770212765957447,0.008333333333333333,15109.94,10602.27,32,21,8,8,472.185625,274.0966260156173,0.0,1,32,False,normal
ACC_01457,11,11,1.0,0.0007245004559571938,0.006309640557711167,0.0,13348.72,19156.16,31,46,11,11,430.6038709677419,326.65773666716683,0.0,1,31,False,normal
ACC_01963,11,13,1.1666666666666667,0.00048050544772716816,0.005328510638297873,0.010869565217391304,12157.79,17717.7,25,34,13,11,486.31160000000006,392.6267929140853,0.0,1,25,False,normal
ACC_00085,7,8,1.125,0.0003116154398986194,0.0022629787234042555,0.0380952380952381,9716.34,9382.82,21,18,8,7,462.68285714285713,286.779399715929,0.0,1,21,False,normal
ACC_01026,5,8,1.5,0.00020599363290670666,0.006388936170212766,0.0,11380.67,5513.35,20,10,8,5,569.0335,605.3015454802585,0.05,1,19,False,normal
ACC_00428,10,11,1.0909090909090908,0.0004676942121821097,0.0004442553191489362,0.014285714285714285,15085.23,14328.45,29,34,11,10,520.1803448275862,343.8780967091469,0.034482758620689655,2,28,False,normal
ACC_01313,4,11,2.4,0.0003458544755701658,0.00022893617021276598,0.009523809523809525,13826.68,6297.5599999999995,28,10,11,4,493.81,346.21014042533955,0.0,1,27,False,normal
ACC_01970,7,8,1.125,0.0009268331968327015,0.0009627766170639151,0.0,10540.06,20438.15,18,46,8,7,585.5588888888889,397.14176674433327,0.0,2,18,False,normal
ACC_00632,5,5,1.0,0.0002016633590833416,0.002232340425531915,0.0,12424.62,5496.49,20,15,5,5,621.231,385.6089702071394,0.0,1,20,False,normal
ACC_00518,10,5,0.5454545454545454,0.000548159899977093,0.0017506382978723404,0.0,15707.33,16940.19,28,32,5,10,560.9760714285715,360.4874163657711,0.0,1,28,False,normal
ACC_00628,6,5,0.8571428571428571,0.00035362744331004185,0.0017787234042553192,0.0,8457.07,7331.87,25,18,5,6,338.2828,266.0217587829988,0.0,1,25,False,normal
ACC_00383,4,5,1.2,0.00013977515293145046,0.0019174468085106384,0.0,12502.57,1705.75,26,4,5,4,480.8680769230769,262.02210451821395,0.0,1,26,False,normal
ACC_00142,8,5,0.6666666666666666,0.00047599094120310393,0.0022282863599539507,0.0,9726.51,10828.039999999999,21,24,5,8,463.1671428571429,306.6257986559979,0.0,2,21,False,normal
ACC_01727,3,8,2.25,0.00022070428190745913,0.0007072340425531915,0.0,16247.15,4472.78,29,11,8,3,560.2465517241379,355.3594843884536,0.0,1,28,False,normal
ACC_00399,6,10,1.5714285714285714,0.0006233705321633895,0.001861595531488509,0.0,15540.68,17705.75,31,29,10,6,501.31225806451613,338.7544049475931,0.0,1,30,False,normal
ACC_01875,3,5,1.5,0.0002171607166222805,0.0,0.0,13450.64,7751.51,28,18,5,3,480.38,323.0195441742164,0.0,1,27,False,normal
ACC_00329,10,5,0.5454545454545454,0.000641062649560895,0.0038238178484628835,0.0,11805.61,16260.44,24,40,5,10,491.9004166666667,417.4918573064751,0.0,2,24,False,normal
ACC_01863,6,10,1.5714285714285714,0.000710139006866267,0.003822127659574468,0.0,15223.29,21859.16,27,42,10,6,563.8255555555556,531.7550572204153,0.07407407407407407,1,27,False,normal
ACC_01320,9,7,0.8,0.0010966665436857215,0.0010485106382978724,0.0,7201.29,27440.1,13,47,7,9,553.9453846153846,329.7067281341451,0.0,1,12,False,normal
ACC_01504,5,5,1.0,0.0003893476923477954,2.302477295015563e-05,0.0,8358.23,3470.63,22,7,5,5,379.9195454545454,262.60437329033977,0.0,1,21,False,normal
ACC_01508,6,7,1.1428571428571428,0.00010851240028003894,0.002061276595744681,0.0,13996.65,1702.71,25,6,7,6,559.866,473.52421106704423,0.04,1,24,False,normal
ACC_00563,9,9,1.0,0.0004715618329668795,0.004462978723404255,0.0,15260.01,11577.8,27,24,9,9,565.1855555555555,418.2542832493293,0.0,2,25,False,normal
ACC_00018,10,8,0.8181818181818182,0.0005516577053002424,0.0053948936170212765,0.0,13621.41,13816.83,27,35,8,10,504.49666666666667,409.35249182280364,0.0,2,27,False,normal
ACC_01574,4,6,1.4,0.0002805770265483179,0.00028851063829787236,0.0,14118.1,9102.13,30,22,6,4,470.60333333333335,213.571468024226,0.0,2,30,False,normal
ACC_01172,7,6,0.875,0.0003122332733967882,0.00035574468085106386,0.01282051282051282,10639.56,10368.97,20,17,6,7,531.978,352.77755041952435,0.0,1,20,False,normal
ACC_01411,9,7,0.8,0.0003873815540915801,0.0009268085106382979,0.05,11501.64,10853.99,23,21,7,9,500.07130434782607,267.67589291570755,0.0,1,23,False,normal
ACC_01348,14,12,0.8666666666666667,0.0007013987673236996,0.007616170212765958,0.009230769230769232,13259.49,26329.57,27,50,12,14,491.09222222222223,374.341946593602,0.0,1,27,False,normal
ACC_00251,8,8,1.0,0.0006588083353243003,0.003258005372447022,0.016666666666666666,6752.9400000000005,21190.22,18,42,8,8,375.16333333333336,231.46171127906942,0.0,1,18,False,normal
ACC_00263,9,8,0.9,0.0007968053726109723,0.002246808510638298,0.007352941176470588,9592.85,14604.2,22,28,8,9,436.0386363636364,337.85385976068824,0.0,1,21,False,normal
ACC_00691,11,10,0.9166666666666666,0.0005318769732189403,0.007326141644992112,0.010526315789473684,13718.66,15457.1,26,35,10,11,527.6407692307693,369.3103562579645,0.0,2,26,False,normal
ACC_01842,6,10,1.5714285714285714,0.00020403815028156305,0.0028107278386560355,0.0,11032.87,4149.28,22,8,10,6,501.49409090909097,260.3163218207361,0.045454545454545456,1,22,False,normal
ACC_00483,14,8,0.6,0.0010251593816091092,0.0015742122542958257,0.004329004329004329,10551.5,24999.16,20,52,8,14,527.575,259.1330514071467,0.0,1,20,False,normal
ACC_00195,12,11,0.9230769230769231,0.0004962852234923292,0.007691914893617022,0.011857707509881422,13777.369999999999,11692.630000000001,29,25,11,12,475.081724137931,252.9166996840344,0.0,1,29,False,normal
ACC_01452,14,11,0.8,0.0005917139325381702,0.00257531914893617,0.006666666666666667,12793.01,22295.83,25,41,11,14,511.7204,290.8984651254339,0.0,1,25,False,normal
ACC_00036,11,7,0.6666666666666666,0.0002908544029060528,0.0016161702127659575,0.0196078431372549,16988.07,13368.47,29,29,7,11,585.7955172413793,365.58873835408286,0.0,1,28,False,normal
ACC_01632,8,8,1.0,0.0006607502322986935,0.0005940425531914894,0.025,10573.18,17792.69,23,35,8,8,459.7034782608696,273.32202027859,0.0,1,23,False,normal
ACC_00736,10,4,0.45454545454545453,0.0002863237607504428,0.00450936170212766,0.02197802197802198,11875.73,6644.71,25,16,4,10,475.0292,342.5017693010261,0.0,1,25,False,normal
ACC_01276,8,5,0.6666666666666666,0.0006575480934085739,0.0001991489361702128,0.0,10881.66,13510.32,23,31,5,8,473.115652173913,321.28862260684053,0.0,1,23,False,normal
ACC_00078,6,9,1.4285714285714286,0.00028270174240307326,0.003701871828763911,0.009523809523809525,8829.51,5433.2,18,14,9,6,490.52833333333336,294.6358202185918,0.0,1,18,False,normal
ACC_01436,10,8,0.8181818181818182,0.0008117403092146641,0.0023821276595744683,0.013071895424836602,7427.81,26429.52,14,45,8,10,530.5578571428572,322.55275077654585,0.0,1,14,False,normal
ACC_01283,7,8,1.125,0.00027272190040874005,0.0003974468085106383,0.0,15486.66,5788.25,26,16,8,7,595.6407692307693,361.555654990189,0.0,1,25,False,normal
ACC_00714,7,11,1.5,0.0006494033933664564,0.012175319148936171,0.013071895424836602,7567.97,19174.95,18,38,11,7,420.4427777777778,238.17962892112865,0.0,1,17,False,normal
ACC_00559,9,8,0.9,0.0003994957354516695,0.0028817021276595746,0.008333333333333333,9889.56,10462.77,23,25,8,9,429.98086956521735,317.09461166135264,0.0,1,22,False,normal
ACC_01626,9,8,0.9,0.0005808611959743587,0.0005948936170212766,0.007352941176470588,12720.0,18454.68,25,37,8,9,508.8,301.99902426718756,0.0,1,25,False,normal
ACC_00088,6,9,1.4285714285714286,0.0005802778855419405,0.001331063829787234,0.0,13436.09,12807.96,26,19,9,6,516.7726923076923,255.9891170273876,0.0,1,26,False,normal
ACC_00291,7,6,0.875,0.0004566493200393992,0.0008034042553191489,0.0,13558.43,13012.07,23,28,6,7,589.4969565217391,328.7865298119294,0.0,1,22,False,normal
ACC_00317,7,6,0.875,0.00016949937104802248,0.0004995744680851064,0.01282051282051282,13408.23,3574.91,27,12,6,7,496.6011111111111,314.63197324362875,0.0,1,26,False,normal
ACC_01017,6,7,1.1428571428571428,0.0007084917321758168,0.0020663829787234043,0.0,8543.48,12454.810000000001,19,26,7,6,449.65684210526314,273.88414201086783,0.0,1,19,False,normal
ACC_00262,9,8,0.9,0.00038622358247591016,0.006371063829787234,0.007352941176470588,9140.58,12174.76,23,22,8,9,397.4165217391304,240.7957188272532,0.0,1,23,False,normal
ACC_00254,6,5,0.8571428571428571,0.0003204052975729824,0.0006348936170212766,0.0,8754.1,5823.1,22,14,5,6,397.9136363636364,304.9173546661839,0.0,2,22,False,normal
ACC_00095,4,5,1.2,0.00022439244678778043,5.5430008954078374e-05,0.0,6628.51,5471.57,11,9,5,4,602.5918181818182,386.35103532456543,0.0,1,11,False,normal
ACC_00394,13,7,0.5714285714285714,0.0009107739617912176,0.00708936170212766,0.010526315789473684,8497.19,25922.6,19,43,7,13,447.2205263157895,383.09199623986,0.0,1,19,False,normal
ACC_01371,8,5,0.6666666666666666,0.0005711518825212208,0.0002694751204536733,0.0,12406.880000000001,15762.22,22,27,5,8,563.949090909091,283.9577696118628,0.0,2,22,False,normal
ACC_00429,10,7,0.7272727272727273,0.0005959051523572737,0.0021727659574468086,0.007352941176470588,14537.369999999999,14716.18,28,30,7,10,519.1917857142856,335.23112046217113,0.0,1,28,False,normal
ACC_01579,5,6,1.1666666666666667,0.0006453587316800687,0.0004246808510638298,0.0,10295.81,12547.15,21,26,6,5,490.27666666666664,332.80361721792224,0.0,1,21,False,normal
ACC_00793,9,3,0.4,0.000502259982808284,8.595744680851064e-05,0.0,13381.95,14402.039999999999,21,27,3,9,637.2357142857143,426.18335797601753,0.0,1,20,False,normal
ACC_01388,13,5,0.42857142857142855,0.0013584957063532297,7.659574468085107e-06,0.0,9622.13,35527.1,18,71,5,13,534.5627777777777,393.2791336324031,0.0,1,18,False,normal
ACC_01806,7,9,1.25,0.0004285289945269475,0.0020374468085106383,0.0,11544.22,13362.49,24,27,9,7,481.00916666666666,533.8124857868014,0.0,1,24,False,normal
ACC_01480,10,9,0.9090909090909091,0.00018590778413214482,0.010986382978723406,0.011695906432748537,15277.2,4572.29,30,10,9,10,509.24,369.96186459576137,0.0,1,30,False,normal
ACC_00219,7,10,1.375,0.00043102796415803044,0.001930669850338976,0.0,12169.970000000001,13873.43,22,23,10,7,553.1804545454546,414.2889868710496,0.0,2,21,False,normal
ACC_01115,7,9,1.25,0.0003111843929576726,0.008857872340425533,0.0,11344.71,7672.17,23,15,9,7,493.2482608695652,265.736227807887,0.0,1,23,False,normal
ACC_00354,7,6,0.875,0.000433508990617265,0.00032851063829787236,0.01282051282051282,14868.8,13329.210000000001,28,22,6,7,531.0285714285714,377.25020775307127,0.0,1,27,False,normal
ACC_00819,4,8,1.8,0.00035287975229067215,0.0018221276595744682,0.0,12559.48,10287.97,36,20,8,4,348.8744444444444,239.07913082664788,0.0,2,36,False,normal
ACC_01548,7,7,1.0,0.00034833906300432347,0.0006859574468085107,0.02197802197802198,8897.880000000001,7178.27,20,15,7,7,444.89400000000006,239.64429500934565,0.0,1,20,False,normal
ACC_00265,9,8,0.9,0.00024257119696111486,0.0038970212765957447,0.014705882352941176,14032.85,6639.9400000000005,29,10,8,9,483.89137931034486,326.65471506868073,0.0,1,29,False,normal
ACC_00074,5,10,1.8333333333333333,0.0003244805993481765,6.382978723404255e-05,0.01904761904761905,13630.16,9166.95,19,16,10,5,717.3768421052631,598.6188554038615,0.0,1,19,False,normal
ACC_01939,15,8,0.5625,0.0006576129310660146,0.0004910638297872341,0.003952569169960474,13207.720000000001,18977.56,30,36,8,15,440.25733333333335,321.7159915947855,0.0,1,29,False,normal
ACC_00752,8,5,0.6666666666666666,0.000254581412152499,0.005105531914893617,0.01282051282051282,9904.0,5593.46,20,15,5,8,495.2,386.8384213759429,0.0,1,19,False,normal
ACC_01393,5,9,1.6666666666666667,0.0003135472738872225,0.000666865646185989,0.0,12990.93,8365.08,27,19,9,5,481.1455555555556,329.3606395653126,0.0,1,27,False,normal
ACC_00207,8,6,0.7777777777777778,0.0003438567480567373,0.0015557446808510639,0.01098901098901099,12470.22,8574.28,26,16,6,8,479.6238461538461,332.0291800318391,0.0,1,26,False,normal
ACC_01255,9,9,1.0,0.0006542707809332959,0.0008587234042553191,0.013071895424836602,15692.84,16691.3,32,33,9,9,490.40125,331.75367999757816,0.0,1,32,False,normal
ACC_01522,6,9,1.4285714285714286,0.0006675519826378231,0.0016774468085106384,0.0,10075.27,15625.58,22,29,9,6,457.9668181818182,310.6523104600316,0.0,1,22,False,normal
ACC_00600,9,10,1.1,0.000681517169236096,0.006049787234042554,0.005847953216374269,9567.52,14795.17,22,27,10,9,434.8872727272728,315.29728217126893,0.0,1,22,False,normal
ACC_00981,11,6,0.5833333333333334,0.0010909169210748383,0.00013361702127659574,0.014705882352941176,12282.65,16863.57,20,35,6,11,614.1324999999999,450.91803973291974,0.05,1,19,False,normal
ACC_01764,6,12,1.8571428571428572,0.00028117471596797916,0.0018377179891698292,0.0,13687.69,3942.45,26,10,12,6,526.4496153846154,414.5780047371618,0.07692307692307693,1,26,False,normal
ACC_01132,12,7,0.6153846153846154,0.000781256984421513,0.003078297872340426,0.0,13270.11,20439.79,26,36,7,12,510.3888461538462,307.6744654900946,0.038461538461538464,1,24,False,normal
ACC_00873,11,5,0.5,0.0007007809989776602,0.0051455319148936175,0.0,13106.4,16207.67,26,33,5,11,504.09230769230766,367.7891582122311,0.0,2,26,False,normal
ACC_01897,12,5,0.46153846153846156,0.0005803733274155356,5.1063829787234044e-05,0.007352941176470588,13091.11,13665.95,20,29,5,12,654.5555,385.45360421845845,0.05,1,20,False,normal
ACC_01312,5,5,1.0,0.0002456427207008211,0.000347077132989383,0.0,8695.16,8787.58,23,20,5,5,378.0504347826087,244.95166373793876,0.043478260869565216,1,23,False,normal
ACC_01601,4,12,2.6,0.00027936881806418486,0.0011693617021276597,0.0,22832.08,5968.81,37,11,12,4,617.0832432432433,481.97271112846477,0.0,2,36,False,normal
ACC_00572,8,5,0.6666666666666666,0.00046469880957792547,0.00026042553191489364,0.0,13048.26,14727.18,27,31,5,8,483.2688888888889,310.3710906979347,0.0,1,26,False,normal
ACC_00645,4,8,1.8,0.0004632395965808914,0.001341276595744681,0.0,9522.5,10439.650000000001,19,15,8,4,501.1842105263158,342.5325746280002,0.0,2,19,False,normal
ACC_01994,7,8,1.125,0.00043219546903631225,0.00162468085106383,0.0,12670.11,17733.670000000002,25,32,8,7,506.80440000000004,296.88252608116454,0.04,2,24,False,normal
ACC_01932,9,9,1.0,0.0003950134759739074,0.0015914893617021276,0.006535947712418301,14363.83,9720.12,27,22,9,9,531.9937037037037,298.2547925096691,0.0,1,27,False,normal
ACC_00803,4,6,1.4,0.00017904972180430236,0.0003421276595744681,0.0,10000.47,3881.0,20,9,6,4,500.02349999999996,315.05902164306326,0.05,1,20,False,normal
ACC_00629,8,6,0.7777777777777778,0.0005806772892568,0.00028851063829787236,0.0,19338.48,18742.1,31,43,6,8,623.8219354838709,462.94249101027185,0.0,1,30,False,normal
ACC_00424,6,11,1.7142857142857142,0.0002636972322319724,0.0040731914893617025,0.014705882352941176,12822.54,7649.23,31,16,11,6,413.6303225806452,292.2582878606282,0.0,2,28,False,normal
ACC_01999,10,9,0.9090909090909091,0.0006481470954167069,0.0006093617021276596,0.011695906432748537,16920.95,18214.39,35,35,9,10,483.4557142857143,369.63545100135457,0.0,1,34,False,normal
ACC_01754,6,10,1.5714285714285714,0.00026195779720916506,0.0010646808510638298,0.016666666666666666,11750.529999999999,8336.98,25,17,10,6,470.02119999999996,356.19161567570154,0.0,1,25,False,normal
ACC_01989,10,4,0.45454545454545453,0.0003001210678829047,0.001145531914893617,0.0,6934.53,10027.72,14,20,4,10,495.3235714285714,239.40014506155694,0.0,1,14,False,normal
ACC_01162,10,9,0.9090909090909091,0.0005184017293493563,0.0021540425531914893,0.023391812865497075,14479.720000000001,13443.99,29,25,9,10,499.30068965517245,300.8931271224177,0.0,1,29,False,normal
ACC_00122,10,7,0.7272727272727273,0.0013101993258916112,0.0026851063829787234,0.007352941176470588,9517.95,36176.79,18,68,7,10,528.7750000000001,469.90051980054625,0.0,1,18,False,normal
ACC_00566,9,5,0.6,0.0005727832186072263,0.0002893617021276596,0.0,15155.26,15632.04,23,25,5,9,658.924347826087,472.0025140613523,0.0,1,23,False,normal
ACC_00481,6,5,0.8571428571428571,0.00036037284858174743,0.002579627339785955,0.0,6112.54,10674.71,20,20,5,6,305.627,206.90150308782196,0.0,1,20,False,normal
ACC_01181,9,8,0.9,0.0004613117950147695,0.0037140425531914894,0.014705882352941176,10102.14,9819.19,22,23,8,9,459.1881818181818,334.59213608492075,0.0,1,22,False,normal
ACC_00821,5,6,1.1666666666666667,0.00048093653885341404,0.00014042553191489363,0.01818181818181818,7655.469999999999,9512.28,21,18,6,5,364.5461904761904,203.42015282356343,0.0,1,19,False,normal
ACC_00892,5,4,0.8333333333333334,0.00043058066469578936,0.00023451157634417772,0.027777777777777776,15672.22,9896.1,25,20,4,5,626.8888,387.78397439081124,0.08,1,24,False,normal
ACC_01975,6,5,0.8571428571428571,0.0002162436634473965,0.0020747878736195797,0.0,9523.29,5415.78,19,9,5,6,501.22578947368424,236.14579967365242,0.10526315789473684,2,19,False,normal
ACC_01341,10,8,0.8181818181818182,0.00054483685217751,0.0007421276595744682,0.0,12985.54,15769.62,24,32,8,10,541.0641666666667,273.5028462758925,0.041666666666666664,1,24,False,normal
ACC_01972,12,3,0.3076923076923077,0.000510892733749864,0.0,0.0,13295.01,22398.36,20,42,3,12,664.7505,503.99184898875626,0.0,1,20,False,normal
ACC_01392,8,10,1.2222222222222223,0.0005101552666434311,0.00020851063829787234,0.0,17040.35,18540.67,30,30,10,8,568.0116666666667,433.6879296586535,0.0,1,30,False,normal
ACC_00282,12,6,0.5384615384615384,0.0006173335272339961,0.0007642553191489362,0.006535947712418301,14042.16,21304.98,28,36,6,12,501.5057142857143,318.38325104175215,0.03571428571428571,1,28,False,normal
ACC_01864,5,9,1.6666666666666667,0.0002991337080043881,0.008881702127659576,0.01098901098901099,13346.89,5586.05,28,15,9,5,476.6746428571428,273.42622391074696,0.0,1,28,False,normal
ACC_01741,5,7,1.3333333333333333,0.00042835023248333947,0.0012187234042553192,0.015151515151515152,13597.51,12493.53,23,26,7,5,591.1960869565218,348.7682167902961,0.0,1,22,False,normal
ACC_00392,9,11,1.2,0.000574071620938016,0.0005696499381742208,0.015789473684210527,8836.39,20277.88,19,37,11,9,465.0731578947368,268.3904175523376,0.0,1,18,False,normal
ACC_01644,6,5,0.8571428571428571,0.00025394585510803684,0.00018590372233829363,0.0,7768.41,6714.55,19,13,5,6,408.8636842105263,299.84339929759864,0.0,1,19,False,normal
ACC_00247,8,10,1.2222222222222223,0.000457911147491422,0.0009327659574468086,0.0196078431372549,14516.3,12373.45,29,28,10,8,500.5620689655172,375.281778718903,0.13793103448275862,1,29,False,normal
ACC_01539,10,8,0.8181818181818182,0.0008306408204238097,0.0049012765957446814,0.006535947712418301,11752.710000000001,19594.8,24,32,8,10,489.69625,389.59812887699616,0.0,1,24,False,normal
ACC_00539,10,5,0.5454545454545454,0.0005831648570993176,0.0004348936170212766,0.009523809523809525,8329.03,16547.66,21,40,5,10,396.6204761904762,308.13174074535374,0.0,1,21,False,normal
ACC_01425,8,8,1.0,0.0006226818615284066,0.000594380249861425,0.008333333333333333,15375.71,20217.1,31,43,8,8,495.9906451612903,348.0289726343243,0.0,2,30,False,normal
ACC_01046,8,6,0.7777777777777778,0.0003543073717750823,0.002323404255319149,0.01098901098901099,9683.89,9570.59,23,19,6,8,421.0386956521739,347.4884203996699,0.0,1,23,False,normal
ACC_01998,11,6,0.5833333333333334,0.0007450040964871806,0.00022042553191489362,0.007352941176470588,11431.78,18505.06,24,41,6,11,476.3241666666667,256.7294514179515,0.041666666666666664,1,24,False,normal
ACC_00076,6,6,1.0,0.0002388536021016661,0.00023829787234042553,0.0,16410.69,4910.05,30,6,6,6,547.0229999999999,412.4404450061809,0.0,1,30,False,normal
ACC_00092,5,10,1.8333333333333333,0.0006287280569187348,0.000497872340425532,0.009523809523809525,15450.08,13686.63,30,25,10,5,515.0026666666666,336.0661259021066,0.0,1,30,False,normal
ACC_00999,6,9,1.4285714285714286,0.00045995852117185107,2.553191489361702e-06,0.0,13834.22,11198.7,31,28,9,6,446.26516129032257,280.4736923833317,0.0,2,31,False,normal
ACC_00086,6,6,1.0,0.00021064595765818805,0.0020210634034025497,0.015151515151515152,15525.17,5011.74,30,12,6,6,517.5056666666667,356.61100476843677,0.0,1,30,False,normal
ACC_00384,8,8,1.0,0.0005875126105890166,0.0006340425531914894,0.008333333333333333,16694.87,15929.92,34,33,8,8,491.0255882352941,392.1357535513433,0.0,1,34,False,normal
ACC_00359,10,11,1.0909090909090908,0.0013020251112012596,0.002606063190210208,0.009523809523809525,14118.68,22484.92,22,46,11,10,641.7581818181818,491.11934883135757,0.0,1,21,False,normal
ACC_00400,5,8,1.5,0.0001963208669818763,0.0014902127659574469,0.02564102564102564,15495.27,6276.99,34,14,8,5,455.74323529411765,335.93469027720244,0.0,2,34,False,normal
ACC_01039,10,7,0.7272727272727273,0.0004083616976388996,0.0012280851063829789,0.0,12931.47,11466.46,24,24,7,10,538.81125,370.65016003389525,0.0,1,23,False,normal
ACC_01259,11,14,1.25,0.00045829611125697246,0.005245957446808511,0.0,14585.279999999999,13697.470000000001,29,28,14,11,502.9406896551724,402.9662491444009,0.034482758620689655,1,28,False,normal
ACC_00809,11,6,0.5833333333333334,0.00045103887596724895,0.001302127659574468,0.007352941176470588,10409.33,15273.25,15,30,6,11,693.9553333333333,517.559386707964,0.0,1,15,False,normal
ACC_00939,9,4,0.5,0.0007974375514544715,0.0013472340425531915,0.01282051282051282,15038.84,18220.34,28,40,4,9,537.1014285714285,405.2578308491402,0.0,1,27,False,normal
ACC_01437,4,5,1.2,0.00016774003648984553,0.0009114893617021277,0.0,13707.4,2636.08,25,6,5,4,548.2959999999999,377.5215403788239,0.0,1,24,False,normal
ACC_01800,4,8,1.8,0.00021248310780760932,0.008142978723404255,0.0,15274.119999999999,2243.79,25,5,8,4,610.9648,411.89672790559206,0.0,1,25,False,normal
ACC_01071,13,6,0.5,0.0005990201343789129,0.0010570212765957448,0.0,8142.4,25390.88,19,45,6,13,428.5473684210526,387.99139219893505,0.0,1,18,False,normal
ACC_01390,2,7,2.6666666666666665,0.0001131793155040474,0.0028842553191489365,0.0,14362.84,1391.02,25,4,7,2,574.5136,389.4739610453225,0.0,1,25,False,normal
ACC_01753,10,6,0.6363636363636364,0.0007663543797235491,0.0005727659574468085,0.0,9028.12,30866.44,17,57,6,10,531.0658823529412,202.20908680926112,0.058823529411764705,1,17,False,normal
ACC_00653,8,7,0.8888888888888888,0.0005470006327055244,0.003079350189741185,0.009523809523809525,14057.92,11942.72,27,24,7,8,520.6637037037037,362.4724632315393,0.037037037037037035,1,27,False,normal
ACC_00403,2,8,3.0,7.941616727715357e-05,0.0019106382978723406,0.0,12522.15,502.14,22,2,8,2,569.1886363636363,350.4647917007662,0.045454545454545456,1,22,False,normal
ACC_01154,5,8,1.5,0.0005861695066067193,0.0017336170212765957,0.0,8370.42,11193.04,22,24,8,5,380.4736363636364,221.68308270496365,0.0,1,22,False,normal
ACC_01122,6,7,1.1428571428571428,0.00029245025330512306,0.0018633010702255575,0.0,9239.15,11971.16,24,17,7,6,384.96458333333334,269.11484328828783,0.0,1,24,False,normal
ACC_01384,4,8,1.8,0.000437999618237215,0.0008928495288449239,0.045454545454545456,11085.32,6460.72,22,13,8,4,503.8781818181818,269.9321138049407,0.0,1,21,False,normal
ACC_01235,13,10,0.7857142857142857,0.0006889981046970703,0.0025829787234042554,0.011857707509881422,13685.66,20961.600000000002,26,33,10,13,526.3715384615384,331.5489835869482,0.0,1,26,False,normal
ACC_01967,6,7,1.1428571428571428,0.000527956583510838,0.0019387234042553192,0.0,13979.61,12651.02,29,25,7,6,482.05551724137933,440.3039819065445,0.0,1,29,False,normal
ACC_00084,3,4,1.25,0.00015728503272543923,1.872340425531915e-05,0.047619047619047616,14818.52,2565.58,23,8,4,3,644.2834782608696,426.1222512763284,0.0,1,23,False,normal
ACC_00052,4,7,1.6,0.00024108991151941067,0.004835202319532683,0.0,13685.93,4973.05,30,11,7,4,456.1976666666667,341.90517068720044,0.0,1,30,False,normal
ACC_01088,6,6,1.0,0.00042183577426730903,0.0011872340425531916,0.0,10296.65,7880.8,20,19,6,6,514.8325,343.67272009213406,0.0,1,19,False,normal
ACC_01607,8,8,1.0,0.0005614993039314922,0.004911489361702128,0.008333333333333333,9599.27,15166.34,17,29,8,8,564.6629411764707,423.65859332375027,0.0,1,17,False,normal
ACC_01973,7,11,1.5,0.0006313986867368298,0.002465356244403701,0.0,15953.15,13676.16,30,29,11,7,531.7716666666666,309.6286885162595,0.0,2,29,False,normal
ACC_01350,17,9,0.5555555555555556,0.0008914765098776206,0.0013438297872340427,0.003076923076923077,13255.32,25510.42,25,54,9,17,530.2128,306.7876618624028,0.0,1,25,False,normal
ACC_00153,7,8,1.125,0.0003317871016531032,0.001650108728094487,0.009523809523809525,12919.08,11027.7,24,24,8,7,538.295,331.29489641602436,0.0,1,24,False,normal
ACC_00180,3,12,3.25,0.0001870307073440461,2.814138916130133e-05,0.0,11289.36,4940.45,24,7,12,3,470.39000000000004,394.92455157255364,0.0,1,24,False,normal
ACC_00444,8,9,1.1111111111111112,0.00041140131091214096,0.0009821276595744681,0.0,12645.28,12494.24,22,27,9,8,574.7854545454546,368.9659701656235,0.0,1,22,False,normal
ACC_01578,11,13,1.1666666666666667,0.0004221578165522222,0.003514893617021277,0.007246376811594203,13918.5,13311.89,22,25,13,11,632.6590909090909,505.8616468571609,0.0,2,22,False,normal
ACC_00683,8,9,1.1111111111111112,0.0008748249700434987,0.001246808510638298,0.0,16876.73,14636.83,32,26,9,8,527.3978125,315.6284068917055,0.0,2,32,False,normal
ACC_01418,6,5,0.8571428571428571,0.00044061365901702337,0.0016331914893617022,0.01818181818181818,17976.08,9698.23,29,17,5,6,619.864827586207,405.31422458930984,0.0,1,28,False,normal
ACC_01503,8,7,0.8888888888888888,0.0005704996726794787,0.0028195744680851063,0.009523809523809525,11082.44,12159.1,25,31,7,8,443.29760000000005,333.8719500457224,0.0,1,25,False,normal
ACC_01302,5,6,1.1666666666666667,0.00040789084912039146,0.0006382978723404256,0.01818181818181818,9238.7,8707.5,21,13,6,5,439.9380952380953,286.416234397058,0.0,1,21,False,normal
ACC_00904,8,6,0.7777777777777778,0.0005264371861040252,0.0012714893617021277,0.0,10278.6,21110.7,25,36,6,8,411.144,225.01141058103403,0.0,1,25,False,normal
ACC_00537,5,6,1.1666666666666667,0.00036401964722135733,0.0001872340425531915,0.0,12491.21,7748.4,28,20,6,5,446.1146428571428,262.8504713567399,0.0,1,26,False,normal
ACC_00457,4,8,1.8,0.00014447056926062,0.00039063829787234046,0.0,9315.91,2992.81,16,6,8,4,582.244375,350.72741770913296,0.0,1,15,False,normal
ACC_01512,6,5,0.8571428571428571,0.000684557794456837,0.00012706263591011813,0.01818181818181818,12354.4,13544.71,22,25,5,6,561.5636363636363,393.00102944909946,0.0,1,22,False,normal
ACC_00745,3,8,2.25,0.0001587826904723336,0.0001472340425531915,0.0,11366.59,5579.35,27,10,8,3,420.9848148148148,307.20106185176024,0.0,2,27,False,normal
ACC_01542,12,6,0.5384615384615384,0.0006505881416216077,0.00360209781264657,0.026143790849673203,14115.15,16787.87,22,28,6,12,641.5977272727273,400.09917435950825,0.045454545454545456,1,21,False,normal
ACC_00062,7,13,1.75,0.00014490892235998365,0.008077446808510639,0.02631578947368421,18828.05,2765.06,37,7,13,7,508.8662162162162,404.8637450382491,0.02702702702702703,1,37,False,normal
ACC_00675,9,7,0.8,0.00040795272036341285,0.0017617021276595745,0.0,11798.08,10594.42,22,16,7,9,536.2763636363636,401.05788934416296,0.0,1,21,False,normal
ACC_01137,7,4,0.625,0.0002758214131214809,0.0010156483179124206,0.0,13927.33,7301.62,23,15,4,7,605.5360869565218,370.95151629705333,0.0,1,22,False,normal
ACC_01564,6,12,1.8571428571428572,0.0003557808610187024,0.002657021276595745,0.006535947712418301,11436.09,7130.7,25,14,12,6,457.4436,301.86014981941554,0.0,1,25,False,normal
ACC_00131,7,6,0.875,0.00021957375902979806,0.0002195744680851064,0.0,14931.25,6506.37,35,14,6,7,426.60714285714283,353.8316396052144,0.0,1,35,False,normal
ACC_01859,7,6,0.875,0.00036190512039618964,0.0003642553191489362,0.0,14259.25,10026.64,28,20,6,7,509.25892857142856,297.45504215967986,0.0,1,26,False,normal
ACC_01824,3,5,1.5,0.00024863125195804647,0.0001497872340425532,0.07142857142857142,11735.04,4774.35,26,8,5,3,451.34769230769234,251.34006301117523,0.0,2,25,False,normal
ACC_01343,9,6,0.7,0.0005497918658180304,0.00040595744680851063,0.02857142857142857,10560.1,16024.7,23,28,6,9,459.1347826086957,255.258841906684,0.0,1,23,False,normal
ACC_00336,7,5,0.75,0.0006074066095475293,7.914893617021277e-05,0.0,7580.29,13800.46,17,24,5,7,445.89941176470586,269.12709617090275,0.0,1,17,False,normal
ACC_00672,8,7,0.8888888888888888,0.0003034656275673513,0.000512340425531915,0.009523809523809525,9406.31,9477.86,24,19,7,8,391.9295833333333,206.34971201250787,0.0,1,24,False,normal
ACC_00040,11,11,1.0,0.0008051727360625024,0.008654468085106384,0.009523809523809525,11322.12,17434.829999999998,24,39,11,11,471.75500000000005,371.92266380549313,0.0,1,23,False,normal
ACC_00575,5,15,2.6666666666666665,0.0003011992355734593,0.0015923404255319149,0.0,13747.54,9209.65,26,18,15,5,528.7515384615385,283.59999579255714,0.0,1,26,False,normal
ACC_00686,10,5,0.5454545454545454,0.00037133760526219633,0.004846808510638298,0.0,13712.25,10480.35,26,18,5,10,527.3942307692307,317.7412223703192,0.0,1,25,False,normal
ACC_00516,11,9,0.8333333333333334,0.00030629886591170333,0.004360851063829788,0.0,8608.05,10442.12,24,27,9,11,358.66875,217.39715032155962,0.0,1,24,False,normal
ACC_00047,11,12,1.0833333333333333,0.0008867784483370958,0.0019029787234042554,0.015810276679841896,10252.1,19619.42,25,32,12,11,410.084,312.8190460021043,0.04,1,25,False,normal
ACC_00478,9,10,1.1,0.0004640992155634476,0.0038851063829787235,0.005847953216374269,12918.64,14922.91,26,29,10,9,496.8707692307692,338.08444733140954,0.0,1,25,False,normal
ACC_01019,6,12,1.8571428571428572,0.0004651303424612546,0.0014961702127659574,0.013071895424836602,11007.46,13143.22,23,25,12,6,478.5852173913043,290.6782672219887,0.0,1,23,False,normal
ACC_00097,8,10,1.2222222222222223,0.0008886102017805316,0.0004,0.006535947712418301,8578.47,18993.01,18,33,10,8,476.58166666666665,436.7828079768223,0.0,1,18,False,normal
ACC_01593,4,7,1.6,0.000149517830084885,0.0022760414445913103,0.01818181818181818,14174.57,2891.4,30,7,7,4,472.48566666666665,298.7228247941367,0.0,2,28,False,normal
ACC_00620,7,11,1.5,0.0003171287076469901,0.003901276595744681,0.006535947712418301,15736.3,10749.68,32,18,11,7,491.759375,323.9016799241111,0.03125,1,31,False,normal
ACC_01719,7,5,0.75,0.00047219438137429364,0.0006984181128213875,0.015151515151515152,6447.35,10270.369999999999,15,17,5,7,429.8233333333334,268.3306848346076,0.0,1,15,False,normal
ACC_00950,12,7,0.6153846153846154,0.0003974130222650598,0.0023676595744680853,0.005847953216374269,17721.33,11751.66,33,29,7,12,537.0100000000001,375.33200931808364,0.0,1,32,False,normal
ACC_00502,11,8,0.75,0.0008097465629770833,0.00203300217456189,0.011695906432748537,12626.68,28594.63,26,49,8,11,485.64153846153846,259.11703711940373,0.0,1,25,False,normal
ACC_01687,7,5,0.75,0.0004568096533417375,0.0005914893617021277,0.030303030303030304,8833.22,12958.949999999999,18,26,5,7,490.7344444444444,330.1406012456657,0.0,1,18,False,normal
ACC_01823,6,12,1.8571428571428572,0.0004302068089558298,0.0010173538566494692,0.013071895424836602,15077.5,10599.23,30,21,12,6,502.5833333333333,360.89959012725825,0.0,1,30,False,normal
ACC_01526,7,5,0.75,0.0003820223151002225,0.000254468085106383,0.015151515151515152,9612.07,9903.32,21,21,5,7,457.71761904761905,312.6965080698018,0.0,1,21,False,normal
ACC_01349,10,9,0.9090909090909091,0.0006761398947616927,0.004788085106382979,0.011695906432748537,9089.89,16857.61,20,32,9,10,454.49449999999996,292.2502959428514,0.0,1,19,False,normal
ACC_00703,10,8,0.8181818181818182,0.0005059254323539489,0.001308936170212766,0.0,15554.1,12096.73,30,25,8,10,518.47,394.9955513062446,0.03333333333333333,1,28,False,normal
ACC_00887,2,7,2.6666666666666665,0.00020236834765899997,1.446808510638298e-05,0.0,13841.789999999999,3783.63,28,8,7,2,494.34964285714284,313.973634709127,0.0,1,28,False,normal
ACC_00161,6,6,1.0,0.00026189733919641583,0.0016280851063829789,0.015151515151515152,14181.34,8015.2,27,17,6,6,525.2348148148149,489.2001289732704,0.037037037037037035,1,27,False,normal
ACC_01775,13,7,0.5714285714285714,0.0006642976993879947,0.002622127659574468,0.0,12580.539999999999,20751.8,25,37,7,13,503.22159999999997,310.8755097661013,0.0,1,25,False,normal
ACC_00347,8,8,1.0,0.000492358723792764,0.0010736366349720719,0.0,10214.03,18935.67,19,39,8,8,537.5805263157895,368.09691766456297,0.05263157894736842,1,19,False,normal
ACC_01034,9,7,0.8,0.0004408923572552974,0.004884255319148936,0.008333333333333333,12389.57,11671.28,21,25,7,9,589.9795238095238,354.1707086628733,0.0,1,21,False,normal
ACC_01805,4,3,0.8,0.00025047685858649283,1.2765957446808511e-05,0.047619047619047616,9728.64,7483.37,22,14,3,4,442.21090909090907,278.00630271904834,0.0,1,22,False,normal
ACC_00667,6,5,0.8571428571428571,0.0007214488177819542,0.0010646808510638298,0.0,10597.19,14742.74,24,27,5,6,441.5495833333334,300.4563658616261,0.041666666666666664,1,24,False,normal
ACC_01297,18,6,0.3684210526315789,0.0012594377343282067,0.0021182978723404255,0.007246376811594203,10150.73,26800.0,25,52,6,18,406.0292,378.6347659015656,0.0,1,25,False,normal
ACC_01059,2,10,3.6666666666666665,0.0003547724445719343,6.297872340425533e-05,0.0,16791.21,4140.41,33,9,10,2,508.82454545454544,300.9662252343578,0.030303030303030304,1,32,False,normal
ACC_01852,13,8,0.6428571428571429,0.0006030343463545529,0.011217872340425532,0.023809523809523808,8515.11,16854.489999999998,19,31,8,13,448.16368421052636,380.82039183278056,0.0,1,19,False,normal
ACC_01672,9,4,0.5,0.0004384060605073311,0.0002553191489361702,0.01282051282051282,11491.3,8624.15,23,19,4,9,499.6217391304348,397.3741196982119,0.08695652173913043,1,23,False,normal
ACC_01287,7,4,0.625,0.00025729099669582524,8.510638297872341e-07,0.0,8406.960000000001,6360.7,14,13,4,7,600.4971428571429,313.74565459273566,0.14285714285714285,1,14,False,normal
ACC_00370,13,8,0.6428571428571429,0.0008068394927826635,0.0032544680851063833,0.004761904761904762,12800.58,19033.04,27,41,8,13,474.09555555555556,399.9981725759539,0.0,2,27,False,normal
ACC_01861,11,5,0.5,0.0006151120127958319,0.0031863829787234046,0.0,15702.26,20847.54,34,47,5,11,461.8311764705882,266.4978312011893,0.0,1,33,False,normal
ACC_00744,10,9,0.9090909090909091,0.0005817737303509301,0.002191489361702128,0.011695906432748537,9736.97,13924.92,24,32,9,10,405.7070833333333,220.24065680185961,0.041666666666666664,1,24,False,normal
ACC_01227,9,5,0.6,0.000482483647526955,0.0002561702127659575,0.0,13105.77,16647.15,18,37,5,9,728.0983333333334,481.2220565607817,0.0,1,18,False,normal
ACC_01210,5,7,1.3333333333333333,0.0005103280385168403,0.001632200571355477,0.015151515151515152,12061.7,10915.57,24,19,7,5,502.5708333333334,300.2751538016086,0.0,1,24,False,normal
ACC_01838,9,7,0.8,0.0009650223557439482,0.0004987234042553192,0.008333333333333333,14322.61,22294.92,25,40,7,9,572.9044,460.2172689980245,0.0,1,23,False,normal
ACC_00192,7,8,1.125,0.00017411916182701645,0.002793191489361702,0.01904761904761905,14316.210000000001,5856.79,23,14,8,7,622.4439130434783,422.2094778633332,0.0,1,23,False,normal
ACC_01406,5,7,1.3333333333333333,0.00041676718073046045,0.0009448684603249052,0.0,12805.93,9067.35,29,21,7,5,441.5837931034483,272.99029899579364,0.0,1,29,False,normal
ACC_01248,3,8,2.25,0.00020808452605678668,0.00042212765957446813,0.0,13609.11,5793.639999999999,23,6,8,3,591.7004347826087,426.4483601208971,0.0,1,22,False,normal
ACC_01219,5,11,2.0,0.0002383266013522357,0.0012000000000000001,0.0,14807.72,4939.55,26,10,11,5,569.5276923076923,397.5647041004288,0.0,1,24,False,normal
ACC_00255,9,10,1.1,0.0008230492603481707,0.004806808510638298,0.005847953216374269,13102.44,21627.27,23,41,10,9,569.6713043478261,361.1728221591474,0.0,1,22,False,normal
ACC_01714,10,6,0.6363636363636364,0.00046433277625396386,0.0026231185775806936,0.0,13482.68,13946.22,31,29,6,10,434.9251612903226,312.98179707315217,0.06451612903225806,1,30,False,normal
ACC_01773,7,8,1.125,0.0003369923969851445,0.0008723404255319149,0.0,13502.4,9965.03,29,17,8,7,465.59999999999997,338.6803021919892,0.0,1,28,False,normal
ACC_01191,9,11,1.2,0.0005980515679080198,0.005718297872340425,0.005263157894736842,11888.82,16678.81,24,30,11,9,495.3675,280.6341990106477,0.041666666666666664,1,24,False,normal
ACC_00644,7,8,1.125,0.00030224981440939153,0.007931063829787234,0.0,13302.26,7242.639999999999,23,17,8,7,578.3591304347826,460.1127400076978,0.0,2,23,False,normal
ACC_00431,15,9,0.625,0.0008647633785190331,0.0008417021276595745,0.007246376811594203,13719.73,20753.03,23,40,9,15,596.51,298.6244555077041,0.0,1,22,False,normal
ACC_01827,7,5,0.75,0.0006952833686410305,0.0001446808510638298,0.030303030303030304,13936.2,17756.57,28,36,5,7,497.7214285714286,418.9380130115096,0.0,1,26,False,normal
ACC_00750,5,9,1.6666666666666667,0.0006517263879145933,0.0014178723404255319,0.0,14949.82,9291.23,22,19,9,5,679.5372727272727,456.9352281511473,0.09090909090909091,1,22,False,normal
ACC_00891,7,4,0.625,0.0003091972381101843,0.00015659574468085107,0.01818181818181818,17690.17,9244.88,37,16,4,7,478.1127027027027,406.0389999785779,0.02702702702702703,2,37,False,normal
ACC_01930,6,6,1.0,0.00020854355105775406,0.002977021276595745,0.0,10037.95,7449.92,24,18,6,6,418.2479166666667,206.6896587089208,0.0,1,24,False,normal
ACC_00298,12,7,0.6153846153846154,0.0007655019907626465,0.0005157446808510638,0.0,11197.58,21799.829999999998,21,43,7,12,533.2180952380952,265.93816423407617,0.0,1,21,False,normal
ACC_01615,10,8,0.8181818181818182,0.000576451687595957,0.001953191489361702,0.0,9002.74,18011.29,18,34,8,10,500.15222222222224,306.58592048858026,0.0,1,18,False,normal
ACC_01676,4,12,2.6,0.0005643975292333311,0.003500425531914894,0.025,9034.52,4851.21,24,15,12,4,376.43833333333333,202.2509383364414,0.0,1,24,False,normal
ACC_00511,7,6,0.875,0.0006416109180242537,0.0001948936170212766,0.0,14683.439999999999,17137.32,26,30,6,7,564.7476923076922,389.4655465563822,0.038461538461538464,1,26,False,normal
ACC_00709,5,12,2.1666666666666665,0.00012859961102515985,0.007493617021276596,0.007352941176470588,19942.48,2376.3900000000003,31,5,12,5,643.3058064516129,441.8716196119577,0.0,1,31,False,normal
ACC_00616,6,13,2.0,0.000278539521429151,0.001577623331769923,0.0,15222.22,4794.32,28,11,13,6,543.6507142857142,321.7607138269585,0.0,1,27,False,normal
ACC_00583,10,9,0.9090909090909091,0.0005093521461173638,0.005221276595744681,0.0,10474.74,16612.61,21,33,9,10,498.79714285714283,290.73633692992104,0.0,1,21,False,normal
ACC_01307,9,4,0.5,0.0004499720618414676,9.551016927471966e-05,0.0,14257.51,18899.46,28,36,4,9,509.19678571428574,334.89820334005503,0.0,1,27,False,normal
ACC_00340,11,9,0.8333333333333334,0.0005549035190777779,0.004925957446808511,0.010526315789473684,14714.619999999999,16834.86,27,35,9,11,544.9859259259259,418.2882555796188,0.0,1,27,False,normal
ACC_00126,4,3,0.8,0.0002554683227201941,8.510638297872341e-05,0.0,16438.25,6429.89,35,15,3,4,469.6642857142857,335.12947714090967,0.02857142857142857,1,35,False,normal
ACC_00111,13,8,0.6428571428571429,0.0005826442540445903,0.004037010190593954,0.0,10651.82,19363.34,20,37,8,13,532.591,443.23791767188106,0.0,1,20,False,normal
ACC_01147,5,6,1.1666666666666667,0.0003206499161007596,0.0007863829787234043,0.0,18419.17,4722.4,35,9,6,5,526.262,300.9528056102914,0.05714285714285714,1,35,False,normal
ACC_01352,10,7,0.7272727272727273,0.0006223132329865257,0.005650212765957447,0.014705882352941176,14717.19,22463.71,28,43,7,10,525.6139285714286,391.9529959285017,0.0,1,26,False,normal
ACC_00839,6,8,1.2857142857142858,0.00043487837362918914,0.0009974468085106384,0.01098901098901099,16075.09,9559.9,28,17,8,6,574.1103571428572,457.9264891230998,0.03571428571428571,1,28,False,normal
ACC_01127,10,8,0.8181818181818182,0.0007072793370994886,0.00020510638297872343,0.006535947712418301,18575.34,22222.29,31,41,8,10,599.2045161290323,371.03089066220804,0.0,2,31,False,normal
ACC_01547,8,7,0.8888888888888888,0.0006134340894272699,0.00025106382978723403,0.01904761904761905,15149.15,15454.16,29,22,7,8,522.3844827586207,252.82278574112237,0.034482758620689655,2,27,False,normal
ACC_01203,9,9,1.0,0.00046864980454648094,0.002465531914893617,0.006535947712418301,10645.49,12154.72,23,29,9,9,462.8473913043478,242.1045900998798,0.0,1,22,False,normal
ACC_00668,1,10,5.5,7.306738552814796e-05,0.001406808510638298,0.0,12366.53,63.65,25,1,10,1,494.6612,368.9893532375517,0.0,1,25,False,normal
ACC_00938,5,8,1.5,0.0001810597268420062,0.0017080970451541382,0.02564102564102564,12088.82,3774.7,22,8,8,5,549.4918181818182,418.4273466620364,0.045454545454545456,1,22,False,normal
ACC_01267,6,6,1.0,0.00043063177683018173,0.002962553191489362,0.0,10707.28,10313.44,24,22,6,6,446.1366666666667,333.4176560185851,0.0,1,24,False,normal
ACC_00461,7,4,0.625,0.0003052773706328971,0.0004204152986824713,0.0,9873.98,7730.4,23,15,4,7,429.30347826086955,334.51763876049523,0.0,1,23,False,normal
ACC_01414,6,9,1.4285714285714286,0.0006904579925284956,0.0,0.0,17301.33,23957.36,30,40,9,6,576.711,451.9150080021531,0.0,1,30,False,normal
ACC_01010,3,6,1.75,0.0002642285825978806,4.595744680851064e-05,0.0,13241.15,6157.82,27,12,6,3,490.4129629629629,332.2713709259903,0.0,1,25,False,normal
ACC_01566,5,8,1.5,0.0005913320825265172,1.1063829787234042e-05,0.015151515151515152,7876.7,12692.38,15,29,8,5,525.1133333333333,273.02287718553305,0.0,1,14,False,normal
ACC_00945,4,5,1.2,9.374373786495796e-05,0.0004263829787234043,0.0,14821.369999999999,962.7,21,4,5,4,705.7795238095238,476.0043192606155,0.0,1,21,False,normal
ACC_00801,9,9,1.0,0.0006411466329034007,0.007457872340425532,0.0,7810.69,14201.02,18,26,9,9,433.9272222222222,389.28645520937033,0.0,1,17,False,normal
ACC_00239,10,9,0.9090909090909091,0.0005289989676566956,7.914893617021277e-05,0.005847953216374269,10479.37,19570.91,19,39,9,10,551.5457894736843,213.04174346607363,0.05263157894736842,1,19,False,normal
ACC_01455,5,7,1.3333333333333333,0.00014371090784954317,0.0015046808510638299,0.0,16073.28,2255.62,26,5,7,5,618.203076923077,478.073398488301,0.0,1,26,False,normal
ACC_01023,7,12,1.625,0.0005106578703337061,0.004352534856947939,0.005847953216374269,11648.68,13655.29,28,30,12,7,416.0242857142857,345.17562308706704,0.0,1,27,False,normal
ACC_01688,5,8,1.5,0.0005550206410667523,0.00042638468426214134,0.0,9684.93,12121.89,18,23,8,5,538.0516666666667,452.65602939110136,0.0,1,18,False,normal
ACC_01091,7,10,1.375,0.00032201977853364396,0.00382468085106383,0.0,12372.73,9626.43,24,15,10,7,515.5304166666666,359.680662562721,0.0,2,23,False,normal
ACC_00068,11,8,0.75,0.0004536926690966381,0.0031429787234042556,0.0,17205.18,11305.34,35,22,8,11,491.5765714285714,257.5060977226942,0.02857142857142857,2,33,False,normal
ACC_01559,8,7,0.8888888888888888,0.000407836452106527,0.0003242553191489362,0.0,9588.06,11876.46,17,27,7,8,564.0035294117647,299.6735670888654,0.0,1,17,False,normal
ACC_00124,6,7,1.1428571428571428,0.00019759895739140202,0.0009157446808510639,0.01282051282051282,11679.25,3736.1,24,10,7,6,486.6354166666667,243.08396988944,0.0,1,23,False,normal
ACC_01661,8,6,0.7777777777777778,0.0004834261935673013,0.0001472340425531915,0.01098901098901099,6563.650000000001,15016.57,11,28,6,8,596.6954545454546,344.0076998953261,0.0,1,11,False,normal
ACC_01005,5,8,1.5,0.00037539131213012707,0.000636595744680851,0.0,9621.36,11344.5,20,23,8,5,481.06800000000004,399.18708912251316,0.0,1,20,False,normal
ACC_01264,5,16,2.8333333333333335,0.00025702638679609183,0.0036677610540229396,0.0,16032.29,7105.96,33,13,16,5,485.82696969696974,389.89612450373284,0.0,1,33,False,normal
ACC_01944,7,10,1.375,0.00034572801834298285,0.005370212765957447,0.0,7957.32,12236.43,21,17,10,7,378.91999999999996,247.0217501557302,0.0,1,21,False,normal
ACC_01263,8,9,1.1111111111111112,0.00033807833872654736,0.0015401014795548545,0.022058823529411766,7608.8099999999995,9765.16,18,19,9,8,422.71166666666664,373.65512649485,0.05555555555555555,1,18,False,normal
ACC_00919,8,8,1.0,0.000572558729917026,0.003811063829787234,0.0,14132.82,15832.23,29,30,8,8,487.33862068965516,430.1509111157894,0.0,1,29,False,normal
ACC_01889,7,5,0.75,0.00047907219492052415,1.3617021276595745e-05,0.015151515151515152,14798.94,15118.39,22,25,5,7,672.679090909091,692.7334948346304,0.0,1,22,False,normal
ACC_01048,4,8,1.8,0.00015899983029883655,0.0024425531914893618,0.0,15799.52,5115.8,25,9,8,4,631.9808,359.0207883363673,0.0,1,24,False,normal
ACC_00586,5,8,1.5,0.0002513216962028705,0.0008988189144245939,0.0,9867.75,4668.27,23,7,8,5,429.0326086956522,302.5700271194541,0.0,1,22,False,normal
ACC_00300,7,13,1.75,0.0008000950660480173,0.00203300217456189,0.021052631578947368,11130.86,24146.53,21,46,13,7,530.0409523809524,250.02861040098514,0.0,1,21,False,normal
ACC_00784,7,7,1.0,0.00037360334679651264,0.00015659574468085107,0.0,13312.41,9802.33,28,21,7,7,475.4432142857143,342.77236156412715,0.0,1,28,False,normal
ACC_00694,8,10,1.2222222222222223,0.0005288375238205093,0.0013370212765957447,0.006535947712418301,14399.43,12703.23,24,32,10,8,599.97625,433.92314127907497,0.0,1,24,False,normal
ACC_00004,9,9,1.0,0.0007281418359077672,0.00039227390952117,0.0,15269.08,15996.18,33,28,9,9,462.69939393939393,352.2860314870165,0.0,1,32,False,normal
ACC_00420,8,9,1.1111111111111112,0.00046260952467238735,0.00206468085106383,0.007352941176470588,14378.6,14249.4,28,28,9,8,513.5214285714286,317.3398558003156,0.0,2,28,False,normal
ACC_00356,4,10,2.2,0.0002899828174258675,0.0011225531914893618,0.01098901098901099,13243.58,7059.05,24,12,10,4,551.8158333333333,302.9729511662811,0.0,1,24,False,normal
ACC_00306,4,9,2.0,0.0002652063114349583,0.000534468085106383,0.01282051282051282,13657.84,5430.65,26,10,9,4,525.3015384615385,335.7010861190927,0.038461538461538464,1,26,False,normal
ACC_00879,9,7,0.8,0.00028838455506073385,0.0009047883000042638,0.0,8280.11,6589.26,21,14,7,9,394.29095238095243,380.41445164326706,0.0,1,21,False,normal
ACC_00434,4,6,1.4,0.00019342781292294598,0.005802242783439219,0.0,14748.54,3945.7,25,9,6,4,589.9416,615.2236567615066,0.0,1,25,False,normal
ACC_00715,9,7,0.8,0.00039032117938401036,0.0014740425531914894,0.008333333333333333,9689.81,8080.31,21,21,7,9,461.4195238095238,290.5738598442088,0.047619047619047616,2,21,False,normal
ACC_01188,8,11,1.3333333333333333,0.0004372302610855202,0.002011063829787234,0.005847953216374269,16426.56,11185.95,31,23,11,8,529.8890322580645,313.3729336573793,0.03225806451612903,1,31,False,normal
ACC_00792,6,10,1.5714285714285714,0.00015428460180653812,0.0038229787234042556,0.05,13657.49,2674.03,24,8,10,6,569.0620833333334,648.1977229275915,0.0,1,23,False,normal
ACC_00214,9,9,1.0,0.00024177049282167562,0.005343829787234043,0.0,15201.74,8204.039999999999,29,15,9,9,524.1979310344827,360.8500395730229,0.0,1,29,False,normal
ACC_01466,6,9,1.4285714285714286,0.0002332874192850518,0.002141276595744681,0.0,14783.98,5532.39,26,12,9,6,568.6146153846154,446.5129386186319,0.0,2,26,False,normal
ACC_01232,8,7,0.8888888888888888,0.0011242223966507602,3.325800537244702e-05,0.009523809523809525,10301.86,28716.18,16,52,7,8,643.86625,550.619300471448,0.0,1,16,False,normal
ACC_01716,4,7,1.6,0.00020105341050799056,0.0004842553191489362,0.0,12242.08,4395.46,24,11,7,4,510.08666666666664,360.847549270454,0.0,1,24,False,normal
ACC_01252,12,7,0.6153846153846154,0.00041562964391452694,0.004529910885600989,0.011695906432748537,9124.99,14474.79,21,30,7,12,434.5233333333333,278.68125262265727,0.047619047619047616,1,21,False,normal
ACC_00393,9,4,0.5,0.0007767317900521674,0.00176,0.0,12457.25,17402.77,27,35,4,9,461.3796296296296,291.1192610291618,0.0,2,25,False,normal
ACC_00479,5,10,1.8333333333333333,0.0004124518557474797,0.00039142114015264576,0.0,14153.24,6398.0,25,11,10,5,566.1296,308.68518316239283,0.0,1,25,False,normal
ACC_01165,12,5,0.46153846153846156,0.0009815722691231801,0.0008595744680851064,0.007352941176470588,15400.67,22503.68,28,47,5,12,550.0239285714285,385.4816137070832,0.0,1,27,False,normal
ACC_01594,12,6,0.5384615384615384,0.0005986626371397854,0.00014638297872340426,0.013071895424836602,16415.8,25241.84,27,45,6,12,607.9925925925926,382.67679078376096,0.0,1,25,False,normal
ACC_00506,11,6,0.5833333333333334,0.0010695716143054074,0.0023208510638297875,0.0,9701.15,24072.55,22,53,6,11,440.9613636363636,328.4981215180828,0.0,1,22,False,normal
ACC_00121,5,7,1.3333333333333333,0.00024207240119016735,3.829787234042553e-05,0.0,9062.0,3987.95,22,6,7,5,411.90909090909093,257.861026780837,0.0,1,22,False,normal
ACC_01209,8,11,1.3333333333333333,0.0010674178197260646,0.0007897872340425533,0.005847953216374269,18676.6,19728.37,32,39,11,8,583.64375,403.0979857965378,0.03125,1,32,False,normal
ACC_01518,17,11,0.6666666666666666,0.0008965483824716013,0.0025727659574468088,0.0026455026455026454,12883.72,23274.94,27,50,11,17,477.1748148148148,440.9838763175812,0.0,1,27,False,normal
ACC_01936,8,8,1.0,0.0005057424522812892,0.00023280603760712917,0.0,11491.960000000001,16738.88,25,28,8,8,459.6784,254.99288517329265,0.0,2,25,False,normal
ACC_00877,11,10,0.9166666666666666,0.0006449517444916293,0.000694468085106383,0.010526315789473684,16938.5,17817.08,34,29,10,11,498.19117647058823,323.3162616776964,0.0,1,34,False,normal
ACC_01837,8,8,1.0,0.00044623647456262333,0.0019319148936170214,0.0,14407.45,9482.880000000001,24,26,8,8,600.3104166666667,438.74255995653095,0.0,1,24,False,normal
ACC_00331,8,6,0.7777777777777778,0.00047224300253234354,0.00024170212765957448,0.0,11019.84,13509.79,23,26,6,8,479.12347826086955,264.6324344789596,0.0,1,23,False,normal
ACC_00125,9,11,1.2,0.0005335461403426892,0.004188803138191277,0.015789473684210527,8301.64,17201.24,20,32,11,9,415.082,202.63115837194906,0.0,1,20,False,normal
ACC_01254,12,8,0.6923076923076923,0.0007502769739629185,0.0021293617021276596,0.005263157894736842,11693.77,19489.52,24,32,8,12,487.2404166666667,367.85413714251234,0.041666666666666664,1,22,False,normal
ACC_00083,10,9,0.9090909090909091,0.0005139964830900338,0.0008238297872340426,0.005847953216374269,9384.28,12103.62,20,28,9,10,469.21400000000006,265.9888044616678,0.0,1,19,False,normal
ACC_01808,7,10,1.375,0.0003650216271251021,0.003810173538566495,0.0,7275.17,8904.39,17,15,10,7,427.9511764705882,282.8105457254545,0.0,1,16,False,normal
ACC_00754,10,8,0.8181818181818182,0.00037712691412044615,0.0022255319148936172,0.006535947712418301,15961.6,9650.01,32,21,8,10,498.8,291.1367991944016,0.0,1,32,False,normal
ACC_00146,10,9,0.9090909090909091,0.0005878267098605051,0.004025531914893617,0.0,12586.32,13510.6,30,28,9,10,419.544,204.2521178989508,0.0,1,28,False,normal
ACC_01774,5,9,1.6666666666666667,0.00016216965710954038,0.0016161702127659575,0.01098901098901099,13987.76,2561.13,27,6,9,5,518.0651851851852,290.2605445692166,0.0,2,26,False,normal
ACC_01093,13,8,0.6428571428571429,0.00048753849226538273,0.01104340425531915,0.0,11731.17,12586.41,24,28,8,13,488.79875,448.63465840754714,0.0,1,24,False,normal
ACC_00529,7,10,1.375,0.0003570597125138342,0.0018044599837973821,0.007352941176470588,10964.92,10435.06,25,21,10,7,438.59680000000003,301.25422126669025,0.04,1,25,False,normal
ACC_01295,7,10,1.375,0.0005482562410824357,0.00028595744680851064,0.007352941176470588,13565.77,11601.03,23,23,10,7,589.8160869565218,354.276873411167,0.043478260869565216,2,23,False,normal
ACC_00589,7,7,1.0,0.0005196839566365971,0.0031540425531914897,0.01098901098901099,16690.21,15397.88,33,31,7,7,505.7639393939394,267.73548284570205,0.030303030303030304,1,32,False,normal
ACC_01047,13,11,0.8571428571428571,0.0008232797836087737,0.0038348936170212768,0.010869565217391304,9617.28,20592.420000000002,22,39,11,13,437.14909090909094,275.30815505035343,0.0,1,21,False,normal
ACC_01336,8,11,1.3333333333333333,0.00048110751107109835,0.0041761702127659575,0.0,16663.13,12022.68,30,23,11,8,555.4376666666667,397.5190517462834,0.0,1,30,False,normal
ACC_01945,6,5,0.8571428571428571,0.00026604082841248005,0.002795744680851064,0.0,12538.07,4837.42,23,10,5,6,545.1334782608695,520.0021242754573,0.0,1,23,False,normal
ACC_01744,6,8,1.2857142857142858,0.0003616512012694792,0.0010859574468085108,0.0,14254.87,10657.81,28,23,8,6,509.1025,341.58457161820496,0.03571428571428571,1,28,False,normal
ACC_01855,6,10,1.5714285714285714,0.00018555193106610643,0.0026527659574468085,0.016666666666666666,11443.66,5292.62,26,9,10,6,440.14076923076925,244.4608787012446,0.0,1,25,False,normal
ACC_01586,6,11,1.7142857142857142,0.0005981493784182611,0.00709674668485908,0.014705882352941176,10943.43,14364.52,22,28,11,6,497.4286363636364,348.2076055116362,0.0,1,22,False,normal
ACC_00377,3,6,1.75,0.00017339578686303227,0.0003582978723404255,0.0,14962.95,1821.66,29,5,6,3,515.9637931034483,390.24823517871096,0.034482758620689655,1,29,False,normal
ACC_00842,10,3,0.36363636363636365,0.0009016690778035077,0.0032919148936170215,0.01282051282051282,6745.63,19792.22,19,37,3,10,355.03315789473686,246.60531728187843,0.0,1,19,False,normal
ACC_01099,5,7,1.3333333333333333,0.0003399453694733182,0.0026384684262141305,0.030303030303030304,9828.81,6394.73,24,13,7,5,409.53375,233.02775132015088,0.0,1,24,False,normal
ACC_01470,3,8,2.25,0.00026733249177305366,0.0002621276595744681,0.01818181818181818,12667.45,3431.8199999999997,21,7,8,3,603.2119047619047,460.57313390621306,0.047619047619047616,1,21,False,normal
ACC_01769,9,7,0.8,0.0005097577278823672,0.0027625531914893618,0.008333333333333333,13618.04,11784.11,30,19,7,9,453.9346666666667,286.72113304758676,0.0,2,30,False,normal
ACC_01194,4,10,2.2,0.00020176189604620924,0.0022221276595744683,0.0,7557.5,3465.69,22,6,10,4,343.52272727272725,167.60289212704726,0.0,1,21,False,normal
ACC_01467,5,4,0.8333333333333334,0.0002200910507550779,0.0002697872340425532,0.05555555555555555,10792.61,4446.5599999999995,20,12,4,5,539.6305,290.45737376321,0.05,1,20,False,normal
ACC_01070,10,8,0.8181818181818182,0.0007508544171911534,0.00031319148936170214,0.0196078431372549,11531.17,17284.16,23,30,8,10,501.35521739130434,364.13853714647934,0.0,1,23,False,normal
ACC_01634,7,8,1.125,0.0004284834139668467,0.002433191489361702,0.009523809523809525,20681.43,12231.89,33,23,8,7,626.71,516.6378107412387,0.0,1,33,False,normal
ACC_01251,8,12,1.4444444444444444,0.000323046964027684,0.0052919148936170215,0.010526315789473684,13650.52,9517.75,24,20,12,8,568.7716666666666,303.51867768137316,0.0,1,23,False,normal
ACC_00411,5,6,1.1666666666666667,0.000319385974529661,0.002808085106382979,0.0,12759.19,8774.6,23,18,6,5,554.7473913043478,375.2405192093756,0.043478260869565216,1,23,False,normal
ACC_00799,6,8,1.2857142857142858,0.0005894876001552081,0.0005200000000000001,0.01098901098901099,10262.67,12676.97,25,29,8,6,410.5068,254.06211656338428,0.0,2,25,False,normal
ACC_00972,11,5,0.5,0.0006912820835016719,0.0012502127659574469,0.008333333333333333,17332.47,17046.6,29,30,5,11,597.6713793103448,542.7628937122422,0.0,1,29,False,normal
ACC_00825,2,7,2.6666666666666665,0.00016911986830103542,0.0006834042553191489,0.0,13764.55,2975.86,25,5,7,2,550.582,325.94665922253796,0.0,1,25,False,normal
ACC_00727,9,11,1.2,0.0005665712028443035,0.002086808510638298,0.0,14098.69,17142.21,26,28,11,9,542.2573076923077,464.5827955450584,0.0,1,26,False,normal
ACC_01718,7,6,0.875,0.00030277658984343846,0.0018731914893617022,0.0,13173.34,8331.11,27,20,6,7,487.9014814814815,313.8003585537946,0.07407407407407407,1,27,False,normal
ACC_00785,8,6,0.7777777777777778,0.0005825699402511228,0.000788936170212766,0.0,16743.82,19863.8,30,40,6,8,558.1273333333334,370.4339873337138,0.0,1,29,False,normal
ACC_01281,11,7,0.6666666666666666,0.0005466361066159655,0.0015904148722977872,0.013071895424836602,12980.03,14718.44,27,25,7,11,480.7418518518519,354.92731068419585,0.0,1,26,False,normal
ACC_00830,13,8,0.6428571428571429,0.0008926283312103181,0.0048868085106382984,0.009523809523809525,10736.869999999999,25402.53,26,48,8,13,412.9565384615384,280.17414435942953,0.0,1,26,False,normal
ACC_00058,7,8,1.125,0.0005688990768268345,0.0033880851063829787,0.009523809523809525,13936.66,14777.85,25,29,8,7,557.4664,358.75974738070414,0.0,1,24,False,normal
ACC_01078,6,9,1.4285714285714286,0.0004553106755656964,0.0010953191489361702,0.02857142857142857,11712.93,9635.619999999999,23,23,9,6,509.2578260869565,268.3461833147711,0.0,1,23,False,normal
ACC_01960,7,6,0.875,0.0004448523751579418,0.0001991489361702128,0.0,12498.75,13453.36,24,28,6,7,520.78125,248.12969111215418,0.0,1,24,False,normal
ACC_01689,4,4,1.0,0.00015925164510767118,1.5319148936170214e-05,0.0,7737.22,3632.63,17,4,4,4,455.1305882352941,288.4101880453989,0.058823529411764705,1,17,False,normal
ACC_00562,6,8,1.2857142857142858,0.00023569356805577146,0.0009770212765957448,0.0,11895.92,4231.34,24,8,8,6,495.66333333333336,326.2099127284743,0.0,1,24,False,normal
ACC_00704,11,10,0.9166666666666666,0.00046194932712771475,0.002058723404255319,0.009523809523809525,13230.82,12503.26,26,26,10,11,508.8776923076923,354.08112094612096,0.0,2,26,False,normal
ACC_00404,6,11,1.7142857142857142,0.00028788987889500164,0.0004195744680851064,0.0,14501.31,6958.05,25,10,11,6,580.0524,343.28680473087417,0.0,1,24,False,normal
ACC_00573,6,6,1.0,0.0004313647698802824,0.0005055319148936171,0.0,11228.35,14253.72,19,27,6,6,590.9657894736843,323.97488696083616,0.0,1,19,False,normal
ACC_00140,5,6,1.1666666666666667,0.0002243373711745868,3.574468085106383e-05,0.0,12681.48,7736.55,25,9,6,5,507.25919999999996,350.4432667579733,0.04,2,25,False,normal
ACC_01270,7,6,0.875,0.00030756086641162703,0.0029096490854048523,0.0,14197.07,11755.26,21,23,6,7,676.0509523809524,434.7227419736028,0.0,1,21,False,normal
ACC_00914,8,7,0.8888888888888888,0.00018850156943856668,0.001879148936170213,0.009523809523809525,8362.64,4641.16,18,17,7,8,464.5911111111111,399.5703545926312,0.0,2,18,False,normal
ACC_00567,2,9,3.3333333333333335,8.59928840680532e-05,0.003050212765957447,0.0,7123.89,604.97,15,3,9,2,474.92600000000004,225.6386539770423,0.0,1,15,False,normal
ACC_00332,6,5,0.8571428571428571,0.00031510899875329955,0.00028765957446808514,0.01818181818181818,7669.46,6589.94,15,15,5,6,511.2973333333333,291.39092209280517,0.0,1,14,False,normal
ACC_00186,7,7,1.0,0.00046732599351497275,0.0007012765957446809,0.01098901098901099,11040.49,18362.14,18,27,7,7,613.3605555555555,530.6580013471868,0.0,1,17,False,normal
ACC_00824,4,12,2.6,0.0003166098534882027,0.000268936170212766,0.0,13561.710000000001,6506.07,25,12,12,4,542.4684000000001,350.2888170933618,0.0,1,25,False,normal
ACC_00119,8,6,0.7777777777777778,0.00026879678464249623,0.0006842553191489362,0.01098901098901099,7933.9,8465.73,19,13,6,8,417.5736842105263,315.6576407053574,0.0,2,19,False,normal
ACC_00881,6,4,0.7142857142857143,0.00044196609217497866,0.0012646808510638299,0.0,13657.2,12952.02,33,19,4,6,413.8545454545455,273.62242129998816,0.0,1,30,False,normal
ACC_00244,6,9,1.4285714285714286,0.0006479269781694413,0.0009551016927471966,0.0,10287.47,17423.44,18,38,9,6,571.526111111111,421.37551756317544,0.0,1,17,False,normal
ACC_00983,6,6,1.0,0.0003922190146101841,0.0024900865560909054,0.0,11844.82,7975.67,24,17,6,6,493.53416666666664,276.15003193627524,0.041666666666666664,1,24,False,normal
ACC_01030,7,7,1.0,0.0006642287382684735,0.0019029787234042554,0.0,10682.72,19537.48,22,38,7,7,485.5781818181818,379.38762456454384,0.0,1,22,False,normal
ACC_01663,4,5,1.2,0.00022388637186723497,0.0002093617021276596,0.0,17718.15,5154.53,32,13,5,4,553.6921875,485.6497295558201,0.0,1,32,False,normal
ACC_01679,10,9,0.9090909090909091,0.0008755557687393556,0.002657021276595745,0.017543859649122806,13908.24,22359.44,27,32,9,10,515.12,395.7108953808032,0.0,1,27,False,normal
ACC_00693,12,7,0.6153846153846154,0.0006455471721815503,0.00040851063829787235,0.011695906432748537,19163.760000000002,17518.1,23,33,7,12,833.2069565217392,481.1161519787729,0.0,1,23,False,normal
ACC_00861,8,8,1.0,0.0002913449321250614,0.005622978723404256,0.016666666666666666,15216.56,4774.57,28,14,8,8,543.4485714285714,408.5152424166967,0.03571428571428571,2,28,False,normal
ACC_00726,9,10,1.1,0.0002459585786911778,0.0025719148936170213,0.005847953216374269,11676.67,6549.38,21,13,10,9,556.0319047619048,407.2896819785525,0.047619047619047616,1,20,False,normal
ACC_01550,9,6,0.7,0.0004989809121992515,0.0022485106382978725,0.0,6544.87,15302.08,15,28,6,9,436.32466666666664,409.4708632729853,0.0,2,15,False,normal
ACC_01428,3,11,3.0,0.00017706963241533936,0.007520851063829787,0.01098901098901099,12506.46,2355.8199999999997,26,6,11,3,481.0176923076923,296.5629748476056,0.038461538461538464,1,26,False,normal
ACC_00319,8,7,0.8888888888888888,0.0006202465623596132,0.0013644309896388522,0.009523809523809525,13935.42,13831.04,26,30,7,8,535.9776923076923,324.25115685601116,0.0,1,26,False,normal
ACC_01493,6,5,0.8571428571428571,0.0003653391265662461,0.0,0.01818181818181818,15735.13,9892.33,27,17,5,6,582.7825925925926,374.07517203809135,0.0,1,27,False,normal
ACC_00791,6,9,1.4285714285714286,0.0002414779092225064,0.0005329808553276767,0.009523809523809525,14668.88,6793.41,22,7,9,6,666.7672727272727,415.1713122851683,0.09090909090909091,1,21,False,normal
ACC_01157,8,8,1.0,0.0004657035783840125,0.0012714893617021277,0.008333333333333333,15717.32,8303.8,26,15,8,8,604.5123076923077,353.8893140552022,0.0,1,23,False,normal
ACC_01648,6,9,1.4285714285714286,0.0005676011245560583,0.00017822879802157507,0.009523809523809525,9512.4,17786.52,27,31,9,6,352.3111111111111,286.1106038060393,0.0,1,26,False,normal
ACC_00360,7,9,1.25,0.00031006347675192496,0.0027237453630665587,0.008333333333333333,6804.56,10025.02,21,17,9,7,324.0266666666667,191.00213086071406,0.047619047619047616,1,21,False,normal
ACC_01635,2,11,4.0,0.00012723287477558022,0.00014838187012322518,0.02564102564102564,16487.77,1651.1,32,2,11,2,515.2428125,363.4077309369435,0.0,2,32,False,normal
ACC_00494,5,7,1.3333333333333333,0.00031619806972128545,0.0010062678548586536,0.0,17938.36,5248.96,34,11,7,5,527.5988235294118,346.4193237818629,0.0,1,34,False,normal
ACC_01067,9,9,1.0,0.000453576544844873,0.001486808510638298,0.0,10165.61,18970.51,25,34,9,9,406.62440000000004,319.1966840115981,0.0,1,24,False,normal
ACC_00503,5,5,1.0,0.0001710648306146547,0.0007257067326141645,0.0,12516.55,4029.25,24,7,5,5,521.5229166666667,316.71925706447183,0.0,2,24,False,normal
ACC_01673,8,13,1.5555555555555556,0.00038649386485154977,0.009959148936170214,0.009523809523809525,10501.9,13580.95,24,23,13,8,437.57916666666665,275.3434741162496,0.0,2,24,False,normal
ACC_01314,4,11,2.4,9.57776936041247e-05,0.002604255319148936,0.0,15240.460000000001,1113.9,33,5,11,4,461.83212121212125,293.8801951131359,0.06060606060606061,2,31,False,normal
ACC_00486,2,9,3.3333333333333335,0.00015609322280096967,0.00020170212765957448,0.01818181818181818,13891.09,1962.79,31,4,9,2,448.09967741935486,336.0444178922768,0.03225806451612903,1,31,False,normal
ACC_01955,3,12,3.25,0.00025174992013654357,0.0004527659574468085,0.01904761904761905,13744.2,4051.22,23,9,12,3,597.5739130434783,374.3649252793945,0.0,1,23,False,normal
ACC_01502,8,9,1.1111111111111112,0.0002976798647602502,0.00240936170212766,0.007352941176470588,11741.39,7430.38,28,15,9,8,419.3353571428571,256.32281408096753,0.0,1,28,False,normal
ACC_00917,3,7,2.0,0.00011912637254558859,0.00013787234042553193,0.0,13384.55,1271.98,22,3,7,3,608.3886363636364,438.2917991724936,0.0,1,22,False,normal
ACC_00898,7,8,1.125,0.0004258373589190819,0.0010051063829787234,0.009523809523809525,11151.17,12502.55,23,25,8,7,484.8334782608696,353.7827669708257,0.043478260869565216,1,23,False,normal
ACC_00440,3,7,2.0,0.00011229908335521431,0.0006680851063829787,0.0,13495.380000000001,1813.9299999999998,25,3,7,3,539.8152,462.8753172482485,0.0,1,24,False,normal
ACC_00779,5,6,1.1666666666666667,0.0003337803314596576,1.872340425531915e-05,0.0,11236.35,9231.62,25,22,6,5,449.454,343.18300801710257,0.04,1,25,False,normal
ACC_00330,16,7,0.47058823529411764,0.000666960403582353,0.00420159467871914,0.007905138339920948,14672.53,22586.33,21,45,7,16,698.6919047619048,529.5937972032815,0.0,1,21,False,normal
ACC_01831,8,10,1.2222222222222223,0.00038617583898567975,0.008461276595744681,0.0,14231.11,6424.42,33,13,10,8,431.2457575757576,276.82774185888485,0.030303030303030304,1,31,False,normal
ACC_01056,5,11,2.0,0.00017143477524672487,0.0013370212765957447,0.016666666666666666,15290.36,4576.5599999999995,28,9,11,5,546.0842857142858,312.1947046366651,0.03571428571428571,1,28,False,normal
ACC_01274,5,11,2.0,0.00018366231780782098,0.004010212765957447,0.016666666666666666,12114.37,7173.46,31,15,11,5,390.7861290322581,293.3295309451746,0.0,1,31,False,normal
ACC_01858,9,9,1.0,0.0003156566136735707,0.0052846808510638305,0.006535947712418301,10749.96,5716.84,22,16,9,9,488.6345454545454,362.4354733864101,0.0,1,22,False,normal
ACC_00292,9,5,0.6,0.0006172377592569544,0.00304,0.0,9832.23,15772.57,24,32,5,9,409.67625,316.7013271592914,0.0,1,23,False,normal
ACC_00814,9,6,0.7,0.0004561831118055323,0.0034578723404255322,0.01904761904761905,9409.66,8645.49,23,21,6,9,409.115652173913,243.26313011047574,0.0,1,22,False,normal
ACC_01008,7,9,1.25,0.000276783447477741,0.0006663829787234043,0.0,18463.03,7463.34,31,15,9,7,595.5816129032257,341.9973499614363,0.03225806451612903,1,28,False,normal
ACC_01090,9,9,1.0,0.00025812206061802856,0.0023996930030273315,0.0,13162.91,8883.86,22,25,9,9,598.3140909090909,358.87319518922646,0.0,1,22,False,normal
ACC_01173,7,9,1.25,0.0004308237147076647,0.0025438297872340428,0.016666666666666666,12001.18,13354.26,23,26,9,7,521.7904347826087,317.9802365710837,0.0,1,22,False,normal
ACC_00859,7,8,1.125,0.0003629318353311969,0.0009336170212765958,0.0,17231.93,10031.69,32,14,8,7,538.4978125,408.3406922019451,0.0,2,31,False,normal
ACC_01988,11,8,0.75,0.0004899934296663216,0.0005497872340425532,0.005847953216374269,13270.41,14791.13,21,28,8,11,631.9242857142857,418.4876436953835,0.09523809523809523,2,21,False,normal
ACC_00963,8,7,0.8888888888888888,0.0005816116512513756,0.001155502494350403,0.009523809523809525,9015.36,14611.72,20,28,7,8,450.76800000000003,314.7227129528803,0.0,1,20,False,normal
ACC_01253,4,10,2.2,0.00032622557469070944,0.0001693617021276596,0.01098901098901099,14993.8,11608.94,23,21,10,4,651.9043478260869,470.60285862271763,0.0,1,21,False,normal
ACC_01925,7,4,0.625,0.0005744925589722677,0.0017480851063829787,0.0,9618.63,14215.49,21,24,4,7,458.03,285.5273813664812,0.0,1,20,False,normal
ACC_00389,7,9,1.25,0.00023559163307872838,0.0025293617021276598,0.008333333333333333,14941.56,4675.97,30,14,9,7,498.05199999999996,313.38259342986424,0.0,1,30,False,normal
ACC_01000,7,9,1.25,0.00033189599627239907,0.002102929262780881,0.016666666666666666,9411.26,10182.05,20,23,9,7,470.563,260.3807557991303,0.0,1,20,False,normal
ACC_01851,5,9,1.6666666666666667,0.00023575287776760525,0.002148936170212766,0.0,11579.74,5894.21,21,14,9,5,551.4161904761904,310.77609295884054,0.0,2,21,False,normal
ACC_00114,11,10,0.9166666666666666,0.0008856235554936992,0.0026382978723404255,0.004761904761904762,12821.49,26471.18,31,49,10,11,413.5964516129032,281.8494782745853,0.0,1,31,False,normal
ACC_00025,8,4,0.5555555555555556,0.0002927809422865088,0.0035065876433718504,0.0,11858.55,5519.24,18,16,4,8,658.8083333333333,366.27996035257286,0.0,1,18,False,normal
ACC_01848,7,9,1.25,0.0005077899763481124,0.0014510638297872342,0.009523809523809525,11348.83,13798.26,22,26,9,7,515.8559090909091,379.2718363071544,0.0,1,22,False,normal
ACC_00608,6,8,1.2857142857142858,0.00030920536656792717,0.004398297872340425,0.0,11370.51,9117.49,21,19,8,6,541.4528571428572,341.3051427116629,0.0,1,20,False,normal
ACC_01684,6,13,2.0,0.0002128381620248163,0.006309787234042553,0.005847953216374269,11848.11,7901.6,26,16,13,6,455.69653846153847,293.5799364935187,0.0,1,25,False,normal
ACC_00931,7,11,1.5,0.0005068233711129546,0.0006463991813414063,0.006535947712418301,12481.49,16663.93,31,34,11,7,402.62870967741935,218.0384593864415,0.0,2,31,False,normal
ACC_01721,7,5,0.75,0.00044258014671551596,0.003246492985971944,0.0,9658.13,12599.39,17,28,5,7,568.1252941176471,401.6859398540987,0.0,1,17,False,normal
ACC_00277,3,9,2.5,0.00017251631376335379,0.001963404255319149,0.0,13072.11,2786.33,27,5,9,3,484.15222222222224,297.67362192035,0.0,1,26,False,normal
ACC_00711,6,7,1.1428571428571428,0.00019861668471489832,0.0028051063829787237,0.01282051282051282,13559.03,6628.79,26,15,7,6,521.5011538461539,330.5157247372889,0.0,1,26,False,normal
ACC_01174,10,11,1.0909090909090908,0.0004777813046815554,0.005768510638297873,0.004761904761904762,9079.43,11019.55,26,25,11,10,349.20884615384614,206.062744839079,0.0,1,26,False,normal
ACC_01442,4,5,1.2,0.00020197889285409332,0.0002323404255319149,0.0,8117.7,4926.94,16,12,5,4,507.35625,405.2541858286805,0.0,1,16,False,normal
ACC_01895,7,7,1.0,0.00029246427324473086,0.0003029787234042553,0.0,8561.97,6159.57,19,12,7,7,450.62999999999994,387.46401742613466,0.0,1,19,False,normal
ACC_00072,10,4,0.45454545454545453,0.00022105164891815805,0.0010970212765957447,0.01098901098901099,12083.32,8162.05,23,16,4,10,525.3617391304348,493.0220570545424,0.0,1,23,False,normal
ACC_00764,9,5,0.6,0.0006703218401424275,0.0008306382978723405,0.03296703296703297,11654.04,17002.26,23,37,5,9,506.6973913043479,301.16973272735623,0.0,1,23,False,normal
ACC_01572,3,11,3.0,0.00016267003209039635,0.000534468085106383,0.01098901098901099,14500.68,5240.51,31,9,11,3,467.7638709677419,364.25590578307646,0.0,1,31,False,normal
ACC_00882,6,7,1.1428571428571428,0.0003825439619820916,0.0015251063829787234,0.0,9751.59,9378.22,19,20,7,6,513.2415789473685,346.6930290018528,0.0,1,19,False,normal
ACC_00281,11,9,0.8333333333333334,0.00041303424214015645,0.001773760286530508,0.015789473684210527,9455.39,16292.609999999999,22,33,9,11,429.7904545454545,295.2844135095659,0.0,1,20,False,normal
ACC_01256,7,5,0.75,0.00030686350401928377,0.0013617021276595745,0.0,7414.26,6175.38,10,11,5,7,741.426,734.3016438040523,0.0,1,10,False,normal
ACC_00987,7,6,0.875,0.0009711283371607726,0.0,0.0,10277.44,39260.38,21,69,6,7,489.4019047619048,368.18394084504894,0.09523809523809523,1,21,False,normal
ACC_01624,7,3,0.5,0.0002881508830048969,9.617021276595745e-05,0.0,15470.36,7057.89,25,11,3,7,618.8144,502.8263232144209,0.0,1,23,False,normal
ACC_00348,10,6,0.6363636363636364,0.0003555795425565456,0.0015878565641922143,0.008333333333333333,10782.51,10491.17,19,23,6,10,567.5005263157894,308.5772277274035,0.0,1,19,False,normal
ACC_01943,7,6,0.875,0.0003425310857128295,0.00034808510638297875,0.0,7899.36,11881.960000000001,15,26,6,7,526.624,274.56462215660633,0.0,1,15,False,normal
ACC_00437,5,8,1.5,0.0003143127101808178,5.798831705965122e-05,0.0,9815.72,5069.15,21,12,8,5,467.41523809523807,307.9317644157395,0.0,1,21,False,normal
ACC_01697,9,10,1.1,0.00032772629899665667,0.012238297872340426,0.011695906432748537,13308.27,7249.81,28,13,10,9,475.29535714285714,311.01367798291494,0.03571428571428571,1,26,False,normal
ACC_00416,12,10,0.8461538461538461,0.0006339474632728794,0.006155744680851064,0.012987012987012988,12321.66,15468.66,22,32,10,12,560.0754545454546,406.1828438820001,0.045454545454545456,1,22,False,normal
ACC_00174,10,8,0.8181818181818182,0.0006448092455625207,0.0019182978723404256,0.013071895424836602,11067.36,16384.51,23,35,8,10,481.1895652173913,314.9276141285668,0.0,1,23,False,normal
ACC_01143,7,8,1.125,0.0006875858576729253,0.00012085106382978724,0.009523809523809525,14108.48,17216.57,28,33,8,7,503.8742857142857,279.945420982556,0.0,1,26,False,normal
ACC_01269,8,9,1.1111111111111112,0.000409757825328633,0.0016194090308276129,0.007352941176470588,11736.15,10376.25,20,20,9,8,586.8075,478.4084101297705,0.0,1,19,False,normal
ACC_00275,15,3,0.25,0.0011319340433161018,0.0,0.006535947712418301,15190.7,34436.15,29,61,3,15,523.8172413793104,403.5237930486924,0.034482758620689655,1,29,False,normal
ACC_00533,10,10,1.0,0.0006963075530950919,0.0013565957446808512,0.015789473684210527,17489.28,15198.98,36,28,10,10,485.8133333333333,264.4191025301635,0.0,1,35,False,normal
ACC_00508,8,6,0.7777777777777778,0.0006118517253449093,0.004249349763356501,0.0,13864.91,17953.02,25,34,6,8,554.5964,409.2668383919388,0.0,1,25,False,normal
ACC_01037,5,7,1.3333333333333333,0.0001070963699936794,0.003734468085106383,0.0,11577.59,1195.52,26,5,7,5,445.29192307692307,325.9709236851561,0.0,1,26,False,normal
ACC_00067,5,8,1.5,0.0004515176700900601,0.0011589135718245002,0.02564102564102564,14306.93,11931.14,29,21,8,5,493.34241379310345,345.18998311132106,0.0,1,29,False,normal
ACC_01821,4,9,2.0,0.0003020876427252049,0.0003123404255319149,0.0,14857.78,5506.37,31,8,9,4,479.28322580645164,351.46958488027667,0.0,1,31,False,normal
ACC_00037,2,6,2.3333333333333335,8.248866295215826e-05,0.0018782978723404257,0.0,12821.83,557.01,24,2,6,2,534.2429166666667,417.0588114244505,0.0,2,24,False,normal
ACC_00446,8,7,0.8888888888888888,0.0007553841044788872,0.0015540425531914894,0.0380952380952381,19925.57,12512.24,41,26,7,8,485.98951219512196,295.28541482734306,0.0,1,41,False,normal
ACC_00846,9,6,0.7,0.0005063609950214331,0.00016595744680851065,0.01904761904761905,9910.0,19204.66,14,37,6,9,707.8571428571429,365.45269466425145,0.0,1,14,False,normal
ACC_01426,10,8,0.8181818181818182,0.00031652471067636725,0.0002323404255319149,0.006535947712418301,11804.15,11114.76,25,26,8,10,472.166,354.27884014572476,0.0,1,25,False,normal
ACC_00299,5,5,1.0,0.00015906157511727574,0.00029276595744680853,0.0,10921.8,2625.1099999999997,21,9,5,5,520.0857142857143,407.8540441698651,0.047619047619047616,1,21,False,normal
ACC_00422,5,9,1.6666666666666667,0.00032452702793161895,0.0037974468085106385,0.01282051282051282,8352.0,9757.25,23,16,9,5,363.1304347826087,241.022207869246,0.0,1,22,False,normal
ACC_01639,7,9,1.25,0.00024096557285957615,0.0018604255319148936,0.008333333333333333,18058.91,7372.09,26,13,9,7,694.5734615384615,333.59857167490765,0.0,1,26,False,normal
ACC_00647,7,6,0.875,0.0003508932187002845,0.0008928495288449239,0.02564102564102564,12868.42,11995.55,29,21,6,7,443.7386206896552,286.2322665464452,0.034482758620689655,1,29,False,normal
ACC_00853,7,10,1.375,0.00055244125527817,0.0034110638297872344,0.0,6848.56,12476.84,15,26,10,7,456.5706666666667,321.7284260825018,0.0,1,15,False,normal
ACC_00056,8,9,1.1111111111111112,0.00014151724726185012,0.001661276595744681,0.0,12870.67,2520.1,18,8,9,8,715.0372222222222,432.2910468491659,0.05555555555555555,1,18,False,normal
ACC_00309,8,7,0.8888888888888888,0.00026533324215074924,0.0019426086214983159,0.01904761904761905,8948.64,6217.01,19,16,7,8,470.9810526315789,405.6443911563528,0.0,1,18,False,normal
ACC_01156,5,3,0.6666666666666666,0.0005478677163975175,0.00038893617021276596,0.0,11832.4,16414.77,23,28,3,5,514.4521739130435,320.58965790266876,0.0,1,23,False,normal
ACC_00623,8,4,0.5555555555555556,0.0007941885455670992,0.00156909563808468,0.0,10380.4,16290.43,25,27,4,8,415.216,319.50524471438644,0.0,1,25,False,normal
ACC_01619,10,5,0.5454545454545454,0.00026893814116326503,5.1063829787234044e-05,0.0,13426.23,7878.33,24,16,5,10,559.42625,477.8070505131843,0.0,1,24,False,normal
ACC_00357,5,7,1.3333333333333333,0.0004142323129405136,0.002974468085106383,0.03636363636363636,14164.82,7358.21,29,19,7,5,488.44206896551725,322.2572457500741,0.0,1,29,False,normal
ACC_01971,6,5,0.8571428571428571,0.0003390202358673843,0.00032595744680851064,0.0,12715.65,7899.5,27,14,5,6,470.95,346.0648958037962,0.037037037037037035,1,26,False,normal
ACC_01711,7,8,1.125,0.0003605752901555359,0.0023931914893617024,0.01904761904761905,12899.5,9982.03,26,18,8,7,496.13461538461536,404.6084882671718,0.0,1,26,False,normal
ACC_01681,5,8,1.5,0.0001478699046573228,0.005618897369206498,0.02564102564102564,13450.74,2566.04,28,7,8,5,480.38357142857143,383.83742646743406,0.0,1,27,False,normal
ACC_00504,6,11,1.7142857142857142,0.0005094566335922058,0.0007531914893617022,0.007352941176470588,13103.31,20466.13,31,35,11,6,422.6874193548387,251.41542544783977,0.0,1,31,False,normal
ACC_01192,1,2,1.5,0.00010160242153029698,0.0,0.0,11762.98,570.4,23,1,2,1,511.43391304347824,419.9405635946282,0.0,1,23,False,normal
ACC_00855,3,7,2.0,0.00028385496936749843,0.00017021276595744682,0.0,16391.86,9089.25,33,13,7,3,496.7230303030303,365.9054036008218,0.030303030303030304,1,31,False,normal
ACC_01098,10,6,0.6363636363636364,0.00046140944267299047,0.0004987234042553192,0.016666666666666666,10085.72,17265.29,19,33,6,10,530.8273684210526,391.6756262357086,0.0,1,18,False,normal
ACC_01537,10,6,0.6363636363636364,0.0005813111746521968,0.0012382978723404256,0.008333333333333333,12789.01,13613.470000000001,30,26,6,10,426.30033333333336,302.27767221641545,0.0,1,30,False,normal
ACC_01330,9,7,0.8,0.000690926435153994,0.004287659574468085,0.0,10403.15,13970.13,24,29,7,9,433.46458333333334,373.9179208349848,0.041666666666666664,1,24,False,normal
ACC_00181,6,7,1.1428571428571428,0.0002770258593164138,0.0010400000000000001,0.015151515151515152,16104.29,8131.04,29,14,7,6,555.3203448275863,564.8983982065319,0.0,2,29,False,normal
ACC_00324,7,7,1.0,0.00043000892144258245,0.0014638297872340425,0.01098901098901099,12417.41,8975.23,23,19,7,7,539.8873913043478,408.7209252847383,0.0,1,23,False,normal
ACC_00304,11,12,1.0833333333333333,0.0006259994255838811,0.003918297872340426,0.015810276679841896,10777.33,18379.760000000002,24,26,12,11,449.05541666666664,318.1013738605867,0.041666666666666664,2,24,False,normal
ACC_00087,7,9,1.25,0.00031843719716755325,0.0008357446808510638,0.008333333333333333,12866.12,10458.84,26,18,9,7,494.8507692307693,336.7687771979235,0.0,1,26,False,normal
ACC_00406,6,9,1.4285714285714286,0.0002685067472511959,0.001617872340425532,0.0,13630.97,5746.64,25,17,9,6,545.2388,326.93383874926946,0.0,1,25,False,normal
ACC_00288,1,5,3.0,7.971472839962422e-05,6.638297872340426e-05,0.0,11140.1,550.09,21,1,5,1,530.4809523809524,326.5162244805725,0.0,1,20,False,normal
ACC_00749,7,9,1.25,0.0003460740368506595,0.0011293617021276596,0.0,10544.32,7406.87,20,13,9,7,527.216,385.39693662781656,0.05,1,19,False,normal
ACC_01928,7,8,1.125,0.00034327411343048605,0.0001897872340425532,0.009523809523809525,12439.34,12613.33,27,23,8,7,460.7162962962963,289.1771773650748,0.0,1,27,False,normal
ACC_00070,4,10,2.2,0.0003872908403699602,0.00038127659574468085,0.01098901098901099,21881.93,8597.36,35,20,10,4,625.198,472.75123586985006,0.02857142857142857,2,34,False,normal
ACC_01531,7,8,1.125,0.0005197118538182392,0.0008791489361702128,0.01904761904761905,12417.25,10308.69,23,19,8,7,539.8804347826087,376.5151560450396,0.0,2,23,False,normal
ACC_00794,5,8,1.5,0.00020100845405258627,0.0018144680851063832,0.01282051282051282,11370.81,3206.81,23,8,8,5,494.38304347826084,388.3556093024534,0.0,1,23,False,normal
ACC_00133,9,7,0.8,0.0005869935673095539,0.0008748936170212766,0.008333333333333333,10211.16,11646.41,24,28,7,9,425.465,234.99382474772653,0.0,1,24,False,normal
ACC_00315,11,7,0.6666666666666666,0.0005114612114954968,0.0009319148936170214,0.006535947712418301,12747.0,18200.83,27,31,7,11,472.1111111111111,251.86960970881697,0.037037037037037035,2,27,False,normal
ACC_00805,13,12,0.9285714285714286,0.0004975659883962123,0.004565106382978724,0.0033333333333333335,12225.49,15311.16,21,27,12,13,582.1661904761904,320.3503064845762,0.0,1,21,False,normal
ACC_00472,5,5,1.0,0.0002182087035424802,0.002220425531914894,0.0,11697.130000000001,4927.07,22,12,5,5,531.6877272727273,380.6771340392052,0.045454545454545456,1,22,False,normal
ACC_01977,8,10,1.2222222222222223,0.0004417463251778563,0.002125954035731037,0.013071895424836602,17815.36,9880.82,30,18,10,8,593.8453333333333,513.7181725403151,0.0,1,30,False,normal
ACC_01881,8,6,0.7777777777777778,0.0005896955303682312,0.006808510638297872,0.0,12007.5,8838.15,24,15,6,8,500.3125,343.4855745879294,0.0,1,24,False,normal
ACC_00716,7,6,0.875,0.0004289097660981297,0.003243081908497847,0.0,18101.25,6195.8099999999995,29,16,6,7,624.1810344827586,340.0028332166075,0.034482758620689655,1,29,False,normal
ACC_00807,7,9,1.25,0.0006126600143573132,0.0010028567773845564,0.016666666666666666,15762.74,15077.51,26,26,9,7,606.2592307692307,436.77016058263945,0.0,1,26,False,normal
ACC_01803,6,5,0.8571428571428571,0.00011182087751935604,0.002742506289174093,0.07272727272727272,10465.0,1600.7,18,6,5,6,581.3888888888889,340.9373040671483,0.0,1,18,False,normal
ACC_00606,9,9,1.0,0.0002800784424780195,0.0017370912036839639,0.006535947712418301,12645.02,7150.96,23,13,9,9,549.7834782608696,387.57905148625895,0.0,1,23,False,normal
ACC_00066,5,8,1.5,0.00030184765763344385,0.0007538481217754659,0.0,23536.59,9200.11,33,21,8,5,713.23,466.02374718194346,0.06060606060606061,2,32,False,normal
ACC_00609,3,3,1.0,0.00020617580322678932,0.003413617021276596,0.0,7386.14,2560.0099999999998,17,10,3,3,434.4788235294118,350.81394122957744,0.0,1,17,False,normal
ACC_01651,6,3,0.5714285714285714,0.0004036204301493178,2.723404255319149e-05,0.0,10229.39,10587.6,22,16,3,6,464.9722727272727,271.3566684875903,0.0,1,22,False,normal
ACC_01599,8,8,1.0,0.00036024054587313576,0.0015872340425531915,0.008333333333333333,12422.28,12465.13,30,22,8,8,414.076,340.879192723352,0.0,1,30,False,normal
ACC_00250,5,4,0.8333333333333334,0.0003289494658055464,0.0031182978723404255,0.0,12188.42,6801.0,21,17,4,5,580.4009523809524,439.5828122311513,0.0,1,21,False,normal
ACC_00975,9,7,0.8,0.00082969431022264,0.00023319148936170215,0.008333333333333333,14983.2,18686.100000000002,25,43,7,9,599.328,376.1251985487456,0.04,1,25,False,normal
ACC_01545,8,5,0.6666666666666666,0.00030628852379512185,0.00015605679443994372,0.01282051282051282,12298.23,11378.31,25,23,5,8,491.9292,339.024652937413,0.0,1,24,False,normal
ACC_01581,9,4,0.5,0.0004190641783509038,0.0006161702127659575,0.02564102564102564,9114.99,12038.27,16,20,4,9,569.686875,430.8476029056948,0.0,1,16,False,normal
ACC_00019,12,9,0.7692307692307693,0.0009163004436564784,0.0025301667164115468,0.014285714285714285,12392.39,30232.350000000002,30,51,9,12,413.07966666666664,211.9513987797973,0.0,1,30,False,normal
ACC_01853,4,5,1.2,0.00017115834243983376,0.00046978723404255323,0.0,8309.720000000001,3890.27,14,8,5,4,593.5514285714287,473.5154128408095,0.0,1,14,False,normal
ACC_00381,7,6,0.875,0.00034850177075348846,0.00018638297872340426,0.0,11884.8,14917.09,21,27,6,7,565.9428571428571,381.7955257090221,0.0,1,21,False,normal
ACC_01464,5,6,1.1666666666666667,0.0004024999550077595,9.80684773802925e-05,0.01818181818181818,14164.18,10636.32,23,22,6,5,615.8339130434782,425.287436519426,0.043478260869565216,2,22,False,normal
ACC_01433,8,5,0.6666666666666666,0.0002753210812617564,0.002214468085106383,0.0,7795.29,9682.95,16,21,5,8,487.205625,213.43696465135395,0.0,1,16,False,normal
ACC_00698,2,8,3.0,0.00012277105714417742,0.0002902127659574468,0.044444444444444446,7353.08,2526.73,19,7,8,2,387.0042105263158,277.50716457849813,0.0,2,19,False,normal
ACC_01282,7,8,1.125,0.0003875332457904695,0.0018308958342216348,0.009523809523809525,8894.4,11372.82,20,23,8,7,444.71999999999997,344.05480851625646,0.0,1,20,False,normal
ACC_01100,8,6,0.7777777777777778,0.0007563797621517396,0.0020355604826674625,0.0,8219.01,16168.18,16,34,6,8,513.688125,371.6500813797615,0.0625,1,15,False,normal
ACC_01272,2,4,1.6666666666666667,9.505460021193147e-05,9.124632243209825e-05,0.0,10489.49,952.01,19,2,4,2,552.0784210526316,411.2892614593929,0.0,1,19,False,normal
ACC_00828,8,6,0.7777777777777778,0.00046141955275695996,0.00012936170212765957,0.0,11346.05,10317.45,22,20,6,8,515.7295454545455,394.5987689923268,0.045454545454545456,1,22,False,normal
ACC_00141,3,11,3.0,0.00027579690988873003,0.0003165957446808511,0.0,10312.66,5306.24,21,11,11,3,491.0790476190476,314.26761713394467,0.0,1,21,False,normal
ACC_00576,4,9,2.0,0.0003200524002669075,0.003432340425531915,0.0,9799.41,12083.32,21,23,9,4,466.6385714285714,376.0925472843847,0.0,1,21,False,normal
ACC_00599,6,7,1.1428571428571428,0.0003350130024722454,0.0006984181128213875,0.0,7717.49,6461.070000000001,20,12,7,6,385.8745,345.0843097361174,0.0,1,20,False,normal
ACC_01074,6,8,1.2857142857142858,0.00019160823941045474,0.0020808510638297873,0.0,12199.32,4090.49,24,10,8,6,508.305,375.5932781845161,0.0,2,24,False,normal
ACC_00459,8,9,1.1111111111111112,0.0005708076598008445,0.0025480851063829787,0.007352941176470588,12235.99,15326.15,21,30,9,8,582.6661904761904,464.5872681690297,0.047619047619047616,1,21,False,normal
ACC_00024,8,9,1.1111111111111112,0.0004597001974529464,0.0008008510638297873,0.0,15255.710000000001,12999.21,28,27,9,8,544.8467857142857,326.10868507581694,0.03571428571428571,1,28,False,normal
ACC_01613,6,10,1.5714285714285714,0.00018163316100594198,0.0010553191489361703,0.016666666666666666,14339.16,5042.42,28,10,10,6,512.1128571428571,335.58656324199194,0.0,2,28,False,normal
ACC_01459,5,7,1.3333333333333333,0.0005075763962223922,0.00048340425531914896,0.0,11673.130000000001,9849.76,23,16,7,5,507.5273913043479,335.70467608812186,0.0,1,23,False,normal
ACC_00689,5,7,1.3333333333333333,0.00027061898145836855,0.00012425531914893618,0.0,12523.64,5714.41,24,9,7,5,521.8183333333333,384.66842657774384,0.041666666666666664,1,24,False,normal
ACC_01211,10,2,0.2727272727272727,0.000253191595530444,8.510638297872341e-07,0.0,5832.35,7018.86,11,14,2,10,530.2136363636364,274.1568032448849,0.0,1,11,False,normal
ACC_01625,3,9,2.5,0.00015263688049915275,0.003105531914893617,0.0,11036.24,1897.0900000000001,20,5,9,3,551.812,440.8534808706737,0.05,1,20,False,normal
ACC_00911,8,9,1.1111111111111112,0.00036165968804945065,0.0028866243124546966,0.007352941176470588,10876.33,12936.17,25,26,9,8,435.0532,279.17866536980694,0.0,1,24,False,normal
ACC_00482,5,7,1.3333333333333333,0.0001707439934196768,0.0006987234042553192,0.0,11888.36,4180.29,24,7,7,5,495.34833333333336,351.3370792034174,0.0,1,24,False,normal
ACC_00925,6,8,1.2857142857142858,0.0005684430999362933,0.00038042553191489363,0.01098901098901099,10080.25,14468.9,20,26,8,6,504.0125,391.3824103418548,0.05,1,18,False,normal
ACC_00155,2,10,3.6666666666666665,0.00014370972545680856,0.00010297872340425532,0.0,7714.9400000000005,1319.08,18,3,10,2,428.6077777777778,259.88262030375887,0.0,1,18,False,normal
ACC_01966,8,6,0.7777777777777778,0.00043005140690318316,0.0005702127659574468,0.02197802197802198,11077.779999999999,13589.91,21,24,6,8,527.5133333333333,405.8894022801449,0.0,1,21,False,normal
ACC_01793,5,8,1.5,0.0002589821327355864,0.000769197970408903,0.01282051282051282,12722.89,6432.22,24,12,8,5,530.1204166666666,261.49151768567555,0.0,1,24,False,normal
ACC_01938,6,11,1.7142857142857142,0.00027091084747939815,0.0017872340425531916,0.007352941176470588,14838.67,7981.94,29,11,11,6,511.678275862069,325.0491104221128,0.0,1,28,False,normal
ACC_01111,3,8,2.25,0.00026353221572331933,1.4497079264912805e-05,0.01818181818181818,6784.53,4027.4,20,10,8,3,339.2265,199.01291207184468,0.0,1,20,False,normal
ACC_01013,9,7,0.8,0.0004825108884307082,0.0017200358163134782,0.008333333333333333,10648.3,13695.36,23,21,7,9,462.9695652173913,327.6646782289683,0.0,2,23,False,normal
ACC_00069,9,10,1.1,0.0002684008409114931,0.0032626956039739055,0.0,11024.630000000001,8163.61,22,16,10,9,501.1195454545455,386.5793189166607,0.0,1,21,False,normal
ACC_01367,5,9,1.6666666666666667,0.00037535644761815514,0.0010961702127659575,0.0,12944.8,10000.15,22,18,9,5,588.4,334.9607843997776,0.13636363636363635,1,22,False,normal
ACC_00596,8,8,1.0,0.0005436231553712482,0.0037051063829787235,0.016666666666666666,11734.42,17587.71,22,31,8,8,533.3827272727273,286.4769676802228,0.0,1,22,False,normal
ACC_00191,11,5,0.5,0.00043256611992932684,0.00016170212765957449,0.0,9175.15,11065.06,24,25,5,11,382.29791666666665,288.9688704007551,0.0,1,24,False,normal
ACC_01381,8,13,1.5555555555555556,0.0003030601095344764,0.007936170212765957,0.009523809523809525,22872.19,8324.6,38,16,13,8,601.8997368421052,426.61586967914246,0.0,2,37,False,normal
ACC_01222,12,5,0.46153846153846156,0.0009728723997343997,0.00304936170212766,0.029411764705882353,9753.06,24327.07,20,41,5,12,487.65299999999996,326.76026601035494,0.0,2,20,False,normal
ACC_00670,8,5,0.6666666666666666,0.0006511726372066275,0.0006936170212765958,0.0,5875.42,23553.41,15,41,5,8,391.69466666666665,243.19615580451767,0.06666666666666667,1,15,False,normal
ACC_01107,8,8,1.0,0.0006536992127170628,0.0007327659574468085,0.008333333333333333,11634.35,13752.99,27,25,8,8,430.90185185185186,270.45133034411253,0.037037037037037035,1,27,False,normal
ACC_01849,6,7,1.1428571428571428,0.0005013775444037269,0.0008306382978723405,0.02564102564102564,7045.5,10467.58,15,19,7,6,469.7,326.93778702639173,0.0,1,14,False,normal
ACC_00735,8,9,1.1111111111111112,0.00045052698128286175,0.006137872340425532,0.007352941176470588,6648.01,10859.64,19,30,9,8,349.89526315789476,386.1849363879726,0.05263157894736842,1,18,False,normal
ACC_01068,6,8,1.2857142857142858,0.00013759193692348222,0.0031463829787234045,0.01098901098901099,8518.12,2552.62,20,7,8,6,425.90600000000006,296.4292931827793,0.0,1,20,False,normal
ACC_00756,8,9,1.1111111111111112,0.0005030796300303932,0.0008817021276595745,0.007352941176470588,15067.42,13280.9,27,25,9,8,558.0525925925926,420.53528244545834,0.0,2,27,False,normal
ACC_00015,11,5,0.5,0.0006766497761497644,0.0002268366520274592,0.0,11818.76,16448.97,22,33,5,11,537.2163636363637,340.52677951535554,0.0,1,22,False,normal
ACC_00297,9,9,1.0,0.0010878346536450597,0.003707841214343581,0.0,12233.59,27554.82,29,45,9,9,421.84793103448277,294.5619463030692,0.034482758620689655,1,29,False,normal
ACC_00391,3,6,1.75,0.00011353307998253709,0.0011589135718245002,0.05555555555555555,14815.18,1871.19,24,7,6,3,617.2991666666667,363.4393259561344,0.041666666666666664,1,24,False,normal
ACC_00800,15,11,0.75,0.0009147373864567221,0.005919148936170213,0.01,17202.99,20243.48,31,42,11,15,554.9351612903226,419.58349920582725,0.03225806451612903,1,30,False,normal
ACC_01958,10,6,0.6363636363636364,0.0003136316972009305,0.0019251063829787234,0.016666666666666666,8662.52,9975.67,17,21,6,10,509.56,251.3868485024624,0.058823529411764705,1,17,False,normal
ACC_01310,7,12,1.625,0.0003736726089273912,0.0018961702127659576,0.0,14525.48,6992.12,33,15,12,7,440.16606060606057,266.8091922252141,0.030303030303030304,1,32,False,normal
ACC_01556,5,9,1.6666666666666667,0.00015778594396981661,0.0037617021276595748,0.01098901098901099,13004.01,4102.09,23,8,9,5,565.3917391304348,518.3686479774108,0.0,1,23,False,normal
ACC_00505,8,6,0.7777777777777778,0.00048814966710673775,0.00088,0.01098901098901099,17075.56,11083.84,32,20,6,8,533.61125,381.3981577653125,0.0,1,31,False,normal
ACC_01271,7,12,1.625,0.00028239665516002706,0.003326808510638298,0.011695906432748537,11502.01,9254.08,23,19,12,7,500.0873913043478,369.25033451351123,0.0,1,22,False,normal
ACC_00708,5,6,1.1666666666666667,0.00014257706493080418,0.00035404255319148936,0.0,10839.59,2618.03,21,5,6,5,516.1709523809524,339.9230658973404,0.0,1,21,False,normal
ACC_00378,14,3,0.26666666666666666,0.0005304070920881196,0.0018263829787234043,0.0,11375.039999999999,16563.54,22,32,3,14,517.0472727272727,309.6290931664286,0.0,1,22,False,normal
ACC_00864,6,7,1.1428571428571428,0.00023000416226392426,0.0007640813541977573,0.0,9098.87,4795.03,20,8,7,6,454.94350000000003,339.03040770742547,0.05,1,20,False,normal
ACC_01236,8,12,1.4444444444444444,0.00043521182196092203,0.0026029787234042555,0.005263157894736842,12637.38,9987.64,26,22,12,8,486.0530769230769,224.87351712052234,0.0,1,26,False,normal
ACC_01674,8,7,0.8888888888888888,0.0004286091207732872,0.002217200358163135,0.0,9051.210000000001,7920.88,14,24,7,8,646.5150000000001,347.7692290707468,0.0,1,14,False,normal
ACC_01517,7,5,0.75,0.0002690108699299848,0.0004995744680851064,0.015151515151515152,10174.29,8664.99,22,16,5,7,462.4677272727273,314.4390674705222,0.0,1,22,False,normal
ACC_01273,7,9,1.25,0.00016585792842521585,0.007191404084765276,0.0,9157.68,5315.23,21,10,9,7,436.08000000000004,446.6641357328793,0.047619047619047616,1,21,False,normal
ACC_00458,8,10,1.2222222222222223,0.0003367343396658767,0.005345531914893617,0.013071895424836602,15358.33,5861.41,29,13,10,8,529.5975862068965,331.8390497198386,0.034482758620689655,1,29,False,normal
ACC_00843,11,8,0.75,0.0008944170542031381,0.00543811026307935,0.011695906432748537,13235.94,20260.96,29,41,8,11,456.41172413793106,364.55781207285867,0.034482758620689655,2,29,False,normal
ACC_01305,3,10,2.75,0.0002733789118216871,0.00016425531914893618,0.02564102564102564,11471.12,4542.05,25,11,10,3,458.8448,319.32063804948984,0.0,2,25,False,normal
ACC_01691,7,8,1.125,0.0002764715659246933,0.0007129151920863003,0.0,10043.82,6239.889999999999,21,12,8,7,478.27714285714285,288.0484627652585,0.0,1,21,False,normal
ACC_01185,6,7,1.1428571428571428,0.0005412168272736949,0.0017463829787234043,0.01282051282051282,11942.57,13397.11,27,27,7,6,442.3174074074074,304.5580313351008,0.0,1,27,False,normal
ACC_01655,11,8,0.75,0.0008247929928223906,0.0005404255319148936,0.0,11885.36,16697.44,24,32,8,11,495.22333333333336,320.8499708541384,0.041666666666666664,1,24,False,normal
ACC_00430,6,7,1.1428571428571428,0.0003146449661184816,0.0005310638297872341,0.01282051282051282,7728.28,7884.8,16,18,7,6,483.0175,364.9019580563159,0.0,1,16,False,normal
ACC_00935,7,7,1.0,0.00024143809538717251,0.0015404255319148936,0.02197802197802198,9116.47,5063.2300000000005,19,12,7,7,479.8142105263158,417.68446542703055,0.0,1,19,False,normal
ACC_01867,3,4,1.25,0.0001264687467266717,0.0,0.047619047619047616,11022.73,4729.67,15,8,4,3,734.8486666666666,611.2451741774638,0.0,1,15,False,normal
ACC_00267,5,7,1.3333333333333333,0.0002845920338558716,0.0029685106382978726,0.0,9758.59,5085.14,23,11,7,5,424.2865217391304,232.90965963434866,0.0,2,23,False,normal
ACC_01471,11,10,0.9166666666666666,0.0005159575752818442,0.005781276595744681,0.004761904761904762,13230.619999999999,22883.15,27,43,10,11,490.02296296296294,363.9521876334732,0.0,1,25,False,normal
ACC_00619,6,9,1.4285714285714286,0.00048665280787934514,0.0016025531914893617,0.0,12230.25,12458.4,24,21,9,6,509.59375,406.55103836833274,0.0,1,24,False,normal
ACC_00852,5,11,2.0,0.0003119426249618377,0.0002553191489361702,0.016666666666666666,15936.36,10358.22,26,23,11,5,612.9369230769231,372.7335050114946,0.038461538461538464,1,26,False,normal
ACC_01344,10,9,0.9090909090909091,0.00034673166289136867,0.0022553191489361702,0.011695906432748537,14048.08,11842.2,32,23,9,10,439.0025,300.77474786763383,0.0,1,31,False,normal
ACC_00311,7,9,1.25,0.00024356347169055922,0.003297021276595745,0.016666666666666666,15575.75,4937.0,30,11,9,7,519.1916666666667,352.5936990174124,0.0,1,30,False,normal
ACC_00463,6,6,1.0,0.0001867882122248779,0.003537021276595745,0.0,17012.18,5092.77,29,9,6,6,586.6268965517241,406.9566950119197,0.034482758620689655,1,28,False,normal
ACC_00425,3,6,1.75,0.00035416312012530175,8.170212765957446e-05,0.0,12844.84,8567.13,25,13,6,3,513.7936,293.36150001434527,0.0,1,25,False,normal
ACC_01713,6,5,0.8571428571428571,0.00047920047048975864,0.0004272340425531915,0.0,10504.07,12488.98,24,23,5,6,437.6695833333333,281.0442718564054,0.0,2,22,False,normal
ACC_01399,6,8,1.2857142857142858,0.0004666002661690888,0.002188085106382979,0.0,10140.85,10432.44,23,18,8,6,440.9065217391304,387.0146548741427,0.0,2,22,False,normal
ACC_01978,10,4,0.45454545454545453,0.0005398892454728512,0.0013642553191489362,0.02197802197802198,10796.66,11814.74,23,25,4,10,469.42,361.04701777670806,0.0,1,22,False,normal
ACC_01933,9,9,1.0,0.00040988787186302595,0.0025361702127659575,0.006535947712418301,11441.75,12058.130000000001,22,20,9,9,520.0795454545455,330.39289235519453,0.045454545454545456,1,22,False,normal
ACC_00612,10,4,0.45454545454545453,0.0005450919767460347,5.6170212765957446e-05,0.0,11996.08,22319.21,22,34,4,10,545.2763636363636,568.0588401829134,0.0,2,22,False,normal
ACC_00595,7,12,1.625,0.0003879848967684997,0.0013659574468085107,0.011695906432748537,13751.41,10925.83,25,22,12,7,550.0563999999999,341.80601497633126,0.0,1,25,False,normal
ACC_00289,11,9,0.8333333333333334,0.00044243131577036056,0.00801276595744681,0.005847953216374269,14779.67,10745.5,28,23,9,11,527.8453571428571,347.5183508875055,0.0,1,28,False,normal
ACC_00895,8,7,0.8888888888888888,0.00044068642643607854,0.0022953191489361703,0.0,6530.8,8756.13,13,16,7,8,502.3692307692308,302.9590439993922,0.0,1,13,False,normal
ACC_00312,6,8,1.2857142857142858,0.0004055197938677232,0.0008902127659574468,0.0,12846.86,11254.960000000001,26,20,8,6,494.11,269.1040384089395,0.0,1,26,False,normal
ACC_00692,8,9,1.1111111111111112,0.0003186957903282879,0.0039227390952117,0.014705882352941176,14720.43,6551.53,29,11,9,8,507.6010344827586,325.9857685691293,0.06896551724137931,1,28,False,normal
ACC_00371,8,7,0.8888888888888888,0.0004107124591043068,0.0020210634034025497,0.0,11332.23,12522.43,25,28,7,8,453.2892,249.7283229318079,0.0,1,25,False,normal
ACC_01329,5,5,1.0,0.0002462147665612867,0.0015315737858696116,0.0,8938.18,7106.54,24,14,5,5,372.4241666666667,212.96031422323261,0.041666666666666664,2,24,False,normal
ACC_01693,13,8,0.6428571428571429,0.0006005025592098858,0.008030638297872341,0.01904761904761905,13919.32,15778.62,27,28,8,13,515.5303703703704,347.3211103961011,0.037037037037037035,2,26,False,normal
ACC_01937,7,9,1.25,0.0004581819190325154,0.003098723404255319,0.0,15629.08,18598.13,30,30,9,7,520.9693333333333,327.1539748943843,0.0,1,30,False,normal
ACC_00453,8,5,0.6666666666666666,0.00018539941536645848,0.00024765957446808514,0.02564102564102564,11052.19,4090.55,20,8,5,8,552.6095,316.114766658783,0.0,1,20,False,normal
ACC_01653,12,9,0.7692307692307693,0.0009066210198198352,0.004410212765957447,0.009523809523809525,14321.35,26897.31,26,49,9,12,550.8211538461538,488.17721001560017,0.0,1,26,False,normal
ACC_00488,8,11,1.3333333333333333,0.0004029981631078738,0.0016136170212765959,0.0,13567.05,11459.6,24,19,11,8,565.2937499999999,481.85305098774217,0.0,2,24,False,normal
ACC_00955,5,6,1.1666666666666667,0.0005139898678946507,0.003948936170212766,0.03636363636363636,9158.19,8935.66,21,15,6,5,436.10428571428577,260.97289220475426,0.0,1,20,False,normal
ACC_00969,11,8,0.75,0.0005312355768705031,0.0009608510638297872,0.017543859649122806,15797.2,10942.38,32,27,8,11,493.6625,360.51593497062225,0.0,1,28,False,normal
ACC_01438,13,5,0.42857142857142855,0.0003989722869486331,0.0048434042553191494,0.013071895424836602,8887.62,11709.05,23,24,5,13,386.41826086956524,195.28254783197355,0.043478260869565216,1,22,False,normal
ACC_01155,2,7,2.6666666666666665,0.00010680685549077998,0.0011691468042467916,0.0,12982.07,727.84,30,2,7,2,432.73566666666665,255.88959532934527,0.0,1,29,False,normal
ACC_01511,7,12,1.625,0.0005238065484841894,0.002614468085106383,0.005847953216374269,12402.97,15338.71,32,23,12,7,387.5928125,311.46976228980384,0.0,2,32,False,normal
ACC_01474,10,4,0.45454545454545453,0.00042734289118387923,0.0034868085106382982,0.01098901098901099,10264.16,10200.95,21,26,4,10,488.7695238095238,369.9612681548731,0.0,1,20,False,normal
ACC_01633,9,10,1.1,0.0005292671705370274,0.008335319148936171,0.005847953216374269,12518.74,14202.22,22,24,10,9,569.0336363636363,384.0027721073732,0.0,1,22,False,normal
ACC_00557,4,7,1.6,0.00019241939564756293,0.0006102127659574468,0.01818181818181818,14744.21,3268.48,23,8,7,4,641.0526086956521,465.945977459906,0.0,1,22,False,normal
ACC_01124,4,8,1.8,0.00024696844448443187,0.0009021276595744681,0.0,6207.6900000000005,6903.93,14,10,8,4,443.4064285714286,279.1913735334502,0.0,1,14,False,normal
KING_00,0,48,49.0,7.153249159373995e-05,0.0,0.0,445365.52,0.0,48,0,48,0,9278.448333333334,411.31230956709584,0.0,38,1,True,kingpin
MULE_00_006,1,1,1.0,7.285220838192325e-05,0.0,0.0,9361.01,9617.33,1,1,1,1,9361.01,0.0,0.0,0,1,True,mule
MULE_00_044,1,1,1.0,7.272240797920123e-05,0.0,0.0,8278.16,8671.42,1,1,1,1,8278.16,0.0,0.0,0,1,True,mule
MULE_00_019,1,1,1.0,7.274978529664906e-05,0.0,0.0,8651.05,8870.93,1,1,1,1,8651.05,0.0,0.0,0,1,True,mule
MULE_00_034,1,1,1.0,7.28867679398363e-05,0.0,0.0,9464.03,9869.18,1,1,1,1,9464.03,0.0,0.0,0,1,True,mule
MULE_00_014,1,1,1.0,7.285858924133543e-05,0.0,0.0,9393.58,9663.83,1,1,1,1,9393.58,0.0,0.0,0,1,True,mule
MULE_00_008,1,1,1.0,7.282120289409138e-05,0.0,0.0,9171.76,9391.38,1,1,1,1,9171.76,0.0,0.0,0,1,True,mule
MULE_00_022,1,1,1.0,7.280872659865578e-05,0.0,0.0,8906.0,9300.46,1,1,1,1,8906.0,0.0,1.0,0,1,True,mule
MULE_00_010,1,1,1.0,7.280198209886851e-05,0.0,0.0,8880.98,9251.31,1,1,1,1,8880.98,0.0,0.0,0,1,True,mule
SINK_00,48,0,0.02040816326530612,0.0030567621674525047,0.0,0.0,0.0,431920.99,0,48,0,48,0.0,0.0,0.0,0,0,True,sink
MULE_00_018,1,1,1.0,7.279947229416637e-05,0.0,0.0,8868.79,9233.02,1,1,1,1,8868.79,0.0,0.0,0,1,True,mule
MULE_00_003,1,1,1.0,7.287092008062097e-05,0.0,0.0,9648.9,9753.69,1,1,1,1,9648.9,0.0,0.0,0,1,True,mule
MULE_00_007,1,1,1.0,7.286664284647306e-05,0.0,0.0,9276.99,9722.52,1,1,1,1,9276.99,0.0,0.0,0,1,True,mule
MULE_00_013,1,1,1.0,7.279568906203747e-05,0.0,0.0,8978.18,9205.45,1,1,1,1,8978.18,0.0,0.0,0,1,True,mule
MULE_00_025,1,1,1.0,7.288160973542117e-05,0.0,0.0,9731.56,9831.59,1,1,1,1,9731.56,0.0,0.0,0,1,True,mule
MULE_00_033,1,1,1.0,7.282001317256227e-05,0.0,0.0,9084.29,9382.71,1,1,1,1,9084.29,0.0,0.0,0,1,True,mule
MULE_00_009,1,1,1.0,7.27075467517961e-05,8.510638297872341e-07,0.0,8188.73,8563.12,1,1,1,1,8188.73,0.0,0.0,0,1,True,mule
MULE_00_027,1,1,1.0,7.285166635193016e-05,0.0,0.0,9139.88,9613.38,1,1,1,1,9139.88,0.0,0.0,0,1,True,mule
MULE_00_036,1,1,1.0,7.288568250762231e-05,0.0,0.0,9637.6,9861.27,1,1,1,1,9637.6,0.0,0.0,0,1,True,mule
MULE_00_035,1,1,1.0,7.270779924171692e-05,0.0,0.0,8459.25,8564.96,1,1,1,1,8459.25,0.0,0.0,0,1,True,mule
MULE_00_043,1,1,1.0,7.271624255955846e-05,0.0,0.0,8463.83,8626.49,1,1,1,1,8463.83,0.0,0.0,0,1,True,mule
MULE_00_012,1,1,1.0,7.279490963662971e-05,0.0,0.0,9023.15,9199.77,1,1,1,1,9023.15,0.0,0.0,0,1,True,mule
MULE_00_047,1,1,1.0,7.279900162002049e-05,0.0,0.0,9017.29,9229.59,1,1,1,1,9017.29,0.0,0.0,0,1,True,mule
MULE_00_001,1,1,1.0,7.286031275949062e-05,0.0,0.0,9244.1,9676.39,1,1,1,1,9244.1,0.0,0.0,0,1,True,mule
MULE_00_032,1,1,1.0,7.270442081679805e-05,0.0,0.0,8428.35,8540.34,1,1,1,1,8428.35,0.0,0.0,0,1,True,mule
MULE_00_021,1,1,1.0,7.285472916444801e-05,0.0,0.0,9310.46,9635.7,1,1,1,1,9310.46,0.0,0.0,0,1,True,mule
MULE_00_023,1,1,1.0,7.281527898654678e-05,0.0,0.0,9142.18,9348.21,1,1,1,1,9142.18,0.0,0.0,0,1,True,mule
MULE_00_038,1,1,1.0,7.280379892851619e-05,0.0,0.0,9040.57,9264.55,1,1,1,1,9040.57,0.0,0.0,0,1,True,mule
MULE_00_031,1,1,1.0,7.278798811945229e-05,0.0,0.0,8845.26,9149.33,1,1,1,1,8845.26,0.0,0.0,0,1,True,mule
MULE_00_041,1,1,1.0,7.288745130929592e-05,0.0,0.0,9425.74,9874.16,1,1,1,1,9425.74,0.0,0.0,0,1,True,mule
MULE_00_028,1,1,1.0,7.277220338271718e-05,0.0,0.0,8790.19,9034.3,1,1,1,1,8790.19,0.0,0.0,0,1,True,mule
MULE_00_015,1,1,1.0,7.27983292283835e-05,0.0,0.0,9071.23,9224.69,1,1,1,1,9071.23,0.0,0.0,0,1,True,mule
MULE_00_045,1,1,1.0,7.282981087927259e-05,0.0,0.0,9169.48,9454.11,1,1,1,1,9169.48,0.0,0.0,0,1,True,mule
MULE_00_002,1,1,1.0,7.274340443723688e-05,0.0,0.0,8487.23,8824.43,1,1,1,1,8487.23,0.0,0.0,0,1,True,mule
MULE_00_016,1,1,1.0,7.275910135139083e-05,0.0,0.0,8578.15,8938.82,1,1,1,1,8578.15,0.0,0.0,0,1,True,mule
MULE_00_042,1,1,1.0,7.282508904330757e-05,0.0,0.0,8985.23,9419.7,1,1,1,1,8985.23,0.0,0.0,0,1,True,mule
MULE_00_039,1,1,1.0,7.279306536242541e-05,0.0,0.0,8984.74,9186.33,1,1,1,1,8984.74,0.0,0.0,0,1,True,mule
MULE_00_030,1,1,1.0,7.273618240216456e-05,0.0,0.0,8390.67,8771.8,1,1,1,1,8390.67,0.0,0.0,0,1,True,mule
MULE_00_017,1,1,1.0,7.279757999198802e-05,0.0,0.0,8850.24,9219.23,1,1,1,1,8850.24,0.0,0.0,0,1,True,mule
MULE_00_020,1,1,1.0,7.282118642735741e-05,0.0,0.0,9114.77,9391.26,1,1,1,1,9114.77,0.0,0.0,0,1,True,mule
MULE_00_046,1,1,1.0,7.281902242406859e-05,0.0,0.0,9190.26,9375.49,1,1,1,1,9190.26,0.0,0.0,0,1,True,mule
MULE_00_011,1,1,1.0,7.272022476472279e-05,0.0,0.0,8306.84,8655.51,1,1,1,1,8306.84,0.0,0.0,0,1,True,mule
MULE_00_037,1,1,1.0,7.274527066708646e-05,0.0,0.0,8493.06,8838.03,1,1,1,1,8493.06,0.0,0.0,0,1,True,mule
MULE_00_024,1,1,1.0,7.284054581759117e-05,0.0,0.0,9297.55,9532.34,1,1,1,1,9297.55,0.0,0.0,0,1,True,mule
MULE_00_026,1,1,1.0,7.288927911676625e-05,0.0,0.0,9753.33,9887.48,1,1,1,1,9753.33,0.0,0.0,0,1,True,mule
MULE_00_004,1,1,1.0,7.272570681490594e-05,0.0,0.0,8568.3,8695.46,1,1,1,1,8568.3,0.0,0.0,0,1,True,mule
MULE_00_040,1,1,1.0,7.285932201099694e-05,0.0,0.0,9547.94,9669.17,1,1,1,1,9547.94,0.0,0.0,0,1,True,mule
MULE_00_005,1,1,1.0,7.288110612780734e-05,0.0,0.0,9481.5,9827.92,1,1,1,1,9481.5,0.0,0.0,0,1,True,mule
MULE_00_029,1,1,1.0,7.286297213702628e-05,0.0,0.0,9368.96,9695.77,1,1,1,1,9368.96,0.0,0.0,0,1,True,mule
MULE_00_000,1,1,1.0,7.274164386893025e-05,0.0,0.0,8429.65,8811.6,1,1,1,1,8429.65,0.0,0.0,0,1,True,mule
ACC_01568,7,9,1.25,0.00022857618748873783,0.0038161702127659574,0.0,15305.52,4680.07,29,12,9,7,527.7765517241379,374.0343351053279,0.034482758620689655,1,28,False,normal
ACC_00954,4,6,1.4,0.00034926570692720533,0.0001574468085106383,0.0,14081.390000000001,6862.3,24,11,6,4,586.7245833333334,484.7220928036937,0.0,1,24,False,normal
ACC_00104,5,6,1.1666666666666667,0.00022533672901974968,0.001421276595744681,0.01818181818181818,11111.08,3657.84,24,9,6,5,462.96166666666664,284.3340431630537,0.0,1,24,False,normal
ACC_00845,6,7,1.1428571428571428,0.0004507776339513997,0.0006706382978723405,0.01282051282051282,14251.64,8229.16,25,19,7,6,570.0656,282.67613307281533,0.0,2,25,False,normal
ACC_01726,9,10,1.1,0.0005071236541987804,0.002518227945252207,0.0,18033.48,11375.8,31,27,10,9,581.7251612903226,457.46729634565844,0.0,1,31,False,normal
ACC_00271,5,6,1.1666666666666667,0.00021873169387501772,0.0002638297872340426,0.0,9693.04,6482.56,23,14,6,5,421.43652173913046,250.77139398642987,0.0,1,23,False,normal
ACC_01768,4,5,1.2,0.00010940215780131739,0.002945531914893617,0.0,8155.96,1225.15,19,4,5,4,429.26105263157893,337.8134603412352,0.0,1,19,False,normal
ACC_01025,6,6,1.0,0.00039058125688644525,0.000588936170212766,0.030303030303030304,9635.77,11559.56,22,22,6,6,437.98954545454546,260.95923579632625,0.045454545454545456,1,22,False,normal
ACC_00021,13,6,0.5,0.0006630192758926042,0.00019319148936170215,0.005847953216374269,13503.57,16447.06,26,31,6,13,519.368076923077,394.30069617000913,0.0,2,26,False,normal
ACC_01717,5,8,1.5,0.0004488935636918357,0.0020017021276595745,0.0,14795.94,10074.47,25,18,8,5,591.8376000000001,419.7699606955378,0.0,1,24,False,normal
ACC_01680,6,7,1.1428571428571428,0.00045553411959414514,0.008118297872340426,0.02564102564102564,6435.530000000001,8047.62,18,22,7,6,357.5294444444445,272.02131119956766,0.0,1,18,False,normal
ACC_01370,5,5,1.0,0.00023545112338938385,0.00290468085106383,0.0,8580.17,4082.12,24,9,5,5,357.50708333333336,250.20727516060973,0.041666666666666664,1,24,False,normal
ACC_00813,3,12,3.25,9.901924968755406e-05,0.0029651063829787237,0.009523809523809525,12808.16,1506.41,28,5,12,3,457.4342857142857,337.5219939986196,0.0,2,27,False,normal
ACC_00091,4,11,2.4,0.00020092148659821784,0.0007506382978723405,0.0,12402.789999999999,5508.49,25,16,11,4,496.11159999999995,268.51113081645855,0.0,1,24,False,normal
ACC_01763,5,8,1.5,0.00018475985684136793,0.0007736170212765958,0.0,12226.84,2836.75,22,9,8,5,555.7654545454545,387.3184436945574,0.0,1,20,False,normal
ACC_00448,6,9,1.4285714285714286,0.00015380256040092323,0.0017914893617021277,0.0,11676.86,3828.3599999999997,23,8,9,6,507.6895652173913,415.242021131579,0.043478260869565216,1,23,False,normal
ACC_01149,9,8,0.9,0.00043363252135730204,0.0009395744680851065,0.0,10733.96,10729.89,22,15,8,9,487.9072727272727,441.9546068931883,0.0,1,22,False,normal
ACC_01786,6,7,1.1428571428571428,0.0002457352012878018,0.004396595744680851,0.0,11779.29,6674.9,22,15,7,6,535.4222727272728,310.3252073602146,0.0,2,22,False,normal
ACC_00659,4,2,0.6,0.0001308857277271986,0.0,0.0,9222.89,2368.2000000000003,23,6,2,4,400.9952173913043,299.4524202131976,0.08695652173913043,1,22,False,normal
ACC_00079,6,14,2.142857142857143,0.0001472042040884966,0.008290623800793076,0.005263157894736842,8366.48,1887.19,22,7,14,6,380.2945454545454,299.18606813959633,0.0,1,21,False,normal
ACC_01552,5,4,0.8333333333333334,0.00013613440700919617,5.106382978723404e-06,0.0,15625.92,2792.8,22,5,4,5,710.2690909090909,448.43049454428217,0.0,1,22,False,normal
ACC_00570,6,7,1.1428571428571428,0.00023748478310847124,0.0001693617021276596,0.01282051282051282,16431.76,4556.79,22,10,7,6,746.8981818181818,424.19882108047,0.0,1,22,False,normal
ACC_01776,6,6,1.0,0.00023506957044815887,0.0002723404255319149,0.015151515151515152,13572.35,4895.3099999999995,24,11,6,6,565.5145833333333,524.6476319105844,0.041666666666666664,1,24,False,normal
ACC_01583,8,6,0.7777777777777778,0.0006761163110696656,8.595744680851064e-05,0.02197802197802198,13906.45,19011.62,24,37,6,8,579.4354166666667,345.39769565681274,0.0,1,24,False,normal
ACC_01043,6,4,0.7142857142857143,0.0002743433206891956,0.0009370212765957447,0.044444444444444446,6308.91,6922.2,18,12,4,6,350.495,258.9928548469334,0.05555555555555555,1,18,False,normal
ACC_00671,4,10,2.2,0.00043823895567143145,0.00132,0.01282051282051282,18220.56,11775.34,36,25,10,4,506.1266666666667,331.40380677182503,0.0,1,36,False,normal
ACC_01783,5,8,1.5,0.00017715120020571985,0.0011719148936170213,0.01282051282051282,11524.89,3466.64,20,6,8,5,576.2445,299.13378118678816,0.0,1,20,False,normal
ACC_01244,5,5,1.0,0.00030265357601812844,0.00019148936170212768,0.044444444444444446,9380.39,7785.95,22,16,5,5,426.38136363636363,155.14745233073796,0.045454545454545456,1,21,False,normal
ACC_01712,4,3,0.8,0.00020122409150807822,0.0,0.0,11794.02,3398.85,21,8,3,4,561.62,379.17865545149033,0.0,1,21,False,normal
ACC_01544,11,7,0.6666666666666666,0.0002730335999718126,0.0014570212765957448,0.006535947712418301,10267.08,7407.28,14,19,7,11,733.3628571428571,663.229737925051,0.0,1,14,False,normal
ACC_00185,7,11,1.5,0.0004955937095868887,0.0013106382978723405,0.0,10983.94,15277.98,24,31,11,7,457.6641666666667,267.42443330726184,0.0,2,23,False,normal
ACC_00102,6,5,0.8571428571428571,0.00011136930132684731,0.0013761702127659575,0.01818181818181818,16799.94,1647.8700000000001,29,6,5,6,579.308275862069,372.1191899308316,0.0,1,29,False,normal
ACC_00194,5,7,1.3333333333333333,0.00018592203640079778,0.00046808510638297874,0.0,13988.29,1863.65,23,5,7,5,608.1865217391305,334.7664426623528,0.0,1,23,False,normal
ACC_00550,7,6,0.875,0.0002958567664179688,0.002375744680851064,0.01282051282051282,14267.53,7784.07,26,15,6,7,548.7511538461539,472.4661927488732,0.038461538461538464,1,26,False,normal
ACC_00542,4,6,1.4,0.00044668295101012124,0.00013021276595744682,0.022222222222222223,8799.85,9484.93,21,15,6,4,419.0404761904762,306.27298497380065,0.047619047619047616,1,21,False,normal
ACC_00883,8,8,1.0,0.0003342933056103939,0.0030536170212765957,0.008333333333333333,12694.74,11567.8,23,18,8,8,551.9452173913044,315.7078936852512,0.0,1,22,False,normal
ACC_01883,6,5,0.8571428571428571,0.00027792746936898896,0.00035574468085106386,0.03636363636363636,23519.63,5774.47,38,11,5,6,618.9376315789474,500.36484451785185,0.0,2,37,False,normal
ACC_01072,7,3,0.5,0.0002496152058640871,6.808510638297873e-06,0.022222222222222223,12876.92,4934.0599999999995,19,13,3,7,677.7326315789473,638.661361563232,0.05263157894736842,1,18,False,normal
ACC_01662,6,6,1.0,0.0002479634438123421,0.0014042553191489363,0.0,7257.86,6223.49,14,13,6,6,518.4185714285715,347.10747676846637,0.0,1,13,False,normal
ACC_00148,2,10,3.6666666666666665,0.00013903182920908672,0.000552340425531915,0.015151515151515152,17606.06,1987.95,28,5,10,2,628.7878571428572,432.31530331081217,0.03571428571428571,1,28,False,normal
ACC_01478,5,7,1.3333333333333333,0.0002649525431439861,0.0001472340425531915,0.015151515151515152,11479.34,6353.13,26,9,7,5,441.51307692307694,299.41990164675735,0.038461538461538464,1,26,False,normal
ACC_00128,3,7,2.0,0.0001938751254501353,0.0016791489361702128,0.0,14363.8,3464.88,25,9,7,3,574.552,389.69666640649274,0.0,1,25,False,normal
ACC_00034,3,7,2.0,0.00032822785580501843,0.00015094017822879803,0.0,10641.43,4050.06,20,6,7,3,532.0715,544.4426020617204,0.05,1,20,False,normal
ACC_01079,4,9,2.0,0.0002673221131031111,0.0011676595744680852,0.02564102564102564,9476.27,7989.94,21,16,9,4,451.2509523809524,362.73370249957145,0.0,1,21,False,normal
ACC_00585,3,11,3.0,7.957342684523992e-05,0.007839148936170213,0.01098901098901099,13264.46,478.71000000000004,24,3,11,3,552.6858333333333,374.3819154973291,0.0,1,24,False,normal
ACC_00598,3,8,2.25,0.0001547582355426707,0.0006331914893617022,0.0,8940.18,2568.56,23,5,8,3,388.7034782608696,168.54485787061117,0.0,1,23,False,normal
ACC_00415,12,8,0.6923076923076923,0.0007612111367534974,0.002105531914893617,0.005263157894736842,9115.47,17961.87,19,37,8,12,479.7615789473684,252.04092031659283,0.0,1,19,False,normal
ACC_01391,12,8,0.6923076923076923,0.000436992939047321,0.009755744680851065,0.005263157894736842,13843.38,12310.85,32,23,8,12,432.605625,305.83164393478785,0.0,1,32,False,normal
KING_06,0,44,45.0,7.153249159373995e-05,0.0,0.0,403051.67,0.0,44,0,44,0,9160.265227272726,369.12008004888645,0.022727272727272728,33,1,True,kingpin
MULE_06_015,1,1,1.0,7.287871849365536e-05,0.0,0.0,8773.49,8878.43,1,1,1,1,8773.49,0.0,0.0,0,1,True,mule
MULE_06_041,1,1,1.0,7.301513298279115e-05,0.0,0.0,9300.64,9778.09,1,1,1,1,9300.64,0.0,0.0,0,1,True,mule
MULE_06_033,1,1,1.0,7.297563667737568e-05,0.0,0.0,9115.59,9517.61,1,1,1,1,9115.59,0.0,0.0,0,1,True,mule
MULE_06_030,1,1,1.0,7.299046750366824e-05,0.0,0.0,9160.26,9615.42,1,1,1,1,9160.26,0.0,0.0,0,1,True,mule
MULE_06_027,1,1,1.0,7.291536720764079e-05,0.0,0.0,9016.4,9120.13,1,1,1,1,9016.4,0.0,0.0,0,1,True,mule
MULE_06_022,1,1,1.0,7.292628449107872e-05,0.0,0.0,8929.59,9192.13,1,1,1,1,8929.59,0.0,0.0,0,1,True,mule
MULE_06_007,1,1,1.0,7.288900651700625e-05,0.0,0.0,8687.98,8946.28,1,1,1,1,8687.98,0.0,0.0,0,1,True,mule
MULE_06_035,1,1,1.0,7.295661027840634e-05,0.0,0.0,8953.1,9392.13,1,1,1,1,8953.1,0.0,0.0,0,1,True,mule
SINK_06,44,0,0.022222222222222223,0.0028123049829233337,0.0,0.0,0.0,390392.37,0,44,0,44,0.0,0.0,0.0,0,0,True,sink
MULE_06_004,1,1,1.0,7.29026925448272e-05,0.0,0.0,8917.39,9036.54,1,1,1,1,8917.39,0.0,0.0,0,1,True,mule
MULE_06_032,1,1,1.0,7.299965015207105e-05,0.0,0.0,9245.13,9675.98,1,1,1,1,9245.13,0.0,0.0,0,1,True,mule
MULE_06_026,1,1,1.0,7.293878326432579e-05,0.0,0.0,8815.43,9274.56,1,1,1,1,8815.43,0.0,0.0,0,1,True,mule
MULE_06_008,1,1,1.0,7.30140306404218e-05,0.0,0.0,9623.07,9770.82,1,1,1,1,9623.07,0.0,0.0,0,1,True,mule
MULE_06_036,1,1,1.0,7.286483686450615e-05,0.0,0.0,8698.01,8786.88,1,1,1,1,8698.01,0.0,0.0,0,1,True,mule
MULE_06_029,1,1,1.0,7.283991664876969e-05,0.0,0.0,8398.79,8622.53,1,1,1,1,8398.79,0.0,0.0,0,1,True,mule
MULE_06_017,1,1,1.0,7.289368426970154e-05,0.0,0.0,8885.12,8977.13,1,1,1,1,8885.12,0.0,0.0,0,1,True,mule
MULE_06_010,1,1,1.0,7.290924746375807e-05,0.0,0.0,8904.85,9079.77,1,1,1,1,8904.85,0.0,0.0,0,1,True,mule
MULE_06_023,1,1,1.0,7.287272005292197e-05,0.0,0.0,8522.07,8838.87,1,1,1,1,8522.07,0.0,0.0,0,1,True,mule
MULE_06_021,1,1,1.0,7.28972627126062e-05,0.0,0.0,8798.28,9000.73,1,1,1,1,8798.28,0.0,0.0,0,1,True,mule
MULE_06_002,1,1,1.0,7.297024323609946e-05,0.0,0.0,9080.71,9482.04,1,1,1,1,9080.71,0.0,0.0,0,1,True,mule
MULE_06_028,1,1,1.0,7.29944295677826e-05,0.0,0.0,9448.06,9641.55,1,1,1,1,9448.06,0.0,0.0,0,1,True,mule
MULE_06_043,1,1,1.0,7.288482610722314e-05,0.0,0.0,8675.66,8918.71,1,1,1,1,8675.66,0.0,0.0,0,1,True,mule
MULE_06_012,1,1,1.0,7.285959505216657e-05,0.0,0.0,8455.23,8752.31,1,1,1,1,8455.23,0.0,0.0,0,1,True,mule
MULE_06_031,1,1,1.0,7.295576418893989e-05,0.0,0.0,8977.26,9386.55,1,1,1,1,8977.26,0.0,0.0,0,1,True,mule
MULE_06_018,1,1,1.0,7.303142551203292e-05,0.0,0.0,9755.58,9885.54,1,1,1,1,9755.58,0.0,0.0,0,1,True,mule
MULE_06_040,1,1,1.0,7.286690963206999e-05,0.0,0.0,8379.8,8800.55,1,1,1,1,8379.8,0.0,0.0,0,1,True,mule
MULE_06_034,1,1,1.0,7.292814194555254e-05,0.0,0.0,8836.9,9204.38,1,1,1,1,8836.9,0.0,0.0,0,1,True,mule
MULE_06_003,1,1,1.0,7.28550704446973e-05,0.0,0.0,8402.78,8722.47,1,1,1,1,8402.78,0.0,0.0,0,1,True,mule
MULE_06_037,1,1,1.0,7.30185901225465e-05,0.0,0.0,9329.12,9800.89,1,1,1,1,9329.12,0.0,0.0,0,1,True,mule
MULE_06_039,1,1,1.0,7.288337501829952e-05,0.0,0.0,8806.93,8909.14,1,1,1,1,8806.93,0.0,0.0,0,1,True,mule
MULE_06_005,1,1,1.0,7.291694263229246e-05,0.0,0.0,8736.7,9130.52,1,1,1,1,8736.7,0.0,0.0,0,1,True,mule
MULE_06_016,1,1,1.0,7.296395215151835e-05,0.0,0.0,9011.81,9440.55,1,1,1,1,9011.81,0.0,0.0,0,1,True,mule
MULE_06_006,1,1,1.0,7.297613856915595e-05,0.0,0.0,9207.22,9520.92,1,1,1,1,9207.22,0.0,0.0,0,1,True,mule
MULE_06_020,1,1,1.0,7.288598606858843e-05,0.0,0.0,8716.08,8926.36,1,1,1,1,8716.08,0.0,0.0,0,1,True,mule
MULE_06_025,1,1,1.0,7.285531153470655e-05,0.0,0.0,8568.07,8724.06,1,1,1,1,8568.07,0.0,0.0,0,1,True,mule
MULE_06_000,1,1,1.0,7.290106556633708e-05,0.0,0.0,8617.7,9025.81,1,1,1,1,8617.7,0.0,0.0,0,1,True,mule
MULE_06_014,1,1,1.0,7.294367784640048e-05,0.0,0.0,9108.96,9306.84,1,1,1,1,9108.96,0.0,0.0,0,1,True,mule
MULE_06_038,1,1,1.0,7.28741483975051e-05,0.0,0.0,8513.0,8848.29,1,1,1,1,8513.0,0.0,1.0,0,1,True,mule
MULE_06_019,1,1,1.0,7.302376218557523e-05,0.0,0.0,9352.14,9835.0,1,1,1,1,9352.14,0.0,0.0,0,1,True,mule
MULE_06_013,1,1,1.0,7.29177705262865e-05,0.0,0.0,8924.83,9135.98,1,1,1,1,8924.83,0.0,0.0,0,1,True,mule
MULE_06_042,1,1,1.0,7.291943692830015e-05,0.0,0.0,8731.43,9146.97,1,1,1,1,8731.43,0.0,0.0,0,1,True,mule
MULE_06_011,1,1,1.0,7.28508581928375e-05,8.510638297872341e-07,0.0,8315.86,8694.69,1,1,1,1,8315.86,0.0,0.0,0,1,True,mule
MULE_06_024,1,1,1.0,7.287610895965582e-05,0.0,0.0,8670.66,8861.22,1,1,1,1,8670.66,0.0,0.0,0,1,True,mule
MULE_06_001,1,1,1.0,7.283765282874569e-05,0.0,0.0,8416.56,8607.6,1,1,1,1,8416.56,0.0,0.0,0,1,True,mule
MULE_06_009,1,1,1.0,7.287269427600274e-05,0.0,0.0,8608.13,8838.7,1,1,1,1,8608.13,0.0,0.0,0,1,True,mule
KING_03,0,56,57.0,7.153249159373995e-05,0.0,0.0,512199.66,0.0,56,0,56,0,9146.422499999999,356.4393579137973,0.017857142857142856,41,1,True,kingpin
MULE_03_009,1,1,1.0,7.257496233793372e-05,0.0,0.0,8382.92,8736.96,1,1,1,1,8382.92,0.0,0.0,0,1,True,mule
MULE_03_042,1,1,1.0,7.256019920462659e-05,0.0,0.0,8343.3,8613.23,1,1,1,1,8343.3,0.0,0.0,0,1,True,mule
MULE_03_050,1,1,1.0,7.25809986016855e-05,0.0,0.0,8482.75,8787.55,1,1,1,1,8482.75,0.0,0.0,0,1,True,mule
MULE_03_000,1,1,1.0,7.263039239700721e-05,0.0,0.0,8902.65,9201.52,1,1,1,1,8902.65,0.0,0.0,0,1,True,mule
MULE_03_053,1,1,1.0,7.26329565264404e-05,0.0,0.0,8929.03,9223.01,1,1,1,1,8929.03,0.0,0.0,0,1,True,mule
MULE_03_029,1,1,1.0,7.260884010759262e-05,0.0,0.0,8704.24,9020.89,1,1,1,1,8704.24,0.0,0.0,0,1,True,mule
MULE_03_021,1,1,1.0,7.258336705069662e-05,0.0,0.0,8691.44,8807.4,1,1,1,1,8691.44,0.0,0.0,0,1,True,mule
MULE_03_013,1,1,1.0,7.260882698268625e-05,0.0,0.0,8860.3,9020.78,1,1,1,1,8860.3,0.0,0.0,0,1,True,mule
SINK_03,56,0,0.017543859649122806,0.003545676536510845,0.0,0.0,0.0,496741.15,0,56,0,56,0.0,0.0,0.0,0,0,True,sink
MULE_03_001,1,1,1.0,7.256718881384935e-05,0.0,0.0,8584.17,8671.81,1,1,1,1,8584.17,0.0,0.0,0,1,True,mule
MULE_03_019,1,1,1.0,7.266165950347398e-05,0.0,0.0,9191.24,9463.57,1,1,1,1,9191.24,0.0,0.0,0,1,True,mule
MULE_03_047,1,1,1.0,7.255464498289017e-05,0.0,0.0,8478.72,8566.68,1,1,1,1,8478.72,0.0,0.0,0,1,True,mule
MULE_03_015,1,1,1.0,7.267959409142674e-05,0.0,0.0,9363.84,9613.88,1,1,1,1,9363.84,0.0,0.0,0,1,True,mule
MULE_03_055,1,1,1.0,7.265181224418491e-05,0.0,0.0,9164.52,9381.04,1,1,1,1,9164.52,0.0,0.0,0,1,True,mule
MULE_03_044,1,1,1.0,7.261964190552597e-05,0.0,0.0,8795.51,9111.42,1,1,1,1,8795.51,0.0,0.0,0,1,True,mule
MULE_03_045,1,1,1.0,7.268900345611275e-05,0.0,0.0,9472.76,9692.74,1,1,1,1,9472.76,0.0,0.0,0,1,True,mule
MULE_03_040,1,1,1.0,7.263945454826136e-05,0.0,0.0,9135.38,9277.47,1,1,1,1,9135.38,0.0,0.0,0,1,True,mule
MULE_03_038,1,1,1.0,7.267395873390557e-05,0.0,0.0,9414.11,9566.65,1,1,1,1,9414.11,0.0,0.0,0,1,True,mule
MULE_03_006,1,1,1.0,7.270201620418094e-05,0.0,0.0,9451.05,9801.8,1,1,1,1,9451.05,0.0,0.0,0,1,True,mule
MULE_03_026,1,1,1.0,7.258785218915145e-05,0.0,0.0,8431.15,8844.99,1,1,1,1,8431.15,0.0,0.0,0,1,True,mule
MULE_03_054,1,1,1.0,7.255858364797115e-05,0.0,0.0,8222.01,8599.69,1,1,1,1,8222.01,0.0,0.0,0,1,True,mule
MULE_03_008,1,1,1.0,7.268295764697453e-05,0.0,0.0,9239.57,9642.07,1,1,1,1,9239.57,0.0,0.0,0,1,True,mule
MULE_03_052,1,1,1.0,7.259163335535611e-05,0.0,0.0,8698.84,8876.68,1,1,1,1,8698.84,0.0,0.0,0,1,True,mule
MULE_03_022,1,1,1.0,7.263780558275337e-05,0.0,0.0,8872.07,9263.65,1,1,1,1,8872.07,0.0,0.0,0,1,True,mule
MULE_03_007,1,1,1.0,7.26495153855721e-05,0.0,0.0,9122.27,9361.79,1,1,1,1,9122.27,0.0,0.0,0,1,True,mule
MULE_03_016,1,1,1.0,7.263490259210144e-05,0.0,0.0,9085.53,9239.32,1,1,1,1,9085.53,0.0,0.0,0,1,True,mule
MULE_03_023,1,1,1.0,7.270913706246729e-05,0.0,0.0,9502.26,9861.48,1,1,1,1,9502.26,0.0,0.0,0,1,True,mule
MULE_03_030,1,1,1.0,7.25556794641459e-05,0.0,0.0,8178.51,8575.35,1,1,1,1,8178.51,0.0,0.0,0,1,True,mule
MULE_03_046,1,1,1.0,7.262761230320573e-05,0.0,0.0,9067.15,9178.22,1,1,1,1,9067.15,0.0,0.0,0,1,True,mule
MULE_03_033,1,1,1.0,7.26444778078769e-05,0.0,0.0,9055.7,9319.57,1,1,1,1,9055.7,0.0,0.0,0,1,True,mule
MULE_03_017,1,1,1.0,7.263056302078986e-05,0.0,0.0,8804.89,9202.95,1,1,1,1,8804.89,0.0,0.0,0,1,True,mule
MULE_03_011,1,1,1.0,7.265329535860346e-05,0.0,0.0,9160.2,9393.47,1,1,1,1,9160.2,0.0,0.0,0,1,True,mule
MULE_03_039,1,1,1.0,7.262755861040699e-05,0.0,0.0,8813.89,9177.77,1,1,1,1,8813.89,0.0,0.0,0,1,True,mule
MULE_03_048,1,1,1.0,7.26867853469381e-05,0.0,0.0,9524.46,9674.15,1,1,1,1,9524.46,0.0,0.0,0,1,True,mule
MULE_03_003,1,1,1.0,7.261272746622145e-05,0.0,0.0,8677.6,9053.47,1,1,1,1,8677.6,0.0,0.0,0,1,True,mule
MULE_03_043,1,1,1.0,7.261775191901029e-05,0.0,0.0,8949.0,9095.58,1,1,1,1,8949.0,0.0,1.0,0,1,True,mule
MULE_03_027,1,1,1.0,7.257805265679458e-05,0.0,0.0,8506.78,8762.86,1,1,1,1,8506.78,0.0,0.0,0,1,True,mule
MULE_03_005,1,1,1.0,7.266951654968973e-05,0.0,0.0,9386.56,9529.42,1,1,1,1,9386.56,0.0,0.0,0,1,True,mule
MULE_03_041,1,1,1.0,7.264478922610959e-05,0.0,0.0,9087.13,9322.18,1,1,1,1,9087.13,0.0,0.0,0,1,True,mule
MULE_03_051,1,1,1.0,7.256125277665521e-05,0.0,0.0,8352.07,8622.06,1,1,1,1,8352.07,0.0,0.0,0,1,True,mule
MULE_03_010,1,1,1.0,7.270418539325007e-05,0.0,0.0,9513.63,9819.98,1,1,1,1,9513.63,0.0,0.0,0,1,True,mule
MULE_03_032,1,1,1.0,7.268683546021693e-05,0.0,0.0,9453.27,9674.57,1,1,1,1,9453.27,0.0,0.0,0,1,True,mule
MULE_03_049,1,1,1.0,7.261131236268131e-05,0.0,0.0,8676.42,9041.61,1,1,1,1,8676.42,0.0,0.0,0,1,True,mule
MULE_03_031,1,1,1.0,7.259460077736652e-05,0.0,0.0,8622.8,8901.55,1,1,1,1,8622.8,0.0,0.0,0,1,True,mule
MULE_03_028,1,1,1.0,7.259837478453136e-05,0.0,0.0,8508.76,8933.18,1,1,1,1,8508.76,0.0,0.0,0,1,True,mule
MULE_03_037,1,1,1.0,7.269346831062139e-05,0.0,0.0,9434.94,9730.16,1,1,1,1,9434.94,0.0,0.0,0,1,True,mule
MULE_03_012,1,1,1.0,7.259278357442247e-05,0.0,0.0,8554.98,8886.32,1,1,1,1,8554.98,0.0,0.0,0,1,True,mule
MULE_03_014,1,1,1.0,7.258048195764429e-05,0.0,0.0,8486.29,8783.22,1,1,1,1,8486.29,0.0,0.0,0,1,True,mule
MULE_03_034,1,1,1.0,7.262937581335105e-05,0.0,0.0,8780.71,9193.0,1,1,1,1,8780.71,0.0,0.0,0,1,True,mule
MULE_03_024,1,1,1.0,7.258983285683834e-05,0.0,0.0,8418.78,8861.59,1,1,1,1,8418.78,0.0,0.0,0,1,True,mule
MULE_03_025,1,1,1.0,7.262784497200027e-05,0.0,0.0,8912.3,9180.17,1,1,1,1,8912.3,0.0,0.0,0,1,True,mule
MULE_03_035,1,1,1.0,7.264397428874204e-05,0.0,0.0,9132.61,9315.35,1,1,1,1,9132.61,0.0,0.0,0,1,True,mule
MULE_03_018,1,1,1.0,7.257019203105892e-05,0.0,0.0,8427.25,8696.98,1,1,1,1,8427.25,0.0,0.0,0,1,True,mule
MULE_03_004,1,1,1.0,7.261165838293985e-05,0.0,0.0,8838.76,9044.51,1,1,1,1,8838.76,0.0,0.0,0,1,True,mule
MULE_03_002,1,1,1.0,7.261464370254985e-05,0.0,0.0,8618.9,9069.53,1,1,1,1,8618.9,0.0,0.0,0,1,True,mule
MULE_03_020,1,1,1.0,7.26025747545662e-05,0.0,0.0,8722.57,8968.38,1,1,1,1,8722.57,0.0,0.0,0,1,True,mule
MULE_03_036,1,1,1.0,7.259971829767319e-05,0.0,0.0,8552.61,8944.44,1,1,1,1,8552.61,0.0,0.0,0,1,True,mule
KING_04,0,31,32.0,7.153249159373995e-05,0.0,0.0,285459.93,0.0,31,0,31,0,9208.384838709677,406.08541863234444,0.0,26,1,True,kingpin
MULE_04_020,1,1,1.0,7.346357194526105e-05,0.0,0.0,8750.71,9019.92,1,1,1,1,8750.71,0.0,0.0,0,1,True,mule
MULE_04_021,1,1,1.0,7.335731020217753e-05,8.510638297872341e-07,0.0,8174.06,8523.58,1,1,1,1,8174.06,0.0,0.0,0,1,True,mule
MULE_04_025,1,1,1.0,7.349077430065493e-05,0.0,0.0,8830.2,9146.98,1,1,1,1,8830.2,0.0,0.0,0,1,True,mule
MULE_04_014,1,1,1.0,7.350991828475156e-05,0.0,0.0,8783.22,9236.4,1,1,1,1,8783.22,0.0,0.0,0,1,True,mule
MULE_04_002,1,1,1.0,7.350882214072814e-05,0.0,0.0,8999.31,9231.28,1,1,1,1,8999.31,0.0,0.0,0,1,True,mule
MULE_04_010,1,1,1.0,7.364528778983218e-05,0.0,0.0,9398.34,9868.7,1,1,1,1,9398.34,0.0,0.0,0,1,True,mule
MULE_04_013,1,1,1.0,7.345361673098578e-05,0.0,0.0,8584.99,8973.42,1,1,1,1,8584.99,0.0,0.0,0,1,True,mule
MULE_04_030,1,1,1.0,7.338761044898136e-05,0.0,0.0,8358.08,8665.11,1,1,1,1,8358.08,0.0,0.0,0,1,True,mule
MULE_04_018,1,1,1.0,7.34108392822903e-05,0.0,0.0,8479.08,8773.61,1,1,1,1,8479.08,0.0,0.0,0,1,True,mule
MULE_04_011,1,1,1.0,7.351803660142507e-05,0.0,0.0,8951.51,9274.32,1,1,1,1,8951.51,0.0,0.0,0,1,True,mule
MULE_04_007,1,1,1.0,7.347934400194189e-05,0.0,0.0,8677.04,9093.59,1,1,1,1,8677.04,0.0,0.0,0,1,True,mule
MULE_04_006,1,1,1.0,7.34078612816329e-05,0.0,0.0,8620.97,8759.7,1,1,1,1,8620.97,0.0,0.0,0,1,True,mule
SINK_04,31,0,0.03125,0.0020178191332035312,0.0,0.0,0.0,276553.52,0,31,0,31,0.0,0.0,0.0,0,0,True,sink
MULE_04_019,1,1,1.0,7.354611244658761e-05,0.0,0.0,9112.54,9405.46,1,1,1,1,9112.54,0.0,0.0,0,1,True,mule
MULE_04_028,1,1,1.0,7.343490949177348e-05,0.0,0.0,8702.69,8886.04,1,1,1,1,8702.69,0.0,0.0,0,1,True,mule
MULE_04_016,1,1,1.0,7.346948298754363e-05,0.0,0.0,8903.02,9047.53,1,1,1,1,8903.02,0.0,0.0,0,1,True,mule
MULE_04_001,1,1,1.0,7.359092161535777e-05,0.0,0.0,9174.59,9614.76,1,1,1,1,9174.59,0.0,0.0,0,1,True,mule
MULE_04_026,1,1,1.0,7.34868478785085e-05,0.0,0.0,8947.75,9128.64,1,1,1,1,8947.75,0.0,0.0,0,1,True,mule
MULE_04_004,1,1,1.0,7.361510957468722e-05,0.0,0.0,9448.8,9727.74,1,1,1,1,9448.8,0.0,0.0,0,1,True,mule
MULE_04_008,1,1,1.0,7.363200132536072e-05,0.0,0.0,9426.35,9806.64,1,1,1,1,9426.35,0.0,0.0,0,1,True,mule
MULE_04_022,1,1,1.0,7.365028466512647e-05,0.0,0.0,9660.68,9892.04,1,1,1,1,9660.68,0.0,0.0,0,1,True,mule
MULE_04_024,1,1,1.0,7.362392796771944e-05,0.0,0.0,9496.83,9768.93,1,1,1,1,9496.83,0.0,0.0,0,1,True,mule
MULE_04_015,1,1,1.0,7.335640673972071e-05,0.0,0.0,8417.15,8519.36,1,1,1,1,8417.15,0.0,0.0,0,1,True,mule
MULE_04_017,1,1,1.0,7.364489600398006e-05,0.0,0.0,9539.15,9866.87,1,1,1,1,9539.15,0.0,0.0,0,1,True,mule
MULE_04_000,1,1,1.0,7.358035410188191e-05,0.0,0.0,9126.21,9565.4,1,1,1,1,9126.21,0.0,0.0,0,1,True,mule
MULE_04_005,1,1,1.0,7.353891257871499e-05,0.0,0.0,9227.93,9371.83,1,1,1,1,9227.93,0.0,0.0,0,1,True,mule
MULE_04_023,1,1,1.0,7.352335247175744e-05,0.0,0.0,8946.4,9299.15,1,1,1,1,8946.4,0.0,0.0,0,1,True,mule
MULE_04_029,1,1,1.0,7.338052833095499e-05,0.0,0.0,8483.92,8632.03,1,1,1,1,8483.92,0.0,0.0,0,1,True,mule
MULE_04_027,1,1,1.0,7.345109260246309e-05,0.0,0.0,8714.78,8961.63,1,1,1,1,8714.78,0.0,0.0,0,1,True,mule
MULE_04_012,1,1,1.0,7.349137375441773e-05,0.0,0.0,8919.4,9149.78,1,1,1,1,8919.4,0.0,0.0,0,1,True,mule
MULE_04_009,1,1,1.0,7.346892849281303e-05,0.0,0.0,8851.91,9044.94,1,1,1,1,8851.91,0.0,0.0,0,1,True,mule
MULE_04_003,1,1,1.0,7.350309949819959e-05,0.0,0.0,8845.91,9204.55,1,1,1,1,8845.91,0.0,0.0,0,1,True,mule
KING_02,0,31,32.0,7.153249159373995e-05,0.0,0.0,280498.15,0.0,31,0,31,0,9048.327419354839,375.2043673428101,0.0,22,1,True,kingpin
MULE_02_006,1,1,1.0,7.362582582411432e-05,0.0,0.0,9429.88,9607.84,1,1,1,1,9429.88,0.0,0.0,0,1,True,mule
MULE_02_018,1,1,1.0,7.358049418662123e-05,0.0,0.0,9126.8,9399.78,1,1,1,1,9126.8,0.0,0.0,0,1,True,mule
MULE_02_005,1,1,1.0,7.349693590393846e-05,0.0,0.0,8832.35,9016.27,1,1,1,1,8832.35,0.0,0.0,0,1,True,mule
MULE_02_008,1,1,1.0,7.342186395827555e-05,0.0,0.0,8433.78,8671.71,1,1,1,1,8433.78,0.0,0.0,0,1,True,mule
MULE_02_030,1,1,1.0,7.33953090223068e-05,0.0,0.0,8208.21,8549.83,1,1,1,1,8208.21,0.0,0.0,0,1,True,mule
MULE_02_000,1,1,1.0,7.345459790625674e-05,0.0,0.0,8656.55,8821.95,1,1,1,1,8656.55,0.0,0.0,0,1,True,mule
MULE_02_028,1,1,1.0,7.352582866779484e-05,0.0,0.0,8707.18,9148.88,1,1,1,1,8707.18,0.0,0.0,0,1,True,mule
MULE_02_029,1,1,1.0,7.34168266254925e-05,0.0,0.0,8518.75,8648.59,1,1,1,1,8518.75,0.0,0.0,0,1,True,mule
MULE_02_010,1,1,1.0,7.33927358864864e-05,8.527693685242827e-07,0.0,8117.56,8538.02,1,1,1,1,8117.56,0.0,0.0,0,1,True,mule
SINK_02,31,0,0.03125,0.0020178191332035312,0.0,0.0,0.0,272745.1,0,31,0,31,0.0,0.0,0.0,0,0,True,sink
MULE_02_009,1,1,1.0,7.356988136309778e-05,0.0,0.0,9034.09,9351.07,1,1,1,1,9034.09,0.0,0.0,0,1,True,mule
MULE_02_012,1,1,1.0,7.33848203890812e-05,0.0,0.0,8163.55,8501.69,1,1,1,1,8163.55,0.0,0.0,0,1,True,mule
MULE_02_011,1,1,1.0,7.351583679576064e-05,0.0,0.0,8683.48,9103.02,1,1,1,1,8683.48,0.0,0.0,0,1,True,mule
MULE_02_003,1,1,1.0,7.351284969228074e-05,0.0,0.0,8991.71,9089.31,1,1,1,1,8991.71,0.0,0.0,0,1,True,mule
MULE_02_026,1,1,1.0,7.357267673418802e-05,0.0,0.0,9079.59,9363.9,1,1,1,1,9079.59,0.0,0.0,0,1,True,mule
MULE_02_001,1,1,1.0,7.354867314626812e-05,0.0,0.0,9130.9,9253.73,1,1,1,1,9130.9,0.0,0.0,0,1,True,mule
MULE_02_025,1,1,1.0,7.352635593186642e-05,0.0,0.0,8916.29,9151.3,1,1,1,1,8916.29,0.0,0.0,0,1,True,mule
MULE_02_022,1,1,1.0,7.340432915972972e-05,0.0,0.0,8404.44,8591.23,1,1,1,1,8404.44,0.0,0.0,0,1,True,mule
MULE_02_004,1,1,1.0,7.359747557576961e-05,0.0,0.0,9354.8,9477.72,1,1,1,1,9354.8,0.0,0.0,0,1,True,mule
MULE_02_019,1,1,1.0,7.361111907831608e-05,0.0,0.0,9162.07,9540.34,1,1,1,1,9162.07,0.0,0.0,0,1,True,mule
MULE_02_013,1,1,1.0,7.347672556704592e-05,0.0,0.0,8546.1,8923.51,1,1,1,1,8546.1,0.0,0.0,0,1,True,mule
MULE_02_023,1,1,1.0,7.356911879109342e-05,0.0,0.0,8984.7,9347.57,1,1,1,1,8984.7,0.0,0.0,0,1,True,mule
MULE_02_017,1,1,1.0,7.339614349395728e-05,0.0,0.0,8134.57,8553.66,1,1,1,1,8134.57,0.0,0.0,0,1,True,mule
MULE_02_002,1,1,1.0,7.340883269210972e-05,0.0,0.0,8311.72,8611.9,1,1,1,1,8311.72,0.0,0.0,0,1,True,mule
MULE_02_021,1,1,1.0,7.349533450272931e-05,0.0,0.0,8884.92,9008.92,1,1,1,1,8884.92,0.0,0.0,0,1,True,mule
MULE_02_014,1,1,1.0,7.360064787530772e-05,0.0,0.0,9388.91,9492.28,1,1,1,1,9388.91,0.0,0.0,0,1,True,mule
MULE_02_016,1,1,1.0,7.342200993634496e-05,0.0,0.0,8438.25,8672.38,1,1,1,1,8438.25,0.0,0.0,0,1,True,mule
MULE_02_020,1,1,1.0,7.359879591472572e-05,0.0,0.0,9374.99,9483.78,1,1,1,1,9374.99,0.0,0.0,0,1,True,mule
MULE_02_024,1,1,1.0,7.36337129974165e-05,0.0,0.0,9416.55,9644.04,1,1,1,1,9416.55,0.0,0.0,0,1,True,mule
MULE_02_027,1,1,1.0,7.352616202069959e-05,0.0,0.0,9048.2,9150.41,1,1,1,1,9048.2,0.0,0.0,0,1,True,mule
MULE_02_015,1,1,1.0,7.354633313960334e-05,0.0,0.0,8811.0,9242.99,1,1,1,1,8811.0,0.0,1.0,0,1,True,mule
MULE_02_007,1,1,1.0,7.339328275955238e-05,0.0,0.0,8453.21,8540.53,1,1,1,1,8453.21,0.0,0.0,0,1,True,mule
KING_07,0,40,41.0,7.153249159373995e-05,0.0,0.0,367470.36,0.0,40,0,40,0,9186.759,406.79822493372643,0.025,30,1,True,kingpin
MULE_07_032,1,1,1.0,7.308715846720649e-05,0.0,0.0,8968.22,9347.96,1,1,1,1,8968.22,0.0,0.0,0,1,True,mule
MULE_07_002,1,1,1.0,7.297219112499602e-05,0.0,0.0,8484.41,8656.68,1,1,1,1,8484.41,0.0,0.0,0,1,True,mule
MULE_07_035,1,1,1.0,7.316220955000844e-05,0.0,0.0,9496.84,9799.23,1,1,1,1,9496.84,0.0,0.0,0,1,True,mule
MULE_07_003,1,1,1.0,7.296042796084465e-05,0.0,0.0,8261.78,8585.95,1,1,1,1,8261.78,0.0,0.0,0,1,True,mule
MULE_07_012,1,1,1.0,7.299142497108825e-05,0.0,0.0,8433.44,8772.33,1,1,1,1,8433.44,0.0,0.0,0,1,True,mule
MULE_07_039,1,1,1.0,7.31716393733844e-05,0.0,0.0,9604.24,9855.93,1,1,1,1,9604.24,0.0,0.0,0,1,True,mule
MULE_07_017,1,1,1.0,7.307992560973523e-05,0.0,0.0,9067.1,9304.47,1,1,1,1,9067.1,0.0,0.0,0,1,True,mule
MULE_07_021,1,1,1.0,7.306105432122606e-05,0.0,0.0,9058.81,9191.0,1,1,1,1,9058.81,0.0,0.0,0,1,True,mule
MULE_07_027,1,1,1.0,7.305522180084166e-05,0.0,0.0,8872.3,9155.93,1,1,1,1,8872.3,0.0,0.0,0,1,True,mule
SINK_07,40,0,0.024390243902439025,0.0025678477983941636,0.0,0.0,0.0,356714.07,0,40,0,40,0.0,0.0,0.0,0,0,True,sink
MULE_07_036,1,1,1.0,7.294623998496806e-05,0.0,0.0,8395.36,8500.64,1,1,1,1,8395.36,0.0,0.0,0,1,True,mule
MULE_07_029,1,1,1.0,7.313075185879922e-05,0.0,0.0,9271.04,9610.08,1,1,1,1,9271.04,0.0,0.0,0,1,True,mule
MULE_07_031,1,1,1.0,7.314401015720365e-05,0.0,0.0,9313.43,9689.8,1,1,1,1,9313.43,0.0,0.0,0,1,True,mule
MULE_07_020,1,1,1.0,7.303022528490856e-05,0.0,0.0,8861.48,9005.63,1,1,1,1,8861.48,0.0,0.0,0,1,True,mule
MULE_07_008,1,1,1.0,7.296393212977819e-05,0.0,0.0,8499.8,8607.02,1,1,1,1,8499.8,0.0,0.0,0,1,True,mule
MULE_07_009,1,1,1.0,7.316466928700545e-05,0.0,0.0,9560.4,9814.02,1,1,1,1,9560.4,0.0,0.0,0,1,True,mule
MULE_07_028,1,1,1.0,7.30409822686115e-05,0.0,0.0,8740.76,9070.31,1,1,1,1,8740.76,0.0,0.0,0,1,True,mule
MULE_07_037,1,1,1.0,7.300310497983063e-05,0.0,0.0,8510.54,8842.56,1,1,1,1,8510.54,0.0,0.0,0,1,True,mule
MULE_07_016,1,1,1.0,7.312425409514315e-05,0.0,0.0,9092.9,9571.01,1,1,1,1,9092.9,0.0,0.0,0,1,True,mule
MULE_07_038,1,1,1.0,7.307027126675509e-05,0.0,0.0,9003.89,9246.42,1,1,1,1,9003.89,0.0,0.0,0,1,True,mule
MULE_07_010,1,1,1.0,7.306144348853998e-05,0.0,0.0,8941.21,9193.34,1,1,1,1,8941.21,0.0,0.0,0,1,True,mule
MULE_07_019,1,1,1.0,7.302603425229702e-05,0.0,0.0,8701.7,8980.43,1,1,1,1,8701.7,0.0,0.0,0,1,True,mule
MULE_07_015,1,1,1.0,7.301047254906442e-05,0.0,0.0,8596.99,8886.86,1,1,1,1,8596.99,0.0,0.0,0,1,True,mule
MULE_07_013,1,1,1.0,7.310319581937835e-05,0.0,0.0,9045.3,9444.39,1,1,1,1,9045.3,0.0,0.0,0,1,True,mule
MULE_07_024,1,1,1.0,7.295958476499781e-05,0.0,0.0,8239.3,8580.88,1,1,1,1,8239.3,0.0,0.0,0,1,True,mule
MULE_07_023,1,1,1.0,7.314740788721372e-05,0.0,0.0,9286.23,9710.23,1,1,1,1,9286.23,0.0,0.0,0,1,True,mule
MULE_07_001,1,1,1.0,7.309522121565917e-05,0.0,0.0,9287.8,9396.44,1,1,1,1,9287.8,0.0,0.0,0,1,True,mule
MULE_07_007,1,1,1.0,7.311143319418984e-05,0.0,0.0,9239.53,9493.92,1,1,1,1,9239.53,0.0,0.0,0,1,True,mule
MULE_07_034,1,1,1.0,7.301939845066209e-05,0.0,0.0,8644.49,8940.53,1,1,1,1,8644.49,0.0,0.0,0,1,True,mule
MULE_07_000,1,1,1.0,7.298562238665108e-05,0.0,0.0,8576.08,8737.44,1,1,1,1,8576.08,0.0,0.0,0,1,True,mule
MULE_07_005,1,1,1.0,7.310446477091907e-05,0.0,0.0,9168.94,9452.02,1,1,1,1,9168.94,0.0,0.0,0,1,True,mule
MULE_07_011,1,1,1.0,7.3126935025528e-05,0.0,0.0,9357.81,9587.13,1,1,1,1,9357.81,0.0,0.0,0,1,True,mule
MULE_07_006,1,1,1.0,7.304962211560236e-05,0.0,0.0,9003.19,9122.26,1,1,1,1,9003.19,0.0,0.0,0,1,True,mule
MULE_07_004,1,1,1.0,7.294992044336859e-05,0.0,0.0,8191.51,8522.77,1,1,1,1,8191.51,0.0,0.0,0,1,True,mule
MULE_07_014,1,1,1.0,7.314101489937295e-05,0.0,0.0,9371.32,9671.79,1,1,1,1,9371.32,0.0,0.0,0,1,True,mule
MULE_07_033,1,1,1.0,7.304273851084873e-05,0.0,0.0,8849.2,9080.87,1,1,1,1,8849.2,0.0,0.0,0,1,True,mule
MULE_07_030,1,1,1.0,7.317502712474539e-05,0.0,0.0,9474.44,9876.3,1,1,1,1,9474.44,0.0,0.0,0,1,True,mule
MULE_07_018,1,1,1.0,7.301991068798127e-05,0.0,0.0,8821.91,8943.61,1,1,1,1,8821.91,0.0,0.0,0,1,True,mule
MULE_07_022,1,1,1.0,7.30460564116662e-05,0.0,0.0,8848.76,9100.82,1,1,1,1,8848.76,0.0,0.0,0,1,True,mule
MULE_07_026,1,1,1.0,7.307486809776235e-05,0.0,0.0,9108.31,9274.06,1,1,1,1,9108.31,0.0,0.0,0,1,True,mule
MULE_07_025,1,1,1.0,7.300389329310757e-05,0.0,0.0,8463.31,8847.3,1,1,1,1,8463.31,0.0,0.0,0,1,True,mule
KING_01,0,47,48.0,7.153249159373995e-05,0.0,0.0,432127.61,0.0,47,0,47,0,9194.204468085107,428.9281902036065,0.0,35,1,True,kingpin
MULE_01_035,1,1,1.0,7.287441836855126e-05,0.0,0.0,9083.9,9488.51,1,1,1,1,9083.9,0.0,0.0,0,1,True,mule
MULE_01_003,1,1,1.0,7.28372953261431e-05,0.0,0.0,9002.0,9226.02,1,1,1,1,9002.0,0.0,1.0,0,1,True,mule
MULE_01_023,1,1,1.0,7.284546836367126e-05,0.0,0.0,8976.68,9283.81,1,1,1,1,8976.68,0.0,0.0,0,1,True,mule
MULE_01_009,1,1,1.0,7.275168703618728e-05,0.0,0.0,8412.75,8620.7,1,1,1,1,8412.75,0.0,0.0,0,1,True,mule
MULE_01_025,1,1,1.0,7.285548843131049e-05,0.0,0.0,9160.81,9354.66,1,1,1,1,9160.81,0.0,0.0,0,1,True,mule
MULE_01_019,1,1,1.0,7.277464480019397e-05,0.0,0.0,8401.65,8783.03,1,1,1,1,8401.65,0.0,0.0,0,1,True,mule
MULE_01_007,1,1,1.0,7.275684203217103e-05,0.0,0.0,8234.84,8657.15,1,1,1,1,8234.84,0.0,0.0,0,1,True,mule
MULE_01_036,1,1,1.0,7.285021463706537e-05,0.0,0.0,8891.03,9317.37,1,1,1,1,8891.03,0.0,0.0,0,1,True,mule
SINK_01,47,0,0.020833333333333332,0.0029956478713202114,0.0,0.0,0.0,419928.02,0,47,0,47,0.0,0.0,0.0,0,0,True,sink
MULE_01_030,1,1,1.0,7.293133122133e-05,0.0,0.0,9669.95,9890.93,1,1,1,1,9669.95,0.0,0.0,0,1,True,mule
MULE_01_018,1,1,1.0,7.288619636760552e-05,0.0,0.0,9369.24,9571.79,1,1,1,1,9369.24,0.0,0.0,0,1,True,mule
MULE_01_011,1,1,1.0,7.274450964123047e-05,0.0,0.0,8355.91,8569.95,1,1,1,1,8355.91,0.0,0.0,0,1,True,mule
MULE_01_008,1,1,1.0,7.284677231601613e-05,0.0,0.0,9096.14,9293.03,1,1,1,1,9096.14,0.0,0.0,0,1,True,mule
MULE_01_017,1,1,1.0,7.274178010974934e-05,0.0,0.0,8254.09,8550.65,1,1,1,1,8254.09,0.0,0.0,0,1,True,mule
MULE_01_015,1,1,1.0,7.277757515730737e-05,0.0,0.0,8713.14,8803.75,1,1,1,1,8713.14,0.0,0.0,0,1,True,mule
MULE_01_040,1,1,1.0,7.274335560097731e-05,0.0,0.0,8255.21,8561.79,1,1,1,1,8255.21,0.0,0.0,0,1,True,mule
MULE_01_004,1,1,1.0,7.287401530302166e-05,0.0,0.0,9372.52,9485.66,1,1,1,1,9372.52,0.0,0.0,0,1,True,mule
MULE_01_043,1,1,1.0,7.280093881537369e-05,0.0,0.0,8763.25,8968.95,1,1,1,1,8763.25,0.0,0.0,0,1,True,mule
MULE_01_022,1,1,1.0,7.28971526786854e-05,0.0,0.0,9454.7,9649.26,1,1,1,1,9454.7,0.0,0.0,0,1,True,mule
MULE_01_033,1,1,1.0,7.290521964633735e-05,0.0,0.0,9407.63,9706.3,1,1,1,1,9407.63,0.0,0.0,0,1,True,mule
MULE_01_042,1,1,1.0,7.289044340544893e-05,0.0,0.0,9468.85,9601.82,1,1,1,1,9468.85,0.0,0.0,0,1,True,mule
MULE_01_031,1,1,1.0,7.285011280998421e-05,0.0,0.0,8963.86,9316.65,1,1,1,1,8963.86,0.0,0.0,0,1,True,mule
MULE_01_010,1,1,1.0,7.285905520768113e-05,0.0,0.0,9186.95,9379.88,1,1,1,1,9186.95,0.0,0.0,0,1,True,mule
MULE_01_041,1,1,1.0,7.287611690083562e-05,0.0,0.0,9221.26,9500.52,1,1,1,1,9221.26,0.0,0.0,0,1,True,mule
MULE_01_032,1,1,1.0,7.291641355393996e-05,0.0,0.0,9483.05,9785.45,1,1,1,1,9483.05,0.0,0.0,0,1,True,mule
MULE_01_027,1,1,1.0,7.284679352999138e-05,0.0,0.0,9035.46,9293.18,1,1,1,1,9035.46,0.0,0.0,0,1,True,mule
MULE_01_045,1,1,1.0,7.288806036889677e-05,0.0,0.0,9453.96,9584.97,1,1,1,1,9453.96,0.0,0.0,0,1,True,mule
MULE_01_034,1,1,1.0,7.276672633036871e-05,0.0,0.0,8559.11,8727.04,1,1,1,1,8559.11,0.0,0.0,0,1,True,mule
MULE_01_039,1,1,1.0,7.276466008918016e-05,0.0,0.0,8434.23,8712.43,1,1,1,1,8434.23,0.0,0.0,0,1,True,mule
MULE_01_013,1,1,1.0,7.291017805948388e-05,0.0,0.0,9527.89,9741.36,1,1,1,1,9527.89,0.0,0.0,0,1,True,mule
MULE_01_005,1,1,1.0,7.290942425623029e-05,0.0,0.0,9281.88,9736.03,1,1,1,1,9281.88,0.0,0.0,0,1,True,mule
MULE_01_038,1,1,1.0,7.288692895688386e-05,0.0,0.0,9434.25,9576.97,1,1,1,1,9434.25,0.0,0.0,0,1,True,mule
MULE_01_029,1,1,1.0,7.274308547635923e-05,0.0,0.0,8261.89,8559.88,1,1,1,1,8261.89,0.0,0.0,0,1,True,mule
MULE_01_006,1,1,1.0,7.277715512059759e-05,0.0,0.0,8476.1,8800.78,1,1,1,1,8476.1,0.0,0.0,0,1,True,mule
MULE_01_020,1,1,1.0,7.290349000022264e-05,0.0,0.0,9539.05,9694.07,1,1,1,1,9539.05,0.0,0.0,0,1,True,mule
MULE_01_024,1,1,1.0,7.282922835849115e-05,0.0,0.0,8979.21,9168.98,1,1,1,1,8979.21,0.0,0.0,0,1,True,mule
MULE_01_014,1,1,1.0,7.288774498779817e-05,0.0,0.0,9291.44,9582.74,1,1,1,1,9291.44,0.0,0.0,0,1,True,mule
MULE_01_002,1,1,1.0,7.27961939562446e-05,0.0,0.0,8834.48,8935.4,1,1,1,1,8834.48,0.0,0.0,0,1,True,mule
MULE_01_012,1,1,1.0,7.287206361729942e-05,0.0,0.0,9088.03,9471.86,1,1,1,1,9088.03,0.0,0.0,0,1,True,mule
MULE_01_046,1,1,1.0,7.291903842980987e-05,0.0,0.0,9341.29,9804.01,1,1,1,1,9341.29,0.0,0.0,0,1,True,mule
MULE_01_000,1,1,1.0,7.27827980380119e-05,0.0,0.0,8658.84,8840.68,1,1,1,1,8658.84,0.0,0.0,0,1,True,mule
MULE_01_026,1,1,1.0,7.27831134191105e-05,0.0,0.0,8493.69,8842.91,1,1,1,1,8493.69,0.0,0.0,0,1,True,mule
MULE_01_021,1,1,1.0,7.277717067751276e-05,0.0,0.0,8397.32,8800.89,1,1,1,1,8397.32,0.0,0.0,0,1,True,mule
MULE_01_044,1,1,1.0,7.274375442371185e-05,0.0,0.0,8294.36,8564.61,1,1,1,1,8294.36,0.0,0.0,0,1,True,mule
MULE_01_016,1,1,1.0,7.290101220791439e-05,0.0,0.0,9434.85,9676.55,1,1,1,1,9434.85,0.0,0.0,0,1,True,mule
MULE_01_037,1,1,1.0,7.28087568723828e-05,0.0,0.0,8654.09,9024.23,1,1,1,1,8654.09,0.0,0.0,0,1,True,mule
MULE_01_028,1,1,1.0,7.274698319074366e-05,0.0,0.0,8445.59,8587.44,1,1,1,1,8445.59,0.0,0.0,0,1,True,mule
MULE_01_001,1,1,1.0,7.28099929400069e-05,0.0,0.0,8811.6,9032.97,1,1,1,1,8811.6,0.0,0.0,0,1,True,mule
KING_05,0,39,40.0,7.153249159373995e-05,0.0,0.0,357769.33,0.0,39,0,39,0,9173.572564102564,381.322482467737,0.02564102564102564,30,1,True,kingpin
MULE_05_022,1,1,1.0,7.320021276000798e-05,0.0,0.0,9651.75,9763.01,1,1,1,1,9651.75,0.0,0.0,0,1,True,mule
MULE_05_024,1,1,1.0,7.307429080203333e-05,0.0,0.0,8678.54,9025.85,1,1,1,1,8678.54,0.0,0.0,0,1,True,mule
MULE_05_026,1,1,1.0,7.308249530531826e-05,0.0,0.0,8714.76,9073.88,1,1,1,1,8714.76,0.0,0.0,0,1,True,mule
MULE_05_006,1,1,1.0,7.309251562933855e-05,0.0,0.0,8869.47,9132.54,1,1,1,1,8869.47,0.0,0.0,0,1,True,mule
MULE_05_033,1,1,1.0,7.308896598165459e-05,0.0,0.0,8887.27,9111.76,1,1,1,1,8887.27,0.0,0.0,0,1,True,mule
SINK_05,39,0,0.025,0.0025067335022618707,0.0,0.0,0.0,347360.44,0,39,0,39,0.0,0.0,0.0,0,0,True,sink
MULE_05_028,1,1,1.0,7.314200742065116e-05,0.0,0.0,8988.69,9422.27,1,1,1,1,8988.69,0.0,0.0,0,1,True,mule
MULE_05_018,1,1,1.0,7.298607744493624e-05,0.0,0.0,8326.09,8509.44,1,1,1,1,8326.09,0.0,0.0,0,1,True,mule
MULE_05_030,1,1,1.0,7.303562560697721e-05,0.0,0.0,8463.52,8799.5,1,1,1,1,8463.52,0.0,0.0,0,1,True,mule
MULE_05_001,1,1,1.0,7.31352275594107e-05,0.0,0.0,9125.38,9382.58,1,1,1,1,9125.38,0.0,0.0,0,1,True,mule
MULE_05_027,1,1,1.0,7.306409794942013e-05,0.0,0.0,8792.55,8966.18,1,1,1,1,8792.55,0.0,0.0,0,1,True,mule
MULE_05_014,1,1,1.0,7.310369069918865e-05,0.0,0.0,9056.9,9197.96,1,1,1,1,9056.9,0.0,0.0,0,1,True,mule
MULE_05_008,1,1,1.0,7.318107404362147e-05,0.0,0.0,9333.33,9650.97,1,1,1,1,9333.33,0.0,0.0,0,1,True,mule
MULE_05_007,1,1,1.0,7.299972086940777e-05,0.0,0.0,8451.52,8589.31,1,1,1,1,8451.52,0.0,0.0,0,1,True,mule
MULE_05_036,1,1,1.0,7.301435846854344e-05,0.0,0.0,8479.45,8675.0,1,1,1,1,8479.45,0.0,0.0,0,1,True,mule
MULE_05_003,1,1,1.0,7.31681583140072e-05,0.0,0.0,9236.14,9575.36,1,1,1,1,9236.14,0.0,0.0,0,1,True,mule
MULE_05_015,1,1,1.0,7.308147892400356e-05,0.0,0.0,8742.46,9067.93,1,1,1,1,8742.46,0.0,0.0,0,1,True,mule
MULE_05_021,1,1,1.0,7.30826285452217e-05,0.0,0.0,8852.36,9074.66,1,1,1,1,8852.36,0.0,0.0,0,1,True,mule
MULE_05_031,1,1,1.0,7.318519081499701e-05,0.0,0.0,9494.95,9675.07,1,1,1,1,9494.95,0.0,0.0,0,1,True,mule
MULE_05_019,1,1,1.0,7.307203597289818e-05,0.0,0.0,8595.4,9012.65,1,1,1,1,8595.4,0.0,0.0,0,1,True,mule
MULE_05_010,1,1,1.0,7.303307184216128e-05,0.0,0.0,8475.08,8784.55,1,1,1,1,8475.08,0.0,0.0,0,1,True,mule
MULE_05_005,1,1,1.0,7.304984811256755e-05,0.0,0.0,8638.82,8882.76,1,1,1,1,8638.82,0.0,0.0,0,1,True,mule
MULE_05_002,1,1,1.0,7.312787374166311e-05,0.0,0.0,9237.53,9339.53,1,1,1,1,9237.53,0.0,0.0,0,1,True,mule
MULE_05_037,1,1,1.0,7.308232960954092e-05,0.0,0.0,8644.03,9072.91,1,1,1,1,8644.03,0.0,0.0,0,1,True,mule
MULE_05_011,1,1,1.0,7.298620385202412e-05,0.0,0.0,8388.55,8510.18,1,1,1,1,8388.55,0.0,0.0,0,1,True,mule
MULE_05_009,1,1,1.0,7.310832334813904e-05,0.0,0.0,8992.84,9225.08,1,1,1,1,8992.84,0.0,0.0,0,1,True,mule
MULE_05_029,1,1,1.0,7.312251168965157e-05,0.0,0.0,8910.79,9308.14,1,1,1,1,8910.79,0.0,0.0,0,1,True,mule
MULE_05_004,1,1,1.0,7.32161400530808e-05,0.0,0.0,9578.13,9856.25,1,1,1,1,9578.13,0.0,0.0,0,1,True,mule
MULE_05_034,1,1,1.0,7.314686555251506e-05,0.0,0.0,9284.0,9450.71,1,1,1,1,9284.0,0.0,1.0,0,1,True,mule
MULE_05_035,1,1,1.0,7.308249530531826e-05,0.0,0.0,8938.67,9073.88,1,1,1,1,8938.67,0.0,0.0,0,1,True,mule
MULE_05_012,1,1,1.0,7.322224346558072e-05,0.0,0.0,9503.38,9891.98,1,1,1,1,9503.38,0.0,0.0,0,1,True,mule
MULE_05_025,1,1,1.0,7.300903570522138e-05,0.0,0.0,8387.71,8643.84,1,1,1,1,8387.71,0.0,0.0,0,1,True,mule
MULE_05_017,1,1,1.0,7.305311761481351e-05,0.0,0.0,8495.48,8901.9,1,1,1,1,8495.48,0.0,0.0,0,1,True,mule
MULE_05_038,1,1,1.0,7.321779188624268e-05,0.0,0.0,9472.93,9865.92,1,1,1,1,9472.93,0.0,0.0,0,1,True,mule
MULE_05_020,1,1,1.0,7.30187178048714e-05,0.0,0.0,8390.74,8700.52,1,1,1,1,8390.74,0.0,0.0,0,1,True,mule
MULE_05_016,1,1,1.0,7.309020613767891e-05,0.0,0.0,8855.87,9119.02,1,1,1,1,8855.87,0.0,0.0,0,1,True,mule
MULE_05_032,1,1,1.0,7.31174366158936e-05,0.0,0.0,8879.31,9278.43,1,1,1,1,8879.31,0.0,0.0,0,1,True,mule
MULE_05_013,1,1,1.0,7.313302055998448e-05,0.0,0.0,9231.91,9369.66,1,1,1,1,9231.91,0.0,0.0,0,1,True,mule
MULE_05_000,1,1,1.0,7.309492419682382e-05,0.0,0.0,8901.68,9146.64,1,1,1,1,8901.68,0.0,0.0,0,1,True,mule
MULE_05_023,1,1,1.0,7.31794580827413e-05,0.0,0.0,9412.46,9641.51,1,1,1,1,9412.46,0.0,0.0,0,1,True,mule
