user_id,plan_type,region,account_age_days,recency_days,frequency_7d,frequency_30d,monetary_30d,monetary_total,avg_session_duration,recent_avg_duration,avg_pages_viewed,login_trend_slope,n_orders_total,avg_order_value,top_category,churn_label,ltv_12m
U_00000,Free,West,507,24,0,1,0.0,0.0,2.0700000000000003,0.0,4.3,-0.0714285714285713,0,0.0,None,1,0.0
U_00001,Free,North,692,42,0,0,0.0,0.0,2.867272727272727,0.0,6.0,0.07142857142857138,0,0.0,None,1,0.0
U_00002,Pro,South,159,44,0,0,0.0,63.29,1.7066666666666668,0.0,4.0,-0.10000000000000012,1,63.29,Electronics,1,145.2883647798742
U_00003,Enterprise,West,775,2,1,4,515.4200000000001,1124.3400000000001,9.1904,10.93,21.32,0.021671826625387,10,112.43400000000001,Fashion,0,529.527870967742
U_00004,Pro,South,281,20,0,2,28.24,67.58,8.190384615384614,0.0,19.115384615384617,-0.00714285714285714,2,33.79,Fashion,0,87.78185053380783
U_00005,Pro,North,463,83,0,0,0.0,0.0,1.7166666666666668,0.0,3.5555555555555554,-0.035714285714285615,0,0.0,None,1,0.0
U_00006,Free,North,791,67,0,0,0.0,0.0,5.3025,0.0,12.25,-2.0083673326242142e-16,0,0.0,None,1,0.0
U_00007,Free,South,312,47,0,0,0.0,35.28,4.137777777777778,0.0,9.11111111111111,0.14285714285714293,1,35.28,Grocery,1,41.27307692307692
U_00008,Pro,East,813,20,0,1,0.0,42.65,8.557826086956522,0.0,20.73913043478261,0.07205882352941181,1,42.65,Fashion,0,19.14790897908979
U_00009,Pro,North,390,1,2,7,150.47,358.64,7.496666666666666,8.2475,15.74074074074074,-0.11208791208791229,5,71.728,Home,0,335.6502564102564
U_00010,Pro,South,778,82,0,0,0.0,300.03,5.048,0.0,11.6,-0.14285714285714277,3,100.00999999999999,Books,1,140.75957583547557
U_00011,Pro,East,756,16,0,2,0.0,270.8,6.221999999999998,0.0,13.466666666666667,0.06643356643356643,4,67.7,Beauty,0,130.74338624338625
U_00012,Free,North,400,45,0,0,0.0,0.0,4.743846153846154,0.0,10.384615384615385,-0.06666666666666654,0,0.0,None,0,0.0
U_00013,Free,West,-29,3,1,2,0.0,14.97,9.63529411764706,10.01,20.235294117647058,-0.05494505494505499,1,14.97,Toys,0,182.135
U_00014,Free,West,721,25,0,1,0.0,0.0,3.9174999999999995,0.0,10.25,-2.0083673326242142e-16,0,0.0,None,0,0.0
U_00015,Free,South,615,20,0,1,0.0,0.0,6.829473684210526,0.0,14.526315789473685,0.015384615384615344,0,0.0,None,1,0.0
U_00016,Enterprise,North,184,2,2,8,23.58,902.5300000000001,7.485333333333333,9.115000000000002,16.4,0.07647058823529411,7,128.93285714285716,Beauty,0,1790.344836956522
U_00017,Pro,West,-158,8,0,2,0.0,116.47,8.149999999999999,6.98,18.375,-0.0054945054945054654,1,116.47,Sports,0,1417.0516666666667
U_00018,Free,East,237,56,0,0,0.0,0.0,1.38,0.0,4.0,0.0,0,0.0,None,1,0.0
U_00019,Pro,West,430,79,0,0,0.0,79.19,0.3433333333333333,0.0,1.0,1.0276789547548596e-16,1,79.19,Electronics,1,67.21941860465115
U_00020,Free,South,-188,60,0,0,0.0,0.0,3.3540000000000005,0.0,8.8,-1.0507920739455759e-16,0,0.0,None,1,0.0
U_00021,Free,North,803,86,0,0,0.0,144.82,9.429,0.0,20.5,0.03571428571428586,2,72.41,Grocery,1,65.82727272727273
U_00022,Pro,East,-63,52,0,0,0.0,834.76,4.665,0.0,10.666666666666666,-0.03333333333333328,7,119.25142857142858,Fashion,1,7040.131324358977
U_00023,Free,West,544,34,0,0,0.0,0.0,4.369999999999999,0.0,9.875,-0.11428571428571434,0,0.0,None,0,0.0
U_00024,Free,North,699,11,0,2,0.0,0.0,5.3275,6.85,13.75,0.05714285714285709,0,0.0,None,0,0.0
U_00025,Free,North,727,69,0,0,0.0,49.83,7.658823529411764,0.0,18.11764705882353,-0.06666666666666664,2,24.915,Toys,0,25.017812929848695
U_00026,Free,West,524,67,0,0,0.0,0.0,2.19125,0.0,5.125,-0.17142857142857132,0,0.0,None,1,0.0
U_00027,Enterprise,East,-17,90,0,0,0.0,40.25,1.355,0.0,2.5,-7.850462293418875e-17,1,40.25,Fashion,1,489.7083333333333
U_00028,Pro,East,660,5,1,6,0.0,397.03999999999996,9.903846153846153,8.385,22.346153846153847,-0.0955882352941176,6,66.17333333333333,Toys,0,219.5751515151515
U_00029,Enterprise,West,233,1,1,1,0.0,20.24,4.405555555555555,2.02,8.0,-0.035714285714285664,1,20.24,Fashion,1,31.70643776824034
U_00030,Free,East,171,75,0,0,0.0,0.0,2.4419999999999997,0.0,5.0,-0.9999999999999998,0,0.0,None,1,0.0
U_00031,Pro,West,456,1,1,4,0.0,230.32,10.101071428571426,8.9,22.321428571428573,0.0017543859649122894,6,38.38666666666666,Beauty,0,184.35701754385963
U_00032,Free,North,269,43,0,0,0.0,46.92,5.32,0.0,10.75,6.729156486047637e-17,2,23.46,Toys,0,63.66468401486989
U_00033,Free,West,786,36,0,0,0.0,0.0,2.4325,0.0,5.125,-2.751513687042919e-17,0,0.0,None,1,0.0
U_00034,Pro,West,789,42,0,0,0.0,36.5,7.727777777777778,0.0,16.666666666666668,-0.20000000000000012,1,36.5,Sports,0,16.88529784537389
U_00035,Pro,West,633,3,2,7,21.42,361.34,9.766071428571426,8.9825,21.75,0.06372549019607844,5,72.268,Sports,0,208.3556082148499
U_00036,Enterprise,South,127,0,1,7,466.68,759.19,7.645714285714286,5.486666666666667,15.25,0.01715686274509809,6,126.53166666666668,Grocery,0,2181.9240157480317
U_00037,Pro,South,397,6,1,3,39.96,473.06000000000006,8.098181818181818,8.92,17.136363636363637,-0.07352941176470583,9,52.56222222222223,Fashion,0,434.9292191435769
U_00038,Free,South,518,1,2,7,28.98,81.11,11.51346153846154,11.406666666666666,26.153846153846153,0.017156862745098044,4,20.2775,Beauty,0,57.15279922779923
U_00039,Pro,South,228,14,0,2,0.0,129.13,5.061428571428571,0.0,11.904761904761905,0.045454545454545456,2,64.565,Toys,0,206.72127192982455
U_00040,Free,North,369,10,0,3,0.0,43.12,10.946896551724137,9.76,23.310344827586206,0.007142857142857133,3,14.373333333333333,Sports,0,42.65257452574525
U_00041,Pro,East,533,15,0,2,0.0,199.12,8.411666666666667,0.0,18.444444444444443,-0.10489510489510491,3,66.37333333333333,Grocery,0,136.3579737335835
U_00042,Pro,North,6,14,0,3,31.01,311.05,10.314193548387099,0.0,22.93548387096774,0.0014705882352940962,5,62.21,Books,0,3784.441666666667
U_00043,Free,West,107,4,3,6,17.62,51.09,11.762083333333331,11.1025,26.833333333333332,0.04195804195804201,3,17.03,Grocery,0,174.27897196261682
U_00044,Pro,North,592,125,0,0,93.32,195.76999999999998,8.505,0.0,19.75,-2.0083673326242142e-16,3,65.25666666666666,Grocery,1,120.70278716216215
U_00045,Enterprise,North,240,3,1,8,602.75,1786.3000000000002,10.316060606060606,10.565,22.606060606060606,-0.023735810113519048,16,111.64375000000001,Grocery,0,2716.6645833333337
U_00046,Free,South,293,13,0,5,0.0,28.99,5.657142857142857,3.95,12.333333333333334,0.06785714285714284,1,28.99,Fashion,0,36.113822525597264
U_00047,Free,North,-80,2,2,8,0.0,70.35,10.515454545454547,10.157499999999999,22.545454545454547,-0.0017543859649122929,3,23.45,Home,0,855.925
U_00048,Pro,North,75,2,1,3,0.0,89.72,6.834444444444444,5.275,14.88888888888889,0.010989010989011047,3,29.906666666666666,Beauty,0,436.6373333333333
U_00049,Free,North,546,2,2,6,11.09,30.11,7.569166666666667,6.09,16.166666666666668,0.047471620227038186,2,15.055,Home,0,20.128479853479853
U_00050,Free,North,-192,4,1,7,0.0,16.86,7.048076923076923,6.025,14.653846153846153,0.014705882352941223,1,16.86,Electronics,0,205.12999999999997
U_00051,Free,South,727,67,0,0,0.0,0.0,3.525,0.0,7.333333333333333,0.19999999999999996,0,0.0,None,1,0.0
U_00052,Enterprise,East,407,7,0,3,356.99,469.3,6.38421052631579,5.59,13.578947368421053,2.4578511201093135e-17,4,117.325,Home,0,420.87100737100735
U_00053,Pro,North,45,122,0,0,0.0,0.0,5.74,0.0,14.0,0.0,0,0.0,None,1,0.0
U_00054,Pro,West,690,82,0,0,0.0,231.54,5.714,0.0,12.4,-0.16666666666666644,2,115.77,Toys,0,122.48130434782608
U_00055,Free,North,331,64,0,0,0.0,0.0,3.0122222222222224,0.0,6.111111111111111,0.2571428571428571,0,0.0,None,1,0.0
U_00056,Pro,East,811,1,1,3,19.54,19.54,5.326666666666666,5.25,12.555555555555555,-0.02197802197802199,1,19.54,Fashion,0,8.794204685573366
U_00057,Enterprise,South,140,9,0,2,27.46,661.0900000000001,5.754375,3.88,12.1875,0.017582417582417544,7,94.44142857142859,Fashion,0,1723.5560714285718
U_00058,Pro,East,37,16,0,5,120.24000000000001,455.09000000000003,9.909677419354841,0.0,22.612903225806452,0.04166666666666668,6,75.84833333333334,Electronics,0,4489.401351351352
U_00059,Enterprise,East,242,142,0,0,0.0,521.33,3.11,0.0,7.0,0.0,3,173.77666666666667,Electronics,1,786.3035123966944
U_00060,Pro,East,-81,45,0,0,0.0,427.98999999999995,6.48875,0.0,14.25,0.03571428571428577,5,85.59799999999998,Fashion,1,5207.211666666666
U_00061,Pro,East,518,3,1,1,0.0,0.0,0.4666666666666666,0.8,1.0,1.0276789547548596e-16,0,0.0,None,1,0.0
U_00062,Free,South,111,10,0,2,0.0,18.4,5.664666666666665,10.1,12.533333333333333,-0.02727272727272729,1,18.4,Beauty,1,60.5045045045045
U_00063,Free,South,219,2,1,1,0.0,0.0,1.647777777777778,0.3,3.4444444444444446,6.633138920230202e-17,0,0.0,None,0,0.0
U_00064,Free,South,234,1,3,9,16.21,16.21,7.356428571428572,8.190000000000001,15.5,-0.026470588235294093,1,16.21,Beauty,0,25.28482905982906
U_00065,Free,North,366,8,0,6,16.74,16.74,8.863125,11.233333333333334,18.8125,0.14545454545454545,1,16.74,Toys,0,16.694262295081966
U_00066,Enterprise,West,-43,88,0,0,0.0,0.0,3.646,0.0,8.4,-0.5000000000000003,0,0.0,None,1,0.0
U_00067,Free,East,-155,9,0,4,0.0,51.83,6.998333333333334,7.343333333333334,15.416666666666666,0.14285714285714288,2,25.915,Beauty,0,630.5983333333334
U_00068,Free,East,347,85,0,0,0.0,15.76,1.7757142857142856,0.0,3.857142857142857,-0.14285714285714293,1,15.76,Books,1,16.577521613832854
U_00069,Free,North,145,56,0,0,0.0,84.80000000000001,8.181333333333333,0.0,18.4,0.15476190476190477,2,42.400000000000006,Beauty,1,213.4620689655173
U_00070,Free,South,788,2,3,6,0.0,58.300000000000004,10.523500000000002,11.405000000000001,23.05,0.032352941176470605,2,29.150000000000002,Books,0,27.004441624365487
U_00071,Enterprise,West,105,0,2,4,199.51,581.45,6.731428571428572,8.545,15.285714285714286,0.02696078431372549,10,58.145,Beauty,0,2021.2309523809524
U_00072,Pro,East,163,5,1,2,90.47,206.49,3.5475,3.7199999999999998,7.75,-0.027272727272727185,3,68.83,Beauty,0,462.3855828220859
U_00073,Pro,North,-206,36,0,0,0.0,0.0,2.3333333333333335,0.0,5.666666666666667,0.9999999999999998,0,0.0,None,1,0.0
U_00074,Enterprise,West,-24,1,1,3,583.49,712.9200000000001,8.806818181818182,10.05,18.818181818181817,-0.11071428571428563,5,142.584,Beauty,0,7040.131324358977
U_00075,Free,East,549,2,2,9,0.0,55.71,10.108518518518519,11.148,22.074074074074073,0.10714285714285715,1,55.71,Grocery,0,37.03852459016394
U_00076,Enterprise,West,441,19,0,4,0.0,781.94,9.26,0.0,19.2,0.019780219780219734,8,97.7425,Grocery,1,647.1839002267575
U_00077,Free,South,140,7,0,1,0.0,0.0,3.7399999999999998,5.02,7.5,6.729156486047637e-17,0,0.0,None,0,0.0
U_00078,Pro,North,828,56,0,0,0.0,42.19,3.367777777777778,0.0,6.777777777777778,5.664759402336449e-18,1,42.19,Home,1,18.59824879227053
U_00079,Free,South,360,27,0,1,0.0,60.56999999999999,4.304285714285714,0.0,9.142857142857142,0.016483516483516522,2,30.284999999999997,Toys,0,61.411249999999995
U_00080,Pro,East,673,1,1,4,24.49,131.11,3.655384615384615,1.05,8.76923076923077,0.01818181818181817,3,43.70333333333334,Toys,0,71.10720653789005
U_00081,Free,North,728,7,0,6,0.0,28.87,9.152999999999999,11.31,19.9,-0.04656862745098039,1,28.87,Fashion,0,14.474656593406594
U_00082,Free,South,790,4,1,2,28.37,107.96000000000001,9.0535,10.11,19.05,0.04895104895104892,3,35.98666666666667,Fashion,0,49.88025316455697
U_00083,Pro,South,34,4,1,1,102.68,102.68,6.717142857142858,5.78,15.071428571428571,4.907883631361786e-17,1,102.68,Beauty,0,1102.3
U_00084,Free,South,715,1,2,6,0.0,35.22,5.920555555555556,8.477500000000001,13.5,0.06363636363636364,2,17.61,Sports,0,17.979440559440558
U_00085,Enterprise,East,589,2,2,6,300.56,991.51,7.287000000000002,5.28,15.2,0.08791208791208795,7,141.6442857142857,Beauty,0,614.4331918505942
U_00086,Pro,South,436,64,0,0,0.0,0.0,1.98,0.0,5.0,-7.850462293418875e-17,0,0.0,None,1,0.0
U_00087,Pro,West,-76,98,0,0,0.0,0.0,5.484,0.0,11.2,0.17142857142857118,0,0.0,None,1,0.0
U_00088,Free,South,767,6,1,5,0.0,0.0,9.28057142857143,11.04,20.2,-0.027863777089783236,0,0.0,None,0,0.0
U_00089,Pro,North,374,3,1,3,0.0,282.78,7.589565217391305,5.18,16.043478260869566,0.009803921568627506,4,70.695,Home,0,275.97513368983954
U_00090,Free,North,267,28,0,1,0.0,47.2,3.3462500000000004,0.0,8.125,0.29999999999999993,2,23.6,Home,1,64.52434456928839
U_00091,Pro,South,-89,58,0,0,0.0,64.96000000000001,4.528,0.0,9.6,-0.14285714285714257,2,32.480000000000004,Fashion,0,790.3466666666668
U_00092,Free,North,-21,0,4,12,0.0,112.25,8.083225806451612,7.315,17.806451612903224,0.09803921568627451,3,37.416666666666664,Fashion,0,1365.7083333333333
U_00093,Free,North,-69,19,0,2,0.0,0.0,2.896,0.0,5.8,-1.0507920739455759e-16,0,0.0,None,0,0.0
U_00094,Free,South,556,43,0,0,0.0,39.67,6.989999999999999,0.0,13.666666666666666,-0.04999999999999994,2,19.835,Electronics,1,26.042356115107914
U_00095,Pro,North,410,14,0,3,0.0,327.87,5.862500000000001,0.0,11.45,0.06043956043956051,3,109.29,Electronics,0,291.8842682926829
U_00096,Free,North,470,1,1,1,0.0,81.53,5.301428571428572,2.47,11.857142857142858,4.8870404991229254e-17,2,40.765,Beauty,0,63.31585106382979
U_00097,Free,East,-90,10,0,1,0.0,0.0,7.741000000000001,2.37,15.1,6.363375692412363e-17,0,0.0,None,0,0.0
U_00098,Free,East,-168,30,0,0,0.0,0.0,0.7525,0.0,1.5,-2.0083673326242142e-16,0,0.0,None,1,0.0
U_00099,Pro,South,692,14,0,2,0.0,0.0,2.6787500000000004,0.0,5.125,0.11428571428571427,0,0.0,None,1,0.0
U_00100,Free,South,665,27,0,1,0.0,0.0,8.567499999999999,0.0,18.375,-0.057142857142857134,0,0.0,None,1,0.0
U_00101,Free,West,605,0,2,6,8.13,116.94,7.609583333333333,7.5475,16.875,-0.02058823529411759,4,29.235,Home,0,70.5505785123967
U_00102,Free,West,604,1,3,7,0.0,0.0,6.755454545454546,7.889999999999999,16.09090909090909,0.09090909090909098,0,0.0,None,0,0.0
U_00103,Pro,South,336,35,0,0,0.0,350.68999999999994,7.0155,0.0,16.15,0.10909090909090907,6,58.44833333333332,Fashion,1,380.95788690476184
U_00104,Free,South,224,57,0,0,0.0,15.73,2.0516666666666663,0.0,4.333333333333333,0.19999999999999996,1,15.73,Fashion,0,25.631473214285716
U_00105,Enterprise,North,572,0,1,4,142.77,400.14,8.525217391304347,5.62,19.608695652173914,0.057142857142857155,6,66.69,Sports,0,255.3340909090909
U_00106,Free,South,848,14,0,4,0.0,21.81,7.965882352941177,0.0,17.235294117647058,0.16363636363636364,1,21.81,Books,0,9.387558962264151
U_00107,Free,West,406,56,0,0,0.0,107.41,5.131538461538461,0.0,11.538461538461538,-0.006060606060606118,3,35.803333333333335,Home,1,96.56317733990149
U_00108,Free,West,459,15,0,5,0.0,64.42,9.59962962962963,0.0,20.296296296296298,0.022058823529411763,1,64.42,Fashion,0,51.22723311546841
U_00109,Pro,South,249,2,1,4,67.7,612.25,6.5825000000000005,10.08,14.8,0.005494505494505585,6,102.04166666666667,Home,0,897.4748995983936
U_00110,Pro,West,-164,1,1,4,58.04,154.94,8.431875,7.03,18.75,4.103710860630846e-18,3,51.64666666666667,Grocery,0,1885.1033333333332
U_00111,Free,South,116,2,1,7,0.0,57.239999999999995,10.538437499999999,12.2375,22.03125,-0.012383900928792548,2,28.619999999999997,Grocery,0,180.10862068965514
U_00112,Pro,North,303,0,1,2,66.39,415.6,8.015263157894738,6.8,16.894736842105264,-0.0659340659340659,3,138.53333333333333,Books,0,500.64026402640263
U_00113,Free,East,194,42,0,0,0.0,47.75,5.553571428571429,0.0,12.857142857142858,1.5965075749825097e-16,2,23.875,Books,1,89.8389175257732
U_00114,Free,North,132,6,1,1,0.0,0.0,6.984999999999999,2.57,16.071428571428573,0.033333333333333506,0,0.0,None,1,0.0
U_00115,Free,East,795,6,1,9,0.0,0.0,8.7832,9.61,20.08,0.0637254901960784,0,0.0,None,0,0.0
U_00116,Pro,South,-106,0,1,8,63.99,234.41,8.7052,9.065999999999999,19.48,0.09264705882352943,4,58.6025,Electronics,0,2851.9883333333332
U_00117,Pro,East,21,3,3,6,0.0,238.83999999999997,8.639130434782611,8.156666666666666,19.869565217391305,0.11538461538461539,4,59.709999999999994,Fashion,0,2905.8866666666663
U_00118,Free,South,-80,10,0,3,0.0,23.22,7.594333333333333,3.64,16.8,-0.014447884416924664,1,23.22,Home,0,282.51
U_00119,Pro,West,2,0,2,6,42.52,281.99,8.489583333333334,8.8325,18.875,1.4464671552129535e-17,4,70.4975,Home,0,3430.878333333333
U_00120,Free,South,434,30,0,0,0.0,0.0,2.9949999999999997,0.0,5.833333333333333,-0.20000000000000043,0,0.0,None,1,0.0
U_00121,Free,East,427,75,0,0,0.0,0.0,1.795,0.0,2.5,-7.850462293418875e-17,0,0.0,None,0,0.0
U_00122,Free,North,742,15,0,4,0.0,96.31,9.90090909090909,0.0,22.181818181818183,0.016483516483516484,2,48.155,Sports,0,47.37621293800539
U_00123,Pro,North,176,28,0,1,0.0,1008.72,8.308571428571428,0.0,18.428571428571427,-0.024175824175824222,8,126.09,Home,1,2091.947727272727
U_00124,Pro,North,786,0,2,4,0.0,153.12,5.197692307692307,8.430000000000001,11.461538461538462,0.045454545454545504,2,76.56,Electronics,0,71.10534351145039
U_00125,Pro,South,781,0,2,5,0.0,251.86999999999998,8.721111111111112,7.433333333333334,18.37037037037037,-0.048503611971104185,5,50.373999999999995,Fashion,0,117.71133162612034
U_00126,Free,North,630,11,0,5,0.0,57.32,7.8448,11.073333333333332,16.96,0.01225490196078433,1,57.32,Sports,0,33.20920634920635
U_00127,Pro,East,679,39,0,0,0.0,0.0,2.78,0.0,5.0,0.0,0,0.0,None,1,0.0
U_00128,Free,South,490,56,0,0,0.0,0.0,5.069999999999999,0.0,9.727272727272727,0.10714285714285719,0,0.0,None,1,0.0
U_00129,Free,North,796,2,3,8,0.0,23.77,10.300833333333335,10.2,22.52777777777778,0.04334365325077397,1,23.77,Beauty,0,10.899560301507538
U_00130,Free,North,852,102,0,0,0.0,0.0,2.4000000000000004,0.0,5.666666666666667,1.0276789547548596e-16,0,0.0,None,0,0.0
U_00131,Pro,East,691,1,2,3,62.39,289.53999999999996,6.375,6.630000000000001,13.0,0.0121212121212121,5,57.907999999999994,Beauty,0,152.9408104196816
U_00132,Pro,South,744,3,1,4,0.0,236.97000000000003,8.605,12.695,18.346153846153847,-0.0049019607843136664,3,78.99000000000001,Sports,0,116.2554435483871
U_00133,Free,South,465,20,0,2,0.0,21.51,3.3449999999999998,0.0,7.125,-0.1071428571428571,1,21.51,Toys,0,16.8841935483871
U_00134,Free,North,825,15,0,4,0.0,0.0,11.896562499999998,0.0,26.625,0.04953560371517027,0,0.0,None,0,0.0
U_00135,Free,North,-80,46,0,0,0.0,70.6,6.921764705882353,0.0,14.470588235294118,0.018181818181818087,1,70.6,Electronics,1,858.9666666666666
U_00136,Pro,West,198,8,0,4,0.0,132.53,5.930526315789474,5.56,13.368421052631579,-0.015384615384615453,3,44.17666666666667,Beauty,0,244.31035353535353
U_00137,Free,North,694,0,4,7,0.0,5.23,7.221500000000002,4.935,14.6,0.12587412587412586,1,5.23,Toys,0,2.7506484149855908
U_00138,Free,West,584,12,0,2,0.0,12.86,4.917142857142857,6.49,10.857142857142858,4.8870404991229254e-17,1,12.86,Books,0,8.0375
U_00139,Free,East,482,8,0,4,24.18,68.12,9.530689655172415,10.433333333333332,19.862068965517242,0.07500000000000005,3,22.706666666666667,Sports,0,51.58464730290457
U_00140,Pro,East,464,25,0,1,0.0,285.05,7.307499999999998,0.0,17.5,0.03333333333333339,2,142.525,Fashion,0,224.2311422413793
U_00141,Free,West,722,101,0,0,0.0,0.0,3.844,0.0,7.6,-1.0507920739455759e-16,0,0.0,None,1,0.0
U_00142,Free,South,-52,4,1,1,46.33,59.589999999999996,7.009375,2.87,15.6875,-0.14285714285714254,2,29.794999999999998,Electronics,0,725.0116666666667
U_00143,Enterprise,East,-206,9,0,2,0.0,409.76,5.174615384615384,4.56,11.384615384615385,-0.02727272727272726,6,68.29333333333334,Fashion,0,4985.413333333334
U_00144,Free,North,356,76,0,0,0.0,0.0,6.694375,0.0,14.9375,-0.09696969696969684,0,0.0,None,1,0.0
U_00145,Pro,East,337,87,0,0,0.0,194.3,3.5420000000000003,0.0,8.4,-0.3000000000000005,3,64.76666666666667,Grocery,1,210.44362017804156
U_00146,Pro,East,761,69,0,0,0.0,0.0,2.49,0.0,5.8,-0.11904761904761897,0,0.0,None,1,0.0
U_00147,Free,South,744,2,2,5,0.0,78.75,9.22,10.2225,21.666666666666668,0.05147058823529411,4,19.6875,Toys,0,38.63407258064516
U_00148,Free,West,487,60,0,0,0.0,18.54,7.09090909090909,0.0,14.909090909090908,-0.07142857142857144,2,9.27,Sports,1,13.895482546201231
U_00149,Free,East,570,1,1,3,0.0,56.34,8.276521739130434,6.6,17.73913043478261,-0.04437564499484,2,28.17,Grocery,0,36.07736842105263
U_00150,Enterprise,South,-31,1,3,3,134.98,486.46000000000004,3.326470588235294,2.08,7.176470588235294,0.08741258741258742,4,121.61500000000001,Books,0,5918.596666666666
U_00151,Free,South,680,96,0,0,0.0,0.0,4.12625,0.0,10.25,0.05714285714285718,0,0.0,None,1,0.0
U_00152,Free,North,828,75,0,0,0.0,23.04,4.571428571428571,0.0,8.428571428571429,-0.2,1,23.04,Home,0,10.156521739130435
U_00153,Free,North,-161,120,0,0,0.0,6.58,3.76,0.0,8.5,-7.850462293418875e-17,1,6.58,Grocery,1,80.05666666666666
U_00154,Free,South,289,8,0,3,0.0,0.0,5.093846153846154,1.97,11.0,-0.027272727272727216,0,0.0,None,0,0.0
U_00155,Free,North,696,81,0,0,0.0,9.23,4.714285714285714,0.0,9.428571428571429,-0.028571428571428543,1,9.23,Beauty,0,4.840445402298851
U_00156,Free,South,273,36,0,0,0.0,0.0,2.2899999999999996,0.0,5.5,-7.850462293418875e-17,0,0.0,None,1,0.0
U_00157,Free,West,824,125,0,0,0.0,0.0,0.9974999999999999,0.0,1.75,-0.5,0,0.0,None,1,0.0
U_00158,Pro,East,290,1,4,11,58.31,632.8799999999999,8.143333333333333,7.245714285714286,16.958333333333332,0.1398601398601399,9,70.32,Sports,0,796.5558620689653
U_00159,Free,South,-191,3,1,5,0.0,67.42,3.986923076923077,8.71,8.076923076923077,0.05454545454545458,1,67.42,Electronics,0,820.2766666666666
U_00160,Pro,East,-68,102,0,0,0.0,56.8,4.037999999999999,0.0,9.8,-0.9999999999999998,1,56.8,Toys,1,691.0666666666666
U_00161,Pro,East,110,27,0,1,0.0,0.0,1.0399999999999998,0.0,2.6666666666666665,-1.0,0,0.0,None,1,0.0
U_00162,Free,West,574,88,0,0,0.0,0.0,10.5525,0.0,23.333333333333332,-0.30000000000000016,0,0.0,None,1,0.0
U_00163,Pro,North,462,3,1,1,0.0,0.0,3.2027272727272726,3.42,6.454545454545454,-0.059523809523809465,0,0.0,None,0,0.0
U_00164,Free,North,674,0,1,7,0.0,15.67,10.936923076923076,9.226666666666667,23.692307692307693,-2.8144560852409985e-17,1,15.67,Beauty,0,8.485979228486647
U_00165,Free,East,30,1,2,6,0.0,14.25,11.158965517241382,12.797500000000001,24.448275862068964,-0.012280701754385965,1,14.25,Home,0,173.375
U_00166,Pro,West,285,7,0,5,0.0,144.21,7.8732,6.593333333333334,17.84,0.06043956043956048,2,72.105,Grocery,0,184.69
U_00167,Free,North,22,19,0,2,0.0,34.29,4.807333333333333,0.0,11.266666666666667,-0.02447552447552444,1,34.29,Electronics,0,417.195
U_00168,Free,East,501,72,0,0,0.0,167.14000000000001,5.811428571428571,0.0,12.071428571428571,-0.08484848484848483,4,41.785000000000004,Beauty,0,121.76866267465071
U_00169,Pro,North,615,3,2,5,67.57,67.57,6.025925925925928,5.0024999999999995,12.518518518518519,-0.017857142857142738,1,67.57,Toys,0,40.10252032520325
U_00170,Pro,North,-13,95,0,0,0.0,0.0,0.3,0.0,1.0,0.0,0,0.0,None,1,0.0
U_00171,Free,North,-197,999,0,0,0.0,0.0,0.0,0.0,0.0,0.0,0,0.0,None,1,0.0
U_00172,Free,South,-56,34,0,0,0.0,0.0,4.7700000000000005,0.0,10.333333333333334,7.951207131982424e-18,0,0.0,None,1,0.0
U_00173,Free,West,-7,2,1,5,0.0,0.0,8.094666666666665,7.896666666666666,17.566666666666666,-0.05147058823529408,0,0.0,None,0,0.0
U_00174,Free,West,-20,0,3,10,17.29,60.330000000000005,9.067777777777778,7.678571428571429,19.14814814814815,0.08333333333333334,4,15.082500000000001,Fashion,0,734.0150000000001
U_00175,Free,North,64,57,0,0,17.26,41.71,4.115333333333334,0.0,8.266666666666667,-0.06666666666666655,2,20.855,Books,0,237.87734375
U_00176,Free,South,611,88,0,0,0.0,0.0,8.836666666666668,0.0,18.333333333333332,1.0276789547548596e-16,0,0.0,None,1,0.0
U_00177,Pro,East,301,24,0,2,0.0,285.69,8.63625,0.0,18.75,0.0500000000000002,2,142.845,Electronics,0,346.4347176079734
U_00178,Free,West,473,15,0,2,0.0,0.0,4.47,0.0,9.25,6.729156486047637e-17,0,0.0,None,1,0.0
U_00179,Free,East,822,4,1,3,0.0,0.0,6.704444444444444,6.54,14.944444444444445,-0.02197802197802199,0,0.0,None,0,0.0
U_00180,Free,South,823,51,0,0,0.0,0.0,3.8966666666666665,0.0,8.5,-0.10714285714285719,0,0.0,None,1,0.0
U_00181,Pro,East,555,22,0,1,0.0,140.52,5.215833333333333,0.0,10.25,0.012121212121212154,2,70.26,Grocery,0,92.41405405405406
U_00182,Pro,West,576,3,2,4,222.62,267.99,7.985416666666666,7.703333333333333,17.333333333333332,-0.08241758241758232,4,66.9975,Toys,0,169.82005208333334
U_00183,Pro,East,114,95,0,0,0.0,19.08,0.5225,0.0,1.25,-2.0083673326242142e-16,1,19.08,Beauty,1,61.08947368421052
U_00184,Free,North,-167,52,0,0,0.0,0.0,4.448571428571428,0.0,9.428571428571429,-0.028571428571428543,0,0.0,None,1,0.0
U_00185,Free,North,376,20,0,3,0.0,20.64,6.295263157894736,0.0,14.631578947368421,-0.1263736263736264,1,20.64,Toys,1,20.03617021276596
U_00186,Pro,West,-146,44,0,0,0.0,128.46,7.2639999999999985,0.0,15.133333333333333,0.027272727272727323,1,128.46,Toys,0,1562.93
U_00187,Free,North,-201,0,3,7,0.0,0.0,7.763749999999999,7.702000000000001,16.916666666666668,0.09340659340659346,0,0.0,None,0,0.0
U_00188,Free,East,-166,3,2,8,0.0,31.53,10.808611111111112,12.200000000000001,22.77777777777778,0.045614035087719274,1,31.53,Fashion,0,383.61499999999995
U_00189,Free,East,464,72,0,0,0.0,27.490000000000002,2.4325,0.0,5.0,-2.0083673326242142e-16,2,13.745000000000001,Home,1,21.624676724137935
U_00190,Free,South,617,0,2,6,0.0,87.14,6.6325,4.42,14.375,-0.06043956043956047,1,87.14,Toys,0,51.54959481361426
U_00191,Free,West,611,2,1,3,0.0,59.58,8.258181818181816,9.66,18.363636363636363,-0.0703296703296705,2,29.79,Beauty,0,35.59198036006546
U_00192,Free,North,643,61,0,0,0.0,0.0,6.890000000000001,0.0,19.0,1.0276789547548596e-16,0,0.0,None,1,0.0
U_00193,Free,West,635,88,0,0,0.0,69.03999999999999,7.081428571428572,0.0,16.714285714285715,4.8870404991229254e-17,2,34.519999999999996,Toys,1,39.68440944881889
U_00194,Free,West,187,36,0,0,33.69,33.69,3.9666666666666663,0.0,8.777777777777779,0.03571428571428578,1,33.69,Home,1,65.75855614973261
U_00195,Pro,East,-107,71,0,0,0.0,61.77,0.255,0.0,1.0,-7.850462293418875e-17,1,61.77,Grocery,1,751.5350000000001
U_00196,Free,North,-43,0,1,1,0.0,17.63,7.326666666666667,10.05,16.625,-0.10549450549450555,1,17.63,Books,0,214.49833333333333
U_00197,Enterprise,West,341,14,0,1,0.0,181.14,6.505714285714285,0.0,13.071428571428571,-0.024242424242424208,2,90.57,Books,0,193.88885630498532
U_00198,Free,North,156,87,0,0,0.0,0.0,4.106,0.0,8.6,-0.9999999999999998,0,0.0,None,1,0.0
U_00199,Free,East,0,91,0,0,0.0,8.59,7.081818181818184,0.0,14.909090909090908,-4.4358444261541924e-17,1,8.59,Grocery,0,104.51166666666667
U_00200,Free,West,762,29,0,1,0.0,0.0,2.287777777777778,0.0,4.888888888888889,6.633138920230202e-17,0,0.0,None,1,0.0
U_00201,Free,West,148,10,0,3,7.95,7.95,6.94625,9.82,14.458333333333334,0.024509803921568624,1,7.95,Books,0,19.60641891891892
U_00202,Pro,East,-117,12,0,2,68.31,329.14,6.664705882352941,10.91,13.647058823529411,0.03846153846153852,6,54.85666666666666,Electronics,0,4004.5366666666664
U_00203,Free,East,19,3,3,7,0.0,55.29,10.3784375,10.53,22.96875,0.038596491228070184,3,18.43,Electronics,0,672.6949999999999
U_00204,Free,East,53,27,0,1,0.0,34.17,6.1137500000000005,0.0,12.375,-0.027472527472527417,1,34.17,Toys,1,235.32169811320756
U_00205,Enterprise,South,343,2,2,5,407.9,1164.1499999999999,10.00357142857143,7.659999999999999,20.821428571428573,-0.026831785345717247,12,97.01249999999999,Books,0,1238.8185131195332
U_00206,Free,North,662,23,0,2,0.0,90.53999999999999,7.838947368421053,0.0,15.947368421052632,0.08041958041958044,2,45.269999999999996,Grocery,0,49.92009063444108
U_00207,Pro,South,11,21,0,2,0.0,0.0,4.28,0.0,10.333333333333334,0.060606060606060615,0,0.0,None,0,0.0
U_00208,Enterprise,West,498,4,1,2,127.01,1401.76,10.1796875,12.535,22.125,0.01960784313725492,10,140.176,Electronics,0,1027.3943775100402
U_00209,Free,East,-1,81,0,0,0.0,66.5,2.395,0.0,5.666666666666667,7.951207131982424e-18,2,33.25,Beauty,1,809.0833333333334
U_00210,Free,South,-183,0,1,9,0.0,0.0,11.121111111111112,11.2175,23.694444444444443,-0.016511867905056717,0,0.0,None,0,0.0
U_00211,Free,West,431,5,1,9,13.44,146.93,10.771999999999998,10.0525,22.7,0.061274509803921566,5,29.386000000000003,Toys,0,124.4302784222738
U_00212,Enterprise,East,425,17,0,1,0.0,295.6,4.8691666666666675,0.0,10.583333333333334,2.8246336694495223e-17,4,73.9,Sports,0,253.86823529411768
U_00213,Pro,West,-157,6,1,4,41.18,287.54,8.215714285714284,8.969999999999999,18.142857142857142,0.04999999999999997,6,47.92333333333334,Sports,0,3498.4033333333336
U_00214,Enterprise,West,80,68,0,0,0.0,0.0,2.99125,0.0,6.5,6.729156486047637e-17,0,0.0,None,1,0.0
U_00215,Pro,South,671,1,2,2,0.0,276.37,7.446923076923077,11.75,17.153846153846153,0.08333333333333334,4,69.0925,Grocery,0,150.3353949329359
U_00216,Pro,South,717,7,0,4,0.0,323.38,8.144814814814813,9.685,17.74074074074074,0.02417582417582411,5,64.676,Home,0,164.6216178521618
U_00217,Enterprise,South,691,33,0,0,0.0,120.56,4.875000000000001,0.0,8.833333333333334,0.060606060606060615,2,60.28,Beauty,0,63.6821997105644
U_00218,Free,West,-112,58,0,0,0.0,0.0,3.3000000000000003,0.0,7.333333333333333,7.951207131982424e-18,0,0.0,None,1,0.0
U_00219,Free,South,-7,60,0,0,0.0,20.39,7.853529411764705,0.0,17.294117647058822,0.15476190476190474,1,20.39,Home,0,248.07833333333332
U_00220,Pro,South,697,0,1,4,392.66,454.81,7.592333333333334,3.33,15.2,-0.08333333333333326,5,90.962,Fashion,0,238.1716642754663
U_00221,Pro,East,-29,2,2,5,0.0,400.09,9.144285714285715,8.33,19.476190476190474,-0.007142857142857117,5,80.018,Fashion,0,4867.761666666666
U_00222,Pro,East,-193,98,0,0,0.0,0.0,4.46,0.0,10.666666666666666,1.0276789547548596e-16,0,0.0,None,1,0.0
U_00223,Free,West,152,23,0,1,0.0,0.0,3.9341666666666666,0.0,8.166666666666666,-0.06666666666666664,0,0.0,None,1,0.0
U_00224,Pro,South,479,1,2,2,93.79,145.76,6.183333333333334,7.18,13.944444444444445,-0.07692307692307684,3,48.586666666666666,Grocery,0,111.0697286012526
U_00225,Free,East,268,13,0,3,0.0,0.0,1.872857142857143,0.3,3.7142857142857144,0.08571428571428573,0,0.0,None,1,0.0
U_00226,Pro,East,713,6,1,1,0.0,31.64,7.046153846153846,2.36,16.692307692307693,0.0060606060606060806,1,31.64,Toys,0,16.19719495091164
U_00227,Free,South,837,64,0,0,0.0,0.0,3.11,0.0,6.5,-0.20000000000000015,0,0.0,None,1,0.0
U_00228,Free,South,-182,47,0,0,0.0,0.0,3.805555555555555,0.0,8.555555555555555,0.07142857142857148,0,0.0,None,1,0.0
U_00229,Free,West,160,20,0,1,8.17,22.78,7.627222222222222,0.0,17.166666666666668,-0.06593406593406591,2,11.39,Grocery,1,51.966875
U_00230,Free,North,291,2,1,7,15.61,44.65,8.217692307692309,6.362500000000001,16.615384615384617,-0.014705882352941095,2,22.325,Beauty,0,56.00429553264604
U_00231,Free,West,-143,2,3,9,0.0,40.0,10.15391304347826,12.3875,21.82608695652174,0.08382352941176473,2,20.0,Books,0,486.66666666666663
U_00232,Free,West,390,11,0,3,30.97,104.61,8.424444444444443,4.76,16.61111111111111,-0.016483516483516442,3,34.87,Books,1,97.90423076923076
U_00233,Free,West,-77,6,1,4,0.0,50.96,6.833157894736841,7.895,15.421052631578947,-0.010989010989011058,1,50.96,Fashion,0,620.0133333333333
U_00234,Pro,South,-28,5,2,2,52.07,259.52000000000004,5.125,6.3,10.928571428571429,1.4132889073208363e-17,3,86.50666666666667,Toys,0,3157.493333333334
U_00235,Pro,South,628,2,1,6,0.0,562.22,8.89090909090909,5.74,19.5,0.03235294117647063,8,70.2775,Beauty,0,326.76799363057324
U_00236,Free,West,584,3,1,6,0.0,0.0,6.211,3.295,12.45,0.06060606060606067,0,0.0,None,0,0.0
U_00237,Free,North,540,96,0,0,52.56,52.56,3.564,0.0,9.2,0.09999999999999981,1,52.56,Beauty,1,35.52666666666667
U_00238,Free,North,596,18,0,2,0.0,0.0,1.5425,0.0,3.0,-2.0083673326242142e-16,0,0.0,None,0,0.0
U_00239,Free,East,227,25,0,1,0.0,0.0,2.61625,0.0,6.0,0.11428571428571427,0,0.0,None,1,0.0
U_00240,Free,North,576,31,0,0,0.0,0.0,0.3,0.0,1.0,-7.850462293418875e-17,0,0.0,None,1,0.0
U_00241,Free,East,406,3,1,3,0.0,0.0,10.615,12.355,25.333333333333332,-0.09705882352941175,0,0.0,None,0,0.0
U_00242,Free,East,713,6,1,4,0.0,10.98,4.806666666666667,4.95,10.666666666666666,-0.04545454545454541,1,10.98,Toys,0,5.620897615708276
U_00243,Pro,North,-118,3,1,1,0.0,163.99,8.562222222222223,2.76,18.555555555555557,-0.011904761904761871,3,54.663333333333334,Electronics,0,1995.2116666666668
U_00244,Free,East,475,110,0,0,0.0,0.0,4.631428571428571,0.0,9.428571428571429,0.14285714285714274,0,0.0,None,1,0.0
U_00245,Pro,West,364,24,0,1,0.0,303.03999999999996,4.319166666666667,0.0,9.666666666666666,0.012121212121212154,5,60.60799999999999,Beauty,0,303.8725274725274
U_00246,Free,South,231,0,2,6,0.0,61.42,9.852058823529413,8.909999999999998,22.764705882352942,-0.00825593395252832,3,20.473333333333333,Sports,0,97.04891774891775
U_00247,Free,East,-111,17,0,2,0.0,20.14,4.5976923076923075,0.0,9.384615384615385,-0.016666666666666597,1,20.14,Grocery,0,245.03666666666666
U_00248,Pro,South,404,19,0,1,25.54,131.85,4.316666666666666,0.0,10.0,-0.08333333333333319,3,43.949999999999996,Electronics,0,119.12190594059406
U_00249,Free,North,-126,22,0,1,0.0,0.0,6.436428571428571,0.0,15.5,-0.09696969696969698,0,0.0,None,1,0.0
U_00250,Free,West,318,42,0,0,0.0,0.0,3.814545454545454,0.0,9.272727272727273,0.05000000000000005,0,0.0,None,1,0.0
U_00251,Free,West,286,4,1,2,35.39,55.08,5.352142857142857,7.77,11.5,1.4727094657935318e-17,2,27.54,Beauty,0,70.29440559440559
U_00252,Pro,West,294,3,1,1,0.0,80.62,5.653,3.74,11.8,0.03333333333333336,1,80.62,Books,0,100.08945578231294
U_00253,Free,South,833,85,0,0,0.0,37.76,4.726666666666666,0.0,9.444444444444445,0.0857142857142858,1,37.76,Grocery,1,16.54549819927971
U_00254,Free,North,383,0,2,7,0.0,37.7,8.696774193548386,9.57,20.387096774193548,-5.283131248365621e-17,1,37.7,Sports,0,35.92819843342036
U_00255,Free,South,657,52,0,0,0.0,9.59,10.418000000000001,0.0,24.133333333333333,0.07878787878787877,1,9.59,Sports,1,5.3277777777777775
U_00256,Free,South,848,93,0,0,0.0,11.98,5.437777777777778,0.0,11.333333333333334,0.14285714285714277,1,11.98,Beauty,0,5.156485849056605
U_00257,Enterprise,East,1,70,0,0,0.0,1398.85,8.865,0.0,18.9,0.3999999999999999,10,139.885,Beauty,0,7040.131324358977
U_00258,Free,West,669,25,0,1,0.0,11.21,6.199545454545454,0.0,12.909090909090908,0.027972027972027958,1,11.21,Fashion,1,6.116068759342303
U_00259,Pro,West,348,11,0,2,49.98,491.64,9.065,15.49,19.3125,-0.08391608391608388,7,70.23428571428572,Fashion,0,515.6568965517241
U_00260,Free,South,79,32,0,0,0.0,0.0,5.787142857142858,0.0,13.142857142857142,-0.08181818181818183,0,0.0,None,0,0.0
U_00261,Pro,South,259,40,0,0,73.83,201.17000000000002,5.208181818181818,0.0,12.181818181818182,-0.1309523809523808,3,67.05666666666667,Electronics,0,283.5021235521236
U_00262,Free,West,505,1,3,4,0.0,0.0,4.195384615384615,5.2375,8.846153846153847,0.016666666666666653,0,0.0,None,1,0.0
U_00263,Enterprise,South,300,7,0,4,114.22,373.08000000000004,6.957777777777778,7.68,16.0,-1.2634121184750397e-17,5,74.61600000000001,Electronics,0,453.914
U_00264,Pro,East,260,3,2,5,115.64,481.64,8.854827586206895,8.3325,19.0,0.007352941176470581,7,68.80571428571429,Toys,0,676.1484615384616
U_00265,Free,South,16,14,0,5,0.0,0.0,3.8683333333333327,0.0,8.833333333333334,0.16666666666666666,0,0.0,None,0,0.0
U_00266,Free,South,739,0,2,4,0.0,0.0,7.9322727272727285,7.105,17.363636363636363,-2.833851831417191e-17,0,0.0,None,0,0.0
U_00267,Free,East,255,15,0,2,0.0,0.0,4.0183333333333335,0.0,9.0,7.951207131982424e-18,0,0.0,None,0,0.0
U_00268,Free,East,588,11,0,1,0.0,0.0,1.2685714285714287,0.3,2.5714285714285716,0.08571428571428573,0,0.0,None,1,0.0
U_00269,Pro,South,557,10,0,2,0.0,0.0,4.529999999999999,0.3,10.8,-0.14285714285714277,0,0.0,None,1,0.0
U_00270,Free,North,29,43,0,0,0.0,57.65,3.5840000000000005,0.0,7.1,0.1785714285714286,1,57.65,Electronics,1,701.4083333333333
U_00271,Pro,East,311,7,0,3,80.94,266.77,6.806000000000001,6.745,14.6,-0.08333333333333308,3,88.92333333333333,Fashion,0,313.090192926045
U_00272,Free,South,254,6,1,4,0.0,40.58,9.376315789473683,8.525,19.105263157894736,-0.06071428571428567,1,40.58,Fashion,0,58.31377952755905
U_00273,Enterprise,East,42,67,0,0,0.0,621.73,7.913636363636362,0.0,17.272727272727273,-0.03333333333333321,5,124.346,Books,1,5403.129761904762
U_00274,Free,North,-120,7,0,4,39.28,39.28,8.644285714285715,9.615,20.714285714285715,0.002197802197802194,1,39.28,Fashion,0,477.9066666666667
U_00275,Enterprise,East,380,35,0,0,65.86,668.16,7.221666666666667,0.0,12.916666666666666,-0.023809523809523708,9,74.24,Toys,0,641.7852631578946
U_00276,Free,East,200,1,1,5,0.0,52.62,7.82,7.41,16.32,0.019117647058823548,1,52.62,Fashion,0,96.0315
U_00277,Free,North,314,2,3,5,0.0,28.71,9.457575757575759,10.908,19.818181818181817,0.004411764705882426,2,14.355,Grocery,0,33.37308917197452
U_00278,Free,West,307,56,0,0,0.0,84.25999999999999,6.063333333333334,0.0,12.8,0.05454545454545454,3,28.086666666666662,Beauty,1,100.1788273615635
U_00279,Free,North,114,1,1,3,0.0,0.0,5.525714285714286,1.6,12.142857142857142,-0.010989010989010933,0,0.0,None,1,0.0
U_00280,Pro,North,370,19,0,1,0.0,18.11,2.6540000000000004,0.0,6.6,-1.0507920739455759e-16,1,18.11,Fashion,1,17.86527027027027
U_00281,Pro,North,284,1,2,3,0.0,72.15,3.258,4.01,7.3,0.06666666666666664,2,36.075,Beauty,0,92.7279929577465
U_00282,Pro,East,343,79,0,0,0.0,47.8,3.508888888888889,0.0,8.222222222222221,0.03571428571428578,1,47.8,Toys,0,50.86588921282799
U_00283,Pro,East,-151,32,0,0,0.0,91.36,7.598125,0.0,18.1875,0.027472527472527503,3,30.453333333333333,Electronics,0,1111.5466666666666
U_00284,Pro,East,107,87,0,0,0.0,143.54000000000002,5.685,0.0,13.333333333333334,0.39999999999999974,2,71.77000000000001,Beauty,1,489.6457943925234
U_00285,Free,North,-82,66,0,0,0.0,0.0,3.4539999999999997,0.0,6.6,-1.0507920739455759e-16,0,0.0,None,1,0.0
U_00286,Enterprise,West,-152,123,0,0,0.0,0.0,3.65,0.0,10.0,-7.850462293418875e-17,0,0.0,None,1,0.0
U_00287,Pro,West,576,9,0,4,0.0,230.23000000000002,4.1641666666666675,3.9749999999999996,9.0,0.096969696969697,4,57.557500000000005,Grocery,0,145.89227430555556
U_00288,Free,West,256,18,0,1,0.0,91.8,6.097058823529412,0.0,12.235294117647058,0.06363636363636364,2,45.9,Beauty,0,130.88671875
U_00289,Pro,South,-153,109,0,0,25.05,108.34,2.691666666666667,0.0,5.166666666666667,-0.20000000000000015,4,27.085,Toys,1,1318.1366666666668
U_00290,Pro,South,-43,4,3,6,108.85,303.41999999999996,9.095217391304347,8.326666666666666,20.130434782608695,0.0461538461538461,4,75.85499999999999,Sports,0,3691.6099999999997
U_00291,Pro,East,706,17,0,1,63.23,219.08999999999997,5.606,0.0,12.4,-0.04761904761904744,4,54.772499999999994,Home,0,113.26890934844192
U_00292,Enterprise,North,723,12,0,1,0.0,613.23,6.7163157894736845,2.05,14.631578947368421,-0.05244755244755244,7,87.60428571428572,Books,1,309.58360995850626
U_00293,Enterprise,South,381,11,0,3,254.98000000000002,554.54,8.341666666666667,9.43,18.88888888888889,-0.005494505494505435,5,110.90799999999999,Beauty,0,531.2522309711285
U_00294,Pro,North,775,3,1,2,0.0,0.0,2.3200000000000003,2.6799999999999997,4.428571428571429,0.02857142857142864,0,0.0,None,1,0.0
U_00295,Free,East,596,18,0,1,0.0,127.31,4.463333333333333,0.0,9.416666666666666,2.8246336694495223e-17,1,127.31,Electronics,0,77.96669463087248
U_00296,Free,North,775,5,1,10,32.92,146.86,10.74090909090909,12.398,23.87878787878788,0.03684210526315791,4,36.715,Grocery,0,69.16632258064517
U_00297,Free,North,139,2,3,6,22.0,38.11,10.083333333333334,10.2725,22.133333333333333,0.007142857142857142,2,19.055,Grocery,0,100.07302158273382
U_00298,Free,West,17,2,2,7,0.0,0.0,11.3125,10.566666666666666,24.11111111111111,0.035008469791078495,0,0.0,None,0,0.0
U_00299,Free,South,-104,21,0,2,0.0,90.38999999999999,6.909166666666667,0.0,14.333333333333334,0.060606060606060615,3,30.129999999999995,Toys,0,1099.745
U_00300,Free,West,688,0,1,2,9.34,59.11,8.265500000000001,5.24,17.55,-0.052747252747252886,3,19.703333333333333,Home,0,31.35922965116279
U_00301,Pro,North,89,22,0,2,18.17,50.550000000000004,5.432666666666667,0.0,12.066666666666666,0.016666666666666777,2,25.275000000000002,Beauty,0,207.31179775280899
U_00302,Free,East,149,3,1,4,27.39,27.39,7.416111111111111,8.84,17.22222222222222,0.07272727272727275,1,27.39,Sports,0,67.09630872483221
U_00303,Pro,East,700,12,0,6,183.94,590.0600000000001,9.970416666666667,8.69,22.0,0.01764705882352944,7,84.29428571428572,Home,0,307.6741428571429
U_00304,Free,West,-89,6,1,3,0.0,28.75,9.70413793103448,10.094999999999999,21.862068965517242,0.03431372549019609,1,28.75,Fashion,0,349.7916666666667
U_00305,Pro,South,-179,8,0,1,0.0,0.0,4.633333333333333,7.76,10.166666666666666,-4.8374234447508063e-17,0,0.0,None,1,0.0
U_00306,Pro,East,618,5,1,6,26.51,389.18,10.682307692307692,7.539999999999999,24.53846153846154,0.04385964912280699,5,77.836,Home,0,229.855501618123
U_00307,Pro,North,-163,39,0,0,0.0,14.71,5.968000000000001,0.0,14.5,0.09523809523809525,1,14.71,Beauty,1,178.97166666666666
U_00308,Pro,South,428,72,0,0,0.0,83.53,4.637499999999999,0.0,10.375,-0.2285714285714286,1,83.53,Sports,0,71.23469626168225
U_00309,Free,North,333,53,0,0,0.0,29.28,6.573333333333333,0.0,13.666666666666666,0.07142857142857148,1,29.28,Beauty,1,32.093693693693695
U_00310,Free,North,-203,7,0,4,0.0,0.0,6.7494736842105265,5.745,15.157894736842104,-0.08181818181818176,0,0.0,None,0,0.0
U_00311,Free,South,-35,1,1,6,0.0,20.19,9.713703703703702,8.23,21.25925925925926,-0.02167182662538701,1,20.19,Books,0,245.645
U_00312,Pro,North,680,1,1,2,46.88,522.28,9.524827586206895,3.33,21.79310344827586,-0.06071428571428569,6,87.04666666666667,Books,0,280.34147058823527
U_00313,Pro,North,392,79,0,0,0.0,0.0,3.313333333333334,0.0,7.166666666666667,7.951207131982424e-18,0,0.0,None,1,0.0
U_00314,Free,South,303,68,0,0,0.0,0.0,3.3,0.0,8.0,-7.850462293418875e-17,0,0.0,None,0,0.0
U_00315,Free,South,491,47,0,0,0.0,14.25,1.9983333333333333,0.0,5.5,-0.20000000000000043,1,14.25,Books,1,10.593177189409369
U_00316,Free,North,644,51,0,0,0.0,0.0,1.7016666666666669,0.0,3.1666666666666665,-0.10000000000000012,0,0.0,None,1,0.0
U_00317,Pro,South,513,2,2,4,111.52,360.68,5.543529411764706,10.735,13.411764705882353,0.02197802197802198,7,51.52571428571429,Books,0,256.624171539961
U_00318,Pro,East,83,21,0,3,97.17,304.19,8.963809523809525,0.0,19.80952380952381,0.02500000000000002,4,76.0475,Books,0,1337.7030120481927
U_00319,Free,South,832,32,0,0,0.0,0.0,5.928571428571429,0.0,11.428571428571429,-6.783020765448988e-17,0,0.0,None,0,0.0
U_00320,Pro,South,262,1,2,4,0.0,395.28999999999996,9.767222222222223,10.83,21.555555555555557,0.024060150375939834,6,65.88166666666666,Electronics,0,550.6902671755724
U_00321,Free,West,383,31,0,0,0.0,22.03,3.2066666666666666,0.0,7.333333333333333,1.0276789547548596e-16,1,22.03,Books,1,20.994647519582248
U_00322,Free,East,833,28,0,1,0.0,0.0,2.947777777777778,0.0,6.888888888888889,0.1071428571428572,0,0.0,None,0,0.0
U_00323,Pro,North,499,2,2,7,0.0,297.10999999999996,9.1246875,6.3933333333333335,19.84375,-0.02807017543859656,5,59.42199999999999,Beauty,0,217.32494989979958
U_00324,Pro,North,187,4,1,3,0.0,146.44,3.3641666666666663,1.81,7.25,1.782788454623076e-16,4,36.61,Grocery,1,285.8320855614973
U_00325,Enterprise,West,306,41,0,0,0.0,285.71999999999997,3.8366666666666664,0.0,7.833333333333333,0.0999999999999999,2,142.85999999999999,Electronics,1,340.8098039215686
U_00326,Free,North,784,4,1,4,0.0,0.0,5.720000000000001,3.64,12.428571428571429,-0.012121212121212142,0,0.0,None,1,0.0
U_00327,Free,East,-198,70,0,0,0.0,96.05,3.6166666666666663,0.0,7.0,0.03571428571428572,1,96.05,Books,1,1168.6083333333333
U_00328,Pro,East,12,0,3,6,0.0,190.82,10.759375,11.209999999999999,23.6875,-0.009803921568627433,3,63.60666666666666,Sports,0,2321.643333333333
U_00329,Free,East,-183,86,0,0,0.0,0.0,0.45499999999999996,0.0,1.0,-7.850462293418875e-17,0,0.0,None,1,0.0
U_00330,Free,West,741,7,0,3,0.0,0.0,8.002173913043478,10.870000000000001,17.434782608695652,0.03296703296703301,0,0.0,None,0,0.0
U_00331,Pro,South,569,5,1,3,0.0,67.98,7.637368421052632,4.68,16.157894736842106,0.007142857142857176,1,67.98,Books,0,43.60755711775044
U_00332,Free,South,810,1,2,3,0.0,0.0,2.3077777777777775,3.68,4.333333333333333,0.03571428571428572,0,0.0,None,0,0.0
U_00333,Pro,South,22,23,0,1,0.0,92.7,4.305714285714286,0.0,9.071428571428571,-0.04895104895104887,2,46.35,Grocery,0,1127.8500000000001
U_00334,Free,North,564,2,1,4,0.0,123.38,8.700952380952382,10.87,19.476190476190474,-0.010294117647058808,4,30.845,Fashion,0,79.84698581560284
U_00335,Enterprise,West,714,8,0,2,161.36,1170.9,9.002173913043478,2.34,20.043478260869566,-0.04656862745098035,12,97.575,Books,0,598.5693277310925
U_00336,Pro,North,402,15,0,2,0.0,73.33,5.44,0.0,12.333333333333334,0.10714285714285716,2,36.665,Home,0,66.58072139303482
U_00337,Pro,West,-119,2,3,10,89.72999999999999,790.5599999999998,10.985681818181817,10.121666666666666,23.954545454545453,-0.024060150375939848,11,71.8690909090909,Home,0,7040.131324358977
U_00338,Pro,South,-21,1,3,8,137.17000000000002,356.32,7.730333333333333,8.8975,17.0,0.035087719298245605,4,89.08,Books,0,4335.2266666666665
U_00339,Free,East,577,33,0,0,0.0,0.0,1.9749999999999999,0.0,3.5,-7.850462293418875e-17,0,0.0,None,1,0.0
U_00340,Pro,North,693,37,0,0,0.0,0.0,0.8425,0.0,1.75,-2.0083673326242142e-16,0,0.0,None,1,0.0
U_00341,Free,West,-127,2,2,4,0.0,93.68,5.933333333333334,5.06,13.8,0.032967032967032975,2,46.84,Fashion,0,1139.7733333333335
U_00342,Free,South,244,7,0,3,0.0,15.62,6.964444444444444,6.58,14.944444444444445,-0.006993006993006953,1,15.62,Sports,1,23.365983606557375
U_00343,Free,East,106,67,0,0,0.0,0.0,4.6899999999999995,0.0,10.636363636363637,-0.016666666666666562,0,0.0,None,1,0.0
U_00344,Free,North,757,0,2,6,0.0,66.17,7.552142857142857,9.633333333333333,15.857142857142858,0.022807017543859637,2,33.085,Fashion,0,31.904953764861293
U_00345,Free,South,791,9,0,3,0.0,38.6,6.3572727272727265,6.12,13.454545454545455,0.018181818181818212,1,38.6,Home,0,17.81163084702908
U_00346,Pro,South,119,5,1,2,0.0,290.59000000000003,6.12578947368421,7.109999999999999,13.052631578947368,-0.01048951048951045,5,58.11800000000001,Grocery,0,891.3054621848742
U_00347,Free,South,399,74,0,0,0.0,62.63,6.271111111111111,0.0,13.333333333333334,-0.08333333333333319,2,31.315,Home,1,57.293107769423564
U_00348,Free,South,775,2,1,6,0.0,140.15,7.224545454545453,5.95,17.09090909090909,0.0666666666666667,4,35.0375,Grocery,0,66.00612903225806
U_00349,Pro,North,-148,42,0,0,0.0,0.0,2.506363636363637,0.0,4.545454545454546,0.07142857142857144,0,0.0,None,1,0.0
U_00350,Free,South,176,12,0,1,0.0,61.72,3.8183333333333334,2.3,7.666666666666667,-0.20000000000000015,2,30.86,Beauty,1,127.99886363636362
U_00351,Enterprise,East,-2,1,3,7,0.0,1113.72,9.865517241379312,9.495,21.551724137931036,-0.0052631578947368715,11,101.24727272727273,Electronics,0,7040.131324358977
U_00352,Free,West,763,1,1,1,0.0,13.26,10.530714285714286,1.56,23.75,-0.17272727272727265,1,13.26,Grocery,0,6.3432503276539975
U_00353,Free,West,-60,14,0,3,0.0,21.23,5.932727272727272,0.0,12.272727272727273,-0.042424242424242364,1,21.23,Books,1,258.29833333333335
U_00354,Free,West,781,42,0,0,0.0,60.44,7.940476190476191,0.0,16.857142857142858,-0.028571428571428522,3,20.146666666666665,Beauty,1,28.24660691421255
U_00355,Pro,West,-67,6,1,5,48.33,325.31,7.754736842105263,4.970000000000001,17.63157894736842,-0.025,5,65.062,Books,0,3957.9383333333335
U_00356,Free,North,369,0,1,5,0.0,110.74000000000001,7.305357142857142,6.0,16.428571428571427,-0.03333333333333337,2,55.370000000000005,Fashion,0,109.53956639566397
U_00357,Enterprise,West,491,0,1,2,285.35,620.79,5.4175,7.5,12.0,0.018181818181818195,4,155.1975,Toys,0,461.4834012219959
U_00358,Enterprise,West,263,2,1,1,0.0,39.98,3.39,2.62,6.666666666666667,7.951207131982424e-18,1,39.98,Toys,0,55.48555133079848
U_00359,Enterprise,West,-135,36,0,0,0.0,222.3,2.4299999999999997,0.0,5.4,-8.265272983342958e-17,2,111.15,Toys,0,2704.65
U_00360,Pro,South,567,28,0,1,0.0,0.0,4.9222222222222225,0.0,10.222222222222221,-0.14285714285714277,0,0.0,None,1,0.0
U_00361,Pro,East,715,0,2,7,81.91,456.65999999999997,7.58,7.4159999999999995,15.478260869565217,-0.002197802197802255,6,76.11,Grocery,0,233.12013986013986
U_00362,Pro,North,291,5,1,4,405.43000000000006,566.34,10.925714285714283,12.915,23.464285714285715,-0.02696078431372544,8,70.7925,Toys,0,710.3577319587629
U_00363,Pro,North,598,83,0,0,0.0,0.0,0.65,0.0,1.5,-7.850462293418875e-17,0,0.0,None,1,0.0
U_00364,Free,North,736,1,1,3,15.81,25.44,6.649999999999999,6.38,14.3,-0.09523809523809514,2,12.72,Books,1,12.61630434782609
U_00365,Enterprise,South,680,36,0,0,0.0,302.45000000000005,8.580588235294119,0.0,18.41176470588235,0.018181818181818195,2,151.22500000000002,Grocery,1,162.34448529411767
U_00366,Free,North,799,9,0,1,0.0,66.45,11.425909090909089,11.85,25.136363636363637,-0.05494505494505489,2,33.225,Fashion,0,30.35575719649562
U_00367,Free,West,637,78,0,0,0.0,0.0,3.7399999999999998,0.0,6.875,0.19999999999999993,0,0.0,None,0,0.0
U_00368,Pro,South,520,26,0,2,50.7,50.7,7.4405882352941175,0.0,16.529411764705884,0.024475524475524504,1,50.7,Home,0,35.5875
U_00369,Free,East,527,25,0,2,0.0,97.28999999999999,6.691333333333334,0.0,13.8,0.10303030303030304,4,24.322499999999998,Books,0,67.38301707779885
U_00370,Free,East,43,7,0,5,13.35,22.59,8.481923076923078,8.24,19.423076923076923,-0.03235294117647053,2,11.295,Books,0,191.75232558139535
U_00371,Free,East,543,17,0,4,21.25,91.31,8.153684210526318,0.0,18.63157894736842,0.010989010989011016,4,22.8275,Home,0,61.377808471454884
U_00372,Free,East,319,40,0,0,0.0,0.0,4.6825,0.0,10.0,-2.0083673326242142e-16,0,0.0,None,1,0.0
U_00373,Free,East,663,7,0,8,0.0,61.019999999999996,11.16857142857143,11.05,25.771428571428572,0.0010319917440661068,2,30.509999999999998,Beauty,0,33.593212669683254
U_00374,Enterprise,South,483,23,0,1,0.0,316.46,3.1000000000000005,0.0,6.0,4.8870404991229254e-17,1,316.46,Beauty,0,239.14679089026913
U_00375,Free,East,833,4,2,5,0.0,87.35,4.681818181818182,5.1066666666666665,9.681818181818182,-0.007352941176470568,4,21.8375,Home,0,38.27460984393757
U_00376,Free,South,586,3,1,2,0.0,46.78,5.912941176470588,6.74,12.941176470588236,-0.11515151515151512,1,46.78,Beauty,0,29.137713310580203
U_00377,Pro,North,836,51,0,0,0.0,0.0,4.924,0.0,10.2,5.659731357012208e-17,0,0.0,None,0,0.0
U_00378,Pro,West,71,107,0,0,0.0,140.96,1.65,0.0,4.0,0.0,1,140.96,Grocery,1,724.6535211267607
U_00379,Pro,West,265,9,0,2,0.0,139.08,3.8866666666666663,2.02,8.666666666666666,0.009090909090909092,1,139.08,Fashion,0,191.56301886792457
U_00380,Free,West,651,5,1,2,0.0,0.0,2.694545454545455,6.86,6.090909090909091,0.030303030303030287,0,0.0,None,0,0.0
U_00381,Pro,East,346,1,3,4,179.79,267.38,6.036666666666666,7.830000000000001,12.88888888888889,0.09090909090909094,4,66.845,Home,0,282.06271676300577
U_00382,Free,West,-144,68,0,0,0.0,0.0,0.3,0.0,1.0,-7.850462293418875e-17,0,0.0,None,1,0.0
U_00383,Free,North,739,0,2,5,14.96,40.8,7.7379999999999995,5.419999999999999,17.25,-0.09090909090909086,2,20.4,Home,0,20.151556156968876
U_00384,Pro,East,-20,32,0,0,0.0,117.09,3.566470588235294,0.0,7.882352941176471,-0.06363636363636363,2,58.545,Sports,0,1424.595
U_00385,Pro,North,392,92,0,0,0.0,8.03,0.3,0.0,1.0,0.0,1,8.03,Toys,1,7.4769132653061225
U_00386,Pro,South,325,0,1,5,140.18,318.85,8.738846153846154,11.010000000000002,20.115384615384617,-0.012383900928792593,4,79.7125,Electronics,0,358.093076923077
U_00387,Free,West,-37,97,0,0,0.0,0.0,3.5700000000000003,0.0,6.333333333333333,1.0276789547548596e-16,0,0.0,None,1,0.0
U_00388,Free,South,433,45,0,0,0.0,0.0,6.5575,0.0,14.583333333333334,1.260286703621595e-17,0,0.0,None,1,0.0
U_00389,Free,North,312,6,1,4,0.0,52.519999999999996,7.71875,6.675000000000001,16.625,-0.045407636738906056,2,26.259999999999998,Beauty,0,61.441666666666656
U_00390,Free,North,119,5,1,4,0.0,59.35,3.9652941176470584,5.755,7.705882352941177,0.010989010989010933,1,59.35,Electronics,0,182.03991596638656
U_00391,Free,North,-195,32,0,0,0.0,32.85,3.43,0.0,7.083333333333333,-0.13333333333333336,1,32.85,Books,1,399.675
U_00392,Pro,South,487,49,0,0,0.0,104.52,7.18,0.0,17.1,0.0714285714285715,2,52.26,Electronics,0,78.33634496919917
U_00393,Free,South,-35,84,0,0,0.0,0.0,0.3,0.0,1.0,0.0,0,0.0,None,1,0.0
U_00394,Free,West,99,7,0,3,0.0,0.0,2.3150000000000004,0.3,4.5,-2.0083673326242142e-16,0,0.0,None,0,0.0
U_00395,Enterprise,North,175,120,0,0,0.0,0.0,1.3499999999999999,0.0,3.5,-7.850462293418875e-17,0,0.0,None,1,0.0
U_00396,Pro,West,421,12,0,2,0.0,0.0,3.7807692307692307,2.36,8.0,-0.05454545454545443,0,0.0,None,1,0.0
U_00397,Free,South,482,57,0,0,0.0,44.36,4.294,0.0,9.933333333333334,0.05454545454545464,1,44.36,Fashion,1,33.59211618257262
U_00398,Free,East,795,7,0,3,0.0,55.94,8.366923076923076,9.36,18.46153846153846,0.08333333333333337,2,27.97,Books,0,25.683144654088046
U_00399,Free,East,714,29,0,1,0.0,18.8,2.9275,0.0,5.75,0.22857142857142848,1,18.8,Electronics,0,9.61064425770308
U_00400,Free,West,777,8,0,2,0.0,0.0,8.183529411764704,6.82,17.941176470588236,-0.021978021978021976,0,0.0,None,0,0.0
U_00401,Free,North,63,45,0,0,0.0,0.0,6.380625,0.0,13.5625,0.021978021978021994,0,0.0,None,0,0.0
U_00402,Free,North,580,3,1,3,0.0,44.56,4.793333333333333,2.67,9.583333333333334,-0.03636363636363631,2,22.28,Electronics,0,28.042068965517245
U_00403,Pro,South,678,8,0,1,0.0,0.0,1.2388888888888887,0.3,2.7777777777777777,-0.10714285714285714,0,0.0,None,1,0.0
U_00404,Free,North,762,90,0,0,0.0,26.06,4.497,0.0,9.0,-0.14285714285714282,1,26.06,Electronics,1,12.48280839895013
U_00405,Pro,South,-44,22,0,1,0.0,462.62,5.315454545454546,0.0,11.272727272727273,-0.049999999999999926,6,77.10333333333334,Beauty,1,5628.543333333334
U_00406,Free,West,-75,3,1,6,0.0,23.3,8.486363636363636,8.26,19.09090909090909,-0.014285714285714282,1,23.3,Grocery,0,283.48333333333335
U_00407,Free,East,138,0,2,5,0.0,14.33,11.309642857142856,10.563333333333333,25.25,-0.0017543859649123018,1,14.33,Grocery,0,37.9018115942029
U_00408,Enterprise,North,552,13,0,4,25.59,139.31,6.463043478260869,8.02,13.91304347826087,0.028571428571428595,2,69.655,Sports,0,92.11621376811594
U_00409,Free,North,594,14,0,3,0.0,0.0,3.4863636363636363,0.0,7.909090909090909,0.10714285714285716,0,0.0,None,0,0.0
U_00410,Free,West,540,22,0,1,0.0,16.0,1.1775,0.0,2.75,-2.0083673326242142e-16,1,16.0,Grocery,1,10.814814814814815
U_00411,Pro,South,363,37,0,0,0.0,215.02,3.8983333333333334,0.0,9.833333333333334,0.5999999999999999,5,43.004000000000005,Toys,1,216.20468319559228
U_00412,Free,East,685,7,0,3,0.0,60.72,6.232941176470589,2.32,13.117647058823529,0.005494505494505535,1,60.72,Fashion,1,32.354452554744526
U_00413,Free,North,377,0,1,1,0.0,0.0,6.043333333333333,1.26,14.666666666666666,0.1428571428571429,0,0.0,None,1,0.0
U_00414,Free,North,572,0,1,9,76.97,76.97,8.3725,7.776666666666667,18.65625,0.019298245614035085,2,38.485,Sports,0,49.11547202797203
U_00415,Pro,East,-173,6,1,2,14.73,94.18,2.4976923076923074,0.3,5.153846153846154,-0.0666666666666665,2,47.09,Grocery,0,1145.8566666666668
U_00416,Pro,North,-184,9,0,4,0.0,100.87,10.8484375,6.33,24.4375,0.0035087719298245363,2,50.435,Beauty,0,1227.2516666666668
U_00417,Enterprise,East,269,15,0,1,184.66,493.20000000000005,2.535384615384616,0.0,5.846153846153846,-0.05454545454545452,4,123.30000000000001,Electronics,1,669.2118959107808
U_00418,Pro,South,592,0,1,1,97.64,328.19,8.34578947368421,2.97,17.57894736842105,0.04545454545454547,6,54.69833333333333,Beauty,0,202.34687499999998
U_00419,Free,West,-177,21,0,2,0.0,0.0,4.255,0.0,9.1875,0.04895104895104901,0,0.0,None,0,0.0
U_00420,Pro,West,523,19,0,3,0.0,0.0,5.957142857142856,0.0,12.0,-0.006993006993006964,0,0.0,None,0,0.0
U_00421,Free,North,472,9,0,6,0.0,34.83,5.145714285714285,6.13,10.964285714285714,0.04705882352941178,1,34.83,Grocery,0,26.934216101694915
U_00422,Free,South,851,52,0,0,0.0,42.370000000000005,7.1226666666666665,0.0,16.2,-0.07878787878787884,2,21.185000000000002,Grocery,1,18.172796709753232
U_00423,Free,South,446,25,0,1,0.0,51.77,6.325555555555557,0.0,14.333333333333334,-0.20000000000000012,1,51.77,Sports,1,42.367825112107624
U_00424,Free,South,347,0,4,8,0.0,17.98,6.8592,6.22,14.56,0.10357142857142858,2,8.99,Electronics,0,18.912680115273776
U_00425,Pro,North,317,36,0,0,0.0,224.35,5.796666666666668,0.0,12.266666666666667,0.010489510489510507,4,56.0875,Electronics,1,258.32097791798105
U_00426,Pro,South,638,4,1,2,57.03,148.15,4.783333333333333,4.34,10.222222222222221,6.633138920230202e-17,4,37.0375,Fashion,0,84.75666144200628
U_00427,Pro,North,314,2,1,8,31.01,95.94000000000001,8.995882352941177,7.803333333333334,19.147058823529413,0.03508771929824562,3,31.980000000000004,Home,1,111.52261146496818
U_00428,Pro,South,847,105,0,0,0.0,81.55,9.998181818181818,0.0,22.363636363636363,-0.2,2,40.775,Electronics,1,35.14256198347107
U_00429,Free,North,571,93,0,0,0.0,0.0,7.7700000000000005,0.0,19.4,0.09999999999999981,0,0.0,None,1,0.0
U_00430,Free,East,757,2,2,4,0.0,37.78,6.5515384615384615,4.8,14.384615384615385,0.04242424242424242,2,18.89,Electronics,0,18.216248348745047
U_00431,Free,West,427,49,0,0,0.0,0.0,4.501538461538463,0.0,9.23076923076923,0.030303030303030346,0,0.0,None,1,0.0
U_00432,Pro,South,808,7,0,5,76.49,251.33999999999997,4.406000000000001,2.99,9.2,0.07272727272727275,4,62.834999999999994,Beauty,0,113.53849009900988
U_00433,Pro,North,829,61,0,0,0.0,44.81,5.785714285714286,0.0,12.571428571428571,-0.10000000000000016,1,44.81,Fashion,1,19.729372738238844
U_00434,Free,East,528,72,0,0,0.0,15.31,5.354444444444444,0.0,11.333333333333334,7.549455712798224e-17,1,15.31,Home,1,10.583617424242425
U_00435,Pro,South,604,33,0,0,0.0,0.0,3.8437500000000004,0.0,8.375,-0.057142857142857134,0,0.0,None,0,0.0
U_00436,Free,East,228,50,0,0,0.0,10.28,8.684761904761903,0.0,16.952380952380953,-0.08741258741258737,1,10.28,Beauty,1,16.45701754385965
U_00437,Free,West,288,9,0,4,0.0,38.9,10.302758620689657,10.735,23.75862068965517,-0.042647058823529364,1,38.9,Books,0,49.30034722222222
U_00438,Free,East,52,56,0,0,0.0,0.0,4.648333333333333,0.0,10.833333333333334,-0.20000000000000015,0,0.0,None,1,0.0
U_00439,Pro,North,152,18,0,1,18.47,338.49,5.350555555555555,0.0,11.166666666666666,-0.08181818181818183,4,84.6225,Sports,0,812.8213815789474
U_00440,Pro,West,89,42,0,0,0.0,98.25,4.748571428571429,0.0,10.142857142857142,0.02857142857142864,2,49.125,Books,1,402.935393258427
U_00441,Free,West,-85,41,0,0,0.0,0.0,1.6625,0.0,4.0,-2.0083673326242142e-16,0,0.0,None,1,0.0
U_00442,Pro,North,437,32,0,0,0.0,0.0,4.554,0.0,10.4,-0.04761904761904757,0,0.0,None,1,0.0
U_00443,Free,North,505,79,0,0,0.0,0.0,8.111428571428572,0.0,17.571428571428573,0.26190476190476186,0,0.0,None,1,0.0
U_00444,Pro,North,-197,64,0,0,0.0,101.69,3.08,0.0,6.0,-4.8374234447508063e-17,1,101.69,Books,1,1237.2283333333332
U_00445,Free,West,693,7,0,5,21.02,102.63,7.891153846153846,2.58,18.03846153846154,0.017647058823529408,5,20.526,Fashion,0,54.054761904761904
U_00446,Free,East,81,7,0,2,0.0,37.57,5.660833333333333,3.53,14.083333333333334,-0.016666666666666646,1,37.57,Beauty,0,169.29691358024692
U_00447,Free,East,167,33,0,0,0.0,0.0,6.776153846153846,0.0,14.961538461538462,-0.07857142857142854,0,0.0,None,1,0.0
U_00448,Free,West,806,1,1,3,0.0,88.18,5.049473684210526,4.0,10.263157894736842,-0.08241758241758229,2,44.09,Fashion,0,39.932630272952856
U_00449,Pro,East,-38,58,0,0,0.0,334.94,9.19304347826087,0.0,20.217391304347824,0.2,6,55.82333333333333,Beauty,1,4075.1033333333335
U_00450,Free,South,-98,10,0,4,31.54,47.08,7.444736842105263,6.73,17.05263157894737,-0.04395604395604393,2,23.54,Sports,0,572.8066666666666
U_00451,Free,South,184,5,2,7,13.43,59.36,9.696521739130436,8.04,22.08695652173913,0.002197802197802112,2,29.68,Beauty,0,117.75217391304348
U_00452,Pro,North,70,5,1,3,15.57,51.13,8.1688,9.76,17.48,0.0021978021978021588,2,25.565,Home,0,266.6064285714286
U_00453,Free,North,-13,9,0,10,13.51,57.29,10.42051282051282,9.95,23.05128205128205,0.01578947368421052,2,28.645,Beauty,0,697.0283333333333
U_00454,Free,North,704,96,0,0,0.0,0.0,3.8433333333333333,0.0,8.0,1.0276789547548596e-16,0,0.0,None,1,0.0
U_00455,Enterprise,North,294,5,1,4,0.0,440.71000000000004,3.644545454545455,2.64,8.545454545454545,0.06666666666666665,4,110.17750000000001,Grocery,0,547.1399659863946
U_00456,Free,East,315,0,1,6,0.0,203.26,10.114583333333334,7.585,22.291666666666668,0.030769230769230726,4,50.815,Electronics,0,235.52349206349206
U_00457,Free,East,-38,8,0,1,19.65,43.18,7.5375000000000005,11.5,16.5,-0.03235294117647061,2,21.59,Sports,0,525.3566666666667
U_00458,Pro,West,-5,10,0,5,114.47,441.63000000000005,9.192499999999999,11.115,19.571428571428573,-0.008823529411764671,7,63.09000000000001,Home,0,5373.165000000001
U_00459,Enterprise,South,-28,2,2,9,27.38,496.22,6.962000000000001,6.956,14.657142857142857,-0.010526315789473741,6,82.70333333333333,Toys,0,6037.343333333333
U_00460,Free,East,230,52,0,0,0.0,0.0,3.96,0.0,8.875,-4.514544854190959e-17,0,0.0,None,1,0.0
U_00461,Free,West,-99,5,2,7,0.0,0.0,8.267826086956521,6.7775,18.217391304347824,0.049450549450549476,0,0.0,None,0,0.0
U_00462,Free,West,125,64,0,0,0.0,0.0,2.3125000000000004,0.0,3.75,-2.0083673326242142e-16,0,0.0,None,1,0.0
U_00463,Enterprise,South,113,26,0,1,0.0,411.5,4.58,0.0,10.11111111111111,6.633138920230202e-17,3,137.16666666666666,Sports,1,1329.1814159292037
U_00464,Free,West,607,64,0,0,0.0,0.0,5.332857142857143,0.0,11.571428571428571,-0.08571428571428566,0,0.0,None,1,0.0
U_00465,Free,South,819,43,0,0,0.0,0.0,0.46749999999999997,0.0,1.25,-2.0083673326242142e-16,0,0.0,None,1,0.0
U_00466,Enterprise,South,711,46,0,0,0.0,436.4,5.142,0.0,12.8,-0.07142857142857134,3,145.46666666666667,Sports,1,224.0309423347398
U_00467,Free,East,468,19,0,4,0.0,71.8,6.791000000000001,0.0,15.5,0.030769230769230733,2,35.9,Home,0,55.99786324786324
U_00468,Pro,South,741,21,0,3,0.0,267.4,7.01421052631579,0.0,15.052631578947368,0.12937062937062935,3,89.13333333333333,Fashion,1,131.71524966261808
U_00469,Pro,East,-38,32,0,0,36.9,578.63,10.792608695652174,0.0,23.17391304347826,-0.03736263736263742,12,48.219166666666666,Beauty,1,7039.998333333333
U_00470,Free,North,257,1,1,8,0.0,37.849999999999994,7.3545,5.865,16.35,0.021978021978022063,2,18.924999999999997,Toys,0,53.75583657587548
U_00471,Free,South,183,0,3,9,0.0,0.0,7.884857142857142,7.892499999999999,16.228571428571428,0.07352941176470587,0,0.0,None,0,0.0
U_00472,Pro,East,185,15,0,1,0.0,109.27,3.833636363636363,0.0,8.272727272727273,0.049999999999999996,1,109.27,Sports,1,215.58675675675676
U_00473,Free,South,127,0,2,8,0.0,34.49,10.25263157894737,10.75,20.736842105263158,0.04736842105263155,2,17.245,Sports,0,99.1248031496063
U_00474,Free,East,331,10,0,2,37.86,65.55,6.255,6.41,13.083333333333334,-0.02424242424242422,3,21.849999999999998,Fashion,0,72.28323262839879
U_00475,Pro,West,849,3,1,4,0.0,222.73000000000002,8.867826086956523,4.54,19.043478260869566,-0.007352941176470586,4,55.682500000000005,Grocery,0,95.7555359246172
U_00476,Free,West,2,51,0,0,0.0,29.95,2.942857142857143,0.0,5.857142857142857,-0.08571428571428566,1,29.95,Electronics,1,364.39166666666665
U_00477,Pro,East,55,5,1,4,0.0,65.19,11.251142857142856,11.65,25.34285714285714,0.007352941176470619,2,32.595,Beauty,0,432.62454545454545
U_00478,Free,South,316,144,0,0,0.0,0.0,0.3,0.0,1.0,0.0,0,0.0,None,1,0.0
U_00479,Pro,North,282,2,2,9,50.27,246.20000000000002,10.249310344827586,12.37,21.24137931034483,0.014705882352941211,3,82.06666666666668,Grocery,0,318.6631205673759
U_00480,Free,West,150,34,0,0,0.0,0.0,2.35,0.0,4.75,-2.0083673326242142e-16,0,0.0,None,1,0.0
U_00481,Enterprise,South,782,9,0,1,0.0,173.07,6.6016666666666675,2.24,15.0,7.951207131982424e-18,3,57.69,Fashion,1,80.78075447570332
U_00482,Enterprise,South,67,73,0,0,0.0,0.0,4.99,0.0,10.666666666666666,7.951207131982424e-18,0,0.0,None,1,0.0
U_00483,Pro,West,584,2,2,3,46.33,270.25,5.312857142857141,3.6599999999999997,10.642857142857142,0.0272727272727273,5,54.05,Fashion,0,168.90625
U_00484,Free,North,773,1,1,3,11.4,221.35999999999999,8.784166666666666,8.19,20.291666666666668,0.011764705882352983,6,36.89333333333333,Sports,0,104.52315653298835
U_00485,Free,West,569,8,0,4,0.0,10.33,7.5357894736842095,8.346666666666666,16.42105263157895,0.09090909090909097,1,10.33,Beauty,0,6.626449912126538
U_00486,Enterprise,West,75,28,0,1,0.0,291.3,5.755333333333334,0.0,12.666666666666666,-0.017482517482517487,3,97.10000000000001,Books,1,1417.66
U_00487,Free,North,634,4,1,4,0.0,111.85000000000001,10.379642857142859,10.61,21.535714285714285,-0.01960784313725491,2,55.925000000000004,Toys,0,64.39313880126184
U_00488,Free,South,64,3,2,7,24.72,82.66,10.961515151515151,12.35,24.545454545454547,0.022077922077922085,3,27.55333333333333,Grocery,0,471.42031249999997
U_00489,Free,North,-188,24,0,1,0.0,0.0,5.4366666666666665,0.0,12.666666666666666,1.0276789547548596e-16,0,0.0,None,1,0.0
U_00490,Free,North,326,41,0,0,0.0,15.68,7.066428571428572,0.0,15.428571428571429,-0.09523809523809502,1,15.68,Toys,1,17.555828220858896
U_00491,Free,South,445,24,0,2,0.0,31.67,5.890000000000001,0.0,13.375,0.22857142857142848,1,31.67,Beauty,1,25.976516853932587
U_00492,Pro,East,342,67,0,0,0.0,115.38,7.91,0.0,17.76923076923077,-0.04999999999999986,2,57.69,Beauty,1,123.13947368421051
U_00493,Free,South,124,7,0,1,0.0,0.0,3.0316666666666667,0.12,6.5,0.19999999999999996,0,0.0,None,1,0.0
U_00494,Free,North,35,1,1,5,0.0,15.36,8.5504,7.050000000000001,20.32,-0.0642857142857143,1,15.36,Books,0,160.18285714285713
U_00495,Free,East,195,77,0,0,0.0,39.15,4.86,0.0,9.5,0.5000000000000002,2,19.575,Books,0,73.28076923076922
U_00496,Enterprise,South,167,2,1,3,74.02,284.23,3.8615384615384616,2.59,8.307692307692308,-0.003496503496503487,3,94.74333333333334,Toys,0,621.2212574850299
U_00497,Pro,North,770,3,1,3,0.0,354.28000000000003,7.27909090909091,1.57,15.136363636363637,-0.04848484848484845,3,118.09333333333335,Beauty,1,167.93792207792208
U_00498,Free,North,695,2,1,10,0.0,0.0,9.693513513513512,11.335,21.486486486486488,-0.002450980392156791,0,0.0,None,0,0.0
U_00499,Free,West,582,89,0,0,0.0,21.25,1.1233333333333333,0.0,3.0,1.0276789547548596e-16,1,21.25,Sports,1,13.326890034364261
U_00500,Free,North,60,1,1,1,0.0,0.0,6.398571428571429,2.61,15.714285714285714,-0.13333333333333341,0,0.0,None,1,0.0
U_00501,Pro,West,528,17,0,3,144.02,330.63,9.684090909090909,0.0,22.318181818181817,-0.15384615384615385,5,66.126,Beauty,0,228.56051136363638
U_00502,Free,East,247,99,0,0,0.0,34.41,1.585,0.0,3.5,-7.850462293418875e-17,1,34.41,Books,1,50.848785425101205
U_00503,Free,East,839,82,0,0,0.0,19.43,0.3,0.0,1.0,-7.850462293418875e-17,1,19.43,Beauty,1,8.452860548271751
U_00504,Free,South,788,4,1,5,0.0,0.0,7.712857142857144,7.44,18.392857142857142,0.018575851393188864,0,0.0,None,0,0.0
U_00505,Free,South,566,3,2,3,0.0,0.0,8.398275862068965,6.760000000000001,17.724137931034484,0.005159958720330255,0,0.0,None,0,0.0
U_00506,Free,North,136,96,0,0,0.0,0.0,0.7933333333333333,0.0,2.3333333333333335,1.0276789547548596e-16,0,0.0,None,1,0.0
U_00507,Enterprise,South,115,0,1,2,0.0,149.61,3.6019999999999994,2.9,7.7,-0.016666666666666528,2,74.805,Fashion,0,474.84913043478264
U_00508,Free,West,132,92,0,0,0.0,10.04,4.578333333333334,0.0,10.166666666666666,0.19999999999999996,1,10.04,Books,0,27.762121212121208
U_00509,Pro,South,542,17,0,1,0.0,209.67000000000002,10.124444444444444,0.0,23.61111111111111,-0.004395604395604423,5,41.934000000000005,Sports,0,141.19843173431735
U_00510,Free,South,302,9,0,6,0.0,0.0,8.567,5.713333333333334,18.95,0.07912087912087912,0,0.0,None,0,0.0
U_00511,Free,East,357,66,0,0,0.0,36.7,3.6875,0.0,9.0,-2.0083673326242142e-16,1,36.7,Grocery,1,37.522408963585434
U_00512,Pro,West,355,22,0,1,0.0,99.81,5.702222222222222,0.0,13.0,-0.20000000000000023,1,99.81,Home,0,102.62154929577466
U_00513,Pro,East,726,70,0,0,0.0,299.04999999999995,6.136153846153846,0.0,13.615384615384615,6.198032018724358e-17,4,74.76249999999999,Sports,0,150.3488292011019
U_00514,Pro,East,-100,3,1,1,0.0,126.19,2.468,3.18,6.0,-0.06666666666666661,1,126.19,Sports,1,1535.3116666666667
U_00515,Free,West,640,16,0,2,62.9,106.24000000000001,5.185384615384615,0.0,12.0,0.08181818181818183,2,53.120000000000005,Toys,0,60.59
U_00516,Free,East,-190,21,0,2,0.0,0.0,4.115714285714286,0.0,9.0,0.0818181818181818,0,0.0,None,0,0.0
U_00517,Enterprise,West,-146,63,0,0,0.0,38.86,6.9719999999999995,0.0,13.3,-3.497877510860404e-17,1,38.86,Electronics,1,472.7966666666666
U_00518,Free,East,834,89,0,0,0.0,0.0,9.103333333333333,0.0,20.833333333333332,-0.20000000000000015,0,0.0,None,0,0.0
U_00519,Free,North,363,42,0,0,0.0,0.0,4.905384615384616,0.0,10.538461538461538,0.09090909090909093,0,0.0,None,1,0.0
U_00520,Free,North,-22,5,1,5,0.0,50.83,6.854000000000001,6.676666666666667,15.0,-0.03636363636363631,3,16.94333333333333,Electronics,0,618.4316666666666
U_00521,Pro,North,-180,59,0,0,0.0,0.0,4.394,0.0,10.7,-3.497877510860404e-17,0,0.0,None,1,0.0
U_00522,Free,South,373,5,1,3,0.0,0.0,3.4130000000000003,4.515,7.1,6.363375692412363e-17,0,0.0,None,1,0.0
U_00523,Free,East,566,40,0,0,0.0,0.0,3.826666666666666,0.0,8.444444444444445,6.633138920230202e-17,0,0.0,None,1,0.0
U_00524,Pro,West,629,3,1,3,0.0,222.95,7.627222222222222,2.48,16.5,-0.03296703296703294,5,44.589999999999996,Beauty,0,129.3748012718601
U_00525,Pro,North,-155,35,0,0,58.67,459.42,5.032,0.0,10.2,-0.03571428571428578,7,65.63142857142857,Home,0,5589.61
U_00526,Free,West,628,1,1,3,0.0,20.77,4.8792857142857144,7.15,9.857142857142858,-0.012121212121212142,1,20.77,Home,0,12.07173566878981
U_00527,Pro,North,233,45,0,0,0.0,54.05,3.5108333333333337,0.0,7.5,-0.14999999999999986,1,54.05,Sports,1,84.67060085836908
U_00528,Free,North,701,2,1,5,47.59,96.91,10.673636363636364,7.04,21.87878787878788,0.005263157894736791,3,32.303333333333335,Toys,0,50.459557774607696
U_00529,Free,West,294,3,1,3,0.0,0.0,5.156842105263159,4.0633333333333335,11.210526315789474,0.010989010989011,0,0.0,None,0,0.0
U_00530,Free,West,-163,24,0,1,0.0,64.61,1.83,0.0,4.0,1.0276789547548596e-16,2,32.305,Home,1,786.0883333333334
U_00531,Free,West,711,25,0,1,0.0,28.18,1.72875,0.0,4.25,-2.751513687042919e-17,1,28.18,Electronics,1,14.466526019690578
U_00532,Free,West,-22,48,0,0,0.0,0.0,3.1385714285714283,0.0,5.857142857142857,4.8870404991229254e-17,0,0.0,None,1,0.0
U_00533,Pro,South,310,31,0,0,41.94,285.34,7.383478260869565,0.0,16.0,-0.04395604395604392,4,71.335,Toys,1,335.9648387096774
U_00534,Pro,East,-93,12,0,3,277.54999999999995,412.19000000000005,10.462916666666667,12.34,22.833333333333332,0.03431372549019608,7,58.884285714285724,Electronics,0,5014.9783333333335
U_00535,Free,East,103,60,0,0,0.0,0.0,3.168333333333333,0.0,5.166666666666667,0.0999999999999999,0,0.0,None,1,0.0
U_00536,Free,West,606,8,0,3,0.0,0.0,7.7445,9.08,17.15,-0.03956043956043958,0,0.0,None,0,0.0
U_00537,Free,South,-104,14,0,1,0.0,39.6,9.187000000000001,0.0,19.9,4.544370698979893e-17,2,19.8,Fashion,1,481.8
U_00538,Pro,North,334,5,2,6,21.13,132.39999999999998,9.6504,7.8725000000000005,21.8,0.03405572755417956,5,26.479999999999997,Books,0,144.68862275449098
U_00539,Free,East,826,11,0,4,0.0,13.28,7.226521739130435,6.99,16.130434782608695,-0.00735294117647056,1,13.28,Electronics,0,5.868280871670702
U_00540,Free,West,849,4,1,3,0.0,0.0,4.841764705882352,1.2,11.176470588235293,-0.016483516483516442,0,0.0,None,1,0.0
U_00541,Free,South,328,10,0,6,85.08,168.51999999999998,8.916206896551724,7.55,19.03448275862069,0.01617647058823533,2,84.25999999999999,Electronics,0,187.52987804878046
U_00542,Free,South,372,93,0,0,0.0,0.0,2.945,0.0,8.0,-7.850462293418875e-17,0,0.0,None,1,0.0
U_00543,Free,East,531,38,0,0,0.0,31.63,3.825714285714285,0.0,7.142857142857143,0.08571428571428573,1,31.63,Fashion,1,21.74190207156309
U_00544,Free,South,703,61,0,0,0.0,0.0,4.279999999999999,0.0,9.75,-2.0083673326242142e-16,0,0.0,None,1,0.0
U_00545,Free,East,486,6,1,9,25.96,25.96,8.686399999999999,9.28,19.0,0.05441176470588234,1,25.96,Sports,0,19.49670781893004
U_00546,Free,North,516,75,0,0,0.0,0.0,6.118888888888888,0.0,14.11111111111111,-0.14285714285714288,0,0.0,None,1,0.0
U_00547,Pro,East,-43,39,0,0,0.0,550.1999999999999,8.294444444444444,0.0,19.166666666666668,0.005494505494505532,7,78.6,Sports,1,6694.0999999999985
U_00548,Pro,East,851,3,1,1,0.0,56.77,5.911538461538461,1.92,14.538461538461538,-0.06666666666666667,1,56.77,Grocery,1,24.34905992949471
U_00549,Free,East,52,0,2,2,50.34,50.34,5.91,8.64,12.625,0.027272727272727334,1,50.34,Grocery,0,353.348076923077
U_00550,Free,North,-42,20,0,1,0.0,22.77,2.35,0.0,3.5,-7.850462293418875e-17,1,22.77,Books,1,277.035
U_00551,Free,East,725,6,1,5,27.74,80.08,9.874857142857143,12.45,21.771428571428572,-0.0588235294117647,4,20.02,Beauty,0,40.31613793103448
U_00552,Enterprise,North,-135,81,0,0,0.0,373.08,5.156,0.0,10.6,-0.16666666666666644,2,186.54,Fashion,1,4539.14
U_00553,Pro,West,92,2,1,3,0.0,0.0,2.1355555555555554,4.055,4.444444444444445,-0.10714285714285726,0,0.0,None,0,0.0
U_00554,Pro,East,-109,23,0,3,0.0,656.51,7.915555555555557,0.0,17.48148148148148,0.10329670329670329,6,109.41833333333334,Beauty,1,7040.131324358977
U_00555,Enterprise,North,544,55,0,0,0.0,207.81,2.21,0.0,4.5,-2.0083673326242142e-16,3,69.27,Electronics,1,139.43134191176472
U_00556,Enterprise,North,456,8,0,1,0.0,164.01,2.9466666666666668,2.83,6.166666666666667,0.19999999999999996,1,164.01,Toys,0,131.2799342105263
U_00557,Pro,South,434,59,0,0,0.0,0.0,2.39,0.0,5.0,0.0,0,0.0,None,1,0.0
U_00558,Free,North,-212,0,2,11,24.36,47.95,11.14138888888889,11.268,23.166666666666668,0.03759398496240598,2,23.975,Fashion,0,583.3916666666667
U_00559,Free,South,224,79,0,0,0.0,0.0,3.183333333333333,0.0,6.777777777777778,0.19999999999999982,0,0.0,None,0,0.0
U_00560,Pro,North,468,77,0,0,0.0,0.0,0.5933333333333334,0.0,1.3333333333333333,1.0276789547548596e-16,0,0.0,None,1,0.0
U_00561,Pro,North,396,1,3,9,0.0,221.67000000000002,8.227352941176472,7.9316666666666675,18.323529411764707,0.031862745098039255,3,73.89,Fashion,0,204.31704545454548
U_00562,Pro,East,559,13,0,4,64.41,296.91,8.2745,10.52,17.65,-0.007142857142857088,5,59.382000000000005,Home,0,193.86788908765655
U_00563,Pro,East,801,43,0,0,0.0,43.11,7.623846153846155,0.0,17.384615384615383,0.06666666666666672,1,43.11,Grocery,1,19.644382022471913
U_00564,Enterprise,North,744,55,0,0,0.0,120.8,2.63,0.0,6.5,-7.850462293418875e-17,2,60.4,Fashion,1,59.26344086021505
U_00565,Free,West,-37,0,1,4,0.0,29.32,3.22,2.356666666666667,7.888888888888889,0.059523809523809486,1,29.32,Electronics,1,356.7266666666667
U_00566,Free,North,548,128,0,0,0.0,0.0,3.635,0.0,7.5,-7.850462293418875e-17,0,0.0,None,1,0.0
U_00567,Pro,West,-145,28,0,1,97.63,171.61,4.157333333333333,0.0,9.133333333333333,-0.1999999999999999,2,85.805,Beauty,0,2087.9216666666666
U_00568,Free,North,587,6,1,3,0.0,0.0,7.356521739130437,3.93,16.608695652173914,-0.11428571428571432,0,0.0,None,0,0.0
U_00569,Free,South,569,1,1,4,0.0,0.0,6.956666666666666,8.82,15.666666666666666,-0.026960784313725433,0,0.0,None,0,0.0
U_00570,Free,North,308,43,0,0,0.0,0.0,0.388,0.0,1.0,-0.1000000000000001,0,0.0,None,0,0.0
U_00571,Enterprise,South,650,34,0,0,71.03,71.03,1.6424999999999998,0.0,4.75,-8.498442808297854e-17,1,71.03,Grocery,1,39.88607692307692
U_00572,Pro,West,455,7,0,2,0.0,270.52,8.411875,3.28,20.1875,-0.06293706293706296,5,54.104,Electronics,0,217.01054945054943
U_00573,Pro,North,-167,82,0,0,0.0,145.07999999999998,5.848888888888889,0.0,11.11111111111111,-0.0714285714285715,3,48.35999999999999,Electronics,1,1765.1399999999999
U_00574,Pro,North,-90,56,0,0,0.0,142.39,5.086363636363637,0.0,12.454545454545455,-0.07142857142857144,3,47.46333333333333,Beauty,0,1732.4116666666666
U_00575,Enterprise,North,-13,7,0,1,0.0,84.54,3.0216666666666665,0.09,5.833333333333333,-4.8374234447508063e-17,3,28.180000000000003,Toys,1,1028.57
U_00576,Free,West,180,0,1,2,55.0,91.12,10.041666666666664,10.09,21.61111111111111,0.00549450549450555,2,45.56,Beauty,0,184.7711111111111
U_00577,Free,East,-121,72,0,0,0.0,0.0,9.190625,0.0,20.1875,0.0500000000000002,0,0.0,None,1,0.0
U_00578,Pro,North,-150,5,1,4,0.0,163.43,5.922272727272728,1.64,13.090909090909092,-0.020588235294117584,2,81.715,Books,0,1988.3983333333333
U_00579,Pro,West,267,2,2,7,0.0,275.83,6.971499999999999,7.612500000000001,15.55,0.03296703296703298,2,137.915,Books,0,377.07097378277155
U_00580,Pro,North,85,91,0,0,0.0,89.85,2.885,0.0,5.5,0.0,2,44.925,Beauty,1,385.8264705882352
U_00581,Free,North,800,41,0,0,0.0,148.01999999999998,6.258571428571429,0.0,12.857142857142858,0.012121212121212145,3,49.339999999999996,Electronics,1,67.53412499999999
U_00582,Free,East,72,14,0,1,0.0,41.91,8.068823529411764,0.0,15.705882352941176,-0.024175824175824232,2,20.955,Fashion,0,212.46041666666665
U_00583,Pro,West,372,107,0,0,0.0,9.32,3.486666666666667,0.0,7.333333333333333,0.9999999999999998,1,9.32,Home,1,9.144623655913978
U_00584,Free,East,50,115,0,0,0.0,38.64,9.17,0.0,23.0,0.0,1,38.64,Home,1,282.072
U_00585,Pro,South,165,38,0,0,60.12,268.07,4.616250000000001,0.0,10.125,-0.057142857142857134,4,67.0175,Beauty,0,593.0033333333333
U_00586,Free,East,547,91,0,0,0.0,58.38,5.415,0.0,11.7,0.09523809523809525,1,58.38,Sports,1,38.95557586837295
U_00587,Pro,West,800,61,0,0,0.0,14.14,4.883,0.0,11.5,-0.09523809523809514,1,14.14,Home,1,6.451375
U_00588,Pro,West,-135,0,2,4,228.01999999999998,308.54999999999995,5.76375,4.455,12.0625,0.07692307692307694,5,61.709999999999994,Grocery,0,3754.024999999999
U_00589,Free,East,717,8,0,3,17.81,44.65,9.139545454545456,10.41,20.318181818181817,-0.014705882352941142,3,14.883333333333333,Books,0,22.729776847977686
U_00590,Free,East,349,58,0,0,0.0,0.0,9.21263157894737,0.0,20.105263157894736,0.08241758241758246,0,0.0,None,1,0.0
U_00591,Pro,South,486,0,1,4,43.42,114.01,7.712608695652172,7.005000000000001,16.652173913043477,-0.019607843137254884,2,57.005,Books,0,85.62479423868314
U_00592,Pro,West,535,3,1,5,0.0,207.31,9.0268,8.51,19.8,0.010294117647058836,3,69.10333333333334,Sports,0,141.43579439252338
U_00593,Free,West,65,0,2,6,0.0,0.0,5.441666666666666,7.79,12.0,-0.009090909090909025,0,0.0,None,0,0.0
U_00594,Free,South,-188,95,0,0,0.0,20.74,10.42375,0.0,22.375,-0.11428571428571437,1,20.74,Sports,1,252.33666666666664
U_00595,Pro,North,575,28,0,1,0.0,35.44,2.5585714285714287,0.0,5.714285714285714,0.08571428571428573,1,35.44,Sports,1,22.496695652173912
U_00596,Enterprise,East,153,12,0,2,0.0,306.06,6.606000000000001,9.86,13.933333333333334,0.06666666666666689,2,153.03,Grocery,0,730.143137254902
U_00597,Pro,North,532,45,0,0,0.0,0.0,4.0125,0.0,8.25,-2.0083673326242142e-16,0,0.0,None,1,0.0
U_00598,Free,South,258,41,0,0,0.0,20.4,1.7480000000000004,0.0,3.6,-1.0507920739455759e-16,1,20.4,Home,1,28.86046511627907
U_00599,Free,East,432,19,0,2,0.0,50.69,5.22,0.0,11.846153846153847,0.009090909090909113,2,25.345,Sports,0,42.82835648148148
U_00600,Free,West,674,18,0,2,0.0,50.29,8.410555555555554,0.0,18.333333333333332,6.250261171479797e-17,1,50.29,Fashion,1,27.234198813056377
U_00601,Free,South,680,3,1,2,0.0,27.4,8.470799999999999,10.295,17.52,-0.05494505494505502,1,27.4,Beauty,0,14.70735294117647
U_00602,Free,West,631,94,0,0,0.0,0.0,2.492,0.0,4.4,-1.0507920739455759e-16,0,0.0,None,1,0.0
U_00603,Free,East,-113,86,0,0,0.0,0.0,8.957142857142857,0.0,19.761904761904763,1.3078946548423497e-17,0,0.0,None,1,0.0
U_00604,Free,West,323,17,0,1,0.0,0.0,2.7566666666666664,0.0,7.0,1.0276789547548596e-16,0,0.0,None,1,0.0
U_00605,Free,East,618,6,1,7,0.0,26.91,7.374347826086957,9.89,17.434782608695652,0.013235294117647099,1,26.91,Home,0,15.893446601941749
U_00606,Free,West,-114,18,0,1,50.61,50.61,6.9719999999999995,0.0,14.6,-0.17857142857142863,1,50.61,Beauty,0,615.755
U_00607,Pro,East,-210,47,0,0,0.0,75.05,5.191,0.0,11.6,0.023809523809523888,1,75.05,Toys,1,913.1083333333332
U_00608,Free,South,373,0,2,5,0.0,0.0,5.854347826086957,4.575,12.869565217391305,0.025,0,0.0,None,0,0.0
U_00609,Free,North,704,31,0,0,0.0,0.0,3.670000000000001,0.0,6.857142857142857,-0.028571428571428543,0,0.0,None,1,0.0
U_00610,Pro,East,647,10,0,6,28.34,111.87,11.6924,10.64,26.8,-0.01029411764705884,3,37.29,Sports,0,63.11058732612056
U_00611,Free,South,756,7,0,1,0.0,0.0,4.666153846153846,0.3,11.153846153846153,-0.09999999999999985,0,0.0,None,0,0.0
U_00612,Pro,West,488,66,0,0,0.0,0.0,5.901,0.0,11.1,0.047619047619047665,0,0.0,None,1,0.0
U_00613,Pro,East,755,2,2,4,21.33,249.63,8.013333333333334,8.226666666666667,16.916666666666668,-0.010714285714285697,2,124.815,Fashion,0,120.68205298013244
U_00614,Free,North,598,106,0,0,0.0,0.0,0.3,0.0,1.0,0.0,0,0.0,None,1,0.0
U_00615,Free,North,577,0,2,5,0.0,0.0,8.655454545454546,8.266666666666666,19.09090909090909,-0.008823529411764704,0,0.0,None,0,0.0
U_00616,Free,North,245,6,1,6,0.0,100.48,8.75,9.82,19.42105263157895,0.03736263736263735,3,33.49333333333333,Sports,0,149.69469387755103
U_00617,Pro,South,-93,10,0,3,64.56,506.65,5.348750000000001,6.12,10.875,6.729156486047637e-17,7,72.37857142857142,Electronics,0,6164.241666666666
U_00618,Pro,South,53,64,0,0,0.0,73.83,4.502000000000001,0.0,8.4,-1.0507920739455759e-16,2,36.915,Toys,1,508.45188679245285
U_00619,Free,West,412,45,0,0,0.0,59.69,4.995789473684211,0.0,10.736842105263158,-0.11515151515151512,1,59.69,Sports,0,52.88070388349514
U_00620,Pro,South,411,3,1,4,0.0,149.21,5.263636363636364,1.73,11.090909090909092,0.021978021978021966,2,74.605,Toys,0,132.51009732360097
U_00621,Free,East,294,1,1,5,0.0,15.92,7.49235294117647,9.66,17.11764705882353,0.02142857142857143,1,15.92,Electronics,0,19.764625850340135
U_00622,Free,West,451,78,0,0,0.0,0.0,0.3,0.0,1.0,0.0,0,0.0,None,1,0.0
U_00623,Enterprise,North,492,7,0,4,164.19,583.27,11.370357142857143,11.425,23.75,0.024509803921568655,8,72.90875,Electronics,0,432.71046747967483
U_00624,Pro,West,786,2,1,1,0.0,45.34,1.5939999999999999,0.3,4.2,-0.1000000000000001,1,45.34,Books,0,21.054834605597968
U_00625,Enterprise,West,557,3,3,8,346.07,1189.16,9.909705882352942,12.74,21.38235294117647,0.05614035087719297,10,118.91600000000001,Fashion,0,779.2520646319571
U_00626,Pro,East,-179,57,0,0,0.0,0.0,3.367272727272727,0.0,7.2727272727272725,-0.05454545454545458,0,0.0,None,1,0.0
U_00627,Pro,North,718,41,0,0,0.0,107.8,7.890625,0.0,16.0625,0.06666666666666676,2,53.9,Beauty,0,54.8008356545961
U_00628,Free,West,316,28,0,1,23.2,124.46,6.690000000000001,0.0,14.666666666666666,0.05494505494505499,3,41.486666666666665,Fashion,1,143.75917721518988
U_00629,Free,South,181,4,1,5,18.56,57.269999999999996,7.7659259259259255,6.6899999999999995,17.0,-0.009287925696594406,3,19.09,Books,0,115.48922651933701
U_00630,Free,North,-67,1,2,9,0.0,57.41,10.907272727272726,10.198571428571428,25.96969696969697,0.1200980392156863,3,19.136666666666667,Electronics,0,698.4883333333333
U_00631,Free,North,622,44,0,0,0.0,0.0,6.1933333333333325,0.0,14.416666666666666,-0.016666666666666646,0,0.0,None,0,0.0
U_00632,Free,North,564,3,1,4,25.07,78.41,11.166842105263157,9.305,25.842105263157894,0.007142857142857153,3,26.136666666666667,Grocery,0,50.74406028368794
U_00633,Pro,North,588,1,1,3,42.24,94.28999999999999,5.877826086956522,9.38,12.608695652173912,0.0049019607843137705,2,47.144999999999996,Toys,0,58.530357142857135
U_00634,Free,East,426,9,0,4,0.0,20.82,7.618888888888888,2.98,17.555555555555557,-0.005494505494505477,1,20.82,Books,1,17.838732394366197
U_00635,Pro,East,377,1,2,5,0.0,108.83000000000001,7.0785,8.8925,15.55,-0.02097902097902094,2,54.415000000000006,Beauty,0,105.3659151193634
U_00636,Free,North,-164,73,0,0,0.0,0.0,0.5333333333333333,0.0,1.0,-1.0,0,0.0,None,1,0.0
U_00637,Pro,East,-52,2,1,1,0.0,115.19,4.231666666666667,1.57,7.833333333333333,0.0999999999999999,2,57.595,Books,1,1401.4783333333332
U_00638,Pro,North,-78,41,0,0,0.0,0.0,8.0595,0.0,19.4,-0.016483516483516435,0,0.0,None,0,0.0
U_00639,Pro,West,829,22,0,3,0.0,106.97999999999999,6.551333333333334,0.0,14.466666666666667,0.16363636363636366,2,53.489999999999995,Toys,0,47.102171290711695
U_00640,Pro,South,818,13,0,1,0.0,297.36,5.961818181818183,2.09,13.818181818181818,-0.10714285714285712,5,59.472,Toys,1,132.68508557457213
U_00641,Free,West,96,74,0,0,0.0,51.55,2.308,0.0,5.0,-0.3000000000000005,1,51.55,Electronics,1,195.99739583333334
U_00642,Free,North,-102,0,2,5,0.0,13.27,7.78086956521739,7.313333333333333,16.52173913043478,-0.0024509803921568267,1,13.27,Grocery,0,161.45166666666665
U_00643,Free,North,348,1,1,3,0.0,52.55,3.4955555555555557,3.58,7.555555555555555,-0.06593406593406591,1,52.55,Beauty,0,55.11709770114942
U_00644,Free,South,227,17,0,1,0.0,0.0,5.013333333333334,0.0,10.416666666666666,0.01666666666666672,0,0.0,None,0,0.0
U_00645,Enterprise,West,852,83,0,0,0.0,529.78,6.614166666666667,0.0,14.75,-0.07142857142857127,4,132.445,Fashion,1,226.95974178403753
U_00646,Pro,West,435,84,0,0,0.0,83.34,3.77,0.0,7.333333333333333,-4.8374234447508063e-17,1,83.34,Fashion,1,69.92896551724138
U_00647,Pro,South,-135,1,2,8,0.0,122.38000000000001,9.416875000000001,9.283333333333333,19.53125,0.051127819548872175,3,40.79333333333334,Books,0,1488.9566666666667
U_00648,Pro,East,-28,4,1,1,0.0,0.0,3.5146666666666673,3.1,6.733333333333333,-0.09090909090909088,0,0.0,None,0,0.0
U_00649,Free,South,-59,13,0,3,0.0,85.38,6.422499999999999,10.64,14.1,-0.0024509803921568506,2,42.69,Beauty,0,1038.79
U_00650,Free,West,-184,104,0,0,0.0,0.0,4.367500000000001,0.0,11.25,-2.0,0,0.0,None,1,0.0
U_00651,Free,South,588,68,0,0,0.0,9.64,10.004000000000001,0.0,21.25,-0.15757575757575754,1,9.64,Beauty,1,5.984013605442177
U_00652,Pro,West,736,12,0,4,41.36,241.87,9.792380952380952,12.07,22.761904761904763,-0.024999999999999953,4,60.4675,Grocery,0,119.94911684782609
U_00653,Pro,North,688,10,0,5,7.83,199.24,8.416785714285716,7.195,17.857142857142858,0.05714285714285713,2,99.62,Home,0,105.70145348837211
U_00654,Free,East,296,36,0,0,17.66,58.09,4.232941176470589,0.0,8.0,0.05454545454545452,2,29.045,Electronics,0,71.63125000000001
U_00655,Free,West,125,0,1,3,0.0,133.97,8.341818181818182,3.21,17.5,-0.011764705882352861,4,33.4925,Sports,0,391.1924
U_00656,Pro,West,-151,5,1,7,0.0,83.97,11.001666666666665,12.835,26.066666666666666,0.02270381836945306,2,41.985,Books,0,1021.635
U_00657,Free,South,83,64,0,0,0.0,19.65,5.037857142857144,0.0,10.785714285714286,-0.04848484848484855,1,19.65,Fashion,1,86.41265060240963
U_00658,Pro,South,162,0,3,5,95.45,144.17000000000002,4.769444444444444,3.934,9.944444444444445,0.0934065934065934,2,72.08500000000001,Books,0,324.8274691358025
U_00659,Pro,East,37,4,1,5,0.0,40.31,8.6912,9.21,18.2,-0.025799793601651147,1,40.31,Grocery,0,397.65270270270275
U_00660,Free,South,365,4,1,2,77.41,77.41,5.0885,4.15,10.65,0.006993006993007043,1,77.41,Sports,0,77.41
U_00661,Free,East,265,17,0,1,0.0,0.0,4.317777777777778,0.0,9.11111111111111,-0.005494505494505477,0,0.0,None,0,0.0
U_00662,Free,North,810,22,0,2,0.0,8.78,2.6854545454545455,0.0,6.363636363636363,-0.09999999999999984,1,8.78,Beauty,1,3.9564197530864194
U_00663,Free,West,19,10,0,4,0.0,20.78,4.366470588235295,2.83,10.058823529411764,0.006060606060606097,1,20.78,Grocery,0,252.82333333333332
U_00664,Free,East,605,52,0,0,14.57,39.35,5.661666666666666,0.0,12.333333333333334,0.19999999999999996,2,19.675,Electronics,1,23.7400826446281
U_00665,Free,West,-128,3,1,6,20.96,20.96,8.58037037037037,8.375,19.48148148148148,-0.02450980392156858,1,20.96,Books,0,255.01333333333332
U_00666,Free,South,164,95,0,0,0.0,0.0,5.661428571428571,0.0,13.714285714285714,-3.543039230717604e-18,0,0.0,None,1,0.0
U_00667,Enterprise,East,529,48,0,0,0.0,843.5600000000001,5.132142857142857,0.0,11.785714285714286,-0.021978021978021966,4,210.89000000000001,Electronics,1,582.0404536862004
U_00668,Pro,West,716,92,0,0,0.0,11.79,3.476,0.0,7.4,-0.1000000000000001,1,11.79,Books,1,6.010265363128491
U_00669,Free,South,584,5,1,11,0.0,45.44,10.187222222222223,11.5,20.833333333333332,0.038596491228070184,1,45.44,Toys,0,28.4
U_00670,Free,South,174,21,0,1,0.0,31.56,3.785,0.0,8.833333333333334,7.951207131982424e-18,1,31.56,Books,0,66.20344827586206
U_00671,Enterprise,South,108,2,3,6,245.52,595.35,9.040000000000001,5.866666666666667,19.482758620689655,0.02205882352941182,7,85.05,Beauty,0,2012.0625
U_00672,Free,North,733,87,0,0,0.0,0.0,1.52,0.0,3.5,-7.850462293418875e-17,0,0.0,None,0,0.0
U_00673,Pro,East,778,70,0,0,0.0,0.0,3.8866666666666663,0.0,9.333333333333334,0.19999999999999998,0,0.0,None,1,0.0
U_00674,Free,South,293,13,0,2,0.0,0.0,4.154999999999999,6.2,8.875,6.729156486047637e-17,0,0.0,None,0,0.0
U_00675,Enterprise,East,231,8,0,1,0.0,277.97,4.971000000000001,1.73,10.3,-0.11904761904761889,2,138.985,Books,1,439.2166666666667
U_00676,Enterprise,North,439,4,2,7,75.63,372.57000000000005,5.931176470588235,6.8675,12.176470588235293,0.08741258741258742,5,74.51400000000001,Electronics,0,309.7677676537586
U_00677,Pro,North,614,38,0,0,0.0,270.4,9.253043478260867,0.0,20.217391304347824,-0.010989010989011032,5,54.08,Grocery,1,160.74267100977198
U_00678,Free,East,212,9,0,1,0.0,0.0,7.3912,2.49,15.72,-0.01715686274509802,0,0.0,None,1,0.0
U_00679,Enterprise,North,841,39,0,0,0.0,680.7499999999999,9.463793103448275,0.0,21.137931034482758,-0.03736263736263743,7,97.24999999999999,Toys,0,295.45035671819255
U_00680,Pro,South,531,19,0,2,0.0,139.51,7.2973684210526315,0.0,15.31578947368421,-0.04999999999999997,2,69.755,Fashion,0,95.89670433145008
U_00681,Pro,South,361,14,0,2,0.0,43.25,5.314444444444444,0.0,11.555555555555555,0.06666666666666682,1,43.25,Sports,0,43.7292243767313
U_00682,Pro,South,-170,7,0,2,0.0,289.03999999999996,3.5327272727272727,2.28,7.090909090909091,4.3903977023783285e-17,4,72.25999999999999,Books,0,3516.653333333333
U_00683,Free,North,165,0,4,8,34.94,34.94,10.976451612903226,12.231666666666667,23.193548387096776,0.07205882352941177,1,34.94,Books,0,77.29151515151516
U_00684,Free,North,-90,6,1,2,0.0,0.0,8.068999999999999,7.61,16.5,-0.05594405594405588,0,0.0,None,0,0.0
U_00685,Pro,South,346,13,0,1,0.0,70.6,3.8350000000000004,1.47,6.25,-2.0083673326242142e-16,1,70.6,Books,1,74.47687861271676
U_00686,Free,North,602,70,0,0,0.0,115.19999999999999,6.642727272727272,0.0,15.181818181818182,-0.016666666666666562,2,57.599999999999994,Grocery,0,69.84717607973421
U_00687,Enterprise,West,589,2,1,4,0.0,769.8299999999999,2.962307692307692,1.895,6.769230769230769,-0.02727272727272726,5,153.96599999999998,Books,0,477.0593378607809
U_00688,Free,South,-172,2,1,4,0.0,0.0,5.663888888888888,4.125,11.277777777777779,-0.039285714285714236,0,0.0,None,0,0.0
U_00689,Enterprise,North,101,2,1,1,595.0899999999999,971.42,8.576153846153845,9.95,18.76923076923077,-0.010489510489510481,8,121.4275,Beauty,0,3510.5772277227725
U_00690,Pro,South,525,7,0,3,90.33,256.87,9.257916666666667,10.15,19.666666666666668,0.03529411764705883,3,85.62333333333333,Home,0,178.58580952380953
U_00691,Enterprise,East,829,8,0,10,109.13,740.79,10.988857142857144,12.056666666666667,24.34285714285714,0.10350877192982456,9,82.31,Sports,0,326.1620627261761
U_00692,Pro,North,321,57,0,0,0.0,0.0,3.305,0.0,8.5,-7.850462293418875e-17,0,0.0,None,1,0.0
U_00693,Free,North,134,36,0,0,0.0,0.0,5.979285714285714,0.0,14.071428571428571,-0.018181818181818077,0,0.0,None,0,0.0
U_00694,Enterprise,South,405,9,0,1,0.0,173.57999999999998,3.652222222222223,0.09,8.333333333333334,-0.29999999999999993,2,86.78999999999999,Sports,1,156.4362962962963
U_00695,Pro,East,578,87,0,0,0.0,52.75,2.505,0.0,6.5,-7.850462293418875e-17,1,52.75,Toys,1,33.31098615916955
U_00696,Free,North,141,30,0,0,0.0,52.92,8.625909090909092,0.0,18.181818181818183,0.10489510489510492,2,26.46,Home,1,136.99148936170215
U_00697,Free,West,-134,4,1,2,0.0,0.0,4.77,0.8250000000000001,9.666666666666666,0.011904761904761946,0,0.0,None,0,0.0
U_00698,Free,North,611,1,2,3,0.0,29.11,3.305999999999999,4.12,7.866666666666666,0.04545454545454547,1,29.11,Electronics,0,17.389770867430443
U_00699,Enterprise,West,816,91,0,0,0.0,447.58,8.0225,0.0,18.25,-0.10000000000000021,3,149.19333333333333,Fashion,1,200.20428921568626
U_00700,Free,South,492,38,0,0,0.0,0.0,2.1262499999999998,0.0,4.875,-2.751513687042919e-17,0,0.0,None,1,0.0
U_00701,Pro,West,404,4,2,7,114.48,386.68,8.44111111111111,7.006666666666668,17.22222222222222,0.025799793601651178,4,96.67,Toys,0,349.35198019801976
U_00702,Pro,West,125,0,2,8,60.57,216.66,10.362285714285717,11.734,22.82857142857143,-0.0340557275541795,2,108.33,Electronics,0,632.6472
U_00703,Free,North,641,38,0,0,0.0,44.68,6.912222222222223,0.0,15.277777777777779,-0.0606060606060605,1,44.68,Sports,1,25.441809672386896
U_00704,Free,East,3,34,0,0,0.0,0.0,2.901111111111111,0.0,5.333333333333333,6.633138920230202e-17,0,0.0,None,0,0.0
U_00705,Enterprise,South,65,0,3,4,126.61,394.74,3.501052631578947,3.8533333333333335,7.842105263157895,0.07142857142857144,3,131.58,Grocery,0,2216.6169230769233
U_00706,Pro,East,314,2,2,6,0.0,43.72,8.43695652173913,8.766666666666666,18.391304347826086,0.013415892672858639,2,21.86,Grocery,0,50.821019108280254
U_00707,Free,East,634,18,0,2,0.0,50.82,1.4271428571428575,0.0,2.7142857142857144,4.8870404991229254e-17,1,50.82,Electronics,0,29.25757097791798
U_00708,Free,East,-181,119,0,0,0.0,0.0,1.8833333333333335,0.0,4.0,0.0,0,0.0,None,1,0.0
U_00709,Free,North,520,89,0,0,0.0,11.76,1.9433333333333334,0.0,4.0,1.0276789547548596e-16,1,11.76,Grocery,1,8.254615384615384
U_00710,Free,South,-22,3,1,2,0.0,0.0,5.003636363636364,8.33,11.909090909090908,-0.018181818181818177,0,0.0,None,0,0.0
U_00711,Free,West,606,34,0,0,0.0,23.19,4.420000000000001,0.0,8.0,7.951207131982424e-18,1,23.19,Books,1,13.967574257425742
U_00712,Free,South,616,35,0,0,0.0,0.0,3.4425,0.0,7.25,-2.0083673326242142e-16,0,0.0,None,1,0.0
U_00713,Pro,West,42,0,3,5,46.35,458.04,10.680689655172413,9.0175,22.862068965517242,0.03186274509803922,7,65.43428571428572,Grocery,0,3980.5857142857144
U_00714,Enterprise,North,538,3,1,6,221.53,675.01,6.8004999999999995,6.83,14.85,-0.008791208791208824,6,112.50166666666667,Electronics,0,457.9528810408922
U_00715,Pro,East,-162,31,0,0,0.0,177.65,3.6100000000000003,0.0,8.625,-0.1071428571428571,2,88.825,Sports,0,2161.4083333333333
U_00716,Free,North,324,5,1,1,0.0,22.77,3.7689999999999997,3.94,7.8,-0.06666666666666661,1,22.77,Electronics,0,25.65138888888889
U_00717,Free,North,653,66,0,0,0.0,0.0,4.182857142857142,0.0,9.571428571428571,4.8870404991229254e-17,0,0.0,None,1,0.0
U_00718,Free,North,614,25,0,2,0.0,0.0,6.741538461538462,0.0,12.692307692307692,0.011904761904762067,0,0.0,None,1,0.0
U_00719,Free,East,408,3,1,6,0.0,21.53,7.858333333333333,6.755,18.0,-0.009803921568627402,1,21.53,Fashion,0,19.2609068627451
U_00720,Pro,North,143,25,0,1,0.0,0.0,4.985384615384614,0.0,11.538461538461538,-0.01818181818181818,0,0.0,None,0,0.0
U_00721,Pro,North,-159,20,0,2,0.0,35.4,5.501578947368421,0.0,11.842105263157896,0.025000000000000015,1,35.4,Home,0,430.7
U_00722,Enterprise,West,696,55,0,0,159.87,482.54999999999995,8.598947368421054,0.0,18.789473684210527,0.01648351648351649,6,80.425,Home,0,253.06142241379305
U_00723,Enterprise,East,433,54,0,0,0.0,370.24,7.0183333333333335,0.0,14.0,-0.03333333333333315,4,92.56,Home,1,312.0960739030023
U_00724,Pro,East,625,35,0,0,0.0,68.8,8.214117647058822,0.0,18.41176470588235,0.10000000000000002,2,34.4,Grocery,1,40.1792
U_00725,Free,East,-186,23,0,1,0.0,24.85,4.800666666666667,0.0,10.2,-0.06666666666666662,1,24.85,Fashion,1,302.3416666666667
U_00726,Free,West,701,0,2,7,0.0,29.21,9.653999999999998,6.164999999999999,19.96,0.10357142857142862,1,29.21,Beauty,0,15.20920114122682
U_00727,Free,West,797,7,0,9,0.0,25.13,6.6688,9.15,15.0,0.06785714285714285,1,25.13,Books,0,11.508720200752824
U_00728,Enterprise,West,788,24,0,1,0.0,126.51,3.0399999999999996,0.0,6.333333333333333,-0.10000000000000012,2,63.255,Books,1,58.59917512690356
U_00729,Free,North,433,2,2,4,0.0,16.92,8.426250000000001,7.084999999999999,17.666666666666668,0.01398601398601403,1,16.92,Beauty,0,14.262817551963051
U_00730,Free,South,-105,0,3,6,0.0,115.56,7.714999999999998,7.410000000000001,15.954545454545455,0.017857142857142873,4,28.89,Books,0,1405.98
U_00731,Free,West,-89,9,0,3,0.0,0.0,5.977857142857144,5.08,13.071428571428571,-0.024242424242424208,0,0.0,None,1,0.0
U_00732,Free,South,71,34,0,0,0.0,0.0,2.992857142857143,0.0,6.571428571428571,0.02857142857142864,0,0.0,None,1,0.0
U_00733,Pro,East,-211,7,0,3,0.0,141.24,7.702222222222222,5.595,15.777777777777779,0.035164835164835144,3,47.080000000000005,Beauty,0,1718.42
U_00734,Free,East,-141,29,0,1,0.0,62.650000000000006,2.705,0.0,5.666666666666667,-0.10000000000000012,2,31.325000000000003,Sports,1,762.2416666666667
U_00735,Pro,North,502,53,0,0,0.0,107.49000000000001,8.206363636363635,0.0,16.545454545454547,0.059523809523809576,2,53.745000000000005,Sports,1,78.15507968127491
U_00736,Free,North,655,6,1,4,0.0,0.0,12.041785714285712,9.73,26.357142857142858,-0.07058823529411763,0,0.0,None,0,0.0
U_00737,Free,North,-145,2,4,9,0.0,46.019999999999996,9.306666666666667,10.06,20.296296296296298,0.03431372549019609,2,23.009999999999998,Books,0,559.91
U_00738,Enterprise,West,57,2,1,3,0.0,313.68,4.367999999999999,1.38,9.0,0.06363636363636363,2,156.84,Grocery,0,2008.6526315789472
U_00739,Free,South,819,78,0,0,0.0,16.09,5.786999999999999,0.0,11.4,-3.497877510860404e-17,1,16.09,Fashion,1,7.17075702075702
U_00740,Free,East,144,88,0,0,0.0,19.31,4.342,0.0,9.0,-0.3000000000000005,1,19.31,Home,1,48.9454861111111
U_00741,Pro,South,449,1,2,8,51.68,94.81,9.846086956521738,9.62,19.82608695652174,0.04558823529411764,3,31.603333333333335,Books,0,77.0727171492205
U_00742,Free,North,454,30,0,0,0.0,9.15,6.697,0.0,15.0,-0.05594405594405594,1,9.15,Toys,1,7.3562775330396475
U_00743,Free,South,499,114,0,0,0.0,0.0,3.25,0.0,7.0,-7.850462293418875e-17,0,0.0,None,1,0.0
U_00744,Free,North,672,7,0,5,0.0,50.95,6.443199999999999,9.53,13.84,0.0014705882352941933,1,50.95,Electronics,0,27.67373511904762
U_00745,Free,West,849,30,0,0,0.0,41.79,5.373846153846154,0.0,12.384615384615385,-0.05952380952380934,1,41.79,Fashion,0,17.96625441696113
U_00746,Free,West,554,36,0,0,0.0,8.82,3.7888888888888883,0.0,7.555555555555555,-0.20000000000000012,1,8.82,Home,1,5.81101083032491
U_00747,Free,West,478,94,0,0,0.0,20.4,2.1366666666666667,0.0,3.6666666666666665,1.0276789547548596e-16,1,20.4,Sports,1,15.577405857740585
U_00748,Free,East,-166,97,0,0,0.0,0.0,0.88,0.0,2.0,1.0276789547548596e-16,0,0.0,None,1,0.0
U_00749,Free,East,721,30,0,0,0.0,134.62,2.67,0.0,5.5,0.02380952380952389,2,67.31,Books,1,68.15020804438281
U_00750,Pro,East,-175,3,1,7,0.0,220.56,8.624285714285714,9.046666666666667,19.523809523809526,0.043956043956044064,2,110.28,Grocery,0,2683.48
U_00751,Free,West,631,6,1,6,0.0,154.49,8.804545454545455,7.69,19.40909090909091,0.035164835164835144,4,38.6225,Toys,0,89.36426307448495
U_00752,Pro,South,472,6,1,4,0.0,112.74,4.789999999999999,6.19,11.588235294117647,-0.010489510489510493,2,56.37,Electronics,0,87.18241525423728
U_00753,Free,South,-23,61,0,0,0.0,47.89,8.686250000000001,0.0,19.375,-0.0484848484848484,1,47.89,Sports,1,582.6616666666666
U_00754,Enterprise,South,-24,24,0,2,0.0,225.76999999999998,5.100625000000001,0.0,10.6875,0.021978021978021962,4,56.442499999999995,Grocery,0,2746.868333333333
U_00755,Free,East,392,90,0,0,0.0,0.0,1.6366666666666667,0.0,2.3333333333333335,1.0276789547548596e-16,0,0.0,None,1,0.0
U_00756,Pro,South,800,1,2,9,111.85,285.78,6.558636363636364,7.32,14.545454545454545,0.05494505494505495,3,95.25999999999999,Beauty,0,130.387125
U_00757,Pro,North,348,39,0,0,0.0,68.96000000000001,5.286,0.0,11.9,0.06666666666666664,2,34.480000000000004,Electronics,1,72.32873563218392
U_00758,Pro,West,455,18,0,2,0.0,122.11,7.231764705882353,0.0,16.11764705882353,-0.0909090909090909,3,40.70333333333333,Sports,0,97.95637362637363
U_00759,Pro,West,-128,72,0,0,0.0,0.0,2.064,0.0,3.6,-0.3000000000000005,0,0.0,None,1,0.0
U_00760,Free,West,647,5,1,2,0.0,0.0,6.375882352941177,0.3,14.176470588235293,-0.032967032967033044,0,0.0,None,0,0.0
U_00761,Free,East,464,2,2,4,0.0,35.05,5.222105263157895,4.096666666666667,10.052631578947368,0.10000000000000006,2,17.525,Electronics,0,27.57165948275862
U_00762,Enterprise,North,-104,8,0,4,0.0,852.9699999999999,3.2524999999999995,2.59,7.0,5.86512497368695e-17,7,121.85285714285713,Electronics,0,7040.131324358977
U_00763,Pro,West,820,101,0,0,0.0,132.38,5.9350000000000005,0.0,14.5,-7.850462293418875e-17,2,66.19,Beauty,0,58.92524390243903
U_00764,Free,South,415,3,2,8,0.0,105.88,10.697419354838711,9.02,23.29032258064516,-0.007223942208462299,3,35.29333333333333,Grocery,0,93.1233734939759
U_00765,Enterprise,West,-13,22,0,2,0.0,240.29,6.218125000000001,0.0,14.0,-2.6286133056039164e-17,3,80.09666666666666,Grocery,0,2923.528333333333
U_00766,Free,East,35,10,0,2,0.0,0.0,3.821538461538461,5.890000000000001,8.153846153846153,0.08333333333333347,0,0.0,None,0,0.0
U_00767,Free,East,809,1,2,7,0.0,0.0,7.861428571428573,5.2825,17.571428571428573,0.028571428571428584,0,0.0,None,0,0.0
U_00768,Free,North,815,23,0,1,0.0,0.0,6.734615384615386,0.0,13.692307692307692,-0.04999999999999986,0,0.0,None,1,0.0
U_00769,Free,North,786,999,0,0,0.0,0.0,0.0,0.0,0.0,0.0,0,0.0,None,1,0.0
U_00770,Pro,East,-128,2,2,9,0.0,108.72,10.20470588235294,10.795,22.441176470588236,0.046568627450980414,2,54.36,Books,0,1322.76
U_00771,Free,South,579,22,0,2,20.56,47.849999999999994,3.9739999999999993,0.0,9.1,-0.04761904761904744,2,23.924999999999997,Grocery,1,30.164507772020723
U_00772,Free,South,56,15,0,4,0.0,60.44,7.322222222222223,0.0,15.666666666666666,0.057142857142857155,1,60.44,Grocery,0,393.9392857142857
U_00773,Free,South,-105,74,0,0,0.0,0.0,1.9549999999999998,0.0,3.75,-2.0083673326242142e-16,0,0.0,None,0,0.0
U_00774,Free,East,491,0,2,4,0.0,0.0,6.288461538461537,3.63,13.846153846153847,0.05454545454545458,0,0.0,None,0,0.0
U_00775,Pro,West,562,12,0,2,0.0,20.62,7.557333333333333,2.65,15.466666666666667,-0.059523809523809486,1,20.62,Books,0,13.391992882562278
U_00776,Free,East,-168,8,0,1,0.0,0.0,6.225454545454546,0.81,12.909090909090908,1.4185434967351353e-16,0,0.0,None,1,0.0
U_00777,Free,West,195,64,0,0,0.0,0.0,3.8899999999999997,0.0,6.5,0.0,0,0.0,None,1,0.0
U_00778,Free,North,573,4,1,4,12.5,40.239999999999995,6.49153846153846,4.6899999999999995,15.461538461538462,-0.05454545454545454,2,20.119999999999997,Electronics,0,25.632809773123906
U_00779,Free,West,89,18,0,2,0.0,99.59,10.180000000000001,0.0,25.041666666666668,0.004395604395604354,3,33.196666666666665,Beauty,0,408.4308988764045
U_00780,Enterprise,South,515,3,1,4,0.0,657.29,4.392777777777777,3.37,9.88888888888889,-0.030769230769230837,5,131.458,Sports,0,465.8463106796117
U_00781,Free,North,559,34,0,0,0.0,26.22,8.906190476190478,0.0,17.952380952380953,-0.02857142857142866,1,26.22,Toys,1,17.120393559928445
U_00782,Free,North,848,3,1,5,0.0,0.0,6.855,9.0,15.222222222222221,-0.027272727272727244,0,0.0,None,0,0.0
U_00783,Free,North,47,58,0,0,0.0,0.0,3.9233333333333333,0.0,10.0,1.0276789547548596e-16,0,0.0,None,1,0.0
U_00784,Free,West,-124,82,0,0,0.0,37.82,5.434444444444445,0.0,10.777777777777779,0.08333333333333341,1,37.82,Toys,1,460.1433333333333
U_00785,Pro,North,177,11,0,4,0.0,244.12,10.515483870967742,6.67,22.516129032258064,-0.0030959752321981174,3,81.37333333333333,Books,0,503.41129943502824
U_00786,Pro,East,-153,52,0,0,0.0,0.0,0.3,0.0,1.0,-7.850462293418875e-17,0,0.0,None,1,0.0
U_00787,Pro,East,827,77,0,0,0.0,209.28,7.098888888888889,0.0,15.222222222222221,-0.14285714285714288,2,104.64,Beauty,1,92.36662636033859
U_00788,Free,North,603,41,0,0,0.0,0.0,3.3628571428571425,0.0,7.428571428571429,0.2,0,0.0,None,0,0.0
U_00789,Pro,North,346,22,0,2,73.36,73.36,5.380000000000001,0.0,12.375,0.0979020979020979,1,73.36,Fashion,0,77.38843930635838
U_00790,Pro,West,-167,16,0,1,56.46,449.12,6.934545454545455,0.0,14.818181818181818,0.03571428571428578,5,89.824,Beauty,0,5464.293333333333
U_00791,Pro,North,-164,1,1,5,0.0,132.41,6.56375,5.68,14.875,0.02857142857142861,2,66.205,Electronics,1,1610.9883333333335
U_00792,Pro,North,440,90,0,0,0.0,103.15,4.894285714285714,0.0,10.857142857142858,-0.028571428571428543,2,51.575,Grocery,0,85.56761363636363
U_00793,Free,South,585,2,2,5,0.0,52.6,7.871111111111111,8.983333333333333,16.444444444444443,-0.0559440559440559,1,52.6,Electronics,0,32.81880341880342
U_00794,Free,North,394,6,1,6,0.0,0.0,6.802,6.84,14.88,-0.004411764705882303,0,0.0,None,0,0.0
U_00795,Pro,East,326,6,1,1,0.0,0.0,1.17,0.75,2.6666666666666665,1.0276789547548596e-16,0,0.0,None,1,0.0
U_00796,Pro,East,-137,10,0,1,96.22,404.46999999999997,8.001249999999999,6.96,16.5625,-0.04545454545454541,6,67.41166666666666,Toys,0,4921.051666666666
U_00797,Free,West,657,7,0,2,0.0,35.19,5.2192307692307685,2.49,11.307692307692308,0.02727272727272728,1,35.19,Sports,0,19.55
U_00798,Pro,West,-3,52,0,0,98.33,98.33,8.805789473684213,0.0,20.210526315789473,-0.0818181818181819,1,98.33,Books,0,1196.3483333333334
U_00799,Free,East,65,6,1,3,0.0,0.0,3.446923076923077,2.92,7.538461538461538,3.650392926678888e-18,0,0.0,None,0,0.0
U_00800,Free,North,-25,18,0,2,0.0,162.05,9.084500000000002,0.0,19.9,0.03846153846153849,3,54.01666666666667,Toys,0,1971.6083333333336
U_00801,Pro,South,29,55,0,0,0.0,107.14,2.7542857142857144,0.0,6.285714285714286,0.2,2,53.57,Books,1,1303.5366666666666
U_00802,Enterprise,West,205,22,0,1,0.0,205.77,3.261428571428571,0.0,8.571428571428571,4.8870404991229254e-17,1,205.77,Books,1,366.3709756097561
U_00803,Free,East,503,19,0,1,0.0,93.55,9.38238095238095,0.0,18.904761904761905,-0.02499999999999999,3,31.183333333333334,Electronics,0,67.88419483101391
U_00804,Free,North,512,47,0,0,0.0,0.0,4.473333333333334,0.0,8.666666666666666,-0.06060606060606059,0,0.0,None,1,0.0
U_00805,Free,East,467,28,0,2,0.0,97.62,7.839230769230769,0.0,16.076923076923077,0.009090909090909113,3,32.54,Grocery,0,76.29828693790151
U_00806,Free,North,19,1,4,8,0.0,122.30000000000001,9.301176470588235,6.9625,22.205882352941178,0.06372549019607844,3,40.76666666666667,Fashion,0,1487.9833333333336
U_00807,Free,South,768,12,0,3,0.0,0.0,3.8006249999999997,2.37,8.125,-0.04895104895104892,0,0.0,None,0,0.0
U_00808,Pro,West,642,68,0,0,34.05,95.03999999999999,7.9606666666666674,0.0,17.6,-0.07878787878787884,2,47.519999999999996,Beauty,1,54.03364485981308
U_00809,Enterprise,South,50,2,2,6,133.74,304.86,9.951428571428574,9.0575,22.964285714285715,-0.012254901960784282,4,76.215,Books,0,2225.478
U_00810,Pro,East,589,96,0,0,0.0,41.19,4.002,0.0,9.0,-1.0507920739455759e-16,1,41.19,Electronics,1,25.52521222410866
U_00811,Free,South,783,94,0,0,0.0,0.0,2.79,0.0,6.5,-7.850462293418875e-17,0,0.0,None,1,0.0
U_00812,Pro,North,816,10,0,2,0.0,15.44,3.2700000000000005,4.57,7.375,6.729156486047637e-17,1,15.44,Electronics,0,6.906372549019608
U_00813,Free,South,263,11,0,4,0.0,67.64,4.017499999999999,3.23,8.25,0.024242424242424246,2,33.82,Sports,0,93.87300380228137
U_00814,Free,South,505,14,0,2,42.07,75.47999999999999,6.0649999999999995,0.0,13.714285714285714,0.018181818181818167,2,37.739999999999995,Beauty,0,54.554851485148504
U_00815,Free,East,-192,34,0,0,0.0,19.81,6.005294117647059,0.0,12.882352941176471,-0.0272727272727273,1,19.81,Books,1,241.02166666666668
U_00816,Free,West,-89,9,0,1,0.0,28.17,2.3449999999999998,3.27,5.3,0.17142857142857137,1,28.17,Toys,1,342.735
U_00817,Free,West,-201,30,0,0,0.0,0.0,5.884999999999999,0.0,13.75,0.07142857142857156,0,0.0,None,0,0.0
U_00818,Free,West,570,0,2,6,50.14,67.88,8.729736842105263,5.833333333333333,19.36842105263158,-0.06315789473684219,3,22.626666666666665,Fashion,0,43.46701754385965
U_00819,Pro,East,763,5,1,3,129.46,268.39,2.5335714285714284,0.3,5.714285714285714,0.04848484848484847,3,89.46333333333332,Beauty,0,128.39102228047182
U_00820,Free,East,750,1,2,7,46.24,76.84,9.969166666666666,8.25,21.041666666666668,-0.017647058823529342,3,25.613333333333333,Toys,0,37.39546666666667
U_00821,Pro,South,321,45,0,0,42.11,369.61,6.398000000000001,0.0,15.4,0.03333333333333336,6,61.60166666666667,Beauty,0,420.27305295950157
U_00822,Pro,North,96,3,1,5,0.0,129.4,7.431363636363637,5.66,15.909090909090908,0.04395604395604393,2,64.7,Fashion,0,491.9895833333333
U_00823,Pro,West,376,1,2,3,28.94,126.69,7.029166666666666,7.403333333333333,14.375,0.02941176470588237,4,31.6725,Books,0,122.98364361702126
U_00824,Free,East,603,1,1,4,16.65,115.03,9.488095238095237,10.225000000000001,19.857142857142858,0.00245098039215689,5,23.006,Home,0,69.62844112769486
U_00825,Pro,North,408,2,1,6,270.62,930.81,11.094883720930232,9.195,24.953488372093023,-0.05675954592363255,9,103.42333333333333,Grocery,0,832.7099264705882
U_00826,Free,South,191,55,0,0,0.0,0.0,2.455,0.0,5.333333333333333,7.951207131982424e-18,0,0.0,None,1,0.0
U_00827,Free,North,134,3,1,3,0.0,0.0,5.9175,5.53,13.6875,-0.016666666666666562,0,0.0,None,0,0.0
U_00828,Free,East,55,21,0,3,0.0,18.1,5.119411764705882,0.0,11.176470588235293,0.09090909090909094,1,18.1,Books,0,120.11818181818182
U_00829,Pro,East,-50,0,2,5,0.0,366.2,6.481052631578947,6.0525,14.578947368421053,0.07252747252747249,5,73.24,Fashion,0,4455.433333333333
U_00830,Pro,East,144,2,2,6,0.0,29.51,7.661428571428571,7.489999999999999,16.357142857142858,-0.057142857142857245,1,29.51,Beauty,0,74.79965277777778
U_00831,Pro,East,723,11,0,2,195.26000000000002,293.73,4.727499999999999,4.41,10.375,-0.1071428571428571,3,97.91000000000001,Grocery,0,148.28692946058092
U_00832,Free,West,-44,6,1,7,0.0,162.21,10.2016,7.779999999999999,23.2,0.046428571428571444,3,54.07,Grocery,0,1973.555
U_00833,Free,South,539,91,0,0,0.0,0.0,6.04,0.0,11.5,-7.850462293418875e-17,0,0.0,None,1,0.0
U_00834,Free,East,248,5,1,3,0.0,61.14,8.955789473684211,7.69,19.31578947368421,-0.10989010989010993,2,30.57,Beauty,0,89.98427419354839
U_00835,Pro,West,455,9,0,1,0.0,93.89,2.002,1.58,3.8,-0.5000000000000003,1,93.89,Toys,0,75.31835164835165
U_00836,Free,East,66,0,1,1,0.0,0.0,3.6666666666666665,1.09,8.166666666666666,-0.06060606060606056,0,0.0,None,0,0.0
U_00837,Free,East,640,2,1,4,0.0,14.22,7.466666666666667,4.49,16.666666666666668,0.09340659340659345,1,14.22,Electronics,0,8.109843750000001
U_00838,Pro,South,589,5,1,1,0.0,182.97,8.054444444444444,2.56,17.055555555555557,-0.08391608391608397,1,182.97,Books,1,113.38548387096775
U_00839,Free,North,591,1,2,9,0.0,40.370000000000005,10.564642857142857,14.040000000000001,24.178571428571427,0.06372549019607844,2,20.185000000000002,Beauty,0,24.93240270727581
U_00840,Enterprise,South,689,45,0,0,148.38,779.11,7.2333333333333325,0.0,13.444444444444445,0.059523809523809486,7,111.30142857142857,Beauty,0,412.73606676342524
U_00841,Enterprise,West,-90,88,0,0,0.0,0.0,5.0024999999999995,0.0,11.75,-2.0083673326242142e-16,0,0.0,None,1,0.0
U_00842,Free,East,236,39,0,0,0.0,0.0,4.518333333333334,0.0,11.5,-0.10000000000000012,0,0.0,None,1,0.0
U_00843,Free,South,505,65,0,0,0.0,39.3,3.566,0.0,8.0,-0.11904761904761897,1,39.3,Beauty,1,28.404950495049505
U_00844,Free,East,430,3,2,5,0.0,52.400000000000006,10.587,9.155000000000001,23.5,0.05779153766769866,2,26.200000000000003,Books,0,44.479069767441864
U_00845,Free,North,-205,26,0,2,0.0,53.99,7.568,0.0,18.5,0.023809523809523888,1,53.99,Books,1,656.8783333333333
U_00846,Pro,North,312,6,1,1,0.0,75.13,3.657777777777778,1.54,7.777777777777778,5.664759402336449e-18,2,37.565,Sports,1,87.89246794871795
U_00847,Free,North,606,43,0,0,0.0,16.38,4.186666666666667,0.0,9.333333333333334,1.0276789547548596e-16,1,16.38,Grocery,1,9.865841584158416
U_00848,Free,South,-9,9,0,4,0.0,0.0,7.710476190476193,7.31,16.476190476190474,-0.03846153846153847,0,0.0,None,0,0.0
U_00849,Free,West,156,7,0,6,0.0,0.0,9.589999999999998,9.983333333333334,20.476190476190474,0.07500000000000002,0,0.0,None,0,0.0
U_00850,Free,South,-204,78,0,0,0.0,19.11,5.278461538461538,0.0,10.923076923076923,0.07142857142857155,1,19.11,Grocery,1,232.505
U_00851,Enterprise,East,743,81,0,0,0.0,244.88,3.07375,0.0,6.375,6.729156486047637e-17,3,81.62666666666667,Fashion,1,120.29771197846567
U_00852,Free,East,346,92,0,0,0.0,0.0,5.605,0.0,10.75,-0.11428571428571437,0,0.0,None,1,0.0
U_00853,Free,North,-21,9,0,5,31.0,118.54,8.915833333333333,10.61,19.0,0.03571428571428571,2,59.27,Toys,0,1442.2366666666667
U_00854,Pro,South,-44,3,2,6,47.16,453.57000000000005,9.872972972972974,10.74,21.18918918918919,-0.09391124871001033,5,90.71400000000001,Beauty,0,5518.435
U_00855,Free,North,-122,42,0,0,0.0,0.0,6.45,0.0,14.75,0.11428571428571427,0,0.0,None,1,0.0
U_00856,Pro,South,809,28,0,1,0.0,0.0,3.8616666666666664,0.0,8.833333333333334,0.0999999999999999,0,0.0,None,1,0.0
U_00857,Pro,East,539,2,2,7,20.55,96.00999999999999,11.833714285714285,9.145,24.857142857142858,0.0017543859649122428,3,32.00333333333333,Beauty,0,65.0160482374768
U_00858,Enterprise,South,725,12,0,1,0.0,19.33,2.3325000000000005,0.52,3.75,-2.0083673326242142e-16,1,19.33,Electronics,1,9.731655172413792
U_00859,Free,West,650,3,1,7,44.68,85.46000000000001,8.300869565217392,8.07,18.91304347826087,0.01911764705882354,3,28.486666666666668,Books,0,47.98907692307693
U_00860,Enterprise,East,-185,29,0,1,0.0,1734.2400000000002,10.175714285714285,0.0,22.857142857142858,0.028571428571428584,12,144.52,Beauty,0,7040.131324358977
U_00861,Free,West,231,16,0,3,0.0,19.32,5.932,0.0,12.15,0.08791208791208795,2,9.66,Home,0,30.527272727272727
U_00862,Free,South,-139,9,0,7,0.0,49.97,8.910357142857144,10.93,18.892857142857142,0.023529411764705882,2,24.985,Fashion,0,607.9683333333334
U_00863,Free,South,456,16,0,5,0.0,31.33,5.573846153846153,0.0,11.307692307692308,0.004395604395604349,1,31.33,Toys,1,25.077741228070174
U_00864,Pro,East,-71,16,0,2,23.25,158.13,9.25736842105263,0.0,20.210526315789473,0.1293706293706294,3,52.71,Toys,0,1923.915
U_00865,Pro,South,374,0,2,7,0.0,66.64,8.308333333333334,8.756666666666666,18.5,0.02197802197802198,1,66.64,Toys,0,65.03636363636365
U_00866,Pro,West,575,8,0,2,21.97,42.03,4.5594117647058825,6.27,10.941176470588236,-0.003496503496503435,2,21.015,Fashion,0,26.679913043478262
U_00867,Pro,West,23,3,1,2,0.0,220.66,4.81923076923077,1.69,10.615384615384615,0.02727272727272728,3,73.55333333333333,Home,0,2684.6966666666667
U_00868,Pro,North,-156,20,0,1,118.0,118.0,3.15,0.0,5.75,-2.0083673326242142e-16,1,118.0,Fashion,0,1435.6666666666665
U_00869,Pro,East,740,4,1,1,0.0,0.0,2.46625,4.06,5.375,-0.07142857142857137,0,0.0,None,0,0.0
U_00870,Pro,North,217,1,1,2,0.0,265.23,3.481111111111111,0.9,7.222222222222222,6.633138920230202e-17,4,66.3075,Beauty,1,446.12419354838715
U_00871,Pro,East,192,68,0,0,0.0,88.25,5.24,0.0,10.444444444444445,5.664759402336449e-18,2,44.125,Sports,1,167.76692708333334
U_00872,Enterprise,East,620,55,0,0,0.0,389.39,2.736666666666667,0.0,6.666666666666667,1.0276789547548596e-16,3,129.79666666666665,Fashion,1,229.23766129032256
U_00873,Free,South,459,37,0,0,0.0,18.69,4.25047619047619,0.0,9.571428571428571,0.028571428571428564,1,18.69,Fashion,1,14.862418300653596
U_00874,Pro,West,702,6,1,3,0.0,91.22,7.1925,9.01,14.8,-0.13186813186813187,1,91.22,Toys,0,47.42920227920227
U_00875,Pro,South,635,20,0,1,0.0,308.58,3.4858333333333333,0.0,7.583333333333333,-0.03636363636363633,3,102.86,Books,1,177.3727559055118
U_00876,Free,North,581,55,0,0,0.0,0.0,3.211,0.0,6.6,0.0714285714285715,0,0.0,None,1,0.0
U_00877,Enterprise,North,214,80,0,0,198.13,403.61,3.7866666666666666,0.0,8.0,0.9999999999999998,5,80.72200000000001,Toys,0,688.4002336448599
U_00878,Free,East,158,9,0,3,0.0,11.25,7.087083333333332,6.595000000000001,15.708333333333334,-0.04411764705882351,1,11.25,Toys,0,25.988924050632914
U_00879,Pro,West,636,12,0,1,147.45,423.32,8.450454545454546,8.12,19.772727272727273,0.038461538461538505,7,60.47428571428571,Toys,0,242.9430817610063
U_00880,Pro,East,840,43,0,0,0.0,245.74,3.01375,0.0,5.75,-0.2000000000000004,4,61.435,Beauty,0,106.77988095238095
U_00881,Free,North,504,1,1,3,0.0,0.0,6.595,7.46,13.642857142857142,-0.0363636363636363,0,0.0,None,0,0.0
U_00882,Pro,East,129,96,0,0,0.0,106.85,6.996666666666667,0.0,17.333333333333332,1.0276789547548596e-16,2,53.425,Sports,1,302.32751937984494
U_00883,Free,South,655,1,2,9,43.36,43.36,8.125151515151515,4.945,16.78787878787879,-0.02794117647058813,1,43.36,Electronics,0,24.1624427480916
U_00884,Pro,West,520,11,0,3,0.0,227.15,5.958333333333334,3.11,13.722222222222221,3.495721334151733e-17,3,75.71666666666667,Toys,0,159.44182692307695
U_00885,Pro,East,636,57,0,0,0.0,302.14,7.389166666666668,0.0,16.416666666666668,0.01666666666666672,4,75.535,Sports,1,173.39795597484274
U_00886,Free,North,5,28,0,2,0.0,18.24,7.262307692307692,0.0,17.23076923076923,0.13333333333333333,1,18.24,Home,0,221.92
U_00887,Enterprise,East,268,5,1,6,237.28000000000003,774.33,6.36095238095238,6.1,13.80952380952381,0.004411764705882364,8,96.79125,Books,0,1054.5912313432837
U_00888,Pro,East,785,67,0,0,0.0,225.28999999999996,3.49625,0.0,7.375,-0.07142857142857137,4,56.32249999999999,Home,1,104.75267515923564
U_00889,Pro,East,744,0,4,9,17.58,222.57,9.56516129032258,9.798333333333332,21.70967741935484,0.03676470588235296,4,55.6425,Beauty,0,109.19092741935484
U_00890,Free,East,431,27,0,1,0.0,17.7,4.481999999999999,0.0,9.8,0.00909090909090911,1,17.7,Books,0,14.989559164733178
U_00891,Free,North,266,6,1,3,0.0,26.82,3.63125,0.74,8.25,-0.10000000000000009,1,26.82,Electronics,1,36.80187969924812
U_00892,Free,North,171,21,0,1,0.0,0.0,4.237,0.0,9.2,-0.02380952380952377,0,0.0,None,1,0.0
U_00893,Enterprise,West,755,11,0,2,87.82,727.26,6.1579999999999995,5.785,13.85,2.4271975490591007e-17,6,121.21,Toys,0,351.5892715231788
U_00894,Free,East,678,107,0,0,0.0,26.06,3.2833333333333337,0.0,8.0,0.9999999999999998,1,26.06,Home,1,14.029351032448378
U_00895,Free,South,111,46,0,0,0.0,42.92,4.6674999999999995,0.0,9.75,-2.0083673326242142e-16,1,42.92,Fashion,0,141.13333333333333
U_00896,Free,West,416,5,1,5,0.0,13.54,6.470434782608695,7.245,14.434782608695652,-0.049019607843137206,1,13.54,Home,0,11.880048076923076
U_00897,Enterprise,North,551,20,0,1,247.16,325.45,5.5088888888888885,0.0,12.222222222222221,6.633138920230202e-17,2,162.725,Electronics,1,215.58847549909254
U_00898,Free,South,525,91,0,0,0.0,10.46,1.9899999999999998,0.0,3.25,-8.498442808297854e-17,1,10.46,Home,1,7.2721904761904765
U_00899,Enterprise,North,-164,4,3,4,190.14,550.08,7.245172413793105,7.6625,15.551724137931034,-0.010294117647058837,7,78.58285714285715,Books,0,6692.64
U_00900,Pro,South,520,0,2,5,0.0,276.97,5.808400000000001,7.18,13.04,0.1783216783216783,1,276.97,Grocery,0,194.41163461538463
U_00901,Pro,North,249,75,0,0,0.0,131.82999999999998,4.7924999999999995,0.0,10.0,-0.30000000000000027,2,65.91499999999999,Fashion,1,193.24477911646585
U_00902,Pro,North,472,18,0,1,0.0,69.35,4.291666666666667,0.0,9.5,7.951207131982424e-18,1,69.35,Grocery,1,53.62870762711864
U_00903,Pro,South,409,19,0,4,53.81,588.6499999999999,10.654827586206897,0.0,23.24137931034483,0.042647058823529434,9,65.40555555555554,Electronics,0,525.3233496332517
U_00904,Free,East,-69,30,0,0,0.0,0.0,2.17,0.0,5.25,-2.0083673326242142e-16,0,0.0,None,1,0.0
U_00905,Free,East,-210,3,1,6,5.31,36.78,6.164583333333333,8.626666666666667,13.666666666666666,-0.02647058823529407,2,18.39,Toys,0,447.49
U_00906,Free,North,465,12,0,4,0.0,43.3,9.700833333333334,9.83,22.375,0.01764705882352944,3,14.433333333333332,Toys,0,33.98817204301075
U_00907,Free,West,642,7,0,4,0.0,20.98,9.5271875,9.805,20.96875,-0.017647058823529363,1,20.98,Sports,0,11.927881619937693
U_00908,Free,West,76,0,1,7,0.0,73.56,8.370952380952382,7.97,16.904761904761905,0.027472527472527552,2,36.78,Home,0,353.2815789473684
U_00909,Free,North,635,19,0,2,0.0,58.62,7.338999999999999,0.0,16.4,1.6054209807821413e-17,2,29.31,Fashion,0,33.694960629921255
U_00910,Free,East,846,55,0,0,0.0,22.07,2.402,0.0,4.4,-1.0507920739455759e-16,1,22.07,Books,1,9.52192671394799
U_00911,Pro,West,-109,69,0,0,0.0,0.0,6.193333333333333,0.0,14.0,-0.035714285714285615,0,0.0,None,1,0.0
U_00912,Pro,East,401,76,0,0,0.0,0.0,5.062,0.0,11.3,0.09523809523809525,0,0.0,None,1,0.0
U_00913,Pro,South,-22,6,1,1,0.0,34.63,1.9271428571428575,0.3,3.857142857142857,0.09999999999999998,1,34.63,Grocery,1,421.3316666666667
U_00914,Free,North,419,65,0,0,0.0,0.0,5.723333333333334,0.0,14.0,-1.0,0,0.0,None,0,0.0
U_00915,Free,West,-89,3,1,3,0.0,0.0,2.404,6.9,4.8,-1.0507920739455759e-16,0,0.0,None,1,0.0
U_00916,Pro,West,361,3,1,2,0.0,114.38,6.594545454545455,7.78,14.454545454545455,-0.049999999999999926,1,114.38,Beauty,0,115.64736842105262
U_00917,Free,North,679,24,0,1,0.0,40.16,1.8850000000000002,0.0,4.625,6.729156486047637e-17,1,40.16,Sports,1,21.58821796759941
U_00918,Free,South,837,1,3,6,0.0,74.50999999999999,9.513666666666666,9.4075,20.4,-0.03529411764705884,2,37.254999999999995,Home,0,32.49241338112306
U_00919,Free,East,265,85,0,0,0.0,0.0,10.48090909090909,0.0,20.272727272727273,1.4185434967351353e-16,0,0.0,None,0,0.0
U_00920,Enterprise,East,170,0,2,9,367.49,1720.84,9.537727272727272,9.1125,20.59090909090909,0.05494505494505495,14,122.91714285714285,Toys,0,3694.7447058823527
U_00921,Free,West,-117,43,0,0,0.0,0.0,1.7300000000000002,0.0,4.0,4.8870404991229254e-17,0,0.0,None,1,0.0
U_00922,Free,North,758,2,1,4,48.8,48.8,7.088400000000002,9.68,15.44,0.002197802197802183,2,24.4,Fashion,0,23.49868073878628
U_00923,Free,West,189,6,1,6,0.0,74.71000000000001,8.798064516129033,6.456666666666666,19.129032258064516,0.003759398496240575,3,24.903333333333336,Fashion,0,144.28121693121696
U_00924,Free,North,457,12,0,3,77.16,106.39,6.789,6.9,14.6,-9.772030461941711e-17,2,53.195,Fashion,0,84.97231947483588
U_00925,Free,South,315,0,1,4,35.6,42.120000000000005,6.601578947368421,6.833333333333333,15.842105263157896,0.010714285714285732,2,21.060000000000002,Fashion,0,48.805714285714295
U_00926,Pro,North,697,4,1,2,0.0,131.01999999999998,9.02842105263158,7.859999999999999,21.0,-0.005494505494505415,2,65.50999999999999,Toys,0,68.6116212338594
U_00927,Pro,North,551,2,2,6,116.95,406.7,7.574333333333334,8.355,16.333333333333332,0.003571428571428612,6,67.78333333333333,Books,0,269.41107078039926
U_00928,Pro,North,297,9,0,8,59.44,349.36,10.3028125,8.530000000000001,23.9375,0.08823529411764708,6,58.22666666666667,Beauty,0,429.3481481481482
U_00929,Free,North,-134,70,0,0,0.0,22.53,9.190000000000001,0.0,18.0,0.03571428571428578,1,22.53,Electronics,0,274.115
U_00930,Free,East,737,28,0,1,0.0,0.0,1.8275000000000001,0.0,4.5,0.07142857142857151,0,0.0,None,1,0.0
U_00931,Pro,West,330,101,0,0,0.0,0.0,1.4866666666666666,0.0,3.0,0.9999999999999998,0,0.0,None,1,0.0
U_00932,Pro,North,-5,52,0,0,0.0,40.6,2.142,0.0,4.2,-1.0507920739455759e-16,1,40.6,Beauty,1,493.96666666666664
U_00933,Free,East,-178,87,0,0,0.0,15.44,5.364444444444445,0.0,11.444444444444445,0.02857142857142854,1,15.44,Fashion,1,187.85333333333332
U_00934,Enterprise,North,642,2,1,2,17.95,717.55,7.619285714285715,7.635,16.285714285714285,-0.013986013986013972,8,89.69375,Grocery,0,407.95288161993767
U_00935,Pro,South,717,16,0,3,150.73,343.05,8.45611111111111,0.0,18.88888888888889,0.013186813186813143,7,49.00714285714286,Fashion,0,174.63493723849373
U_00936,Pro,West,-153,2,1,3,0.0,290.57,4.59,8.58,11.133333333333333,0.06666666666666678,4,72.6425,Books,0,3535.268333333333
U_00937,Free,North,-187,16,0,3,0.0,28.74,7.096111111111111,0.0,15.055555555555555,0.014285714285714285,1,28.74,Books,0,349.66999999999996
U_00938,Free,North,338,0,1,4,0.0,49.95,3.7192857142857143,2.43,8.214285714285714,0.045454545454545484,2,24.975,Books,0,53.94008875739645
U_00939,Enterprise,East,796,2,2,6,31.94,444.09,6.75217391304348,3.2466666666666666,15.73913043478261,0.0010319917440661072,6,74.015,Beauty,0,203.6342336683417
U_00940,Free,West,-135,5,2,7,32.48,76.34,10.995,8.950000000000001,24.96875,0.014705882352941242,3,25.44666666666667,Beauty,0,928.8033333333333
U_00941,Free,North,439,6,1,5,0.0,23.38,8.521851851851853,8.365,19.25925925925926,-0.01135190918472648,1,23.38,Toys,0,19.43895216400911
U_00942,Free,North,-111,99,0,0,0.0,0.0,4.625,0.0,8.75,-2.0083673326242142e-16,0,0.0,None,1,0.0
U_00943,Free,South,191,32,0,0,0.0,9.19,6.294545454545456,0.0,13.545454545454545,-0.049999999999999975,1,9.19,Sports,0,17.56204188481675
U_00944,Free,West,-26,13,0,2,17.52,17.52,3.692857142857143,1.0,8.428571428571429,4.8870404991229254e-17,1,17.52,Electronics,1,213.16
U_00945,Free,East,682,2,1,3,0.0,122.39999999999998,8.25695652173913,7.6,18.47826086956522,0.0014705882352941124,4,30.599999999999994,Sports,0,65.50733137829911
U_00946,Free,North,15,79,0,0,0.0,9.9,9.307333333333332,0.0,19.733333333333334,-0.07142857142857136,1,9.9,Electronics,0,120.45
U_00947,Pro,West,616,6,1,6,0.0,0.0,4.873333333333334,4.43,11.333333333333334,0.03333333333333332,0,0.0,None,0,0.0
U_00948,Pro,North,421,12,0,2,0.0,141.79,7.031578947368421,9.24,16.789473684210527,-0.08241758241758236,3,47.26333333333333,Grocery,0,122.92957244655581
U_00949,Free,South,-50,22,0,2,0.0,0.0,4.787333333333334,0.0,11.4,0.02447552447552447,0,0.0,None,1,0.0
U_00950,Pro,West,-31,1,1,4,54.72,155.37,8.268571428571429,9.442499999999999,18.19047619047619,0.037362637362637355,3,51.79,Grocery,0,1890.335
U_00951,Free,West,657,53,0,0,0.0,46.97,6.425263157894736,0.0,14.368421052631579,-0.05454545454545456,1,46.97,Electronics,1,26.094444444444445
U_00952,Pro,East,620,8,0,3,0.0,84.41999999999999,4.571818181818182,4.676666666666667,11.090909090909092,0.13333333333333333,2,42.209999999999994,Fashion,0,49.698870967741925
U_00953,Free,East,426,75,0,0,0.0,36.82,5.796363636363636,0.0,12.363636363636363,0.10714285714285719,1,36.82,Books,0,31.54765258215962
U_00954,Free,South,300,32,0,0,0.0,53.989999999999995,8.64076923076923,0.0,20.23076923076923,-0.03846153846153842,2,26.994999999999997,Electronics,1,65.68783333333332
U_00955,Free,West,444,4,2,6,11.59,86.7,10.532352941176468,10.018,22.441176470588236,0.03508771929824562,4,21.675,Books,0,71.27364864864865
U_00956,Pro,West,721,0,2,5,94.37,380.61,9.393333333333334,11.68,21.272727272727273,-0.05675954592363255,6,63.435,Toys,0,192.68051317614425
U_00957,Enterprise,North,589,46,0,0,107.82,288.75,8.288095238095238,0.0,16.80952380952381,0.037362637362637355,2,144.375,Books,0,178.93675721561968
U_00958,Free,East,80,16,0,3,0.0,38.17,4.558999999999999,0.0,10.4,-0.016666666666666528,1,38.17,Toys,0,174.15062500000002
U_00959,Free,South,-104,9,0,3,0.0,17.91,9.576333333333336,9.89,21.766666666666666,0.0020639834881321234,1,17.91,Beauty,0,217.905
U_00960,Free,South,809,10,0,2,0.0,66.37,8.281818181818183,7.06,16.90909090909091,-0.059523809523809465,2,33.185,Electronics,0,29.944437577255872
U_00961,Free,West,253,11,0,3,0.0,0.0,9.229545454545455,7.82,21.818181818181817,-0.010989010989011009,0,0.0,None,0,0.0
U_00962,Free,East,45,27,0,1,0.0,18.79,6.917647058823529,0.0,16.41176470588235,-0.010989010989011014,1,18.79,Fashion,1,152.40777777777777
U_00963,Free,North,812,48,0,0,0.0,70.51,3.2357142857142853,0.0,6.428571428571429,4.8870404991229254e-17,1,70.51,Home,1,31.69476600985222
U_00964,Free,South,-41,6,1,1,0.0,0.0,5.516666666666667,2.28,13.5,-4.8374234447508063e-17,0,0.0,None,0,0.0
U_00965,Pro,East,727,1,1,7,0.0,447.97999999999996,9.323571428571428,9.486666666666666,20.714285714285715,0.024767801857585165,7,63.997142857142855,Fashion,0,224.91430536451168
U_00966,Pro,South,213,26,0,1,0.0,78.16,6.951250000000001,0.0,15.708333333333334,-0.0617647058823529,2,39.08,Beauty,0,133.93615023474177
U_00967,Pro,East,266,23,0,2,0.0,134.98000000000002,6.987222222222221,0.0,14.277777777777779,0.00879120879120873,2,67.49000000000001,Home,0,185.2169172932331
U_00968,Free,South,184,1,1,2,0.0,0.0,5.3374999999999995,2.64,11.166666666666666,-0.023809523809523746,0,0.0,None,0,0.0
U_00969,Free,East,526,6,1,3,28.48,103.08,9.1016,12.34,21.48,-0.04411764705882348,4,25.77,Grocery,0,71.52889733840304
U_00970,Free,East,405,7,0,1,0.0,0.0,2.7560000000000002,0.3,7.2,0.09999999999999981,0,0.0,None,0,0.0
U_00971,Free,South,231,4,1,1,0.0,10.39,9.096363636363636,2.33,17.818181818181817,0.0060606060606061005,1,10.39,Books,1,16.417099567099566
U_00972,Free,South,399,66,0,0,0.0,0.0,0.9,0.0,2.0,0.0,0,0.0,None,1,0.0
U_00973,Pro,North,150,2,2,5,209.26999999999998,608.36,11.37090909090909,14.426666666666668,23.848484848484848,0.03508771929824561,9,67.59555555555556,Beauty,0,1480.3426666666667
U_00974,Free,West,376,1,2,2,44.22,44.22,5.3,7.71,12.894736842105264,0.0034965034965034926,1,44.22,Beauty,0,42.92632978723404
U_00975,Enterprise,South,385,2,3,7,0.0,1013.54,10.91148148148148,10.433333333333334,25.555555555555557,0.039705882352941216,8,126.6925,Sports,0,960.8885714285715
U_00976,Pro,East,828,17,0,3,0.0,0.0,3.161,0.0,7.4,0.11904761904761908,0,0.0,None,1,0.0
U_00977,Free,East,193,18,0,1,0.0,61.24,6.622,0.0,14.3,-0.2285714285714287,2,30.62,Fashion,0,115.81658031088084
U_00978,Free,North,331,5,1,5,0.0,12.95,8.26578947368421,8.705,18.63157894736842,0.03846153846153848,1,12.95,Grocery,0,14.280211480362537
U_00979,Free,East,602,6,1,7,0.0,14.64,5.622,6.52,12.3,0.10714285714285716,1,14.64,Electronics,0,8.876411960132891
U_00980,Free,West,39,17,0,4,69.61,69.61,9.956296296296298,0.0,21.333333333333332,-0.004411764705882327,2,34.805,Books,0,651.4782051282051
U_00981,Pro,West,21,71,0,0,0.0,0.0,1.936,0.0,3.6,-1.0507920739455759e-16,0,0.0,None,1,0.0
U_00982,Free,East,364,0,2,7,47.62,72.13,6.278823529411765,4.863333333333333,13.176470588235293,0.027272727272727317,2,36.065,Home,0,72.32815934065934
U_00983,Pro,South,661,4,2,4,74.06,247.37,7.547391304347827,5.973333333333334,16.565217391304348,-0.004901960784313684,4,61.8425,Electronics,0,136.59614220877458
U_00984,Free,North,348,999,0,0,0.0,0.0,0.0,0.0,0.0,0.0,0,0.0,None,1,0.0
U_00985,Pro,West,738,119,0,0,0.0,0.0,2.276666666666667,0.0,4.666666666666667,0.0,0,0.0,None,0,0.0
U_00986,Pro,East,716,3,1,4,196.89999999999998,402.96999999999997,10.161739130434782,14.81,21.304347826086957,-0.02786377708978323,6,67.16166666666666,Beauty,0,205.42465083798882
U_00987,Free,South,393,14,0,3,0.0,22.19,6.397142857142855,0.0,13.714285714285714,-0.027272727272727282,1,22.19,Toys,1,20.609033078880408
U_00988,Enterprise,North,755,38,0,0,0.0,649.0400000000001,8.1405,0.0,18.65,0.09696969696969703,6,108.17333333333335,Fashion,1,313.7743046357616
U_00989,Free,East,381,0,1,3,0.0,67.5,8.10478260869565,12.7,16.82608695652174,-0.0014705882352940335,2,33.75,Fashion,0,64.66535433070865
U_00990,Enterprise,South,309,5,1,3,152.32,609.02,7.611176470588236,4.62,17.58823529411765,-0.06593406593406591,6,101.50333333333333,Home,0,719.3925566343041
U_00991,Free,East,809,27,0,1,30.95,141.53,9.225862068965515,0.0,19.586206896551722,0.016176470588235306,4,35.3825,Electronics,0,63.85469715698393
U_00992,Pro,East,174,7,0,1,0.0,0.0,5.8388888888888895,2.04,13.555555555555555,-0.20000000000000007,0,0.0,None,1,0.0
U_00993,Free,West,765,95,0,0,0.0,0.0,7.5075,0.0,17.25,-0.11904761904761894,0,0.0,None,1,0.0
U_00994,Pro,South,71,23,0,1,0.0,57.38,3.058888888888889,0.0,6.0,-0.08333333333333319,1,57.38,Books,1,294.98169014084505
U_00995,Free,North,24,14,0,3,0.0,14.63,6.131428571428573,0.0,13.19047619047619,0.08741258741258742,1,14.63,Grocery,0,177.99833333333333
U_00996,Free,West,307,17,0,2,0.0,0.0,5.524705882352941,0.0,11.0,0.017482517482517515,0,0.0,None,0,0.0
U_00997,Pro,West,795,47,0,0,0.0,46.33,6.916923076923077,0.0,15.461538461538462,-0.06666666666666664,1,46.33,Home,0,21.271006289308175
U_00998,Free,East,315,8,0,2,0.0,24.3,9.3335,11.31,21.8,0.04195804195804191,1,24.3,Electronics,0,28.157142857142862
U_00999,Free,West,450,8,0,6,0.0,29.25,7.569411764705881,4.73,17.176470588235293,0.06643356643356643,1,29.25,Books,0,23.725
U_01000,Pro,North,-161,15,0,3,0.0,289.77,9.523684210526316,0.0,20.31578947368421,-0.04395604395604389,4,72.4425,Fashion,0,3525.5349999999994
U_01001,Free,South,707,23,0,2,29.9,124.89000000000001,6.053157894736842,0.0,12.789473684210526,0.0454545454545455,5,24.978,Home,0,64.47644978783593
U_01002,Pro,East,-61,46,0,0,0.0,38.94,1.9799999999999998,0.0,4.5,0.2500000000000001,1,38.94,Fashion,1,473.7699999999999
U_01003,Pro,East,-209,13,0,1,0.0,22.82,0.525,0.42,1.0,-7.850462293418875e-17,1,22.82,Grocery,1,277.6433333333334
U_01004,Pro,East,72,75,0,0,0.0,0.0,3.04125,0.0,6.75,-0.035714285714285636,0,0.0,None,1,0.0
U_01005,Free,West,-16,6,1,4,0.0,107.83,11.46107142857143,7.335,26.071428571428573,-0.08255933952528367,2,53.915,Sports,0,1311.9316666666666
U_01006,Enterprise,West,646,14,0,2,141.9,853.77,3.19,0.0,7.0,-0.02380952380952377,7,121.96714285714286,Sports,1,482.3932662538699
U_01007,Pro,East,-194,16,0,1,0.0,325.72,7.141333333333333,0.0,15.533333333333333,-0.0454545454545454,2,162.86,Home,1,3962.926666666667
U_01008,Pro,North,328,88,0,0,0.0,136.15,4.13,0.0,9.5,-7.850462293418875e-17,1,136.15,Fashion,1,151.50838414634146
U_01009,Enterprise,East,-167,85,0,0,0.0,382.97,8.683333333333335,0.0,20.083333333333332,-0.107142857142857,2,191.485,Books,1,4659.468333333334
U_01010,Free,West,-124,1,1,1,0.0,56.56,3.641818181818181,2.58,7.363636363636363,0.03571428571428578,1,56.56,Beauty,1,688.1466666666666
U_01011,Free,South,676,0,1,3,0.0,50.37,6.166521739130434,4.25,13.130434782608695,0.002197802197802121,1,50.37,Electronics,0,27.19681952662722
U_01012,Pro,South,12,13,0,3,280.91999999999996,355.9,7.603999999999999,2.75,17.45,-0.0615384615384616,5,71.17999999999999,Electronics,0,4330.116666666667
U_01013,Free,East,-140,90,0,0,0.0,70.22,5.145,0.0,10.4,-0.2285714285714287,3,23.406666666666666,Toys,1,854.3433333333332
U_01014,Free,South,783,6,1,1,0.0,0.0,2.272,1.04,5.2,-1.0507920739455759e-16,0,0.0,None,1,0.0
U_01015,Free,South,478,13,0,4,0.0,49.18,9.516296296296296,12.99,21.444444444444443,0.03611971104231165,1,49.18,Home,0,37.553765690376565
U_01016,Pro,South,46,70,0,0,48.79,112.88,4.262499999999999,0.0,8.5,0.5000000000000002,2,56.44,Toys,1,895.6782608695651
U_01017,Free,West,683,14,0,1,17.94,17.94,6.265000000000001,0.0,13.416666666666666,-0.13333333333333328,1,17.94,Grocery,0,9.587262079062958
U_01018,Free,East,-103,6,1,7,16.39,64.63,9.518857142857142,8.003333333333332,20.17142857142857,-0.0220588235294117,3,21.543333333333333,Beauty,0,786.3316666666666
U_01019,Pro,North,559,8,0,3,0.0,135.23,7.039999999999999,12.1,15.25,0.036363636363636404,4,33.8075,Fashion,0,88.29865831842575
U_01020,Free,East,-17,103,0,0,0.0,0.0,0.3,0.0,1.0,0.0,0,0.0,None,1,0.0
U_01021,Pro,West,699,5,1,1,0.0,22.3,1.78,0.93,3.3333333333333335,1.0276789547548596e-16,1,22.3,Beauty,0,11.644492131616596
U_01022,Pro,South,317,45,0,0,0.0,147.59,2.752,0.0,6.2,-1.0507920739455759e-16,1,147.59,Grocery,1,169.93801261829654
U_01023,Free,North,-128,8,0,8,0.0,0.0,10.380500000000001,9.802,23.15,0.05263157894736838,0,0.0,None,0,0.0
U_01024,Free,South,630,0,2,6,70.09,103.61000000000001,8.7548,8.063333333333334,19.96,0.02142857142857143,2,51.80500000000001,Grocery,0,60.028015873015875
U_01025,Pro,South,572,20,0,2,0.0,47.63,8.559999999999999,0.0,20.40909090909091,0.039560439560439524,1,47.63,Fashion,0,30.393269230769235
U_01026,Free,East,313,4,2,5,20.55,79.22,10.290799999999999,10.375,21.84,-0.007352941176470542,3,26.406666666666666,Grocery,0,92.38115015974442
U_01027,Free,South,512,17,0,3,0.0,0.0,3.763333333333333,0.0,8.2,0.038461538461538464,0,0.0,None,0,0.0
U_01028,Pro,East,813,6,1,5,113.09,515.73,6.608695652173913,7.335,14.826086956521738,-0.05637254901960776,7,73.67571428571429,Home,0,231.53929889298894
U_01029,Free,East,658,2,1,1,0.0,85.69999999999999,6.590833333333333,3.78,15.5,-0.02424242424242419,3,28.566666666666663,Sports,1,47.53875379939209
U_01030,Free,North,681,0,2,8,17.66,17.66,5.317333333333334,3.6025,10.866666666666667,0.11818181818181822,1,17.66,Books,0,9.465345080763583
U_01031,Free,South,-146,8,0,2,0.0,16.91,6.645555555555557,2.8049999999999997,13.777777777777779,0.07142857142857148,1,16.91,Beauty,1,205.73833333333332
U_01032,Pro,South,128,2,1,7,6.82,556.7900000000001,9.017666666666667,9.049999999999999,18.9,-0.015789473684210523,10,55.67900000000001,Toys,0,1587.7214843750003
U_01033,Free,South,-102,43,0,0,0.0,83.28,11.027391304347825,0.0,22.043478260869566,0.14335664335664336,2,41.64,Electronics,0,1013.2400000000001
U_01034,Free,West,673,11,0,5,0.0,0.0,7.299565217391305,2.95,15.869565217391305,0.030882352941176527,0,0.0,None,0,0.0
U_01035,Free,South,16,6,1,7,0.0,47.28999999999999,9.045,11.645,19.833333333333332,0.02696078431372552,3,15.76333333333333,Grocery,0,575.3616666666666
U_01036,Free,North,730,13,0,5,0.0,0.0,5.128888888888889,7.24,10.88888888888889,2.9800229430527994e-17,0,0.0,None,1,0.0
U_01037,Free,South,287,64,0,0,0.0,33.78,0.7224999999999999,0.0,1.75,-2.0083673326242142e-16,1,33.78,Electronics,1,42.960627177700346
U_01038,Free,East,174,12,0,2,0.0,49.08,10.508000000000003,10.47,25.266666666666666,-0.06643356643356647,2,24.54,Home,0,102.9551724137931
U_01039,Pro,West,469,52,0,0,0.0,53.82,1.89,0.0,5.0,-7.850462293418875e-17,1,53.82,Home,1,41.88550106609808
U_01040,Enterprise,West,-78,24,0,1,0.0,1029.62,4.471111111111111,0.0,9.666666666666666,-0.07142857142857131,6,171.60333333333332,Grocery,1,7040.131324358977
U_01041,Enterprise,East,261,40,0,0,0.0,212.68,8.153888888888888,0.0,16.333333333333332,-0.020979020979020945,3,70.89333333333333,Grocery,0,297.42605363984677
U_01042,Free,South,234,22,0,2,57.67,102.81,3.2440000000000007,0.0,7.8,0.29999999999999977,3,34.27,Beauty,1,160.36602564102563
U_01043,Pro,South,-88,5,1,7,0.0,411.40999999999997,4.729000000000001,1.79,10.75,0.057142857142857155,2,205.70499999999998,Electronics,0,5005.488333333333
U_01044,Pro,West,741,27,0,1,0.0,0.0,1.0816666666666668,0.0,2.1666666666666665,-4.8374234447508063e-17,0,0.0,None,1,0.0
U_01045,Free,North,-206,0,3,7,0.0,83.83,9.986666666666666,9.0275,21.696969696969695,0.009287925696594423,3,27.94333333333333,Fashion,0,1019.9316666666666
U_01046,Enterprise,North,181,0,1,4,51.53,236.77,9.075555555555557,6.0,19.666666666666668,0.016176470588235313,3,78.92333333333333,Books,0,477.464364640884
U_01047,Pro,West,432,70,0,0,0.0,0.0,4.4639999999999995,0.0,11.2,-1.0507920739455759e-16,0,0.0,None,1,0.0
U_01048,Pro,North,2,11,0,2,0.0,0.0,3.971666666666667,0.09,9.0,-0.6000000000000005,0,0.0,None,1,0.0
U_01049,Free,South,570,75,0,0,0.0,0.0,4.263333333333334,0.0,7.333333333333333,0.19999999999999984,0,0.0,None,1,0.0
U_01050,Free,East,-203,0,1,3,0.0,0.0,4.786923076923077,6.39,9.76923076923077,0.04242424242424242,0,0.0,None,0,0.0
U_01051,Pro,East,237,9,0,5,79.66,208.32,11.184242424242425,6.78,24.727272727272727,-0.02992776057791535,3,69.44,Fashion,0,320.83037974683543
U_01052,Free,North,468,19,0,4,0.0,0.0,6.790000000000001,0.0,15.304347826086957,-0.07692307692307686,0,0.0,None,0,0.0
U_01053,Enterprise,North,37,75,0,0,0.0,0.0,3.77,0.0,7.142857142857143,0.02857142857142864,0,0.0,None,1,0.0
U_01054,Pro,North,381,92,0,0,0.0,0.0,4.418333333333333,0.0,9.583333333333334,0.2142857142857143,0,0.0,None,1,0.0
U_01055,Pro,North,664,1,1,7,0.0,149.59,5.853913043478261,7.37,12.521739130434783,-0.014285714285714277,2,74.795,Beauty,0,82.22944277108434
U_01056,Free,East,60,4,1,13,0.0,26.21,10.233500000000001,8.712,23.125,0.09473684210526315,1,26.21,Books,0,159.44416666666666
U_01057,Pro,North,801,35,0,0,0.0,0.0,1.3666666666666665,0.0,2.6666666666666665,-1.0,0,0.0,None,1,0.0
U_01058,Enterprise,East,-21,21,0,2,0.0,212.26999999999998,5.325,0.0,11.5,0.23809523809523808,2,106.13499999999999,Grocery,0,2582.618333333333
U_01059,Free,West,582,81,0,0,0.0,21.8,7.738333333333332,0.0,19.0,7.951207131982424e-18,1,21.8,Beauty,1,13.671821305841924
U_01060,Free,West,171,9,0,4,39.96,71.0,7.009523809523809,9.504999999999999,14.285714285714286,0.002450980392156887,2,35.5,Beauty,0,151.54970760233917
U_01061,Free,West,-197,14,0,6,0.0,0.0,6.2014999999999985,0.0,12.6,0.15454545454545454,0,0.0,None,0,0.0
U_01062,Free,West,228,46,0,0,0.0,21.94,6.882608695652174,0.0,14.608695652173912,-0.10839160839160832,1,21.94,Grocery,1,35.12324561403509
U_01063,Free,North,145,62,0,0,0.0,0.0,2.214,0.0,4.8,-1.0507920739455759e-16,0,0.0,None,1,0.0
U_01064,Free,West,519,68,0,0,0.0,0.0,3.1500000000000004,0.0,5.5,-0.5,0,0.0,None,1,0.0
U_01065,Pro,North,851,6,1,6,83.99,83.99,10.239333333333333,9.176666666666668,23.766666666666666,-0.005882352941176424,2,41.995,Beauty,0,36.02391304347826
U_01066,Pro,North,816,54,0,0,0.0,17.32,6.019090909090909,0.0,14.454545454545455,-0.08333333333333326,1,17.32,Beauty,1,7.747303921568627
U_01067,Free,West,693,0,1,5,0.0,0.0,4.786666666666666,5.885,10.6,-0.005494505494505445,0,0.0,None,1,0.0
U_01068,Pro,North,196,12,0,2,0.0,204.35000000000002,3.171111111111111,1.59,6.777777777777778,-0.17857142857142852,3,68.11666666666667,Beauty,0,380.5497448979592
U_01069,Pro,East,392,2,2,6,0.0,101.37,8.915,8.875,18.8,0.02941176470588237,2,50.685,Toys,0,94.38788265306123
U_01070,Enterprise,West,306,23,0,2,419.65999999999997,831.48,8.118461538461538,0.0,17.153846153846153,-0.07857142857142849,7,118.78285714285714,Fashion,0,991.7980392156862
U_01071,Free,West,-102,2,2,8,0.0,0.0,9.163846153846153,7.4425,20.0,0.03302373581011352,0,0.0,None,0,0.0
U_01072,Enterprise,East,712,26,0,1,0.0,170.10999999999999,5.333846153846154,0.0,12.076923076923077,-0.01818181818181813,2,85.05499999999999,Sports,0,87.20526685393257
U_01073,Pro,East,610,13,0,1,121.50999999999999,175.13,8.495909090909091,8.16,18.59090909090909,-0.04395604395604392,4,43.7825,Beauty,0,104.79090163934426
U_01074,Pro,East,156,2,1,2,0.0,240.03,9.828636363636365,2.37,21.272727272727273,0.02197802197802207,3,80.01,Toys,1,561.6086538461539
U_01075,Pro,South,829,16,0,3,0.0,54.37,6.0325,0.0,13.625,0.05594405594405596,1,54.37,Sports,0,23.938540410132692
U_01076,Pro,East,850,27,0,1,0.0,7.07,4.317000000000001,0.0,10.1,-0.11904761904761889,1,7.07,Fashion,1,3.0359411764705886
U_01077,Pro,South,474,26,0,2,0.0,212.40000000000003,6.8480952380952385,0.0,14.19047619047619,0.03214285714285716,3,70.80000000000001,Beauty,0,163.55696202531647
U_01078,Free,South,739,87,0,0,0.0,0.0,2.0875,0.0,4.0,-2.0083673326242142e-16,0,0.0,None,1,0.0
U_01079,Free,South,472,10,0,6,0.0,0.0,11.80846153846154,11.97,25.46153846153846,0.0703296703296703,0,0.0,None,0,0.0
U_01080,Free,West,613,19,0,1,0.0,36.97,2.85,0.0,7.5,-0.5,1,36.97,Electronics,1,22.013132137030997
U_01081,Free,North,230,88,0,0,0.0,0.0,3.533,0.0,7.6,-0.17142857142857137,0,0.0,None,1,0.0
U_01082,Free,East,225,54,0,0,0.0,20.28,4.142727272727272,0.0,9.727272727272727,0.030303030303030287,1,20.28,Home,1,32.89866666666667
U_01083,Free,East,635,13,0,3,0.0,0.0,5.734545454545454,7.28,12.818181818181818,0.06666666666666665,0,0.0,None,0,0.0
U_01084,Pro,West,187,14,0,5,112.02,504.08000000000004,8.762692307692307,0.0,20.153846153846153,0.023529411764705865,5,100.816,Sports,0,983.8994652406418
U_01085,Pro,West,346,81,0,0,0.0,91.15,5.141111111111112,0.0,10.666666666666666,0.10714285714285716,1,91.15,Home,1,96.15534682080926
U_01086,Free,North,709,9,0,4,0.0,97.52,7.765000000000001,4.02,17.40909090909091,0.04395604395604393,1,97.52,Toys,0,50.20423131170663
U_01087,Free,South,-146,8,0,1,0.0,60.49,2.48,0.13,4.5,-2.0083673326242142e-16,1,60.49,Toys,1,735.9616666666667
U_01088,Free,South,593,1,2,6,0.0,50.2,8.132592592592593,6.23,17.14814814814815,0.03088235294117651,2,25.1,Electronics,0,30.898819561551434
U_01089,Pro,South,693,119,0,0,0.0,14.22,1.55,0.0,3.0,0.0,1,14.22,Toys,1,7.48961038961039
U_01090,Pro,East,750,0,1,6,276.78,475.21999999999997,9.383333333333333,8.14,20.25,-0.02280701754385967,7,67.88857142857142,Books,0,231.27373333333333
U_01091,Pro,North,172,91,0,0,0.0,364.15,6.321666666666666,0.0,15.833333333333334,7.951207131982424e-18,5,72.83,Sports,1,772.7601744186046
U_01092,Free,East,-76,18,0,1,0.0,80.66,6.015000000000001,0.0,14.125,-2.751513687042919e-17,1,80.66,Electronics,0,981.3633333333333
U_01093,Free,East,19,61,0,0,0.0,15.17,6.972727272727272,0.0,14.909090909090908,0.03571428571428585,1,15.17,Home,1,184.56833333333336
U_01094,Free,East,424,4,1,2,0.0,0.0,5.987222222222223,8.97,13.444444444444445,-0.05494505494505494,0,0.0,None,0,0.0
U_01095,Pro,West,571,61,0,0,0.0,143.35,5.5969999999999995,0.0,11.8,7.520288333189474e-17,1,143.35,Sports,1,91.63353765323993
U_01096,Free,North,840,20,0,2,0.0,0.0,5.754736842105263,0.0,12.894736842105264,-0.032967032967033016,0,0.0,None,1,0.0
U_01097,Pro,West,165,18,0,3,0.0,246.74,5.6160000000000005,0.0,12.15,0.002941176470588231,3,82.24666666666667,Home,1,545.8187878787879
U_01098,Free,North,253,1,1,4,0.0,0.0,3.628571428571429,7.595000000000001,7.785714285714286,1.4727094657935318e-17,0,0.0,None,0,0.0
U_01099,Free,East,479,37,0,0,0.0,0.0,6.178461538461538,0.0,14.384615384615385,0.0181818181818182,0,0.0,None,0,0.0
U_01100,Free,West,164,25,0,1,0.0,68.32000000000001,6.914285714285713,0.0,15.0,0.02857142857142864,2,34.160000000000004,Sports,0,152.05365853658537
U_01101,Enterprise,East,379,108,0,0,121.17,403.5,6.961111111111112,0.0,13.333333333333334,0.028571428571428633,5,80.7,Sports,0,388.59498680738784
U_01102,Free,South,-147,1,1,1,0.0,0.0,3.722857142857142,0.54,7.714285714285714,-0.08571428571428566,0,0.0,None,1,0.0
U_01103,Free,East,71,7,0,3,0.0,17.37,6.9547058823529415,3.4250000000000003,15.882352941176471,0.10139860139860139,1,17.37,Beauty,0,89.29647887323945
U_01104,Pro,East,588,1,1,9,199.28,1190.8700000000001,10.408378378378378,10.1275,22.72972972972973,-0.01715686274509804,10,119.08700000000002,Beauty,0,739.2305272108845
U_01105,Pro,West,-111,2,1,3,0.0,19.82,5.827,3.99,12.8,0.013186813186813117,1,19.82,Fashion,0,241.14333333333332
U_01106,Free,West,806,82,0,0,0.0,0.0,2.9433333333333334,0.0,5.166666666666667,7.951207131982424e-18,0,0.0,None,1,0.0
U_01107,Pro,North,286,49,0,0,0.0,275.94,4.539285714285714,0.0,10.642857142857142,1.4132889073208363e-17,5,55.188,Electronics,1,352.1611888111888
U_01108,Enterprise,West,420,2,2,3,127.46,196.01999999999998,4.184166666666667,2.35,9.583333333333334,0.09523809523809525,2,98.00999999999999,Sports,0,170.35071428571428
U_01109,Free,South,599,19,0,3,0.0,44.71,2.605714285714286,0.0,5.285714285714286,0.08571428571428573,1,44.71,Toys,1,27.24398998330551
U_01110,Free,West,790,3,1,10,30.54,44.68,10.424523809523809,8.1025,21.928571428571427,0.016883116883116875,2,22.34,Toys,0,20.643291139240507
U_01111,Pro,North,22,104,0,0,75.27,75.27,4.215714285714286,0.0,9.285714285714286,-6.783020765448988e-17,2,37.635,Home,0,915.785
U_01112,Pro,South,839,23,0,3,86.7,86.7,5.024444444444445,0.0,11.0,0.04945054945054952,2,43.35,Beauty,0,37.718116805721095
U_01113,Free,East,265,0,2,6,11.95,119.68,10.820769230769232,9.612499999999999,23.26923076923077,0.026470588235294114,5,23.936,Electronics,0,164.8422641509434
U_01114,Pro,West,-151,91,0,0,0.0,0.0,1.5875,0.0,2.5,-0.5,0,0.0,None,0,0.0
U_01115,Enterprise,North,701,4,1,2,0.0,786.42,10.783846153846156,1.98,23.653846153846153,-0.01764705882352944,6,131.07,Fashion,0,409.4768901569187
U_01116,Free,North,640,16,0,1,0.0,0.0,3.193125,0.0,5.875,-0.01648351648351644,0,0.0,None,0,0.0
U_01117,Pro,North,204,3,3,6,0.0,139.19,10.997142857142856,12.305,22.942857142857143,0.015789473684210496,3,46.39666666666667,Toys,0,249.040931372549
U_01118,Pro,North,312,80,0,0,0.0,71.89,5.863333333333333,0.0,11.166666666666666,-0.20000000000000015,1,71.89,Toys,1,84.10208333333333
U_01119,Enterprise,East,169,96,0,0,0.0,143.98999999999998,3.3520000000000003,0.0,7.8,-1.0507920739455759e-16,2,71.99499999999999,Books,1,310.9843195266272
U_01120,Free,West,-15,53,0,0,0.0,0.0,1.5499999999999998,0.0,3.5,-2.0083673326242142e-16,0,0.0,None,1,0.0
U_01121,Pro,North,666,1,1,1,0.0,135.26,5.734705882352941,1.44,12.294117647058824,3.07522646346114e-17,2,67.63,Beauty,1,74.12897897897898
U_01122,Free,East,523,9,0,4,0.0,27.17,9.909354838709678,12.49,22.225806451612904,-0.023735810113519076,1,27.17,Electronics,0,18.96185468451243
U_01123,Free,South,532,71,0,0,0.0,0.0,6.241818181818183,0.0,14.090909090909092,-0.1785714285714285,0,0.0,None,1,0.0
U_01124,Free,East,801,13,0,3,0.0,0.0,4.163846153846153,6.85,9.538461538461538,9.307278399148248e-17,0,0.0,None,0,0.0
U_01125,Enterprise,West,-96,105,0,0,0.0,51.2,3.643333333333333,0.0,7.166666666666667,-0.20000000000000015,1,51.2,Books,0,622.9333333333334
U_01126,Pro,West,18,105,0,0,0.0,15.95,5.864545454545453,0.0,13.090909090909092,0.49999999999999983,1,15.95,Fashion,1,194.0583333333333
U_01127,Free,North,90,12,0,3,70.08,117.45,9.735,3.32,20.458333333333332,0.0029411764705882582,3,39.15,Books,0,476.325
U_01128,Pro,South,846,75,0,0,0.0,0.0,5.496666666666667,0.0,14.222222222222221,0.09999999999999987,0,0.0,None,0,0.0
U_01129,Free,East,-48,32,0,0,0.0,16.38,4.467,0.0,9.8,-0.2142857142857142,1,16.38,Grocery,1,199.28999999999996
U_01130,Pro,South,58,25,0,2,0.0,141.1,5.145714285714286,0.0,10.5,0.012121212121212145,2,70.55,Beauty,0,887.9568965517241
U_01131,Free,East,357,70,0,0,21.53,21.53,8.007333333333335,0.0,17.266666666666666,0.011904761904762091,1,21.53,Toys,1,22.0124649859944
U_01132,Pro,South,62,16,0,2,0.0,55.86,5.215882352941176,0.0,10.0,-0.038461538461538505,1,55.86,Toys,1,328.85322580645163
U_01133,Pro,South,370,8,0,3,0.0,175.57999999999998,6.607368421052632,5.86,13.0,-0.04945054945054941,2,87.78999999999999,Books,0,173.2072972972973
U_01134,Pro,East,612,6,1,3,0.0,118.66999999999999,8.8992,8.965,20.48,-0.06323529411764703,2,59.334999999999994,Electronics,0,70.77540849673201
U_01135,Free,West,740,71,0,0,0.0,0.0,8.141666666666667,0.0,18.75,0.07142857142857156,0,0.0,None,1,0.0
U_01136,Free,East,605,0,1,6,0.0,139.42000000000002,10.14576923076923,10.815,20.73076923076923,0.0029411764705883016,3,46.473333333333336,Books,0,84.11289256198347
U_01137,Free,East,811,2,1,5,0.0,0.0,4.882352941176471,4.95,11.117647058823529,0.027272727272727317,0,0.0,None,0,0.0
U_01138,Pro,West,495,4,2,11,174.96,545.36,10.501538461538463,9.185,23.05128205128205,0.02579979360165119,8,68.17,Beauty,0,402.13414141414137
U_01139,Pro,South,53,0,1,4,68.98,150.89,6.389374999999999,7.455,15.0625,-0.041958041958041946,3,50.29666666666666,Toys,0,1039.148113207547
U_01140,Free,South,112,36,0,0,0.0,0.0,0.6699999999999999,0.0,1.8333333333333333,-0.20000000000000015,0,0.0,None,1,0.0
U_01141,Pro,North,-49,18,0,1,0.0,58.22,6.995454545454546,0.0,14.090909090909092,0.030303030303030287,1,58.22,Beauty,1,708.3433333333332
U_01142,Free,West,94,27,0,2,0.0,107.41,8.354347826086956,0.0,18.91304347826087,-0.010989010989010985,3,35.803333333333335,Fashion,0,417.070744680851
U_01143,Free,South,569,25,0,1,0.0,94.34,6.045714285714285,0.0,12.285714285714286,-0.07272727272727264,3,31.44666666666667,Electronics,0,60.516871704745164
U_01144,Pro,East,262,3,1,5,0.0,158.37,11.004444444444445,11.71,23.51851851851852,-0.00735294117647056,4,39.5925,Beauty,0,220.6299618320611
U_01145,Pro,South,388,10,0,4,0.0,121.22,5.748421052631579,4.67,12.789473684210526,0.01978021978021972,2,60.61,Home,0,114.03427835051546
U_01146,Free,North,12,92,0,0,0.0,0.0,3.03,0.0,6.0,1.0276789547548596e-16,0,0.0,None,1,0.0
U_01147,Free,South,295,7,0,5,0.0,95.37,9.135,10.89,21.178571428571427,0.02857142857142856,2,47.685,Books,0,118.00016949152543
U_01148,Free,West,570,15,0,1,0.0,21.08,9.45388888888889,0.0,22.833333333333332,-0.04545454545454539,1,21.08,Electronics,0,13.498596491228069
U_01149,Pro,West,168,8,0,6,245.21,413.72,11.032352941176471,12.594999999999999,24.352941176470587,0.018575851393188878,6,68.95333333333333,Sports,0,898.8559523809525
U_01150,Pro,North,-176,20,0,2,0.0,117.01,4.13846153846154,0.0,9.0,-0.006060606060606031,2,58.505,Electronics,0,1423.6216666666667
U_01151,Pro,South,621,59,0,0,0.0,74.13,4.688,0.0,10.0,-1.0507920739455759e-16,1,74.13,Home,0,43.570772946859904
U_01152,Pro,South,-86,19,0,3,0.0,184.66,7.391111111111111,0.0,16.666666666666668,0.1181818181818182,2,92.33,Sports,1,2246.6966666666667
U_01153,Pro,South,836,88,0,0,0.0,38.93,2.9371428571428573,0.0,6.285714285714286,-0.2000000000000001,2,19.465,Books,1,16.99694976076555
U_01154,Free,East,575,0,3,6,46.24,65.0,6.948695652173913,7.4625,14.434782608695652,0.0857142857142857,2,32.5,Sports,0,41.26086956521739
U_01155,Free,South,601,34,0,0,0.0,0.0,5.284000000000001,0.0,11.2,0.023809523809523888,0,0.0,None,0,0.0
U_01156,Pro,East,60,6,1,4,112.16,167.55,7.870666666666666,7.126666666666666,15.866666666666667,-0.05454545454545449,2,83.775,Electronics,0,1019.2625
U_01157,Pro,East,-155,1,1,2,0.0,117.83,7.449500000000002,2.43,16.6,0.01176470588235293,2,58.915,Home,0,1433.5983333333334
U_01158,Free,South,57,83,0,0,0.0,0.0,3.232,0.0,7.6,0.09999999999999981,0,0.0,None,1,0.0
U_01159,Pro,South,504,29,0,1,0.0,107.2,3.9913333333333325,0.0,7.666666666666667,-0.03636363636363631,1,107.2,Home,1,77.63492063492063
U_01160,Free,West,-86,22,0,1,0.0,0.0,3.955384615384616,0.0,10.0,-0.06666666666666654,0,0.0,None,0,0.0
U_01161,Free,East,502,55,0,0,0.0,14.63,5.739999999999999,0.0,12.333333333333334,0.0999999999999999,1,14.63,Grocery,0,10.637350597609563
U_01162,Free,North,598,5,1,8,0.0,49.57,6.8084999999999996,4.355,13.65,0.016483516483516484,2,24.785,Beauty,0,30.2559364548495
U_01163,Free,East,-115,9,0,4,83.64999999999999,100.71999999999998,9.878571428571428,8.64,21.047619047619047,-0.028571428571428643,4,25.179999999999996,Toys,1,1225.4266666666665
U_01164,Pro,North,180,8,0,7,0.0,770.12,9.665357142857143,13.383333333333335,21.178571428571427,0.03076923076923073,6,128.35333333333332,Toys,0,1561.6322222222223
U_01165,Free,East,114,0,5,7,0.0,0.0,8.699310344827586,9.295,19.862068965517242,0.06914344685242517,0,0.0,None,0,0.0
U_01166,Free,South,143,1,3,5,0.0,0.0,5.470625,4.8100000000000005,11.375,0.03636363636363635,0,0.0,None,1,0.0
U_01167,Pro,East,-191,0,1,6,30.11,30.11,5.976470588235294,8.396666666666667,13.882352941176471,0.010489510489510514,1,30.11,Toys,0,366.33833333333337
U_01168,Enterprise,North,352,56,0,0,0.0,607.59,6.960714285714286,0.0,16.714285714285715,-0.04848484848484839,8,75.94875,Sports,0,630.029403409091
U_01169,Enterprise,East,-43,95,0,0,151.18,157.13,4.234999999999999,0.0,8.5,-2.0083673326242142e-16,2,78.565,Fashion,1,1911.7483333333334
U_01170,Free,East,109,0,1,5,0.0,0.0,2.795,2.4333333333333336,6.4,0.05000000000000002,0,0.0,None,0,0.0
U_01171,Enterprise,East,-62,78,0,0,0.0,109.85,7.57923076923077,0.0,16.53846153846154,0.03333333333333331,2,54.925,Home,1,1336.5083333333332
U_01172,Free,West,386,1,2,7,0.0,78.22,8.173793103448277,7.865,17.82758620689655,0.019607843137254888,2,39.11,Toys,0,73.96450777202072
U_01173,Free,East,80,6,1,4,0.0,56.0,10.520689655172415,12.04,23.75862068965517,-0.013235294117647046,2,28.0,Beauty,0,255.49999999999997
U_01174,Free,East,245,73,0,0,0.0,0.0,0.3,0.0,1.0,0.0,0,0.0,None,1,0.0
U_01175,Free,North,524,68,0,0,0.0,59.26,8.14,0.0,17.4,0.047619047619047665,2,29.63,Toys,0,41.278435114503814
U_01176,Enterprise,South,627,34,0,0,0.0,27.76,1.7275,0.0,3.0,-8.498442808297854e-17,1,27.76,Grocery,1,16.16012759170654
U_01177,Pro,North,189,27,0,1,0.0,176.12,0.9499999999999998,0.0,2.2,-1.0507920739455759e-16,1,176.12,Electronics,0,340.12592592592597
U_01178,Pro,North,770,30,0,0,0.0,50.58,2.8275,0.0,6.0,-2.0083673326242142e-16,1,50.58,Books,1,23.976233766233765
U_01179,Free,West,-118,5,1,3,0.0,0.0,4.371,3.17,9.0,1.6054209807821413e-17,0,0.0,None,0,0.0
U_01180,Enterprise,East,698,69,0,0,353.03,1215.25,4.0600000000000005,0.0,8.2,-0.035714285714285726,10,121.525,Books,0,635.4817335243554
U_01181,Free,South,824,114,0,0,0.0,0.0,3.982857142857143,0.0,7.428571428571429,-0.10000000000000024,0,0.0,None,1,0.0
U_01182,Free,North,739,62,0,0,0.0,0.0,1.6483333333333334,0.0,4.0,-0.10000000000000012,0,0.0,None,1,0.0
U_01183,Pro,South,-138,18,0,3,0.0,458.66999999999996,7.6405,0.0,16.6,0.014035087719298227,5,91.734,Toys,1,5580.485
U_01184,Enterprise,North,485,43,0,0,0.0,0.0,4.890000000000001,0.0,8.857142857142858,0.14285714285714274,0,0.0,None,1,0.0
U_01185,Free,South,701,6,1,4,0.0,0.0,4.8075,5.45,9.75,0.009090909090909092,0,0.0,None,1,0.0
U_01186,Free,North,822,15,0,1,0.0,0.0,4.5225,0.0,9.625,6.729156486047637e-17,0,0.0,None,1,0.0
U_01187,Free,South,808,87,0,0,0.0,34.14,4.698333333333333,0.0,9.666666666666666,0.39999999999999974,2,17.07,Home,1,15.422153465346536
U_01188,Enterprise,East,114,6,1,1,0.0,0.0,1.055,0.14,2.75,-2.0083673326242142e-16,0,0.0,None,1,0.0
U_01189,Free,East,177,0,2,3,0.0,18.95,9.290454545454544,10.456666666666667,20.40909090909091,0.004395604395604363,1,18.95,Beauty,0,39.07768361581921
U_01190,Free,South,109,30,0,0,0.0,49.67,3.2619999999999996,0.0,7.2,-0.9999999999999998,1,49.67,Beauty,0,166.32614678899083
U_01191,Enterprise,North,67,9,0,4,249.23,991.0200000000001,5.413333333333333,0.3,10.333333333333334,0.02727272727272729,10,99.102,Beauty,0,5398.840298507463
U_01192,Pro,North,782,15,0,1,0.0,0.0,1.0985714285714285,0.0,2.7142857142857144,-3.543039230717604e-18,0,0.0,None,0,0.0
U_01193,Free,South,223,49,0,0,23.3,87.54,8.746666666666668,0.0,19.4,-0.030303030303030346,3,29.180000000000003,Beauty,1,143.28295964125562
U_01194,Pro,South,465,9,0,4,101.62,321.45000000000005,8.136785714285715,7.654999999999999,17.428571428571427,-0.07598039215686271,5,64.29,Home,0,252.32096774193553
U_01195,Free,West,-19,49,0,0,0.0,42.71,4.933333333333333,0.0,11.583333333333334,0.2142857142857143,2,21.355,Electronics,1,519.6383333333333
U_01196,Pro,East,-21,16,0,1,0.0,209.31,5.176363636363638,0.0,9.272727272727273,-0.00606060606060605,3,69.77,Fashion,0,2546.605
U_01197,Free,South,-98,2,2,10,0.0,25.55,10.73611111111111,8.3,23.75,0.0451127819548872,1,25.55,Electronics,0,310.85833333333335
U_01198,Free,North,782,6,1,5,18.3,240.03,9.008928571428571,3.6,19.821428571428573,0.042857142857142906,8,30.00375,Beauty,1,112.03446291560101
U_01199,Enterprise,East,-73,2,2,5,586.53,1031.3600000000001,8.638235294117647,7.3999999999999995,19.41176470588235,-0.016483516483516408,7,147.33714285714288,Fashion,0,7040.131324358977
U_01200,Free,South,-122,2,1,4,0.0,24.65,9.58736842105263,11.475,20.57894736842105,-0.07692307692307697,1,24.65,Electronics,0,299.9083333333333
U_01201,Pro,East,-154,25,0,1,70.0,325.58,4.178571428571429,0.0,9.142857142857142,-0.03636363636363635,5,65.116,Home,1,3961.223333333333
U_01202,Free,West,738,15,0,4,0.0,0.0,7.362666666666666,0.0,15.8,0.1272727272727273,0,0.0,None,0,0.0
U_01203,Free,East,633,58,0,0,0.0,0.0,7.252142857142857,0.0,16.071428571428573,0.0272727272727273,0,0.0,None,1,0.0
U_01204,Free,North,733,15,0,5,0.0,88.55,10.494137931034484,0.0,21.413793103448278,0.006593406593406562,2,44.275,Grocery,0,44.093792633015006
U_01205,Free,South,816,12,0,4,0.0,18.06,5.674444444444444,0.65,11.166666666666666,-0.039285714285714236,1,18.06,Beauty,1,8.07830882352941
U_01206,Pro,East,-51,59,0,0,0.0,79.81,6.353076923076922,0.0,14.153846153846153,-0.016666666666666597,1,79.81,Fashion,1,971.0216666666668
U_01207,Free,South,-13,7,0,1,29.27,29.27,5.1146666666666665,2.34,10.666666666666666,0.00909090909090911,1,29.27,Fashion,1,356.11833333333334
U_01208,Free,North,176,19,0,1,47.19,66.11,7.138235294117647,0.0,17.0,1.3333652736138549e-17,2,33.055,Books,0,137.103125
U_01209,Free,North,-27,9,0,3,0.0,44.52,8.101818181818182,6.055000000000001,16.272727272727273,0.10000000000000002,1,44.52,Electronics,0,541.6600000000001
U_01210,Free,North,179,1,1,5,0.0,68.38,9.9728,11.903333333333334,21.6,-0.0426470588235294,3,22.793333333333333,Books,0,139.4340782122905
U_01211,Pro,North,546,4,1,5,94.2,200.49,8.286315789473685,7.539999999999999,17.526315789473685,0.0142857142857143,3,66.83,Fashion,0,134.0271978021978
U_01212,Free,North,746,73,0,0,0.0,0.0,2.542,0.0,5.4,0.29999999999999977,0,0.0,None,1,0.0
U_01213,Free,South,748,2,1,6,8.88,30.29,8.564615384615387,9.696666666666665,19.46153846153846,-0.11868131868131881,2,15.145,Beauty,0,14.780548128342247
U_01214,Free,South,45,0,1,2,19.07,96.44999999999999,8.505454545454546,8.96,20.727272727272727,0.008791208791208746,3,32.15,Fashion,0,782.3166666666666
U_01215,Enterprise,North,634,82,0,0,0.0,257.40999999999997,8.492,0.0,19.266666666666666,0.033333333333333416,2,128.70499999999998,Sports,0,148.19345425867508
U_01216,Free,South,512,14,0,1,0.0,29.51,5.119166666666667,0.0,9.666666666666666,-0.3214285714285715,2,14.755,Grocery,0,21.037402343750003
U_01217,Pro,East,401,8,0,3,380.59000000000003,612.4499999999999,9.998,5.2,23.433333333333334,-0.024509803921568582,7,87.49285714285713,Grocery,0,557.466957605985
U_01218,Free,East,830,44,0,0,0.0,9.65,1.8439999999999999,0.0,4.8,-1.0507920739455759e-16,1,9.65,Electronics,1,4.243674698795181
U_01219,Pro,South,579,29,0,1,0.0,422.8,7.000555555555555,0.0,14.666666666666666,0.035164835164835144,5,84.56,Beauty,0,266.5319516407599
U_01220,Free,South,551,4,1,5,0.0,114.42,10.31551724137931,12.24,22.482758620689655,-0.05735294117647051,3,38.14,Sports,0,75.79546279491834
U_01221,Free,West,89,64,0,0,0.0,0.0,2.1225,0.0,5.0,0.5000000000000002,0,0.0,None,1,0.0
U_01222,Free,East,460,48,0,0,0.0,51.93,10.345714285714285,0.0,24.38095238095238,0.018181818181818188,1,51.93,Toys,1,41.20532608695652
U_01223,Free,North,510,56,0,0,0.0,59.42,3.9316666666666666,0.0,8.333333333333334,-4.025615028083654e-16,1,59.42,Grocery,0,42.526078431372554
U_01224,Pro,West,-175,17,0,4,22.62,173.3,5.778636363636365,0.0,12.045454545454545,-0.046428571428571395,3,57.76666666666667,Books,0,2108.4833333333336
U_01225,Pro,East,316,6,1,5,113.28,362.63,6.39875,3.87,13.125,-0.041958041958041946,6,60.43833333333333,Electronics,0,418.86060126582277
U_01226,Enterprise,North,-55,4,1,4,0.0,484.54999999999995,11.444285714285714,11.485,25.464285714285715,-0.05366357069143444,3,161.51666666666665,Electronics,0,5895.358333333333
U_01227,Pro,West,193,2,1,9,0.0,178.64000000000001,9.907555555555556,10.668000000000001,21.022222222222222,-0.002823263692828858,6,29.773333333333337,Grocery,0,337.8424870466322
U_01228,Free,South,819,3,2,7,0.0,47.25,7.895517241379311,9.08,16.482758620689655,0.026960784313725502,1,47.25,Toys,0,21.05769230769231
U_01229,Free,North,412,2,2,4,0.0,0.0,4.441052631578948,4.115,10.736842105263158,0.07692307692307697,0,0.0,None,0,0.0
U_01230,Free,West,387,13,0,3,0.0,0.0,8.799999999999999,12.68,19.40909090909091,-0.05274725274725278,0,0.0,None,1,0.0
U_01231,Pro,East,28,4,1,1,0.0,0.0,5.25,5.23,11.470588235294118,0.028571428571428553,0,0.0,None,0,0.0
U_01232,Pro,South,483,2,3,6,55.42,339.93,9.862068965517242,8.84,21.620689655172413,0.001470588235294136,5,67.986,Sports,0,256.8829192546584
U_01233,Free,South,101,7,0,2,0.0,0.0,4.093846153846154,0.3,8.692307692307692,-0.031468531468531485,0,0.0,None,0,0.0
U_01234,Pro,North,279,24,0,1,0.0,76.59,1.5899999999999999,0.0,3.0,-7.850462293418875e-17,1,76.59,Home,1,100.1983870967742
U_01235,Free,West,622,2,1,2,23.35,99.72999999999999,7.170000000000001,5.045,16.263157894736842,-0.005494505494505415,4,24.932499999999997,Home,0,58.52323151125402
U_01236,Pro,South,-67,4,1,4,0.0,205.12,7.458947368421051,8.559999999999999,15.31578947368421,0.02499999999999998,3,68.37333333333333,Books,0,2495.6266666666666
U_01237,Pro,South,756,41,0,0,0.0,277.57,11.050000000000002,0.0,23.541666666666668,-0.1538461538461538,2,138.785,Home,0,134.0119708994709
U_01238,Enterprise,East,-21,25,0,1,50.43,294.26,4.6375,0.0,10.583333333333334,-0.03333333333333321,3,98.08666666666666,Grocery,1,3580.163333333333
U_01239,Free,South,671,2,1,1,0.0,31.29,6.820555555555556,4.53,14.38888888888889,-0.010989010989010985,1,31.29,Books,0,17.02064083457526
U_01240,Enterprise,North,851,3,2,10,135.73,780.3599999999999,9.910000000000002,9.25,20.82051282051282,-0.0010319917440660363,7,111.47999999999999,Grocery,0,334.70199764982374
U_01241,Pro,North,637,18,0,1,0.0,0.0,6.576315789473685,0.0,14.736842105263158,0.010989010989011016,0,0.0,None,1,0.0
U_01242,Pro,East,40,4,1,2,55.52,55.52,7.405625,8.27,15.625,0.012121212121212184,1,55.52,Toys,0,506.62000000000006
U_01243,Free,North,-190,89,0,0,0.0,0.0,5.471666666666667,0.0,12.333333333333334,7.951207131982424e-18,0,0.0,None,1,0.0
U_01244,Free,East,848,38,0,0,0.0,0.0,0.6599999999999999,0.0,1.5,-2.0083673326242142e-16,0,0.0,None,0,0.0
U_01245,Free,East,329,5,1,7,0.0,0.0,9.394814814814815,12.32,19.814814814814813,-0.010294117647058778,0,0.0,None,0,0.0
U_01246,Free,East,329,92,0,0,0.0,43.9,2.8125,0.0,5.75,-2.0083673326242142e-16,2,21.95,Sports,1,48.70364741641337
U_01247,Free,West,3,0,1,3,8.64,8.64,7.9534615384615375,8.73,18.153846153846153,-0.05294117647058829,1,8.64,Sports,0,105.12000000000002
U_01248,Free,West,656,4,1,2,0.0,0.0,6.8985,4.59,14.8,-0.07912087912087916,0,0.0,None,0,0.0
U_01249,Pro,North,325,24,0,2,0.0,135.23,5.217333333333333,0.0,10.733333333333333,-0.017482517482517487,3,45.07666666666666,Books,0,151.8736923076923
U_01250,Enterprise,West,482,2,3,8,186.35,1061.0,9.696739130434782,10.342,22.195652173913043,0.01353383458646614,7,151.57142857142858,Fashion,0,803.454356846473
U_01251,Free,South,-34,59,0,0,0.0,0.0,6.278333333333333,0.0,14.333333333333334,7.951207131982424e-18,0,0.0,None,1,0.0
U_01252,Enterprise,East,575,2,2,5,96.88,485.61,4.940555555555555,4.95,11.38888888888889,-0.004395604395604418,4,121.4025,Electronics,0,308.2567826086957
U_01253,Pro,North,-154,18,0,4,99.96000000000001,257.9,8.144705882352941,0.0,18.705882352941178,0.024475524475524462,6,42.98333333333333,Home,0,3137.783333333333
U_01254,Pro,South,550,14,0,3,0.0,191.16,6.407692307692309,0.0,14.26923076923077,0.06153846153846154,4,47.79,Home,0,126.86072727272727
U_01255,Pro,South,624,0,3,7,94.27,354.82,9.418421052631578,9.462,19.94736842105263,0.0090909090909091,4,88.705,Electronics,0,207.54695512820513
U_01256,Free,South,107,42,0,0,0.0,154.35,6.831875,0.0,15.0,0.3095238095238095,4,38.5875,Books,1,526.5210280373831
U_01257,Free,West,321,79,0,0,0.0,38.77,6.355555555555556,0.0,13.666666666666666,0.37142857142857133,2,19.385,Electronics,1,44.08426791277259
U_01258,Enterprise,North,735,29,0,1,0.0,230.3,6.117777777777778,0.0,14.055555555555555,-0.021978021978022053,2,115.15,Books,0,114.36666666666667
U_01259,Enterprise,East,174,22,0,2,103.06,392.75,2.9699999999999998,0.0,5.714285714285714,-0.14285714285714293,5,78.55,Beauty,0,823.8721264367816
U_01260,Pro,South,766,90,0,0,0.0,0.0,2.188,0.0,4.6,-1.0507920739455759e-16,0,0.0,None,1,0.0
U_01261,Free,North,13,2,2,4,18.5,169.93,7.629583333333334,6.395,17.125,0.043956043956043904,5,33.986000000000004,Toys,0,2067.4816666666666
U_01262,Free,South,109,44,0,0,0.0,0.0,3.41,0.0,7.4,-0.04761904761904744,0,0.0,None,0,0.0
U_01263,Free,East,14,4,1,2,0.0,0.0,4.016363636363637,0.61,9.727272727272727,0.018181818181818212,0,0.0,None,1,0.0
U_01264,Free,East,183,33,0,0,0.0,0.0,0.3,0.0,1.0,0.0,0,0.0,None,1,0.0
U_01265,Pro,West,473,85,0,0,0.0,220.64,9.3625,0.0,21.4375,-0.07272727272727267,3,73.54666666666667,Sports,1,170.261310782241
U_01266,Pro,East,425,1,3,10,0.0,338.69,8.967857142857143,6.781999999999999,19.178571428571427,0.08049535603715169,5,67.738,Home,0,290.8749411764706
U_01267,Pro,South,432,32,0,0,90.41,90.41,4.593,0.0,9.3,-0.11904761904761889,1,90.41,Toys,0,76.3880787037037
U_01268,Free,West,-97,3,1,6,0.0,18.98,6.506249999999999,4.842499999999999,14.75,0.018575851393188868,1,18.98,Beauty,0,230.92333333333335
U_01269,Free,East,761,6,1,5,0.0,50.45,7.256190476190476,5.359999999999999,14.857142857142858,0.03928571428571428,2,25.225,Beauty,0,24.197437582128778
U_01270,Free,West,-95,76,0,0,0.0,77.82,6.51625,0.0,14.375,-2.751513687042919e-17,4,19.455,Books,1,946.81
U_01271,Enterprise,North,826,29,0,1,0.0,617.5500000000001,4.336666666666667,0.0,10.777777777777779,0.03571428571428572,6,102.92500000000001,Sports,0,272.88831719128336
U_01272,Free,West,633,105,0,0,0.0,26.37,6.736666666666667,0.0,14.0,0.19999999999999996,1,26.37,Toys,1,15.205450236966826
U_01273,Free,East,572,24,0,1,0.0,23.62,6.496666666666667,0.0,14.866666666666667,-0.032967032967032926,1,23.62,Toys,0,15.072202797202797
U_01274,Free,East,-108,0,3,7,0.0,18.59,7.755,8.557500000000001,16.96153846153846,-0.009803921568627463,1,18.59,Home,0,226.17833333333334
U_01275,Pro,West,318,14,0,4,59.03,59.03,4.205714285714285,0.0,7.428571428571429,0.04848484848484847,1,59.03,Books,1,67.75455974842767
U_01276,Free,West,448,0,2,6,0.0,9.1,10.628787878787879,12.806666666666667,24.03030303030303,-0.024561403508771968,1,9.1,Toys,0,7.4140625
U_01277,Pro,East,-90,10,0,5,0.0,289.71000000000004,8.468148148148149,8.363333333333333,17.62962962962963,0.06911764705882355,6,48.285000000000004,Grocery,0,3524.8050000000007
U_01278,Pro,West,604,2,2,4,0.0,79.93,7.963333333333334,10.129999999999999,17.875,0.032352941176470626,2,39.965,Grocery,0,48.30206953642384
U_01279,Pro,East,361,3,2,7,0.0,66.2,6.5065217391304335,8.426666666666668,15.608695652173912,0.010489510489510486,1,66.2,Electronics,0,66.93351800554017
U_01280,Enterprise,East,286,29,0,1,0.0,113.00999999999999,6.700555555555556,0.0,13.722222222222221,0.05000000000000018,2,56.504999999999995,Beauty,0,144.22604895104894
U_01281,Pro,North,48,8,0,2,0.0,92.74,3.1627272727272726,10.51,7.454545454545454,0.049999999999999996,2,46.37,Electronics,0,705.2104166666666
U_01282,Free,North,50,41,0,0,0.0,0.0,5.608,0.0,11.1,0.11904761904761908,0,0.0,None,0,0.0
U_01283,Free,South,164,4,2,4,0.0,24.22,9.536969696969697,10.094999999999999,22.242424242424242,-0.027863777089783277,1,24.22,Home,0,53.90426829268292
U_01284,Pro,West,481,0,1,5,58.18,73.73,8.862857142857143,7.465,19.357142857142858,-0.06127450980392152,2,36.865,Fashion,0,55.9489604989605
U_01285,Free,West,504,1,3,8,0.0,0.0,9.54,10.276,20.444444444444443,-0.03736263736263731,0,0.0,None,0,0.0
U_01286,Pro,East,687,2,1,1,0.0,233.12,4.081666666666667,1.33,10.833333333333334,7.951207131982424e-18,3,77.70666666666666,Toys,0,123.8556040756914
U_01287,Free,South,-46,3,2,5,0.0,106.46000000000001,9.812,9.9175,20.88,-0.022058823529411756,3,35.48666666666667,Electronics,0,1295.2633333333335
U_01288,Pro,East,147,77,0,0,0.0,0.0,6.554545454545454,0.0,13.454545454545455,-0.3214285714285714,0,0.0,None,0,0.0
U_01289,Pro,East,62,29,0,1,0.0,126.13999999999999,3.345999999999999,0.0,7.4,-0.1000000000000001,3,42.04666666666666,Beauty,1,742.5983870967741
U_01290,Pro,North,672,4,2,9,0.0,232.06,11.491379310344826,10.086666666666668,23.93103448275862,0.05735294117647062,3,77.35333333333334,Fashion,0,126.04449404761905
U_01291,Free,South,385,50,0,0,0.0,0.0,3.4057142857142857,0.0,7.571428571428571,4.8870404991229254e-17,0,0.0,None,1,0.0
U_01292,Pro,South,28,28,0,1,0.0,27.12,3.24,0.0,6.333333333333333,7.549455712798224e-17,1,27.12,Beauty,1,329.96000000000004
U_01293,Enterprise,South,235,3,2,7,53.08,306.49,11.383333333333331,10.13,24.8,0.01470588235294119,2,153.245,Grocery,0,476.03765957446814
U_01294,Free,South,718,87,0,0,0.0,0.0,6.433636363636364,0.0,15.090909090909092,-0.20000000000000018,0,0.0,None,0,0.0
U_01295,Pro,North,360,40,0,0,0.0,0.0,3.244285714285714,0.0,8.428571428571429,-0.08571428571428566,0,0.0,None,1,0.0
U_01296,Pro,South,-91,3,1,5,65.48,102.61000000000001,8.479523809523808,7.6933333333333325,18.047619047619047,0.049450549450549504,2,51.30500000000001,Electronics,0,1248.4216666666669
U_01297,Free,East,599,49,0,0,0.0,24.45,2.7983333333333333,0.0,6.166666666666667,0.19999999999999984,1,24.45,Grocery,1,14.898580968280466
U_01298,Free,East,648,3,1,7,0.0,13.79,8.866206896551724,11.450000000000001,20.24137931034483,-0.06323529411764701,1,13.79,Toys,0,7.767515432098765
U_01299,Free,East,531,44,0,0,0.0,43.22,4.676363636363636,0.0,9.363636363636363,-0.042424242424242364,1,43.22,Fashion,1,29.708662900188322
U_01300,Pro,North,103,0,3,5,0.0,64.22,10.008611111111113,10.434999999999999,21.916666666666668,-0.03186274509803918,2,32.11,Books,0,227.57572815533982
U_01301,Free,North,-47,46,0,0,0.0,0.0,2.9892857142857143,0.0,6.5,-0.012121212121212142,0,0.0,None,0,0.0
U_01302,Free,South,688,12,0,1,0.0,0.0,9.386521739130435,2.74,21.0,-0.015384615384615424,0,0.0,None,1,0.0
U_01303,Enterprise,South,686,78,0,0,0.0,557.51,8.833333333333334,0.0,19.166666666666668,-0.1904761904761905,3,185.83666666666667,Toys,1,296.6343294460641
U_01304,Enterprise,North,589,13,0,1,0.0,431.76,8.515625,3.8,16.4375,0.012121212121212184,3,143.92,Sports,1,267.5592529711375
U_01305,Free,North,504,15,0,3,0.0,24.02,5.855789473684211,0.0,12.947368421052632,0.018181818181818202,1,24.02,Electronics,0,17.39543650793651
U_01306,Free,West,296,26,0,1,0.0,65.5,2.9553846153846157,0.0,6.461538461538462,0.0454545454545455,2,32.75,Electronics,1,80.76858108108108
U_01307,Free,East,681,28,0,1,13.56,54.06,7.2475,0.0,17.416666666666668,0.0666666666666667,2,27.03,Electronics,1,28.974889867841412
U_01308,Free,South,503,16,0,1,0.0,0.0,4.359999999999999,0.0,8.833333333333334,-4.8374234447508063e-17,0,0.0,None,1,0.0
U_01309,Pro,North,651,26,0,1,0.0,154.32,10.890952380952381,0.0,25.476190476190474,-0.021978021978021896,2,77.16,Beauty,0,86.52350230414746
U_01310,Free,North,-187,16,0,2,0.0,0.0,5.101428571428571,0.0,11.428571428571429,0.14285714285714274,0,0.0,None,0,0.0
U_01311,Free,East,76,29,0,1,0.0,35.41,7.265333333333333,0.0,15.866666666666667,0.024475524475524493,1,35.41,Fashion,1,170.0611842105263
U_01312,Free,North,744,51,0,0,0.0,0.0,1.6325,0.0,3.0,-2.0083673326242142e-16,0,0.0,None,1,0.0
U_01313,Free,West,-173,37,0,0,0.0,0.0,4.609166666666666,0.0,10.083333333333334,0.1333333333333333,0,0.0,None,1,0.0
U_01314,Pro,North,744,98,0,0,0.0,128.79000000000002,1.3219999999999998,0.0,2.6,0.09999999999999981,2,64.39500000000001,Fashion,1,63.18326612903226
U_01315,Pro,East,443,74,0,0,0.0,133.84,2.553333333333333,0.0,5.444444444444445,0.08333333333333341,3,44.61333333333334,Books,1,110.2744920993228
U_01316,Free,South,-196,2,1,7,0.0,64.21,9.177727272727273,10.774999999999999,19.09090909090909,0.03571428571428572,2,32.105,Toys,0,781.2216666666666
U_01317,Free,West,5,1,1,6,0.0,0.0,11.438148148148148,12.75,25.88888888888889,-0.046568627450980345,0,0.0,None,0,0.0
U_01318,Pro,South,71,3,1,4,66.22,207.71,10.665333333333331,12.315,24.133333333333333,-0.06191950464396282,3,69.23666666666666,Books,0,1067.8049295774647
U_01319,Free,South,389,11,0,4,0.0,0.0,6.051666666666666,4.48,12.777777777777779,-0.09999999999999998,0,0.0,None,0,0.0
U_01320,Free,North,643,2,3,7,42.47,150.69,9.344761904761905,10.719999999999999,20.666666666666668,0.04615384615384613,5,30.137999999999998,Beauty,0,85.53942457231726
U_01321,Free,South,172,9,0,3,0.0,5.53,6.220000000000001,6.8100000000000005,13.352941176470589,0.045454545454545484,1,5.53,Electronics,0,11.735174418604652
U_01322,Pro,East,739,68,0,0,0.0,15.19,5.462857142857142,0.0,11.428571428571429,-0.028571428571428543,1,15.19,Fashion,0,7.502503382949932
U_01323,Free,North,632,27,0,1,0.0,0.0,1.6833333333333336,0.0,3.5,7.951207131982424e-18,0,0.0,None,1,0.0
U_01324,Pro,East,439,3,1,4,125.49,341.55,7.587931034482758,9.935,17.103448275862068,-0.03611971104231161,3,113.85000000000001,Electronics,0,283.9766514806378
U_01325,Free,North,816,24,0,1,0.0,81.74000000000001,5.281818181818182,0.0,10.454545454545455,-0.042424242424242364,2,40.870000000000005,Electronics,0,36.562622549019615
U_01326,Pro,East,427,4,1,2,54.55,54.55,3.3958333333333335,1.31,7.666666666666667,0.048484848484848506,1,54.55,Toys,0,46.62939110070258
U_01327,Pro,East,9,9,0,8,199.26999999999998,384.62999999999994,8.465384615384616,8.145,19.03846153846154,0.05274725274725273,6,64.10499999999999,Home,1,4679.664999999999
U_01328,Free,North,113,87,0,0,0.0,7.28,3.0840000000000005,0.0,5.6,0.29999999999999977,1,7.28,Sports,1,23.515044247787614
U_01329,Pro,East,319,16,0,3,0.0,298.49,5.968333333333334,0.0,13.11111111111111,-0.0604395604395604,6,49.748333333333335,Home,1,341.53244514106586
U_01330,Free,West,178,46,0,0,0.0,11.47,8.165,0.0,17.45,-0.009090909090909077,1,11.47,Home,1,23.51994382022472
U_01331,Free,North,359,41,0,0,0.0,0.0,2.639,0.0,5.6,-0.04761904761904756,0,0.0,None,1,0.0
U_01332,Free,West,701,14,0,4,27.21,27.21,5.472105263157895,0.0,11.68421052631579,0.08241758241758243,1,27.21,Beauty,0,14.167831669044222
U_01333,Pro,East,209,34,0,0,68.01,312.77,5.748571428571428,0.0,12.571428571428571,-0.03496503496503498,5,62.553999999999995,Fashion,0,546.2251196172249
U_01334,Free,South,421,56,0,0,0.0,0.0,2.4400000000000004,0.0,5.0,-1.0507920739455759e-16,0,0.0,None,1,0.0
U_01335,Free,West,63,1,2,5,0.0,12.22,9.13,11.365,19.966666666666665,0.04127966976264193,1,12.22,Sports,0,70.7984126984127
U_01336,Free,East,-115,1,2,6,0.0,0.0,8.157037037037036,7.904999999999999,17.88888888888889,0.048529411764705876,0,0.0,None,0,0.0
U_01337,Free,East,394,5,2,4,0.0,0.0,5.681052631578947,5.176666666666667,12.157894736842104,-0.03846153846153841,0,0.0,None,0,0.0
U_01338,Pro,West,241,9,0,1,0.0,61.71,6.4816666666666665,2.34,14.75,0.047619047619047616,1,61.71,Grocery,1,93.46120331950209
U_01339,Pro,South,54,4,2,7,59.22,578.82,8.285151515151513,10.223333333333333,18.272727272727273,0.019607843137254898,8,72.3525,Grocery,0,3912.3944444444446
U_01340,Free,North,404,4,1,3,0.0,0.0,7.6205,8.045,15.45,0.002941176470588231,0,0.0,None,0,0.0
U_01341,Free,North,609,42,0,0,0.0,0.0,2.32,0.0,5.0,-7.850462293418875e-17,0,0.0,None,1,0.0
U_01342,Pro,West,83,9,0,2,155.93,234.49,8.860555555555557,9.24,17.166666666666668,0.054945054945054965,3,78.16333333333334,Fashion,0,1031.1909638554216
U_01343,Pro,North,-86,8,0,2,0.0,134.55,10.841999999999999,12.9,24.68,-0.024175824175824253,2,67.275,Beauty,0,1637.025
U_01344,Pro,West,27,9,0,4,33.17,290.82,8.1605,11.45,17.85,-0.00879120879120884,6,48.47,Books,0,3538.3099999999995
U_01345,Free,North,106,17,0,2,0.0,11.39,4.432,0.0,9.7,0.047619047619047665,1,11.39,Beauty,0,39.220283018867924
U_01346,Free,East,-56,5,1,5,0.0,101.28,8.295,8.463333333333333,19.444444444444443,0.014285714285714285,4,25.32,Beauty,0,1232.24
U_01347,Free,North,128,5,1,1,0.0,79.8,7.47,2.45,17.181818181818183,-0.5000000000000004,1,79.8,Fashion,1,227.5546875
U_01348,Pro,West,169,61,0,0,0.0,234.29000000000002,5.321818181818182,0.0,11.545454545454545,0.15476190476190477,4,58.572500000000005,Fashion,0,506.01094674556214
U_01349,Pro,North,369,28,0,1,0.0,89.36,3.4844444444444447,0.0,7.444444444444445,6.633138920230202e-17,1,89.36,Toys,0,88.39132791327914
U_01350,Free,West,519,16,0,3,13.65,29.990000000000002,6.141363636363637,0.0,14.136363636363637,0.05000000000000001,2,14.995000000000001,Fashion,1,21.091233140655106
U_01351,Free,South,183,28,0,1,0.0,44.260000000000005,4.1085714285714285,0.0,9.0,0.39999999999999997,2,22.130000000000003,Grocery,0,88.27814207650275
U_01352,Free,West,748,16,0,1,0.0,28.88,3.596666666666667,0.0,7.555555555555555,6.633138920230202e-17,1,28.88,Toys,1,14.092513368983955
U_01353,Free,West,405,3,2,6,0.0,0.0,7.685517241379309,8.14,16.79310344827586,-0.015479876160990714,0,0.0,None,0,0.0
U_01354,Free,South,18,92,0,0,0.0,0.0,4.79625,0.0,9.5,0.19999999999999962,0,0.0,None,1,0.0
U_01355,Pro,West,92,11,0,3,20.27,20.27,4.578,4.21,10.2,-0.006060606060605992,1,20.27,Toys,0,80.41902173913043
U_01356,Free,North,181,91,0,0,0.0,0.0,5.114285714285714,0.0,9.714285714285714,-0.08571428571428566,0,0.0,None,1,0.0
U_01357,Pro,South,586,11,0,2,0.0,153.23,4.202222222222222,5.57,9.333333333333334,-0.008791208791208854,2,76.615,Fashion,0,95.44189419795221
U_01358,Free,West,401,1,2,4,23.0,23.0,7.924666666666666,7.226666666666667,16.933333333333334,0.032967032967032975,1,23.0,Electronics,0,20.935162094763093
U_01359,Enterprise,South,367,4,1,3,357.55,616.5899999999999,3.986666666666667,3.84,7.555555555555555,0.059523809523809486,6,102.76499999999999,Grocery,0,613.2298365122615
U_01360,Free,West,190,47,0,0,39.96,39.96,4.05625,0.0,9.625,-0.10000000000000009,1,39.96,Electronics,0,76.76526315789474
U_01361,Free,South,416,77,0,0,0.0,0.0,4.796,0.0,10.5,-0.14285714285714282,0,0.0,None,0,0.0
U_01362,Pro,West,133,2,1,5,0.0,223.35,11.219565217391303,8.93,24.91304347826087,-0.004411764705882346,5,44.67,Electronics,0,612.953007518797
U_01363,Free,South,-139,91,0,0,0.0,0.0,7.223333333333334,0.0,18.11111111111111,0.19999999999999987,0,0.0,None,1,0.0
U_01364,Pro,East,657,4,1,7,0.0,194.42,7.324285714285715,6.525,16.928571428571427,0.04195804195804198,2,97.21,Home,0,108.0111111111111
U_01365,Free,North,155,52,0,0,0.0,0.0,6.728888888888889,0.0,15.0,-0.1000000000000002,0,0.0,None,0,0.0
U_01366,Free,North,23,32,0,0,0.0,0.0,0.7099999999999999,0.0,1.75,-2.0083673326242142e-16,0,0.0,None,1,0.0
U_01367,Pro,North,438,105,0,0,0.0,0.0,7.927777777777777,0.0,17.77777777777778,-0.2571428571428573,0,0.0,None,1,0.0
U_01368,Free,West,330,74,0,0,0.0,0.0,3.96,0.0,10.0,-7.850462293418875e-17,0,0.0,None,1,0.0
U_01369,Pro,South,-186,37,0,0,0.0,0.0,3.6100000000000008,0.0,7.333333333333333,1.0276789547548596e-16,0,0.0,None,1,0.0
U_01370,Free,West,812,66,0,0,0.0,115.36999999999999,8.61235294117647,0.0,18.529411764705884,-3.1333467805207114e-18,4,28.842499999999998,Beauty,1,51.859667487684725
U_01371,Free,South,273,2,1,4,0.0,67.89,3.7383333333333337,2.08,8.583333333333334,0.08333333333333333,2,33.945,Fashion,0,90.76868131868132
U_01372,Free,North,681,64,0,0,0.0,41.07,3.605,0.0,6.75,-8.498442808297854e-17,1,41.07,Grocery,0,22.012555066079297
U_01373,Free,North,19,83,0,0,0.0,22.84,7.005,0.0,13.0,0.0999999999999999,1,22.84,Books,0,277.88666666666666
U_01374,Enterprise,North,-150,37,0,0,0.0,63.86,2.8633333333333337,0.0,5.5,0.0999999999999999,1,63.86,Beauty,1,776.9633333333334
U_01375,Enterprise,East,299,0,2,4,49.33,627.62,7.950588235294117,6.855,17.058823529411764,0.09340659340659346,8,78.4525,Books,0,766.1581939799331
U_01376,Pro,East,745,80,0,0,0.0,0.0,4.17,0.0,9.0,-0.08571428571428566,0,0.0,None,1,0.0
U_01377,Pro,East,240,12,0,1,0.0,124.96,4.0216666666666665,1.06,7.0,7.951207131982424e-18,1,124.96,Toys,1,190.04333333333332
U_01378,Free,North,276,25,0,2,0.0,53.599999999999994,7.950666666666666,0.0,18.0,0.042424242424242364,2,26.799999999999997,Electronics,0,70.88405797101449
U_01379,Free,North,88,32,0,0,0.0,0.0,5.508,0.0,12.4,-1.0507920739455759e-16,0,0.0,None,1,0.0
U_01380,Pro,West,307,54,0,0,0.0,57.769999999999996,6.7236363636363645,0.0,15.727272727272727,0.04242424242424243,2,28.884999999999998,Beauty,1,68.6842019543974
U_01381,Free,South,171,20,0,1,0.0,0.0,4.493333333333333,0.0,9.11111111111111,-0.05952380952380944,0,0.0,None,1,0.0
U_01382,Free,North,-31,63,0,0,0.0,0.0,5.968000000000001,0.0,13.6,-0.28571428571428564,0,0.0,None,0,0.0
U_01383,Enterprise,South,296,7,0,6,102.38,976.8999999999999,11.357,6.135,26.4,-0.07857142857142858,8,122.11249999999998,Electronics,0,1204.6233108108106
U_01384,Free,South,415,0,3,10,31.17,187.26,7.914642857142859,8.33,18.107142857142858,0.026470588235294138,5,37.452,Electronics,0,164.69855421686745
U_01385,Free,East,-158,14,0,2,49.49,49.49,6.242,0.0,14.2,1.6054209807821413e-17,1,49.49,Grocery,0,602.1283333333334
U_01386,Free,East,629,32,0,0,0.0,0.0,3.4499999999999997,0.0,7.0,1.0276789547548596e-16,0,0.0,None,1,0.0
U_01387,Pro,East,123,7,0,8,144.36,267.20000000000005,9.1815625,12.445,20.5,0.05147058823529413,5,53.44000000000001,Electronics,0,792.9105691056913
U_01388,Enterprise,South,434,0,2,8,243.84,1339.8300000000002,10.18969696969697,10.022499999999999,22.393939393939394,0.021671826625386994,10,133.983,Fashion,0,1126.8155529953917
U_01389,Pro,West,39,1,3,5,147.6,195.83999999999997,5.356842105263158,4.995,12.578947368421053,0.0142857142857143,3,65.27999999999999,Home,0,1832.8615384615384
U_01390,Pro,South,722,41,0,0,0.0,0.0,0.3,0.0,1.0,0.0,0,0.0,None,1,0.0
U_01391,Pro,North,-197,75,0,0,0.0,197.58999999999997,5.019,0.0,10.9,-0.03571428571428561,3,65.86333333333333,Grocery,1,2404.0116666666663
U_01392,Pro,East,474,21,0,1,0.0,98.54,3.8023076923076924,0.0,8.692307692307692,-0.06666666666666664,1,98.54,Beauty,1,75.87995780590718
U_01393,Pro,South,792,4,1,4,0.0,11.46,6.7509523809523815,4.68,14.0,-0.03846153846153844,1,11.46,Electronics,0,5.281439393939395
U_01394,Free,South,560,32,0,0,0.0,5.85,6.374761904761904,0.0,13.238095238095237,0.05714285714285717,1,5.85,Fashion,1,3.812946428571428
U_01395,Free,East,426,74,0,0,0.0,0.0,8.147333333333332,0.0,17.6,-0.035714285714285594,0,0.0,None,1,0.0
U_01396,Pro,East,838,21,0,1,87.1,353.78999999999996,7.223125,0.0,15.875,-0.036363636363636334,4,88.44749999999999,Books,0,154.09707637231503
U_01397,Pro,West,406,68,0,0,0.0,37.79,2.1966666666666668,0.0,5.666666666666667,1.0276789547548596e-16,1,37.79,Fashion,1,33.9737684729064
U_01398,Free,North,404,52,0,0,0.0,27.36,5.203749999999999,0.0,10.75,0.2857142857142856,1,27.36,Beauty,0,24.71881188118812
U_01399,Free,North,108,62,0,0,0.0,0.0,4.675714285714285,0.0,10.285714285714286,0.08571428571428573,0,0.0,None,0,0.0
U_01400,Free,East,477,28,0,1,0.0,0.0,6.386923076923076,0.0,14.384615384615385,-0.00909090909090901,0,0.0,None,1,0.0
U_01401,Free,West,570,0,2,4,30.44,30.44,7.521578947368421,10.690000000000001,15.947368421052632,0.0065934065934065405,1,30.44,Sports,0,19.49228070175439
U_01402,Free,West,613,106,0,0,0.0,0.0,0.3,0.0,1.0,-7.850462293418875e-17,0,0.0,None,1,0.0
U_01403,Enterprise,East,62,11,0,2,45.47,223.05,4.191666666666666,3.01,7.666666666666667,0.050000000000000114,4,55.7625,Books,0,1313.116935483871
U_01404,Pro,East,-149,4,1,2,0.0,199.73000000000002,2.0628571428571427,1.515,4.0,4.8870404991229254e-17,3,66.57666666666667,Beauty,1,2430.0483333333336
U_01405,Free,North,291,0,3,7,33.19,81.86,9.893199999999998,11.0775,21.04,0.010294117647058848,3,27.286666666666665,Electronics,0,102.6766323024055
U_01406,Pro,East,619,17,0,2,0.0,73.22,3.414545454545454,0.0,7.2727272727272725,0.07142857142857159,1,73.22,Grocery,0,43.17495961227787
U_01407,Pro,North,-2,15,0,6,0.0,303.97,8.433750000000002,0.0,17.5,0.06993006993006992,6,50.66166666666667,Books,0,3698.3016666666667
U_01408,Pro,West,435,0,1,5,242.17000000000002,550.76,9.1496,7.695,19.08,-0.011351909184726514,6,91.79333333333334,Books,0,462.1319540229885
U_01409,Pro,North,626,62,0,0,0.0,63.650000000000006,3.095,0.0,7.5,-0.07142857142857137,2,31.825000000000003,Fashion,1,37.11222044728434
U_01410,Enterprise,North,715,0,1,8,55.62,532.4,5.866666666666666,6.92,12.966666666666667,0.05159958720330238,6,88.73333333333333,Fashion,0,271.7846153846154
U_01411,Pro,North,25,3,1,5,241.16,342.42,5.312857142857142,0.3,11.142857142857142,0.06363636363636363,7,48.917142857142856,Books,0,4166.11
U_01412,Free,West,-11,50,0,0,0.0,0.0,7.783500000000001,0.0,17.15,-0.07272727272727263,0,0.0,None,1,0.0
U_01413,Pro,West,176,61,0,0,0.0,55.69,5.173846153846153,0.0,11.23076923076923,1.9457902606907364e-16,2,27.845,Electronics,1,115.4934659090909
U_01414,Pro,East,352,66,0,0,0.0,0.0,3.5949999999999998,0.0,7.5,0.5000000000000002,0,0.0,None,1,0.0
U_01415,Free,West,253,5,1,2,0.0,39.02,6.732142857142856,8.69,12.928571428571429,0.005494505494505543,1,39.02,Grocery,0,56.29367588932807
U_01416,Free,North,612,87,0,0,0.0,0.0,2.215,0.0,4.0,-7.850462293418875e-17,0,0.0,None,1,0.0
U_01417,Free,East,-175,2,1,7,0.0,33.68,7.7023809523809526,5.155,16.38095238095238,-0.07692307692307696,2,16.84,Books,0,409.77333333333337
U_01418,Pro,West,476,68,0,0,0.0,0.0,3.8216666666666668,0.0,9.0,7.951207131982424e-18,0,0.0,None,1,0.0
U_01419,Free,South,172,31,0,0,0.0,0.0,2.5033333333333334,0.0,5.5,-0.10000000000000012,0,0.0,None,1,0.0
U_01420,Pro,East,-20,74,0,0,0.0,0.0,4.483636363636363,0.0,8.363636363636363,-0.035714285714285664,0,0.0,None,1,0.0
U_01421,Pro,South,-18,0,1,2,0.0,36.03,4.014285714285714,2.82,9.0,4.8870404991229254e-17,1,36.03,Electronics,0,438.365
U_01422,Free,South,354,68,0,0,0.0,47.38,5.875454545454545,0.0,14.0,-0.03571428571428564,1,47.38,Fashion,0,48.85225988700566
U_01423,Pro,East,539,1,1,4,0.0,169.99,8.428387096774193,11.9,18.93548387096774,0.0022556390977443138,2,84.995,Beauty,0,115.11382189239332
U_01424,Free,South,268,38,0,0,7.16,73.67999999999999,6.9535,0.0,14.75,0.0164835164835165,4,18.419999999999998,Electronics,1,100.34776119402984
U_01425,Free,North,719,6,1,7,0.0,214.68,11.483666666666664,11.503333333333332,26.333333333333332,0.007017543859649112,5,42.936,Fashion,0,108.98219749652296
U_01426,Pro,North,-36,99,0,0,0.0,0.0,2.3733333333333335,0.0,5.666666666666667,1.0276789547548596e-16,0,0.0,None,1,0.0
U_01427,Pro,North,474,2,2,8,179.3,604.18,11.744186046511627,13.733333333333334,26.27906976744186,-0.027863777089783208,8,75.5225,Beauty,0,465.2440928270042
U_01428,Free,East,-54,23,0,1,0.0,0.0,2.37,0.0,5.25,-2.0083673326242142e-16,0,0.0,None,1,0.0
U_01429,Pro,East,567,128,0,0,0.0,88.04,1.48,0.0,4.0,0.0,1,88.04,Books,1,56.67477954144621
U_01430,Free,East,452,21,0,2,0.0,11.61,5.736470588235295,0.0,12.882352941176471,-3.1333467805207114e-18,1,11.61,Home,1,9.37533185840708
U_01431,Pro,East,582,16,0,1,0.0,76.41,6.2725,0.0,13.5,6.729156486047637e-17,2,38.205,Beauty,0,47.92036082474227
U_01432,Pro,South,398,83,0,0,0.0,235.2,5.092222222222222,0.0,12.0,0.08571428571428573,2,117.6,Books,1,215.69849246231155
U_01433,Pro,West,654,2,2,9,115.61,146.34,10.572799999999999,9.783333333333333,22.52,0.050549450549450495,2,73.17,Toys,0,81.67293577981651
U_01434,Free,South,850,0,1,8,0.0,29.68,8.681111111111111,12.335,18.666666666666668,0.035714285714285726,2,14.84,Beauty,0,12.74494117647059
U_01435,Enterprise,East,83,2,1,5,112.68,914.0700000000002,7.851052631578948,10.795,16.94736842105263,-0.028571428571428643,7,130.5814285714286,Grocery,0,4019.705421686748
U_01436,Free,East,553,21,0,1,0.0,73.27,7.844285714285715,0.0,19.0,-0.028571428571428543,2,36.635,Toys,0,48.36084990958408
U_01437,Free,North,591,21,0,1,0.0,0.0,2.6837500000000003,0.0,6.25,-0.11428571428571434,0,0.0,None,1,0.0
U_01438,Free,East,531,3,2,2,0.0,59.29,6.555,5.195,13.9375,0.03636363636363635,3,19.763333333333332,Toys,0,40.75489642184557
U_01439,Free,North,341,11,0,2,0.0,81.5,7.158421052631579,6.11,15.368421052631579,0.003571428571428582,2,40.75,Home,0,87.23607038123167
U_01440,Free,West,396,4,1,3,0.0,0.0,4.944166666666667,4.445,10.75,-0.04848484848484841,0,0.0,None,0,0.0
U_01441,Free,West,173,47,0,0,0.0,0.0,1.84,0.0,3.8333333333333335,-0.20000000000000015,0,0.0,None,0,0.0
U_01442,Pro,West,150,36,0,0,0.0,53.79,4.623076923076923,0.0,9.461538461538462,-0.08333333333333327,1,53.79,Beauty,1,130.88899999999998
U_01443,Pro,West,466,16,0,3,0.0,47.83,2.6499999999999995,0.0,5.571428571428571,0.14285714285714274,1,47.83,Toys,1,37.46341201716738
U_01444,Enterprise,West,-138,1,1,3,39.19,224.43,4.70875,4.12,9.0625,8.628709098258557e-18,3,74.81,Beauty,0,2730.565
U_01445,Pro,North,-58,8,0,5,116.6,339.55,7.553684210526316,8.11,16.31578947368421,0.003496503496503532,5,67.91,Electronics,0,4131.191666666667
U_01446,Pro,East,792,31,0,0,0.0,169.51,7.65095238095238,0.0,17.476190476190474,-0.07692307692307691,2,84.755,Fashion,1,78.12013888888889
U_01447,Pro,West,-30,90,0,0,147.32,210.61,3.22625,0.0,6.5,0.05714285714285718,4,52.6525,Toys,1,2562.421666666667
U_01448,Pro,North,-113,58,0,0,0.0,56.01,2.476,0.0,5.2,-1.0507920739455759e-16,1,56.01,Books,1,681.455
U_01449,Free,West,17,83,0,0,0.0,0.0,3.2300000000000004,0.0,7.666666666666667,1.0276789547548596e-16,0,0.0,None,1,0.0
U_01450,Pro,West,703,8,0,1,30.75,30.75,1.7281818181818183,0.3,3.272727272727273,0.016666666666666666,1,30.75,Beauty,1,15.965504978662874
U_01451,Free,West,-34,131,0,0,0.0,0.0,5.895,0.0,15.5,-7.850462293418875e-17,0,0.0,None,1,0.0
U_01452,Pro,South,178,0,1,4,0.0,264.35,9.64086956521739,5.98,21.0,-0.0813186813186814,4,66.0875,Grocery,0,542.0660112359551
U_01453,Enterprise,North,837,25,0,1,135.54,504.92999999999995,6.291052631578947,0.0,13.578947368421053,0.03736263736263734,5,100.98599999999999,Fashion,0,220.19050179211467
U_01454,Free,East,840,5,1,6,0.0,17.93,9.004,6.66,19.866666666666667,0.06191950464396282,1,17.93,Toys,0,7.791011904761905
U_01455,Free,South,-162,5,1,3,0.0,0.0,4.465454545454545,4.843333333333334,9.272727272727273,0.01666666666666676,0,0.0,None,0,0.0
U_01456,Free,East,153,14,0,1,0.0,36.09,7.90529411764706,0.0,17.0,8.739818063861479e-17,1,36.09,Beauty,0,86.09705882352942
U_01457,Free,East,586,1,3,9,0.0,77.96,8.763793103448275,8.375,18.75862068965517,-0.12527472527472544,2,38.98,Beauty,0,48.558703071672355
U_01458,Free,North,744,71,0,0,0.0,0.0,3.54,0.0,5.5,-7.850462293418875e-17,0,0.0,None,1,0.0
U_01459,Free,East,700,34,0,0,0.0,0.0,3.313333333333333,0.0,9.666666666666666,1.0276789547548596e-16,0,0.0,None,1,0.0
U_01460,Pro,North,603,6,1,9,0.0,412.87,9.883199999999999,6.523333333333333,22.8,0.05714285714285714,5,82.574,Electronics,0,249.91301824212272
U_01461,Enterprise,North,25,60,0,0,0.0,339.66,4.2375,0.0,8.75,-0.4000000000000002,2,169.83,Sports,1,4132.530000000001
U_01462,Free,West,483,5,1,6,0.0,133.2,6.74,6.975,15.411764705882353,0.005494505494505535,4,33.3,Grocery,1,100.65838509316768
U_01463,Pro,East,690,36,0,0,0.0,112.62,5.939444444444444,0.0,14.277777777777779,-0.07032967032967039,3,37.54,Home,0,59.574347826086964
U_01464,Free,East,-111,16,0,2,0.0,125.37,8.3345,0.0,17.6,0.008791208791208725,4,31.3425,Grocery,1,1525.335
U_01465,Free,East,9,0,2,2,0.0,49.370000000000005,6.152857142857143,1.83,13.0,0.14285714285714274,2,24.685000000000002,Electronics,1,600.6683333333334
U_01466,Free,South,674,68,0,0,0.0,0.0,3.3575,0.0,7.25,-2.0083673326242142e-16,0,0.0,None,1,0.0
U_01467,Free,North,-97,60,0,0,0.0,0.0,6.6288888888888895,0.0,16.0,5.664759402336449e-18,0,0.0,None,1,0.0
U_01468,Free,North,204,58,0,0,0.0,0.0,3.678,0.0,6.8,-1.0507920739455759e-16,0,0.0,None,1,0.0
U_01469,Pro,South,20,43,0,0,0.0,339.71000000000004,5.9455,0.0,12.7,0.04195804195804203,6,56.61833333333334,Toys,1,4133.138333333334
U_01470,Free,East,140,6,1,3,0.0,105.84,6.700526315789472,9.82,14.368421052631579,0.06593406593406591,2,52.92,Sports,1,275.94
U_01471,Free,West,-100,21,0,2,0.0,0.0,4.007333333333333,0.0,8.533333333333333,0.02727272727272731,0,0.0,None,1,0.0
U_01472,Free,North,12,73,0,0,0.0,0.0,2.1266666666666665,0.0,5.333333333333333,-0.10000000000000012,0,0.0,None,1,0.0
U_01473,Free,South,-42,46,0,0,0.0,81.95,7.58076923076923,0.0,17.46153846153846,0.016666666666666677,1,81.95,Fashion,1,997.0583333333334
U_01474,Pro,East,642,6,1,3,0.0,208.10999999999999,5.796799999999999,2.67,13.44,0.01225490196078433,3,69.36999999999999,Toys,0,118.3179906542056
U_01475,Pro,South,114,61,0,0,0.0,236.79,7.646111111111111,0.0,16.61111111111111,0.020979020979020945,3,78.92999999999999,Toys,1,758.1434210526315
U_01476,Pro,West,287,7,0,1,0.0,81.95,3.0609999999999995,0.09,6.2,1.6054209807821413e-17,1,81.95,Beauty,1,104.22212543554008
U_01477,Enterprise,West,62,42,0,0,0.0,202.31,1.225,0.0,2.75,-2.0083673326242142e-16,1,202.31,Grocery,1,1191.0185483870969
U_01478,Free,East,385,3,1,7,0.0,42.61,9.852962962962964,7.44,21.11111111111111,0.036119711042311646,2,21.305,Beauty,0,40.396493506493506
U_01479,Free,South,-88,15,0,1,0.0,7.03,10.739,0.0,22.25,-0.06593406593406588,1,7.03,Grocery,1,85.53166666666667
U_01480,Free,North,261,3,2,4,0.0,19.27,8.366666666666667,8.93,17.958333333333332,-0.0060150375939849975,1,19.27,Grocery,0,26.948467432950192
U_01481,Pro,South,571,40,0,0,0.0,62.6,3.942222222222222,0.0,7.0,-0.011904761904761871,1,62.6,Home,1,40.01576182136603
U_01482,Free,South,603,0,1,1,10.26,10.26,5.083333333333332,5.24,11.466666666666667,-0.016666666666666715,1,10.26,Electronics,0,6.21044776119403
U_01483,Enterprise,West,704,0,4,11,0.0,271.56,7.716451612903224,7.492857142857142,15.64516129032258,0.10294117647058826,2,135.78,Books,0,140.79460227272727
U_01484,Pro,South,327,30,0,0,0.0,118.22,4.984999999999999,0.0,10.6,0.07142857142857147,1,118.22,Grocery,1,131.95810397553515
U_01485,Free,North,790,45,0,0,0.0,67.91,3.216,0.0,7.2,0.023809523809523878,2,33.955,Beauty,1,31.376139240506326
U_01486,Free,South,355,1,1,4,0.0,0.0,11.91607142857143,15.395,26.107142857142858,0.01203007518796989,0,0.0,None,0,0.0
U_01487,Free,East,699,6,1,3,7.41,50.14,7.153888888888888,7.25,16.5,-0.07692307692307684,3,16.713333333333335,Home,0,26.181831187410587
U_01488,Free,South,329,56,0,0,0.0,0.0,1.6866666666666665,0.0,3.0,1.0276789547548596e-16,0,0.0,None,1,0.0
U_01489,Free,North,321,28,0,1,0.0,0.0,1.3666666666666665,0.0,2.6666666666666665,1.0276789547548596e-16,0,0.0,None,1,0.0
U_01490,Free,West,277,1,3,3,0.0,0.0,4.01,5.156666666666666,7.866666666666666,0.18333333333333332,0,0.0,None,0,0.0
U_01491,Free,South,-67,15,0,5,0.0,10.4,6.258,0.0,14.3,5.84420902611345e-17,1,10.4,Sports,1,126.53333333333333
U_01492,Free,West,845,7,0,4,0.0,62.93,10.316896551724136,8.325,23.344827586206897,-0.002450980392156819,2,31.465,Books,0,27.182781065088754
U_01493,Enterprise,West,-44,1,1,4,211.75,724.08,7.05,6.52,15.185185185185185,-0.054411764705882264,10,72.408,Electronics,0,7040.131324358977
U_01494,Free,East,354,91,0,0,0.0,31.76,2.6100000000000003,0.0,5.333333333333333,0.19999999999999996,1,31.76,Electronics,1,32.74689265536723
U_01495,Pro,South,253,3,1,5,0.0,350.9,8.834545454545458,9.020000000000001,19.666666666666668,-0.007017543859649121,5,70.17999999999999,Sports,1,506.2391304347826
U_01496,Pro,North,143,8,0,1,0.0,125.19,3.468,1.72,7.8,-0.1000000000000001,2,62.595,Grocery,1,319.5409090909091
U_01497,Free,East,-44,116,0,0,0.0,24.85,7.57,0.0,20.5,-7.850462293418875e-17,1,24.85,Beauty,1,302.3416666666667
U_01498,Pro,South,453,39,0,0,0.0,186.0,5.326666666666667,0.0,11.666666666666666,1.0276789547548596e-16,2,93.0,Beauty,0,149.86754966887418
U_01499,Pro,South,406,39,0,0,0.0,392.61,6.8945454545454545,0.0,15.454545454545455,0.016666666666666666,5,78.522,Books,0,352.96219211822665
U_01500,Free,East,-172,57,0,0,0.0,0.0,3.3280000000000003,0.0,6.6,-0.1000000000000001,0,0.0,None,1,0.0
U_01501,Free,East,772,57,0,0,0.0,0.0,2.02,0.0,4.5,-7.850462293418875e-17,0,0.0,None,1,0.0
U_01502,Free,East,173,90,0,0,0.0,0.0,6.4725,0.0,16.0,-0.4000000000000003,0,0.0,None,1,0.0
U_01503,Free,North,174,5,1,7,0.0,0.0,7.812222222222221,9.01,17.037037037037038,-0.017543859649122785,0,0.0,None,0,0.0
U_01504,Enterprise,West,822,24,0,1,0.0,571.15,5.555,0.0,11.4,1.6054209807821413e-17,2,285.575,Sports,0,253.61283454987833
U_01505,Free,North,203,9,0,3,0.0,19.83,6.154375,6.29,14.1875,0.03636363636363649,1,19.83,Books,0,35.65492610837438
U_01506,Pro,East,125,77,0,0,0.0,0.0,6.496666666666667,0.0,15.0,0.9999999999999998,0,0.0,None,1,0.0
U_01507,Pro,East,-140,54,0,0,0.0,191.14000000000001,5.863333333333333,0.0,12.833333333333334,0.048484848484848506,2,95.57000000000001,Home,1,2325.536666666667
U_01508,Pro,North,500,10,0,1,0.0,98.28,7.0377777777777775,2.92,15.222222222222221,-0.05952380952380944,2,49.14,Grocery,1,71.7444
U_01509,Free,West,-194,32,0,0,0.0,0.0,7.064615384615384,0.0,16.0,-0.05952380952380943,0,0.0,None,1,0.0
U_01510,Free,East,308,105,0,0,0.0,9.95,2.6783333333333332,0.0,5.666666666666667,0.19999999999999996,1,9.95,Beauty,1,11.791396103896103
U_01511,Pro,West,336,32,0,0,0.0,103.19,4.2727272727272725,0.0,9.909090909090908,4.3903977023783285e-17,1,103.19,Beauty,1,112.09627976190475
U_01512,Enterprise,South,-104,1,1,3,255.26000000000002,893.65,8.327222222222224,8.136666666666667,18.833333333333332,0.04395604395604394,9,99.29444444444444,Home,0,7040.131324358977
U_01513,Pro,North,816,0,2,6,0.0,451.71,7.672499999999999,7.523333333333333,17.25,0.03676470588235296,5,90.342,Beauty,0,202.0516544117647
U_01514,Enterprise,West,87,0,3,9,56.37,383.77,11.264333333333333,11.446000000000002,26.133333333333333,0.13823529411764707,4,95.9425,Home,0,1610.0695402298852
U_01515,Free,North,186,1,3,10,0.0,124.69,11.308571428571428,11.0,24.714285714285715,0.10588235294117644,2,62.345,Grocery,0,244.68736559139785
U_01516,Free,East,492,84,0,0,0.0,0.0,1.358,0.0,2.8,0.09999999999999981,0,0.0,None,1,0.0
U_01517,Free,West,-66,17,0,2,0.0,33.59,3.5,0.0,7.6,0.06666666666666664,1,33.59,Home,0,408.6783333333334
U_01518,Free,West,462,2,1,1,57.53,57.53,6.388421052631579,8.55,14.0,2.4578511201093135e-17,1,57.53,Home,0,45.451190476190476
U_01519,Enterprise,South,347,32,0,0,0.0,541.88,5.154999999999999,0.0,12.1875,-0.018181818181818132,5,108.376,Books,0,569.9890489913545
U_01520,Free,North,292,999,0,0,0.0,7.27,0.0,0.0,0.0,0.0,1,7.27,Books,1,9.0875
U_01521,Pro,South,31,5,1,5,36.62,166.96,8.63764705882353,8.59,16.647058823529413,0.06643356643356643,3,55.653333333333336,Grocery,0,1965.8193548387096
U_01522,Free,South,628,21,0,1,0.0,0.0,8.044375,0.0,18.25,0.07272727272727277,0,0.0,None,1,0.0
U_01523,Free,East,389,10,0,1,0.0,39.92,3.032,2.36,6.0,-1.0507920739455759e-16,1,39.92,Sports,0,37.45706940874037
U_01524,Free,West,402,90,0,0,0.0,0.0,1.9475,0.0,4.5,-2.0083673326242142e-16,0,0.0,None,1,0.0
U_01525,Pro,North,262,19,0,2,0.0,110.45,4.381052631578947,0.0,9.263157894736842,-0.04615384615384627,1,110.45,Fashion,0,153.87118320610688
U_01526,Pro,East,-29,6,1,4,24.75,99.77,3.8875,3.9033333333333338,8.375,0.006993006993006998,2,49.885,Books,0,1213.868333333333
U_01527,Enterprise,North,540,2,1,10,389.17,716.03,8.064166666666667,8.312,16.916666666666668,0.03956043956043946,6,119.33833333333332,Fashion,0,483.9832407407407
U_01528,Pro,South,-30,56,0,0,0.0,0.0,4.6121428571428575,0.0,9.928571428571429,-0.04999999999999993,0,0.0,None,0,0.0
U_01529,Pro,South,422,5,2,4,79.65,157.39,7.805909090909093,4.68,16.772727272727273,-0.043956043956044015,4,39.3475,Home,0,136.13116113744076
U_01530,Free,South,316,2,3,11,0.0,53.66,8.65962962962963,8.392000000000001,20.037037037037038,0.037362637362637265,1,53.66,Sports,0,61.98069620253165
U_01531,Pro,North,563,0,1,3,93.5,312.31,8.016190476190477,7.640000000000001,17.666666666666668,-0.00659340659340663,5,62.462,Electronics,0,202.47451154529307
U_01532,Pro,South,313,26,0,1,0.0,226.94,3.291111111111111,0.0,6.444444444444445,0.07142857142857148,3,75.64666666666666,Fashion,1,264.64249201277954
U_01533,Free,East,-187,0,3,8,0.0,147.28,8.749729729729731,8.396666666666667,19.513513513513512,0.007352941176470678,2,73.64,Toys,0,1791.9066666666668
U_01534,Pro,East,155,12,0,1,0.0,60.1,5.566875,7.75,11.875,-0.05494505494505492,1,60.1,Books,0,141.5258064516129
U_01535,Enterprise,West,8,28,0,1,0.0,235.83,7.521052631578947,0.0,17.736842105263158,0.09440559440559443,4,58.9575,Grocery,1,2869.2650000000003
U_01536,Free,North,500,18,0,3,0.0,48.790000000000006,8.895909090909093,0.0,18.818181818181817,-0.09230769230769238,2,24.395000000000003,Books,0,35.6167
U_01537,Free,South,514,5,1,3,16.16,28.78,8.682272727272725,3.82,18.954545454545453,-0.03928571428571424,2,14.39,Electronics,0,20.43715953307393
U_01538,Free,North,534,2,2,5,0.0,28.240000000000002,8.483600000000001,12.530000000000001,18.64,-0.021428571428571415,2,14.120000000000001,Fashion,0,19.302621722846446
U_01539,Pro,East,227,12,0,4,64.24,274.58,6.218,6.28,13.4,0.06666666666666664,3,91.52666666666666,Books,0,441.5052863436123
U_01540,Free,East,176,90,0,0,0.0,0.0,2.9259999999999997,0.0,6.6,-1.0507920739455759e-16,0,0.0,None,1,0.0
U_01541,Enterprise,South,17,3,2,4,78.69,811.45,7.279130434782607,6.0600000000000005,16.26086956521739,-0.05494505494505505,9,90.16111111111111,Fashion,0,7040.131324358977
U_01542,Free,South,810,1,2,5,0.0,44.19,7.94576923076923,9.8475,17.346153846153847,0.014285714285714297,2,22.095,Grocery,0,19.912777777777777
U_01543,Enterprise,East,82,1,1,4,119.16,1040.3899999999999,6.840000000000001,6.3566666666666665,13.761904761904763,-0.024175824175824288,7,148.62714285714284,Grocery,0,4631.004268292682
U_01544,Free,East,-92,17,0,1,0.0,0.0,7.865555555555555,0.0,16.555555555555557,-0.027272727272727244,0,0.0,None,1,0.0
U_01545,Free,North,271,2,3,7,0.0,210.81,11.13483870967742,12.9,24.93548387096774,0.056759545923632616,9,23.423333333333332,Toys,0,283.93228782287827
U_01546,Free,South,800,0,3,8,0.0,29.42,9.287567567567569,9.462,20.7027027027027,-0.015789473684210537,1,29.42,Home,0,13.422875000000001
U_01547,Pro,West,532,6,1,2,11.5,171.32,4.771666666666666,4.265,9.61111111111111,-0.057142857142857204,3,57.10666666666666,Toys,0,117.54097744360901
U_01548,Free,West,846,0,1,2,0.0,67.75,8.788,7.885,18.0,-0.048351648351648444,2,33.875,Fashion,0,29.23020094562648
U_01549,Free,North,650,81,0,0,0.0,39.1,4.622222222222223,0.0,9.222222222222221,-0.05952380952380944,1,39.1,Fashion,0,21.956153846153846
U_01550,Pro,North,-130,10,0,4,163.32,241.47,4.7725,5.85,10.9,-0.07032967032967045,4,60.3675,Beauty,0,2937.8849999999998
U_01551,Free,East,204,36,0,0,0.0,0.0,5.876315789473684,0.0,12.157894736842104,0.1,0,0.0,None,0,0.0
U_01552,Pro,East,151,2,1,4,0.0,324.23,9.184166666666666,7.78,18.625,0.007142857142857152,5,64.846,Sports,0,783.7347682119206
U_01553,Pro,South,11,5,1,1,0.0,135.83,3.299166666666667,0.77,7.0,-0.02424242424242419,3,45.27666666666667,Toys,1,1652.5983333333334
U_01554,Free,East,-117,139,0,0,0.0,0.0,3.01,0.0,7.0,0.0,0,0.0,None,1,0.0
U_01555,Pro,South,200,35,0,0,0.0,71.97,2.895454545454545,0.0,6.181818181818182,0.05000000000000005,1,71.97,Toys,0,131.34525
U_01556,Pro,East,195,27,0,1,23.99,636.51,8.339,0.0,20.05,-0.04895104895104894,8,79.56375,Beauty,0,1191.4161538461537
U_01557,Free,South,184,43,0,0,0.0,34.73,3.2454545454545456,0.0,7.2727272727272725,0.02857142857142854,1,34.73,Beauty,1,68.89375
U_01558,Free,West,110,39,0,0,0.0,0.0,8.092142857142857,0.0,16.785714285714285,-0.018181818181818167,0,0.0,None,1,0.0
U_01559,Free,West,217,33,0,0,0.0,0.0,5.364000000000001,0.0,13.4,-1.0507920739455759e-16,0,0.0,None,0,0.0
U_01560,Free,North,127,3,1,4,0.0,0.0,6.171333333333333,3.9349999999999996,12.333333333333334,-0.06363636363636352,0,0.0,None,0,0.0
U_01561,Enterprise,East,626,138,0,0,114.12,295.59000000000003,6.02,0.0,15.5,-7.850462293418875e-17,2,147.79500000000002,Electronics,1,172.34880191693293
U_01562,Pro,South,141,0,3,7,0.0,171.17,10.591034482758623,11.62,24.275862068965516,0.0535714285714286,2,85.585,Books,0,443.09964539007086
U_01563,Pro,South,364,10,0,2,131.04,269.62,7.6000000000000005,5.05,16.5,-0.036363636363636334,3,89.87333333333333,Beauty,0,270.3607142857143
U_01564,Free,South,39,8,0,3,0.0,91.92,5.32,5.2,10.416666666666666,-0.11666666666666665,4,22.98,Electronics,0,860.276923076923
U_01565,Free,East,744,0,2,4,0.0,0.0,9.161304347826087,8.16,20.304347826086957,0.03676470588235297,0,0.0,None,0,0.0
U_01566,Pro,East,659,9,0,3,0.0,290.16,8.5825,6.165,18.75,0.09090909090909094,4,72.54,Toys,0,160.71077389984828
U_01567,Pro,North,813,1,1,7,0.0,285.52,9.55722222222222,9.27,20.61111111111111,-0.03431372549019605,6,47.586666666666666,Fashion,0,128.18548585485854
U_01568,Free,West,27,30,0,0,7.55,7.55,6.877272727272728,0.0,14.454545454545455,-0.016666666666666562,1,7.55,Beauty,0,91.85833333333332
U_01569,Pro,South,-122,5,1,2,0.0,0.0,5.669,4.95,13.0,-0.04761904761904756,0,0.0,None,0,0.0
U_01570,Pro,West,154,58,0,0,0.0,169.3,3.881111111111111,0.0,7.666666666666667,0.21428571428571425,2,84.65,Books,0,401.2629870129871
U_01571,Free,East,459,6,1,2,0.0,12.94,6.141666666666668,3.51,12.916666666666666,8.666364446519658e-17,1,12.94,Toys,0,10.289978213507625
U_01572,Free,East,-24,0,2,5,0.0,44.63,6.313,5.555,13.65,0.043956043956043966,2,22.315,Grocery,0,542.9983333333333
U_01573,Free,West,14,1,2,5,0.0,41.96,8.334516129032258,11.103333333333333,18.322580645161292,-0.0010319917440660131,1,41.96,Toys,0,510.5133333333334
U_01574,Free,South,253,29,0,1,0.0,14.29,6.25153846153846,0.0,14.0,0.06666666666666668,1,14.29,Sports,0,20.61600790513834
U_01575,Pro,North,577,7,0,5,0.0,0.0,8.224545454545456,6.94,18.863636363636363,-0.08791208791208788,0,0.0,None,0,0.0
U_01576,Free,East,531,2,2,9,0.0,19.18,8.416451612903225,6.3566666666666665,19.0,0.02794117647058824,1,19.18,Electronics,0,13.183992467043314
U_01577,Free,East,403,46,0,0,0.0,0.0,10.021764705882353,0.0,23.235294117647058,-0.016483516483516442,0,0.0,None,1,0.0
U_01578,Enterprise,South,513,12,0,7,0.0,558.46,9.463448275862069,10.265,20.93103448275862,0.06862745098039216,4,139.615,Fashion,0,397.34483430799224
U_01579,Free,North,393,38,0,0,0.0,27.8,5.945,0.0,14.25,0.16666666666666666,1,27.8,Fashion,1,25.819338422391862
U_01580,Free,South,168,66,0,0,0.0,31.52,5.13125,0.0,9.75,0.07142857142857151,1,31.52,Sports,1,68.48095238095239
U_01581,Free,North,-143,9,0,4,0.0,25.75,8.01842105263158,9.059999999999999,17.263157894736842,0.03636363636363635,2,12.875,Books,0,313.29166666666663
U_01582,Pro,West,794,9,0,3,0.0,228.26999999999998,10.954166666666666,11.91,24.041666666666668,3.769081523888165e-17,4,57.067499999999995,Home,0,104.93520151133501
U_01583,Pro,South,248,3,1,3,0.0,0.0,3.5787500000000003,2.3233333333333337,8.375,0.07142857142857151,0,0.0,None,1,0.0
U_01584,Free,East,811,0,1,9,64.82,138.12,7.9434375,12.0,18.78125,0.010319917440660461,4,34.53,Fashion,0,62.16251541307028
U_01585,Pro,South,726,2,2,6,0.0,30.26,7.862,11.013333333333334,16.6,0.07472527472527474,1,30.26,Fashion,0,15.2133608815427
U_01586,Free,North,-11,6,1,4,0.0,87.0,5.893333333333333,5.33,12.904761904761905,0.0637362637362637,2,43.5,Fashion,0,1058.5
U_01587,Enterprise,West,239,0,2,5,176.22,1014.8199999999999,9.72,11.356666666666667,22.48148148148148,-0.005159958720330252,10,101.482,Grocery,0,1549.8297071129705
U_01588,Pro,East,-127,72,0,0,0.0,47.09,1.7899999999999998,0.0,4.0,-2.0083673326242142e-16,1,47.09,Electronics,1,572.9283333333334
U_01589,Enterprise,South,377,19,0,2,171.81,336.1,7.709444444444443,0.0,16.166666666666668,-0.034965034965034926,4,84.025,Grocery,0,325.40185676392576
U_01590,Pro,South,837,83,0,0,0.0,0.0,1.593333333333333,0.0,4.0,1.0276789547548596e-16,0,0.0,None,1,0.0
U_01591,Enterprise,East,440,23,0,1,0.0,632.65,10.593684210526316,0.0,23.157894736842106,-0.05944055944055938,5,126.53,Fashion,0,524.8119318181817
U_01592,Free,East,221,2,2,5,0.0,18.41,9.130526315789474,8.546666666666667,19.263157894736842,-0.0454545454545454,1,18.41,Electronics,0,30.405656108597285
U_01593,Pro,South,-147,1,2,7,46.4,221.02,6.800714285714285,7.28,14.464285714285714,0.018575851393188875,4,55.255,Grocery,0,2689.076666666667
U_01594,Pro,South,-193,1,1,2,0.0,86.51,5.503333333333334,1.84,10.916666666666666,-0.04848484848484841,2,43.255,Books,1,1052.5383333333334
U_01595,Free,South,346,31,0,0,0.0,36.69,3.9650000000000003,0.0,7.75,-2.0083673326242142e-16,1,36.69,Toys,1,38.70476878612717
U_01596,Enterprise,North,413,34,0,0,13.71,341.31,4.440769230769231,0.0,9.76923076923077,0.016666666666666847,4,85.3275,Grocery,0,301.64200968523
U_01597,Free,North,744,9,0,6,45.65,57.69,8.7365625,12.15,18.5,0.01052631578947365,2,28.845,Books,0,28.30221774193548
U_01598,Pro,North,165,999,0,0,0.0,0.0,0.0,0.0,0.0,0.0,0,0.0,None,1,0.0
U_01599,Free,East,626,1,1,6,0.0,97.22999999999999,10.581666666666667,7.913333333333333,23.933333333333334,-0.04747162022703813,2,48.614999999999995,Beauty,0,56.69161341853035
U_01600,Free,East,691,9,0,7,63.17,207.66000000000003,9.921724137931035,11.96,21.310344827586206,0.030882352941176482,5,41.532000000000004,Books,0,109.69015918958033
U_01601,Free,West,836,74,0,0,0.0,0.0,3.7883333333333336,0.0,8.166666666666666,-0.20000000000000015,0,0.0,None,1,0.0
U_01602,Free,North,847,0,1,7,6.84,68.97,9.718928571428572,13.306666666666667,21.428571428571427,0.021052631578947354,4,17.2425,Sports,0,29.72142857142857
U_01603,Free,West,124,38,0,0,0.0,12.19,1.6671428571428575,0.0,4.142857142857143,-0.2000000000000001,1,12.19,Electronics,1,35.88185483870967
U_01604,Free,North,723,9,0,6,0.0,51.06,9.041666666666666,11.44,20.4,0.009803921568627534,1,51.06,Grocery,0,25.777178423236517
U_01605,Pro,South,-178,0,3,10,209.37,536.64,9.715937499999999,10.014,21.46875,0.02941176470588239,9,59.626666666666665,Grocery,0,6529.119999999999
U_01606,Free,East,759,15,0,1,0.0,35.32,3.407142857142857,0.0,8.285714285714286,4.8870404991229254e-17,2,17.66,Fashion,1,16.98524374176548
U_01607,Free,East,-74,5,1,2,50.65,50.65,4.899285714285715,11.85,10.071428571428571,5.999285836750307e-17,1,50.65,Grocery,0,616.2416666666667
U_01608,Free,East,715,5,1,1,0.0,9.99,3.796666666666667,3.09,7.166666666666667,7.951207131982424e-18,1,9.99,Fashion,0,5.09979020979021
U_01609,Pro,South,834,14,0,2,125.03999999999999,231.52,4.687000000000001,0.0,10.0,-0.03333333333333329,5,46.304,Home,0,101.32470023980815
U_01610,Free,North,86,57,0,0,0.0,0.0,1.175,0.0,3.0,-2.0083673326242142e-16,0,0.0,None,1,0.0
U_01611,Free,West,594,76,0,0,0.0,0.0,1.5750000000000002,0.0,3.0,-7.850462293418875e-17,0,0.0,None,0,0.0
U_01612,Pro,East,71,23,0,1,43.15,43.15,3.997,0.0,9.6,-0.1071428571428571,2,21.575,Beauty,0,221.82746478873239
U_01613,Free,North,653,1,2,5,0.0,9.78,4.9887500000000005,3.4033333333333338,10.875,0.06043956043956049,1,9.78,Beauty,0,5.4666156202143945
U_01614,Free,East,799,3,2,7,0.0,146.36,11.398235294117645,12.046666666666667,26.235294117647058,0.04962406015037594,3,48.78666666666667,Fashion,0,66.86032540675845
U_01615,Free,South,27,0,2,3,0.0,0.0,4.72111111111111,2.245,9.11111111111111,0.09090909090909094,0,0.0,None,0,0.0
U_01616,Free,North,92,35,0,0,0.0,14.1,6.628461538461538,0.0,14.076923076923077,0.03333333333333342,1,14.1,Electronics,1,55.94021739130435
U_01617,Free,South,-59,15,0,4,0.0,0.0,7.763749999999999,0.0,17.75,-0.021428571428571363,0,0.0,None,1,0.0
U_01618,Pro,East,75,63,0,0,0.0,30.41,3.1627272727272726,0.0,6.636363636363637,-0.011904761904761753,1,30.41,Grocery,1,147.99533333333332
U_01619,Free,East,763,59,0,0,0.0,23.15,5.88,0.0,13.1,-0.02380952380952377,1,23.15,Grocery,1,11.07437745740498
U_01620,Free,East,182,2,1,3,31.63,119.69999999999999,9.494090909090911,9.8,21.0,-0.03676470588235292,3,39.9,Toys,0,240.05769230769226
U_01621,Pro,East,96,12,0,4,0.0,73.17999999999999,8.629545454545456,10.57,18.454545454545453,-7.489171679793577e-17,3,24.39333333333333,Beauty,0,278.2364583333333
U_01622,Enterprise,North,362,1,3,6,123.82,834.1300000000001,7.153333333333332,6.816666666666667,15.814814814814815,0.0608875128998968,10,83.41300000000001,Fashion,0,841.0426795580112
U_01623,Free,West,-141,9,0,2,0.0,10.84,7.586153846153847,3.04,16.846153846153847,0.030303030303030346,1,10.84,Fashion,0,131.88666666666666
U_01624,Enterprise,South,582,8,0,6,115.34,577.4300000000001,9.811764705882355,8.96,21.705882352941178,0.016511867905056793,6,96.23833333333334,Beauty,0,362.1339347079038
U_01625,Free,East,-175,9,0,2,0.0,0.0,5.528888888888889,7.57,13.666666666666666,-0.10714285714285726,0,0.0,None,0,0.0
U_01626,Pro,North,88,82,0,0,0.0,71.91,6.243333333333333,0.0,13.777777777777779,0.011904761904761946,1,71.91,Grocery,0,298.2630681818182
U_01627,Pro,North,840,43,0,0,0.0,0.0,2.1214285714285714,0.0,4.142857142857143,-0.14285714285714293,0,0.0,None,1,0.0
U_01628,Free,North,837,67,0,0,0.0,10.69,2.7640000000000002,0.0,4.8,-1.0507920739455759e-16,1,10.69,Home,1,4.661708482676224
U_01629,Free,East,159,0,1,7,11.56,122.19999999999999,11.443437500000002,12.786666666666667,24.90625,0.005263157894736812,5,24.439999999999998,Sports,0,280.52201257861634
U_01630,Free,North,-19,13,0,2,0.0,0.0,5.68,2.32,12.166666666666666,-0.03636363636363631,0,0.0,None,1,0.0
U_01631,Free,West,768,16,0,2,0.0,0.0,7.940000000000001,0.0,16.764705882352942,0.0545454545454546,0,0.0,None,1,0.0
U_01632,Free,North,521,21,0,1,0.0,30.65,2.71,0.0,6.454545454545454,0.03571428571428578,1,30.65,Grocery,0,21.47264875239923
U_01633,Enterprise,East,75,9,0,2,0.0,414.37999999999994,11.52357142857143,15.66,25.642857142857142,-0.04705882352941173,5,82.87599999999999,Beauty,0,2016.649333333333
U_01634,Enterprise,South,676,7,0,2,0.0,960.9200000000001,4.032,4.35,7.8,-1.0507920739455759e-16,6,160.15333333333334,Books,0,518.8399408284024
U_01635,Free,South,-65,1,2,6,0.0,170.75,7.9435294117647075,5.4775,17.352941176470587,-0.009090909090909101,5,34.15,Electronics,0,2077.458333333333
U_01636,Free,South,334,1,1,3,0.0,12.73,5.3815384615384625,4.6850000000000005,10.307692307692308,0.009090909090909113,1,12.73,Grocery,0,13.911526946107786
U_01637,Pro,North,789,2,1,6,117.66999999999999,183.84,6.870625,5.036666666666667,14.875,0.02097902097902101,4,45.96,Electronics,0,85.04638783269962
U_01638,Free,North,461,3,2,5,0.0,37.94,10.7659375,8.715,23.65625,0.02063983488132097,2,18.97,Electronics,0,30.039262472885028
U_01639,Free,South,240,88,0,0,0.0,23.94,8.2225,0.0,17.5,0.29999999999999993,1,23.94,Electronics,1,36.408750000000005
U_01640,Free,South,385,64,0,0,0.0,0.0,5.373846153846154,0.0,11.0,2.1781084578540364e-17,0,0.0,None,0,0.0
U_01641,Pro,West,131,3,1,4,0.0,0.0,5.643529411764706,4.279999999999999,11.941176470588236,-0.004411764705882328,0,0.0,None,0,0.0
U_01642,Free,South,698,57,0,0,0.0,7.86,5.566428571428572,0.0,12.785714285714286,0.05454545454545454,1,7.86,Grocery,1,4.110171919770774
U_01643,Free,East,3,11,0,7,0.0,94.42,11.486333333333333,15.37,27.3,0.010319917440660471,3,31.473333333333333,Sports,0,1148.7766666666666
U_01644,Pro,South,465,46,0,0,0.0,0.0,0.85,0.0,2.0,1.0276789547548596e-16,0,0.0,None,1,0.0
U_01645,Free,North,165,3,1,3,0.0,0.0,3.5825000000000005,0.53,7.9375,0.01398601398601396,0,0.0,None,0,0.0
U_01646,Free,South,181,9,0,2,0.0,0.0,2.7885714285714287,7.22,6.0,4.8870404991229254e-17,0,0.0,None,0,0.0
U_01647,Free,East,407,41,0,0,0.0,88.47,8.46421052631579,0.0,18.157894736842106,-0.021978021978021945,2,44.235,Beauty,1,79.3404176904177
U_01648,Pro,South,441,2,3,7,0.0,109.09,6.721666666666668,5.0928571428571425,14.75,0.14835164835164835,2,54.545,Home,0,90.28990929705216
U_01649,Free,South,14,1,2,7,0.0,17.94,9.367142857142856,9.293333333333335,20.642857142857142,-0.009803921568627406,1,17.94,Fashion,0,218.27000000000004
U_01650,Pro,West,-155,6,1,6,0.0,205.08999999999997,9.416206896551724,11.469999999999999,21.0,-0.006766917293233101,3,68.36333333333333,Fashion,0,2495.2616666666663
U_01651,Free,West,16,4,1,4,0.0,33.14,6.452000000000001,9.27,12.75,0.04835164835164834,1,33.14,Beauty,0,403.2033333333333
U_01652,Pro,North,248,54,0,0,0.0,78.01,6.493333333333333,0.0,13.88888888888889,0.011904761904761946,1,78.01,Grocery,1,114.81310483870968
U_01653,Enterprise,North,541,2,1,1,366.82,816.21,7.507222222222222,4.94,16.38888888888889,-0.00909090909090907,8,102.02625,Fashion,0,550.6777264325324
U_01654,Free,East,788,70,0,0,0.0,0.0,5.681,0.0,11.6,0.016666666666666694,0,0.0,None,0,0.0
U_01655,Free,South,-186,29,0,1,0.0,100.28,10.0036,0.0,20.2,0.06373626373626366,2,50.14,Home,1,1220.0733333333333
U_01656,Free,South,103,10,0,7,0.0,8.61,8.5608,8.656666666666666,17.76,-0.007142857142857061,1,8.61,Beauty,0,30.51116504854369
U_01657,Enterprise,South,-30,1,2,8,224.66,883.6600000000001,6.528421052631579,8.576,14.157894736842104,0.09440559440559441,6,147.27666666666667,Beauty,0,7040.131324358977
U_01658,Free,West,499,52,0,0,0.0,0.0,4.226363636363636,0.0,8.272727272727273,0.03571428571428578,0,0.0,None,1,0.0
U_01659,Free,South,207,2,2,3,0.0,0.0,4.088461538461538,3.3249999999999997,8.461538461538462,0.02727272727272728,0,0.0,None,0,0.0
U_01660,Free,North,-189,1,1,10,0.0,132.84,8.44,10.49,17.677419354838708,0.022058823529411804,3,44.28,Toys,0,1616.22
U_01661,Pro,East,-34,2,1,6,162.88,552.73,8.893043478260871,8.37,19.391304347826086,0.021671826625387,7,78.96142857142857,Beauty,0,6724.881666666666
U_01662,Free,South,212,86,0,0,0.0,0.0,2.622,0.0,6.4,-1.0507920739455759e-16,0,0.0,None,1,0.0
U_01663,Free,West,524,18,0,1,0.0,0.0,0.6883333333333334,0.0,1.6666666666666667,7.951207131982424e-18,0,0.0,None,1,0.0
U_01664,Pro,East,396,23,0,1,0.0,0.0,0.55,0.0,1.25,-2.0083673326242142e-16,0,0.0,None,1,0.0
U_01665,Pro,West,-94,1,1,5,136.68,482.13,11.59851851851852,9.236666666666666,26.814814814814813,-0.02786377708978323,6,80.355,Beauty,0,5865.915000000001
U_01666,Pro,South,451,5,1,5,0.0,156.44,4.533571428571428,4.1033333333333335,9.714285714285714,0.06363636363636363,3,52.14666666666667,Home,0,126.60886917960089
U_01667,Free,East,122,62,0,0,33.85,70.44,8.079375,0.0,19.125,-0.018181818181818188,2,35.22,Electronics,1,210.74262295081965
U_01668,Pro,West,211,10,0,4,0.0,333.85,8.935217391304347,8.92,20.304347826086957,0.03296703296703301,3,111.28333333333335,Electronics,0,577.5130331753555
U_01669,Free,West,-103,54,0,0,0.0,0.0,5.387894736842106,0.0,11.263157894736842,0.03846153846153848,0,0.0,None,1,0.0
U_01670,Pro,West,-8,2,1,2,220.89,272.84,7.043529411764705,9.165,17.235294117647058,-0.04395604395604394,3,90.94666666666666,Books,0,3319.553333333333
U_01671,Pro,North,550,40,0,0,0.0,48.089999999999996,6.778000000000001,0.0,13.466666666666667,-0.07878787878787884,2,24.044999999999998,Beauty,1,31.914272727272724
U_01672,Free,East,851,85,0,0,0.0,20.75,4.233333333333333,0.0,9.333333333333334,7.951207131982424e-18,1,20.75,Toys,1,8.89982373678026
U_01673,Free,East,572,94,0,0,0.0,0.0,2.392,0.0,5.6,1.0000000000000004,0,0.0,None,1,0.0
U_01674,Free,South,402,25,0,1,0.0,20.34,3.061666666666667,0.0,7.5,7.951207131982424e-18,1,20.34,Electronics,1,18.467910447761195
U_01675,Free,West,227,0,3,8,0.0,116.19999999999999,7.6559375,8.43,17.28125,0.07430340557275544,3,38.73333333333333,Toys,0,186.84140969162993
U_01676,Pro,East,-17,20,0,4,0.0,500.86,5.0718749999999995,0.0,10.5625,-0.05454545454545453,4,125.215,Beauty,0,6093.796666666667
U_01677,Free,South,-94,109,0,0,0.0,13.13,1.903333333333333,0.0,3.6666666666666665,1.0276789547548596e-16,1,13.13,Grocery,1,159.74833333333333
U_01678,Pro,South,807,6,1,3,0.0,104.21000000000001,3.988235294117647,1.51,8.470588235294118,-0.06373626373626382,3,34.73666666666667,Fashion,0,47.133395291201985
U_01679,Pro,West,-36,0,1,2,0.0,0.0,3.430833333333334,3.45,7.333333333333333,-0.10000000000000002,0,0.0,None,0,0.0
U_01680,Pro,East,-13,28,0,1,0.0,74.74,3.0220000000000002,0.0,4.6,0.29999999999999977,1,74.74,Toys,1,909.3366666666665
U_01681,Enterprise,East,-72,999,0,0,0.0,0.0,0.0,0.0,0.0,0.0,0,0.0,None,1,0.0
U_01682,Enterprise,West,243,9,0,4,107.85,390.53999999999996,7.31157894736842,3.5949999999999998,17.31578947368421,0.01978021978021972,5,78.10799999999999,Books,0,586.6135802469136
U_01683,Free,East,561,102,0,0,0.0,82.23,7.922857142857142,0.0,17.714285714285715,-0.14285714285714293,2,41.115,Books,1,53.50080213903743
U_01684,Free,North,-55,44,0,0,25.3,48.370000000000005,9.047647058823529,0.0,20.058823529411764,0.2,2,24.185000000000002,Fashion,0,588.5016666666667
U_01685,Free,North,-8,36,0,0,0.0,78.47,5.710000000000001,0.0,12.0,0.0034965034965035334,1,78.47,Grocery,1,954.7183333333334
U_01686,Free,East,123,53,0,0,0.0,0.0,4.820909090909091,0.0,9.090909090909092,-0.05454545454545458,0,0.0,None,1,0.0
U_01687,Pro,West,-122,0,1,2,97.44,318.45,7.5216666666666665,4.73,16.233333333333334,-0.08823529411764705,4,79.6125,Sports,0,3874.475
U_01688,Pro,North,483,70,0,0,0.0,65.84,2.263333333333333,0.0,5.333333333333333,1.0276789547548596e-16,1,65.84,Grocery,1,49.75486542443065
U_01689,Free,South,762,17,0,3,43.04,154.95,8.442777777777776,0.0,20.166666666666668,-0.020979020979020945,4,38.7375,Beauty,1,74.22145669291338
U_01690,Free,South,262,141,0,0,0.0,0.0,0.3,0.0,1.0,0.0,0,0.0,None,1,0.0
U_01691,Free,South,2,2,1,7,0.0,35.43,8.873,8.96,19.85,0.028571428571428602,1,35.43,Beauty,0,431.065
U_01692,Free,East,639,5,1,3,0.0,45.64,6.081999999999999,6.595000000000001,13.466666666666667,0.006593406593406563,2,22.82,Grocery,0,26.069796557120505
U_01693,Pro,South,53,20,0,3,96.22,133.0,4.686428571428571,0.0,10.428571428571429,-0.06993006993006988,2,66.5,Fashion,0,915.9433962264152
U_01694,Free,South,-141,96,0,0,0.0,130.46,7.7555555555555555,0.0,18.333333333333332,-0.07142857142857131,3,43.48666666666667,Fashion,1,1587.2633333333335
U_01695,Free,North,603,15,0,2,0.0,19.4,8.097333333333335,0.0,17.266666666666666,-0.052447552447552434,1,19.4,Electronics,0,11.742951907131012
U_01696,Pro,West,206,4,1,4,121.98,388.22,7.336190476190477,8.01,15.714285714285714,-0.001470588235294088,5,77.644,Toys,0,687.8655339805825
U_01697,Free,South,130,5,1,3,0.0,40.62,7.371111111111111,7.984999999999999,15.38888888888889,-0.03846153846153835,3,13.54,Fashion,0,114.04846153846154
U_01698,Free,North,356,89,0,0,0.0,0.0,2.88,0.0,7.5,-7.850462293418875e-17,0,0.0,None,1,0.0
U_01699,Free,South,632,72,0,0,0.0,17.41,6.513333333333332,0.0,12.0,-0.035714285714285705,1,17.41,Electronics,1,10.054825949367089
U_01700,Free,North,581,2,1,1,65.75,65.75,6.335555555555555,3.3,13.777777777777779,6.633138920230202e-17,1,65.75,Electronics,0,41.30593803786575
U_01701,Enterprise,North,52,43,0,0,0.0,272.94,6.2,0.0,12.75,0.10000000000000002,3,90.98,Home,0,1915.8288461538461
U_01702,Enterprise,North,9,17,0,1,35.67,323.72,3.9294736842105262,0.0,8.473684210526315,0.01648351648351656,3,107.90666666666668,Home,0,3938.593333333334
U_01703,Free,East,362,14,0,1,0.0,27.88,7.808888888888889,0.0,18.22222222222222,0.07142857142857148,1,27.88,Books,1,28.111049723756903
U_01704,Enterprise,North,759,20,0,1,0.0,499.65000000000003,6.309166666666667,0.0,13.333333333333334,-0.02424242424242422,3,166.55,Electronics,0,240.27964426877475
U_01705,Free,West,-7,100,0,0,0.0,0.0,2.2066666666666666,0.0,6.0,-1.0,0,0.0,None,0,0.0
U_01706,Free,West,29,3,2,8,0.0,26.05,10.674285714285714,9.263333333333334,23.457142857142856,0.019298245614035058,1,26.05,Sports,0,316.9416666666667
U_01707,Pro,North,604,0,3,11,90.61,413.08000000000004,10.11361111111111,10.69125,21.72222222222222,0.05637254901960793,5,82.61600000000001,Toys,0,249.62615894039735
U_01708,Free,South,235,0,2,3,0.0,90.19,3.7449999999999997,3.1900000000000004,8.071428571428571,1.9083452300361967e-17,2,45.095,Fashion,0,140.0823404255319
U_01709,Pro,North,-104,11,0,2,19.61,331.84000000000003,9.632608695652173,8.54,20.08695652173913,0.015384615384615342,5,66.36800000000001,Books,0,4037.3866666666668
U_01710,Pro,West,-91,84,0,0,0.0,0.0,5.046666666666667,0.0,9.666666666666666,7.951207131982424e-18,0,0.0,None,1,0.0
U_01711,Free,West,296,56,0,0,0.0,26.2,5.96125,0.0,14.0,-0.2,1,26.2,Beauty,0,32.307432432432435
U_01712,Free,West,344,13,0,3,0.0,70.53,6.887894736842106,7.21,16.31578947368421,0.0054945054945055765,2,35.265,Books,0,74.83561046511628
U_01713,Pro,North,224,14,0,2,0.0,94.34,3.390833333333333,0.0,7.5,-0.018181818181818143,2,47.17,Books,0,153.7236607142857
U_01714,Pro,South,651,1,2,4,0.0,266.78999999999996,10.109411764705882,9.09,24.352941176470587,-0.06643356643356635,4,66.69749999999999,Beauty,0,149.5827188940092
U_01715,Pro,North,647,39,0,0,0.0,0.0,0.795,0.0,1.5,-7.850462293418875e-17,0,0.0,None,1,0.0
U_01716,Free,East,660,19,0,1,0.0,47.25,9.389230769230767,0.0,21.73076923076923,0.007352941176470623,1,47.25,Electronics,1,26.13068181818182
U_01717,Pro,West,105,78,0,0,0.0,0.0,1.3975,0.0,3.0,-2.0083673326242142e-16,0,0.0,None,1,0.0
U_01718,Free,West,466,1,1,4,0.0,0.0,8.993461538461538,13.32,20.96153846153846,-0.02063983488132094,0,0.0,None,0,0.0
U_01719,Pro,West,251,56,0,0,0.0,117.88,7.948095238095238,0.0,17.142857142857142,0.08333333333333351,1,117.88,Toys,0,171.41912350597607
U_01720,Free,South,423,8,0,3,0.0,24.94,4.303,2.49,10.4,-0.04761904761904756,1,24.94,Sports,0,21.520330969267143
U_01721,Enterprise,East,301,76,0,0,0.0,0.0,7.957857142857142,0.0,16.5,-0.1,0,0.0,None,1,0.0
U_01722,Free,East,694,6,1,4,0.0,17.54,7.698,7.345,16.9,-0.07142857142857134,1,17.54,Beauty,0,9.22492795389049
U_01723,Pro,East,805,37,0,0,0.0,565.5,5.818823529411764,0.0,13.470588235294118,0.07342657342657344,5,113.1,Toys,1,256.40683229813664
U_01724,Free,North,-210,84,0,0,0.0,0.0,1.72,0.0,4.25,-2.0083673326242142e-16,0,0.0,None,1,0.0
U_01725,Pro,North,454,14,0,1,0.0,157.73000000000002,5.356,0.0,10.4,-1.0507920739455759e-16,3,52.576666666666675,Grocery,0,126.80936123348017
U_01726,Enterprise,West,739,9,0,4,0.0,309.71999999999997,5.362380952380952,5.21,11.428571428571429,0.01748251748251754,3,103.24,Grocery,0,152.9740189445196
U_01727,Free,South,178,4,1,4,38.07,57.66,9.290454545454544,9.05,20.90909090909091,-0.060714285714285755,2,28.83,Electronics,0,118.23539325842697
U_01728,Pro,East,13,73,0,0,0.0,0.0,1.1249999999999998,0.0,2.5,-4.8374234447508063e-17,0,0.0,None,1,0.0
U_01729,Free,West,686,100,0,0,0.0,59.58,5.7371428571428575,0.0,13.571428571428571,-0.2,2,29.79,Grocery,1,31.70072886297376
U_01730,Free,West,216,4,2,6,0.0,23.21,7.4937499999999995,12.585,15.666666666666666,-0.010714285714285732,1,23.21,Sports,0,39.22060185185185
U_01731,Pro,North,485,72,0,0,0.0,77.44,5.108,0.0,12.6,-1.0507920739455759e-16,2,38.72,Books,1,58.27958762886598
U_01732,Free,South,299,13,0,3,0.0,0.0,4.095,4.96,9.2,-0.11904761904761889,0,0.0,None,0,0.0
U_01733,Free,East,831,24,0,1,0.0,0.0,6.852727272727273,0.0,15.272727272727273,4.3903977023783285e-17,0,0.0,None,0,0.0
U_01734,Free,West,817,54,0,0,0.0,0.0,3.0140000000000002,0.0,6.2,0.29999999999999977,0,0.0,None,1,0.0
U_01735,Pro,East,-203,9,0,6,215.75,340.67999999999995,9.57,9.135,20.041666666666668,0.060714285714285735,5,68.136,Beauty,0,4144.94
U_01736,Pro,North,-71,0,3,8,34.35,502.97,9.849285714285715,10.11,21.5,0.04385964912280699,8,62.87125,Toys,0,6119.468333333334
U_01737,Pro,East,334,5,1,3,39.599999999999994,194.01000000000002,8.331764705882351,12.13,18.352941176470587,-0.024475524475524403,4,48.502500000000005,Home,0,212.0169161676647
U_01738,Free,East,248,1,1,3,0.0,0.0,7.3420000000000005,8.07,17.45,-0.027472527472527423,0,0.0,None,0,0.0
U_01739,Free,South,574,100,0,0,0.0,37.01,6.150909090909092,0.0,13.0,0.14285714285714288,2,18.505,Electronics,1,23.534233449477348
U_01740,Free,West,22,29,0,1,0.0,50.15,5.767692307692308,0.0,12.0,6.198032018724358e-17,3,16.716666666666665,Electronics,0,610.1583333333333
U_01741,Free,North,398,4,1,2,25.7,25.7,6.190833333333334,2.39,13.666666666666666,-0.049999999999999975,1,25.7,Electronics,0,23.569095477386934
U_01742,Enterprise,South,-156,32,0,0,0.0,552.47,3.2357142857142867,0.0,7.0,4.8870404991229254e-17,3,184.15666666666667,Electronics,1,6721.718333333333
U_01743,Pro,North,35,7,0,4,105.36,134.48,5.428947368421054,9.2,12.263157894736842,-0.0035714285714285735,2,67.24,Toys,0,1402.4342857142856
U_01744,Pro,South,-20,6,1,9,35.19,312.52000000000004,9.443235294117647,11.549999999999999,21.647058823529413,0.008771929824561386,6,52.08666666666667,Home,0,3802.3266666666673
U_01745,Enterprise,South,-175,35,0,0,0.0,33.83,0.47,0.0,1.0,-7.850462293418875e-17,1,33.83,Fashion,1,411.5983333333333
U_01746,Free,South,582,16,0,1,0.0,0.0,1.2349999999999999,0.0,3.0,-2.0083673326242142e-16,0,0.0,None,1,0.0
U_01747,Pro,West,812,2,2,12,0.0,370.14,10.197083333333333,8.532,24.083333333333332,0.18681318681318684,7,52.87714285714286,Beauty,0,166.38066502463053
U_01748,Pro,East,638,123,0,0,0.0,0.0,1.67,0.0,4.0,1.0276789547548596e-16,0,0.0,None,1,0.0
U_01749,Free,South,660,104,0,0,0.0,27.6,3.802857142857143,0.0,8.428571428571429,-0.2000000000000001,1,27.6,Beauty,1,15.263636363636365
U_01750,Free,North,763,75,0,0,0.0,57.33,8.706363636363635,0.0,17.272727272727273,-0.049999999999999926,2,28.665,Beauty,0,27.425229357798166
U_01751,Free,West,798,1,2,5,62.45,160.88,9.434583333333334,11.025,20.25,0.042857142857142844,4,40.22,Grocery,0,73.58546365914786
U_01752,Free,West,258,1,2,4,0.0,0.0,8.559999999999999,6.984999999999999,18.61111111111111,0.06293706293706296,0,0.0,None,0,0.0
U_01753,Free,North,-76,26,0,1,0.0,0.0,7.267999999999999,0.0,19.1,-0.04761904761904756,0,0.0,None,1,0.0
U_01754,Free,West,364,3,2,8,0.0,45.39,11.43769230769231,9.790000000000001,24.23076923076923,-0.025409373235460192,2,22.695,Fashion,0,45.5146978021978
U_01755,Enterprise,East,-157,65,0,0,0.0,254.72,9.814166666666667,0.0,22.666666666666668,0.016666666666666812,5,50.944,Beauty,1,3099.0933333333332
U_01756,Pro,East,-117,70,0,0,109.46,154.49,6.56764705882353,0.0,14.588235294117647,-0.03636363636363634,2,77.245,Fashion,1,1879.6283333333333
U_01757,Pro,South,784,4,1,6,62.98,167.68,10.341874999999998,10.77,21.34375,0.017156862745098075,3,55.89333333333334,Home,0,78.06530612244899
U_01758,Pro,West,215,5,1,2,55.120000000000005,376.81,5.947499999999999,6.39,11.333333333333334,-0.04848484848484841,7,53.83,Toys,0,639.7006976744186
U_01759,Free,North,429,1,1,2,11.76,43.02,5.456666666666666,7.16,13.0,0.00909090909090911,2,21.51,Books,0,36.60209790209791
U_01760,Pro,East,725,7,0,2,0.0,0.0,5.519,8.97,11.4,0.03333333333333336,0,0.0,None,0,0.0
U_01761,Free,North,-170,54,0,0,0.0,0.0,2.85,0.0,7.0,-2.0083673326242142e-16,0,0.0,None,1,0.0
U_01762,Pro,North,578,38,0,0,0.0,285.23,5.965,0.0,12.5,-2.0083673326242142e-16,4,71.3075,Grocery,1,180.11929065743945
U_01763,Pro,East,251,2,1,4,160.84,224.20000000000002,8.401666666666666,10.145,18.166666666666668,3.495721334151733e-17,4,56.050000000000004,Toys,0,326.0278884462152
U_01764,Free,South,170,29,0,1,0.0,0.0,9.435500000000001,0.0,19.7,-0.021978021978021983,0,0.0,None,1,0.0
U_01765,Free,East,-167,15,0,2,0.0,0.0,3.871052631578947,0.0,6.631578947368421,-0.09440559440559441,0,0.0,None,0,0.0
U_01766,Pro,North,139,25,0,1,0.0,185.94,5.447777777777777,0.0,12.555555555555555,0.1999999999999998,3,61.98,Toys,0,488.2597122302158
U_01767,Free,East,433,17,0,1,0.0,0.0,2.52,0.0,5.2,-1.0507920739455759e-16,0,0.0,None,1,0.0
U_01768,Free,South,375,0,1,1,0.0,6.95,4.331,4.27,9.8,6.363375692412363e-17,1,6.95,Beauty,1,6.764666666666666
U_01769,Free,South,682,36,0,0,0.0,0.0,3.23,0.0,8.142857142857142,4.8870404991229254e-17,0,0.0,None,0,0.0
U_01770,Free,East,-177,0,3,4,0.0,303.35999999999996,10.304642857142856,10.71,23.75,-0.009803921568627421,6,50.559999999999995,Beauty,0,3690.879999999999
U_01771,Pro,North,-205,9,0,3,0.0,0.0,5.721875,5.5600000000000005,13.125,0.05454545454545453,0,0.0,None,0,0.0
U_01772,Free,South,616,23,0,1,0.0,0.0,1.9233333333333331,0.0,4.0,6.633138920230202e-17,0,0.0,None,1,0.0
U_01773,Pro,North,811,0,2,5,55.45,245.75,9.865151515151513,11.745000000000001,23.151515151515152,0.013235294117647069,5,49.15,Toys,0,110.60265104808877
U_01774,Pro,East,580,31,0,0,0.0,0.0,1.1549999999999998,0.0,2.5,-7.850462293418875e-17,0,0.0,None,0,0.0
U_01775,Pro,North,477,77,0,0,0.0,125.45,5.342307692307693,0.0,13.384615384615385,0.10714285714285712,2,62.725,Beauty,1,95.99423480083858
U_01776,Free,West,-110,51,0,0,0.0,17.25,6.17,0.0,14.3,0.2285714285714285,1,17.25,Electronics,1,209.87499999999997
U_01777,Pro,East,-112,0,2,3,18.92,170.17000000000002,7.4334999999999996,7.380000000000001,16.15,-0.01785714285714285,3,56.723333333333336,Sports,0,2070.4016666666666
U_01778,Free,West,-40,0,1,2,0.0,83.02000000000001,5.2219999999999995,4.11,11.2,-0.03146853146853136,3,27.673333333333336,Sports,0,1010.0766666666668
U_01779,Pro,North,802,8,0,7,59.57,59.57,5.202500000000001,1.38,11.25,0.07272727272727275,1,59.57,Home,0,27.111034912718203
U_01780,Free,South,14,52,0,0,0.0,60.5,5.800909090909091,0.0,13.545454545454545,-0.08333333333333319,2,30.25,Fashion,1,736.0833333333333
U_01781,Free,North,96,19,0,2,0.0,65.76,6.594117647058823,0.0,15.941176470588236,-0.019780219780219793,1,65.76,Beauty,0,250.025
U_01782,Free,West,163,2,2,6,61.06,142.55,7.735357142857142,4.79,16.857142857142858,0.09068627450980393,5,28.51,Books,0,319.20705521472394
U_01783,Free,North,-198,2,2,8,32.29,103.4,6.002777777777777,7.41,13.38888888888889,0.07272727272727271,4,25.85,Electronics,0,1258.0333333333333
U_01784,Free,East,793,105,0,0,0.0,0.0,5.3549999999999995,0.0,10.166666666666666,0.19999999999999996,0,0.0,None,1,0.0
U_01785,Pro,East,698,4,2,8,78.15,282.29,9.141764705882354,9.45,21.235294117647058,0.023529411764705896,3,94.09666666666668,Home,0,147.61583094555877
U_01786,Pro,North,48,59,0,0,0.0,0.0,0.8049999999999999,0.0,2.0,-2.0083673326242142e-16,0,0.0,None,1,0.0
U_01787,Enterprise,South,-149,11,0,3,308.68,1080.8000000000002,6.854375,9.23,14.1875,-0.09090909090909079,8,135.10000000000002,Grocery,0,7040.131324358977
U_01788,Enterprise,South,131,5,1,4,43.69,453.59000000000003,8.067916666666667,6.94,16.833333333333332,-0.005882352941176458,5,90.718,Books,0,1263.8194656488552
U_01789,Pro,East,534,63,0,0,0.0,29.67,3.53625,0.0,7.75,-0.1071428571428571,1,29.67,Books,1,20.280056179775283
U_01790,Free,South,222,107,0,0,0.0,0.0,2.43,0.0,7.0,0.0,0,0.0,None,0,0.0
U_01791,Free,North,45,0,1,5,16.53,16.53,4.270833333333333,4.416666666666667,9.083333333333334,0.05000000000000005,1,16.53,Home,0,134.07666666666668
U_01792,Free,East,740,0,1,1,0.0,0.0,5.756000000000001,0.09,12.8,-0.21428571428571405,0,0.0,None,0,0.0
U_01793,Pro,West,507,5,1,2,0.0,82.97,5.933333333333334,2.6799999999999997,12.88888888888889,-0.05494505494505494,2,41.485,Fashion,0,59.73185404339251
U_01794,Enterprise,North,579,31,0,0,0.0,768.1800000000001,8.823125000000001,0.0,19.3125,-0.0559440559440559,5,153.63600000000002,Toys,0,484.25854922279797
U_01795,Free,West,720,89,0,0,0.0,36.9,3.3500000000000005,0.0,8.0,0.08571428571428573,1,36.9,Electronics,1,18.706249999999997
U_01796,Pro,North,339,13,0,4,176.01,480.49,7.156521739130436,5.33,13.869565217391305,0.02205882352941177,7,68.64142857142858,Beauty,0,517.3417404129793
U_01797,Free,South,673,77,0,0,0.0,0.0,6.518571428571428,0.0,14.571428571428571,0.08571428571428573,0,0.0,None,1,0.0
U_01798,Pro,West,598,1,1,3,0.0,194.97000000000003,6.900000000000001,7.04,15.11111111111111,-0.08241758241758237,2,97.48500000000001,Beauty,0,119.0034280936455
U_01799,Free,West,700,3,1,5,0.0,65.09,10.305769230769231,7.66,22.653846153846153,-0.03921568627450978,3,21.69666666666667,Books,0,33.93978571428572
U_01800,Pro,North,130,10,0,2,0.0,89.81,3.64375,3.07,8.625,-0.035714285714285636,1,89.81,Beauty,0,252.15884615384616
U_01801,Pro,North,839,30,0,0,0.0,58.3,6.972352941176472,0.0,15.529411764705882,0.032967032967033,1,58.3,Beauty,1,25.362932061978547
U_01802,Pro,North,88,14,0,7,0.0,200.87,9.300869565217392,0.0,21.565217391304348,0.09450549450549452,2,100.435,Fashion,0,833.1539772727273
U_01803,Free,East,645,8,0,2,26.42,26.42,9.429545454545456,6.88,20.59090909090909,-0.0117647058823529,1,26.42,Fashion,0,14.950852713178296
U_01804,Free,North,814,12,0,1,0.0,53.81,3.8949999999999996,1.48,7.8,-0.06666666666666661,1,53.81,Sports,1,24.128562653562657
U_01805,Free,North,-136,110,0,0,0.0,17.0,4.21,0.0,9.666666666666666,1.0276789547548596e-16,1,17.0,Sports,0,206.83333333333331
U_01806,Pro,South,617,11,0,1,191.38,680.89,6.629411764705882,6.74,13.647058823529411,-0.036363636363636286,10,68.089,Fashion,0,402.7955429497569
U_01807,Free,West,-143,1,2,10,20.87,48.22,7.975625,7.3,16.96875,0.07636738906088751,2,24.11,Sports,0,586.6766666666666
U_01808,Free,West,-71,9,0,6,20.04,81.62,9.531333333333333,11.48,21.366666666666667,0.0035087719298245593,4,20.405,Fashion,0,993.0433333333334
U_01809,Free,West,-95,1,1,4,0.0,112.65,6.905263157894736,7.52,14.947368421052632,-0.015384615384615427,3,37.550000000000004,Electronics,0,1370.575
U_01810,Free,North,704,21,0,1,0.0,0.0,3.2049999999999996,0.0,6.666666666666667,0.04761904761904769,0,0.0,None,1,0.0
U_01811,Free,East,376,4,2,8,51.01,88.63,9.026333333333334,10.134000000000002,20.233333333333334,-1.0285118346228701e-16,3,29.543333333333333,Electronics,0,86.0371010638298
U_01812,Pro,South,749,47,0,0,0.0,145.98,5.786363636363637,0.0,12.454545454545455,-0.10714285714285705,1,145.98,Fashion,1,71.1384512683578
U_01813,Free,South,-138,15,0,1,0.0,29.35,1.6177777777777778,0.0,3.3333333333333335,6.633138920230202e-17,1,29.35,Grocery,1,357.0916666666667
U_01814,Pro,East,-45,20,0,1,88.34,167.9,3.6314285714285717,0.0,7.285714285714286,-0.40000000000000036,3,55.96666666666667,Beauty,0,2042.7833333333333
U_01815,Free,South,183,8,0,2,39.54,39.54,7.096470588235293,8.54,15.588235294117647,-0.10139860139860142,2,19.77,Toys,0,78.8639344262295
U_01816,Free,South,370,36,0,0,0.0,0.0,3.72,0.0,7.6,-1.0507920739455759e-16,0,0.0,None,1,0.0
U_01817,Enterprise,South,490,11,0,3,39.81,641.49,5.940666666666667,8.41,13.366666666666667,-0.03186274509803916,8,80.18625,Electronics,0,477.8445918367347
U_01818,Free,East,-25,24,0,1,0.0,0.0,7.04111111111111,0.0,16.77777777777778,0.035714285714285754,0,0.0,None,1,0.0
U_01819,Pro,South,343,90,0,0,0.0,108.19,7.0600000000000005,0.0,14.5,-7.850462293418875e-17,1,108.19,Books,0,115.12930029154518
U_01820,Free,South,183,25,0,1,0.0,0.0,4.501111111111111,0.0,9.222222222222221,0.035714285714285754,0,0.0,None,1,0.0
U_01821,Pro,West,700,63,0,0,0.0,0.0,3.6900000000000004,0.0,7.875,0.1999999999999999,0,0.0,None,1,0.0
U_01822,Pro,South,616,23,0,1,17.26,82.25,4.868461538461538,0.0,10.76923076923077,-0.09999999999999995,2,41.125,Electronics,1,48.73579545454545
U_01823,Free,North,792,16,0,3,0.0,81.00999999999999,6.225833333333334,0.0,13.25,0.0952380952380953,2,40.504999999999995,Fashion,0,37.33415404040404
U_01824,Free,North,92,65,0,0,0.0,0.0,3.5216666666666665,0.0,7.5,-0.10000000000000012,0,0.0,None,1,0.0
U_01825,Free,East,263,7,0,2,28.8,95.3,8.306315789473684,7.63,18.57894736842105,-0.06373626373626379,3,31.766666666666666,Beauty,0,132.26045627376425
U_01826,Free,West,698,26,0,1,0.0,0.0,2.72,0.0,5.0,-2.0083673326242142e-16,0,0.0,None,1,0.0
U_01827,Free,North,-76,27,0,1,0.0,18.25,7.07375,0.0,16.125,-2.751513687042919e-17,1,18.25,Toys,0,222.04166666666666
U_01828,Free,South,569,11,0,1,0.0,0.0,3.7989999999999995,3.23,8.1,0.09523809523809525,0,0.0,None,1,0.0
U_01829,Free,West,414,78,0,0,0.0,49.99,3.345,0.0,6.833333333333333,-4.8374234447508063e-17,2,24.995,Grocery,1,44.07330917874396
U_01830,Pro,South,687,3,2,5,126.1,439.41,8.18304347826087,9.059999999999999,19.565217391304348,-0.024999999999999946,7,62.77285714285715,Electronics,0,233.4565502183406
U_01831,Free,North,563,11,0,6,0.0,70.79,9.911025641025642,10.4,21.487179487179485,-0.0010319917440660363,2,35.395,Books,0,45.894049733570164
U_01832,Free,South,-42,129,0,0,0.0,0.0,0.3,0.0,1.0,0.0,0,0.0,None,1,0.0
U_01833,Pro,East,496,91,0,0,0.0,0.0,4.005555555555556,0.0,7.888888888888889,0.0857142857142858,0,0.0,None,0,0.0
U_01834,Enterprise,East,674,4,1,3,237.88,511.86,5.9141176470588235,7.77,13.235294117647058,-0.016483516483516442,3,170.62,Home,0,277.19421364985163
U_01835,Free,South,329,13,0,3,0.0,42.11,6.793529411764705,11.23,14.294117647058824,0.027472527472527528,1,42.11,Sports,0,46.717781155015196
U_01836,Free,South,513,8,0,3,19.12,71.23,10.476206896551727,12.72,21.75862068965517,0.043859649122807015,3,23.743333333333336,Toys,0,50.68021442495127
U_01837,Free,North,-110,10,0,1,0.0,0.0,6.691875,1.78,13.75,-0.045454545454545366,0,0.0,None,1,0.0
U_01838,Free,South,731,55,0,0,0.0,79.18,1.8674999999999997,0.0,4.75,0.17142857142857137,2,39.59,Grocery,1,39.53584131326949
U_01839,Pro,East,-191,30,0,0,0.0,0.0,1.812,0.0,3.6,0.09999999999999981,0,0.0,None,1,0.0
U_01840,Enterprise,West,792,999,0,0,0.0,0.0,0.0,0.0,0.0,0.0,0,0.0,None,1,0.0
U_01841,Free,North,-102,3,1,1,29.42,29.42,7.3522727272727275,1.95,15.5,-0.07142857142857142,1,29.42,Toys,0,357.9433333333333
U_01842,Pro,East,140,1,2,5,79.35,355.08000000000004,9.546249999999999,12.576666666666666,21.958333333333332,0.005882352941176487,5,71.016,Electronics,0,925.7442857142858
U_01843,Free,East,627,21,0,1,0.0,16.63,8.259411764705883,0.0,16.58823529411765,-0.045454545454545435,1,16.63,Sports,0,9.680940988835726
U_01844,Enterprise,South,344,9,0,7,43.24,248.27,9.262307692307692,5.19,20.46153846153846,0.04411764705882351,4,62.0675,Electronics,0,263.4260174418605
U_01845,Free,West,547,4,1,5,16.39,16.39,5.915652173913044,6.710000000000001,12.217391304347826,-0.024999999999999956,1,16.39,Beauty,0,10.936654478976234
U_01846,Free,East,578,48,0,0,0.0,0.0,4.187777777777778,0.0,8.0,-0.17857142857142852,0,0.0,None,0,0.0
U_01847,Free,East,638,10,0,5,33.91,33.91,9.156451612903224,9.08,18.451612903225808,0.03676470588235296,1,33.91,Beauty,0,19.399921630094042
U_01848,Pro,North,464,89,0,0,0.0,0.0,0.83,0.0,2.0,1.0276789547548596e-16,0,0.0,None,1,0.0
U_01849,Free,South,-204,5,1,6,0.0,84.99,10.578666666666663,9.885,23.033333333333335,-0.014447884416924664,3,28.33,Grocery,0,1034.0449999999998
U_01850,Pro,East,-211,3,1,4,83.11,99.97,5.436875000000001,5.303333333333334,11.0625,-0.006993006993006951,3,33.32333333333333,Sports,0,1216.3016666666665
U_01851,Free,East,-134,8,0,4,0.0,34.07,5.205333333333333,7.62,11.266666666666667,-0.027272727272727237,1,34.07,Toys,1,414.5183333333333
U_01852,Free,West,748,29,0,1,0.0,0.0,5.060666666666666,0.0,10.733333333333333,0.0595238095238096,0,0.0,None,0,0.0
U_01853,Free,West,544,100,0,0,0.0,11.76,5.2700000000000005,0.0,11.5,-1.570092458683775e-16,1,11.76,Home,0,7.890441176470588
U_01854,Enterprise,East,-103,1,1,1,0.0,430.59000000000003,3.3833333333333333,2.37,7.0,-0.05952380952380944,2,215.29500000000002,Grocery,0,5238.845
U_01855,Free,South,791,5,2,11,0.0,77.24000000000001,10.273030303030302,12.536666666666667,22.96969696969697,0.012254901960784352,2,38.620000000000005,Books,0,35.6417193426043
U_01856,Pro,East,78,56,0,0,0.0,396.92999999999995,8.27076923076923,0.0,17.692307692307693,0.06363636363636363,8,49.616249999999994,Grocery,0,1857.4288461538458
U_01857,Pro,East,540,5,2,4,0.0,264.48,6.40888888888889,6.859999999999999,13.555555555555555,0.19999999999999998,4,66.12,Beauty,0,178.7688888888889
U_01858,Pro,South,-191,5,1,2,68.98,421.72,11.3688,7.22,25.8,-0.049450549450549455,7,60.24571428571429,Books,0,5130.926666666667
U_01859,Free,East,835,64,0,0,0.0,0.0,2.116,0.0,4.6,-0.1000000000000001,0,0.0,None,1,0.0
U_01860,Enterprise,North,-8,23,0,3,22.99,22.99,3.001666666666667,0.0,6.0,0.19999999999999996,1,22.99,Toys,1,279.71166666666664
U_01861,Pro,East,489,62,0,0,0.0,0.0,2.5375,0.0,5.0,-2.0083673326242142e-16,0,0.0,None,1,0.0
U_01862,Enterprise,North,703,27,0,1,70.14,255.67000000000002,5.365,0.0,11.9375,0.020979020979020966,4,63.917500000000004,Grocery,0,132.74473684210528
U_01863,Free,South,850,55,0,0,0.0,36.59,5.516363636363636,0.0,11.363636363636363,5.182935284148092e-17,1,36.59,Sports,0,15.712176470588238
U_01864,Free,West,-35,4,1,2,0.0,121.55,3.2,0.3,6.3,1.6054209807821413e-17,2,60.775,Books,0,1478.8583333333333
U_01865,Pro,West,291,35,0,0,0.0,0.0,3.6740000000000004,0.0,7.0,-0.3000000000000005,0,0.0,None,1,0.0
U_01866,Enterprise,South,654,16,0,3,63.56,293.9,5.781764705882353,0.0,13.235294117647058,0.05494505494505492,4,73.475,Books,0,164.0267584097859
U_01867,Enterprise,North,389,6,1,4,262.16999999999996,714.64,7.22952380952381,2.32,16.0,-0.046153846153846254,6,119.10666666666667,Toys,0,670.5491002570693
U_01868,Free,West,-120,98,0,0,0.0,0.0,2.225,0.0,5.5,-7.850462293418875e-17,0,0.0,None,1,0.0
U_01869,Enterprise,West,620,17,0,3,258.83,489.23,6.999411764705883,0.0,13.705882352941176,0.05934065934065933,5,97.846,Sports,0,288.014435483871
U_01870,Free,South,243,7,0,2,0.0,0.0,5.114375,5.33,11.9375,0.020979020979020966,0,0.0,None,0,0.0
U_01871,Free,South,705,6,1,1,0.0,17.41,4.088571428571429,0.09,9.428571428571429,-0.08571428571428566,1,17.41,Books,1,9.013687943262411
U_01872,Pro,North,660,42,0,0,0.0,54.12,4.7,0.0,10.5,0.19999999999999996,1,54.12,Grocery,1,29.929999999999996
U_01873,Free,North,31,20,0,1,0.0,76.35,9.211666666666666,0.0,20.083333333333332,0.027972027972027934,3,25.45,Beauty,0,898.9596774193549
U_01874,Free,West,94,6,1,6,0.0,25.34,6.295238095238096,8.37,14.619047619047619,-0.0065934065934066454,2,12.67,Electronics,0,98.39468085106382
U_01875,Pro,South,643,10,0,3,0.0,23.5,2.2288888888888887,5.09,4.222222222222222,-0.011904761904761871,1,23.5,Beauty,0,13.339813374805598
U_01876,Pro,North,768,2,1,1,0.0,35.4,6.73,12.74,14.0,-0.045454545454545366,1,35.4,Beauty,0,16.82421875
U_01877,Enterprise,West,759,2,2,5,70.43,959.17,8.838148148148148,8.386666666666667,18.74074074074074,-0.01715686274509799,8,119.89625,Toys,0,461.2609354413702
U_01878,Free,West,204,4,1,3,21.71,89.83000000000001,9.294285714285715,4.25,20.238095238095237,-0.016176470588235275,4,22.457500000000003,Electronics,0,160.72524509803924
U_01879,Free,West,324,10,0,5,0.0,22.26,6.81764705882353,6.9,14.588235294117647,0.03296703296703295,1,22.26,Home,0,25.076851851851856
U_01880,Free,North,561,79,0,0,0.0,55.94,8.41,0.0,16.88888888888889,0.07142857142857148,1,55.94,Books,1,36.39590017825312
U_01881,Pro,South,633,14,0,1,0.0,110.88,5.402142857142857,0.0,12.357142857142858,5.999285836750307e-17,1,110.88,Books,0,63.93554502369668
U_01882,Free,South,200,4,1,1,0.0,0.0,5.397272727272727,2.43,12.0,-0.06666666666666657,0,0.0,None,0,0.0
U_01883,Pro,South,98,31,0,0,0.0,85.21,3.3514285714285714,0.0,8.428571428571429,-0.14285714285714293,1,85.21,Electronics,1,317.36377551020405
U_01884,Free,South,-13,19,0,1,0.0,0.0,3.9955555555555557,0.0,8.88888888888889,0.059523809523809486,0,0.0,None,1,0.0
U_01885,Pro,West,231,38,0,0,0.0,22.05,5.685555555555556,0.0,11.555555555555555,6.633138920230202e-17,1,22.05,Fashion,0,34.84090909090909
U_01886,Pro,North,637,3,1,2,209.23,293.98,6.073529411764705,7.69,14.294117647058824,0.006593406593406572,3,97.99333333333334,Books,0,168.45007849293563
U_01887,Pro,North,782,110,0,0,0.0,0.0,4.0025,0.0,8.25,-2.0083673326242142e-16,0,0.0,None,1,0.0
U_01888,Pro,South,71,71,0,0,0.0,50.76,3.255,0.0,7.875,0.17142857142857137,1,50.76,Toys,0,260.94929577464785
U_01889,Free,East,417,1,3,5,0.0,23.38,8.207058823529412,9.473333333333334,17.294117647058822,0.09440559440559443,1,23.38,Toys,0,20.46450839328537
U_01890,Enterprise,North,83,28,0,1,0.0,163.72,6.776428571428572,0.0,14.0,-0.07272727272727264,2,81.86,Books,1,719.9734939759036
U_01891,Pro,East,793,0,1,6,162.60000000000002,369.01,9.000857142857143,7.899999999999999,19.97142857142857,-0.04385964912280708,7,52.715714285714284,Fashion,0,169.84697351828498
U_01892,Free,West,-12,6,1,5,0.0,0.0,6.1755555555555555,4.55,12.777777777777779,0.010989010989010976,0,0.0,None,0,0.0
U_01893,Free,South,495,12,0,4,0.0,42.12,5.101428571428572,5.23,11.0,-0.00928792569659439,2,21.06,Books,0,31.05818181818182
U_01894,Free,East,-45,4,1,3,0.0,70.15,9.958461538461538,9.47,22.615384615384617,-0.03235294117647056,4,17.5375,Electronics,0,853.4916666666667
U_01895,Free,West,-69,1,2,4,0.0,14.84,6.719500000000001,6.6000000000000005,14.3,0.05294117647058827,1,14.84,Toys,0,180.5533333333333
U_01896,Free,North,327,9,0,1,0.0,14.19,8.388,6.69,19.733333333333334,-0.05454545454545453,1,14.19,Electronics,0,15.838990825688073
U_01897,Pro,South,836,9,0,6,0.0,203.83,7.546800000000001,7.550000000000001,17.2,0.034313725490196095,4,50.9575,Grocery,0,88.99276315789474
U_01898,Pro,West,-118,70,0,0,0.0,30.75,4.314,0.0,8.6,0.09999999999999981,1,30.75,Home,0,374.12499999999994
U_01899,Free,North,344,36,0,0,0.0,35.27,1.9183333333333337,0.0,4.0,-4.8374234447508063e-17,1,35.27,Grocery,1,37.42311046511628
U_01900,Pro,North,-77,5,1,4,0.0,199.20999999999998,4.76875,3.69,10.75,-0.018181818181818177,2,99.60499999999999,Toys,0,2423.7216666666664
U_01901,Free,South,569,93,0,0,0.0,0.0,3.7199999999999998,0.0,7.5,-7.850462293418875e-17,0,0.0,None,1,0.0
U_01902,Free,North,654,17,0,1,0.0,13.83,3.7,0.0,9.25,-2.0083673326242142e-16,1,13.83,Fashion,0,7.718577981651376
U_01903,Free,East,-34,0,1,3,18.73,65.26,8.588333333333333,12.24,19.5,0.11428571428571427,3,21.753333333333334,Home,0,793.9966666666668
U_01904,Free,West,461,9,0,2,0.0,0.0,8.788260869565216,13.66,20.52173913043478,0.11208791208791204,0,0.0,None,0,0.0
U_01905,Pro,East,678,4,1,2,7.31,109.60000000000001,8.7088,6.605,19.4,-0.05147058823529408,2,54.800000000000004,Home,0,59.002949852507385
U_01906,Pro,South,457,19,0,1,0.0,79.19,3.5783333333333336,0.0,7.0,-0.20000000000000015,2,39.595,Fashion,0,63.248030634573304
U_01907,Free,North,218,38,0,0,0.0,24.1,5.713684210526316,0.0,12.578947368421053,0.08791208791208795,2,12.05,Toys,1,40.35091743119266
U_01908,Free,South,848,10,0,5,0.0,61.230000000000004,5.562083333333334,7.01,11.916666666666666,-0.02197802197802209,2,30.615000000000002,Sports,0,26.35489386792453
U_01909,Free,East,298,44,0,0,0.0,16.34,8.006923076923076,0.0,17.0,0.08333333333333347,1,16.34,Grocery,1,20.013758389261742
U_01910,Pro,East,377,69,0,0,0.0,0.0,1.28,0.0,2.25,-2.0083673326242142e-16,0,0.0,None,0,0.0
U_01911,Free,North,303,2,2,4,54.29,54.29,4.751250000000001,2.38,11.0,0.09090909090909093,1,54.29,Books,0,65.39884488448844
U_01912,Pro,South,724,23,0,2,0.0,29.06,0.3,0.0,1.0,0.9999999999999998,1,29.06,Electronics,1,14.650414364640882
U_01913,Pro,East,91,1,3,3,0.0,24.34,6.35,2.733333333333333,14.625,0.08484848484848481,1,24.34,Fashion,0,97.62747252747253
U_01914,Free,North,-18,1,1,1,0.0,29.81,5.204,1.89,11.6,1.6054209807821413e-17,1,29.81,Grocery,1,362.68833333333333
U_01915,Pro,West,-70,3,3,9,29.6,433.0,10.57277777777778,10.281666666666666,23.38888888888889,0.02500000000000005,7,61.857142857142854,Beauty,0,5268.166666666667
U_01916,Free,South,510,7,0,6,0.0,24.299999999999997,10.33705882352941,11.319999999999999,22.264705882352942,-0.10319917440660474,2,12.149999999999999,Beauty,0,17.39117647058823
U_01917,Pro,West,94,1,3,5,60.6,369.81000000000006,7.0559259259259255,6.253333333333333,14.555555555555555,0.0319917440660475,7,52.830000000000005,Toys,0,1435.964361702128
U_01918,Free,South,446,47,0,0,0.0,38.06,5.312857142857142,0.0,10.428571428571429,0.02857142857142864,1,38.06,Beauty,1,31.147757847533633
U_01919,Free,East,52,0,1,1,0.0,26.82,4.840000000000001,3.71,9.9,1.6054209807821413e-17,1,26.82,Toys,0,188.25576923076923
U_01920,Pro,West,787,46,0,0,0.0,178.57,3.1399999999999997,0.0,7.0,-1.0507920739455759e-16,2,89.285,Electronics,1,82.81836086404066
U_01921,Free,West,-78,8,0,3,0.0,99.25,9.275555555555556,9.795,20.555555555555557,0.02727272727272728,2,49.625,Books,0,1207.5416666666665
U_01922,Free,West,-165,1,1,3,51.85,51.85,5.860769230769231,5.34,13.384615384615385,-0.006060606060606031,1,51.85,Electronics,0,630.8416666666667
U_01923,Pro,North,325,9,0,1,0.0,0.0,2.2,0.09,4.1,-0.0714285714285715,0,0.0,None,1,0.0
U_01924,Pro,South,305,89,0,0,0.0,34.7,2.715,0.0,6.0,-0.10000000000000012,1,34.7,Home,1,41.52622950819672
U_01925,Pro,South,287,7,0,5,38.96,277.59,7.5225,5.6933333333333325,15.958333333333334,0.01764705882352944,3,92.52999999999999,Beauty,0,353.0325783972125
U_01926,Free,South,280,76,0,0,0.0,0.0,3.432857142857143,0.0,8.285714285714286,4.8870404991229254e-17,0,0.0,None,0,0.0
U_01927,Free,North,830,11,0,7,0.0,0.0,6.351363636363636,6.436666666666667,14.090909090909092,0.10439560439560444,0,0.0,None,0,0.0
U_01928,Free,East,-179,21,0,1,0.0,0.0,4.460625,0.0,9.9375,0.004395604395604367,0,0.0,None,1,0.0
U_01929,Free,South,614,12,0,2,0.0,11.99,7.093157894736841,3.98,16.31578947368421,-0.13736263736263737,1,11.99,Beauty,0,7.127605863192183
U_01930,Pro,East,658,2,2,3,135.1,255.60999999999999,7.65076923076923,6.235,15.653846153846153,-0.01651186790505675,3,85.20333333333333,Books,0,141.7897416413374
U_01931,Pro,East,743,62,0,0,0.0,102.7,2.625,0.0,5.0,-7.850462293418875e-17,1,102.7,Grocery,0,50.45154777927321
U_01932,Pro,South,586,77,0,0,0.0,40.89,5.031666666666666,0.0,11.0,7.951207131982424e-18,1,40.89,Toys,1,25.469027303754267
U_01933,Free,North,-19,0,4,10,52.11,79.68,9.397027027027027,9.526666666666667,21.027027027027028,0.06842105263157894,3,26.560000000000002,Fashion,0,969.44
U_01934,Free,South,820,38,0,0,0.0,10.65,5.147272727272727,0.0,10.818181818181818,-0.05952380952380937,1,10.65,Electronics,0,4.7405487804878055
U_01935,Free,South,750,60,0,0,0.0,28.22,2.682,0.0,4.2,0.09999999999999981,1,28.22,Fashion,0,13.733733333333332
U_01936,Free,South,107,7,0,2,0.0,17.97,4.56,1.13,8.555555555555555,0.035714285714285754,1,17.97,Electronics,0,61.29953271028037
U_01937,Pro,West,645,2,2,7,0.0,509.68999999999994,8.814000000000002,8.245,18.8,0.06428571428571428,6,84.94833333333332,Fashion,0,288.42922480620155
U_01938,Free,South,834,4,2,12,12.63,34.4,10.84425,12.588333333333333,24.375,0.07662337662337662,2,17.2,Beauty,0,15.055155875299759
U_01939,Free,East,214,3,3,7,65.41,65.41,8.628333333333332,8.924,19.4,0.04166666666666667,3,21.80333333333333,Books,0,111.56378504672897
U_01940,Enterprise,East,238,13,0,1,0.0,0.0,1.13,1.72,2.0,-7.850462293418875e-17,0,0.0,None,1,0.0
U_01941,Free,North,295,52,0,0,0.0,55.82000000000001,4.711538461538462,0.0,10.23076923076923,-0.0424242424242423,3,18.60666666666667,Grocery,1,69.06542372881357
U_01942,Free,North,103,22,0,1,0.0,0.0,6.204666666666666,0.0,12.6,0.024475524475524507,0,0.0,None,1,0.0
U_01943,Pro,East,743,65,0,0,0.0,95.4,3.69375,0.0,7.625,0.11428571428571427,1,95.4,Sports,1,46.86541049798116
U_01944,Pro,South,-74,2,1,2,0.0,73.22,5.121333333333334,5.5600000000000005,10.2,-0.0439560439560439,2,36.61,Fashion,0,890.8433333333332
U_01945,Enterprise,North,88,8,0,5,251.03000000000003,1327.92,9.921851851851851,10.059999999999999,21.22222222222222,0.025799793601651168,10,132.792,Sports,0,5507.85
U_01946,Pro,South,804,72,0,0,0.0,23.42,6.985454545454545,0.0,14.181818181818182,-0.1785714285714284,1,23.42,Sports,0,10.632213930348259
U_01947,Free,West,721,15,0,1,0.0,20.22,4.648,0.0,10.6,-0.054545454545454564,1,20.22,Fashion,0,10.23619972260749
U_01948,Free,West,326,2,1,5,0.0,0.0,8.1755,8.985,18.75,-0.06043956043956038,0,0.0,None,0,0.0
U_01949,Free,South,319,10,0,5,16.2,16.2,8.016315789473685,8.209999999999999,16.736842105263158,-0.0034965034965035013,1,16.2,Toys,0,18.53605015673981
U_01950,Free,East,554,9,0,1,0.0,0.0,2.23,0.3,5.166666666666667,-0.06666666666666671,0,0.0,None,1,0.0
U_01951,Free,East,722,12,0,2,0.0,0.0,7.091666666666666,2.88,14.333333333333334,-0.09696969696969698,0,0.0,None,0,0.0
U_01952,Free,South,420,84,0,0,0.0,0.0,4.757142857142857,0.0,8.571428571428571,0.49999999999999994,0,0.0,None,1,0.0
U_01953,Free,West,707,19,0,2,0.0,21.18,4.031538461538462,0.0,7.615384615384615,-0.016666666666666677,1,21.18,Fashion,0,10.934512022630834
U_01954,Free,East,222,32,0,0,0.0,35.76,2.8242857142857143,0.0,6.142857142857143,0.02857142857142864,1,35.76,Toys,1,58.79459459459459
U_01955,Free,East,-65,118,0,0,0.0,0.0,0.6,0.0,1.5,-7.850462293418875e-17,0,0.0,None,0,0.0
U_01956,Enterprise,South,696,0,3,4,310.9,719.8400000000001,11.000645161290322,8.366666666666667,25.032258064516128,0.03676470588235296,7,102.83428571428574,Beauty,0,377.5022988505748
U_01957,Free,West,242,999,0,0,0.0,0.0,0.0,0.0,0.0,0.0,0,0.0,None,0,0.0
U_01958,Free,West,57,9,0,1,0.0,38.62,3.7477777777777774,0.3,8.61111111111111,-0.017582417582417624,1,38.62,Fashion,0,247.3035087719298
U_01959,Pro,South,677,20,0,3,32.03,55.38,6.470625,0.0,14.9375,0.041958041958041974,2,27.69,Beauty,0,29.85775480059084
U_01960,Free,East,-28,3,2,3,0.0,67.86,9.00366666666667,10.809999999999999,19.3,-0.01403508771929834,2,33.93,Beauty,0,825.63
U_01961,Free,East,-147,0,3,6,31.2,88.01,9.729999999999999,8.342500000000001,23.428571428571427,-0.03333333333333334,3,29.33666666666667,Beauty,0,1070.7883333333334
U_01962,Pro,West,438,44,0,0,0.0,0.0,3.1833333333333336,0.0,7.333333333333333,1.0276789547548596e-16,0,0.0,None,0,0.0
U_01963,Pro,South,404,15,0,2,0.0,166.49,5.864444444444444,0.0,14.722222222222221,-0.0659340659340659,3,55.49666666666667,Grocery,1,150.41794554455447
U_01964,Pro,North,-43,0,3,9,39.34,324.26,10.05125,10.854000000000001,22.78125,0.06372549019607841,6,54.04333333333333,Grocery,0,3945.163333333333
U_01965,Free,South,292,27,0,1,0.0,26.74,6.716153846153846,0.0,14.307692307692308,0.030303030303030346,1,26.74,Sports,1,33.425
U_01966,Pro,South,431,48,0,0,0.0,386.67999999999995,10.294285714285715,0.0,22.785714285714285,-0.0666666666666664,5,77.33599999999998,Home,1,327.4668213457076
U_01967,Free,West,-151,6,1,3,54.629999999999995,138.11,9.9168,10.07,22.32,-0.019298245614035127,7,19.73,Fashion,0,1680.3383333333336
U_01968,Free,West,24,2,1,4,0.0,20.14,8.0896,8.95,17.08,-0.024561403508771926,1,20.14,Grocery,0,245.03666666666666
U_01969,Pro,South,492,25,0,2,125.21,125.21,4.506666666666667,0.0,9.833333333333334,0.08484848484848484,1,125.21,Fashion,0,92.88953252032519
U_01970,Enterprise,South,596,58,0,0,0.0,248.89999999999998,2.1525,0.0,4.5,-2.0083673326242142e-16,2,124.44999999999999,Grocery,1,152.43036912751677
U_01971,Free,West,495,1,1,7,0.0,0.0,9.501851851851852,10.2175,22.333333333333332,0.011278195488721766,0,0.0,None,0,0.0
U_01972,Free,South,388,64,0,0,0.0,7.79,2.723333333333333,0.0,5.833333333333333,0.5999999999999999,1,7.79,Toys,1,7.328221649484536
U_01973,Free,South,-193,83,0,0,0.0,0.0,3.771666666666667,0.0,6.666666666666667,7.951207131982424e-18,0,0.0,None,1,0.0
U_01974,Pro,South,-5,98,0,0,0.0,0.0,0.3,0.0,1.0,0.0,0,0.0,None,1,0.0
U_01975,Free,North,-121,4,2,5,0.0,26.37,8.42913043478261,6.265000000000001,19.47826086956522,-0.02197802197802188,1,26.37,Toys,1,320.835
U_01976,Enterprise,West,-16,12,0,5,157.07,811.2200000000001,5.503333333333333,9.6,10.666666666666666,0.05944055944055945,7,115.88857142857145,Beauty,0,7040.131324358977
U_01977,Free,West,-51,14,0,2,0.0,0.0,1.73125,0.0,4.25,-0.1071428571428571,0,0.0,None,1,0.0
U_01978,Pro,South,795,5,1,3,211.60000000000002,678.1,7.812857142857145,4.28,17.357142857142858,-0.08181818181818179,6,113.01666666666667,Sports,0,311.32893081761006
U_01979,Free,East,301,6,1,4,0.0,14.05,5.286875,1.815,9.8125,7.764956847535262e-18,1,14.05,Beauty,0,17.037375415282394
U_01980,Free,West,-169,36,0,0,58.78,153.96,5.868461538461539,0.0,13.076923076923077,-0.03636363636363633,3,51.32,Fashion,1,1873.1800000000003
U_01981,Pro,East,-143,41,0,0,0.0,81.75,4.446666666666666,0.0,9.11111111111111,-0.035714285714285705,3,27.25,Electronics,0,994.625
U_01982,Pro,North,587,85,0,0,0.0,126.16,10.295833333333334,0.0,21.0,0.1785714285714286,1,126.16,Sports,0,78.44701873935264
U_01983,Free,South,403,122,0,0,0.0,0.0,3.335,0.0,8.5,-7.850462293418875e-17,0,0.0,None,1,0.0
U_01984,Pro,North,178,4,1,10,0.0,27.17,9.605483870967742,9.695,20.29032258064516,0.002450980392156893,1,27.17,Beauty,0,55.71376404494383
U_01985,Pro,North,464,26,0,1,0.0,0.0,1.3599999999999999,0.0,2.5,-2.0083673326242142e-16,0,0.0,None,1,0.0
U_01986,Enterprise,South,287,3,1,8,317.59000000000003,606.48,9.326969696969698,11.67,20.87878787878788,-0.007223942208462324,7,86.64,Toys,0,771.3073170731708
U_01987,Free,East,779,8,0,1,0.0,70.11,6.219411764705883,14.56,13.941176470588236,0.027272727272727317,2,35.055,Electronics,0,32.85
U_01988,Pro,East,391,99,0,0,0.0,239.12,3.5125,0.0,7.0,-2.0083673326242142e-16,3,79.70666666666666,Beauty,1,223.21943734015343
U_01989,Pro,North,314,1,1,4,35.64,117.83,6.378260869565218,5.6,14.0,0.05441176470588235,4,29.4575,Grocery,0,136.96799363057326
U_01990,Pro,North,830,84,0,0,0.0,0.0,5.3985714285714295,0.0,11.571428571428571,0.09999999999999995,0,0.0,None,1,0.0
U_01991,Pro,West,704,46,0,0,0.0,269.14,4.624444444444445,0.0,9.444444444444445,6.633138920230202e-17,4,67.285,Fashion,1,139.53991477272726
U_01992,Free,North,-181,25,0,2,0.0,0.0,5.616428571428571,0.0,11.928571428571429,-0.13333333333333328,0,0.0,None,1,0.0
U_01993,Free,East,25,48,0,0,0.0,0.0,2.7616666666666667,0.0,5.5,-0.10000000000000012,0,0.0,None,1,0.0
U_01994,Pro,West,-146,48,0,0,0.0,62.16,0.8999999999999999,0.0,2.0,1.0276789547548596e-16,1,62.16,Grocery,0,756.28
U_01995,Free,South,177,32,0,0,0.0,29.14,2.8137499999999998,0.0,5.5,4.467601671878703e-17,1,29.14,Toys,1,60.0909604519774
U_01996,Enterprise,North,-10,20,0,2,0.0,248.90999999999997,6.9799999999999995,0.0,15.588235294117647,-0.038461538461538394,3,82.96999999999998,Grocery,0,3028.4049999999997
U_01997,Pro,West,-90,40,0,0,0.0,0.0,3.868,0.0,8.4,-1.0507920739455759e-16,0,0.0,None,1,0.0
U_01998,Pro,South,-91,0,2,4,29.0,74.14,9.7825,9.440000000000001,22.05,-3.753198998568211e-17,4,18.535,Home,0,902.0366666666666
U_01999,Free,South,816,5,1,1,0.0,0.0,4.5609090909090915,2.45,11.727272727272727,-0.10714285714285712,0,0.0,None,0,0.0
U_02000,Free,South,169,9,0,5,0.0,0.0,7.903421052631579,11.065,16.736842105263158,-0.0491228070175439,0,0.0,None,1,0.0
U_02001,Free,North,569,20,0,2,0.0,22.79,5.664736842105263,0.0,12.210526315789474,0.02499999999999998,1,22.79,Grocery,0,14.619244288224957
U_02002,Free,West,129,0,3,5,29.22,39.97,6.4584210526315795,7.2875,13.68421052631579,0.006593406593406534,2,19.985,Books,0,113.09341085271318
U_02003,Free,East,561,20,0,1,0.0,39.14,3.5042857142857144,0.0,6.714285714285714,-0.08571428571428566,2,19.57,Electronics,1,25.46541889483066
U_02004,Free,South,274,17,0,1,0.0,40.32,4.252857142857144,0.0,10.0,4.8870404991229254e-17,1,40.32,Books,1,53.71094890510949
U_02005,Free,South,-133,31,0,0,0.0,20.55,6.0181818181818185,0.0,12.181818181818182,-0.13333333333333328,1,20.55,Books,0,250.025
U_02006,Free,South,190,11,0,2,0.0,0.0,8.028,8.86,16.35,0.03214285714285717,0,0.0,None,0,0.0
U_02007,Pro,North,585,78,0,0,0.0,0.0,3.74,0.0,9.0,0.0,0,0.0,None,1,0.0
U_02008,Free,West,298,56,0,0,0.0,0.0,5.968999999999999,0.0,14.4,-0.34285714285714286,0,0.0,None,0,0.0
U_02009,Free,South,390,5,2,5,0.0,20.09,4.568,2.7099999999999995,10.466666666666667,-0.04242424242424242,2,10.045,Beauty,0,18.802179487179487
U_02010,Pro,South,-161,19,0,4,18.88,151.44,9.696521739130434,0.0,23.130434782608695,-0.024175824175824274,3,50.48,Fashion,0,1842.52
U_02011,Pro,East,546,1,2,6,86.13,160.81,10.119705882352942,9.846666666666666,21.735294117647058,-0.022058823529411728,3,53.60333333333333,Fashion,0,107.50119047619047
U_02012,Enterprise,East,527,16,0,3,0.0,0.0,3.5090909090909084,0.0,7.2727272727272725,0.14285714285714285,0,0.0,None,1,0.0
U_02013,Free,North,162,13,0,3,0.0,48.96,6.897333333333334,6.57,14.933333333333334,0.06363636363636359,1,48.96,Home,0,110.31111111111112
U_02014,Enterprise,North,724,5,1,1,0.0,75.27,5.185999999999999,2.11,11.8,0.018181818181818188,1,75.27,Home,0,37.94689226519337
U_02015,Pro,South,219,48,0,0,0.0,66.37,0.35,0.0,1.0,-7.850462293418875e-17,1,66.37,Fashion,1,110.61666666666667
U_02016,Free,West,-167,66,0,0,0.0,44.33,4.175,0.0,10.0,-0.17142857142857149,1,44.33,Beauty,1,539.3483333333334
U_02017,Free,West,305,0,2,5,0.0,0.0,7.2225,3.7466666666666675,14.9375,0.04835164835164833,0,0.0,None,0,0.0
U_02018,Pro,West,566,20,0,1,12.02,159.18,6.482222222222222,0.0,13.833333333333334,-0.039285714285714236,4,39.795,Toys,1,102.65141342756185
U_02019,Pro,West,355,38,0,0,0.0,96.74,4.083846153846154,0.0,8.307692307692308,0.0787878787878788,2,48.37,Fashion,1,99.4650704225352
U_02020,Pro,South,283,83,0,0,0.0,0.0,3.83,0.0,9.0,0.0,0,0.0,None,1,0.0
U_02021,Pro,West,694,0,1,5,122.73,436.41,9.46423076923077,10.815000000000001,22.26923076923077,-0.044117647058823505,6,72.735,Toys,0,229.52399135446686
U_02022,Free,North,720,23,0,1,6.46,6.46,4.203636363636363,0.0,9.181818181818182,-0.03571428571428568,1,6.46,Sports,1,3.274861111111111
U_02023,Free,West,712,59,0,0,0.0,0.0,3.5637499999999998,0.0,7.625,0.05714285714285718,0,0.0,None,0,0.0
U_02024,Free,South,540,4,1,3,0.0,0.0,4.750624999999999,4.46,10.125,0.032967032967033,0,0.0,None,0,0.0
U_02025,Free,East,419,10,0,2,0.0,0.0,6.614285714285715,3.5,16.571428571428573,-3.543039230717604e-18,0,0.0,None,1,0.0
U_02026,Pro,South,545,73,0,0,0.0,20.56,3.4966666666666666,0.0,8.333333333333334,0.9999999999999998,1,20.56,Home,1,13.769541284403669
U_02027,Free,East,593,7,0,5,0.0,0.0,8.373928571428571,8.106666666666667,18.321428571428573,0.05392156862745097,0,0.0,None,0,0.0
U_02028,Pro,North,759,999,0,0,0.0,0.0,0.0,0.0,0.0,0.0,0,0.0,None,1,0.0
U_02029,Free,North,270,36,0,0,0.0,0.0,5.592631578947368,0.0,12.157894736842104,0.02447552447552457,0,0.0,None,1,0.0
U_02030,Pro,East,-43,2,1,4,0.0,429.51000000000005,9.488499999999998,8.23,21.4,-0.03516483516483523,6,71.58500000000001,Books,0,5225.705000000001
U_02031,Enterprise,North,202,88,0,0,0.0,0.0,3.892857142857143,0.0,8.857142857142858,-0.028571428571428543,0,0.0,None,1,0.0
U_02032,Pro,West,245,4,2,5,35.55,234.29000000000002,11.163999999999998,10.270000000000001,25.466666666666665,-0.029824561403508774,6,39.04833333333334,Fashion,0,349.04428571428576
U_02033,Free,West,159,62,0,0,0.0,65.75,3.902,0.0,8.4,0.0714285714285715,2,32.875,Electronics,0,150.93553459119497
U_02034,Free,West,638,1,1,6,12.77,38.879999999999995,9.461923076923076,11.563333333333333,19.23076923076923,-0.01764705882352937,2,19.439999999999998,Electronics,0,22.24326018808777
U_02035,Free,North,95,102,0,0,0.0,0.0,2.8000000000000003,0.0,6.0,0.5000000000000002,0,0.0,None,1,0.0
U_02036,Pro,North,361,56,0,0,0.0,46.9,1.741111111111111,0.0,3.5555555555555554,-0.08333333333333319,2,23.45,Beauty,0,47.4196675900277
U_02037,Pro,North,268,3,3,5,42.15,222.15,8.656521739130433,11.266666666666666,19.695652173913043,0.0014705882352941124,4,55.5375,Beauty,0,302.5550373134328
U_02038,Pro,West,199,13,0,3,0.0,462.78000000000003,7.116363636363636,4.81,17.09090909090909,0.0060606060606061005,6,77.13000000000001,Sports,0,848.8175879396986
U_02039,Free,South,353,21,0,1,0.0,0.0,6.853846153846153,0.0,15.538461538461538,0.03571428571428579,0,0.0,None,0,0.0
U_02040,Free,North,522,20,0,1,0.0,0.0,2.5354545454545456,0.0,5.454545454545454,-0.00606060606060605,0,0.0,None,0,0.0
U_02041,Free,North,594,4,1,7,36.57,66.31,6.78217391304348,3.6950000000000003,15.304347826086957,0.030882352941176482,2,33.155,Grocery,0,40.74604377104377
U_02042,Free,West,616,35,0,0,0.0,15.45,4.385,0.0,8.5,-0.10000000000000012,1,15.45,Fashion,1,9.154626623376622
U_02043,Free,East,306,13,0,1,0.0,0.0,4.877857142857143,6.51,9.642857142857142,0.024242424242424274,0,0.0,None,0,0.0
U_02044,Pro,South,444,26,0,1,0.0,0.0,1.852857142857143,0.0,4.571428571428571,0.02857142857142864,0,0.0,None,1,0.0
U_02045,Free,East,228,36,0,0,0.0,0.0,6.078181818181818,0.0,13.181818181818182,5.182935284148092e-17,0,0.0,None,1,0.0
U_02046,Enterprise,East,840,65,0,0,80.5,1057.8200000000002,9.083333333333334,0.0,18.733333333333334,0.06043956043956044,10,105.78200000000001,Books,1,459.64797619047624
U_02047,Free,North,477,35,0,0,0.0,0.0,3.0549999999999997,0.0,5.75,-2.0083673326242142e-16,0,0.0,None,1,0.0
U_02048,Pro,East,-66,48,0,0,0.0,17.79,4.070909090909091,0.0,8.909090909090908,0.10714285714285723,1,17.79,Toys,0,216.445
U_02049,Free,North,598,6,1,1,0.0,78.62,4.505,1.01,9.333333333333334,7.951207131982424e-18,2,39.31,Books,1,47.9871237458194
U_02050,Free,East,259,4,1,7,8.17,63.05,8.19032258064516,8.23,18.677419354838708,0.010294117647058891,3,21.016666666666666,Sports,0,88.8542471042471
U_02051,Pro,West,329,37,0,0,0.0,164.37,4.887142857142857,0.0,10.714285714285714,5.892578734653725e-17,3,54.79,Beauty,1,182.35577507598785
U_02052,Free,South,549,90,0,0,0.0,0.0,7.439999999999999,0.0,18.363636363636363,0.011904761904761932,0,0.0,None,0,0.0
U_02053,Enterprise,East,-200,4,1,1,0.0,423.36,4.652941176470588,8.06,10.235294117647058,0.010989010989010999,5,84.672,Toys,0,5150.88
U_02054,Free,South,537,10,0,4,0.0,0.0,2.834285714285714,9.5,6.0,4.8870404991229254e-17,0,0.0,None,1,0.0
U_02055,Free,East,29,0,1,4,0.0,59.489999999999995,8.595555555555555,10.29,18.444444444444443,-0.008823529411764718,2,29.744999999999997,Toys,0,723.795
U_02056,Enterprise,East,683,2,2,4,0.0,96.36,4.251176470588235,6.955,8.764705882352942,0.017482517482517515,1,96.36,Toys,0,51.495461200585645
U_02057,Pro,West,781,1,3,10,0.0,12.19,7.700333333333333,8.1,16.333333333333332,0.032142857142857195,1,12.19,Fashion,0,5.696991037131882
U_02058,Pro,East,-76,88,0,0,72.61,172.31,8.69625,0.0,19.875,0.05714285714285718,2,86.155,Fashion,0,2096.4383333333335
U_02059,Free,West,383,7,0,3,12.24,61.56,6.2675,13.12,12.875,-0.03846153846153841,3,20.52,Fashion,0,58.6668407310705
U_02060,Pro,South,786,5,1,6,0.0,282.2,10.677586206896553,7.836666666666666,23.75862068965517,-0.08571428571428572,5,56.44,Grocery,0,131.0470737913486
U_02061,Enterprise,West,439,20,0,2,53.32,249.06,6.234615384615386,0.0,13.153846153846153,0.0363636363636364,3,83.02,Grocery,0,207.07722095671983
U_02062,Free,East,384,3,1,2,0.0,25.51,3.9769230769230766,4.085,9.384615384615385,-0.21666666666666662,1,25.51,Books,0,24.247786458333334
U_02063,Pro,West,69,7,0,1,0.0,105.94,3.626666666666667,0.3,7.666666666666667,1.0276789547548596e-16,2,52.97,Grocery,1,560.4072463768116
U_02064,Free,South,736,88,0,0,0.0,6.44,5.148333333333333,0.0,9.5,-4.8374234447508063e-17,1,6.44,Grocery,0,3.19375
U_02065,Pro,West,612,28,0,1,0.0,211.94,6.8741666666666665,0.0,15.0,0.02380952380952389,3,70.64666666666666,Sports,1,126.40212418300652
U_02066,Free,South,-170,65,0,0,0.0,0.0,6.716999999999999,0.0,15.0,0.1785714285714286,0,0.0,None,1,0.0
U_02067,Free,South,65,71,0,0,0.0,0.0,1.8716666666666668,0.0,4.5,0.39999999999999974,0,0.0,None,1,0.0
U_02068,Pro,West,688,12,0,2,27.49,172.78,4.755833333333333,9.78,11.333333333333334,-0.02424242424242422,2,86.39,Beauty,0,91.66380813953488
U_02069,Free,East,493,3,3,6,0.0,38.69,10.413142857142857,9.113333333333333,22.228571428571428,0.05056759545923636,1,38.69,Books,0,28.644726166328596
U_02070,Pro,South,477,6,1,10,0.0,464.45000000000005,9.512857142857143,14.274999999999999,20.685714285714287,0.00980392156862753,6,77.40833333333335,Books,0,355.39675052410905
U_02071,Pro,North,133,95,0,0,0.0,0.0,4.87,0.0,8.0,-7.850462293418875e-17,0,0.0,None,1,0.0
U_02072,Free,West,196,29,0,1,0.0,41.84,7.69,0.0,19.5,-0.04761904761904752,1,41.84,Sports,0,77.91632653061225
U_02073,Pro,South,-54,8,0,5,0.0,80.19,8.59157894736842,8.35,18.68421052631579,0.07142857142857147,1,80.19,Fashion,0,975.645
U_02074,Pro,East,-23,36,0,0,0.0,304.07,6.748823529411764,0.0,15.0,-0.05454545454545448,4,76.0175,Beauty,1,3699.5183333333334
U_02075,Free,North,301,5,1,6,0.0,33.18,7.8400000000000025,6.99,17.954545454545453,0.0923076923076923,2,16.59,Sports,0,40.23488372093023
U_02076,Free,West,65,2,1,4,14.8,64.04,6.258666666666667,2.705,14.266666666666667,0.03296703296703301,2,32.02,Beauty,0,359.6092307692308
U_02077,Free,South,60,13,0,2,0.0,0.0,6.661764705882353,7.18,12.588235294117647,-0.010989010989011021,0,0.0,None,1,0.0
U_02078,Enterprise,North,43,29,0,1,0.0,410.45000000000005,5.401999999999999,0.0,13.0,1.6054209807821413e-17,6,68.40833333333335,Toys,1,3484.052325581396
U_02079,Free,North,346,3,2,7,0.0,32.510000000000005,7.739599999999999,11.4,17.44,0.10357142857142858,2,16.255000000000003,Grocery,0,34.29523121387284
U_02080,Pro,West,16,25,0,1,81.63,412.65,9.143333333333333,0.0,18.055555555555557,-0.03636363636363644,6,68.77499999999999,Beauty,0,5020.575
U_02081,Free,North,97,14,0,2,0.0,84.28,5.266666666666667,0.0,11.11111111111111,-0.05952380952380944,2,42.14,Beauty,0,317.1360824742268
U_02082,Free,West,-123,59,0,0,17.63,129.74,7.166428571428571,0.0,14.428571428571429,0.018181818181818188,4,32.435,Beauty,0,1578.5033333333336
U_02083,Pro,West,717,74,0,0,0.0,0.0,3.9299999999999997,0.0,8.0,-2.0083673326242142e-16,0,0.0,None,1,0.0
U_02084,Pro,North,-76,9,0,8,0.0,0.0,4.391111111111112,6.74,9.222222222222221,0.036363636363636355,0,0.0,None,0,0.0
U_02085,Free,North,848,55,0,0,0.0,18.48,3.5089999999999995,0.0,7.5,0.0714285714285715,1,18.48,Electronics,0,7.954245283018867
U_02086,Enterprise,West,36,63,0,0,0.0,219.35000000000002,5.033076923076923,0.0,10.692307692307692,-0.01818181818181815,3,73.11666666666667,Electronics,0,2223.965277777778
U_02087,Enterprise,West,228,1,2,5,135.02,511.34000000000003,7.291250000000001,10.355,16.125,-0.010714285714285716,4,127.83500000000001,Grocery,0,818.5925438596491
U_02088,Pro,East,322,18,0,1,16.86,147.07,3.7877777777777784,0.0,7.666666666666667,0.059523809523809486,2,73.535,Toys,0,166.70978260869563
U_02089,Free,South,-174,20,0,2,0.0,62.47,8.091111111111111,0.0,18.0,-0.00879120879120884,2,31.235,Fashion,1,760.0516666666666
U_02090,Pro,East,243,0,2,5,229.17,541.14,11.7146875,11.2425,26.4375,0.039215686274509796,8,67.6425,Fashion,0,812.8234567901234
U_02091,Pro,East,407,1,1,3,132.22,163.94,6.011904761904761,5.3,14.047619047619047,-0.0021978021978022334,2,81.97,Fashion,0,147.02235872235872
U_02092,Free,East,17,6,1,6,0.0,0.0,7.341111111111112,5.596666666666667,17.166666666666668,0.032967032967032954,0,0.0,None,0,0.0
U_02093,Pro,East,-78,38,0,0,0.0,0.0,2.84,0.0,6.285714285714286,0.19999999999999996,0,0.0,None,1,0.0
U_02094,Free,East,205,74,0,0,0.0,33.27,4.633333333333334,0.0,11.5,-0.10000000000000012,2,16.635,Sports,1,59.23682926829269
U_02095,Free,West,448,62,0,0,17.0,17.0,3.934615384615385,0.0,8.923076923076923,0.06666666666666672,1,17.0,Fashion,1,13.850446428571427
U_02096,Pro,East,370,13,0,2,66.34,90.75,6.210454545454545,0.5,13.772727272727273,-0.03296703296703293,2,45.375,Sports,0,89.52364864864865
U_02097,Free,North,364,63,0,0,0.0,46.62,6.862941176470588,0.0,15.647058823529411,0.1030303030303031,1,46.62,Home,1,46.748076923076916
U_02098,Free,South,82,0,1,5,0.0,74.69,9.5988,9.0325,21.92,0.004901960784313755,2,37.345,Grocery,0,332.46158536585364
U_02099,Pro,West,540,1,2,5,54.76,262.0,9.904230769230772,7.096666666666667,22.0,-0.05392156862745093,4,65.5,Beauty,0,177.09259259259258
U_02100,Pro,East,436,98,0,0,82.18,151.89000000000001,4.678333333333333,0.0,10.833333333333334,7.951207131982424e-18,3,50.63,Books,1,127.15561926605507
U_02101,Free,North,260,30,0,0,0.0,0.0,2.4599999999999995,0.0,6.0,-1.0,0,0.0,None,1,0.0
U_02102,Pro,North,443,4,1,5,55.69,175.85,7.3612,7.33,15.2,-0.019117647058823448,4,43.9625,Grocery,0,144.88769751693002
U_02103,Pro,North,509,72,0,0,0.0,35.47,4.832,0.0,9.8,-8.265272983342958e-17,1,35.47,Toys,0,25.435265225933204
U_02104,Free,North,13,37,0,0,0.0,11.19,2.782,0.0,6.4,-0.11904761904761889,1,11.19,Toys,1,136.145
U_02105,Free,West,-53,15,0,1,0.0,48.57,4.0145454545454555,0.0,9.0,-0.03333333333333321,2,24.285,Fashion,0,590.935
U_02106,Free,South,320,0,2,11,30.56,92.8,9.079444444444444,8.468,21.11111111111111,0.08947368421052629,4,23.2,Fashion,0,105.85
U_02107,Pro,West,379,17,0,3,69.12,127.15,2.9299999999999997,0.0,6.636363636363637,0.05454545454545453,2,63.575,Electronics,0,122.45316622691293
U_02108,Free,East,656,3,1,2,18.04,56.68,7.32,6.140000000000001,15.214285714285714,0.02097902097902098,2,28.34,Beauty,0,31.536890243902437
U_02109,Pro,West,528,4,1,4,75.83,400.71999999999997,6.456153846153847,7.69,13.23076923076923,0.007352941176470606,4,100.17999999999999,Beauty,0,277.0128787878788
U_02110,Pro,East,698,9,0,5,0.0,387.58,9.441739130434783,11.003333333333332,19.08695652173913,0.022058823529411787,7,55.36857142857143,Electronics,0,202.6743553008596
U_02111,Free,South,239,42,0,0,0.0,42.78,6.768125,0.0,15.3125,0.04761904761904775,1,42.78,Grocery,1,65.33347280334729
U_02112,Free,North,233,20,0,1,29.43,29.43,6.429166666666666,0.0,13.666666666666666,-0.06666666666666658,2,14.715,Books,0,46.10278969957081
U_02113,Free,North,759,36,0,0,0.0,107.02,4.471538461538462,0.0,9.0,0.32142857142857134,1,107.02,Home,1,51.465480895915675
U_02114,Free,West,-128,6,1,2,0.0,0.0,9.018636363636363,9.375,18.818181818181817,-6.393130091643426e-18,0,0.0,None,0,0.0
U_02115,Pro,West,507,21,0,1,0.0,133.6,5.706153846153847,0.0,13.0,-0.06363636363636359,2,66.8,Books,1,96.18145956607493
U_02116,Free,West,-47,19,0,1,0.0,0.0,2.06,0.0,4.0,-7.850462293418875e-17,0,0.0,None,1,0.0
U_02117,Free,North,-41,54,0,0,0.0,45.81,7.630625,0.0,16.3125,-0.10909090909090904,2,22.905,Beauty,0,557.355
U_02118,Free,North,-170,17,0,1,0.0,42.04,4.524285714285714,0.0,9.714285714285714,0.02857142857142864,2,21.02,Grocery,1,511.4866666666667
U_02119,Free,West,635,27,0,1,0.0,36.44,2.8187499999999996,0.0,6.0,-0.1071428571428571,1,36.44,Fashion,1,20.945826771653543
U_02120,Pro,West,398,2,2,6,70.65,256.08000000000004,11.652424242424244,10.835,25.727272727272727,0.002450980392156866,2,128.04000000000002,Beauty,0,234.8472361809046
U_02121,Pro,West,-118,107,0,0,0.0,0.0,1.95,0.0,3.5,-7.850462293418875e-17,0,0.0,None,1,0.0
U_02122,Pro,West,841,10,0,1,0.0,246.00000000000003,9.93153846153846,3.64,21.346153846153847,-0.03928571428571426,4,61.50000000000001,Electronics,1,106.76575505350773
U_02123,Pro,North,802,0,2,5,42.71,223.74,5.7735,5.029999999999999,12.6,-0.00879120879120884,4,55.935,Sports,0,101.82680798004988
U_02124,Pro,East,250,0,2,7,0.0,189.15,9.346333333333336,8.986666666666666,21.1,0.007142857142857114,3,63.050000000000004,Beauty,0,276.159
U_02125,Free,North,322,51,0,0,0.0,59.66,5.6433333333333335,0.0,12.666666666666666,7.951207131982424e-18,1,59.66,Beauty,1,67.62701863354037
U_02126,Enterprise,East,-129,0,4,9,247.07,415.51,10.889629629629631,11.36,23.444444444444443,0.05735294117647057,6,69.25166666666667,Electronics,0,5055.371666666667
U_02127,Pro,West,28,3,2,7,0.0,138.45000000000002,9.147142857142857,7.005,20.964285714285715,0.010319917440660463,4,34.612500000000004,Beauty,0,1684.4750000000001
U_02128,Free,West,278,13,0,1,0.0,0.0,5.604117647058824,1.4,11.176470588235293,-0.20000000000000007,0,0.0,None,1,0.0
U_02129,Free,West,-212,62,0,0,0.0,46.09,10.453125,0.0,23.5625,0.0606060606060606,1,46.09,Sports,1,560.7616666666668
U_02130,Pro,East,301,2,1,2,131.09,279.78999999999996,8.520499999999998,6.51,19.25,0.02197802197802203,6,46.63166666666666,Electronics,0,339.28023255813946
U_02131,Pro,East,301,24,0,3,0.0,220.51,8.166470588235295,0.0,17.352941176470587,0.03296703296703295,3,73.50333333333333,Fashion,1,267.39584717607977
U_02132,Free,South,122,5,1,6,8.9,97.60000000000001,11.423214285714286,9.31,27.071428571428573,0.016511867905056755,5,19.520000000000003,Electronics,0,292.0
U_02133,Free,East,437,49,0,0,16.3,64.95,6.746428571428572,0.0,15.0,-0.07272727272727272,2,32.475,Home,1,54.24885583524028
U_02134,Enterprise,South,471,3,1,6,13.75,212.12,4.497857142857143,2.39,10.285714285714286,0.04195804195804198,2,106.06,Grocery,0,164.38174097664546
U_02135,Pro,South,219,2,2,6,47.29,380.88,9.047741935483872,9.473333333333334,19.193548387096776,-0.024509803921568506,5,76.176,Sports,0,634.8
U_02136,Free,West,478,50,0,0,0.0,0.0,3.892857142857143,0.0,8.142857142857142,4.8870404991229254e-17,0,0.0,None,1,0.0
U_02137,Free,South,-158,1,1,5,0.0,37.88,5.341363636363636,2.645,11.590909090909092,-0.03846153846153851,1,37.88,Grocery,0,460.8733333333334
U_02138,Pro,East,131,49,0,0,0.0,77.39,3.8088888888888883,0.0,7.555555555555555,0.14285714285714277,1,77.39,Home,1,215.62862595419847
U_02139,Free,East,293,12,0,2,0.0,0.0,7.152777777777778,1.55,15.61111111111111,-0.01818181818181817,0,0.0,None,1,0.0
U_02140,Pro,North,747,1,4,7,37.89,222.54000000000002,7.408947368421051,9.868333333333334,15.31578947368421,0.10909090909090911,5,44.508,Electronics,0,108.73775100401606
U_02141,Pro,West,453,1,1,3,0.0,458.42,7.120416666666667,9.445,14.333333333333334,-0.008823529411764681,5,91.684,Electronics,0,369.3671081677705
U_02142,Pro,East,425,5,1,6,0.0,110.05,8.957241379310343,10.83,18.17241379310345,-0.013235294117647038,2,55.025,Fashion,0,94.51352941176471
U_02143,Free,West,254,3,2,4,56.370000000000005,94.03,6.324,4.873333333333334,14.12,-0.07692307692307682,4,23.5075,Electronics,0,135.1218503937008
U_02144,Free,North,241,10,0,1,0.0,0.0,3.3650000000000007,0.09,6.3,-0.20000000000000018,0,0.0,None,0,0.0
U_02145,Free,West,-85,3,1,3,0.0,110.12,6.64764705882353,9.85,12.823529411764707,-0.1272727272727272,2,55.06,Grocery,0,1339.7933333333335
U_02146,Free,North,-176,42,0,0,0.0,179.93,8.43,0.0,20.153846153846153,-0.016666666666666535,4,44.9825,Beauty,1,2189.148333333333
U_02147,Free,East,334,9,0,6,0.0,0.0,9.93758620689655,13.325,21.551724137931036,0.04411764705882354,0,0.0,None,0,0.0
U_02148,Free,North,383,48,0,0,0.0,18.91,6.397,0.0,13.0,6.363375692412363e-17,1,18.91,Home,0,18.021279373368145
U_02149,Pro,South,187,31,0,0,0.0,93.48,3.08,0.0,6.454545454545454,-2.7015400095935113e-16,3,31.16,Fashion,1,182.46096256684493
U_02150,Pro,South,-209,73,0,0,0.0,0.0,1.5699999999999998,0.0,3.0,-1.0507920739455759e-16,0,0.0,None,1,0.0
U_02151,Free,West,487,2,2,5,0.0,54.7,6.511666666666667,6.29,14.833333333333334,0.008791208791208715,2,27.35,Books,0,40.99691991786448
U_02152,Free,West,287,999,0,0,0.0,0.0,0.0,0.0,0.0,0.0,0,0.0,None,1,0.0
U_02153,Free,South,-17,5,1,2,65.78,79.22,8.609545454545453,8.530000000000001,18.636363636363637,-0.026470588235294103,4,19.805,Sports,0,963.8433333333334
U_02154,Free,South,671,12,0,1,0.0,0.0,2.561,0.7,5.7,1.6054209807821413e-17,0,0.0,None,0,0.0
U_02155,Pro,North,513,1,1,1,0.0,0.0,0.22999999999999998,0.09,1.0,-1.0,0,0.0,None,1,0.0
U_02156,Pro,North,-191,20,0,1,32.37,377.59,7.288636363636363,0.0,15.409090909090908,0.03846153846153847,5,75.518,Books,1,4594.011666666666
U_02157,Free,North,-28,9,0,4,0.0,20.81,7.788235294117646,1.42,18.058823529411764,-0.03846153846153843,1,20.81,Books,1,253.18833333333333
U_02158,Pro,West,306,0,3,6,0.0,88.54,6.395238095238095,5.319999999999999,13.666666666666666,2.9566030442023096e-17,3,29.513333333333335,Sports,0,105.61143790849674
U_02159,Pro,North,735,25,0,1,0.0,234.10000000000002,6.255714285714286,0.0,14.047619047619047,0.04175824175824177,5,46.82000000000001,Home,0,116.25374149659864
U_02160,Free,West,-101,78,0,0,0.0,0.0,4.081428571428571,0.0,8.571428571428571,0.09999999999999995,0,0.0,None,1,0.0
U_02161,Pro,South,117,6,1,10,0.0,371.47999999999996,8.504736842105263,6.5225,18.105263157894736,0.02631578947368418,4,92.86999999999999,Home,0,1158.890598290598
U_02162,Pro,North,-22,98,0,0,0.0,23.55,6.781666666666667,0.0,14.5,0.0999999999999999,1,23.55,Beauty,0,286.52500000000003
U_02163,Pro,South,-203,104,0,0,0.0,0.0,6.4275,0.0,12.0,-2.0083673326242142e-16,0,0.0,None,0,0.0
U_02164,Pro,North,-94,34,0,0,66.32,161.45,6.600999999999999,0.0,14.3,-0.020979020979020862,3,53.81666666666666,Toys,1,1964.3083333333332
U_02165,Free,North,404,19,0,1,0.0,13.78,2.135,0.0,5.5,-0.5,1,13.78,Sports,1,12.449752475247523
U_02166,Free,East,686,64,0,0,0.0,40.53,3.671666666666667,0.0,7.333333333333333,7.951207131982424e-18,1,40.53,Grocery,1,21.56479591836735
U_02167,Pro,West,543,69,0,0,0.0,0.0,3.145,0.0,7.5,7.951207131982424e-18,0,0.0,None,1,0.0
U_02168,Free,West,307,84,0,0,0.0,0.0,3.3716666666666666,0.0,7.666666666666667,7.951207131982424e-18,0,0.0,None,1,0.0
U_02169,Free,South,314,8,0,2,0.0,0.0,2.859375,0.19,5.6875,0.01398601398601396,0,0.0,None,1,0.0
U_02170,Free,East,652,9,0,1,22.91,22.91,6.936190476190476,3.15,15.19047619047619,-0.06323529411764697,1,22.91,Fashion,0,12.825383435582822
U_02171,Pro,East,658,1,4,10,158.71,380.33000000000004,11.451764705882354,11.166,24.08823529411765,0.03529411764705884,3,126.77666666666669,Sports,0,210.97332826747723
U_02172,Pro,West,181,51,0,0,0.0,0.0,3.0549999999999997,0.0,6.333333333333333,-4.025615028083654e-16,0,0.0,None,1,0.0
U_02173,Pro,East,210,24,0,2,30.08,288.03,6.199375,0.0,13.375,0.008791208791208783,5,57.605999999999995,Toys,0,500.6235714285714
U_02174,Enterprise,East,476,28,0,1,0.0,115.97999999999999,7.212666666666666,0.0,16.266666666666666,3.986606631895087e-17,2,57.989999999999995,Toys,1,88.93424369747899
U_02175,Free,North,-207,13,0,2,14.92,104.39999999999999,9.038260869565217,8.19,20.434782608695652,-0.01029411764705879,4,26.099999999999998,Fashion,0,1270.1999999999998
U_02176,Free,West,174,4,2,6,27.32,49.82,8.99076923076923,8.655,19.576923076923077,0.012254901960784364,2,24.91,Fashion,0,104.50747126436782
U_02177,Pro,West,807,0,2,7,110.45,537.65,9.566129032258065,10.317499999999999,20.93548387096774,-0.003571428571428588,7,76.80714285714285,Sports,0,243.17503097893433
U_02178,Free,North,414,7,0,5,0.0,59.91,9.791935483870969,8.29,21.870967741935484,-0.0030959752321981174,2,29.955,Grocery,0,52.81920289855072
U_02179,Pro,West,13,6,1,6,176.07999999999998,377.05,8.136000000000001,8.837499999999999,18.0,-0.039705882352941146,5,75.41,Home,0,4587.441666666667
U_02180,Free,West,526,1,1,5,0.0,110.05,5.6218518518518525,4.505,11.333333333333334,-0.017156862745098006,2,55.025,Electronics,0,76.36549429657795
U_02181,Free,West,116,41,0,0,0.0,16.08,2.2572727272727273,0.0,4.545454545454546,0.130952380952381,1,16.08,Books,0,50.59655172413793
U_02182,Free,North,848,4,2,2,0.0,10.59,4.262,4.1450000000000005,9.1,0.06666666666666664,1,10.59,Sports,1,4.558195754716981
U_02183,Free,East,528,115,0,0,0.0,88.07,9.051666666666668,0.0,18.833333333333332,2.0553579095097192e-16,3,29.356666666666666,Home,0,60.88172348484848
U_02184,Enterprise,East,-45,29,0,1,0.0,81.26,5.176,0.0,12.4,-1.0507920739455759e-16,1,81.26,Home,1,988.6633333333334
U_02185,Pro,West,228,4,1,2,0.0,238.18,8.157499999999999,2.03,18.25,-0.03921568627450972,4,59.545,Toys,0,381.2969298245614
U_02186,Free,South,140,4,2,8,0.0,0.0,11.171999999999999,11.502500000000001,25.833333333333332,0.037151702786377715,0,0.0,None,0,0.0
U_02187,Free,North,643,24,0,2,0.0,62.55,8.463636363636363,0.0,17.363636363636363,0.15476190476190477,2,31.275,Sports,0,35.50660964230171
U_02188,Pro,East,322,18,0,1,0.0,0.0,4.15625,0.0,8.375,-0.030769230769230813,0,0.0,None,0,0.0
U_02189,Free,South,263,25,0,1,62.09,110.78999999999999,7.372352941176471,0.0,16.58823529411765,-0.06363636363636369,3,36.93,Toys,0,153.7579847908745
U_02190,Pro,West,569,1,1,4,0.0,204.82,4.492000000000001,3.005,9.4,-0.032142857142857084,3,68.27333333333333,Electronics,0,131.3871704745167
U_02191,Free,North,163,0,1,1,0.0,34.92,3.458181818181818,0.62,6.909090909090909,-0.016666666666666663,2,17.46,Beauty,0,78.19509202453987
U_02192,Pro,East,286,0,2,6,0.0,270.37,8.724615384615383,9.948,19.653846153846153,0.05588235294117649,2,135.185,Beauty,0,345.05262237762236
U_02193,Free,West,-210,4,1,2,10.7,10.7,6.430909090909092,7.42,13.545454545454545,0.09999999999999999,1,10.7,Beauty,0,130.1833333333333
U_02194,Free,West,240,59,0,0,0.0,89.13999999999999,8.166470588235294,0.0,18.235294117647058,0.10139860139860139,2,44.56999999999999,Toys,0,135.56708333333333
U_02195,Pro,North,414,0,2,2,0.0,72.94,3.756875,0.3,7.6875,0.02727272727272728,1,72.94,Grocery,0,64.30700483091786
U_02196,Enterprise,East,723,2,1,4,94.56,413.46999999999997,8.2272,5.805,18.52,0.016483516483516626,3,137.82333333333332,Fashion,0,208.73658367911477
U_02197,Free,West,685,10,0,3,0.0,98.17,8.737857142857141,8.63,18.75,-0.032352941176470605,2,49.085,Fashion,0,52.30956204379562
U_02198,Enterprise,West,43,2,1,6,0.0,808.33,9.847272727272728,9.143333333333333,21.242424242424242,-0.0835913312693498,8,101.04125,Books,0,6861.405813953489
U_02199,Free,West,739,8,0,10,0.0,0.0,9.295625000000001,9.63,21.4375,0.08333333333333331,0,0.0,None,0,0.0
U_02200,Pro,West,746,5,1,6,197.29000000000002,249.01999999999998,11.886785714285717,8.49,25.214285714285715,0.016511867905056755,3,83.00666666666666,Sports,0,121.83954423592492
U_02201,Free,West,671,7,0,4,35.9,198.36,9.497586206896552,10.75,22.06896551724138,0.03928571428571433,5,39.672000000000004,Toys,0,107.90074515648287
U_02202,Free,South,296,1,2,6,0.0,78.58,10.352307692307692,12.515,23.46153846153846,0.017156862745098,2,39.29,Fashion,0,96.89763513513513
U_02203,Pro,South,-25,64,0,0,0.0,97.74000000000001,5.763999999999999,0.0,11.6,-0.07878787878787863,2,48.870000000000005,Fashion,0,1189.17
U_02204,Pro,East,199,24,0,2,62.07,97.57,7.729411764705882,0.0,16.941176470588236,0.1,2,48.785,Books,0,178.96005025125626
U_02205,Pro,South,-7,0,3,7,40.8,400.51,10.63914285714286,9.888,23.857142857142858,-0.01617647058823529,6,66.75166666666667,Beauty,0,4872.871666666667
U_02206,Free,West,786,17,0,2,0.0,0.0,2.4083333333333337,0.0,4.666666666666667,7.951207131982424e-18,0,0.0,None,1,0.0
U_02207,Pro,North,839,5,1,2,0.0,0.0,3.2939999999999996,0.83,7.4,1.6054209807821413e-17,0,0.0,None,0,0.0
U_02208,Free,South,31,19,0,1,0.0,0.0,1.3519999999999999,0.0,2.6,-1.0507920739455759e-16,0,0.0,None,0,0.0
U_02209,Free,North,508,107,0,0,0.0,0.0,0.3,0.0,1.0,0.0,0,0.0,None,1,0.0
U_02210,Pro,East,90,14,0,2,55.21,393.59999999999997,8.554285714285713,0.0,18.666666666666668,-0.027472527472527358,4,98.39999999999999,Home,0,1596.2666666666667
U_02211,Pro,South,475,22,0,2,0.0,158.24,12.168695652173914,0.0,30.47826086956522,-0.002197802197802302,2,79.12,Fashion,0,121.59494736842106
U_02212,Enterprise,West,672,84,0,0,0.0,471.85,6.262222222222222,0.0,15.333333333333334,0.10714285714285716,2,235.925,Beauty,0,256.2875744047619
U_02213,Enterprise,North,568,21,0,2,27.8,392.88,5.485,0.0,12.571428571428571,0.0818181818181818,3,130.96,Fashion,1,252.4669014084507
U_02214,Enterprise,East,746,11,0,1,0.0,143.1,3.895,0.76,9.083333333333334,3.509362590262302e-17,2,71.55,Toys,1,70.01541554959785
U_02215,Free,East,-111,48,0,0,0.0,0.0,4.124444444444444,0.0,10.0,0.011904761904761946,0,0.0,None,1,0.0
U_02216,Free,South,232,109,0,0,0.0,0.0,1.4216666666666669,0.0,3.6666666666666665,0.0999999999999999,0,0.0,None,1,0.0
U_02217,Free,West,481,23,0,2,0.0,0.0,6.337894736842105,0.0,13.210526315789474,0.032142857142857174,0,0.0,None,1,0.0
U_02218,Free,West,373,15,0,6,0.0,36.38,5.476000000000001,0.0,11.266666666666667,0.19999999999999996,2,18.19,Home,0,35.59973190348526
U_02219,Free,South,441,56,0,0,0.0,0.0,4.083333333333333,0.0,8.666666666666666,1.0276789547548596e-16,0,0.0,None,1,0.0
U_02220,Free,North,794,0,3,8,0.0,47.849999999999994,9.374857142857142,6.99,19.285714285714285,0.03199174406604752,3,15.949999999999998,Grocery,0,21.996536523929468
U_02221,Enterprise,East,-97,5,1,2,0.0,283.09,1.786,0.92,3.6,-1.0507920739455759e-16,2,141.545,Sports,0,3444.2616666666663
U_02222,Free,South,231,81,0,0,0.0,12.83,7.355555555555556,0.0,15.666666666666666,5.664759402336449e-18,1,12.83,Sports,1,20.272510822510824
U_02223,Enterprise,East,-170,53,0,0,0.0,0.0,3.72,0.0,8.666666666666666,1.0276789547548596e-16,0,0.0,None,1,0.0
U_02224,Pro,East,384,32,0,0,0.0,25.59,6.9994736842105265,0.0,16.473684210526315,0.018181818181818188,1,25.59,Beauty,1,24.323828125
U_02225,Free,West,191,2,3,11,0.0,29.35,10.630285714285714,9.775,23.428571428571427,-0.050549450549450564,2,14.675,Beauty,0,56.08769633507854
U_02226,Free,East,587,85,0,0,0.0,0.0,3.832,0.0,7.8,0.09999999999999981,0,0.0,None,1,0.0
U_02227,Enterprise,South,806,4,1,3,27.62,127.54,6.733636363636363,6.87,13.818181818181818,5.19065713512255e-18,2,63.77,Toys,0,57.75694789081886
U_02228,Free,South,-140,99,0,0,0.0,0.0,1.2,0.0,2.0,0.0,0,0.0,None,1,0.0
U_02229,Free,West,-59,0,2,3,0.0,0.0,6.551666666666666,6.59,13.416666666666666,0.0121212121212121,0,0.0,None,0,0.0
U_02230,Free,West,517,8,0,9,0.0,48.4,7.971818181818182,10.33,17.5,0.10989010989010993,1,48.4,Books,0,34.170212765957444
U_02231,Free,North,-106,111,0,0,0.0,0.0,1.135,0.0,2.5,-7.850462293418875e-17,0,0.0,None,1,0.0
U_02232,Free,East,-17,6,1,2,9.48,9.48,9.190454545454546,7.46,20.681818181818183,-0.05714285714285708,1,9.48,Grocery,0,115.34
U_02233,Free,West,529,12,0,6,0.0,117.63000000000001,10.776896551724139,15.68,24.137931034482758,0.007352941176470619,4,29.407500000000002,Beauty,0,81.1624763705104
U_02234,Free,North,210,8,0,7,32.08,32.08,8.588333333333333,9.549999999999999,18.583333333333332,0.14065934065934066,1,32.08,Electronics,0,55.75809523809524
U_02235,Pro,East,-171,4,1,9,139.65,422.28999999999996,6.946666666666667,6.906666666666666,15.433333333333334,0.014705882352941178,6,70.38166666666666,Beauty,0,5137.861666666667
U_02236,Enterprise,East,324,0,2,6,0.0,420.49,6.467777777777777,5.94,14.666666666666666,-0.044117647058823525,7,60.07,Electronics,0,473.7001543209877
U_02237,Pro,West,-160,49,0,0,0.0,130.82,6.687692307692307,0.0,16.23076923076923,0.09999999999999992,3,43.60666666666666,Home,1,1591.6433333333332
U_02238,Free,West,594,6,1,8,0.0,57.290000000000006,8.365555555555556,8.083333333333334,18.555555555555557,0.06593406593406592,2,28.645000000000003,Grocery,0,35.20345117845118
U_02239,Pro,South,437,121,0,0,0.0,66.1,0.63,0.0,1.0,0.0,1,66.1,Electronics,1,55.20938215102975
U_02240,Pro,East,87,14,0,3,0.0,13.38,7.926428571428572,0.0,16.357142857142858,0.16666666666666666,1,13.38,Grocery,0,56.13448275862069
U_02241,Enterprise,East,616,21,0,3,0.0,235.95,3.4826666666666655,0.0,6.866666666666666,-0.042424242424242364,2,117.975,Fashion,0,139.8080357142857
U_02242,Enterprise,South,523,22,0,1,0.0,207.37,1.75,0.0,3.6666666666666665,1.0276789547548596e-16,1,207.37,Beauty,0,144.72284894837478
U_02243,Enterprise,East,-81,52,0,0,0.0,139.06,5.34909090909091,0.0,13.181818181818182,3.628312093936146e-17,2,69.53,Grocery,1,1691.8966666666668
U_02244,Free,South,336,14,0,4,61.45,93.2,9.20375,0.0,19.333333333333332,0.010989010989011038,4,23.3,Books,0,101.24404761904762
U_02245,Free,East,7,116,0,0,0.0,50.57,1.9366666666666665,0.0,3.6666666666666665,1.0276789547548596e-16,2,25.285,Sports,1,615.2683333333333
U_02246,Free,West,593,70,0,0,0.0,0.0,8.57,0.0,17.333333333333332,0.14285714285714282,0,0.0,None,1,0.0
U_02247,Pro,East,668,74,0,0,0.0,0.0,1.0074999999999998,0.0,2.75,-2.0083673326242142e-16,0,0.0,None,1,0.0
U_02248,Pro,East,470,0,1,3,50.99,299.19,5.297142857142857,8.32,10.142857142857142,-0.14285714285714293,3,99.73,Fashion,0,232.34968085106385
U_02249,Free,South,654,28,0,1,0.0,0.0,3.95,0.0,9.5,-2.0083673326242142e-16,0,0.0,None,1,0.0
U_02250,Pro,East,-183,4,1,5,0.0,171.93,5.676190476190477,6.885,12.047619047619047,-0.0014705882352941094,1,171.93,Sports,0,2091.815
U_02251,Free,East,543,3,1,4,31.28,31.28,5.3525,3.8600000000000003,12.0625,-0.05454545454545456,1,31.28,Beauty,0,21.026151012891344
U_02252,Free,South,254,26,0,1,19.02,67.55,10.633157894736842,0.0,25.263157894736842,-0.08041958041958037,3,22.516666666666666,Beauty,1,97.06988188976378
U_02253,Free,North,730,55,0,0,0.0,0.0,1.405,0.0,2.5,-7.850462293418875e-17,0,0.0,None,1,0.0
U_02254,Pro,North,284,69,0,0,0.0,0.0,2.5687500000000005,0.0,5.875,6.729156486047637e-17,0,0.0,None,1,0.0
U_02255,Pro,East,441,5,1,4,15.17,420.88,7.789565217391305,7.99,17.08695652173913,-0.022058823529411728,7,60.12571428571429,Beauty,0,348.3473922902494
U_02256,Free,West,423,18,0,3,0.0,0.0,6.844666666666666,0.0,14.4,0.03846153846153849,0,0.0,None,0,0.0
U_02257,Pro,North,783,14,0,1,0.0,110.75999999999999,8.087142857142858,0.0,17.5,0.03636363636363636,2,55.379999999999995,Books,0,51.63141762452106
U_02258,Pro,East,721,4,3,5,53.97,562.8100000000001,7.1994444444444445,7.6000000000000005,16.11111111111111,0.09090909090909094,7,80.40142857142858,Grocery,0,284.91768377253817
U_02259,Enterprise,West,-28,67,0,0,0.0,0.0,6.377647058823531,0.0,14.529411764705882,-0.06666666666666655,0,0.0,None,1,0.0
U_02260,Free,South,478,4,2,5,0.0,14.1,10.171875,10.685,21.875,0.00245098039215686,1,14.1,Home,0,10.76673640167364
U_02261,Free,South,591,148,0,0,0.0,0.0,0.3,0.0,1.0,0.0,0,0.0,None,1,0.0
U_02262,Pro,North,649,8,0,4,39.16,244.03,4.6812000000000005,5.09,11.0,0.05,2,122.015,Beauty,0,137.24337442218797
U_02263,Free,South,550,24,0,2,0.0,56.22,5.365333333333334,0.0,12.266666666666667,0.00909090909090911,1,56.22,Books,1,37.309636363636365
U_02264,Pro,West,600,10,0,1,0.0,32.96,2.245,1.26,4.375,0.03571428571428577,1,32.96,Home,1,20.050666666666668
U_02265,Free,South,815,3,1,5,58.04,154.39,11.081842105263156,10.603333333333333,23.57894736842105,0.0017543859649122606,4,38.5975,Electronics,0,69.14398773006134
U_02266,Free,West,144,9,0,3,0.0,20.8,5.713333333333334,9.58,12.6,-0.05454545454545453,1,20.8,Beauty,0,52.72222222222223
U_02267,Free,East,489,5,1,5,0.0,19.24,10.478709677419358,10.22,23.774193548387096,0.0030959752321981534,1,19.24,Electronics,0,14.361145194274027
U_02268,Free,East,686,0,2,3,0.0,21.3,7.514285714285715,9.934999999999999,16.142857142857142,-0.00659340659340663,1,21.3,Fashion,0,11.333090379008746
U_02269,Free,West,100,4,2,6,0.0,29.39,7.241333333333333,6.2,15.8,0.12727272727272726,1,29.39,Sports,0,107.2735
U_02270,Free,North,754,58,0,0,0.0,27.95,4.89875,0.0,10.5,0.07142857142857151,1,27.95,Home,1,13.530172413793103
U_02271,Free,West,565,1,1,5,45.87,104.78999999999999,8.318947368421052,9.0,18.736842105263158,0.03846153846153851,3,34.93,Home,0,67.69619469026549
U_02272,Pro,South,-38,0,1,3,0.0,510.60999999999996,6.5683333333333325,7.029999999999999,13.166666666666666,-0.024999999999999967,7,72.94428571428571,Sports,0,6212.421666666667
U_02273,Enterprise,North,716,79,0,0,0.0,260.40000000000003,4.808,0.0,9.0,-0.3000000000000005,2,130.20000000000002,Books,1,132.74581005586595
U_02274,Pro,West,380,5,1,6,42.28,887.39,10.386470588235294,10.165,23.029411764705884,-0.01578947368421049,13,68.26076923076923,Books,0,852.361447368421
U_02275,Pro,North,-39,20,0,1,102.34,619.5400000000001,6.521428571428572,0.0,14.142857142857142,-0.028571428571428543,7,88.50571428571429,Books,0,7040.131324358977
U_02276,Pro,South,-6,0,2,7,0.0,466.1,10.791071428571426,6.956666666666667,23.214285714285715,-0.007352941176470525,7,66.58571428571429,Toys,0,5670.883333333333
U_02277,Pro,West,683,0,2,6,0.0,292.03,7.872608695652175,7.47,17.782608695652176,0.0269607843137255,6,48.67166666666666,Fashion,0,156.06288433382136
U_02278,Free,North,476,52,0,0,0.0,17.2,6.860625000000001,0.0,14.5625,0.13636363636363638,1,17.2,Electronics,0,13.1890756302521
U_02279,Free,North,82,1,2,6,0.0,18.58,6.820000000000001,4.763333333333333,15.19047619047619,0.005494505494505535,1,18.58,Grocery,0,82.70365853658535
U_02280,Free,East,451,25,0,2,0.0,29.75,3.812142857142857,0.0,8.428571428571429,-0.04999999999999982,1,29.75,Books,0,24.077050997782706
U_02281,Pro,North,-169,48,0,0,0.0,28.48,5.192222222222223,0.0,10.555555555555555,6.633138920230202e-17,1,28.48,Home,0,346.50666666666666
U_02282,Pro,West,631,74,0,0,0.0,139.05,4.566,0.0,8.6,0.29999999999999977,2,69.525,Home,1,80.43304278922346
U_02283,Pro,East,-161,8,0,6,0.0,157.73999999999998,9.152222222222221,8.65,19.444444444444443,0.01428571428571427,5,31.547999999999995,Toys,0,1919.1699999999996
U_02284,Pro,North,314,3,2,5,42.55,178.18,8.173214285714286,8.253333333333334,17.464285714285715,0.026831785345717216,3,59.39333333333334,Sports,0,207.12006369426754
U_02285,Enterprise,South,610,17,0,2,27.17,952.8699999999999,7.6987499999999995,0.0,17.125,-0.03956043956043962,11,86.62454545454544,Toys,1,570.1599180327868
U_02286,Pro,East,370,108,0,0,0.0,0.0,5.32,0.0,12.0,1.0276789547548596e-16,0,0.0,None,0,0.0
U_02287,Free,North,713,2,1,3,0.0,120.7,4.566111111111111,6.13,9.38888888888889,0.03496503496503499,4,30.175,Grocery,0,61.788920056100984
U_02288,Free,North,99,14,0,3,0.0,0.0,7.993500000000002,0.0,18.15,-0.008791208791208824,0,0.0,None,0,0.0
U_02289,Pro,West,575,92,0,0,0.0,30.14,4.206666666666667,0.0,9.222222222222221,5.664759402336449e-18,1,30.14,Home,1,19.132347826086956
U_02290,Free,East,-106,1,1,5,21.47,69.47,10.12896551724138,9.655000000000001,22.03448275862069,-0.007142857142857178,3,23.156666666666666,Sports,0,845.2183333333332
U_02291,Free,East,226,26,0,1,0.0,0.0,2.920833333333333,0.0,7.5,0.01666666666666677,0,0.0,None,1,0.0
U_02292,Free,South,460,5,1,6,41.08,41.08,7.073181818181817,8.616666666666667,16.363636363636363,0.025,1,41.08,Electronics,0,32.59608695652174
U_02293,Free,South,590,56,0,0,0.0,0.0,0.3,0.0,1.0,-7.850462293418875e-17,0,0.0,None,1,0.0
U_02294,Free,North,204,13,0,1,0.0,0.0,3.9045454545454548,2.49,8.454545454545455,0.033333333333333354,0,0.0,None,0,0.0
U_02295,Pro,West,626,5,1,11,0.0,236.51999999999998,10.523333333333333,10.265,22.69047619047619,-0.029824561403508854,5,47.303999999999995,Fashion,0,137.9070287539936
U_02296,Free,North,-77,4,2,6,19.03,41.2,9.9536,11.659999999999998,23.0,-0.03928571428571429,3,13.733333333333334,Books,0,501.2666666666667
U_02297,Free,North,722,45,0,0,0.0,18.99,8.632222222222222,0.0,21.055555555555557,-0.04545454545454539,1,18.99,Grocery,1,9.600207756232686
U_02298,Pro,North,306,6,1,6,141.01,375.37,7.973214285714285,7.67,18.214285714285715,-0.09285714285714286,5,75.074,Beauty,0,447.7452614379085
U_02299,Pro,West,274,43,0,0,0.0,236.32999999999998,6.362727272727272,0.0,14.818181818181818,-0.016666666666666663,6,39.38833333333333,Home,1,314.8191605839416
U_02300,Free,South,564,60,0,0,12.9,56.49,6.82125,0.0,14.1875,-0.054545454545454466,2,28.245,Home,1,36.55824468085107
U_02301,Enterprise,South,30,32,0,0,0.0,117.45,3.152857142857143,0.0,5.571428571428571,4.8870404991229254e-17,2,58.725,Toys,1,1428.975
U_02302,Pro,East,442,4,1,5,0.0,184.87,7.930370370370372,8.33,17.296296296296298,0.01228070175438599,3,61.623333333333335,Grocery,0,152.6641402714932
U_02303,Free,North,152,26,0,1,0.0,49.9,6.97235294117647,0.0,15.941176470588236,0.02197802197802198,1,49.9,Beauty,0,119.82565789473684
U_02304,Free,North,247,6,1,7,0.0,112.88,8.928484848484848,7.14,20.12121212121212,-0.10735294117647054,3,37.626666666666665,Books,0,166.80647773279352
U_02305,Pro,South,521,6,1,2,188.66,375.6,4.814615384615385,6.53,9.538461538461538,0.045454545454545456,5,75.12,Books,0,263.1362763915547
U_02306,Pro,North,437,38,0,0,0.0,124.71000000000001,4.1033333333333335,0.0,10.555555555555555,-0.035714285714285664,2,62.355000000000004,Electronics,1,104.16281464530893
U_02307,Pro,East,761,13,0,1,0.0,75.05,3.83125,0.87,8.375,6.729156486047637e-17,2,37.525,Beauty,1,35.996386333771355
U_02308,Pro,North,664,1,1,6,75.62,225.07999999999998,8.939047619047619,7.58,21.142857142857142,-0.010989010989011005,4,56.269999999999996,Fashion,0,123.72620481927709
U_02309,Free,North,-55,999,0,0,0.0,64.36,0.0,0.0,0.0,0.0,1,64.36,Home,1,783.0466666666666
U_02310,Pro,West,510,107,0,0,0.0,0.0,5.545,0.0,8.5,-7.850462293418875e-17,0,0.0,None,0,0.0
U_02311,Pro,West,146,109,0,0,0.0,130.73,2.7099999999999995,0.0,4.333333333333333,1.0276789547548596e-16,1,130.73,Grocery,1,326.825
U_02312,Free,South,736,1,1,1,0.0,92.1,7.517777777777777,10.03,15.555555555555555,0.059523809523809486,2,46.05,Beauty,0,45.674592391304344
U_02313,Free,West,253,0,2,8,0.0,47.52,11.2959375,11.045,25.40625,-0.007017543859649183,1,47.52,Toys,0,68.55652173913045
U_02314,Free,East,467,45,0,0,0.0,0.0,5.101538461538461,0.0,12.615384615384615,-0.14285714285714274,0,0.0,None,1,0.0
U_02315,Free,East,319,13,0,5,0.0,0.0,6.562173913043479,12.01,14.782608695652174,-0.01978021978021984,0,0.0,None,0,0.0
U_02316,Free,West,536,23,0,1,34.34,53.050000000000004,6.542173913043478,0.0,14.173913043478262,0.010989010989010934,2,26.525000000000002,Beauty,1,36.12546641791045
U_02317,Enterprise,East,782,5,2,5,107.94999999999999,594.0500000000001,8.882692307692308,9.629999999999999,20.26923076923077,-0.06428571428571427,6,99.00833333333334,Fashion,0,277.2739769820972
U_02318,Enterprise,North,521,24,0,1,0.0,132.06,3.2566666666666664,0.0,7.666666666666667,1.0276789547548596e-16,2,66.03,Books,0,92.51804222648754
U_02319,Free,North,611,11,0,4,0.0,49.52,7.5532,7.029999999999999,16.96,-0.04999999999999997,1,49.52,Sports,0,29.582324058919802
U_02320,Pro,North,718,5,1,6,104.63,361.77,11.645384615384614,10.389999999999999,26.423076923076923,0.035087719298245605,6,60.294999999999995,Grocery,0,183.90814763231197
U_02321,Pro,West,89,5,1,7,48.25,588.45,10.013428571428571,10.48,22.4,0.04912280701754383,9,65.38333333333334,Books,0,2413.306179775281
U_02322,Pro,West,551,30,0,0,0.0,186.74,7.473333333333333,0.0,17.4,-0.010489510489510455,2,93.37,Electronics,1,123.70254083484573
U_02323,Pro,West,422,7,0,6,62.01,212.51,9.69695652173913,8.383333333333333,20.869565217391305,0.07142857142857145,4,53.1275,Books,0,183.8060426540284
U_02324,Pro,East,-116,0,3,4,162.51,685.02,9.58,8.2425,19.74074074074074,0.036119711042311674,8,85.6275,Grocery,0,7040.131324358977
U_02325,Pro,North,26,88,0,0,0.0,0.0,1.7249999999999999,0.0,5.0,-7.850462293418875e-17,0,0.0,None,1,0.0
U_02326,Free,East,-89,30,0,0,0.0,23.08,8.394117647058822,0.0,19.294117647058822,-0.17575757575757556,1,23.08,Electronics,0,280.8066666666667
U_02327,Free,West,-66,2,2,4,0.0,34.35,4.416428571428571,1.3,10.142857142857142,0.1,2,17.175,Beauty,0,417.925
U_02328,Free,North,712,41,0,0,0.0,0.0,4.101111111111112,0.0,8.444444444444445,0.035714285714285754,0,0.0,None,1,0.0
U_02329,Free,South,558,83,0,0,0.0,0.0,2.4533333333333336,0.0,5.0,5.664759402336449e-18,0,0.0,None,0,0.0
U_02330,Free,North,821,86,0,0,0.0,37.1,6.834999999999999,0.0,16.0,0.05714285714285709,1,37.1,Electronics,1,16.493909866017052
U_02331,Free,West,128,106,0,0,0.0,18.04,6.792,0.0,13.8,1.1595000242635226e-16,1,18.04,Grocery,0,51.442187499999996
U_02332,Pro,South,145,55,0,0,0.0,0.0,6.171333333333334,0.0,14.4,-0.04242424242424242,0,0.0,None,0,0.0
U_02333,Pro,East,478,2,2,2,0.0,193.43,3.085,0.665,7.1,0.03571428571428572,2,96.715,Beauty,0,147.70282426778243
U_02334,Pro,West,413,2,1,4,0.0,196.70999999999998,7.881153846153846,6.015000000000001,17.76923076923077,0.0049019607843137445,2,98.35499999999999,Beauty,0,173.84782082324455
U_02335,Free,South,150,10,0,3,0.0,0.0,8.028499999999998,4.945,16.2,-0.05494505494505492,0,0.0,None,0,0.0
U_02336,Pro,East,107,39,0,0,0.0,62.32,1.0699999999999998,0.0,2.6,-1.0507920739455759e-16,1,62.32,Books,0,212.58691588785047
U_02337,Pro,North,588,83,0,0,0.0,132.23000000000002,6.078333333333333,0.0,11.833333333333334,0.0999999999999999,3,44.076666666666675,Toys,0,82.08154761904763
U_02338,Enterprise,North,-50,44,0,0,0.0,183.7,1.04,0.0,2.3333333333333335,-1.0,2,91.85,Beauty,1,2235.0166666666664
U_02339,Pro,West,477,40,0,0,0.0,0.0,3.1021428571428564,0.0,6.214285714285714,0.03333333333333338,0,0.0,None,0,0.0
U_02340,Free,North,182,8,0,5,0.0,0.0,9.479565217391304,9.18,20.17391304347826,-8.17616889076745e-18,0,0.0,None,0,0.0
U_02341,Enterprise,South,659,49,0,0,0.0,288.98,4.832,0.0,10.7,0.07142857142857147,4,72.245,Grocery,1,160.05720789074354
U_02342,Free,South,730,78,0,0,0.0,0.0,8.144285714285713,0.0,19.428571428571427,-0.028571428571428543,0,0.0,None,1,0.0
U_02343,Free,South,-120,4,1,1,0.0,0.0,4.456666666666667,2.73,12.0,1.0276789547548596e-16,0,0.0,None,1,0.0
U_02344,Free,West,70,63,0,0,0.0,0.0,5.389230769230768,0.0,10.692307692307692,-0.11666666666666645,0,0.0,None,1,0.0
U_02345,Free,East,93,2,2,5,0.0,46.22,9.525161290322579,7.076666666666667,22.06451612903226,-0.010294117647058868,3,15.406666666666666,Books,0,181.40107526881718
U_02346,Free,North,809,13,0,2,0.0,0.0,5.947333333333334,4.22,11.266666666666667,-0.005494505494505445,0,0.0,None,0,0.0
U_02347,Free,West,810,14,0,2,0.0,13.98,6.787333333333333,0.0,15.0,0.00606060606060606,1,13.98,Sports,0,6.29962962962963
U_02348,Enterprise,East,680,3,1,6,210.99,353.90999999999997,3.626,2.4633333333333334,7.666666666666667,0.02447552447552447,4,88.47749999999999,Home,0,189.96639705882353
U_02349,Free,North,641,11,0,1,0.0,14.38,10.647499999999999,3.43,21.892857142857142,0.0024509803921568683,1,14.38,Toys,1,8.18829953198128
U_02350,Pro,South,529,5,2,8,0.0,178.64,11.1696,11.309999999999999,25.48,0.07142857142857142,4,44.66,Beauty,0,123.25822306238183
U_02351,Free,East,447,0,3,5,0.0,40.06,10.020666666666669,7.7375,21.4,0.004127966976264217,2,20.03,Home,0,32.71118568232662
U_02352,Free,West,811,96,0,0,0.0,20.66,8.592857142857143,0.0,18.642857142857142,1.5965075749825097e-16,1,20.66,Books,0,9.298273736128237
U_02353,Free,East,521,38,0,0,0.0,29.18,5.145833333333333,0.0,10.583333333333334,-0.06666666666666651,1,29.18,Toys,0,20.442802303262958
U_02354,Pro,South,172,39,0,0,39.93,180.13,3.26,0.0,7.5,-7.850462293418875e-17,2,90.065,Fashion,1,382.25261627906974
U_02355,Pro,South,661,1,2,8,0.0,373.25,7.7965625,9.615,16.3125,0.02696078431372551,5,74.65,Toys,0,206.10627836611195
U_02356,Pro,South,-42,4,1,3,73.96,209.36,6.3966666666666665,6.59,14.133333333333333,0.03296703296703298,3,69.78666666666668,Books,0,2547.2133333333336
U_02357,Pro,West,245,98,0,0,0.0,60.69,2.806,0.0,6.4,-0.1000000000000001,1,60.69,Sports,1,90.41571428571427
U_02358,Free,South,89,46,0,0,0.0,41.13,0.5175,0.0,1.0,-2.0083673326242142e-16,1,41.13,Grocery,1,168.67921348314607
U_02359,Free,West,581,48,0,0,0.0,0.0,4.488333333333333,0.0,8.833333333333334,7.951207131982424e-18,0,0.0,None,0,0.0
U_02360,Free,East,389,11,0,2,0.0,0.0,3.7683333333333326,1.41,9.416666666666666,-0.009090909090909087,0,0.0,None,0,0.0
U_02361,Free,East,123,52,0,0,0.0,37.11,7.5528571428571425,0.0,17.357142857142858,-0.00909090909090907,1,37.11,Beauty,0,110.12317073170732
U_02362,Free,East,480,10,0,3,31.84,104.05,8.743809523809526,7.52,19.238095238095237,-0.13636363636363633,4,26.0125,Beauty,0,79.12135416666666
U_02363,Free,South,851,23,0,2,0.0,0.0,2.58375,0.0,6.0,0.10714285714285712,0,0.0,None,1,0.0
U_02364,Enterprise,East,-37,2,1,2,0.0,441.94000000000005,7.113043478260869,10.925,16.26086956521739,2.793380185383676e-17,7,63.134285714285724,Home,0,5376.936666666667
U_02365,Free,West,25,0,1,8,0.0,160.4,11.532,13.283333333333333,26.62857142857143,0.07142857142857142,4,40.1,Sports,0,1951.5333333333333
U_02366,Pro,East,547,2,1,4,0.0,176.05,8.968421052631578,10.55,19.57894736842105,-0.028571428571428532,4,44.0125,Fashion,0,117.47394881170018
U_02367,Pro,North,807,11,0,1,0.0,387.48,6.205,3.41,15.0,1.4727094657935318e-17,6,64.58,Beauty,0,175.2542750929368
U_02368,Free,East,-58,47,0,0,0.0,0.0,3.0250000000000004,0.0,7.0,0.0999999999999999,0,0.0,None,0,0.0
U_02369,Free,East,205,75,0,0,0.0,44.19,6.828,0.0,14.4,-1.0507920739455759e-16,1,44.19,Beauty,0,78.67975609756097
U_02370,Pro,North,802,12,0,4,0.0,256.92,9.924444444444443,8.935,21.444444444444443,-0.0054945054945054524,4,64.23,Electronics,0,116.92743142144639
U_02371,Free,South,592,85,0,0,0.0,0.0,4.3375,0.0,9.0,0.11428571428571427,0,0.0,None,1,0.0
U_02372,Pro,North,734,4,1,4,32.05,117.22999999999999,10.470666666666665,9.765,22.5,-0.02556390977443609,4,29.307499999999997,Grocery,0,58.29557220708446
U_02373,Free,South,9,65,0,0,0.0,51.050000000000004,6.02,0.0,12.666666666666666,0.059523809523809486,2,25.525000000000002,Beauty,0,621.1083333333335
U_02374,Free,West,628,0,2,9,26.45,71.91,10.452413793103448,9.342500000000001,24.103448275862068,0.019607843137254947,3,23.97,Books,0,41.79482484076433
U_02375,Free,East,-122,22,0,2,39.69,59.25,6.130625,0.0,14.0625,0.04545454545454546,2,29.625,Books,0,720.875
U_02376,Pro,East,54,2,1,2,22.73,447.92,11.031071428571426,9.32,23.75,-0.026960784313725412,7,63.98857142857143,Grocery,0,3027.6074074074077
U_02377,Pro,North,761,27,0,1,0.0,71.63,3.5236363636363635,0.0,6.545454545454546,0.016666666666666666,2,35.815,Books,1,34.35604467805519
U_02378,Pro,East,112,2,1,5,0.0,83.41,7.563157894736841,6.73,16.789473684210527,-0.01098901098901092,2,41.705,Beauty,0,271.82723214285716
U_02379,Enterprise,East,433,19,0,1,0.0,385.34,5.592,0.0,12.8,0.06666666666666667,4,96.335,Sports,0,324.8247113163972
U_02380,Free,North,56,0,3,5,0.0,50.4,8.594583333333333,8.7175,18.708333333333332,-0.03571428571428566,1,50.4,Fashion,0,328.5
U_02381,Free,East,-31,51,0,0,0.0,19.83,5.40125,0.0,12.125,-0.07142857142857137,1,19.83,Grocery,1,241.26499999999996
U_02382,Pro,West,553,0,1,6,70.69,285.57,10.984999999999998,10.15,24.0,-0.0024509803921568484,5,57.114,Home,0,188.4865280289331
U_02383,Free,South,757,13,0,2,0.0,0.0,1.55,0.3,3.8333333333333335,7.951207131982424e-18,0,0.0,None,0,0.0
U_02384,Free,East,-156,7,0,2,0.0,54.24,7.293157894736842,2.0,16.263157894736842,-0.15454545454545443,2,27.12,Home,1,659.9200000000001
U_02385,Free,South,401,44,0,0,0.0,49.35,5.184166666666666,0.0,11.583333333333334,-0.10000000000000002,2,24.675,Fashion,1,44.91957605985037
U_02386,Free,East,-139,17,0,4,37.09,108.69,8.336071428571428,0.0,16.857142857142858,0.024999999999999994,4,27.1725,Beauty,0,1322.395
U_02387,Free,West,115,102,0,0,0.0,0.0,5.541,0.0,13.1,-0.07142857142857134,0,0.0,None,1,0.0
U_02388,Free,North,65,1,1,1,0.0,38.83,7.590000000000001,7.74,17.5,-0.012121212121212142,1,38.83,Fashion,0,218.04538461538462
U_02389,Free,North,-32,79,0,0,0.0,30.52,9.709166666666667,0.0,19.166666666666668,0.07142857142857145,1,30.52,Fashion,1,371.3266666666667
U_02390,Enterprise,South,183,3,1,1,33.2,345.86,0.56,0.56,1.0,0.0,4,86.465,Books,0,689.8300546448088
U_02391,Pro,South,370,30,0,0,0.0,0.0,3.7399999999999993,0.0,7.846153846153846,-0.01818181818181818,0,0.0,None,0,0.0
U_02392,Free,East,795,6,1,4,0.0,0.0,6.881111111111112,6.58,13.666666666666666,6.250261171479797e-17,0,0.0,None,0,0.0
U_02393,Free,South,108,2,2,4,65.38,65.38,5.332727272727272,5.825,12.454545454545455,0.05952380952380959,1,65.38,Fashion,1,220.96018518518517
U_02394,Free,East,396,5,1,5,0.0,34.84,5.354666666666668,6.640000000000001,10.533333333333333,0.00909090909090911,1,34.84,Home,1,32.112626262626264
U_02395,Free,South,307,1,1,3,0.0,73.87,9.537500000000001,14.274999999999999,22.0,-0.02637362637362642,2,36.935,Grocery,0,87.82589576547231
U_02396,Free,West,-137,4,1,5,0.0,19.09,6.055666666666667,7.746666666666667,13.2,0.05294117647058822,1,19.09,Home,0,232.26166666666666
U_02397,Free,South,716,104,0,0,0.0,0.0,4.772499999999999,0.0,11.0,-2.0083673326242142e-16,0,0.0,None,1,0.0
U_02398,Pro,South,40,19,0,1,0.0,24.58,7.852857142857141,0.0,18.0,-0.03636363636363631,1,24.58,Grocery,1,224.2925
U_02399,Free,South,806,10,0,3,0.0,19.32,6.419999999999999,6.01,13.333333333333334,0.038461538461538505,1,19.32,Sports,0,8.749131513647642
U_02400,Free,North,103,20,0,2,0.0,0.0,6.526999999999999,0.0,12.8,-0.035714285714285705,0,0.0,None,0,0.0
U_02401,Free,West,-6,16,0,1,0.0,0.0,2.4299999999999997,0.0,5.166666666666667,7.951207131982424e-18,0,0.0,None,0,0.0
U_02402,Pro,North,574,74,0,0,0.0,0.0,2.7433333333333336,0.0,5.0,1.0276789547548596e-16,0,0.0,None,1,0.0
U_02403,Pro,North,270,35,0,0,0.0,0.0,2.143,0.0,5.5,-0.03333333333333329,0,0.0,None,1,0.0
U_02404,Pro,East,-181,29,0,1,0.0,102.55,4.232857142857143,0.0,10.285714285714286,0.09999999999999998,2,51.275,Beauty,0,1247.6916666666666
U_02405,Pro,North,173,61,0,0,0.0,18.25,6.750625,0.0,14.9375,-0.08333333333333319,1,18.25,Electronics,1,38.50433526011561
U_02406,Pro,West,273,5,1,3,0.0,312.77,5.433125,1.1,12.0,0.003571428571428578,4,78.1925,Home,0,418.17234432234426
U_02407,Pro,North,586,42,0,0,0.0,395.27,3.356923076923077,0.0,7.6923076923076925,-1.7040894620552464e-17,4,98.8175,Books,0,246.20059726962455
U_02408,Free,North,789,12,0,1,0.0,79.07,3.55,2.13,7.076923076923077,-0.03846153846153842,1,79.07,Sports,0,36.57864385297845
U_02409,Free,East,471,0,2,2,0.0,39.4,3.467,1.145,7.7,0.06666666666666664,1,39.4,Books,0,30.532908704883226
U_02410,Pro,West,414,20,0,1,0.0,226.83,2.9414285714285713,0.0,6.428571428571429,4.8870404991229254e-17,3,75.61,Electronics,0,199.98297101449276
U_02411,Free,East,638,18,0,2,0.0,0.0,5.705882352941176,0.0,12.588235294117647,-0.05454545454545449,0,0.0,None,0,0.0
U_02412,Free,North,521,73,0,0,0.0,78.15,3.62,0.0,7.5,0.5000000000000002,1,78.15,Books,1,54.75000000000001
U_02413,Free,East,707,33,0,0,0.0,0.0,3.8542857142857145,0.0,9.285714285714286,4.8870404991229254e-17,0,0.0,None,1,0.0
U_02414,Free,East,99,83,0,0,0.0,44.68,7.1625000000000005,0.0,16.666666666666668,-0.04761904761904764,2,22.34,Books,0,164.72929292929294
U_02415,Free,East,138,1,2,6,0.0,28.14,6.1844,5.363333333333333,13.52,-0.010294117647058803,2,14.07,Fashion,0,74.42826086956522
U_02416,Enterprise,East,599,27,0,1,0.0,19.65,3.623333333333333,0.0,6.666666666666667,1.0276789547548596e-16,1,19.65,Sports,1,11.973706176961601
U_02417,Free,South,595,20,0,3,0.0,0.0,7.948333333333333,0.0,17.958333333333332,0.03823529411764707,0,0.0,None,0,0.0
U_02418,Pro,North,303,88,0,0,0.0,0.0,6.854615384615385,0.0,14.846153846153847,0.10714285714285718,0,0.0,None,0,0.0
U_02419,Pro,South,378,52,0,0,0.0,0.0,4.959166666666666,0.0,10.75,0.05000000000000005,0,0.0,None,1,0.0
U_02420,Free,South,-145,47,0,0,0.0,0.0,7.344285714285715,0.0,13.571428571428571,0.02857142857142864,0,0.0,None,0,0.0
U_02421,Free,South,478,6,1,4,0.0,11.51,8.1395,9.42,18.15,0.027472527472527496,1,11.51,Fashion,0,8.789016736401674
U_02422,Pro,North,533,6,1,6,127.47,452.54,10.018000000000002,15.37,21.95,0.06428571428571432,8,56.5675,Books,0,309.90075046904315
U_02423,Free,South,-91,0,2,7,0.0,93.71000000000001,9.438387096774193,7.8075,20.741935483870968,0.02992776057791537,2,46.855000000000004,Electronics,0,1140.1383333333333
U_02424,Free,South,701,17,0,3,0.0,0.0,4.354285714285714,0.0,9.071428571428571,0.0069930069930070355,0,0.0,None,0,0.0
U_02425,Free,South,252,0,1,5,0.0,42.84,8.922666666666665,7.4975000000000005,20.233333333333334,0.07107843137254903,2,21.42,Home,0,62.050000000000004
U_02426,Free,East,497,36,0,0,0.0,0.0,5.2371428571428575,0.0,13.0,-0.10000000000000016,0,0.0,None,1,0.0
U_02427,Free,East,-17,95,0,0,0.0,0.0,1.8399999999999999,0.0,5.0,-7.850462293418875e-17,0,0.0,None,1,0.0
U_02428,Pro,North,268,27,0,2,0.0,305.01000000000005,6.991052631578948,0.0,13.631578947368421,-0.01978021978021982,4,76.25250000000001,Toys,0,415.40541044776126
U_02429,Free,South,42,2,1,5,13.03,34.7,7.9768181818181825,9.82,17.90909090909091,0.032142857142857195,2,17.35,Grocery,0,301.55952380952385
U_02430,Free,East,672,10,0,1,0.0,56.43,2.989,0.61,5.9,-0.0714285714285713,1,56.43,Toys,1,30.650223214285717
U_02431,Pro,West,142,2,2,6,0.0,50.24,3.981111111111111,1.6833333333333333,7.611111111111111,0.04895104895104894,1,50.24,Beauty,0,129.1380281690141
U_02432,Free,East,214,42,0,0,0.0,0.0,9.241666666666665,0.0,19.916666666666668,-0.11666666666666643,0,0.0,None,1,0.0
U_02433,Enterprise,East,361,39,0,0,0.0,187.33,0.6174999999999999,0.0,1.25,-2.0083673326242142e-16,1,187.33,Grocery,1,189.40567867036012
U_02434,Free,West,36,89,0,0,0.0,0.0,6.758333333333334,0.0,14.833333333333334,7.951207131982424e-18,0,0.0,None,1,0.0
U_02435,Pro,West,-34,38,0,0,0.0,0.0,4.087777777777777,0.0,9.555555555555555,0.07142857142857148,0,0.0,None,1,0.0
U_02436,Free,West,730,9,0,5,29.02,29.02,8.101851851851851,7.8133333333333335,18.40740740740741,-0.024999999999999883,1,29.02,Fashion,0,14.51
U_02437,Free,East,544,119,0,0,0.0,0.0,2.4033333333333333,0.0,5.333333333333333,0.9999999999999998,0,0.0,None,1,0.0
U_02438,Free,North,468,999,0,0,0.0,0.0,0.0,0.0,0.0,0.0,0,0.0,None,1,0.0
U_02439,Enterprise,East,632,15,0,2,0.0,414.09999999999997,6.060714285714285,0.0,13.928571428571429,0.024242424242424274,3,138.03333333333333,Books,1,239.15585443037972
U_02440,Free,South,788,54,0,0,0.0,44.24,5.3815384615384625,0.0,12.076923076923077,-0.030303030303030255,1,44.24,Books,1,20.491878172588834
U_02441,Free,West,553,1,1,4,0.0,47.45,5.814761904761904,7.695,12.19047619047619,-0.07142857142857138,1,47.45,Books,0,31.318716094032553
U_02442,Free,South,642,28,0,1,0.0,106.97999999999999,4.185555555555556,0.0,8.777777777777779,-0.07142857142857141,2,53.489999999999995,Books,1,60.82196261682242
U_02443,Enterprise,South,105,0,2,6,211.95,634.99,6.5585714285714305,6.668000000000001,15.142857142857142,1.8911202694932766e-17,5,126.998,Books,0,2207.3461904761907
U_02444,Pro,South,375,93,0,0,0.0,0.0,1.94,0.0,5.5,-7.850462293418875e-17,0,0.0,None,1,0.0
U_02445,Enterprise,North,732,33,0,0,0.0,425.32000000000005,6.335555555555555,0.0,13.722222222222221,0.04895104895104901,4,106.33000000000001,Books,1,212.0789617486339
U_02446,Free,East,507,19,0,1,0.0,35.55,8.686666666666667,0.0,17.958333333333332,-0.028571428571428553,1,35.55,Books,0,25.593195266272186
U_02447,Enterprise,West,353,38,0,0,0.0,155.21,5.070833333333333,0.0,11.25,-0.21428571428571394,1,155.21,Grocery,1,160.48626062322947
U_02448,Free,East,466,21,0,1,0.0,0.0,4.807777777777778,0.0,11.222222222222221,-0.14285714285714274,0,0.0,None,1,0.0
U_02449,Free,West,673,2,2,3,0.0,19.810000000000002,9.711666666666666,8.043333333333335,22.083333333333332,-0.0321428571428571,2,9.905000000000001,Books,0,10.743907875185737
U_02450,Free,West,776,59,0,0,0.0,0.0,2.995,0.0,5.75,-0.5,0,0.0,None,1,0.0
U_02451,Enterprise,West,841,87,0,0,0.0,0.0,4.43,0.0,8.5,-4.8374234447508063e-17,0,0.0,None,1,0.0
U_02452,Free,North,-205,11,0,2,46.79,71.23,4.607857142857142,1.775,11.0,0.09696969696969701,2,35.615,Beauty,0,866.6316666666667
U_02453,Free,South,53,4,1,3,12.68,128.41,7.696111111111112,12.72,16.72222222222222,0.004395604395604341,3,42.803333333333335,Toys,0,884.3330188679246
U_02454,Pro,East,763,999,0,0,0.0,0.0,0.0,0.0,0.0,0.0,0,0.0,None,1,0.0
U_02455,Free,North,88,22,0,3,13.45,66.28,4.573333333333333,0.0,9.866666666666667,0.08741258741258742,3,22.093333333333334,Fashion,0,274.91136363636366
U_02456,Pro,West,-192,77,0,0,0.0,78.65,4.906363636363636,0.0,10.818181818181818,0.06666666666666665,3,26.21666666666667,Home,1,956.9083333333334
U_02457,Pro,East,252,8,0,4,354.86,659.35,7.134705882352941,7.0,14.235294117647058,0.010989010989010999,6,109.89166666666667,Grocery,0,955.0109126984128
U_02458,Free,East,737,61,0,0,0.0,11.97,3.54,0.0,6.0,-1.0507920739455759e-16,1,11.97,Books,0,5.928154681139755
U_02459,Free,North,331,1,1,3,24.2,24.2,3.355333333333333,0.38,7.933333333333334,0.04242424242424247,1,24.2,Home,0,26.685800604229605
U_02460,Free,East,390,96,0,0,0.0,27.57,4.958333333333333,0.0,9.333333333333334,7.951207131982424e-18,1,27.57,Beauty,1,25.802692307692308
U_02461,Enterprise,North,650,86,0,0,0.0,215.02,5.081818181818181,0.0,9.909090909090908,0.07142857142857144,2,107.51,Fashion,1,120.74200000000002
U_02462,Pro,West,274,17,0,3,107.28999999999999,147.55,4.692352941176471,0.0,10.529411764705882,-0.07342657342657344,3,49.18333333333334,Beauty,0,196.55383211678833
U_02463,Free,East,844,10,0,3,0.0,16.8,5.861,5.58,11.3,0.06666666666666664,1,16.8,Home,0,7.265402843601896
U_02464,Free,East,-128,47,0,0,0.0,49.69,9.1475,0.0,20.5,0.03496503496503499,2,24.845,Electronics,0,604.5616666666666
U_02465,Free,West,165,53,0,0,0.0,14.88,7.110769230769231,0.0,14.23076923076923,-0.02727272727272726,1,14.88,Books,1,32.916363636363634
U_02466,Free,North,183,2,1,4,9.15,36.79,10.116896551724135,10.58,22.551724137931036,0.007352941176470619,3,12.263333333333334,Sports,0,73.37896174863388
U_02467,Enterprise,North,-144,6,1,1,0.0,40.61,2.9683333333333333,0.09,5.166666666666667,7.951207131982424e-18,1,40.61,Grocery,0,494.0883333333333
U_02468,Pro,North,157,25,0,1,0.0,29.55,5.925,0.0,12.75,3.509362590262302e-17,1,29.55,Sports,1,68.69904458598727
U_02469,Free,North,584,78,0,0,0.0,0.0,3.9475,0.0,8.25,0.5000000000000002,0,0.0,None,1,0.0
U_02470,Pro,North,590,0,1,5,0.0,59.49,8.10608695652174,9.8925,18.956521739130434,0.03088235294117651,1,59.49,Toys,0,36.80313559322034
U_02471,Pro,East,705,44,0,0,0.0,39.17,2.165,0.0,4.5,0.0999999999999999,1,39.17,Books,1,20.279503546099292
U_02472,Free,South,823,73,0,0,0.0,0.0,6.328999999999999,0.0,13.7,-0.02380952380952362,0,0.0,None,0,0.0
U_02473,Free,West,27,2,1,1,0.0,0.0,7.9345,1.54,17.45,2.943849239012495e-17,0,0.0,None,0,0.0
U_02474,Free,East,-42,50,0,0,0.0,0.0,5.558181818181819,0.0,12.636363636363637,-0.05454545454545458,0,0.0,None,0,0.0
U_02475,Pro,West,537,88,0,0,0.0,0.0,3.4433333333333334,0.0,8.333333333333334,1.0276789547548596e-16,0,0.0,None,0,0.0
U_02476,Pro,South,655,24,0,1,0.0,25.46,1.9922222222222221,0.0,4.666666666666667,6.633138920230202e-17,1,25.46,Beauty,1,14.187633587786259
U_02477,Free,North,172,3,2,10,0.0,37.01,10.593142857142858,10.425,22.4,0.06842105263157895,3,12.336666666666666,Electronics,0,78.53866279069767
U_02478,Free,East,-49,39,0,0,0.0,21.6,1.91,0.0,3.0,-7.850462293418875e-17,1,21.6,Toys,1,262.8
U_02479,Pro,West,-135,6,1,3,314.89,535.74,10.941600000000001,9.455,22.68,-0.007142857142857084,8,66.9675,Grocery,0,6518.17
U_02480,Pro,South,673,21,0,1,0.0,0.0,0.22999999999999998,0.0,1.0,1.0276789547548596e-16,0,0.0,None,1,0.0
U_02481,Pro,South,16,15,0,3,32.59,164.82000000000002,5.973684210526316,0.0,13.842105263157896,-0.016483516483516383,5,32.964000000000006,Fashion,1,2005.3100000000002
U_02482,Free,West,-33,0,2,5,0.0,72.6,6.56,3.82,14.944444444444445,0.08391608391608392,1,72.6,Sports,0,883.3
U_02483,Free,North,61,0,2,4,0.0,21.43,10.865862068965518,12.176666666666668,23.482758620689655,-0.027941176470588223,1,21.43,Books,0,128.22868852459015
U_02484,Free,East,504,26,0,1,0.0,56.39,8.243913043478262,0.0,18.608695652173914,0.0637362637362637,2,28.195,Books,1,40.83799603174604
U_02485,Pro,West,656,7,0,2,37.05,512.9399999999999,6.0062500000000005,6.53,14.083333333333334,0.007142857142857152,5,102.588,Electronics,0,285.40106707317074
U_02486,Free,South,-27,21,0,4,39.58,39.58,6.333076923076923,0.0,15.0,0.13333333333333333,1,39.58,Beauty,1,481.5566666666666
U_02487,Free,South,511,8,0,3,32.3,64.5,4.724,6.54,9.266666666666667,0.03030303030303028,2,32.25,Beauty,0,46.07142857142857
U_02488,Free,North,460,4,1,5,30.55,73.59,6.6743749999999995,9.39,13.875,-0.013186813186813227,3,24.53,Beauty,0,58.39206521739131
U_02489,Free,North,265,93,0,0,0.0,0.0,3.464,0.0,8.8,-0.9999999999999998,0,0.0,None,1,0.0
U_02490,Pro,East,459,101,0,0,0.0,70.11,5.922499999999999,0.0,14.25,-2.0083673326242142e-16,1,70.11,Fashion,1,55.751960784313724
U_02491,Free,West,-34,13,0,1,0.0,0.0,5.365,1.75,10.1875,-0.01648351648351644,0,0.0,None,1,0.0
U_02492,Enterprise,West,597,5,1,1,0.0,137.01,6.6594999999999995,3.34,14.35,0.006993006993007011,2,68.505,Grocery,0,83.76658291457287
U_02493,Enterprise,West,809,3,1,6,41.71,991.4599999999999,9.793714285714287,8.01,21.485714285714284,0.03676470588235298,10,99.14599999999999,Toys,0,447.321260815822
U_02494,Free,North,248,9,0,3,0.0,45.69,7.097999999999999,7.13,13.9,-0.08791208791208797,2,22.845,Home,0,67.24536290322581
U_02495,Pro,West,183,2,1,2,0.0,86.63,5.852799999999999,7.72,12.32,-0.014285714285714254,2,43.315,Fashion,0,172.78661202185793
U_02496,Free,South,-21,15,0,2,0.0,0.0,2.23375,0.0,4.125,6.729156486047637e-17,0,0.0,None,1,0.0
U_02497,Enterprise,South,100,1,2,8,241.63,1457.21,11.148378378378379,10.36,26.135135135135137,0.002255639097744357,14,104.08642857142857,Books,0,5318.8165
U_02498,Free,West,-112,18,0,1,0.0,0.0,3.723333333333333,0.0,6.833333333333333,-0.10000000000000012,0,0.0,None,0,0.0
U_02499,Pro,South,-155,135,0,0,0.0,18.92,1.4799999999999998,0.0,2.6666666666666665,-1.0,1,18.92,Grocery,1,230.19333333333336
U_02500,Free,South,325,6,1,2,0.0,0.0,10.503529411764706,11.63,22.941176470588236,0.016483516483516487,0,0.0,None,0,0.0
U_02501,Pro,North,320,10,0,4,0.0,322.88,8.82181818181818,8.54,19.136363636363637,0.004395604395604378,5,64.576,Sports,0,368.28499999999997
U_02502,Free,East,685,24,0,2,0.0,28.990000000000002,7.929999999999999,0.0,16.666666666666668,0.055944055944055986,2,14.495000000000001,Beauty,1,15.447226277372264
U_02503,Free,South,533,2,1,4,7.48,7.48,4.732941176470588,1.96,10.058823529411764,0.0021978021978021865,1,7.48,Beauty,1,5.122326454033772
U_02504,Free,West,233,34,0,0,0.0,0.0,3.07,0.0,8.0,1.0276789547548596e-16,0,0.0,None,1,0.0
U_02505,Free,South,767,4,1,5,13.17,64.96,8.296666666666667,8.96,17.083333333333332,0.04761904761904769,2,32.48,Home,0,30.913168187744454
U_02506,Pro,East,119,62,0,0,0.0,0.0,4.0969999999999995,0.0,9.3,-0.035714285714285705,0,0.0,None,1,0.0
U_02507,Free,East,678,69,0,0,0.0,26.62,6.25,0.0,12.125,6.729156486047637e-17,1,26.62,Electronics,1,14.330825958702066
U_02508,Free,South,380,49,0,0,0.0,0.0,2.518571428571429,0.0,4.857142857142857,4.8870404991229254e-17,0,0.0,None,1,0.0
U_02509,Enterprise,West,-181,3,2,6,41.38,1032.7500000000002,5.852608695652173,4.573333333333333,11.826086956521738,-0.0725274725274726,7,147.5357142857143,Books,0,7040.131324358977
U_02510,Pro,North,757,40,0,0,0.0,56.98,3.348,0.0,7.1,1.6054209807821413e-17,1,56.98,Grocery,0,27.473844121532363
U_02511,Free,West,810,4,1,2,0.0,20.98,4.5375,1.3900000000000001,9.875,0.03571428571428577,2,10.49,Electronics,1,9.453950617283951
U_02512,Pro,South,384,2,1,5,0.0,65.75,7.77047619047619,8.116666666666665,17.666666666666668,-0.010294117647058846,2,32.875,Electronics,0,62.49674479166667
U_02513,Pro,West,649,57,0,0,0.0,188.19,5.057499999999999,0.0,11.125,-0.04848484848484858,3,62.73,Books,0,105.83875192604005
U_02514,Free,East,82,60,0,0,0.0,0.0,1.4314285714285713,0.0,3.0,-0.2000000000000001,0,0.0,None,1,0.0
U_02515,Pro,East,850,25,0,1,0.0,437.71,7.797894736842105,0.0,16.63157894736842,-0.06043956043956045,7,62.529999999999994,Sports,0,187.95782352941177
U_02516,Pro,South,-44,86,0,0,0.0,0.0,2.0766666666666667,0.0,5.666666666666667,1.0276789547548596e-16,0,0.0,None,0,0.0
U_02517,Free,North,-59,0,2,8,0.0,0.0,10.063823529411765,9.6225,22.41176470588235,-0.05588235294117642,0,0.0,None,0,0.0
U_02518,Free,North,14,3,1,5,0.0,36.01,10.004571428571424,9.84,22.114285714285714,-0.07499999999999994,1,36.01,Sports,0,438.1216666666666
U_02519,Pro,West,399,105,0,0,0.0,159.78,2.6533333333333333,0.0,5.666666666666667,1.0276789547548596e-16,2,79.89,Grocery,1,146.16466165413536
U_02520,Free,North,551,50,0,0,0.0,0.0,3.0933333333333333,0.0,6.333333333333333,0.9999999999999998,0,0.0,None,1,0.0
U_02521,Free,North,147,2,2,4,0.0,158.46999999999997,12.265909090909092,12.99,26.363636363636363,0.049450549450549504,5,31.693999999999996,Toys,0,393.4799319727891
U_02522,Enterprise,East,304,5,1,3,279.31,489.48,5.318,3.635,11.7,-0.0967032967032968,4,122.37,Toys,0,587.6980263157895
U_02523,Free,West,403,4,1,3,0.0,160.79,6.364000000000001,6.515000000000001,13.933333333333334,-0.01648351648351651,3,53.596666666666664,Sports,0,145.6286600496278
U_02524,Enterprise,East,491,57,0,0,0.0,0.0,6.6075,0.0,14.625,-0.30000000000000016,0,0.0,None,0,0.0
U_02525,Free,North,385,8,0,7,0.0,162.73,11.609428571428571,9.13,25.2,-0.0241758241758243,5,32.546,Electronics,0,154.2764935064935
U_02526,Free,North,142,36,0,0,0.0,40.63,8.40846153846154,0.0,17.53846153846154,-0.06666666666666653,1,40.63,Beauty,1,104.43626760563382
U_02527,Free,North,-28,7,0,6,27.06,79.68,9.961500000000001,11.879999999999999,23.65,0.10989010989010994,3,26.560000000000002,Toys,0,969.44
U_02528,Free,North,-111,26,0,1,0.0,13.86,8.743076923076922,0.0,18.0,-0.15476190476190455,1,13.86,Home,1,168.63
U_02529,Pro,North,677,80,0,0,0.0,148.8,5.475454545454546,0.0,13.0,0.0833333333333334,3,49.6,Sports,1,80.22451994091581
U_02530,Free,South,537,18,0,3,0.0,98.84,8.716818181818182,0.0,18.818181818181817,0.05000000000000003,4,24.71,Fashion,0,67.18175046554936
U_02531,Free,North,380,16,0,1,0.0,0.0,4.455454545454546,0.0,9.545454545454545,-0.05454545454545458,0,0.0,None,1,0.0
U_02532,Pro,North,252,26,0,1,0.0,190.57,4.943529411764707,0.0,10.529411764705882,-0.005494505494505452,2,95.285,Beauty,0,276.0240079365079
U_02533,Enterprise,South,481,1,4,7,0.0,414.10999999999996,6.584615384615385,7.746666666666666,13.846153846153847,0.08823529411764706,6,69.01833333333333,Books,0,314.24147609147604
U_02534,Pro,South,644,14,0,2,61.38,400.93,5.481,0.0,12.1,-0.035164835164835186,6,66.82166666666667,Electronics,0,227.23517080745341
U_02535,Pro,South,762,5,1,5,218.53,458.06,5.642631578947368,0.99,12.473684210526315,-0.017857142857142835,4,114.515,Beauty,0,219.41194225721785
U_02536,Pro,West,507,14,0,3,0.0,339.14000000000004,7.716190476190476,0.0,17.476190476190474,0.017857142857142853,4,84.78500000000001,Books,0,244.15404339250497
U_02537,Pro,West,362,2,1,5,156.69,156.69,7.369999999999999,9.376666666666667,14.782608695652174,0.017857142857142887,3,52.23,Books,0,157.9885359116022
U_02538,Free,West,-183,1,2,2,0.0,0.0,2.487142857142857,2.21,5.285714285714286,0.14285714285714274,0,0.0,None,0,0.0
U_02539,Pro,North,-116,17,0,2,0.0,118.67999999999999,9.712352941176471,0.0,19.941176470588236,-0.010489510489510493,3,39.559999999999995,Sports,0,1443.94
U_02540,Free,West,-70,19,0,1,0.0,0.0,4.979375,0.0,10.0625,-0.06363636363636367,0,0.0,None,0,0.0
U_02541,Free,South,-186,42,0,0,0.0,92.77,5.972727272727272,0.0,13.090909090909092,-0.17857142857142838,3,30.923333333333332,Toys,1,1128.7016666666666
U_02542,Free,East,-173,20,0,2,0.0,51.32000000000001,5.428181818181818,0.0,12.636363636363637,0.016666666666666666,3,17.10666666666667,Electronics,1,624.3933333333334
U_02543,Free,South,192,50,0,0,0.0,53.27,1.7585714285714287,0.0,3.4285714285714284,4.8870404991229254e-17,2,26.635,Grocery,0,101.26848958333333
U_02544,Enterprise,North,-12,53,0,0,0.0,52.26,3.99125,0.0,8.75,2.3337719308200445e-18,1,52.26,Grocery,0,635.83
U_02545,Free,North,789,20,0,1,0.0,0.0,3.575714285714286,0.0,7.857142857142857,4.8870404991229254e-17,0,0.0,None,1,0.0
U_02546,Enterprise,West,131,4,2,5,321.72,912.13,9.744074074074076,9.844999999999999,20.925925925925927,-0.021428571428571415,11,82.92090909090909,Fashion,0,2541.4309160305343
U_02547,Pro,North,203,7,0,4,0.0,52.46,9.546153846153846,7.23,20.423076923076923,-0.02696078431372545,2,26.23,Fashion,0,94.32463054187193
U_02548,Free,South,536,4,1,2,0.0,12.77,6.27642857142857,5.98,12.928571428571429,-0.041958041958041925,1,12.77,Electronics,0,8.69598880597015
U_02549,Free,West,244,127,0,0,0.0,0.0,2.16,0.0,6.0,-7.850462293418875e-17,0,0.0,None,1,0.0
U_02550,Free,East,-163,11,0,2,0.0,54.23,6.395333333333332,8.844999999999999,14.0,0.036363636363636376,3,18.076666666666664,Beauty,0,659.7983333333333
U_02551,Pro,East,340,3,2,4,0.0,287.73,8.555,6.9799999999999995,18.1,0.004395604395604338,4,71.9325,Home,0,308.88661764705887
U_02552,Pro,West,162,4,1,3,0.0,152.7,8.538947368421054,11.145,18.842105263157894,-0.1454545454545454,3,50.9,Beauty,0,344.04629629629625
U_02553,Free,North,533,1,1,4,0.0,123.27,10.413461538461538,10.59,23.03846153846154,-0.008791208791208904,4,30.8175,Toys,0,84.4156660412758
U_02554,Pro,South,486,69,0,0,0.0,62.64,2.2824999999999998,0.0,4.25,-0.5,2,31.32,Beauty,1,47.044444444444444
U_02555,Pro,East,-91,2,1,4,48.6,295.02000000000004,10.214516129032257,8.74,21.838709677419356,-0.004901960784313679,5,59.004000000000005,Sports,0,3589.4100000000003
U_02556,Free,South,823,46,0,0,0.0,0.0,2.7600000000000002,0.0,5.8,-1.0507920739455759e-16,0,0.0,None,1,0.0
U_02557,Pro,South,651,18,0,1,0.0,33.29,5.675,0.0,11.4,-0.03333333333333329,1,33.29,Fashion,0,18.664900153609832
U_02558,Enterprise,North,129,6,1,8,256.31,893.0200000000001,10.690555555555555,9.405000000000001,23.166666666666668,0.028571428571428543,10,89.302,Grocery,0,2526.7620155038762
U_02559,Free,South,376,16,0,4,0.0,0.0,8.449166666666667,0.0,18.416666666666668,0.08391608391608392,0,0.0,None,1,0.0
U_02560,Free,East,762,3,1,4,0.0,107.47,9.832666666666666,11.785,21.3,-0.012383900928792534,4,26.8675,Home,0,51.478412073490816
U_02561,Free,West,148,53,0,0,0.0,61.61,4.5725,0.0,8.875,0.07142857142857151,1,61.61,Beauty,1,151.94358108108108
U_02562,Pro,South,456,3,1,5,73.82000000000001,184.11,9.706956521739132,10.74,22.26086956521739,-0.02857142857142856,3,61.370000000000005,Sports,0,147.36875
U_02563,Pro,West,233,9,0,5,54.21,342.71999999999997,7.7764,7.025,17.6,-0.030882352941176458,5,68.544,Home,0,536.8789699570815
U_02564,Free,East,409,62,0,0,0.0,47.809999999999995,6.3774999999999995,0.0,12.25,-0.10000000000000009,2,23.904999999999998,Books,0,42.66662591687041
U_02565,Pro,North,288,3,1,4,170.45,319.58,8.891666666666667,11.003333333333332,19.88888888888889,-0.021978021978021997,6,53.26333333333333,Home,0,405.0232638888889
U_02566,Free,West,250,0,4,6,0.0,71.63,9.8936,9.21,22.52,0.03970588235294119,2,35.815,Sports,0,104.5798
U_02567,Free,South,430,129,0,0,0.0,0.0,1.02,0.0,2.6666666666666665,-1.0,0,0.0,None,1,0.0
U_02568,Pro,West,731,49,0,0,0.0,35.42,4.78909090909091,0.0,9.363636363636363,0.07142857142857155,1,35.42,Fashion,0,17.68577291381669
U_02569,Free,West,660,61,0,0,0.0,0.0,4.385000000000001,0.0,8.5,7.951207131982424e-18,0,0.0,None,1,0.0
U_02570,Pro,West,-96,0,1,3,0.0,0.0,6.9810526315789465,10.4,15.105263157894736,-0.005494505494505456,0,0.0,None,0,0.0
U_02571,Enterprise,East,268,6,1,2,0.0,393.18,7.447727272727272,8.51,17.09090909090909,0.11188811188811183,2,196.59,Fashion,0,535.4876865671642
U_02572,Pro,West,733,2,2,6,0.0,320.27,9.2748,10.3775,21.48,0.01428571428571427,8,40.03375,Beauty,0,159.47960436562073
U_02573,Pro,North,-67,39,0,0,0.0,144.08,3.803333333333333,0.0,8.666666666666666,-0.02857142857142858,1,144.08,Books,1,1752.9733333333336
U_02574,Pro,North,582,4,1,9,69.35,291.69,6.645000000000001,8.936666666666667,14.6,0.03529411764705888,4,72.9225,Sports,0,182.93273195876287
U_02575,Pro,West,751,45,0,0,0.0,124.32000000000001,3.6028571428571428,0.0,7.0,-0.14285714285714293,3,41.440000000000005,Home,1,60.42183754993343
U_02576,Pro,South,287,4,1,2,0.0,320.31,6.54,2.56,14.818181818181818,-0.021428571428571384,3,106.77,Fashion,0,407.3628919860627
U_02577,Pro,South,584,32,0,0,0.0,0.0,4.945454545454545,0.0,10.909090909090908,4.3903977023783285e-17,0,0.0,None,0,0.0
U_02578,Pro,North,331,4,1,4,169.01,242.91000000000003,9.791500000000001,9.57,21.05,-0.057142857142857106,6,40.48500000000001,Grocery,0,267.8614803625378
U_02579,Pro,East,262,72,0,0,0.0,24.9,7.218461538461539,0.0,14.461538461538462,-0.03571428571428558,1,24.9,Fashion,1,34.68893129770992
U_02580,Free,North,611,73,0,0,0.0,37.5,6.102222222222222,0.0,13.333333333333334,-0.20000000000000023,1,37.5,Grocery,1,22.401800327332243
U_02581,Free,South,242,92,0,0,0.0,24.3,2.7711111111111113,0.0,6.444444444444445,0.39999999999999997,1,24.3,Books,1,36.650826446280995
U_02582,Pro,South,732,60,0,0,0.0,174.64,2.6812500000000004,0.0,5.375,6.729156486047637e-17,3,58.21333333333333,Sports,1,87.08142076502732
U_02583,Pro,South,305,5,1,5,0.0,28.27,8.749411764705883,9.195,21.058823529411764,0.006593406593406572,1,28.27,Home,0,33.83131147540984
U_02584,Free,South,225,35,0,0,0.0,22.9,5.623749999999999,0.0,12.25,-0.048951048951048966,1,22.9,Home,0,37.148888888888884
U_02585,Free,South,767,54,0,0,0.0,0.0,4.0425,0.0,9.5,-2.0083673326242142e-16,0,0.0,None,0,0.0
U_02586,Free,West,418,8,0,1,0.0,40.34,4.72,1.39,10.538461538461538,0.01818181818181817,1,40.34,Fashion,1,35.225119617224884
U_02587,Enterprise,North,774,10,0,2,0.0,230.01,6.735,9.52,15.625,6.729156486047637e-17,3,76.67,Books,0,108.4672480620155
U_02588,Pro,North,384,65,0,0,0.0,0.0,5.377142857142857,0.0,11.0,-3.543039230717604e-18,0,0.0,None,1,0.0
U_02589,Free,North,-68,26,0,1,57.27,123.41,6.608181818181817,0.0,12.954545454545455,-0.026373626373626426,2,61.705,Fashion,0,1501.4883333333332
U_02590,Pro,South,266,77,0,0,0.0,0.0,2.7575000000000003,0.0,7.25,-0.5,0,0.0,None,1,0.0
U_02591,Free,East,91,0,3,9,0.0,0.0,6.2877777777777775,7.1259999999999994,14.407407407407407,0.053571428571428596,0,0.0,None,0,0.0
U_02592,Pro,West,46,0,1,10,39.52,269.04,12.338571428571427,12.066666666666668,26.928571428571427,-0.01804511278195491,7,38.434285714285714,Grocery,0,2134.7739130434784
U_02593,Enterprise,North,730,6,1,4,0.0,462.57,3.749166666666666,5.04,8.166666666666666,-0.09523809523809512,4,115.6425,Grocery,1,231.285
U_02594,Free,South,-204,4,1,2,0.0,0.0,3.448333333333333,2.855,8.0,7.951207131982424e-18,0,0.0,None,0,0.0
U_02595,Enterprise,West,83,5,1,5,74.19999999999999,324.65,7.7796,9.126666666666667,16.44,-0.06428571428571427,4,81.1625,Grocery,0,1427.6777108433735
U_02596,Pro,West,744,31,0,0,56.12,334.29,8.79625,0.0,19.8125,0.08181818181818186,4,83.5725,Grocery,0,163.99979838709677
U_02597,Free,West,-33,0,3,6,21.57,37.629999999999995,8.917777777777777,9.175,19.925925925925927,0.04264705882352943,2,18.814999999999998,Electronics,0,457.8316666666666
U_02598,Free,East,435,11,0,4,0.0,0.0,5.3752941176470594,6.39,10.647058823529411,0.18787878787878784,0,0.0,None,0,0.0
U_02599,Pro,East,670,26,0,1,0.0,175.14,3.3928571428571423,0.0,7.428571428571429,4.8870404991229254e-17,3,58.379999999999995,Beauty,1,95.4120895522388
U_02600,Free,North,-171,91,0,0,0.0,43.14,8.779,0.0,19.3,-0.03571428571428578,1,43.14,Books,1,524.87
U_02601,Free,East,252,8,0,6,98.63,98.63,6.672105263157896,9.225,14.368421052631579,0.050549450549450495,1,98.63,Toys,1,142.85694444444445
U_02602,Free,West,26,42,0,0,0.0,22.85,7.600666666666667,0.0,15.733333333333333,-0.0666666666666665,1,22.85,Electronics,0,278.0083333333333
U_02603,Free,East,707,65,0,0,0.0,0.0,5.141,0.0,10.7,-0.17857142857142863,0,0.0,None,1,0.0
U_02604,Pro,West,25,2,1,3,60.43000000000001,443.40999999999997,9.511764705882353,9.71,21.91176470588235,-0.006191950464396238,8,55.426249999999996,Toys,0,5394.821666666667
U_02605,Pro,South,791,21,0,2,190.8,638.4499999999999,10.51,0.0,21.958333333333332,0.002941176470588238,10,63.84499999999999,Fashion,1,294.60714285714283
U_02606,Enterprise,East,600,39,0,0,0.0,92.36,7.140000000000001,0.0,16.88888888888889,-0.035714285714285705,1,92.36,Toys,1,56.18566666666667
U_02607,Pro,East,456,0,1,6,42.06,270.77,10.651315789473683,11.89,22.18421052631579,-0.007792207792207773,4,67.6925,Sports,0,216.73475877192982
U_02608,Pro,West,836,2,1,5,65.61,65.61,5.4905,6.33,12.2,-0.021428571428571394,1,65.61,Home,0,28.645514354066986
U_02609,Pro,East,219,32,0,0,0.0,24.78,3.872,0.0,6.6,0.09999999999999981,1,24.78,Fashion,1,41.300000000000004
U_02610,Free,East,625,10,0,4,21.11,21.11,11.655882352941177,12.02,25.676470588235293,-0.03095975232198137,1,21.11,Home,0,12.328240000000001
U_02611,Free,West,533,7,0,5,0.0,0.0,9.1385,7.355,19.15,0.08241758241758243,0,0.0,None,0,0.0
U_02612,Pro,South,98,8,0,4,85.98,163.31,2.6566666666666667,2.6100000000000003,6.111111111111111,0.08333333333333341,2,81.655,Electronics,0,608.2464285714285
U_02613,Free,East,398,34,0,0,0.0,34.19,8.969642857142855,0.0,19.428571428571427,-0.07032967032967041,2,17.095,Beauty,1,31.35515075376884
U_02614,Pro,East,-95,37,0,0,0.0,0.0,5.1,0.0,9.6,-0.1000000000000001,0,0.0,None,1,0.0
U_02615,Pro,West,190,13,0,5,0.0,125.08,7.3164,7.87,14.88,-0.03970588235294115,1,125.08,Home,0,240.28526315789472
U_02616,Free,South,-77,4,3,8,0.0,52.53,8.4515625,8.75,19.0625,0.04656862745098045,2,26.265,Books,0,639.115
U_02617,Pro,South,252,48,0,0,0.0,123.39,3.783125,0.0,8.8125,-0.027472527472527417,1,123.39,Electronics,1,178.71964285714287
U_02618,Free,East,-126,0,2,5,0.0,39.64,6.71578947368421,7.063333333333333,15.473684210526315,-0.003571428571428522,1,39.64,Sports,0,482.28666666666663
U_02619,Free,West,-76,2,1,3,0.0,0.0,6.220454545454545,8.07,13.0,-0.09230769230769238,0,0.0,None,0,0.0
U_02620,Free,East,673,81,0,0,0.0,26.869999999999997,2.546666666666667,0.0,5.833333333333333,-0.2000000000000002,2,13.434999999999999,Grocery,0,14.572882615156015
U_02621,Pro,South,58,3,1,5,105.85,446.04,8.787083333333333,7.63,18.625,-0.04117647058823525,7,63.720000000000006,Sports,0,2806.9758620689654
U_02622,Pro,East,489,69,0,0,0.0,0.0,5.978999999999999,0.0,13.4,-0.035714285714285726,0,0.0,None,1,0.0
U_02623,Pro,North,38,15,0,4,0.0,106.53999999999999,9.24818181818182,0.0,21.181818181818183,0.04395604395604402,2,53.269999999999996,Toys,1,1023.3447368421051
U_02624,Enterprise,North,127,17,0,1,74.01,458.9,4.5600000000000005,0.0,9.9,-0.04999999999999998,3,152.96666666666667,Toys,0,1318.8858267716535
U_02625,Enterprise,North,-28,6,1,4,0.0,381.96000000000004,6.295333333333334,6.153333333333333,13.4,0.05244755244755244,3,127.32000000000001,Sports,0,4647.18
U_02626,Free,East,722,106,0,0,0.0,0.0,2.2200000000000006,0.0,4.333333333333333,1.0000000000000004,0,0.0,None,1,0.0
U_02627,Pro,West,455,14,0,3,113.45,113.45,7.564705882352941,0.0,15.941176470588236,0.009090909090909143,2,56.725,Electronics,0,91.00934065934067
U_02628,Free,East,67,29,0,1,0.0,24.15,5.2469230769230775,0.0,11.692307692307692,-0.03571428571428558,1,24.15,Toys,1,131.5634328358209
U_02629,Pro,West,-158,119,0,0,0.0,0.0,3.1333333333333333,0.0,8.666666666666666,0.9999999999999998,0,0.0,None,1,0.0
U_02630,Free,South,83,27,0,1,0.0,39.86,6.705384615384617,0.0,13.307692307692308,0.05952380952380965,1,39.86,Electronics,1,175.28795180722892
U_02631,Pro,West,806,3,1,5,21.6,21.6,6.2425,4.01,13.875,0.009090909090909101,1,21.6,Sports,0,9.781637717121589
U_02632,Free,West,209,19,0,2,0.0,6.75,6.45,0.0,13.090909090909092,-0.06666666666666657,1,6.75,Toys,1,11.788277511961724
U_02633,Free,North,746,19,0,3,0.0,44.57,5.477499999999999,0.0,11.583333333333334,0.036363636363636404,1,44.57,Toys,1,21.807037533512066
U_02634,Free,East,267,10,0,2,0.0,75.22,9.137826086956524,11.37,19.347826086956523,0.00659340659340655,2,37.61,Grocery,0,102.82883895131086
U_02635,Pro,East,-4,1,2,2,0.0,132.43,5.173333333333334,8.149999999999999,11.0,0.0485294117647059,2,66.215,Beauty,0,1611.2316666666668
U_02636,Pro,North,732,82,0,0,0.0,33.73,0.685,0.0,1.5,-7.850462293418875e-17,1,33.73,Sports,0,16.81892076502732
U_02637,Enterprise,South,-134,0,1,2,167.56,518.15,5.7714285714285705,8.67,13.071428571428571,0.010989010989011028,6,86.35833333333333,Home,0,6304.158333333333
U_02638,Free,West,133,2,1,1,0.0,136.87,12.128421052631577,12.28,28.05263157894737,-1.0679223554023267e-17,2,68.435,Home,0,375.6206766917294
U_02639,Enterprise,North,581,78,0,0,0.0,134.94,2.8216666666666668,0.0,6.666666666666667,-4.8374234447508063e-17,1,134.94,Toys,1,84.77297762478486
U_02640,Free,East,647,0,1,5,0.0,44.96,7.310333333333333,8.873333333333333,15.666666666666666,-0.05789473684210531,2,22.48,Beauty,0,25.36383307573416
U_02641,Enterprise,North,376,6,1,2,146.09,801.34,6.280588235294118,4.66,13.176470588235293,-0.08181818181818176,9,89.03777777777778,Sports,0,777.8965425531916
U_02642,Free,North,-41,14,0,3,0.0,124.09,5.90590909090909,0.0,12.954545454545455,-0.03076923076923086,4,31.0225,Electronics,1,1509.7616666666668
U_02643,Free,East,233,17,0,1,0.0,0.0,7.519285714285715,0.0,16.357142857142858,-0.013986013986013894,0,0.0,None,0,0.0
U_02644,Free,East,731,0,2,8,0.0,34.15,10.766470588235293,10.514,24.441176470588236,0.0045112781954886804,2,17.075,Electronics,0,17.051641586867305
U_02645,Enterprise,South,830,57,0,0,0.0,176.2,8.596666666666666,0.0,21.5,-0.2000000000000002,3,58.73333333333333,Toys,1,77.4855421686747
U_02646,Pro,West,735,40,0,0,0.0,74.78,2.9025,0.0,5.0,-2.0083673326242142e-16,1,74.78,Toys,1,37.1356462585034
U_02647,Free,East,-1,45,0,0,31.27,31.27,5.488333333333332,0.0,12.333333333333334,0.0999999999999999,1,31.27,Fashion,1,380.45166666666665
U_02648,Free,West,655,0,2,8,0.0,13.7,8.856071428571429,10.17,19.178571428571427,0.04334365325077399,1,13.7,Books,0,7.634351145038168
U_02649,Free,South,262,1,2,9,10.75,69.83,10.12058823529412,13.386666666666665,23.38235294117647,0.05864661654135335,3,23.276666666666667,Home,0,97.28225190839693
U_02650,Free,North,543,43,0,0,0.0,101.71000000000001,8.942666666666668,0.0,19.533333333333335,-0.03030303030303024,2,50.855000000000004,Grocery,0,68.36860036832412
U_02651,Free,North,120,5,1,3,0.0,0.0,1.5699999999999998,0.7100000000000001,4.0,-1.0507920739455759e-16,0,0.0,None,0,0.0
U_02652,Free,South,447,3,1,4,0.0,0.0,6.433333333333334,9.0,12.75,-0.1428571428571428,0,0.0,None,0,0.0
U_02653,Pro,South,699,96,0,0,0.0,53.28,7.5425,0.0,15.5,-2.0083673326242142e-16,1,53.28,Toys,1,27.82145922746781
U_02654,Free,East,-81,0,1,1,0.0,0.0,5.991428571428572,0.09,13.571428571428571,0.01212121212121204,0,0.0,None,0,0.0
U_02655,Enterprise,West,279,87,0,0,0.0,58.31,0.8966666666666666,0.0,1.6666666666666667,1.0276789547548596e-16,1,58.31,Fashion,0,76.2836917562724
U_02656,Free,North,117,6,1,2,0.0,0.0,4.965000000000001,8.395,11.833333333333334,0.03496503496503499,0,0.0,None,1,0.0
U_02657,Free,North,-9,7,0,4,0.0,46.71,7.408571428571429,5.776666666666667,18.333333333333332,0.010489510489510502,1,46.71,Sports,0,568.305
U_02658,Free,East,-159,2,1,1,0.0,6.9,7.305384615384616,3.51,16.384615384615383,-0.11666666666666656,1,6.9,Toys,1,83.95
U_02659,Pro,North,838,1,1,3,0.0,213.05,11.223333333333333,9.25,24.904761904761905,-0.08214285714285714,5,42.61,Books,0,92.79624105011933
U_02660,Pro,North,488,11,0,3,117.69,466.11,8.358421052631579,7.64,19.05263157894737,-0.010714285714285681,6,77.685,Grocery,0,348.627356557377
U_02661,Free,South,692,81,0,0,0.0,0.0,3.222,0.0,8.0,-1.0507920739455759e-16,0,0.0,None,1,0.0
U_02662,Free,East,318,12,0,1,0.0,0.0,3.286363636363636,1.28,7.2727272727272725,-0.016666666666666663,0,0.0,None,1,0.0
U_02663,Pro,West,-78,2,1,6,0.0,47.45,6.721304347826086,10.89,14.043478260869565,0.015384615384615349,2,23.725,Fashion,0,577.3083333333334
U_02664,Pro,North,-1,55,0,0,94.45,278.73,7.4475,0.0,14.375,4.467601671878703e-17,4,69.6825,Toys,1,3391.215
U_02665,Free,South,815,5,2,6,0.0,91.01,7.715999999999998,8.9525,16.333333333333332,0.05944055944055945,1,91.01,Beauty,0,40.75907975460123
U_02666,Free,North,658,1,1,3,0.0,46.1,6.4923076923076914,4.53,14.461538461538462,0.0060606060606060806,1,46.1,Home,0,25.572188449848024
U_02667,Pro,South,-20,74,0,0,0.0,0.0,3.2,0.0,6.428571428571429,0.09999999999999998,0,0.0,None,1,0.0
U_02668,Free,South,128,0,3,6,11.76,72.33,8.572424242424244,8.05,19.242424242424242,-0.03859649122807019,3,24.11,Sports,0,206.253515625
U_02669,Free,East,434,85,0,0,0.0,0.0,2.08,0.0,4.6,-1.0507920739455759e-16,0,0.0,None,1,0.0
U_02670,Pro,South,345,27,0,1,0.0,0.0,4.052857142857143,0.0,9.571428571428571,-0.027272727272727237,0,0.0,None,1,0.0
U_02671,Free,West,684,90,0,0,0.0,77.42,5.6066666666666665,0.0,12.333333333333334,-0.035714285714285664,1,77.42,Beauty,1,41.313304093567254
U_02672,Free,North,-48,19,0,2,0.0,55.62,4.3488235294117645,0.0,10.176470588235293,-0.03296703296703296,2,27.81,Books,0,676.7099999999999
U_02673,Free,North,433,5,2,4,0.0,0.0,5.934666666666668,5.83,11.4,0.049450549450549476,0,0.0,None,0,0.0
U_02674,Enterprise,East,-78,39,0,0,0.0,668.6600000000001,9.954545454545455,0.0,22.272727272727273,-0.04395604395604392,7,95.52285714285715,Fashion,0,7040.131324358977
U_02675,Pro,West,201,5,1,3,0.0,43.38,4.0709090909090895,1.9766666666666666,8.181818181818182,0.04242424242424243,1,43.38,Grocery,0,78.77462686567165
U_02676,Free,North,772,31,0,0,0.0,0.0,2.6359999999999997,0.0,5.4,-0.09523809523809514,0,0.0,None,1,0.0
U_02677,Free,West,501,72,0,0,0.0,19.46,9.572941176470588,0.0,20.058823529411764,-0.018181818181818188,1,19.46,Electronics,1,14.17744510978044
U_02678,Free,West,622,0,1,3,26.26,55.870000000000005,4.1433333333333335,1.85,8.222222222222221,-0.0714285714285715,2,27.935000000000002,Books,0,32.78545016077171
U_02679,Enterprise,West,-100,69,0,0,0.0,458.49,3.296666666666667,0.0,6.0,1.0276789547548596e-16,5,91.69800000000001,Grocery,1,5578.295
U_02680,Free,East,224,26,0,1,0.0,33.57,3.847777777777778,0.0,8.555555555555555,0.059523809523809486,1,33.57,Electronics,0,54.701116071428565
U_02681,Free,South,806,2,1,6,0.0,16.76,7.452399999999999,3.36,16.44,0.01960784313725493,1,16.76,Toys,0,7.589826302729529
U_02682,Enterprise,East,672,14,0,3,61.97,461.65999999999997,9.61111111111111,0.0,21.11111111111111,-0.027972027972027958,6,76.94333333333333,Sports,0,250.75282738095237
U_02683,Enterprise,West,468,24,0,2,0.0,265.83,2.4966666666666666,0.0,5.333333333333333,7.951207131982424e-18,3,88.61,Grocery,0,207.32467948717945
U_02684,Free,North,354,33,0,0,0.0,0.0,8.858888888888888,0.0,19.962962962962962,0.024509803921568662,0,0.0,None,1,0.0
U_02685,Pro,North,237,9,0,3,95.25,132.68,4.162,2.72,10.3,0.05000000000000002,3,44.22666666666667,Home,0,204.33839662447258
U_02686,Pro,West,439,6,1,4,0.0,120.25,7.284666666666666,8.61,16.466666666666665,-0.010489510489510467,2,60.125,Beauty,0,99.98006833712984
U_02687,Free,East,475,10,0,1,0.0,54.35,5.970833333333332,2.58,12.583333333333334,-0.012121212121212066,2,27.175,Books,1,41.763684210526314
U_02688,Free,East,846,13,0,4,0.0,31.44,5.7175,7.42,11.4375,0.07692307692307693,1,31.44,Fashion,0,13.5645390070922
U_02689,Enterprise,East,235,19,0,1,0.0,339.52,7.496,0.0,18.866666666666667,-0.11666666666666649,4,84.88,Books,0,527.3395744680851
U_02690,Pro,North,497,23,0,1,0.0,234.76999999999998,4.156666666666667,0.0,9.333333333333334,7.951207131982424e-18,2,117.38499999999999,Electronics,0,172.4165995975855
U_02691,Free,West,831,56,0,0,0.0,0.0,5.096,0.0,8.5,-0.03333333333333329,0,0.0,None,1,0.0
U_02692,Free,South,363,66,0,0,0.0,36.5,2.092857142857143,0.0,4.857142857142857,0.14285714285714274,1,36.5,Toys,1,36.701101928374655
U_02693,Pro,South,-199,51,0,0,96.38,174.14,9.350499999999998,0.0,19.1,-0.13333333333333333,2,87.07,Books,1,2118.703333333333
U_02694,Pro,North,804,26,0,1,0.0,0.0,3.7744444444444443,0.0,8.333333333333334,-0.035714285714285664,0,0.0,None,1,0.0
U_02695,Free,East,697,27,0,1,0.0,37.57,2.9171428571428573,0.0,6.857142857142857,-0.1000000000000002,2,18.785,Beauty,1,19.67439024390244
U_02696,Free,West,137,40,0,0,0.0,0.0,3.971666666666667,0.0,7.5,-4.8374234447508063e-17,0,0.0,None,1,0.0
U_02697,Free,West,562,45,0,0,0.0,0.0,2.545,0.0,5.25,-0.035714285714285636,0,0.0,None,1,0.0
U_02698,Free,East,561,80,0,0,0.0,0.0,5.465999999999999,0.0,10.6,-1.0507920739455759e-16,0,0.0,None,1,0.0
U_02699,Pro,North,319,73,0,0,72.16,123.08,4.24090909090909,0.0,9.090909090909092,5.182935284148092e-17,2,61.54,Electronics,1,140.8282131661442
U_02700,Free,North,573,15,0,2,0.0,0.0,5.144166666666666,0.0,11.333333333333334,0.0666666666666667,0,0.0,None,0,0.0
U_02701,Pro,South,246,12,0,6,0.0,153.41,6.458500000000001,1.08,14.15,-0.017582417582417607,3,51.13666666666666,Books,0,227.62052845528456
U_02702,Free,West,289,129,0,0,0.0,0.0,1.19,0.0,2.75,0.5000000000000002,0,0.0,None,1,0.0
U_02703,Pro,South,-168,6,1,6,0.0,293.74,5.077368421052633,2.9500000000000006,11.473684210526315,0.028571428571428605,4,73.435,Beauty,0,3573.836666666667
U_02704,Pro,North,-205,2,1,5,56.83,251.68,8.2355,7.099999999999999,16.75,-0.04285714285714282,5,50.336,Grocery,0,3062.1066666666666
U_02705,Pro,North,816,75,0,0,0.0,266.95,3.6866666666666665,0.0,8.88888888888889,5.664759402336449e-18,2,133.475,Grocery,1,119.4077818627451
U_02706,Free,West,255,4,1,3,0.0,38.31,6.233124999999999,2.615,14.6875,-0.06293706293706296,2,19.155,Electronics,0,54.835882352941184
U_02707,Free,South,31,9,0,5,0.0,114.61000000000001,8.927999999999999,7.715,19.566666666666666,0.0015037593984962355,4,28.652500000000003,Electronics,0,1349.4403225806454
U_02708,Pro,North,-77,6,1,3,32.15,145.87,7.662692307692309,9.875,17.53846153846154,0.0058823529411765,5,29.174,Books,0,1774.7516666666668
U_02709,Pro,South,27,143,0,0,0.0,0.0,0.3,0.0,1.0,-7.850462293418875e-17,0,0.0,None,1,0.0
U_02710,Free,East,178,30,0,0,0.0,44.61,8.10875,0.0,17.458333333333332,0.09230769230769227,2,22.305,Fashion,1,91.47556179775282
U_02711,Pro,East,176,28,0,1,0.0,0.0,2.2333333333333334,0.0,5.666666666666667,-0.05952380952380944,0,0.0,None,0,0.0
U_02712,Pro,East,466,5,1,4,136.73,569.7700000000001,8.633666666666668,9.995,19.533333333333335,-0.12058823529411761,7,81.3957142857143,Fashion,0,446.279077253219
U_02713,Free,North,552,72,0,0,0.0,31.22,6.785833333333333,0.0,13.25,0.15,1,31.22,Toys,1,20.643659420289854
U_02714,Free,East,5,71,0,0,0.0,13.11,3.775,0.0,7.75,-2.0083673326242142e-16,1,13.11,Electronics,1,159.505
U_02715,Pro,South,-78,5,1,4,80.08,421.97,5.746315789473684,5.276666666666666,13.421052631578947,-0.04945054945054941,6,70.32833333333333,Books,0,5133.968333333333
U_02716,Free,South,-148,57,0,0,0.0,0.0,4.095555555555555,0.0,8.444444444444445,0.19999999999999996,0,0.0,None,1,0.0
U_02717,Free,North,126,0,2,8,0.0,6.5,9.38107142857143,6.445,19.428571428571427,0.06372549019607844,1,6.5,Fashion,0,18.82936507936508
U_02718,Free,West,528,51,0,0,0.0,78.64,4.485833333333333,0.0,9.166666666666666,0.03571428571428576,2,39.32,Grocery,1,54.362878787878785
U_02719,Free,South,39,5,1,5,0.0,0.0,6.177499999999999,7.505000000000001,13.25,0.017582417582417537,0,0.0,None,0,0.0
U_02720,Free,East,64,92,0,0,0.0,0.0,2.7125,0.0,5.75,-8.498442808297854e-17,0,0.0,None,1,0.0
U_02721,Free,South,310,87,0,0,0.0,18.9,5.64,0.0,12.5,-0.11904761904761889,1,18.9,Sports,1,22.253225806451614
U_02722,Pro,West,175,1,2,6,98.01,347.79,9.60925925925926,7.7,21.074074074074073,-0.010714285714285674,5,69.558,Sports,0,725.3905714285715
U_02723,Free,South,479,66,0,0,0.0,9.82,3.3233333333333333,0.0,7.111111111111111,5.664759402336449e-18,1,9.82,Beauty,1,7.482881002087684
U_02724,Enterprise,West,265,5,1,3,165.57,997.0899999999999,3.765,8.825,8.6875,-0.048951048951048945,7,142.44142857142856,Sports,0,1373.3503773584905
U_02725,Pro,North,420,3,1,2,0.0,0.0,3.2900000000000005,4.4,7.166666666666667,7.951207131982424e-18,0,0.0,None,0,0.0
U_02726,Free,North,788,2,1,8,99.03999999999999,116.14999999999999,10.53342105263158,10.129999999999999,22.63157894736842,0.024675324675324677,3,38.71666666666666,Toys,0,53.80044416243655
U_02727,Free,North,493,9,0,3,0.0,0.0,6.450714285714286,8.24,12.464285714285714,0.09285714285714285,0,0.0,None,0,0.0
U_02728,Pro,West,508,27,0,2,45.82,161.27,8.375789473684211,0.0,18.63157894736842,0.0021978021978021735,4,40.3175,Home,1,115.87312992125985
U_02729,Free,North,-201,75,0,0,0.0,0.0,0.8475,0.0,2.5,-2.0083673326242142e-16,0,0.0,None,1,0.0
U_02730,Pro,South,339,10,0,1,0.0,0.0,1.12,3.58,3.25,-2.0083673326242142e-16,0,0.0,None,1,0.0
U_02731,Pro,West,461,14,0,3,0.0,61.78,2.924545454545455,0.0,6.454545454545454,0.01666666666666673,1,61.78,Home,1,48.914750542299345
U_02732,Free,East,593,49,0,0,0.0,0.0,8.91375,0.0,20.875,-0.009090909090909058,0,0.0,None,0,0.0
U_02733,Free,West,602,49,0,0,0.0,0.0,2.7,0.0,7.0,-7.850462293418875e-17,0,0.0,None,1,0.0
U_02734,Pro,North,480,7,0,1,0.0,328.89,4.026666666666666,3.35,8.833333333333334,0.0666666666666667,4,82.2225,Grocery,0,250.0934375
U_02735,Free,North,708,2,1,3,0.0,0.0,6.453999999999999,0.85,14.75,0.010989010989011066,0,0.0,None,0,0.0
U_02736,Enterprise,East,845,999,0,0,0.0,0.0,0.0,0.0,0.0,0.0,0,0.0,None,1,0.0
U_02737,Pro,South,-76,24,0,2,0.0,171.08999999999997,5.407272727272727,0.0,12.818181818181818,0.05454545454545453,3,57.029999999999994,Toys,0,2081.595
U_02738,Free,North,369,999,0,0,0.0,0.0,0.0,0.0,0.0,0.0,0,0.0,None,1,0.0
U_02739,Free,East,378,59,0,0,31.8,31.8,5.502727272727274,0.0,11.272727272727273,-0.049999999999999926,1,31.8,Home,1,30.70634920634921
U_02740,Free,East,246,84,0,0,0.0,97.21000000000001,4.364285714285715,0.0,8.857142857142858,0.09999999999999971,2,48.605000000000004,Beauty,0,144.23434959349595
U_02741,Free,East,530,15,0,2,0.0,36.71,9.036785714285715,0.0,19.964285714285715,-0.18131868131868115,2,18.355,Fashion,0,25.281415094339625
U_02742,Free,East,672,89,0,0,0.0,99.94,4.961428571428572,0.0,13.714285714285714,0.02857142857142864,1,99.94,Fashion,1,54.28288690476191
U_02743,Free,West,782,2,1,5,0.0,16.72,7.665806451612903,13.83,17.06451612903226,-0.014035087719298284,1,16.72,Grocery,0,7.804092071611252
U_02744,Free,East,531,2,1,2,25.37,72.28,5.343999999999999,1.81,11.4,1.6054209807821413e-17,3,24.093333333333334,Electronics,1,49.68399246704332
U_02745,Free,North,524,55,0,0,58.04,58.04,4.135454545454545,0.0,8.454545454545455,-0.11666666666666665,1,58.04,Grocery,1,40.42862595419847
U_02746,Free,South,78,100,0,0,0.0,0.0,4.4399999999999995,0.0,9.5,-7.850462293418875e-17,0,0.0,None,1,0.0
U_02747,Pro,North,265,27,0,2,0.0,221.43,4.625294117647059,0.0,10.058823529411764,0.010989010989011068,3,73.81,Electronics,1,304.98849056603774
U_02748,Free,South,-147,33,0,0,47.46,53.38,5.391818181818182,0.0,11.545454545454545,-0.1785714285714285,2,26.69,Beauty,0,649.4566666666667
U_02749,Pro,East,490,11,0,3,0.0,21.46,3.678181818181818,5.57,7.636363636363637,-0.03571428571428568,1,21.46,Fashion,0,15.985510204081633
U_02750,Free,North,-130,32,0,0,0.0,26.98,7.402857142857144,0.0,16.0,-0.04848484848484836,1,26.98,Fashion,1,328.25666666666666
U_02751,Enterprise,East,231,102,0,0,0.0,0.0,5.474999999999999,0.0,12.0,-0.20000000000000043,0,0.0,None,0,0.0
U_02752,Free,South,767,8,0,1,0.0,33.41,7.047272727272728,3.31,16.09090909090909,-0.03333333333333321,1,33.41,Sports,1,15.899152542372878
U_02753,Free,West,662,2,1,4,0.0,38.989999999999995,7.920000000000001,6.9399999999999995,17.363636363636363,-0.10216718266253857,2,19.494999999999997,Beauty,0,21.497507552870086
U_02754,Free,East,234,5,1,2,0.0,66.55,7.905999999999999,6.13,17.7,-0.013186813186813221,1,66.55,Sports,0,103.80662393162393
U_02755,Enterprise,East,-200,79,0,0,0.0,0.0,1.16,0.0,2.75,-2.0083673326242142e-16,0,0.0,None,1,0.0
U_02756,Free,North,472,33,0,0,0.0,34.95,5.993846153846153,0.0,13.384615384615385,0.03333333333333336,2,17.475,Beauty,1,27.02701271186441
U_02757,Free,South,27,54,0,0,0.0,0.0,4.226363636363637,0.0,10.0,-0.08333333333333326,0,0.0,None,0,0.0
U_02758,Free,West,396,102,0,0,0.0,0.0,3.04,0.0,6.571428571428571,-0.14285714285714293,0,0.0,None,1,0.0
U_02759,Free,South,-73,10,0,4,0.0,16.38,8.90090909090909,6.29,19.90909090909091,-0.017647058823529353,1,16.38,Books,0,199.28999999999996
U_02760,Free,South,780,17,0,1,47.47,108.19,3.7533333333333325,0.0,8.0,1.0276789547548596e-16,2,54.095,Books,0,50.62737179487179
U_02761,Enterprise,South,336,39,0,0,0.0,0.0,3.1025000000000005,0.0,6.5,-2.0083673326242142e-16,0,0.0,None,1,0.0
U_02762,Pro,West,-106,1,3,7,46.79,141.9,10.143666666666666,11.3925,22.3,0.01764705882352938,4,35.475,Beauty,0,1726.45
U_02763,Pro,East,558,46,0,0,0.0,255.54,7.642631578947367,0.0,15.631578947368421,0.09340659340659342,2,127.77,Home,1,167.15430107526882
U_02764,Free,West,578,0,1,3,35.54,162.28,9.379999999999999,9.98,19.8,0.00439560439560437,4,40.57,Books,0,102.47785467128027
U_02765,Free,West,828,38,0,0,0.0,20.8,4.965555555555556,0.0,11.777777777777779,-0.035714285714285705,1,20.8,Beauty,1,9.169082125603865
U_02766,Free,North,677,0,2,7,0.0,0.0,7.970952380952381,8.190000000000001,18.238095238095237,0.03928571428571432,0,0.0,None,0,0.0
U_02767,Free,North,567,6,1,4,73.28999999999999,102.91999999999999,8.5255,9.935,19.0,0.07472527472527474,3,34.306666666666665,Books,0,66.25361552028218
U_02768,Pro,West,102,1,1,8,0.0,164.16,9.061212121212122,9.9225,20.696969696969695,0.0049019607843137575,3,54.72,Home,0,587.435294117647
U_02769,Free,South,620,17,0,3,0.0,0.0,8.644210526315788,0.0,18.526315789473685,0.025000000000000015,0,0.0,None,1,0.0
U_02770,Pro,West,427,64,0,0,0.0,49.52,5.0825,0.0,12.0,-2.0083673326242142e-16,1,49.52,Toys,1,42.32974238875878
U_02771,Pro,West,639,24,0,1,147.66,343.54999999999995,3.556923076923077,0.0,7.846153846153846,-0.09090909090909098,3,114.51666666666665,Books,1,196.23748043818463
U_02772,Pro,South,210,9,0,2,0.0,291.42,10.907,7.94,23.7,-0.10989010989010994,4,72.855,Beauty,0,506.51571428571435
U_02773,Free,West,-69,14,0,7,0.0,86.91,7.146842105263158,0.0,15.894736842105264,0.1573426573426574,3,28.97,Grocery,1,1057.405
U_02774,Free,North,162,25,0,1,0.0,0.0,4.703,0.0,11.3,-0.03333333333333329,0,0.0,None,0,0.0
U_02775,Pro,North,643,108,0,0,0.0,204.08,1.9100000000000001,0.0,4.5,0.0,2,102.04,Home,1,115.84634525660964
U_02776,Free,East,70,88,0,0,0.0,42.48,6.004,0.0,13.0,-0.3000000000000005,1,42.48,Grocery,1,221.5028571428571
U_02777,Enterprise,West,-174,45,0,0,0.0,214.21,1.9857142857142858,0.0,4.571428571428571,0.14285714285714274,3,71.40333333333334,Grocery,1,2606.221666666667
U_02778,Free,East,212,72,0,0,0.0,0.0,4.5425,0.0,8.5,0.29999999999999993,0,0.0,None,1,0.0
U_02779,Free,North,768,5,1,6,67.75,119.47999999999999,9.86125,10.086666666666668,23.3125,3.9626327122815364e-17,2,59.739999999999995,Sports,0,56.78411458333333
U_02780,Pro,South,-10,5,1,4,42.68,268.57,8.872727272727273,7.996666666666666,19.045454545454547,-0.06153846153846163,4,67.1425,Books,0,3267.601666666667
U_02781,Pro,East,-81,50,0,0,0.0,126.14,7.660833333333333,0.0,15.666666666666666,0.11666666666666672,3,42.04666666666667,Fashion,1,1534.7033333333331
U_02782,Free,East,489,7,0,3,0.0,72.87,6.6889473684210525,8.64,14.842105263157896,-0.010714285714285681,3,24.290000000000003,Books,0,54.39171779141105
U_02783,Pro,West,707,17,0,1,100.72,317.71999999999997,5.307777777777779,0.0,11.277777777777779,-0.027272727272727244,7,45.388571428571424,Sports,1,164.0280056577086
U_02784,Free,North,652,37,0,0,0.0,26.4,4.844285714285713,0.0,9.857142857142858,-0.028571428571428543,1,26.4,Books,1,14.779141104294476
U_02785,Free,West,280,11,0,2,0.0,60.3,7.085000000000001,6.98,14.4,-0.035714285714285705,2,30.15,Books,0,78.60535714285714
U_02786,Free,South,-81,0,1,5,0.0,0.0,6.864705882352941,6.359999999999999,14.411764705882353,0.031468531468531506,0,0.0,None,0,0.0
U_02787,Pro,West,170,63,0,0,0.0,234.89999999999998,5.14625,0.0,12.625,6.729156486047637e-17,3,78.3,Books,0,504.34411764705874
U_02788,Pro,East,-131,5,1,4,0.0,121.33,8.424117647058821,7.45,18.41176470588235,-0.05244755244755241,2,60.665,Books,0,1476.1816666666666
U_02789,Free,South,626,83,0,0,0.0,0.0,2.345714285714286,0.0,4.714285714285714,-0.10000000000000016,0,0.0,None,1,0.0
U_02790,Free,South,504,91,0,0,0.0,0.0,0.71,0.0,2.0,0.0,0,0.0,None,1,0.0
U_02791,Enterprise,South,54,50,0,0,0.0,430.71999999999997,3.703333333333333,0.0,7.0,7.951207131982424e-18,3,143.57333333333332,Books,1,2911.348148148148
U_02792,Pro,West,161,25,0,1,0.0,40.97,6.305000000000001,0.0,14.8,-0.10714285714285693,1,40.97,Home,0,92.88229813664596
U_02793,Enterprise,North,420,2,2,10,0.0,891.89,10.444999999999999,9.826,23.0,0.03823529411764705,8,111.48625,Sports,0,775.0948809523809
U_02794,Free,West,129,16,0,3,0.0,78.71000000000001,8.541923076923077,0.0,18.846153846153847,0.0703296703296703,4,19.677500000000002,Toys,0,222.70658914728685
U_02795,Free,North,492,4,2,5,75.57,75.57,7.970000000000001,6.786666666666666,17.814814814814813,0.009287925696594404,1,75.57,Toys,0,56.06310975609756
U_02796,Free,East,791,35,0,0,0.0,20.38,4.166666666666667,0.0,8.333333333333334,1.0276789547548596e-16,1,20.38,Toys,1,9.404171934260429
U_02797,Enterprise,North,411,134,0,0,0.0,100.41,3.425,0.0,7.0,-7.850462293418875e-17,1,100.41,Fashion,1,89.17189781021898
U_02798,Pro,East,804,10,0,5,0.0,133.14,9.603666666666667,15.63,21.366666666666667,-0.017156862745098023,2,66.57,Fashion,0,60.44291044776119
U_02799,Free,East,185,0,2,9,0.0,9.93,11.783666666666667,10.994,26.466666666666665,0.09411764705882353,1,9.93,Books,0,19.59162162162162
U_02800,Free,South,496,97,0,0,0.0,0.0,4.140000000000001,0.0,7.0,-7.850462293418875e-17,0,0.0,None,1,0.0
U_02801,Pro,East,326,0,1,4,0.0,540.11,7.641923076923077,6.46,16.692307692307693,-0.004395604395604473,7,77.15857142857143,Beauty,0,604.7243865030675
U_02802,Free,West,215,75,0,0,0.0,0.0,1.8225,0.0,3.5,-2.0083673326242142e-16,0,0.0,None,1,0.0
U_02803,Free,South,579,67,0,0,0.0,18.84,5.058571428571428,0.0,10.714285714285714,0.19999999999999996,1,18.84,Home,0,11.876683937823834
U_02804,Free,East,359,7,0,3,0.0,29.69,8.102608695652172,7.710000000000001,17.695652173913043,-0.010989010989010992,2,14.845,Sports,0,30.186211699164346
U_02805,Pro,South,838,11,0,2,0.0,114.0,4.991666666666667,0.2,10.555555555555555,-0.04848484848484833,1,114.0,Beauty,1,49.65393794749403
U_02806,Free,West,-134,2,1,8,0.0,0.0,9.346190476190477,11.0425,20.761904761904763,0.06043956043956049,0,0.0,None,0,0.0
U_02807,Free,North,251,23,0,2,113.7,207.7,4.549090909090909,0.0,8.909090909090908,0.06666666666666665,4,51.925,Beauty,1,302.03386454183266
U_02808,Pro,East,-200,10,0,4,0.0,24.73,8.459117647058823,8.629999999999999,17.558823529411764,0.005882352941176489,1,24.73,Grocery,0,300.88166666666666
U_02809,Free,North,793,116,0,0,0.0,0.0,3.99,0.0,11.0,0.0,0,0.0,None,1,0.0
U_02810,Pro,East,198,82,0,0,0.0,0.0,0.3,0.0,1.0,-7.850462293418875e-17,0,0.0,None,1,0.0
U_02811,Pro,South,81,1,2,4,13.41,54.239999999999995,11.97217391304348,15.434999999999999,25.869565217391305,0.049999999999999996,2,27.119999999999997,Fashion,0,244.4148148148148
U_02812,Free,West,502,32,0,0,0.0,38.82,8.318666666666667,0.0,18.733333333333334,0.027272727272727244,1,38.82,Beauty,0,28.22569721115538
U_02813,Free,South,753,75,0,0,0.0,0.0,3.975,0.0,8.5,-8.498442808297854e-17,0,0.0,None,1,0.0
U_02814,Free,South,686,6,1,6,0.0,27.83,6.476538461538461,5.64,14.115384615384615,-0.010526315789473707,1,27.83,Home,0,14.807507288629736
U_02815,Enterprise,North,700,46,0,0,0.0,123.05,3.9771428571428564,0.0,7.571428571428571,4.8870404991229254e-17,2,61.525,Electronics,0,64.16178571428571
U_02816,Free,North,35,24,0,2,0.0,21.42,4.461764705882353,0.0,9.117647058823529,0.045454545454545484,1,21.42,Home,1,223.38000000000002
U_02817,Pro,West,757,1,1,2,0.0,321.90999999999997,9.394000000000002,11.184999999999999,19.6,0.04545454545454547,5,64.38199999999999,Home,0,155.21420079260236
U_02818,Free,North,-15,88,0,0,0.0,0.0,4.866666666666666,0.0,11.333333333333334,1.0276789547548596e-16,0,0.0,None,1,0.0
U_02819,Pro,North,401,81,0,0,0.0,0.0,6.901249999999999,0.0,17.0,-0.057142857142857134,0,0.0,None,1,0.0
U_02820,Pro,West,278,78,0,0,0.0,0.0,3.455,0.0,7.0,-2.0083673326242142e-16,0,0.0,None,1,0.0
U_02821,Free,South,225,47,0,0,0.0,0.0,4.654285714285714,0.0,10.428571428571429,-0.2,0,0.0,None,1,0.0
U_02822,Free,South,261,6,1,1,0.0,0.0,0.63,0.93,1.5,-7.850462293418875e-17,0,0.0,None,1,0.0
U_02823,Enterprise,North,152,51,0,0,0.0,142.37,4.503333333333334,0.0,9.666666666666666,6.633138920230202e-17,2,71.185,Beauty,1,341.8753289473684
U_02824,Pro,North,211,20,0,1,50.91,277.68,8.573461538461537,0.0,18.03846153846154,-0.09705882352941174,4,69.42,Beauty,0,480.3469194312796
U_02825,Free,South,500,4,2,7,24.9,100.0,8.988095238095239,10.32,19.38095238095238,0.010294117647058895,4,25.0,Books,0,73.0
U_02826,Free,West,63,90,0,0,0.0,0.0,6.29,0.0,14.142857142857142,-0.14285714285714293,0,0.0,None,1,0.0
U_02827,Pro,West,578,84,0,0,0.0,193.79,4.0475,0.0,7.75,-2.0083673326242142e-16,3,64.59666666666666,Beauty,1,122.37603806228374
U_02828,Pro,North,94,62,0,0,0.0,32.04,4.778181818181818,0.0,10.0,0.03571428571428578,1,32.04,Beauty,1,124.41063829787234
U_02829,Pro,West,39,11,0,3,77.31,753.6400000000001,6.851904761904761,7.695,15.571428571428571,0.04615384615384609,7,107.66285714285716,Fashion,0,7040.131324358977
U_02830,Pro,West,25,5,1,5,27.02,403.75,11.856800000000003,11.36,26.6,-0.01617647058823526,7,57.67857142857143,Electronics,0,4912.291666666667
U_02831,Free,West,523,57,0,0,0.0,91.53999999999999,5.08909090909091,0.0,12.181818181818182,-0.08571428571428555,2,45.769999999999996,Electronics,1,63.88546845124283
U_02832,Free,West,29,57,0,0,0.0,39.3,8.0065,0.0,18.25,0.08181818181818186,2,19.65,Books,1,478.1499999999999
U_02833,Free,North,-189,45,0,0,0.0,37.75,7.345714285714286,0.0,16.285714285714285,-0.30000000000000004,1,37.75,Sports,0,459.29166666666663
U_02834,Free,South,369,23,0,1,0.0,0.0,3.902222222222222,0.0,9.333333333333334,-0.035714285714285664,0,0.0,None,1,0.0
U_02835,Pro,North,556,2,2,8,0.0,223.49,10.086451612903227,9.946666666666665,22.451612903225808,0.06323529411764706,3,74.49666666666667,Toys,0,146.71555755395684
U_02836,Free,East,295,65,0,0,0.0,114.69,4.6066666666666665,0.0,9.11111111111111,0.10714285714285716,3,38.23,Home,1,141.90457627118644
U_02837,Free,West,-151,4,2,4,0.0,42.78,8.275833333333333,6.05,17.625,-0.013186813186813218,2,21.39,Electronics,0,520.49
U_02838,Enterprise,East,712,12,0,2,0.0,346.49,4.275714285714286,3.17,8.714285714285714,-0.14285714285714293,2,173.245,Toys,0,177.6247893258427
U_02839,Pro,North,843,19,0,1,0.0,123.74,2.6928571428571435,0.0,7.0,-0.14285714285714293,1,123.74,Beauty,1,53.57663107947805
U_02840,Pro,West,345,14,0,3,31.06,200.55,8.87923076923077,0.0,19.53846153846154,-0.0035714285714285744,4,50.1375,Beauty,0,212.17608695652174
U_02841,Free,South,154,56,0,0,0.0,72.57,4.654999999999999,0.0,9.0,-2.0083673326242142e-16,2,36.285,Sports,1,172.00032467532466
U_02842,Free,South,27,10,0,2,22.61,39.22,6.583333333333332,7.52,13.666666666666666,-0.11188811188811192,2,19.61,Electronics,0,477.1766666666666
U_02843,Pro,East,466,80,0,0,0.0,0.0,4.24375,0.0,8.875,-0.11428571428571434,0,0.0,None,0,0.0
U_02844,Free,North,-202,55,0,0,0.0,0.0,2.35,0.0,4.571428571428571,4.8870404991229254e-17,0,0.0,None,1,0.0
U_02845,Pro,North,609,7,0,2,0.0,116.99,6.772941176470589,1.2,13.647058823529411,-0.04545454545454542,1,116.99,Books,1,70.1171592775041
U_02846,Free,South,46,52,0,0,0.0,0.0,6.112,0.0,12.9,-0.14285714285714282,0,0.0,None,1,0.0
U_02847,Free,North,757,2,2,5,0.0,0.0,2.759999999999999,0.7400000000000001,6.428571428571429,0.012121212121212145,0,0.0,None,0,0.0
U_02848,Free,North,823,3,1,7,0.0,104.74,8.481724137931035,8.809999999999999,19.413793103448278,0.026960784313725537,3,34.913333333333334,Toys,0,46.452126366950175
U_02849,Enterprise,East,710,1,1,3,0.0,981.9599999999999,9.105,7.52,19.76923076923077,0.03076923076923076,9,109.10666666666665,Home,0,504.8104225352112
U_02850,Free,South,788,34,0,0,0.0,0.0,3.769090909090909,0.0,8.0,-0.05454545454545458,0,0.0,None,1,0.0
U_02851,Free,South,318,2,1,5,0.0,0.0,8.366666666666665,7.94,19.476190476190474,-0.03571428571428569,0,0.0,None,0,0.0
U_02852,Free,West,261,9,0,1,0.0,0.0,3.58,0.47,9.153846153846153,-0.03333333333333325,0,0.0,None,1,0.0
U_02853,Free,East,659,51,0,0,0.0,0.0,5.6036363636363635,0.0,11.0,-0.142857142857143,0,0.0,None,0,0.0
U_02854,Pro,West,-149,0,1,1,0.0,0.0,3.0933333333333337,1.54,6.333333333333333,1.0276789547548596e-16,0,0.0,None,1,0.0
U_02855,Pro,West,463,3,1,6,92.7,92.7,9.885500000000002,11.985,20.7,0.021428571428571422,1,92.7,Toys,0,73.07883369330455
U_02856,Free,West,693,2,2,5,7.68,7.68,4.635454545454545,6.21,8.272727272727273,0.130952380952381,1,7.68,Sports,0,4.045021645021645
U_02857,Free,West,663,0,3,7,37.55,37.55,6.909166666666668,9.200000000000001,15.916666666666666,0.05274725274725271,1,37.55,Toys,0,20.67232277526395
U_02858,Pro,West,66,1,1,6,0.0,146.16,9.579696969696972,9.906666666666668,20.666666666666668,-0.05263157894736837,1,146.16,Electronics,0,808.3090909090909
U_02859,Free,East,-130,49,0,0,0.0,0.0,7.958181818181817,0.0,19.363636363636363,-0.0357142857142856,0,0.0,None,0,0.0
U_02860,Enterprise,South,680,3,1,3,261.03999999999996,686.85,8.49037037037037,5.095000000000001,18.48148148148148,-0.06295149638802892,8,85.85625,Sports,0,368.6768382352941
U_02861,Free,North,822,11,0,1,0.0,0.0,4.007692307692308,0.47,8.384615384615385,-0.05952380952380938,0,0.0,None,1,0.0
U_02862,Free,South,23,20,0,2,0.0,0.0,5.535000000000001,0.0,11.0,0.03636363636363641,0,0.0,None,0,0.0
U_02863,Free,North,594,54,0,0,0.0,0.0,6.7299999999999995,0.0,14.933333333333334,-0.05454545454545453,0,0.0,None,1,0.0
U_02864,Free,East,-195,1,1,2,0.0,60.019999999999996,3.385294117647059,1.26,6.9411764705882355,-0.02747252747252747,2,30.009999999999998,Sports,1,730.2433333333333
U_02865,Free,South,321,2,1,4,24.15,80.53999999999999,9.953333333333335,15.4,22.1,-1.8394549651901437e-17,4,20.134999999999998,Sports,0,91.57975077881619
U_02866,Free,North,174,77,0,0,0.0,0.0,6.582307692307692,0.0,14.692307692307692,0.2023809523809524,0,0.0,None,0,0.0
U_02867,Free,North,486,0,1,2,0.0,0.0,5.0874999999999995,5.755,11.3,-0.026373626373626433,0,0.0,None,0,0.0
U_02868,Pro,South,-1,11,0,4,104.62,454.01,8.862499999999999,7.2,20.625,-0.06785714285714281,7,64.85857142857142,Home,0,5523.788333333333
U_02869,Pro,South,362,49,0,0,0.0,165.1,6.920000000000001,0.0,16.333333333333332,-0.11666666666666649,3,55.03333333333333,Beauty,0,166.46823204419888
U_02870,Enterprise,North,507,11,0,3,51.41,957.18,7.419230769230769,8.63,14.923076923076923,-0.06363636363636359,13,73.62923076923076,Home,0,689.0940828402366
U_02871,Pro,East,-111,20,0,3,0.0,73.51,8.2064,0.0,18.28,-0.019607843137254843,1,73.51,Grocery,0,894.3716666666667
U_02872,Free,East,738,1,2,3,0.0,71.23,8.42904761904762,9.344999999999999,18.238095238095237,-0.015384615384615451,1,71.23,Grocery,0,35.22892953929539
U_02873,Enterprise,East,71,28,0,1,64.7,419.72999999999996,8.031818181818183,0.0,18.454545454545453,0.03571428571428578,3,139.91,Fashion,1,2157.7669014084504
U_02874,Pro,South,783,69,0,0,0.0,14.56,5.9799999999999995,0.0,14.166666666666666,7.951207131982424e-18,1,14.56,Sports,1,6.787228607918264
U_02875,Free,South,164,80,0,0,0.0,40.45,7.0779999999999985,0.0,14.4,1.8904300554323923e-17,1,40.45,Toys,1,90.02591463414635
U_02876,Free,East,424,66,0,0,0.0,0.0,5.739999999999999,0.0,12.083333333333334,0.04761904761904769,0,0.0,None,0,0.0
U_02877,Free,South,-69,12,0,4,19.07,19.07,3.6331578947368413,3.24,8.157894736842104,-0.015384615384615392,1,19.07,Electronics,1,232.01833333333335
U_02878,Free,North,789,72,0,0,0.0,0.0,6.910000000000001,0.0,16.8,0.11904761904761908,0,0.0,None,0,0.0
U_02879,Free,South,251,91,0,0,0.0,0.0,8.469090909090909,0.0,22.09090909090909,0.2,0,0.0,None,1,0.0
U_02880,Free,North,416,78,0,0,0.0,0.0,2.75,0.0,5.5,-7.850462293418875e-17,0,0.0,None,1,0.0
U_02881,Enterprise,East,-127,30,0,0,0.0,585.61,2.692142857142857,0.0,6.071428571428571,0.16969696969696965,5,117.122,Books,0,7040.131324358977
U_02882,Free,South,-155,1,1,2,0.0,28.93,7.542105263157894,9.97,16.526315789473685,0.03736263736263735,1,28.93,Toys,0,351.9816666666667
U_02883,Free,North,184,14,0,2,0.0,0.0,4.256666666666666,0.0,9.083333333333334,0.024242424242424246,0,0.0,None,1,0.0
U_02884,Free,South,614,68,0,0,0.0,17.04,7.426923076923075,0.0,16.076923076923077,-0.17857142857142846,1,17.04,Fashion,0,10.129641693811074
U_02885,Free,South,584,30,0,0,0.0,0.0,3.0125,0.0,5.875,-0.30000000000000016,0,0.0,None,1,0.0
U_02886,Pro,South,573,22,0,2,0.0,326.58,7.112000000000001,0.0,16.466666666666665,0.03146853146853148,5,65.316,Home,0,208.03089005235603
U_02887,Enterprise,South,390,11,0,1,348.07,738.16,3.5266666666666673,7.67,7.5,7.951207131982424e-18,5,147.632,Fashion,0,690.8420512820512
U_02888,Free,North,606,71,0,0,0.0,45.99,4.163846153846153,0.0,8.923076923076923,0.2023809523809524,1,45.99,Home,0,27.700247524752474
U_02889,Pro,East,636,0,2,9,102.3,254.59999999999997,10.56,11.126,23.0625,0.05087719298245614,5,50.919999999999995,Fashion,0,146.11477987421384
U_02890,Pro,East,43,1,1,3,0.0,190.73000000000002,7.299999999999999,8.76,15.7,-0.017582417582417607,3,63.576666666666675,Books,0,1618.9872093023255
U_02891,Pro,South,167,56,0,0,0.0,24.31,1.3399999999999999,0.0,3.2857142857142856,0.14285714285714274,1,24.31,Books,1,53.132634730538925
U_02892,Free,East,534,2,2,5,24.24,142.42000000000002,6.751290322580645,6.1433333333333335,14.903225806451612,-0.015789473684210603,3,47.473333333333336,Electronics,0,97.34700374531836
U_02893,Free,East,-207,15,0,2,21.09,21.09,3.6374999999999997,0.0,7.75,-0.009090909090909087,1,21.09,Beauty,0,256.59499999999997
U_02894,Free,East,622,13,0,6,0.0,114.12,6.97047619047619,7.32,15.238095238095237,0.05054945054945053,3,38.04,Home,0,66.96752411575562
U_02895,Pro,North,245,3,1,4,139.46,241.36,6.691333333333334,6.68,13.6,0.017482517482517505,5,48.272000000000006,Home,0,359.57714285714286
U_02896,Pro,North,685,88,0,0,0.0,0.0,1.525,0.0,2.5,-7.850462293418875e-17,0,0.0,None,1,0.0
U_02897,Free,East,-68,24,0,2,0.0,18.13,2.3025,0.0,5.0,0.05714285714285709,1,18.13,Toys,0,220.58166666666665
U_02898,Free,South,-74,22,0,1,0.0,42.92,4.46,0.0,10.333333333333334,7.951207131982424e-18,1,42.92,Beauty,1,522.1933333333334
U_02899,Pro,East,568,31,0,0,0.0,20.28,3.7600000000000002,0.0,8.2,-1.0507920739455759e-16,1,20.28,Electronics,1,13.032042253521128
U_02900,Pro,East,51,13,0,3,231.89,784.76,12.429000000000002,9.3,27.9,-0.09090909090909087,12,65.39666666666666,Books,0,5616.419607843137
U_02901,Pro,North,-25,16,0,1,0.0,0.0,4.296666666666666,0.0,9.833333333333334,-4.8374234447508063e-17,0,0.0,None,1,0.0
U_02902,Free,East,551,1,2,8,0.0,51.75,7.6604761904761896,9.6125,17.38095238095238,0.05934065934065928,1,51.75,Toys,0,34.28085299455535
U_02903,Pro,South,499,3,1,4,0.0,86.66,7.739999999999999,8.659999999999998,16.652173913043477,0.0073529411764706,2,43.33,Electronics,0,63.388577154308614
U_02904,Free,East,335,29,0,1,23.28,47.86,7.192307692307692,0.0,16.423076923076923,-0.03846153846153845,2,23.93,Home,1,52.14597014925373
U_02905,Pro,West,-97,3,2,6,0.0,122.28,8.022173913043478,7.9525,16.47826086956522,-0.01785714285714285,3,40.76,Fashion,0,1487.7399999999998
U_02906,Free,East,680,5,1,4,0.0,21.61,9.32125,8.8,18.3125,0.03496503496503495,1,21.61,Fashion,0,11.599485294117647
U_02907,Pro,South,125,60,0,0,104.68,236.76000000000002,7.493333333333332,0.0,17.166666666666668,0.04761904761904769,3,78.92,Electronics,0,691.3392000000001
U_02908,Free,East,215,84,0,0,0.0,0.0,5.048571428571428,0.0,10.285714285714286,1.0000000000000002,0,0.0,None,0,0.0
U_02909,Pro,West,370,6,1,2,42.94,135.41,6.771666666666666,6.475,14.277777777777779,-0.030769230769230837,3,45.13666666666666,Home,0,133.58013513513515
U_02910,Free,South,235,3,1,2,0.0,25.89,5.894666666666666,8.13,13.0,0.003496503496503486,1,25.89,Sports,0,40.21212765957447
U_02911,Free,South,-89,3,2,6,0.0,0.0,6.317857142857143,11.253333333333336,14.428571428571429,-0.0484848484848485,0,0.0,None,0,0.0
U_02912,Pro,North,629,53,0,0,0.0,97.14,7.537333333333334,0.0,16.866666666666667,-0.035714285714285594,2,48.57,Home,1,56.368998410174875
U_02913,Free,North,-89,2,1,4,17.83,115.03,7.330400000000001,7.109999999999999,16.36,-0.02992776057791536,3,38.343333333333334,Home,0,1399.5316666666668
U_02914,Pro,West,468,4,1,7,69.55,183.29,5.658333333333334,5.08,11.083333333333334,0.04285714285714282,2,91.645,Sports,0,142.95053418803417
U_02915,Pro,West,21,3,1,5,0.0,151.92,7.246999999999998,7.466666666666666,15.3,-0.030769230769230865,3,50.63999999999999,Books,0,1848.3599999999997
U_02916,Free,East,-68,1,2,5,52.11,104.63,7.577419354838709,6.890000000000001,17.161290322580644,0.01617647058823532,2,52.315,Fashion,0,1272.9983333333334
U_02917,Pro,South,658,2,3,7,53.62,53.62,6.831739130434783,8.5625,16.91304347826087,0.041666666666666685,1,53.62,Toys,1,29.743617021276595
U_02918,Enterprise,West,-68,4,1,10,0.0,747.5600000000001,11.268378378378378,13.070000000000002,24.54054054054054,0.0007518796992480726,7,106.79428571428572,Sports,0,7040.131324358977
U_02919,Free,West,-208,4,1,6,0.0,70.34,7.17409090909091,6.09,14.772727272727273,0.010714285714285756,2,35.17,Home,0,855.8033333333334
U_02920,Free,East,535,108,0,0,29.62,58.900000000000006,4.918571428571428,0.0,9.0,-0.2000000000000001,2,29.450000000000003,Toys,1,40.184112149532716
U_02921,Pro,North,826,2,3,7,209.03,396.68,10.637272727272727,10.457999999999998,22.87878787878788,0.013415892672858669,5,79.336,Toys,0,175.28837772397094
U_02922,Pro,West,734,48,0,0,0.0,0.0,1.495,0.0,3.375,-0.11428571428571434,0,0.0,None,1,0.0
U_02923,Free,South,-186,0,2,4,0.0,0.0,5.021999999999999,7.18,11.666666666666666,0.024475524475524493,0,0.0,None,0,0.0
U_02924,Enterprise,East,842,99,0,0,0.0,65.24,3.736666666666667,0.0,8.333333333333334,0.9999999999999998,1,65.24,Beauty,0,28.280997624703087
U_02925,Free,North,-119,8,0,4,0.0,0.0,5.233913043478261,7.166666666666667,11.217391304347826,0.05494505494505493,0,0.0,None,0,0.0
U_02926,Pro,East,692,28,0,1,0.0,112.13,8.75590909090909,0.0,18.90909090909091,-0.1090909090909091,1,112.13,Beauty,0,59.14371387283237
U_02927,Pro,East,68,1,1,5,0.0,109.01000000000002,8.839615384615385,9.58,19.653846153846153,-0.05882352941176468,3,36.33666666666667,Home,0,585.1272058823531
U_02928,Pro,South,749,3,1,5,0.0,167.12,7.208181818181817,7.0600000000000005,15.681818181818182,-0.0117647058823529,3,55.70666666666667,Sports,0,81.44032042723632
U_02929,Free,South,673,17,0,2,0.0,9.91,6.035,0.0,12.5,-2.0083673326242142e-16,1,9.91,Fashion,0,5.374665676077266
U_02930,Free,North,125,2,2,11,10.85,89.73999999999998,8.712972972972972,9.08,19.405405405405407,0.0353383458646616,3,29.913333333333327,Fashion,0,262.04079999999993
U_02931,Free,West,756,3,1,4,75.74,118.69,9.6944,11.965,20.28,-0.12087912087912105,2,59.345,Sports,0,57.304034391534394
U_02932,Free,South,491,0,1,2,23.03,45.85,6.321818181818182,5.44,14.636363636363637,0.018181818181818212,2,22.925,Electronics,0,34.08401221995926
U_02933,Enterprise,North,-127,999,0,0,0.0,0.0,0.0,0.0,0.0,0.0,0,0.0,None,1,0.0
U_02934,Pro,East,89,19,0,1,0.0,0.0,4.325454545454545,0.0,8.636363636363637,0.033333333333333354,0,0.0,None,0,0.0
U_02935,Enterprise,West,-88,12,0,6,145.79000000000002,752.94,6.471363636363637,1.595,14.363636363636363,0.1142857142857143,5,150.58800000000002,Sports,0,7040.131324358977
U_02936,Pro,South,-192,44,0,0,0.0,60.87,1.285,0.0,2.0,-7.850462293418875e-17,1,60.87,Books,1,740.5849999999999
U_02937,Free,East,817,98,0,0,0.0,45.62,0.94,0.0,1.0,0.0,1,45.62,Home,1,20.381028151774785
U_02938,Pro,North,602,53,0,0,96.71,425.61999999999995,7.5825000000000005,0.0,16.333333333333332,-0.018181818181818143,4,106.40499999999999,Books,0,258.05863787375415
U_02939,Free,East,8,7,0,5,0.0,74.47,6.147142857142858,6.56,13.380952380952381,0.06593406593406598,1,74.47,Toys,0,906.0516666666667
U_02940,Free,West,118,0,2,8,23.060000000000002,99.45,10.848108108108107,7.833333333333333,24.783783783783782,0.008270676691729305,6,16.575,Home,0,307.6207627118644
U_02941,Free,East,812,4,1,5,0.0,0.0,8.209545454545456,8.895,17.272727272727273,-0.06785714285714282,0,0.0,None,0,0.0
U_02942,Free,South,314,6,1,5,0.0,0.0,9.192608695652176,11.046666666666667,20.869565217391305,0.04175824175824173,0,0.0,None,0,0.0
U_02943,Free,North,606,2,2,4,0.0,0.0,4.540909090909091,5.625,9.090909090909092,0.11666666666666663,0,0.0,None,0,0.0
U_02944,Free,East,394,0,3,7,30.53,30.53,10.897083333333333,10.535,23.875,0.08333333333333334,1,30.53,Home,0,28.282868020304573
U_02945,Free,East,741,62,0,0,0.0,0.0,1.7624999999999997,0.0,4.125,-0.07142857142857137,0,0.0,None,1,0.0
U_02946,Free,North,831,52,0,0,0.0,30.34,2.125714285714286,0.0,3.5714285714285716,4.8870404991229254e-17,1,30.34,Fashion,1,13.326233453670277
U_02947,Pro,North,-204,101,0,0,27.43,88.58,3.7879999999999994,0.0,8.4,0.09999999999999981,3,29.526666666666667,Beauty,1,1077.7233333333334
U_02948,Pro,West,515,2,2,6,82.34,183.75,10.124516129032255,11.200000000000001,24.129032258064516,-0.014705882352941136,4,45.9375,Grocery,0,130.23058252427185
U_02949,Free,North,-84,8,0,3,0.0,21.26,4.83,3.5,10.692307692307692,-0.02727272727272726,1,21.26,Grocery,0,258.66333333333336
U_02950,Pro,South,724,53,0,0,0.0,76.82,2.525,0.0,4.833333333333333,7.951207131982424e-18,2,38.41,Books,1,38.728314917127065
U_02951,Free,North,333,61,0,0,0.0,0.0,7.726153846153845,0.0,17.0,0.05952380952380965,0,0.0,None,0,0.0
U_02952,Pro,South,708,1,1,5,139.72,476.28999999999996,8.657894736842104,9.309999999999999,19.157894736842106,0.028571428571428605,4,119.07249999999999,Toys,0,245.54498587570617
U_02953,Free,West,396,0,1,3,0.0,0.0,10.568333333333333,10.485,22.333333333333332,-0.10714285714285711,0,0.0,None,0,0.0
U_02954,Enterprise,North,662,9,0,1,0.0,115.35,2.335,1.77,6.0,-2.0083673326242142e-16,1,115.35,Toys,1,63.59932024169184
U_02955,Free,South,122,16,0,4,0.0,84.67,5.7612499999999995,0.0,12.666666666666666,-0.008823529411764681,3,28.223333333333333,Books,1,253.3159836065574
U_02956,Free,North,695,93,0,0,0.0,0.0,4.986666666666667,0.0,11.333333333333334,0.059523809523809486,0,0.0,None,1,0.0
U_02957,Pro,East,66,108,0,0,0.0,0.0,0.3,0.0,1.0,0.0,0,0.0,None,0,0.0
U_02958,Free,West,319,4,1,2,0.0,0.0,3.8943749999999997,5.725,9.0,-0.06293706293706287,0,0.0,None,0,0.0
U_02959,Enterprise,West,733,8,0,7,56.92,537.68,8.236315789473684,11.155000000000001,17.210526315789473,0.09340659340659342,7,76.81142857142856,Beauty,0,267.73969986357434
U_02960,Free,East,476,4,1,5,0.0,79.82,9.44,9.08,20.321428571428573,-0.03928571428571429,2,39.91,Electronics,0,61.206512605042015
U_02961,Free,West,323,0,1,6,0.0,0.0,4.966153846153846,2.8049999999999997,10.538461538461538,0.0787878787878788,0,0.0,None,0,0.0
U_02962,Enterprise,South,-127,28,0,2,146.69,508.07,6.748000000000001,0.0,14.92,0.12087912087912088,5,101.614,Home,1,6181.518333333333
U_02963,Pro,North,480,61,0,0,0.0,24.95,5.725,0.0,13.75,-0.5,1,24.95,Sports,0,18.972395833333334
U_02964,Free,South,623,34,0,0,0.0,0.0,0.265,0.0,1.0,-7.850462293418875e-17,0,0.0,None,1,0.0
U_02965,Free,West,-179,13,0,3,0.0,16.0,7.882,8.1,17.36,-0.013235294117647038,1,16.0,Toys,1,194.66666666666666
U_02966,Free,North,-89,60,0,0,0.0,0.0,3.1100000000000003,0.0,7.0,-2.0083673326242142e-16,0,0.0,None,1,0.0
U_02967,Free,East,73,72,0,0,0.0,119.67,6.800909090909091,0.0,15.090909090909092,0.21428571428571438,2,59.835,Electronics,1,598.35
U_02968,Pro,East,562,69,0,0,0.0,0.0,4.644285714285714,0.0,10.428571428571429,4.8870404991229254e-17,0,0.0,None,1,0.0
U_02969,Pro,West,664,62,0,0,0.0,0.0,4.177272727272727,0.0,8.727272727272727,0.14285714285714296,0,0.0,None,1,0.0
U_02970,Pro,South,570,7,0,3,0.0,133.94,7.251052631578946,9.54,15.631578947368421,-0.014285714285714275,2,66.97,Toys,0,85.76859649122807
U_02971,Pro,East,779,0,2,6,0.0,0.0,6.550000000000001,7.596000000000001,14.5,0.055944055944055965,0,0.0,None,0,0.0
U_02972,Pro,West,806,0,2,4,73.88,169.7,10.5125,8.415000000000001,22.59375,-0.04411764705882345,3,56.56666666666666,Sports,0,76.84925558312655
U_02973,Free,East,310,1,1,5,0.0,0.0,8.363,8.9,20.05,-0.03956043956043958,0,0.0,None,0,0.0
U_02974,Pro,West,417,46,0,0,0.0,350.74,5.768571428571429,0.0,10.571428571428571,4.8870404991229254e-17,5,70.148,Beauty,0,307.00263788968823
U_02975,Pro,East,259,1,1,1,0.0,0.0,4.19,0.14,9.75,-2.0083673326242142e-16,0,0.0,None,1,0.0
U_02976,Free,West,466,57,0,0,0.0,21.88,8.246,0.0,20.1,-0.016666666666666528,1,21.88,Grocery,1,17.13776824034335
U_02977,Free,East,841,37,0,0,0.0,0.0,1.5355555555555556,0.0,3.2222222222222223,0.035714285714285754,0,0.0,None,1,0.0
U_02978,Free,North,119,0,1,3,20.52,130.77,11.628181818181819,11.64,26.575757575757574,-0.014705882352941176,3,43.59,Electronics,0,401.10126050420166
U_02979,Enterprise,East,156,32,0,0,0.0,117.96000000000001,5.907857142857144,0.0,12.642857142857142,-0.1166666666666667,3,39.32,Books,1,275.99615384615385
U_02980,Pro,West,273,1,1,2,94.36,176.98000000000002,6.501818181818181,2.91,13.0,-0.00606060606060605,4,44.245000000000005,Toys,0,236.62161172161174
U_02981,Free,South,267,23,0,2,0.0,0.0,3.803,0.0,8.8,0.0714285714285715,0,0.0,None,1,0.0
U_02982,Pro,North,117,23,0,2,0.0,128.32,3.908,0.0,7.4,-0.1000000000000001,1,128.32,Fashion,0,400.3145299145299
U_02983,Pro,North,-195,58,0,0,0.0,219.87,6.501,0.0,13.9,0.0714285714285715,4,54.9675,Sports,0,2675.085
U_02984,Free,East,-79,1,1,1,0.0,0.0,10.020000000000001,10.33,22.263157894736842,0.01098901098901105,0,0.0,None,0,0.0
U_02985,Pro,South,87,28,0,2,156.75,236.85,8.428846153846154,0.0,18.692307692307693,-5.273954009901507e-17,2,118.425,Grocery,0,993.6810344827586
U_02986,Pro,South,427,0,2,5,57.94,661.23,9.18142857142857,11.515,19.428571428571427,0.004901960784313723,7,94.46142857142857,Electronics,0,565.2200234192038
U_02987,Free,East,513,1,3,6,0.0,37.66,9.09125,7.3025,20.333333333333332,-0.014705882352941178,1,37.66,Fashion,0,26.79512670565302
U_02988,Pro,North,406,8,0,3,142.83,407.90999999999997,4.630000000000001,5.95,11.461538461538462,0.003496503496503511,5,81.582,Home,1,366.7171182266009
U_02989,Pro,South,-185,40,0,0,0.0,0.0,3.6799999999999997,0.0,7.9,0.03333333333333336,0,0.0,None,1,0.0
U_02990,Pro,North,440,72,0,0,0.0,108.56,5.114285714285714,0.0,11.142857142857142,-6.783020765448988e-17,2,54.28,Beauty,1,90.05545454545455
U_02991,Free,South,442,8,0,3,0.0,0.0,6.825714285714286,10.38,14.357142857142858,-0.013986013986013932,0,0.0,None,0,0.0
U_02992,Free,North,415,1,1,3,18.82,60.28,7.481851851851853,6.18,16.296296296296298,0.029411764705882405,3,20.093333333333334,Home,0,53.01734939759036
U_02993,Free,South,700,31,0,0,18.38,67.81,5.57,0.0,12.833333333333334,0.13333333333333328,2,33.905,Sports,0,35.358071428571435
U_02994,Free,South,-212,115,0,0,0.0,0.0,4.395,0.0,10.0,-7.850462293418875e-17,0,0.0,None,1,0.0
U_02995,Pro,East,847,35,0,0,95.54,215.89,5.560714285714286,0.0,12.5,0.045454545454545484,4,53.9725,Grocery,1,93.0340613931523
U_02996,Pro,East,205,52,0,0,0.0,97.24000000000001,6.31076923076923,0.0,14.923076923076923,0.05952380952380962,2,48.620000000000005,Electronics,1,173.13463414634148
U_02997,Free,North,-135,50,0,0,0.0,0.0,1.3933333333333335,0.0,3.0,0.07142857142857148,0,0.0,None,1,0.0
U_02998,Free,South,581,2,2,5,0.0,0.0,4.373846153846154,2.5933333333333333,9.76923076923077,-0.01818181818181818,0,0.0,None,0,0.0
U_02999,Free,South,201,999,0,0,0.0,0.0,0.0,0.0,0.0,0.0,0,0.0,None,1,0.0
U_03000,Pro,South,451,11,0,5,0.0,260.38,4.974285714285715,8.64,10.714285714285714,0.019117647058823562,5,52.076,Electronics,0,210.72882483370287
U_03001,Pro,West,596,0,2,6,35.99,150.8,7.164210526315792,6.053333333333332,15.0,0.021428571428571463,4,37.7,Sports,0,92.35234899328859
U_03002,Free,North,641,77,0,0,0.0,0.0,2.32,0.0,4.2,-0.1000000000000001,0,0.0,None,1,0.0
U_03003,Enterprise,North,729,55,0,0,85.13,993.1600000000001,9.685833333333333,0.0,21.083333333333332,0.09523809523809525,10,99.316,Sports,1,497.2611796982168
U_03004,Pro,West,-46,64,0,0,0.0,0.0,5.262222222222222,0.0,9.555555555555555,6.633138920230202e-17,0,0.0,None,1,0.0
U_03005,Pro,East,17,0,1,4,244.48,354.9,6.169047619047619,3.7399999999999998,13.095238095238095,-0.0035714285714286108,2,177.45,Home,0,4317.95
U_03006,Free,West,-116,13,0,4,0.0,30.62,9.144615384615385,2.13,19.96153846153846,-0.07941176470588229,2,15.31,Books,1,372.5433333333333
U_03007,Free,West,800,17,0,1,0.0,23.7,4.872000000000001,0.0,9.2,0.016666666666666694,1,23.7,Toys,1,10.813125
U_03008,Pro,West,112,1,2,7,0.0,67.92,7.005199999999999,7.63,16.12,0.053571428571428596,2,33.96,Beauty,0,221.34642857142856
U_03009,Free,East,507,5,1,2,0.0,0.0,5.664166666666667,1.98,11.333333333333334,-0.03636363636363631,0,0.0,None,0,0.0
U_03010,Free,South,164,33,0,0,0.0,93.82,5.1000000000000005,0.0,10.5,-4.8374234447508063e-17,3,31.27333333333333,Electronics,1,208.80670731707315
U_03011,Free,West,267,57,0,0,0.0,0.0,4.558571428571428,0.0,10.142857142857142,-6.783020765448988e-17,0,0.0,None,1,0.0
U_03012,Free,North,516,2,1,1,0.0,17.61,4.742999999999999,0.44,9.9,-0.016666666666666528,1,17.61,Home,1,12.456686046511628
U_03013,Free,North,-183,69,0,0,0.0,35.24,2.9588888888888887,0.0,6.111111111111111,0.1071428571428572,1,35.24,Beauty,1,428.7533333333334
U_03014,Free,South,852,97,0,0,0.0,0.0,5.0874999999999995,0.0,9.75,-2.0083673326242142e-16,0,0.0,None,1,0.0
U_03015,Free,North,57,105,0,0,0.0,0.0,2.55,0.0,5.0,0.0,0,0.0,None,1,0.0
U_03016,Free,North,-57,92,0,0,0.0,17.84,4.25,0.0,11.25,-2.0083673326242142e-16,1,17.84,Fashion,1,217.05333333333334
U_03017,Pro,East,309,105,0,0,0.0,104.72,3.286,0.0,7.4,-1.0507920739455759e-16,1,104.72,Electronics,0,123.69838187702265
U_03018,Pro,South,221,8,0,5,121.81,158.7,8.93578947368421,11.5,19.42105263157895,0.0909090909090909,2,79.35,Electronics,0,262.10633484162895
U_03019,Pro,South,-208,52,0,0,0.0,67.17,4.038333333333333,0.0,7.166666666666667,0.09523809523809525,1,67.17,Grocery,1,817.2349999999999
U_03020,Pro,East,603,46,0,0,0.0,249.92000000000002,3.885714285714286,0.0,7.571428571428571,0.19999999999999996,2,124.96000000000001,Electronics,1,151.27827529021562
U_03021,Pro,West,181,101,0,0,0.0,19.87,0.37666666666666665,0.0,1.0,1.0276789547548596e-16,1,19.87,Sports,1,40.069337016574586
U_03022,Pro,North,60,8,0,2,18.83,553.1800000000001,5.327647058823529,2.86,12.117647058823529,-0.0272727272727273,7,79.0257142857143,Sports,0,3365.1783333333333
U_03023,Pro,North,449,3,1,4,192.31,445.11,8.876071428571429,14.74,19.464285714285715,-0.03235294117647056,9,49.45666666666667,Books,0,361.83775055679286
U_03024,Free,North,93,68,0,0,0.0,0.0,2.56,0.0,5.166666666666667,0.0999999999999999,0,0.0,None,1,0.0
U_03025,Free,East,433,10,0,5,0.0,99.66,9.913666666666664,7.62,22.0,-0.0035714285714285436,2,49.83,Beauty,0,84.00900692840646
U_03026,Free,South,292,0,2,6,0.0,12.34,8.80909090909091,7.345,19.863636363636363,0.03296703296703305,1,12.34,Grocery,0,15.425
U_03027,Free,West,199,15,0,1,0.0,0.0,2.1,0.0,3.6,-0.3000000000000005,0,0.0,None,1,0.0
U_03028,Free,South,131,3,1,4,0.0,11.1,7.9870833333333335,9.835,17.125,0.01031991744066049,1,11.1,Toys,0,30.927480916030532
U_03029,Free,North,509,4,1,3,8.06,91.44,8.075625,7.75,18.4375,-0.027472527472527458,3,30.48,Grocery,0,65.57092337917484
U_03030,Free,North,182,4,2,3,0.0,28.94,9.690434782608698,6.535,21.956521739130434,-0.03296703296703287,1,28.94,Books,0,58.03901098901099
U_03031,Pro,South,274,14,0,1,0.0,84.91,3.914615384615384,0.0,8.846153846153847,-0.006060606060606031,2,42.455,Fashion,1,113.11003649635035
U_03032,Pro,East,615,38,0,0,0.0,61.22,5.303,0.0,12.8,-0.016666666666666528,2,30.61,Fashion,1,36.333821138211384
U_03033,Free,South,200,34,0,0,0.0,0.0,2.87,0.0,8.0,-7.850462293418875e-17,0,0.0,None,1,0.0
U_03034,Pro,South,570,43,0,0,0.0,0.0,5.172499999999999,0.0,8.75,6.729156486047637e-17,0,0.0,None,0,0.0
U_03035,Free,North,-116,58,0,0,0.0,20.95,4.647142857142856,0.0,10.142857142857142,0.08571428571428573,1,20.95,Toys,0,254.89166666666668
U_03036,Pro,East,348,6,1,6,26.89,482.94,9.008235294117648,11.469999999999999,19.647058823529413,-0.012030075187969978,8,60.3675,Toys,0,506.5318965517242
U_03037,Pro,North,83,1,1,6,68.68,589.4200000000001,5.786875,4.0200000000000005,11.9375,-0.013986013986013925,6,98.23666666666668,Home,0,2592.027710843374
U_03038,Pro,West,296,4,2,8,37.13,222.38,10.777142857142858,10.585,22.228571428571428,0.0588235294117647,5,44.476,Electronics,0,274.2185810810811
U_03039,Free,East,344,1,4,10,0.0,20.26,9.098571428571427,10.44,18.821428571428573,0.09803921568627448,1,20.26,Beauty,0,21.4968023255814
U_03040,Free,West,617,3,2,6,13.74,32.23,9.744399999999999,8.323333333333332,20.52,0.03928571428571428,2,16.115,Electronics,0,19.066369529983792
U_03041,Free,East,701,12,0,4,0.0,33.36,7.706315789473684,4.34,17.736842105263158,0.05494505494505496,2,16.68,Grocery,0,17.370042796005706
U_03042,Free,West,-136,95,0,0,0.0,0.0,3.7788888888888894,0.0,7.666666666666667,0.028571428571428633,0,0.0,None,0,0.0
U_03043,Pro,South,289,1,1,4,0.0,206.01,2.730909090909091,2.89,5.181818181818182,-0.011904761904761791,2,103.005,Grocery,0,260.1856401384083
U_03044,Free,East,294,70,0,0,0.0,19.81,4.522857142857143,0.0,10.285714285714286,-0.08571428571428566,1,19.81,Grocery,1,24.59404761904762
U_03045,Enterprise,West,290,3,1,1,139.65,487.81000000000006,7.346153846153846,7.31,17.076923076923077,-0.07878787878787874,5,97.56200000000001,Electronics,0,613.9677586206898
U_03046,Free,South,-15,85,0,0,0.0,0.0,4.756666666666667,0.0,10.333333333333334,0.17857142857142863,0,0.0,None,1,0.0
U_03047,Enterprise,South,598,30,0,0,0.0,298.20000000000005,2.89125,0.0,6.375,0.03571428571428577,2,149.10000000000002,Electronics,1,182.01170568561875
U_03048,Free,East,669,74,0,0,0.0,0.0,3.0549999999999997,0.0,7.0,-7.850462293418875e-17,0,0.0,None,1,0.0
U_03049,Pro,North,-24,6,1,1,0.0,86.77,5.016923076923077,1.93,11.384615384615385,6.198032018724358e-17,2,43.385,Electronics,1,1055.7016666666666
U_03050,Free,North,362,11,0,8,0.0,146.03000000000003,10.778529411764705,10.165,22.61764705882353,0.08120300751879694,5,29.206000000000007,Books,0,147.24019337016577
U_03051,Enterprise,North,170,5,1,4,76.38,514.41,7.135,9.72,17.9,-0.04195804195804195,5,102.88199999999999,Grocery,0,1104.4685294117646
U_03052,Free,East,-30,84,0,0,0.0,26.83,0.5,0.0,1.0,0.0,1,26.83,Beauty,1,326.4316666666667
U_03053,Pro,North,-101,28,0,1,0.0,298.19,5.869999999999999,0.0,13.538461538461538,0.035714285714285886,5,59.638,Home,1,3627.978333333333
U_03054,Free,West,-73,75,0,0,0.0,0.0,1.9100000000000001,0.0,4.8,-1.0507920739455759e-16,0,0.0,None,1,0.0
U_03055,Enterprise,East,806,10,0,3,0.0,387.08000000000004,10.47,10.89,22.727272727272727,0.004395604395604378,4,96.77000000000001,Fashion,0,175.29057071960298
U_03056,Free,South,446,31,0,0,0.0,46.45,6.1587499999999995,0.0,13.75,0.013986013986014059,1,46.45,Home,1,38.0140134529148
U_03057,Enterprise,West,-35,1,1,2,0.0,516.0600000000001,3.5,4.93,8.0,6.729156486047637e-17,4,129.01500000000001,Toys,0,6278.7300000000005
U_03058,Enterprise,South,-19,19,0,3,16.82,281.01,6.477999999999999,0.0,14.5,-0.028571428571428557,4,70.2525,Fashion,1,3418.9549999999995
U_03059,Pro,South,721,60,0,0,0.0,42.4,6.011428571428572,0.0,12.285714285714286,0.08571428571428573,1,42.4,Sports,1,21.464632454923716
U_03060,Free,West,689,88,0,0,0.0,0.0,5.125,0.0,12.0,-2.0083673326242142e-16,0,0.0,None,0,0.0
U_03061,Pro,South,584,5,1,5,180.4,180.4,7.566785714285715,3.96,16.928571428571427,-0.04117647058823522,2,90.2,Toys,0,112.75000000000001
U_03062,Free,South,743,4,1,1,0.0,0.0,2.615714285714286,0.69,5.142857142857143,-6.783020765448988e-17,0,0.0,None,1,0.0
U_03063,Free,East,472,4,1,8,0.0,0.0,9.208518518518519,8.8,21.666666666666668,0.027941176470588257,0,0.0,None,0,0.0
U_03064,Free,South,-4,4,1,4,0.0,43.59,8.828666666666667,6.295,19.933333333333334,0.021978021978022018,1,43.59,Grocery,0,530.345
U_03065,Free,South,297,74,0,0,0.0,85.56,3.0012499999999998,0.0,7.25,0.17142857142857137,2,42.78,Beauty,1,105.14949494949495
U_03066,Pro,West,370,25,0,1,26.67,125.74,5.744,0.0,12.3,-0.06666666666666661,2,62.87,Fashion,0,124.04081081081081
U_03067,Pro,East,759,10,0,6,207.01999999999998,348.07,9.44516129032258,9.04,19.548387096774192,0.015479876160990684,5,69.614,Grocery,0,167.385441370224
U_03068,Free,South,431,5,1,2,0.0,115.01,9.438095238095238,7.050000000000001,21.047619047619047,-0.057142857142857134,4,28.7525,Electronics,0,97.39825986078887
U_03069,Free,North,-210,1,1,6,0.0,58.660000000000004,8.346818181818183,8.655000000000001,20.363636363636363,0.017156862745098055,3,19.553333333333335,Toys,0,713.6966666666667
U_03070,Enterprise,West,112,84,0,0,0.0,160.73000000000002,6.0725,0.0,12.25,-2.0083673326242142e-16,3,53.576666666666675,Home,1,523.8075892857144
U_03071,Free,West,374,27,0,1,0.0,122.61000000000001,7.814166666666666,0.0,16.75,-0.016666666666666552,3,40.870000000000005,Books,0,119.65949197860964
U_03072,Enterprise,East,343,75,0,0,0.0,80.23,4.76,0.0,11.5,-7.850462293418875e-17,1,80.23,Electronics,1,85.3759475218659
U_03073,Pro,South,2,56,0,0,0.0,0.0,5.282857142857142,0.0,11.428571428571429,-0.08571428571428566,0,0.0,None,1,0.0
U_03074,Free,North,44,43,0,0,0.0,0.0,3.2171428571428575,0.0,7.428571428571429,4.8870404991229254e-17,0,0.0,None,1,0.0
U_03075,Free,West,693,0,4,14,12.39,96.09,10.646285714285714,13.578333333333333,23.17142857142857,0.16176470588235295,5,19.218,Fashion,0,50.61017316017317
U_03076,Free,East,127,0,1,5,0.0,59.92,7.1752,8.91,16.28,-0.0808823529411765,2,29.96,Electronics,0,172.21102362204724
U_03077,Free,East,461,16,0,1,0.0,0.0,3.8047058823529407,0.0,7.470588235294118,-0.016483516483516442,0,0.0,None,0,0.0
U_03078,Pro,South,297,2,1,2,0.0,252.67000000000002,5.281666666666666,11.85,11.666666666666666,-0.009090909090909087,2,126.33500000000001,Books,0,310.5203703703704
U_03079,Free,West,599,8,0,5,0.0,15.87,2.9699999999999998,1.4,7.6,0.11428571428571443,1,15.87,Books,1,9.670367278797997
U_03080,Enterprise,North,457,4,1,2,0.0,190.85,3.767142857142857,6.569999999999999,8.428571428571429,-0.09340659340659334,2,95.425,Toys,0,152.42943107221006
U_03081,Enterprise,North,490,1,2,7,578.75,787.4399999999999,9.822903225806453,11.306666666666667,23.741935483870968,-5.283131248365621e-17,6,131.23999999999998,Beauty,0,586.5624489795917
U_03082,Free,West,446,15,0,2,0.0,44.120000000000005,5.925384615384616,0.0,13.76923076923077,0.0060606060606060806,2,22.060000000000002,Electronics,0,36.107174887892384
U_03083,Pro,West,834,105,0,0,0.0,11.39,6.125,0.0,14.0,1.9999999999999996,1,11.39,Sports,1,4.984832134292566
U_03084,Pro,East,638,2,3,7,221.19,817.4499999999999,8.808928571428572,7.787999999999999,20.035714285714285,0.050000000000000024,10,81.74499999999999,Fashion,0,467.6634012539185
U_03085,Free,North,244,95,0,0,0.0,0.0,6.45,0.0,15.5,-7.850462293418875e-17,0,0.0,None,1,0.0
U_03086,Free,East,791,60,0,0,0.0,0.0,2.7800000000000002,0.0,7.125,2.4496098483336877e-17,0,0.0,None,1,0.0
U_03087,Free,South,662,1,2,5,0.0,96.55999999999999,5.057368421052632,5.266,10.0,6.314846077882203e-17,3,32.18666666666666,Books,0,53.239274924471296
U_03088,Free,East,87,10,0,3,0.0,30.900000000000002,4.751052631578947,4.61,10.368421052631579,0.010989010989011026,2,15.450000000000001,Sports,0,129.63793103448276
U_03089,Pro,North,560,86,0,0,0.0,217.82999999999998,8.44888888888889,0.0,17.555555555555557,-0.035714285714285615,3,72.61,Books,1,141.97848214285713
U_03090,Free,East,507,20,0,2,0.0,112.46,5.349285714285714,0.0,12.357142857142858,-0.12121212121212115,2,56.23,Fashion,1,80.96232741617357
U_03091,Free,South,595,60,0,0,0.0,17.51,4.965,0.0,11.75,-0.05000000000000006,1,17.51,Books,0,10.741428571428573
U_03092,Pro,North,-37,0,2,2,0.0,199.65,5.745238095238095,8.865,12.761904761904763,0.054945054945054916,4,49.9125,Grocery,0,2429.0750000000003
U_03093,Free,South,755,21,0,1,0.0,80.86,2.7845454545454547,0.0,6.2727272727272725,-0.018181818181818177,1,80.86,Grocery,1,39.091258278145695
U_03094,Free,West,174,31,0,0,0.0,0.0,5.703333333333333,0.0,12.666666666666666,1.0276789547548596e-16,0,0.0,None,1,0.0
U_03095,Pro,South,-63,93,0,0,0.0,57.66,0.8300000000000001,0.0,1.75,-8.498442808297854e-17,1,57.66,Grocery,1,701.53
U_03096,Enterprise,South,638,70,0,0,0.0,51.63,2.8375000000000004,0.0,5.75,-2.0083673326242142e-16,1,51.63,Sports,1,29.53753918495298
U_03097,Free,North,401,10,0,3,0.0,193.85000000000002,9.039583333333333,8.273333333333333,19.75,0.014285714285714303,5,38.77,Toys,0,176.44700748129677
U_03098,Free,South,8,15,0,1,0.0,0.0,5.489333333333333,0.0,12.0,-0.07342657342657342,0,0.0,None,0,0.0
U_03099,Pro,East,194,9,0,5,0.0,533.06,8.929444444444446,9.815000000000001,18.61111111111111,0.03296703296703301,5,106.612,Fashion,0,1002.9221649484535
U_03100,Pro,South,456,67,0,0,0.0,92.93,4.6,0.0,9.4,-1.0507920739455759e-16,2,46.465,Fashion,1,74.38475877192984
U_03101,Free,North,806,69,0,0,0.0,0.0,4.973333333333334,0.0,10.833333333333334,7.951207131982424e-18,0,0.0,None,1,0.0
U_03102,Pro,North,381,4,1,4,0.0,133.8,4.368235294117646,2.07,9.470588235294118,3.07522646346114e-17,3,44.6,Electronics,0,128.18110236220474
U_03103,Enterprise,West,461,4,1,2,247.97000000000003,1568.1999999999998,8.12681818181818,9.37,16.863636363636363,-6.393130091643426e-18,12,130.6833333333333,Home,0,1241.6334056399132
U_03104,Enterprise,East,93,34,0,0,0.0,280.37,5.234,0.0,11.9,1.6054209807821413e-17,2,140.185,Electronics,1,1100.37688172043
U_03105,Free,East,538,4,1,5,20.23,70.32000000000001,5.405384615384615,5.02,11.23076923076923,0.0060606060606060806,2,35.160000000000004,Toys,0,47.70780669144982
U_03106,Pro,East,418,100,0,0,0.0,12.59,5.151000000000001,0.0,11.5,-0.05714285714285728,1,12.59,Fashion,1,10.99366028708134
U_03107,Free,North,162,5,1,5,0.0,42.11,6.616153846153845,5.8,14.923076923076923,0.03146853146853148,2,21.055,Fashion,0,94.87746913580247
U_03108,Free,North,-12,6,1,2,0.0,0.0,4.143333333333333,1.72,8.916666666666666,3.509362590262302e-17,0,0.0,None,1,0.0
U_03109,Pro,South,477,48,0,0,0.0,136.01999999999998,6.486666666666667,0.0,14.5,0.07142857142857148,2,68.00999999999999,Books,1,104.0823899371069
U_03110,Pro,West,442,84,0,0,0.0,0.0,3.825714285714286,0.0,7.428571428571429,-0.5000000000000004,0,0.0,None,1,0.0
U_03111,Pro,North,236,15,0,3,0.0,0.0,5.1207142857142856,0.0,11.285714285714286,0.018181818181818188,0,0.0,None,0,0.0
U_03112,Pro,West,-133,22,0,1,93.69,191.63,5.996666666666666,0.0,12.952380952380953,-0.016483516483516477,5,38.326,Fashion,0,2331.498333333333
U_03113,Pro,East,648,6,1,8,0.0,319.95,10.180967741935483,8.996666666666668,21.93548387096774,0.019298245614035085,6,53.324999999999996,Books,0,180.21875
U_03114,Pro,West,-183,3,2,2,74.46,209.17000000000002,3.801666666666667,5.265000000000001,8.5,0.024242424242424218,4,52.292500000000004,Grocery,1,2544.901666666667
U_03115,Free,East,94,30,0,0,0.0,5.99,2.4259999999999997,0.0,5.6,-1.0507920739455759e-16,1,5.99,Fashion,0,23.25904255319149
U_03116,Pro,West,456,1,1,1,41.54,41.54,6.77875,6.8,16.375,-0.11428571428571434,1,41.54,Electronics,0,33.25021929824561
U_03117,Pro,South,143,27,0,1,0.0,195.81,1.9733333333333332,0.0,4.222222222222222,-0.05952380952380944,3,65.27,Beauty,1,499.79475524475527
U_03118,Pro,East,501,40,0,0,0.0,106.36,3.2550000000000003,0.0,6.8,0.06666666666666664,1,106.36,Home,1,77.4878243512974
U_03119,Free,West,777,1,1,4,0.0,39.77,6.08,7.223333333333334,14.85,0.008791208791208725,1,39.77,Books,0,18.68217503217503
U_03120,Pro,South,47,2,1,4,0.0,164.68,4.403499999999999,3.875,10.0,-0.0464285714285714,2,82.34,Books,0,1278.8978723404255
U_03121,Free,West,448,0,1,5,17.07,24.04,8.714705882352941,12.01,19.529411764705884,-0.005494505494505452,2,12.02,Electronics,0,19.586160714285715
U_03122,Pro,South,292,14,0,2,0.0,91.55,8.6475,0.0,19.1875,0.009090909090909094,3,30.516666666666666,Grocery,1,114.4375
U_03123,Free,North,323,3,1,2,0.0,140.42000000000002,8.563103448275864,1.08,18.551724137931036,0.007352941176470619,5,28.084000000000003,Electronics,0,158.67894736842106
U_03124,Free,West,-108,0,1,4,0.0,57.39,3.14,0.3,7.0,1.6054209807821413e-17,2,28.695,Beauty,0,698.245
U_03125,Pro,South,45,8,0,1,0.0,86.67,4.048,1.57,8.6,0.09999999999999981,1,86.67,Home,1,702.99
U_03126,Pro,East,825,61,0,0,0.0,140.43,8.02,0.0,18.0,-0.04761904761904744,4,35.1075,Beauty,1,62.129636363636365
U_03127,Pro,West,221,2,1,6,0.0,285.14,10.162195121951221,10.53,20.609756097560975,0.04035087719298246,4,71.285,Home,0,470.93257918552035
U_03128,Free,North,359,49,0,0,0.0,0.0,2.475,0.0,4.75,-0.5,0,0.0,None,0,0.0
U_03129,Free,West,360,24,0,2,0.0,0.0,6.683529411764706,0.0,14.941176470588236,-3.1333467805207114e-18,0,0.0,None,1,0.0
U_03130,Enterprise,South,-42,46,0,0,141.52,933.2099999999999,4.962222222222222,0.0,9.88888888888889,6.633138920230202e-17,7,133.31571428571428,Books,1,7040.131324358977
U_03131,Free,West,410,20,0,1,0.0,0.0,6.125882352941177,0.0,13.058823529411764,-0.06643356643356635,0,0.0,None,0,0.0
U_03132,Free,North,348,15,0,3,0.0,30.73,9.375652173913043,0.0,19.869565217391305,-0.007142857142857126,1,30.73,Home,0,32.23117816091954
U_03133,Free,West,-97,80,0,0,8.76,8.76,4.295714285714285,0.0,8.857142857142858,-0.1000000000000002,1,8.76,Fashion,1,106.58
U_03134,Pro,South,384,0,4,6,0.0,550.9000000000001,9.083870967741937,9.51,19.677419354838708,0.05735294117647057,6,91.81666666666668,Electronics,0,523.6419270833334
U_03135,Enterprise,North,329,16,0,4,442.36,442.36,5.90318181818182,0.0,12.727272727272727,0.026373626373626332,1,442.36,Electronics,1,490.7641337386018
U_03136,Pro,East,307,3,1,1,0.0,82.98,0.3,0.3,1.0,-2.0083673326242142e-16,1,82.98,Books,0,98.657003257329
U_03137,Free,North,-27,59,0,0,0.0,34.13,6.571,0.0,14.0,7.520288333189474e-17,1,34.13,Sports,1,415.2483333333334
U_03138,Pro,West,138,42,0,0,0.0,111.89,4.233333333333333,0.0,8.666666666666666,0.19999999999999996,2,55.945,Home,1,295.94094202898555
U_03139,Pro,East,63,0,1,5,0.0,326.72,8.35318181818182,6.025,16.136363636363637,-0.014705882352941159,4,81.68,Sports,0,1892.9015873015874
U_03140,Pro,West,424,0,2,6,0.0,260.77000000000004,4.7927777777777765,5.706666666666667,9.722222222222221,0.04395604395604394,4,65.19250000000001,Grocery,0,224.48360849056607
U_03141,Free,South,809,54,0,0,0.0,0.0,2.9955555555555557,0.0,6.111111111111111,-0.028571428571428657,0,0.0,None,1,0.0
U_03142,Free,South,128,27,0,1,0.0,53.62,10.389565217391304,0.0,23.73913043478261,-0.1044117647058823,2,26.81,Beauty,1,152.90078125
U_03143,Enterprise,East,262,50,0,0,0.0,0.0,3.387692307692307,0.0,7.0,0.2023809523809524,0,0.0,None,1,0.0
U_03144,Free,East,33,24,0,1,0.0,37.260000000000005,5.8950000000000005,0.0,12.75,-0.11428571428571434,2,18.630000000000003,Books,1,412.1181818181818
U_03145,Pro,East,32,5,1,4,34.6,201.76,6.488,4.81,13.866666666666667,0.00606060606060606,4,50.44,Toys,0,2301.325
U_03146,Pro,South,727,64,0,0,0.0,101.81,2.3525,0.0,5.75,-2.0083673326242142e-16,1,101.81,Fashion,1,51.11506189821183
U_03147,Pro,South,617,47,0,0,0.0,167.2,5.254666666666666,0.0,11.266666666666667,4.202781137433567e-17,2,83.6,Fashion,1,98.91085899513776
U_03148,Free,West,770,51,0,0,0.0,0.0,3.9539999999999997,0.0,9.066666666666666,0.05000000000000017,0,0.0,None,1,0.0
U_03149,Free,East,-19,3,1,2,0.0,0.0,7.278000000000001,8.4,15.333333333333334,-0.017482517482517487,0,0.0,None,0,0.0
U_03150,Free,South,744,22,0,1,0.0,31.43,4.821818181818182,0.0,10.454545454545455,-0.15476190476190446,1,31.43,Sports,1,15.419287634408603
U_03151,Free,West,758,0,2,4,26.0,26.0,6.411428571428571,7.0275,13.571428571428571,0.09090909090909091,1,26.0,Fashion,0,12.519788918205805
U_03152,Free,East,49,63,0,0,0.0,0.0,7.222857142857144,0.0,14.285714285714286,-0.14285714285714293,0,0.0,None,1,0.0
U_03153,Enterprise,North,251,14,0,1,0.0,785.74,4.3757142857142854,0.0,9.0,0.08571428571428573,5,157.148,Books,1,1142.6099601593626
U_03154,Enterprise,North,794,31,0,0,0.0,343.64,7.452000000000001,0.0,14.7,-0.06666666666666661,2,171.82,Toys,0,157.97052896725438
U_03155,Free,West,127,60,0,0,0.0,31.119999999999997,7.571666666666666,0.0,17.166666666666668,-0.1666666666666664,2,15.559999999999999,Home,0,89.43937007874015
U_03156,Pro,West,95,999,0,0,81.81,81.81,0.0,0.0,0.0,0.0,1,81.81,Toys,1,314.3226315789474
U_03157,Free,South,338,18,0,1,0.0,58.81,5.325999999999999,0.0,11.666666666666666,-0.06666666666666655,1,58.81,Books,0,63.50784023668639
U_03158,Free,East,794,2,1,1,0.0,85.69,5.950588235294117,9.15,11.764705882352942,0.010489510489510495,2,42.845,Beauty,0,39.391498740554155
U_03159,Pro,East,116,3,1,5,265.79,564.1800000000001,9.355909090909092,6.655,21.863636363636363,-0.021428571428571377,6,94.03000000000002,Sports,0,1775.2215517241382
U_03160,Pro,West,407,3,2,6,161.68,585.1899999999999,10.039615384615384,8.3475,23.384615384615383,-0.01225490196078425,7,83.59857142857142,Sports,0,524.8018427518426
U_03161,Pro,North,230,100,0,0,0.0,0.0,2.642857142857143,0.0,5.714285714285714,-0.028571428571428543,0,0.0,None,1,0.0
U_03162,Pro,West,-211,0,1,4,0.0,219.10000000000002,5.158421052631579,5.7,11.052631578947368,-0.05147058823529411,3,73.03333333333335,Home,0,2665.7166666666667
U_03163,Pro,South,-18,27,0,1,64.87,123.31,2.92125,0.0,6.5,6.729156486047637e-17,3,41.10333333333333,Books,0,1500.2716666666665
U_03164,Free,West,-77,2,1,3,127.38,127.38,6.3883333333333345,6.775,13.0,-0.11666666666666656,2,63.69,Books,0,1549.7899999999997
U_03165,Free,North,697,0,1,3,126.33,141.93,8.48842105263158,10.08,19.105263157894736,-0.09890109890109888,3,47.31,Fashion,0,74.32489239598279
U_03166,Pro,West,496,5,1,3,45.36,398.93,11.638260869565215,13.086666666666668,25.47826086956522,-0.016483516483516415,8,49.86625,Fashion,0,293.567439516129
U_03167,Free,South,300,4,2,6,0.0,0.0,5.7870833333333325,5.423333333333333,12.541666666666666,-0.07692307692307684,0,0.0,None,0,0.0
U_03168,Free,South,846,28,0,1,0.0,71.06,4.178,0.0,10.0,-1.0507920739455759e-16,2,35.53,Grocery,1,30.65827423167849
U_03169,Free,North,-201,6,1,3,15.94,15.94,6.351111111111112,6.84,13.555555555555555,-0.09090909090909087,1,15.94,Home,0,193.93666666666667
U_03170,Pro,West,560,7,0,6,103.69,130.78,7.411111111111111,8.786666666666667,16.444444444444443,0.09090909090909095,2,65.39,Home,0,85.24053571428571
U_03171,Enterprise,East,573,13,0,5,320.83000000000004,627.98,8.867407407407406,11.78,19.85185185185185,1.1865138556230365e-17,7,89.71142857142857,Home,0,400.02216404886565
U_03172,Free,South,519,5,2,5,23.12,62.14,9.810333333333334,13.066666666666668,19.833333333333332,-0.03529411764705884,3,20.713333333333335,Home,0,43.70154142581888
U_03173,Free,North,581,24,0,1,0.0,19.53,3.1444444444444444,0.0,6.555555555555555,0.020979020979021,1,19.53,Electronics,1,12.269277108433736
U_03174,Pro,North,-63,15,0,2,0.0,253.25,9.575000000000001,0.0,21.863636363636363,-0.028571428571428574,5,50.65,Electronics,0,3081.208333333333
U_03175,Free,East,260,0,2,7,0.0,0.0,7.272272727272727,9.103333333333333,15.636363636363637,-0.0107142857142857,0,0.0,None,0,0.0
U_03176,Pro,East,308,10,0,1,0.0,171.55,6.7225,2.13,14.333333333333334,-0.08484848484848481,3,57.18333333333334,Electronics,1,203.29788961038963
U_03177,Pro,East,405,3,1,2,0.0,0.0,1.9433333333333336,5.6,4.111111111111111,6.633138920230202e-17,0,0.0,None,1,0.0
U_03178,Free,South,798,101,0,0,0.0,9.28,6.858,0.0,15.2,0.0714285714285714,1,9.28,Books,0,4.2446115288220545
U_03179,Free,South,528,20,0,1,0.0,0.0,3.7485714285714287,0.0,9.0,4.8870404991229254e-17,0,0.0,None,1,0.0
U_03180,Free,West,-71,4,2,7,27.25,234.20999999999998,8.624210526315789,6.18,19.31578947368421,0.0524475524475525,6,39.035,Grocery,0,2849.555
U_03181,Free,South,-2,90,0,0,51.12,51.12,4.865,0.0,9.625,-0.057142857142857134,1,51.12,Sports,1,621.96
U_03182,Pro,North,-61,58,0,0,0.0,0.0,2.535,0.0,5.666666666666667,0.19999999999999996,0,0.0,None,0,0.0
U_03183,Pro,West,578,16,0,4,0.0,23.4,3.222222222222222,0.0,7.333333333333333,0.19999999999999998,1,23.4,Sports,1,14.776816608996539
U_03184,Pro,East,637,8,0,1,45.09,568.6700000000001,6.530714285714287,4.31,15.714285714285714,-0.0484848484848485,8,71.08375000000001,Books,0,325.8470172684459
U_03185,Free,West,797,11,0,4,0.0,63.69,10.980645161290322,16.26,25.0,-0.013235294117647048,1,63.69,Toys,0,29.167942283563363
U_03186,Pro,East,280,35,0,0,0.0,96.64,7.755238095238096,0.0,15.380952380952381,0.08041958041958043,3,32.21333333333333,Electronics,1,125.97714285714285
U_03187,Free,North,454,36,0,0,0.0,0.0,2.5933333333333333,0.0,5.0,7.951207131982424e-18,0,0.0,None,1,0.0
U_03188,Enterprise,East,358,26,0,2,0.0,0.0,4.895294117647059,0.0,10.647058823529411,0.01978021978021975,0,0.0,None,1,0.0
U_03189,Free,North,331,1,3,6,0.0,7.16,8.125833333333334,8.376666666666667,17.791666666666668,0.05000000000000001,1,7.16,Sports,0,7.89546827794562
U_03190,Pro,North,230,15,0,1,0.0,28.06,7.220000000000001,0.0,14.8125,0.0909090909090909,1,28.06,Grocery,0,44.53
U_03191,Free,North,463,20,0,1,0.0,0.0,4.366666666666666,0.0,8.666666666666666,7.951207131982424e-18,0,0.0,None,1,0.0
U_03192,Free,South,-2,20,0,1,0.0,0.0,7.162857142857144,0.0,14.428571428571429,0.04545454545454545,0,0.0,None,1,0.0
U_03193,Free,East,639,41,0,0,0.0,73.34,4.232727272727273,0.0,9.090909090909092,-0.00606060606060605,2,36.67,Grocery,1,41.89217527386542
U_03194,Enterprise,West,-128,0,1,4,0.0,711.06,3.408333333333333,1.6566666666666665,7.777777777777778,0.010714285714285732,4,177.765,Toys,0,7040.131324358977
U_03195,Pro,West,260,0,2,3,0.0,163.36,5.011052631578947,5.625,10.210526315789474,0.015384615384615375,1,163.36,Beauty,0,229.3323076923077
U_03196,Pro,North,798,10,0,1,75.71,205.01,7.03875,3.48,16.4375,-0.02097902097902098,3,68.33666666666666,Electronics,0,93.7702380952381
U_03197,Free,West,517,70,0,0,0.0,24.64,3.9299999999999997,0.0,9.4,0.03030303030303036,1,24.64,Books,0,17.395744680851063
U_03198,Free,East,284,57,0,0,0.0,28.18,5.134615384615385,0.0,12.615384615384615,0.08571428571428567,1,28.18,Toys,1,36.21725352112676
U_03199,Pro,South,417,136,0,0,0.0,0.0,1.7149999999999999,0.0,3.0,-7.850462293418875e-17,0,0.0,None,1,0.0
U_03200,Free,North,250,5,1,1,0.0,103.28999999999999,5.0627272727272725,9.26,11.454545454545455,-0.011904761904761866,3,34.43,Grocery,0,150.80339999999998
U_03201,Free,North,508,20,0,1,0.0,51.35,2.15375,0.0,5.375,0.057142857142857134,1,51.35,Grocery,1,36.89517716535433
U_03202,Free,South,561,85,0,0,0.0,13.55,6.371666666666667,0.0,10.166666666666666,0.19999999999999996,1,13.55,Beauty,0,8.815953654188949
U_03203,Pro,East,4,5,1,5,8.47,392.03000000000003,7.776896551724138,9.44,17.275862068965516,-0.02373581011351907,6,65.33833333333334,Toys,0,4769.698333333334
U_03204,Pro,West,542,0,2,3,0.0,139.56,7.719523809523811,6.27,16.38095238095238,0.08241758241758251,2,69.78,Toys,0,93.98413284132842
U_03205,Pro,South,95,1,1,5,143.82,316.26,5.308125,5.68,12.6875,-0.09090909090909088,3,105.42,Beauty,0,1215.1042105263157
U_03206,Enterprise,West,-3,1,2,5,81.43,1129.6999999999998,10.374375,8.75,23.46875,-0.024767801857585148,8,141.21249999999998,Electronics,0,7040.131324358977
U_03207,Enterprise,South,221,4,1,5,0.0,830.2900000000001,9.25074074074074,11.465,20.22222222222222,-0.007142857142857126,9,92.25444444444446,Books,0,1371.293438914027
U_03208,Pro,North,368,1,4,7,29.33,192.87,10.953714285714286,10.9475,25.485714285714284,0.0010319917440660797,3,64.29,Toys,0,191.29769021739133
U_03209,Pro,North,-144,51,0,0,0.0,106.6,2.708,0.0,4.4,-0.3000000000000005,1,106.6,Beauty,1,1296.9666666666667
U_03210,Free,North,378,1,1,1,0.0,0.0,8.205,1.42,19.0625,-0.19047619047619008,0,0.0,None,1,0.0
U_03211,Pro,West,-84,25,0,1,0.0,139.0,6.531666666666666,0.0,14.25,-0.09523809523809512,2,69.5,Beauty,0,1691.1666666666667
U_03212,Free,West,791,0,4,10,0.0,30.62,11.034166666666664,12.47,24.02777777777778,0.04127966976264188,1,30.62,Grocery,0,14.129329962073326
U_03213,Pro,East,390,2,2,6,76.31,111.74,7.2425,7.016666666666666,15.083333333333334,5.782700291177024e-17,3,37.24666666666666,Beauty,0,104.57717948717949
U_03214,Pro,East,171,69,0,0,0.0,11.92,6.798666666666666,0.0,16.133333333333333,0.05454545454545454,1,11.92,Toys,0,25.44327485380117
U_03215,Pro,West,800,55,0,0,0.0,60.83,3.51125,0.0,7.75,-0.057142857142857134,1,60.83,Home,1,27.753687499999998
U_03216,Free,South,-67,91,0,0,0.0,46.61,4.723750000000001,0.0,9.0,0.1999999999999999,1,46.61,Electronics,1,567.0883333333334
U_03217,Free,South,776,42,0,0,0.0,0.0,4.180000000000001,0.0,9.714285714285714,-0.08571428571428566,0,0.0,None,1,0.0
U_03218,Free,South,217,22,0,1,0.0,7.95,4.057499999999999,0.0,8.875,0.05714285714285718,1,7.95,Toys,0,13.372119815668203
U_03219,Free,West,660,4,1,3,24.43,116.05000000000001,7.404782608695652,10.870000000000001,16.608695652173914,-0.039705882352941126,4,29.012500000000003,Fashion,0,64.17916666666667
U_03220,Free,East,-131,52,0,0,0.0,0.0,5.645454545454545,0.0,11.727272727272727,0.01666666666666673,0,0.0,None,1,0.0
U_03221,Free,North,254,0,2,6,0.0,79.48,8.47551724137931,9.446666666666665,19.344827586206897,0.01754385964912279,2,39.74,Sports,0,114.21338582677167
U_03222,Free,East,-1,87,0,0,0.0,0.0,4.93,0.0,11.333333333333334,1.0276789547548596e-16,0,0.0,None,1,0.0
U_03223,Free,South,321,31,0,0,0.0,0.0,3.94625,0.0,8.25,6.729156486047637e-17,0,0.0,None,1,0.0
U_03224,Pro,North,134,22,0,2,0.0,326.03999999999996,6.779090909090908,0.0,15.545454545454545,0.03928571428571431,4,81.50999999999999,Beauty,1,888.0940298507461
U_03225,Free,West,133,0,2,9,36.12,101.72,7.890357142857142,6.766666666666667,17.25,0.004127966976264233,3,33.906666666666666,Sports,0,279.1563909774436
U_03226,Free,West,538,88,0,0,0.0,0.0,6.254285714285715,0.0,13.714285714285714,-0.1000000000000002,0,0.0,None,0,0.0
U_03227,Free,South,628,39,0,0,0.0,8.65,8.068636363636365,0.0,18.0,0.05714285714285718,1,8.65,Home,0,5.027468152866242
U_03228,Pro,North,-41,51,0,0,0.0,64.39999999999999,9.272142857142857,0.0,19.857142857142858,-0.10000000000000002,2,32.199999999999996,Home,0,783.5333333333333
U_03229,Pro,South,697,95,0,0,0.0,0.0,3.495,0.0,6.0,-7.850462293418875e-17,0,0.0,None,1,0.0
U_03230,Free,East,-126,44,0,0,0.0,12.23,6.911764705882353,0.0,15.0,-0.18787878787878798,1,12.23,Sports,1,148.79833333333335
U_03231,Pro,North,632,35,0,0,0.0,217.23,5.655833333333334,0.0,11.833333333333334,-0.06666666666666664,3,72.41,Sports,1,125.4571993670886
U_03232,Pro,East,745,6,1,5,0.0,120.17,4.255333333333334,4.085,9.133333333333333,-0.04545454545454547,2,60.085,Fashion,0,58.87523489932886
U_03233,Free,South,751,0,3,8,31.57,126.35,9.878799999999998,8.945,20.88,0.05000000000000003,3,42.11666666666667,Books,0,61.408455392809586
U_03234,Pro,North,16,3,2,5,0.0,63.11,7.305625,7.4975000000000005,16.9375,0.048951048951048966,2,31.555,Fashion,0,767.8383333333334
U_03235,Pro,East,-161,64,0,0,0.0,152.64,5.098333333333334,0.0,11.166666666666666,0.19999999999999984,3,50.879999999999995,Fashion,1,1857.1199999999997
U_03236,Free,East,410,12,0,2,0.0,10.74,7.614,7.68,17.32,-0.19930069930069919,1,10.74,Home,1,9.561219512195121
U_03237,Free,West,150,1,3,6,0.0,48.53,8.440689655172413,7.669999999999999,17.275862068965516,-0.0024509803921568306,1,48.53,Grocery,0,118.08966666666667
U_03238,Pro,North,578,3,2,7,145.23,226.08999999999997,9.001481481481482,8.716666666666667,20.77777777777778,0.010294117647058834,4,56.522499999999994,Fashion,0,142.77309688581315
U_03239,Pro,North,-113,51,0,0,0.0,68.44,5.925000000000001,0.0,15.5,-7.850462293418875e-17,1,68.44,Books,1,832.6866666666667
U_03240,Enterprise,North,121,8,0,2,0.0,660.3399999999999,4.789999999999999,1.41,11.0,-0.018181818181818143,7,94.3342857142857,Home,0,1991.9347107438014
U_03241,Free,West,687,13,0,2,0.0,0.0,3.157272727272727,0.75,6.909090909090909,-0.11666666666666665,0,0.0,None,0,0.0
U_03242,Free,East,792,75,0,0,0.0,0.0,5.548571428571428,0.0,12.142857142857142,-0.14285714285714293,0,0.0,None,1,0.0
U_03243,Free,East,111,6,1,5,0.0,76.34,8.058,8.063333333333334,17.166666666666668,-0.03676470588235293,4,19.085,Toys,1,251.02792792792795
U_03244,Free,East,808,1,2,8,0.0,23.49,8.1188,7.806,19.2,-0.01785714285714285,2,11.745,Beauty,1,10.611200495049504
U_03245,Pro,East,-39,22,0,1,0.0,0.0,3.7429999999999994,0.0,8.3,9.503933725077675e-17,0,0.0,None,1,0.0
U_03246,Free,West,539,28,0,1,0.0,0.0,3.8124999999999996,0.0,8.166666666666666,-0.1666666666666665,0,0.0,None,1,0.0
U_03247,Pro,East,604,123,0,0,0.0,0.0,1.9449999999999998,0.0,4.0,0.0,0,0.0,None,1,0.0
U_03248,Free,West,232,2,1,6,0.0,0.0,7.210384615384616,9.643333333333333,15.26923076923077,0.004901960784313773,0,0.0,None,0,0.0
U_03249,Free,North,513,5,2,7,0.0,9.14,8.476153846153846,10.23,18.846153846153847,0.014705882352941242,1,9.14,Sports,0,6.503118908382066
U_03250,Pro,West,255,6,1,3,40.66,832.7299999999999,12.301428571428572,10.995,26.285714285714285,-0.019607843137254857,10,83.273,Electronics,0,1191.9468627450979
U_03251,Pro,South,688,48,0,0,0.0,73.42,3.5200000000000005,0.0,5.8,-1.0507920739455759e-16,1,73.42,Fashion,1,38.951017441860465
U_03252,Free,East,-120,71,0,0,0.0,20.24,5.571333333333333,0.0,11.466666666666667,0.08181818181818179,1,20.24,Toys,1,246.25333333333333
U_03253,Pro,West,507,68,0,0,0.0,0.0,3.6599999999999997,0.0,8.444444444444445,-0.20000000000000012,0,0.0,None,0,0.0
U_03254,Free,West,-44,60,0,0,0.0,0.0,6.984166666666666,0.0,16.333333333333332,3.509362590262302e-17,0,0.0,None,1,0.0
U_03255,Pro,West,691,11,0,3,0.0,23.97,1.0833333333333333,0.3,2.5555555555555554,-0.14285714285714288,1,23.97,Toys,1,12.661432706222866
U_03256,Enterprise,East,0,22,0,2,53.6,340.20000000000005,5.483888888888889,0.0,11.055555555555555,0.0274725274725275,5,68.04,Beauty,0,4139.1
U_03257,Free,North,-192,7,0,2,0.0,66.97,5.977333333333331,0.3,13.8,-0.031468531468531374,1,66.97,Fashion,0,814.8016666666667
U_03258,Pro,West,435,1,4,8,66.2,181.88,6.5685,9.198333333333334,13.9,0.09890109890109891,3,60.626666666666665,Grocery,0,152.6119540229885
U_03259,Pro,East,817,79,0,0,0.0,0.0,4.175714285714286,0.0,9.285714285714286,4.8870404991229254e-17,0,0.0,None,1,0.0
U_03260,Pro,South,447,19,0,1,0.0,119.32,5.027222222222223,0.0,11.88888888888889,0.017857142857142884,4,29.83,Electronics,1,97.43131991051453
U_03261,Free,North,169,0,2,11,0.0,145.85000000000002,11.045757575757575,11.36,24.242424242424242,0.08070175438596491,5,29.170000000000005,Books,0,315.00147928994085
U_03262,Pro,North,614,64,0,0,0.0,50.65,8.11,0.0,17.5,-0.2285714285714285,1,50.65,Electronics,1,30.109527687296417
U_03263,Free,West,271,14,0,3,0.0,24.14,4.109999999999999,0.0,8.772727272727273,0.058823529411764726,1,24.14,Grocery,0,32.51328413284133
U_03264,Free,East,753,9,0,6,0.0,0.0,9.835333333333335,11.395,22.6,0.016511867905056765,0,0.0,None,0,0.0
U_03265,Free,West,357,26,0,1,0.0,36.6,6.88470588235294,0.0,16.352941176470587,-0.03736263736263742,1,36.6,Fashion,1,37.420168067226896
U_03266,Free,East,76,59,0,0,0.0,32.22,7.660769230769231,0.0,16.076923076923077,0.016666666666666774,2,16.11,Grocery,1,154.7407894736842
U_03267,Free,North,394,2,2,7,60.32,60.32,12.507500000000002,11.48,28.892857142857142,0.0392857142857143,1,60.32,Electronics,0,55.880203045685285
U_03268,Pro,West,129,42,0,0,125.15,158.61,2.4619999999999997,0.0,5.6,1.0000000000000004,2,79.305,Beauty,0,448.7802325581396
U_03269,Pro,North,731,33,0,0,0.0,127.28,6.697777777777778,0.0,15.11111111111111,-0.035714285714285664,2,63.64,Fashion,1,63.5529411764706
U_03270,Pro,South,-31,1,2,8,0.0,111.83,10.46,6.213333333333334,22.3,-0.017156862745097954,1,111.83,Fashion,0,1360.5983333333334
U_03271,Pro,East,722,7,0,1,0.0,37.88,5.549999999999999,7.5,11.461538461538462,-0.017482517482517456,1,37.88,Beauty,1,19.149861495844878
U_03272,Pro,South,-132,33,0,0,0.0,101.89,4.7675,0.0,11.1875,0.018181818181818177,2,50.945,Grocery,1,1239.6616666666666
U_03273,Pro,South,-209,2,1,4,0.0,61.0,4.668333333333333,4.465,10.666666666666666,6.891831019251096e-19,2,30.5,Fashion,0,742.1666666666666
U_03274,Free,West,-149,0,2,7,0.0,84.53999999999999,8.651333333333334,9.965,20.5,0.030075187969924772,2,42.269999999999996,Books,0,1028.57
U_03275,Enterprise,North,291,12,0,6,176.72,659.01,7.229,6.48,15.933333333333334,0.029824561403508757,7,94.14428571428572,Toys,0,826.5932989690721
U_03276,Free,North,543,43,0,0,0.0,0.0,7.019999999999999,0.0,15.785714285714286,0.142857142857143,0,0.0,None,1,0.0
U_03277,Pro,South,482,44,0,0,0.0,349.69,3.0120000000000005,0.0,5.4,-0.1000000000000001,2,174.845,Electronics,1,264.8067427385892
U_03278,Pro,West,53,67,0,0,0.0,58.83,1.9149999999999998,0.0,3.5,-7.850462293418875e-17,1,58.83,Home,1,405.15
U_03279,Enterprise,East,323,111,0,0,0.0,18.81,2.855,0.0,7.0,-7.850462293418875e-17,1,18.81,Fashion,1,21.255882352941175
U_03280,Free,South,-139,75,0,0,0.0,71.47999999999999,2.8519999999999994,0.0,5.8,-1.0507920739455759e-16,2,35.739999999999995,Electronics,1,869.6733333333332
U_03281,Free,North,753,68,0,0,0.0,60.82,9.938666666666666,0.0,20.866666666666667,-0.11515151515151505,1,60.82,Electronics,1,29.481142098273573
U_03282,Enterprise,North,336,1,1,6,0.0,191.5,8.375,6.8500000000000005,18.40909090909091,0.061764705882352965,2,95.75,Grocery,0,208.0282738095238
U_03283,Free,South,-69,1,2,5,0.0,115.61,7.662592592592593,6.945,16.74074074074074,-0.01428571428571424,5,23.122,Grocery,0,1406.5883333333334
U_03284,Pro,East,215,4,1,3,0.0,336.77,10.756923076923075,5.94,23.076923076923077,2.717544026635068e-17,5,67.354,Electronics,0,571.7258139534883
U_03285,Free,East,276,26,0,1,0.0,9.04,2.12875,0.0,4.625,-2.751513687042919e-17,1,9.04,Home,0,11.955072463768115
U_03286,Free,South,758,44,0,0,0.0,86.88,7.484499999999999,0.0,15.75,-0.02097902097902094,3,28.959999999999997,Home,0,41.835356200527706
U_03287,Free,East,704,3,1,4,0.0,55.58,8.388260869565217,7.74,18.391304347826086,-0.08088235294117635,2,27.79,Beauty,0,28.816335227272727
U_03288,Pro,North,563,46,0,0,0.0,325.28999999999996,6.964117647058823,0.0,16.0,-0.038461538461538394,3,108.42999999999999,Beauty,1,210.8896092362344
U_03289,Enterprise,East,-100,12,0,3,105.25,199.01,6.719411764705882,3.94,15.823529411764707,-0.11818181818181817,2,99.505,Fashion,0,2421.2883333333334
U_03290,Free,South,-49,3,1,2,0.0,12.2,3.9,3.6,8.428571428571429,-0.14285714285714293,1,12.2,Sports,0,148.4333333333333
U_03291,Pro,North,610,1,2,7,0.0,276.71,9.678076923076924,8.272,21.0,0.0323529411764706,5,55.342,Sports,0,165.57237704918032
U_03292,Pro,South,-133,71,0,0,0.0,52.98,5.887142857142857,0.0,10.714285714285714,0.19999999999999996,1,52.98,Sports,1,644.5899999999999
U_03293,Free,East,818,2,1,3,0.0,64.17,5.725,9.93,13.625,-0.08391608391608388,1,64.17,Home,0,28.633312958435212
U_03294,Free,East,214,61,0,0,0.0,0.0,2.51,0.0,6.0,-2.0083673326242142e-16,0,0.0,None,0,0.0
U_03295,Free,West,-179,2,2,11,0.0,0.0,10.729714285714286,8.941999999999998,24.771428571428572,0.08421052631578946,0,0.0,None,0,0.0
U_03296,Free,West,485,12,0,5,0.0,0.0,5.873684210526316,6.54,12.263157894736842,-0.010989010989010959,0,0.0,None,0,0.0
U_03297,Pro,West,-154,55,0,0,0.0,76.61,3.1614285714285715,0.0,7.0,4.8870404991229254e-17,2,38.305,Electronics,0,932.0883333333333
U_03298,Free,North,153,1,2,2,0.0,40.35,4.974285714285713,6.86,9.857142857142858,0.07272727272727275,1,40.35,Beauty,0,96.25980392156863
U_03299,Pro,East,799,96,0,0,0.0,0.0,1.7033333333333334,0.0,4.0,1.0276789547548596e-16,0,0.0,None,1,0.0
U_03300,Free,West,497,19,0,4,0.0,62.76,10.421666666666667,0.0,20.875,0.05714285714285712,2,31.38,Fashion,1,46.091348088531184
U_03301,Free,West,373,13,0,5,37.03,152.60999999999999,7.633571428571428,9.19,17.178571428571427,-0.045407636738906014,5,30.522,Beauty,0,149.33686327077746
U_03302,Free,West,589,1,1,1,0.0,0.0,3.6119999999999997,5.2,6.9,1.6054209807821413e-17,0,0.0,None,1,0.0
U_03303,Enterprise,East,61,36,0,0,0.0,0.0,2.04,0.0,4.571428571428571,4.8870404991229254e-17,0,0.0,None,0,0.0
U_03304,Pro,East,662,39,0,0,0.0,253.93,4.0200000000000005,0.0,8.8,-1.0507920739455759e-16,3,84.64333333333333,Electronics,0,140.00672205438067
U_03305,Free,South,13,38,0,0,12.58,12.58,3.201111111111111,0.0,6.777777777777778,0.059523809523809486,1,12.58,Electronics,0,153.05666666666667
U_03306,Free,North,535,2,2,4,0.0,28.58,9.522000000000002,10.543333333333331,21.55,-0.04545454545454536,1,28.58,Electronics,0,19.498504672897194
U_03307,Free,North,778,64,0,0,0.0,0.0,6.5075,0.0,14.125,0.05714285714285709,0,0.0,None,1,0.0
U_03308,Free,West,256,29,0,1,0.0,0.0,3.4575,0.0,7.375,-0.07142857142857137,0,0.0,None,1,0.0
U_03309,Free,North,751,4,1,6,0.0,26.36,6.7761538461538455,5.423333333333333,14.538461538461538,0.05454545454545458,1,26.36,Toys,0,12.81145139813582
U_03310,Pro,East,265,26,0,1,0.0,160.78,7.583333333333333,0.0,15.777777777777779,-0.035714285714285664,2,80.39,Grocery,1,221.45169811320756
U_03311,Free,South,13,0,2,8,0.0,34.230000000000004,8.944705882352942,9.520000000000001,19.38235294117647,0.022703818369453104,2,17.115000000000002,Electronics,0,416.4650000000001
U_03312,Enterprise,North,218,33,0,0,0.0,675.35,8.558333333333334,0.0,17.555555555555557,-0.10909090909090907,9,75.03888888888889,Grocery,1,1130.7465596330276
U_03313,Pro,South,361,47,0,0,0.0,176.98000000000002,8.371818181818183,0.0,19.181818181818183,-0.049999999999999926,4,44.245000000000005,Books,0,178.94099722991692
U_03314,Free,West,817,6,1,3,5.94,5.94,4.6523076923076925,4.07,10.153846153846153,-0.042424242424242434,1,5.94,Electronics,0,2.653733170134639
U_03315,Free,North,305,13,0,2,0.0,45.72,6.847222222222222,2.99,15.11111111111111,0.030769230769230795,2,22.86,Fashion,0,54.71409836065573
U_03316,Free,North,749,20,0,1,0.0,71.45,9.39125,0.0,20.75,-0.013986013986013906,2,35.725,Fashion,1,34.81875834445928
U_03317,Pro,East,163,36,0,0,0.0,196.9,6.496666666666667,0.0,15.222222222222221,0.035714285714285754,3,65.63333333333334,Fashion,0,440.9110429447853
U_03318,Free,North,712,30,0,0,0.0,0.0,7.07,0.0,14.8,-0.02380952380952377,0,0.0,None,1,0.0
U_03319,Free,East,236,8,0,4,0.0,53.900000000000006,6.101428571428572,4.976666666666667,13.523809523809524,0.09285714285714287,2,26.950000000000003,Home,0,83.36228813559323
U_03320,Free,North,476,0,3,5,0.0,38.76,7.043846153846156,6.629999999999999,15.538461538461538,0.09090909090909091,1,38.76,Grocery,0,29.721428571428568
U_03321,Free,South,453,35,0,0,0.0,23.35,4.716,0.0,10.3,0.0714285714285715,1,23.35,Beauty,1,18.81401766004415
U_03322,Enterprise,South,146,32,0,0,0.0,273.37,7.19125,0.0,16.0625,0.03636363636363635,2,136.685,Fashion,0,683.4250000000001
U_03323,Free,West,678,4,2,7,0.0,23.09,9.212592592592593,7.95,20.296296296296298,0.0030959752321981612,1,23.09,Fashion,0,12.430457227138643
U_03324,Pro,North,672,9,0,1,0.0,73.66,2.9466666666666668,1.07,6.833333333333333,7.951207131982424e-18,2,36.83,Home,1,40.00877976190476
U_03325,Free,North,-151,76,0,0,0.0,0.0,3.1050000000000004,0.0,6.375,6.729156486047637e-17,0,0.0,None,1,0.0
U_03326,Free,South,499,4,1,2,0.0,18.42,3.422857142857143,3.74,8.0,4.8870404991229254e-17,1,18.42,Beauty,0,13.473547094188376
U_03327,Pro,South,-45,44,0,0,0.0,0.0,5.1481818181818175,0.0,11.0,-0.1785714285714285,0,0.0,None,1,0.0
U_03328,Free,South,-79,58,0,0,0.0,46.16,8.346315789473683,0.0,19.36842105263158,-0.0034965034965035013,2,23.08,Sports,0,561.6133333333333
U_03329,Enterprise,North,341,37,0,0,0.0,214.57,5.178125,0.0,11.0,0.03496503496503499,2,107.285,Grocery,1,229.6717008797654
U_03330,Enterprise,West,694,97,0,0,0.0,0.0,3.145,0.0,6.0,-2.0083673326242142e-16,0,0.0,None,1,0.0
U_03331,Free,West,752,2,3,9,0.0,47.0,6.722222222222222,6.655,13.518518518518519,0.026960784313725526,2,23.5,Fashion,0,22.8125
U_03332,Pro,West,-85,3,2,3,68.91,126.5,5.690555555555556,8.389999999999999,13.5,-0.027472527472527423,3,42.166666666666664,Beauty,0,1539.0833333333335
U_03333,Free,West,728,3,1,7,38.21,70.39,8.370000000000001,6.258,18.2,0.04411764705882356,2,35.195,Electronics,0,35.29168956043956
U_03334,Pro,East,324,9,0,4,0.0,245.16000000000003,11.311612903225804,7.28,25.580645161290324,-0.0955882352941176,2,122.58000000000001,Books,0,276.18333333333334
U_03335,Enterprise,South,281,0,2,7,196.85,422.85,6.704545454545456,7.005000000000001,16.181818181818183,0.017857142857142894,5,84.57000000000001,Books,0,549.2535587188612
U_03336,Pro,East,727,19,0,2,0.0,77.5,7.401578947368421,0.0,15.578947368421053,-0.06043956043956041,2,38.75,Sports,1,38.90990371389271
U_03337,Pro,East,354,90,0,0,0.0,76.24,6.843333333333334,0.0,14.833333333333334,0.0999999999999999,3,25.41333333333333,Beauty,1,78.6090395480226
U_03338,Free,South,678,5,1,4,0.0,18.22,9.10037037037037,7.585000000000001,19.74074074074074,-0.06315789473684215,1,18.22,Sports,0,9.808702064896755
U_03339,Free,West,282,7,0,5,46.77,212.29000000000002,10.432333333333332,6.68,23.5,0.02105263157894732,6,35.38166666666667,Fashion,0,274.7725177304965
U_03340,Enterprise,East,312,21,0,3,0.0,317.83000000000004,11.064285714285713,0.0,24.142857142857142,0.03676470588235297,5,63.56600000000001,Electronics,0,371.8203525641026
U_03341,Pro,East,461,5,1,1,0.0,0.0,2.3240000000000003,0.94,5.4,-1.0507920739455759e-16,0,0.0,None,1,0.0
U_03342,Pro,East,642,4,1,1,0.0,42.03,4.814375,2.05,9.5,0.0909090909090909,1,42.03,Electronics,0,23.895560747663556
U_03343,Pro,West,422,46,0,0,0.0,178.45999999999998,2.7310000000000003,0.0,5.9,-0.11904761904761897,2,89.22999999999999,Books,0,154.35521327014217
U_03344,Pro,East,636,3,1,5,180.20999999999998,330.03999999999996,8.70608695652174,10.393333333333333,19.304347826086957,-0.039215686274509796,5,66.008,Beauty,0,189.40974842767295
U_03345,Enterprise,West,717,2,2,4,0.0,558.5999999999999,9.463529411764704,9.473333333333333,20.647058823529413,0.010989010989011002,6,93.09999999999998,Fashion,0,284.3640167364016
U_03346,Pro,South,597,6,1,2,41.39,412.29999999999995,10.339375,14.06,23.8125,-0.0054945054945054654,9,45.8111111111111,Home,0,252.0762144053601
U_03347,Free,East,-77,100,0,0,0.0,50.6,5.693636363636364,0.0,11.818181818181818,0.2500000000000001,1,50.6,Toys,1,615.6333333333333
U_03348,Free,North,318,26,0,1,0.0,0.0,6.107272727272728,0.0,14.636363636363637,-0.03571428571428568,0,0.0,None,0,0.0
U_03349,Pro,West,-97,0,1,1,0.0,0.0,3.6563636363636363,1.07,7.181818181818182,0.0833333333333334,0,0.0,None,1,0.0
U_03350,Free,South,836,1,2,4,0.0,0.0,6.041333333333333,6.0566666666666675,13.266666666666667,0.04242424242424247,0,0.0,None,0,0.0
U_03351,Free,North,-153,140,0,0,0.0,0.0,1.835,0.0,3.5,0.0,0,0.0,None,1,0.0
U_03352,Pro,East,332,2,1,6,110.8,466.82000000000005,9.19758620689655,8.9,20.03448275862069,0.019117647058823514,6,77.80333333333334,Home,0,513.2207831325302
U_03353,Free,North,9,2,1,7,0.0,6.15,10.352,9.925,23.2,0.010319917440660504,1,6.15,Books,0,74.825
U_03354,Free,West,244,2,1,4,0.0,17.62,9.355925925925927,11.27,19.814814814814813,-0.007352941176470538,1,17.62,Home,0,26.3577868852459
U_03355,Pro,West,118,1,2,10,0.0,126.69999999999999,9.547777777777776,8.616666666666667,20.22222222222222,0.024767801857585103,4,31.674999999999997,Sports,0,391.9110169491525
U_03356,Free,South,608,20,0,2,0.0,68.0,5.051333333333332,0.0,11.533333333333333,-0.03030303030303024,2,34.0,Home,1,40.82236842105263
U_03357,Free,South,53,0,1,2,0.0,17.08,4.915294117647059,3.31,10.588235294117647,-0.09890109890109891,1,17.08,Fashion,0,117.62641509433962
U_03358,Free,North,689,8,0,7,0.0,62.76,10.258787878787878,10.82,22.90909090909091,0.031862745098039234,2,31.38,Sports,0,33.247314949201744
U_03359,Pro,West,571,16,0,2,0.0,182.01,5.394444444444444,0.0,10.666666666666666,0.08333333333333341,2,91.005,Grocery,1,116.34614711033275
U_03360,Free,East,820,1,1,3,0.0,129.91,10.184193548387094,12.945,22.29032258064516,-0.04901960784313719,5,25.982,Beauty,0,57.82579268292683
U_03361,Free,East,433,79,0,0,0.0,0.0,0.09,0.0,1.0,0.0,0,0.0,None,1,0.0
U_03362,Free,South,300,36,0,0,0.0,0.0,3.604444444444445,0.0,8.11111111111111,-0.035714285714285705,0,0.0,None,1,0.0
U_03363,Free,West,541,54,0,0,0.0,51.730000000000004,6.444999999999999,0.0,13.25,0.0666666666666667,2,25.865000000000002,Books,0,34.90101663585952
U_03364,Free,West,-97,79,0,0,0.0,41.96,6.3629999999999995,0.0,12.7,0.09999999999999985,2,20.98,Beauty,1,510.5133333333334
U_03365,Free,West,763,61,0,0,67.27,188.08999999999997,5.479,0.0,12.5,0.09523809523809525,4,47.022499999999994,Books,1,89.9775229357798
U_03366,Pro,East,236,34,0,0,0.0,57.16,4.502727272727272,0.0,10.181818181818182,0.018181818181818212,2,28.58,Books,1,88.40423728813559
U_03367,Free,North,603,0,2,8,0.0,229.44,8.36483870967742,7.7075000000000005,18.93548387096774,0.04999999999999999,7,32.777142857142856,Sports,0,138.88159203980098
U_03368,Free,West,218,60,0,0,0.0,49.28,7.793076923076923,0.0,18.384615384615383,0.2023809523809524,1,49.28,Electronics,1,82.51009174311928
U_03369,Free,West,17,19,0,1,0.0,36.86,6.536666666666668,0.0,13.583333333333334,-0.03333333333333315,1,36.86,Grocery,0,448.4633333333333
U_03370,Free,North,95,4,1,3,0.0,95.75,8.108,5.945,17.25,-0.03571428571428572,2,47.875,Fashion,0,367.8815789473684
U_03371,Free,East,786,53,0,0,0.0,0.0,4.389,0.0,8.1,0.03333333333333336,0,0.0,None,1,0.0
U_03372,Pro,North,591,15,0,1,0.0,97.27,4.1433333333333335,0.0,9.0,-0.035714285714285664,2,48.635,Home,1,60.07368866328257
U_03373,Enterprise,South,214,3,2,6,239.02999999999997,1181.1399999999999,5.986470588235294,5.830000000000001,12.294117647058824,0.010989010989011002,10,118.11399999999999,Fashion,0,2014.5612149532708
U_03374,Pro,West,-195,90,0,0,0.0,0.0,1.4966666666666668,0.0,2.8333333333333335,-4.8374234447508063e-17,0,0.0,None,1,0.0
U_03375,Free,South,809,32,0,0,57.33,76.38,6.282380952380953,0.0,12.904761904761905,0.0034965034965035173,2,38.19,Electronics,0,34.46069221260816
U_03376,Pro,South,193,4,1,6,192.31,567.35,10.806666666666667,8.953333333333333,25.366666666666667,0.042105263157894715,8,70.91875,Sports,0,1072.967616580311
U_03377,Free,West,115,83,0,0,0.0,0.0,1.38125,0.0,3.125,-0.11428571428571437,0,0.0,None,1,0.0
U_03378,Pro,South,-16,71,0,0,0.0,46.97,1.2833333333333332,0.0,2.0,1.0276789547548596e-16,1,46.97,Grocery,1,571.4683333333332
U_03379,Enterprise,West,488,20,0,1,0.0,721.3199999999999,3.9645454545454544,0.0,7.818181818181818,-0.22619047619047597,5,144.26399999999998,Books,1,539.5118852459016
U_03380,Free,West,-12,2,2,4,0.0,0.0,8.729999999999999,8.18,20.862068965517242,-0.03571428571428567,0,0.0,None,0,0.0
U_03381,Pro,North,360,51,0,0,0.0,56.77,3.8560000000000003,0.0,8.2,-0.057142857142857086,1,56.77,Home,1,57.55847222222222
U_03382,Pro,North,-129,3,2,9,34.04,217.64000000000001,10.719999999999999,11.094000000000001,24.076923076923077,0.04285714285714285,5,43.528000000000006,Books,0,2647.9533333333334
U_03383,Free,West,841,80,0,0,0.0,13.04,2.973333333333333,0.0,5.888888888888889,0.07142857142857148,1,13.04,Grocery,1,5.659453032104637
U_03384,Free,North,-150,47,0,0,0.0,0.0,0.8825000000000001,0.0,1.5,-2.0083673326242142e-16,0,0.0,None,1,0.0
U_03385,Pro,North,413,1,3,4,12.07,210.28,11.179032258064517,7.8933333333333335,25.161290322580644,-0.03571428571428567,5,42.056,Home,0,185.84067796610168
U_03386,Free,North,419,25,0,1,0.0,20.61,7.981764705882353,0.0,18.647058823529413,-0.027472527472527417,2,10.305,Beauty,0,17.95381861575179
U_03387,Free,South,759,1,1,6,0.0,0.0,9.012727272727274,10.115,18.681818181818183,-0.026470588235294065,0,0.0,None,0,0.0
U_03388,Free,North,592,8,0,5,0.0,65.61,5.998125,2.255,11.6875,-0.027972027972027993,1,65.61,Books,0,40.45211148648649
U_03389,Enterprise,North,70,2,2,7,65.0,830.62,7.473846153846154,6.416666666666667,16.423076923076923,-0.02058823529411766,10,83.062,Beauty,0,4331.09
U_03390,Free,West,129,47,0,0,0.0,12.16,7.327142857142856,0.0,16.142857142857142,-0.028571428571428543,1,12.16,Books,0,34.4062015503876
U_03391,Free,East,691,2,1,4,0.0,0.0,2.936666666666667,7.39,6.166666666666667,-0.14285714285714274,0,0.0,None,0,0.0
U_03392,Free,East,485,2,3,9,0.0,38.94,10.784999999999998,9.973333333333334,24.346153846153847,0.03676470588235297,1,38.94,Grocery,0,29.305360824742266
U_03393,Free,West,703,92,0,0,0.0,151.78,5.226,0.0,10.0,0.09999999999999981,1,151.78,Beauty,1,78.80469416785206
U_03394,Pro,West,641,0,1,3,90.47,289.32,5.262666666666666,2.99,11.733333333333333,-0.06643356643356636,5,57.864,Books,0,164.74539781591264
U_03395,Pro,West,618,26,0,1,0.0,138.24,6.3175,0.0,13.375,6.729156486047637e-17,3,46.080000000000005,Fashion,1,81.64660194174758
U_03396,Pro,East,500,89,0,0,0.0,47.44,4.3325,0.0,10.25,0.5000000000000002,2,23.72,Grocery,1,34.6312
U_03397,Free,West,-188,48,0,0,0.0,39.28,5.202222222222223,0.0,10.222222222222221,-0.05952380952380944,1,39.28,Books,1,477.9066666666667
U_03398,Pro,North,-211,2,1,1,0.0,239.02,7.771578947368423,3.91,17.526315789473685,-0.1272727272727273,3,79.67333333333333,Grocery,0,2908.076666666667
U_03399,Free,East,9,7,0,6,0.0,37.06,11.660869565217393,13.88,25.26086956521739,0.022058823529411815,2,18.53,Home,0,450.8966666666667
U_03400,Free,West,341,16,0,2,27.44,132.17000000000002,6.053333333333334,0.0,13.666666666666666,-0.02380952380952374,4,33.042500000000004,Beauty,0,141.47228739002935
U_03401,Pro,South,322,2,2,5,0.0,128.44,7.457931034482758,2.5566666666666666,16.0,0.003571428571428604,1,128.44,Electronics,0,145.5919254658385
U_03402,Enterprise,West,22,7,0,3,54.42,1647.71,8.3695,5.78,18.15,-0.032142857142857084,18,91.53944444444444,Grocery,0,7040.131324358977
U_03403,Pro,East,-116,2,3,8,129.65,323.32,8.18086956521739,5.6625,18.434782608695652,0.041666666666666706,6,53.88666666666666,Electronics,0,3933.7266666666665
U_03404,Free,North,51,55,0,0,0.0,90.28,2.062,0.0,4.4,-0.3000000000000005,2,45.14,Fashion,1,646.121568627451
U_03405,Free,South,174,20,0,2,0.0,0.0,1.2799999999999998,0.0,3.3333333333333335,7.951207131982424e-18,0,0.0,None,0,0.0
U_03406,Pro,West,640,5,1,3,51.69,458.98,9.986129032258066,7.263333333333333,22.806451612903224,-0.022058823529411742,6,76.49666666666667,Sports,0,261.76203125
U_03407,Free,East,186,6,1,4,0.0,23.39,2.919166666666667,5.8,6.75,0.012121212121212154,1,23.39,Grocery,0,45.899731182795705
U_03408,Pro,West,-49,97,0,0,0.0,133.39,7.45,0.0,16.875,-4.560996529153787e-17,1,133.39,Home,0,1622.9116666666664
U_03409,Pro,West,14,122,0,0,0.0,0.0,1.23,0.0,2.0,0.0,0,0.0,None,1,0.0
U_03410,Pro,North,754,56,0,0,50.51,243.11,8.37875,0.0,18.8125,-0.0833333333333332,5,48.622,Beauty,1,117.685875331565
U_03411,Pro,East,88,8,0,2,29.09,29.09,8.552941176470586,12.76,19.235294117647058,-0.0725274725274726,1,29.09,Beauty,0,120.65738636363636
U_03412,Pro,North,480,6,1,5,90.08,134.62,4.352307692307692,1.51,8.615384615384615,0.09090909090909093,2,67.31,Home,0,102.36729166666667
U_03413,Free,East,680,81,0,0,0.0,57.75,0.3,0.0,1.0,-7.850462293418875e-17,1,57.75,Fashion,1,30.998161764705884
U_03414,Free,West,-177,9,0,1,0.0,0.0,3.5800000000000005,0.3,7.5,7.951207131982424e-18,0,0.0,None,1,0.0
U_03415,Pro,West,135,98,0,0,0.0,56.82,2.8542857142857145,0.0,7.0,0.14285714285714274,1,56.82,Fashion,0,153.62444444444444
U_03416,Free,South,58,0,3,8,0.0,14.99,8.214545454545457,8.532499999999999,18.606060606060606,0.03818369453044377,1,14.99,Fashion,0,94.33362068965518
U_03417,Enterprise,East,709,12,0,1,43.04,367.68,4.465333333333333,7.7,9.2,0.024475524475524493,5,73.536,Beauty,0,189.2851904090268
U_03418,Free,North,-31,54,0,0,17.45,17.45,2.80625,0.0,5.875,-0.035714285714285636,1,17.45,Grocery,1,212.30833333333334
U_03419,Pro,North,-146,1,1,4,0.0,189.8,7.821363636363636,11.385,16.40909090909091,-0.020588235294117633,2,94.9,Electronics,0,2309.2333333333336
U_03420,Free,East,-112,0,2,5,11.63,95.50999999999999,10.004347826086956,11.79,21.82608695652174,-0.10329670329670336,3,31.836666666666662,Grocery,0,1162.0383333333332
U_03421,Free,East,58,16,0,7,0.0,0.0,7.080000000000001,0.0,16.375,0.13736263736263735,0,0.0,None,1,0.0
U_03422,Pro,West,-35,34,0,0,0.0,70.88,3.493571428571428,0.0,7.785714285714286,-0.06060606060606056,2,35.44,Grocery,0,862.3733333333333
U_03423,Free,South,-3,72,0,0,0.0,0.0,3.4950000000000006,0.0,8.0,-0.20000000000000015,0,0.0,None,1,0.0
U_03424,Pro,South,223,79,0,0,0.0,81.13,5.359,0.0,12.4,0.047619047619047665,2,40.565,Home,1,132.79125560538117
U_03425,Free,East,388,34,0,0,0.0,50.49,7.71125,0.0,16.8125,0.034965034965035044,2,25.245,Books,0,47.49703608247423
U_03426,Free,West,-27,13,0,4,0.0,56.34,4.904285714285714,9.06,11.857142857142858,0.005494505494505543,1,56.34,Toys,0,685.47
U_03427,Free,South,16,0,1,8,0.0,45.37,10.6904,12.266666666666666,24.52,-0.003571428571428575,2,22.685,Books,0,552.0016666666667
U_03428,Enterprise,South,-76,17,0,3,0.0,47.730000000000004,9.450476190476191,0.0,17.761904761904763,0.010989010989011035,2,23.865000000000002,Grocery,0,580.715
U_03429,Free,South,534,4,3,7,0.0,96.6,9.823448275862068,9.9,22.551724137931036,0.009287925696594432,4,24.15,Fashion,0,66.02808988764045
U_03430,Free,South,-172,13,0,4,0.0,0.0,4.235,11.55,9.071428571428571,0.045454545454545484,0,0.0,None,0,0.0
U_03431,Free,North,286,0,2,6,0.0,0.0,8.414375,11.9075,19.625,0.08391608391608397,0,0.0,None,0,0.0
U_03432,Free,South,-156,28,0,1,0.0,81.76,6.103888888888889,0.0,13.38888888888889,-0.11188811188811192,3,27.253333333333334,Grocery,1,994.7466666666667
U_03433,Pro,North,729,15,0,1,0.0,103.06,9.488181818181818,0.0,21.818181818181817,-0.035164835164835206,3,34.35333333333333,Home,0,51.60068587105624
U_03434,Free,East,-180,2,1,2,0.0,141.7,4.1242857142857146,8.78,10.285714285714286,0.02857142857142864,3,47.23333333333333,Beauty,0,1724.0166666666664
U_03435,Free,West,13,2,1,9,0.0,64.03,8.5825,6.12,18.5,-0.029411764705882273,1,64.03,Grocery,0,779.0316666666666
U_03436,Pro,East,584,21,0,1,125.63000000000001,361.77000000000004,5.080909090909091,0.0,10.363636363636363,0.08333333333333334,6,60.29500000000001,Sports,0,226.10625000000002
U_03437,Free,West,-41,62,0,0,0.0,22.71,2.8699999999999997,0.0,5.5,-0.10000000000000012,1,22.71,Electronics,1,276.305
U_03438,Pro,North,605,8,0,3,35.89,255.49,5.0452941176470585,5.8149999999999995,10.470588235294118,0.052447552447552434,4,63.8725,Home,0,154.13859504132233
U_03439,Pro,East,641,6,1,6,0.0,56.62,6.634399999999999,7.155,15.0,0.014285714285714358,1,56.62,Grocery,0,32.24071762870515
U_03440,Free,East,364,27,0,1,0.0,0.0,2.8800000000000003,0.0,6.166666666666667,-0.20000000000000015,0,0.0,None,0,0.0
U_03441,Free,North,600,48,0,0,0.0,27.17,1.863333333333334,0.0,3.6666666666666665,-0.10000000000000012,1,27.17,Beauty,1,16.52841666666667
U_03442,Free,North,327,9,0,6,0.0,0.0,9.601034482758623,9.585,22.82758620689655,8.153595988918255e-17,0,0.0,None,0,0.0
U_03443,Free,West,-116,52,0,0,0.0,0.0,6.137777777777778,0.0,14.444444444444445,-0.08571428571428565,0,0.0,None,1,0.0
U_03444,Pro,North,122,36,0,0,0.0,193.52,5.517777777777777,0.0,11.333333333333334,0.03571428571428578,3,64.50666666666667,Toys,1,578.9737704918033
U_03445,Free,West,95,77,0,0,0.0,18.78,4.359999999999999,0.0,8.0,-4.8374234447508063e-17,1,18.78,Electronics,1,72.15473684210527
U_03446,Pro,East,435,12,0,2,0.0,147.19,2.7916666666666665,2.16,6.416666666666667,-0.009090909090909087,4,36.7975,Toys,0,123.50425287356323
U_03447,Free,South,17,11,0,1,0.0,53.510000000000005,7.129333333333333,2.89,15.733333333333333,0.04242424242424247,2,26.755000000000003,Electronics,1,651.0383333333334
U_03448,Pro,South,6,8,0,7,0.0,107.32,5.691666666666666,4.695,12.38888888888889,0.08391608391608395,1,107.32,Sports,0,1305.7266666666667
U_03449,Free,East,125,0,2,6,27.09,54.16,7.363461538461539,6.596666666666667,17.153846153846153,-0.04395604395604406,2,27.08,Fashion,0,158.1472
U_03450,Pro,East,-151,2,1,2,26.46,134.68,3.508571428571429,6.88,8.142857142857142,0.02857142857142864,3,44.89333333333334,Beauty,0,1638.6066666666668
U_03451,Pro,North,-28,13,0,4,109.29,191.65,5.6425,6.91,12.392857142857142,0.035714285714285726,3,63.88333333333333,Beauty,1,2331.741666666667
U_03452,Free,West,419,2,2,5,39.23,148.13,9.949285714285713,9.83,21.892857142857142,-0.01225490196078433,5,29.625999999999998,Sports,0,129.03926014319808
U_03453,Free,North,760,1,2,5,0.0,26.42,4.77952380952381,5.015000000000001,10.476190476190476,0.017857142857142853,2,13.21,Electronics,0,12.688552631578947
U_03454,Free,North,157,3,1,1,0.0,0.0,4.6883333333333335,2.03,10.083333333333334,0.07142857142857142,0,0.0,None,0,0.0
U_03455,Free,East,-39,59,0,0,0.0,0.0,1.5271428571428571,0.0,2.7142857142857144,-6.783020765448988e-17,0,0.0,None,1,0.0
U_03456,Free,West,490,13,0,2,0.0,0.0,3.1766666666666663,2.18,6.0,7.549455712798224e-17,0,0.0,None,0,0.0
U_03457,Pro,North,218,44,0,0,0.0,106.92999999999999,3.7842857142857143,0.0,9.285714285714286,0.09999999999999995,3,35.64333333333333,Beauty,0,179.0341743119266
U_03458,Free,North,-39,33,0,0,0.0,0.0,5.693636363636364,0.0,12.181818181818182,0.05454545454545453,0,0.0,None,1,0.0
U_03459,Enterprise,West,7,10,0,1,0.0,0.0,4.445454545454546,2.14,9.090909090909092,-0.08333333333333326,0,0.0,None,0,0.0
U_03460,Pro,West,848,23,0,1,0.0,0.0,1.645,0.0,3.25,-2.0083673326242142e-16,0,0.0,None,1,0.0
U_03461,Pro,South,331,79,0,0,0.0,0.0,6.3014285714285725,0.0,13.714285714285714,-0.08571428571428566,0,0.0,None,1,0.0
U_03462,Free,South,835,90,0,0,0.0,0.0,5.477499999999999,0.0,9.75,-0.5,0,0.0,None,0,0.0
U_03463,Pro,East,735,16,0,1,0.0,299.90999999999997,2.6563636363636367,0.0,6.0,0.05952380952380959,5,59.98199999999999,Sports,1,148.93489795918364
U_03464,Free,North,-14,0,1,2,0.0,74.45,7.446666666666666,7.4,17.047619047619047,-0.004411764705882325,1,74.45,Fashion,0,905.8083333333334
U_03465,Free,South,406,2,1,2,0.0,0.0,6.2105,5.335,13.9,0.021978021978022063,0,0.0,None,0,0.0
U_03466,Free,North,208,87,0,0,0.0,0.0,5.640714285714287,0.0,12.071428571428571,0.11904761904761903,0,0.0,None,1,0.0
U_03467,Free,West,365,93,0,0,0.0,0.0,6.98375,0.0,17.75,0.22857142857142848,0,0.0,None,0,0.0
U_03468,Pro,North,495,29,0,1,0.0,148.01999999999998,8.088888888888889,0.0,17.27777777777778,-0.02797202797202794,3,49.339999999999996,Toys,0,109.14606060606059
U_03469,Pro,East,625,24,0,1,44.61,264.86,4.09,0.0,7.875,4.467601671878703e-17,4,66.215,Books,1,154.67824000000002
U_03470,Free,South,475,32,0,0,0.0,10.92,2.426,0.0,5.6,-1.0507920739455759e-16,1,10.92,Beauty,0,8.39115789473684
U_03471,Pro,West,-48,53,0,0,0.0,263.92,10.01258064516129,0.0,22.032258064516128,0.07692307692307698,3,87.97333333333334,Fashion,1,3211.026666666667
U_03472,Pro,West,192,18,0,1,0.0,38.93,1.4816666666666665,0.0,3.1666666666666665,7.951207131982424e-18,1,38.93,Grocery,1,74.00755208333334
U_03473,Free,North,541,41,0,0,0.0,58.34,8.951333333333332,0.0,18.733333333333334,-0.018181818181818226,2,29.17,Beauty,0,39.36062846580407
U_03474,Enterprise,North,759,42,0,0,0.0,143.60999999999999,2.6592307692307693,0.0,5.923076923076923,-0.042424242424242434,3,47.87,Beauty,1,69.06146245059288
U_03475,Pro,South,564,24,0,1,0.0,162.01000000000002,4.739333333333334,0.0,11.666666666666666,0.038461538461538464,2,81.00500000000001,Fashion,1,104.84689716312059
U_03476,Pro,West,105,2,1,6,160.29,182.0,9.691724137931036,8.51,21.689655172413794,-0.03970588235294115,3,60.666666666666664,Sports,0,632.6666666666667
U_03477,Enterprise,South,381,86,0,0,0.0,364.28,2.9833333333333334,0.0,6.222222222222222,0.08571428571428573,3,121.42666666666666,Grocery,1,348.9821522309711
U_03478,Enterprise,West,148,9,0,6,121.0,782.28,9.310370370370372,7.1,21.185185185185187,0.036764705882352935,7,111.75428571428571,Electronics,0,1929.2716216216218
U_03479,Free,East,-8,18,0,3,0.0,53.06,6.0806249999999995,0.0,13.375,0.054545454545454564,2,26.53,Beauty,1,645.5633333333334
U_03480,Free,South,724,9,0,2,0.0,10.24,7.174761904761906,1.68,15.285714285714286,0.01071428571428574,1,10.24,Electronics,1,5.162430939226519
U_03481,Pro,West,124,8,0,9,118.47,458.08,10.504999999999999,10.75,21.285714285714285,0.02105263157894729,6,76.34666666666666,Sports,0,1348.3806451612902
U_03482,Free,West,808,5,1,5,18.01,95.64,6.101176470588236,4.8566666666666665,14.058823529411764,-0.009090909090909009,3,31.88,Books,0,43.203712871287124
U_03483,Free,West,-25,27,0,2,0.0,0.0,7.798235294117647,0.0,16.41176470588235,0.016483516483516515,0,0.0,None,1,0.0
U_03484,Enterprise,West,656,0,2,5,62.12,679.3100000000001,10.620967741935484,12.82,23.322580645161292,-0.04558823529411763,6,113.21833333333335,Sports,0,377.96974085365855
U_03485,Pro,East,563,23,0,1,0.0,0.0,3.0400000000000005,0.0,6.333333333333333,1.0276789547548596e-16,0,0.0,None,1,0.0
U_03486,Pro,East,-168,113,0,0,0.0,0.0,1.9849999999999999,0.0,3.5,-7.850462293418875e-17,0,0.0,None,1,0.0
U_03487,Pro,West,466,2,1,7,37.34,427.47,9.293666666666667,4.68,21.533333333333335,0.0392857142857143,5,85.494,Toys,0,334.82092274678115
U_03488,Free,South,614,12,0,3,0.0,62.2,3.8815384615384616,4.63,7.615384615384615,0.0060606060606060806,2,31.1,Toys,1,36.97557003257329
U_03489,Pro,East,-96,28,0,1,0.0,0.0,5.254444444444444,0.0,12.222222222222221,6.633138920230202e-17,0,0.0,None,1,0.0
U_03490,Pro,North,202,6,1,4,0.0,55.85,4.858461538461539,8.95,9.076923076923077,-0.017482517482517456,1,55.85,Toys,0,100.9170792079208
U_03491,Free,South,-100,52,0,0,0.0,0.0,1.68625,0.0,3.375,0.03571428571428577,0,0.0,None,1,0.0
U_03492,Enterprise,West,432,7,0,5,445.25,943.48,8.8028,8.375,19.0,0.007352941176470625,8,117.935,Toys,0,797.1532407407408
U_03493,Free,West,320,28,0,1,0.0,0.0,1.42,0.0,3.125,0.07142857142857151,0,0.0,None,1,0.0
U_03494,Pro,East,-166,95,0,0,0.0,0.0,4.01,0.0,8.75,-2.0083673326242142e-16,0,0.0,None,1,0.0
U_03495,Pro,North,312,9,0,3,0.0,41.79,4.487,8.27,9.2,0.05000000000000002,1,41.79,Toys,0,48.88894230769231
U_03496,Free,South,-201,71,0,0,0.0,135.23000000000002,5.978333333333333,0.0,13.666666666666666,-0.4000000000000003,4,33.807500000000005,Books,1,1645.2983333333334
U_03497,Enterprise,West,651,5,1,4,292.12,965.4300000000001,8.997307692307693,8.465,19.73076923076923,0.01470588235294119,8,120.67875000000001,Grocery,0,541.2933179723503
U_03498,Free,West,-33,0,2,7,0.0,13.55,8.112058823529411,7.256666666666667,18.029411764705884,0.03157894736842106,1,13.55,Sports,0,164.85833333333335
U_03499,Pro,North,680,51,0,0,0.0,296.88,4.292,0.0,9.6,-0.1000000000000001,4,74.22,Sports,1,159.35470588235296
U_03500,Free,East,291,6,1,4,0.0,53.82,10.26032258064516,10.040000000000001,22.838709677419356,-0.019117647058823496,1,53.82,Fashion,0,67.50618556701032
U_03501,Pro,West,852,2,2,7,184.14,244.98999999999998,8.156923076923077,6.225,17.615384615384617,0.058823529411764754,4,61.247499999999995,Books,0,104.95463615023473
U_03502,Free,South,666,999,0,0,0.0,0.0,0.0,0.0,0.0,0.0,0,0.0,None,1,0.0
U_03503,Free,West,-155,75,0,0,0.0,0.0,8.356666666666667,0.0,18.666666666666668,1.0276789547548596e-16,0,0.0,None,1,0.0
U_03504,Free,West,368,5,2,6,48.44,48.44,9.006315789473684,8.56,17.736842105263158,0.015384615384615344,2,24.22,Electronics,0,48.045108695652175
U_03505,Free,South,-10,92,0,0,0.0,0.0,3.622,0.0,9.2,-0.1000000000000001,0,0.0,None,1,0.0
U_03506,Free,South,585,77,0,0,0.0,0.0,6.985833333333332,0.0,16.083333333333332,0.2857142857142857,0,0.0,None,1,0.0
U_03507,Free,West,477,85,0,0,0.0,0.0,1.3599999999999999,0.0,2.5,-7.850462293418875e-17,0,0.0,None,1,0.0
U_03508,Pro,South,745,9,0,2,0.0,26.45,2.3899999999999997,5.28,4.5,6.729156486047637e-17,1,26.45,Home,0,12.958724832214765
U_03509,Free,East,263,3,1,1,0.0,0.0,3.6363636363636362,1.13,7.818181818181818,0.018181818181818212,0,0.0,None,1,0.0
U_03510,Enterprise,South,-67,4,1,1,0.0,171.17,4.405714285714287,1.07,8.857142857142858,-0.08571428571428566,3,57.056666666666665,Beauty,1,2082.568333333333
U_03511,Free,East,305,10,0,2,0.0,56.06,4.232,1.44,8.8,-3.497877510860404e-17,2,28.03,Electronics,0,67.08819672131148
U_03512,Free,West,451,42,0,0,0.0,0.0,2.1599999999999997,0.0,4.615384615384615,-0.10303030303030299,0,0.0,None,1,0.0
U_03513,Free,West,-137,9,0,4,57.72,170.29,5.2385714285714275,1.285,11.285714285714286,0.06993006993006995,5,34.058,Toys,1,2071.8616666666667
U_03514,Free,South,-100,44,0,0,0.0,0.0,2.288571428571429,0.0,5.0,0.08571428571428573,0,0.0,None,1,0.0
U_03515,Pro,East,142,102,0,0,0.0,0.0,1.74,0.0,3.25,-2.0083673326242142e-16,0,0.0,None,1,0.0
U_03516,Pro,North,772,6,1,3,95.75999999999999,380.08,7.798148148148148,6.455,14.962962962962964,0.03921568627450985,8,47.51,Electronics,0,179.70103626943003
U_03517,Free,East,187,11,0,2,30.15,60.07,5.784782608695651,4.2,12.173913043478262,0.03571428571428575,2,30.035,Sports,0,117.24893048128342
U_03518,Pro,South,379,101,0,0,0.0,252.73000000000002,7.219166666666667,0.0,14.583333333333334,0.03571428571428576,3,84.24333333333334,Home,1,243.39432717678102
U_03519,Free,South,-169,3,1,4,73.41,127.09,9.988888888888889,14.83,22.037037037037038,0.030882352941176496,3,42.36333333333334,Fashion,0,1546.2616666666668
U_03520,Free,West,467,7,0,5,0.0,28.72,8.360555555555557,9.665,16.555555555555557,-0.013186813186813211,2,14.36,Books,0,22.447109207708777
U_03521,Free,East,148,15,0,2,0.0,0.0,4.26375,0.0,10.0,-4.560996529153787e-17,0,0.0,None,1,0.0
U_03522,Free,West,179,78,0,0,0.0,0.0,4.7275,0.0,10.75,1.9999999999999996,0,0.0,None,1,0.0
U_03523,Free,East,452,4,1,2,74.07,87.07,9.480434782608697,11.43,21.130434782608695,-0.07142857142857141,3,29.02333333333333,Books,0,70.31095132743363
U_03524,Enterprise,South,296,26,0,2,79.29,167.27,4.204166666666667,0.0,9.333333333333334,0.024242424242424246,2,83.635,Home,1,206.26199324324327
U_03525,Pro,West,131,3,3,6,97.49,500.32000000000005,10.169642857142856,8.68,22.571428571428573,-0.03921568627450976,7,71.47428571428573,Home,0,1394.0213740458016
U_03526,Free,South,-115,8,0,4,11.59,92.93,11.701612903225806,9.875,26.06451612903226,-0.01911764705882349,4,23.2325,Books,0,1130.6483333333335
U_03527,Free,South,322,0,1,3,0.0,28.44,5.330500000000001,4.135,12.0,-0.023529411764705833,1,28.44,Grocery,0,32.237888198757766
U_03528,Pro,North,465,41,0,0,0.0,46.48,4.3933333333333335,0.0,9.333333333333334,0.0999999999999999,1,46.48,Books,0,36.48430107526882
U_03529,Free,West,-188,0,2,12,0.0,0.0,10.4244,10.716,22.72,0.12500000000000003,0,0.0,None,0,0.0
U_03530,Pro,South,792,3,2,7,0.0,201.59,9.854545454545454,13.003333333333336,21.696969696969695,0.001298701298701322,2,100.795,Beauty,0,92.90448232323233
U_03531,Enterprise,South,-37,66,0,0,0.0,384.7,4.761818181818182,0.0,10.090909090909092,5.182935284148092e-17,3,128.23333333333332,Home,1,4680.516666666666
U_03532,Free,North,124,6,1,5,0.0,0.0,7.347619047619048,10.975000000000001,15.952380952380953,-0.001470588235294088,0,0.0,None,0,0.0
U_03533,Pro,South,258,2,1,4,0.0,44.67,5.648125,7.163333333333334,11.4375,0.02197802197802203,2,22.335,Beauty,0,63.19593023255814
U_03534,Pro,East,375,87,0,0,0.0,0.0,4.7250000000000005,0.0,12.5,-7.850462293418875e-17,0,0.0,None,1,0.0
U_03535,Enterprise,West,52,3,1,1,0.0,449.66,2.868888888888889,2.0,6.333333333333333,-0.0714285714285715,3,149.88666666666668,Toys,1,3156.267307692308
U_03536,Pro,North,-97,4,1,2,76.6,136.81,5.3870588235294115,4.595,11.352941176470589,0.07272727272727274,3,45.60333333333333,Fashion,0,1664.5216666666668
U_03537,Pro,East,76,91,0,0,0.0,0.0,1.65,0.0,2.0,0.0,0,0.0,None,0,0.0
U_03538,Free,East,53,9,0,4,41.68,135.74,9.877500000000001,10.1,20.25,0.007352941176470606,5,27.148000000000003,Grocery,0,934.8132075471699
U_03539,Free,South,815,12,0,3,0.0,0.0,5.400384615384615,5.74,12.076923076923077,-0.052941176470588214,0,0.0,None,0,0.0
U_03540,Enterprise,East,506,65,0,0,0.0,107.76,3.92,0.0,7.0,0.0,2,53.88,Grocery,1,77.73201581027668
U_03541,Pro,South,706,69,0,0,0.0,0.0,1.8400000000000003,0.0,4.0,4.8870404991229254e-17,0,0.0,None,1,0.0
U_03542,Free,South,-163,83,0,0,0.0,33.96,9.441764705882353,0.0,20.0,-0.07878787878787877,1,33.96,Beauty,0,413.18000000000006
U_03543,Pro,South,-98,26,0,2,0.0,284.75,4.4318181818181825,0.0,8.818181818181818,0.0060606060606061005,3,94.91666666666667,Books,0,3464.4583333333335
U_03544,Free,West,698,47,0,0,0.0,33.04,6.676000000000001,0.0,14.133333333333333,0.036363636363636376,1,33.04,Beauty,1,17.277363896848136
U_03545,Free,South,226,60,0,0,0.0,13.31,8.604375000000001,0.0,18.625,0.009090909090909101,1,13.31,Beauty,0,21.4962389380531
U_03546,Free,South,238,4,1,2,0.0,0.0,2.2572727272727273,0.98,4.818181818181818,-0.016666666666666562,0,0.0,None,0,0.0
U_03547,Enterprise,North,803,68,0,0,0.0,840.5500000000001,3.5637499999999998,0.0,7.625,-0.057142857142857134,5,168.11,Grocery,1,382.0681818181818
U_03548,Enterprise,East,434,93,0,0,0.0,211.81,9.987,0.0,19.8,-3.497877510860404e-17,3,70.60333333333334,Home,1,178.1351382488479
U_03549,Free,North,56,6,1,3,0.0,0.0,7.250000000000001,7.66,15.615384615384615,6.68616151811108e-17,0,0.0,None,0,0.0
U_03550,Pro,East,169,13,0,4,233.1,255.25,4.406999999999999,0.3,9.2,0.07142857142857154,2,127.625,Books,0,551.2795857988166
U_03551,Pro,North,553,11,0,5,27.75,160.41,7.233750000000001,9.21,15.583333333333334,-0.00439560439560442,2,80.205,Home,0,105.8764014466546
U_03552,Free,South,40,1,1,3,0.0,0.0,3.08,4.345,6.5,6.891831019251096e-19,0,0.0,None,0,0.0
U_03553,Free,East,542,0,3,9,24.58,77.64,10.406571428571429,9.3,22.485714285714284,0.017543859649122848,2,38.82,Beauty,0,52.285239852398526
U_03554,Pro,South,272,17,0,1,78.69,173.23000000000002,9.953846153846154,0.0,20.653846153846153,-0.017647058823529377,4,43.307500000000005,Beauty,0,232.45937500000002
U_03555,Free,South,404,57,0,0,0.0,0.0,6.28,0.0,13.125,-0.17142857142857132,0,0.0,None,1,0.0
U_03556,Pro,West,-190,57,0,0,0.0,36.2,3.4438461538461533,0.0,7.615384615384615,-0.10714285714285696,1,36.2,Home,1,440.4333333333334
U_03557,Free,East,161,4,1,4,0.0,0.0,8.511851851851853,7.5600000000000005,18.814814814814813,-0.05469556243550046,0,0.0,None,0,0.0
U_03558,Free,East,-6,116,0,0,0.0,0.0,4.970000000000001,0.0,12.5,-7.850462293418875e-17,0,0.0,None,1,0.0
U_03559,Free,East,131,13,0,3,0.0,51.05,5.6691666666666665,6.86,11.5,0.048484848484848506,3,17.016666666666666,Home,0,142.2385496183206
U_03560,Free,West,447,15,0,1,0.0,0.0,6.240000000000001,0.0,13.142857142857142,-0.07272727272727267,0,0.0,None,0,0.0
U_03561,Pro,East,-174,0,1,2,33.39,33.39,3.6362500000000004,4.025,9.125,-0.035714285714285636,1,33.39,Sports,0,406.245
U_03562,Free,North,96,29,0,1,0.0,0.0,4.0254545454545445,0.0,8.636363636363637,-0.049999999999999926,0,0.0,None,0,0.0
U_03563,Free,East,116,14,0,1,0.0,41.57,8.950000000000001,0.0,18.45,0.006993006993007011,1,41.57,Grocery,1,130.8021551724138
U_03564,Free,North,557,9,0,3,0.0,39.07,8.452272727272726,7.4,16.954545454545453,0.008255933952528393,1,39.07,Books,0,25.6024236983842
U_03565,Pro,West,680,12,0,2,0.0,415.37,9.988484848484848,11.379999999999999,20.727272727272727,0.006593406593406467,6,69.22833333333334,Books,0,222.95595588235292
U_03566,Free,East,239,66,0,0,0.0,0.0,6.042727272727273,0.0,13.545454545454545,-0.21428571428571438,0,0.0,None,0,0.0
U_03567,Pro,West,-28,82,0,0,0.0,93.11,5.4525,0.0,12.125,-0.11428571428571434,1,93.11,Fashion,0,1132.8383333333334
U_03568,Free,South,6,3,1,5,65.91,121.78,7.129473684210526,7.783333333333334,17.05263157894737,-0.04545454545454536,2,60.89,Beauty,0,1481.6566666666665
U_03569,Pro,East,482,9,0,2,0.0,0.0,2.248181818181818,0.3,4.090909090909091,-0.059523809523809444,0,0.0,None,0,0.0
U_03570,Free,North,703,36,0,0,0.0,0.0,4.268888888888889,0.0,8.777777777777779,-0.0714285714285715,0,0.0,None,1,0.0
U_03571,Pro,North,302,0,2,8,18.78,302.84000000000003,8.944137931034485,11.273333333333333,19.310344827586206,0.019607843137254943,3,100.94666666666667,Fashion,0,366.01523178807946
U_03572,Pro,West,-83,4,1,7,50.58,334.03999999999996,7.765000000000001,8.12,17.363636363636363,7.55304915539083e-17,5,66.80799999999999,Grocery,0,4064.153333333333
U_03573,Free,East,680,0,3,8,54.56,88.01,10.858666666666666,10.594,21.966666666666665,0.03529411764705883,2,44.005,Toys,0,47.24066176470589
U_03574,Pro,North,65,49,0,0,0.0,21.94,0.64,0.0,1.6666666666666667,1.0276789547548596e-16,1,21.94,Grocery,1,123.20153846153848
U_03575,Free,East,671,32,0,0,0.0,67.89,4.441,0.0,10.6,-0.09523809523809514,1,67.89,Grocery,1,36.929731743666174
U_03576,Free,South,520,115,0,0,0.0,0.0,0.88,0.0,2.0,-7.850462293418875e-17,0,0.0,None,1,0.0
U_03577,Pro,West,795,5,1,3,0.0,253.24,5.0053846153846155,2.5,11.0,-0.003496503496503487,2,126.62,Toys,0,116.2674213836478
U_03578,Pro,North,535,7,0,2,0.0,76.89,3.6073333333333335,2.72,7.733333333333333,-0.016483516483516435,1,76.89,Home,1,52.45766355140187
U_03579,Free,West,444,11,0,2,0.0,0.0,4.138888888888889,3.8,9.222222222222221,-0.035714285714285615,0,0.0,None,0,0.0
U_03580,Free,West,-178,1,2,4,0.0,0.0,7.00578947368421,7.845,15.105263157894736,0.03146853146853149,0,0.0,None,0,0.0
U_03581,Free,South,-173,8,0,3,0.0,55.120000000000005,7.719545454545454,11.38,16.40909090909091,-0.017156862745097992,2,27.560000000000002,Beauty,0,670.6266666666668
U_03582,Pro,East,653,65,0,0,0.0,0.0,1.5733333333333333,0.0,4.166666666666667,0.0999999999999999,0,0.0,None,1,0.0
U_03583,Free,North,523,1,2,4,0.0,63.24,5.005384615384615,5.166666666666667,10.461538461538462,0.05000000000000008,2,31.62,Beauty,0,44.134990439770554
U_03584,Pro,South,-154,2,1,8,0.0,100.62,5.970999999999999,5.396666666666667,13.2,0.006993006993007062,2,50.31,Grocery,0,1224.21
U_03585,Free,South,642,20,0,2,0.0,0.0,6.269444444444444,0.0,13.833333333333334,0.00439560439560436,0,0.0,None,1,0.0
U_03586,Free,East,510,51,0,0,0.0,0.0,4.5088888888888885,0.0,9.777777777777779,6.633138920230202e-17,0,0.0,None,1,0.0
U_03587,Free,West,385,1,3,6,0.0,68.86,9.5276,10.87,22.32,0.00714285714285718,2,34.43,Home,0,65.28285714285714
U_03588,Enterprise,East,737,86,0,0,0.0,389.33000000000004,7.17,0.0,15.666666666666666,0.39999999999999997,4,97.33250000000001,Grocery,1,192.816078697422
U_03589,Free,West,575,12,0,2,0.0,0.0,7.140769230769229,8.8,14.846153846153847,-0.06666666666666664,0,0.0,None,0,0.0
U_03590,Free,East,433,26,0,1,0.0,41.69,9.802999999999999,0.0,23.3,-0.004395604395604423,1,41.69,Toys,0,35.142840646651266
U_03591,Free,West,442,7,0,5,0.0,64.61,8.7188,7.627500000000001,17.48,0.051470588235294094,3,21.536666666666665,Beauty,0,53.35441176470588
U_03592,Enterprise,North,-175,4,2,6,74.82,676.62,8.432105263157894,8.213333333333333,19.157894736842106,-0.01048951048951045,8,84.5775,Home,0,7040.131324358977
U_03593,Free,North,568,1,2,10,0.0,34.15,8.3140625,9.432,18.40625,0.01857585139318888,1,34.15,Books,0,21.944982394366196
U_03594,Pro,North,635,27,0,1,0.0,98.27000000000001,1.7925,0.0,3.5,-2.0083673326242142e-16,2,49.135000000000005,Electronics,1,56.485905511811026
U_03595,Pro,North,-116,0,3,8,34.71,408.02,9.695142857142859,11.049999999999999,21.17142857142857,0.023308270676691688,6,68.00333333333333,Sports,0,4964.243333333333
U_03596,Pro,West,373,63,0,0,0.0,152.65,8.534583333333332,0.0,18.791666666666668,0.15757575757575756,5,30.53,Beauty,1,149.3760053619303
U_03597,Pro,East,-40,19,0,3,0.0,450.86,8.581666666666665,0.0,18.555555555555557,0.08484848484848473,4,112.715,Fashion,0,5485.463333333334
U_03598,Pro,North,173,141,0,0,0.0,57.02,2.78,0.0,5.0,0.0,1,57.02,Fashion,1,120.30231213872834
U_03599,Free,East,22,6,1,3,0.0,28.98,4.227142857142857,3.47,8.642857142857142,-0.04848484848484839,1,28.98,Toys,0,352.59
U_03600,Free,North,517,1,1,9,0.0,15.66,8.057586206896552,6.096666666666667,18.413793103448278,0.017543859649122837,1,15.66,Beauty,1,11.055899419729208
U_03601,Free,South,690,2,2,6,0.0,31.36,11.012857142857143,9.536666666666667,25.25,-0.005882352941176442,1,31.36,Beauty,0,16.588985507246377
U_03602,Pro,East,45,10,0,2,0.0,89.35999999999999,5.358181818181818,8.41,10.090909090909092,-0.03571428571428558,3,29.78666666666666,Toys,0,724.8088888888888
U_03603,Free,West,351,7,0,9,0.0,41.88,9.93969696969697,10.2575,21.12121212121212,0.01960784313725497,2,20.94,Books,0,43.55042735042735
U_03604,Free,East,257,12,0,3,0.0,47.44,6.009230769230769,8.79,13.153846153846153,-0.00909090909090901,1,47.44,Home,0,67.37587548638132
U_03605,Pro,East,138,37,0,0,0.0,0.0,5.743076923076923,0.0,13.461538461538462,-0.03333333333333314,0,0.0,None,1,0.0
U_03606,Pro,West,50,38,0,0,0.0,0.0,1.5025000000000002,0.0,3.25,-2.0083673326242142e-16,0,0.0,None,1,0.0
U_03607,Free,North,559,94,0,0,0.0,18.38,8.38846153846154,0.0,18.53846153846154,0.10714285714285722,1,18.38,Books,1,12.001252236135956
U_03608,Pro,West,466,11,0,5,0.0,442.43999999999994,5.662777777777778,7.01,11.555555555555555,0.004395604395604341,3,147.48,Books,1,346.54635193133043
U_03609,Free,East,-126,24,0,2,0.0,0.0,2.36375,0.0,5.875,6.729156486047637e-17,0,0.0,None,1,0.0
U_03610,Enterprise,East,288,42,0,0,20.46,813.01,6.5218181818181815,0.0,16.181818181818183,-0.1785714285714287,7,116.14428571428572,Sports,0,1030.3772569444445
U_03611,Pro,East,545,14,0,6,0.0,144.00000000000003,9.439743589743589,0.0,19.82051282051282,0.01754385964912283,3,48.00000000000001,Grocery,0,96.4403669724771
U_03612,Free,East,181,69,0,0,0.0,0.0,2.2824999999999998,0.0,3.25,-8.498442808297854e-17,0,0.0,None,0,0.0
U_03613,Free,East,576,90,0,0,0.0,0.0,7.027142857142857,0.0,15.857142857142858,-0.2000000000000001,0,0.0,None,1,0.0
U_03614,Pro,West,30,47,0,0,0.0,184.71,7.221818181818182,0.0,16.363636363636363,-0.06666666666666657,3,61.57,Beauty,1,2247.305
U_03615,Enterprise,East,808,3,2,9,0.0,585.55,11.694864864864863,12.21,25.18918918918919,0.05675954592363263,6,97.59166666666665,Beauty,0,264.5120668316831
U_03616,Free,North,-29,54,0,0,0.0,0.0,4.698333333333333,0.0,9.5,7.951207131982424e-18,0,0.0,None,1,0.0
U_03617,Pro,West,249,6,1,3,0.0,0.0,5.117142857142857,4.7299999999999995,11.428571428571429,0.005494505494505543,0,0.0,None,0,0.0
U_03618,Free,West,476,4,1,3,0.0,47.349999999999994,8.168571428571429,8.18,17.80952380952381,-0.0024509803921568345,2,23.674999999999997,Beauty,0,36.308298319327726
U_03619,Pro,West,-149,18,0,3,75.7,419.5,3.1888888888888887,0.0,7.666666666666667,0.25714285714285706,4,104.875,Electronics,0,5103.916666666666
U_03620,Pro,West,569,33,0,0,0.0,0.0,0.825,0.0,1.5,-2.0083673326242142e-16,0,0.0,None,1,0.0
U_03621,Pro,West,593,14,0,1,0.0,0.0,1.4075,0.0,3.0,-2.0083673326242142e-16,0,0.0,None,1,0.0
U_03622,Free,South,778,0,2,10,0.0,33.36,10.466296296296296,8.298333333333334,23.333333333333332,0.1573426573426574,2,16.68,Fashion,0,15.65089974293059
U_03623,Free,South,268,2,1,6,0.0,25.72,11.110333333333333,11.44,24.1,0.02982456140350876,1,25.72,Fashion,0,35.02910447761194
U_03624,Enterprise,West,49,7,0,4,80.37,708.26,3.52125,8.27,8.0,-0.07142857142857137,4,177.065,Beauty,0,5275.814285714286
U_03625,Pro,East,130,29,0,1,0.0,0.0,0.89,0.0,2.0,1.0276789547548596e-16,0,0.0,None,1,0.0
U_03626,Pro,West,413,33,0,0,0.0,0.0,1.7566666666666666,0.0,3.3333333333333335,1.0276789547548596e-16,0,0.0,None,1,0.0
U_03627,Free,South,-9,14,0,2,0.0,35.72,2.6030769230769226,0.0,5.615384615384615,-0.010489510489510481,1,35.72,Fashion,0,434.5933333333333
U_03628,Enterprise,West,734,30,0,0,0.0,0.0,2.408,0.0,5.2,0.03333333333333336,0,0.0,None,0,0.0
U_03629,Enterprise,East,525,14,0,2,163.34,724.3299999999999,10.098888888888887,0.0,20.74074074074074,-0.03970588235294112,8,90.54124999999999,Grocery,1,503.58180952380945
U_03630,Free,East,165,0,4,7,39.49,74.76,5.404,4.754,12.15,0.050000000000000044,2,37.38,Books,0,165.37818181818182
U_03631,Pro,South,-179,1,2,4,0.0,297.03999999999996,7.983333333333335,9.075,16.925925925925927,0.022058823529411777,5,59.407999999999994,Books,0,3613.986666666666
U_03632,Pro,West,177,5,1,7,0.0,153.01999999999998,8.568125,8.66,18.875,0.02406015037593983,3,51.00666666666666,Fashion,0,315.54971751412427
U_03633,Free,South,115,1,1,1,0.0,0.0,7.661818181818182,1.76,16.454545454545453,-0.059523809523809444,0,0.0,None,1,0.0
U_03634,Free,North,27,23,0,1,0.0,0.0,4.4871428571428575,0.0,9.142857142857142,0.02857142857142864,0,0.0,None,1,0.0
U_03635,Enterprise,East,432,5,1,2,0.0,268.86,3.6950000000000003,1.79,7.5,8.085748571041656e-17,4,67.215,Books,0,227.16180555555556
U_03636,Pro,North,-150,5,1,2,56.58,275.84,4.529999999999999,2.05,9.7,-3.497877510860404e-17,4,68.96,Sports,0,3356.0533333333333
U_03637,Free,West,61,1,2,5,0.0,14.26,5.578095238095237,6.59,12.238095238095237,0.03296703296703296,1,14.26,Sports,0,85.32622950819672
U_03638,Pro,West,488,49,0,0,0.0,34.75,8.50875,0.0,18.4375,-0.09090909090909086,1,34.75,Grocery,0,25.991290983606557
U_03639,Pro,South,434,34,0,0,0.0,177.02999999999997,1.9399999999999997,0.0,4.888888888888889,0.1071428571428572,2,88.51499999999999,Beauty,1,148.88467741935483
U_03640,Free,North,-6,43,0,0,0.0,0.0,3.37,0.0,8.454545454545455,0.0833333333333334,0,0.0,None,0,0.0
U_03641,Free,North,480,0,4,11,62.63,136.68,10.796666666666667,10.281428571428572,23.871794871794872,0.021671826625386983,4,34.17,Sports,0,103.93375
U_03642,Free,North,655,117,0,0,0.0,0.0,3.6,0.0,5.5,-7.850462293418875e-17,0,0.0,None,0,0.0
U_03643,Pro,West,-77,7,0,7,174.67,344.65,9.205945945945945,10.193333333333333,19.594594594594593,0.12074303405572749,6,57.44166666666666,Toys,0,4193.241666666667
U_03644,Pro,West,286,50,0,0,0.0,0.0,3.3000000000000003,0.0,7.333333333333333,1.0276789547548596e-16,0,0.0,None,0,0.0
U_03645,Free,East,297,56,0,0,0.0,0.0,8.868888888888888,0.0,20.333333333333332,0.08333333333333345,0,0.0,None,1,0.0
U_03646,Pro,East,139,5,1,2,0.0,181.58,5.306666666666667,5.61,11.25,-0.19230769230769232,3,60.52666666666667,Grocery,0,476.8107913669065
U_03647,Free,North,-109,1,4,10,38.59,140.15,12.04625,13.55857142857143,25.96875,0.0931372549019608,3,46.71666666666667,Books,0,1705.1583333333333
U_03648,Pro,East,710,5,1,7,91.22,108.28,5.749473684210526,3.785,12.0,0.059340659340659345,2,54.14,Grocery,0,55.665070422535216
U_03649,Pro,West,491,4,1,3,0.0,0.0,4.253333333333334,6.64,8.444444444444445,6.633138920230202e-17,0,0.0,None,0,0.0
U_03650,Free,East,782,0,2,4,0.0,74.60000000000001,7.7970588235294125,6.306666666666666,17.058823529411764,-0.1,2,37.300000000000004,Grocery,0,34.81969309462916
U_03651,Free,East,412,0,1,3,0.0,0.0,3.814285714285714,0.3,9.0,4.907883631361786e-17,0,0.0,None,0,0.0
U_03652,Pro,South,317,0,2,5,234.6,511.0,10.337,10.126666666666667,23.366666666666667,-0.02456140350877195,6,85.16666666666667,Beauty,0,588.3753943217665
U_03653,Pro,East,-56,0,3,8,0.0,97.43,8.170416666666666,8.513333333333334,17.791666666666668,0.12500000000000006,1,97.43,Home,0,1185.3983333333335
U_03654,Enterprise,North,141,4,2,10,62.37,293.22,6.5008333333333335,8.04,15.083333333333334,0.01758241758241756,5,58.644000000000005,Home,0,759.044680851064
U_03655,Pro,East,237,27,0,1,0.0,0.0,1.95,0.0,4.0,1.0276789547548596e-16,0,0.0,None,1,0.0
U_03656,Pro,North,422,129,0,0,0.0,0.0,2.27,0.0,4.0,0.0,0,0.0,None,1,0.0
U_03657,Free,South,241,25,0,1,0.0,0.0,6.194999999999999,0.0,13.5,1.6054209807821413e-17,0,0.0,None,1,0.0
U_03658,Pro,North,561,65,0,0,0.0,0.0,2.2425,0.0,5.0,-8.498442808297854e-17,0,0.0,None,1,0.0
U_03659,Free,North,-48,11,0,2,0.0,44.31,10.175357142857143,15.85,22.571428571428573,0.028571428571428602,1,44.31,Sports,0,539.105
U_03660,Pro,West,12,43,0,0,0.0,117.7,5.293846153846153,0.0,12.0,0.003496503496503511,4,29.425,Books,1,1432.0166666666667
U_03661,Pro,East,-41,2,2,2,0.0,166.73000000000002,8.928214285714287,8.865,19.071428571428573,0.029411764705882415,3,55.576666666666675,Beauty,0,2028.5483333333334
U_03662,Pro,West,691,17,0,1,0.0,51.53,1.3383333333333332,0.0,3.8333333333333335,7.951207131982424e-18,2,25.765,Grocery,0,27.21917510853835
U_03663,Free,West,137,3,1,5,0.0,25.78,10.36909090909091,10.23,22.727272727272727,0.03611971104231165,2,12.89,Sports,0,68.68394160583942
U_03664,Free,West,49,61,0,0,0.0,25.33,7.1171428571428565,0.0,14.285714285714286,-0.5000000000000004,1,25.33,Beauty,1,188.68265306122447
U_03665,Pro,East,319,18,0,2,0.0,63.96,2.36,0.0,4.833333333333333,7.951207131982424e-18,1,63.96,Beauty,0,73.18307210031348
U_03666,Pro,East,-105,0,2,4,0.0,67.55,6.409523809523809,4.205,13.857142857142858,-0.017482517482517498,1,67.55,Beauty,0,821.8583333333332
U_03667,Free,West,-106,16,0,2,0.0,0.0,3.328888888888889,0.0,7.111111111111111,0.17857142857142863,0,0.0,None,1,0.0
U_03668,Free,West,60,24,0,1,0.0,0.0,2.25,0.0,4.875,6.729156486047637e-17,0,0.0,None,1,0.0
U_03669,Pro,West,-23,12,0,1,122.54,368.62,6.435555555555556,8.48,13.222222222222221,5.664759402336449e-18,4,92.155,Sports,0,4484.876666666666
U_03670,Pro,South,161,30,0,0,0.0,0.0,0.73,0.0,1.75,-2.0083673326242142e-16,0,0.0,None,1,0.0
U_03671,Free,North,-84,61,0,0,0.0,0.0,2.151111111111111,0.0,5.0,-0.14285714285714277,0,0.0,None,1,0.0
U_03672,Pro,North,713,2,2,5,79.81,301.47,7.560499999999999,5.34,16.6,0.04395604395604393,5,60.294000000000004,Toys,0,154.32896213183733
U_03673,Enterprise,North,102,1,2,6,181.03000000000003,1012.82,10.410800000000002,10.1325,23.72,0.0035714285714285895,10,101.28200000000001,Electronics,0,3624.306862745098
U_03674,Pro,North,102,0,2,3,0.0,221.66,4.51,4.28,10.3125,0.041958041958041974,4,55.415,Fashion,0,793.1950980392157
U_03675,Pro,West,200,10,0,4,0.0,128.97,4.805833333333333,4.58,10.916666666666666,0.11904761904761904,3,42.99,Toys,0,235.37025
U_03676,Free,South,559,29,0,1,0.0,0.0,1.842222222222222,0.0,4.0,-0.10714285714285714,0,0.0,None,0,0.0
U_03677,Free,North,781,54,0,0,0.0,0.0,6.34875,0.0,13.125,6.729156486047637e-17,0,0.0,None,1,0.0
U_03678,Enterprise,South,209,14,0,2,0.0,0.0,4.430833333333333,0.0,9.583333333333334,0.09999999999999999,0,0.0,None,0,0.0
U_03679,Free,North,-26,24,0,2,0.0,84.7,3.6331249999999997,0.0,7.8125,-0.14685314685314674,1,84.7,Toys,1,1030.5166666666667
U_03680,Pro,East,561,62,0,0,0.0,316.43,3.745,0.0,7.5,-2.0083673326242142e-16,3,105.47666666666667,Beauty,1,205.8769162210339
U_03681,Free,North,625,10,0,5,0.0,0.0,8.769545454545455,13.0,17.681818181818183,0.027972027972028,0,0.0,None,0,0.0
U_03682,Pro,West,614,45,0,0,25.66,314.81,6.344666666666666,0.0,14.466666666666667,-0.04242424242424249,6,52.468333333333334,Beauty,0,187.14275244299674
U_03683,Free,West,752,13,0,3,0.0,0.0,6.859999999999999,3.5,14.95,-0.03846153846153835,0,0.0,None,1,0.0
U_03684,Free,West,132,14,0,1,0.0,0.0,3.76,0.0,7.666666666666667,-1.0,0,0.0,None,1,0.0
U_03685,Free,North,-187,5,1,4,0.0,91.95,6.476470588235294,7.290000000000001,11.882352941176471,-0.060439560439560384,1,91.95,Electronics,0,1118.725
U_03686,Pro,East,-3,37,0,0,0.0,498.09000000000003,7.577333333333333,0.0,16.266666666666666,-0.0727272727272727,7,71.1557142857143,Grocery,1,6060.095
U_03687,Free,South,469,0,1,1,53.51,88.93,4.074999999999999,1.17,8.0,-0.02380952380952377,2,44.465,Electronics,1,69.20991471215352
U_03688,Free,East,107,84,0,0,0.0,0.0,4.05625,0.0,8.375,-0.30000000000000016,0,0.0,None,1,0.0
U_03689,Free,South,776,7,0,3,0.0,5.78,5.742,6.23,12.0,0.039285714285714306,1,5.78,Grocery,0,2.718685567010309
U_03690,Free,South,-41,58,0,0,0.0,0.0,4.5200000000000005,0.0,8.1,-0.0952380952380951,0,0.0,None,1,0.0
U_03691,Pro,East,506,53,0,0,0.0,35.87,2.6525,0.0,5.75,0.5000000000000002,1,35.87,Sports,1,25.874604743083005
U_03692,Free,North,849,14,0,1,0.0,0.0,3.8449999999999998,0.0,8.3,6.363375692412363e-17,0,0.0,None,1,0.0
U_03693,Free,North,182,8,0,5,21.88,132.14,6.452857142857143,7.116666666666667,15.523809523809524,0.07500000000000002,4,33.035,Fashion,0,265.0060439560439
U_03694,Pro,South,705,0,1,3,0.0,337.66999999999996,7.959411764705883,13.61,17.941176470588236,0.010989010989011016,5,67.53399999999999,Grocery,0,174.82205673758864
U_03695,Free,East,559,14,0,3,0.0,78.03,6.397368421052632,0.0,13.473684210526315,0.036363636363636376,2,39.015,Grocery,0,50.949821109123434
U_03696,Free,West,789,5,1,4,21.22,84.39,2.74,2.6266666666666665,6.25,0.07142857142857151,2,42.195,Toys,0,39.03973384030419
U_03697,Pro,East,377,27,0,1,0.0,387.23999999999995,4.225714285714285,0.0,8.428571428571429,-0.08571428571428566,4,96.80999999999999,Sports,1,374.91405835543765
U_03698,Pro,South,261,0,1,7,118.86,453.44000000000005,11.123333333333333,10.9,24.1,0.0165118679050568,4,113.36000000000001,Toys,0,634.1210727969349
U_03699,Enterprise,South,-8,0,2,8,76.91,615.41,9.76655172413793,8.685,20.896551724137932,0.007352941176470625,8,76.92625,Sports,0,7040.131324358977
U_03700,Free,East,810,79,0,0,0.0,0.0,4.265000000000001,0.0,12.0,-7.850462293418875e-17,0,0.0,None,0,0.0
U_03701,Free,South,-29,7,0,8,23.98,23.98,7.583548387096775,4.86,17.29032258064516,0.02631578947368418,1,23.98,Sports,0,291.75666666666666
U_03702,Free,South,735,28,0,1,0.0,0.0,5.674666666666666,0.0,12.666666666666666,0.03146853146853148,0,0.0,None,0,0.0
U_03703,Pro,East,613,0,1,7,70.52,414.25,10.691515151515151,8.5525,24.606060606060606,-0.038183694530443735,8,51.78125,Beauty,0,246.6578303425775
U_03704,Enterprise,East,182,50,0,0,0.0,57.17,4.164,0.0,8.8,0.09999999999999981,1,57.17,Books,0,114.65412087912087
U_03705,Pro,South,490,84,0,0,0.0,13.75,4.502,0.0,10.4,0.09999999999999981,1,13.75,Home,1,10.24234693877551
U_03706,Free,South,500,62,0,0,0.0,0.0,2.3333333333333335,0.0,4.833333333333333,7.951207131982424e-18,0,0.0,None,1,0.0
U_03707,Enterprise,West,247,2,2,7,0.0,139.35,7.204137931034483,6.6525,15.517241379310345,0.010714285714285725,2,69.675,Books,0,205.92206477732793
U_03708,Pro,South,620,3,1,1,47.49,47.49,1.3624999999999998,5.21,3.75,-0.07142857142857137,1,47.49,Fashion,0,27.957822580645164
U_03709,Free,South,7,20,0,2,0.0,37.93,6.567333333333333,0.0,14.066666666666666,-0.09090909090909088,2,18.965,Electronics,0,461.4816666666667
U_03710,Free,East,630,41,0,0,0.0,0.0,5.8873684210526305,0.0,13.631578947368421,-0.08041958041958037,0,0.0,None,1,0.0
U_03711,Pro,East,-42,39,0,0,0.0,146.38,9.025,0.0,19.0,-0.035714285714285636,2,73.19,Home,1,1780.9566666666667
U_03712,Free,North,-10,69,0,0,0.0,19.04,1.1099999999999999,0.0,2.25,-2.0083673326242142e-16,1,19.04,Fashion,1,231.6533333333333
U_03713,Free,East,280,8,0,3,0.0,0.0,5.955238095238095,1.67,11.80952380952381,-0.014285714285714207,0,0.0,None,1,0.0
U_03714,Free,West,820,69,0,0,0.0,34.91,4.99,0.0,12.583333333333334,1.782788454623076e-16,1,34.91,Home,1,15.539207317073169
U_03715,Free,South,23,0,2,4,0.0,8.51,9.819047619047618,9.836666666666666,20.19047619047619,0.028571428571428584,1,8.51,Grocery,0,103.53833333333334
U_03716,Pro,West,822,9,0,1,0.0,142.87,6.297058823529412,1.2,12.647058823529411,0.005494505494505563,3,47.623333333333335,Beauty,0,63.439841849148415
U_03717,Free,North,315,1,2,7,43.14,69.58,11.214333333333332,10.959999999999999,24.466666666666665,0.01444788441692468,3,23.19333333333333,Fashion,0,80.62444444444445
U_03718,Pro,South,401,6,1,1,0.0,24.8,9.629090909090909,7.11,20.045454545454547,-0.021428571428571377,1,24.8,Sports,0,22.57356608478803
U_03719,Pro,East,785,0,1,1,100.21,116.28999999999999,1.385,1.39,2.75,-8.498442808297854e-17,2,58.144999999999996,Grocery,1,54.07114649681528
U_03720,Pro,West,181,0,1,2,0.0,0.0,5.554615384615385,8.91,13.153846153846153,-0.017482517482517456,0,0.0,None,0,0.0
U_03721,Free,North,80,101,0,0,0.0,0.0,5.996,0.0,13.8,-1.0507920739455759e-16,0,0.0,None,1,0.0
U_03722,Free,West,229,2,2,9,23.84,51.8,9.978124999999999,10.436666666666666,21.40625,0.009022556390977408,2,25.9,Sports,0,82.56331877729258
U_03723,Free,East,426,1,3,7,0.0,0.0,6.26,4.806666666666667,13.714285714285714,0.1939393939393939,0,0.0,None,0,0.0
U_03724,Pro,North,307,0,1,2,82.46,211.73,9.11,10.17,20.583333333333332,-0.008791208791208836,5,42.346,Sports,0,251.73110749185665
U_03725,Free,West,225,12,0,3,0.0,63.23,6.124761904761905,9.0,13.047619047619047,0.010989010989010964,2,31.615,Electronics,0,102.57311111111112
U_03726,Pro,East,611,11,0,4,0.0,452.31,11.60162162162162,9.46,25.72972972972973,-0.04035087719298255,6,75.385,Beauty,0,270.20155482815056
U_03727,Pro,North,-72,77,0,0,0.0,396.50999999999993,2.0140000000000002,0.0,3.4,0.29999999999999977,3,132.17,Sports,1,4824.204999999999
U_03728,Free,North,-209,9,0,3,0.0,78.48,9.749666666666664,12.135,22.233333333333334,-0.029411764705882307,4,19.62,Grocery,0,954.84
U_03729,Free,North,-5,10,0,4,12.6,110.05,9.210833333333333,5.6,20.25,-0.0029411764705881867,2,55.025,Beauty,0,1338.9416666666666
U_03730,Free,East,-172,51,0,0,0.0,0.0,8.545,0.0,17.6,0.1428571428571429,0,0.0,None,1,0.0
U_03731,Free,West,501,84,0,0,0.0,0.0,3.4499999999999997,0.0,6.333333333333333,0.9999999999999998,0,0.0,None,1,0.0
U_03732,Pro,South,-199,24,0,2,0.0,75.79,4.857499999999999,0.0,12.0,0.048484848484848506,1,75.79,Books,1,922.1116666666668
U_03733,Free,South,776,12,0,2,0.0,70.88,4.022142857142857,6.61,8.285714285714286,-0.012121212121212142,2,35.44,Home,1,33.33917525773195
U_03734,Pro,East,343,0,1,5,0.0,103.28,7.087272727272727,7.293333333333334,14.545454545454545,0.025,2,51.64,Fashion,0,109.90437317784256
U_03735,Free,South,710,19,0,1,0.0,0.0,4.937272727272727,0.0,12.090909090909092,0.018181818181818212,0,0.0,None,1,0.0
U_03736,Free,West,369,1,1,6,0.0,65.48,9.75625,8.72,21.083333333333332,-0.004901960784313697,1,65.48,Beauty,0,64.77018970189702
U_03737,Free,West,125,26,0,1,0.0,55.870000000000005,4.975,0.0,10.714285714285714,0.024242424242424274,2,27.935000000000002,Home,1,163.1404
U_03738,Free,West,97,1,3,7,0.0,223.39999999999998,11.075000000000001,11.2375,25.42105263157895,0.005263157894736842,6,37.23333333333333,Grocery,0,840.6288659793814
U_03739,Pro,South,368,7,0,4,0.0,212.57,5.31764705882353,4.49,11.294117647058824,0.018181818181818264,4,53.1425,Grocery,0,210.83709239130434
U_03740,Pro,East,488,10,0,1,0.0,90.28999999999999,3.486666666666667,6.75,6.777777777777778,-0.10714285714285714,2,45.144999999999996,Beauty,0,67.53247950819672
U_03741,Pro,South,650,11,0,4,58.2,58.2,7.3515000000000015,2.46,14.9,-0.0483516483516484,1,58.2,Home,0,32.68153846153846
U_03742,Free,West,423,96,0,0,0.0,0.0,2.77,0.0,8.0,1.0276789547548596e-16,0,0.0,None,1,0.0
U_03743,Free,West,551,2,1,3,0.0,0.0,3.4225,2.33,7.1875,-0.08391608391608396,0,0.0,None,0,0.0
U_03744,Free,West,645,3,1,2,0.0,78.15,8.510399999999999,8.76,18.12,-0.05714285714285716,3,26.05,Books,0,44.22441860465116
U_03745,Free,West,68,4,1,4,0.0,73.44,9.1496,10.715,20.16,-0.010714285714285647,2,36.72,Beauty,0,394.20000000000005
U_03746,Free,South,302,0,2,5,0.0,0.0,7.583181818181819,5.9625,16.454545454545453,0.07692307692307697,0,0.0,None,0,0.0
U_03747,Free,South,385,81,0,0,0.0,0.0,1.59,0.0,2.5,-7.850462293418875e-17,0,0.0,None,1,0.0
U_03748,Free,North,642,41,0,0,0.0,23.89,5.305384615384615,0.0,11.461538461538462,-0.0545454545454546,2,11.945,Beauty,1,13.582320872274142
U_03749,Free,East,102,70,0,0,0.0,0.0,5.165,0.0,12.25,-2.0083673326242142e-16,0,0.0,None,1,0.0
U_03750,Pro,West,643,7,0,4,20.16,106.2,6.234444444444445,8.0,13.222222222222221,-0.020979020979020973,2,53.1,Fashion,0,60.2846034214619
U_03751,Pro,North,569,10,0,3,0.0,131.55,6.641500000000001,4.155,15.6,0.06293706293706294,3,43.85,Grocery,0,84.38620386643234
U_03752,Pro,East,255,10,0,3,0.0,260.32000000000005,5.2829411764705885,4.46,10.529411764705882,-0.027272727272727233,4,65.08000000000001,Beauty,1,372.6149019607844
U_03753,Enterprise,West,105,20,0,1,0.0,150.22,3.2914285714285714,0.0,6.571428571428571,0.09999999999999998,2,75.11,Home,1,522.1933333333334
U_03754,Pro,West,-185,2,1,4,11.01,262.63,6.488421052631579,5.415,13.210526315789474,-0.06643356643356643,5,52.525999999999996,Books,0,3195.3316666666665
U_03755,Free,East,56,5,1,2,0.0,7.92,3.3349999999999995,4.54,7.0,7.951207131982424e-18,1,7.92,Sports,0,51.621428571428574
U_03756,Free,West,-158,84,0,0,0.0,0.0,2.953333333333333,0.0,5.0,1.0276789547548596e-16,0,0.0,None,1,0.0
U_03757,Free,North,-128,4,1,5,0.0,17.88,8.487407407407408,7.7475,19.555555555555557,0.021428571428571443,2,8.94,Toys,0,217.54
U_03758,Free,West,82,0,1,6,41.71,116.61000000000001,9.958888888888888,10.173333333333334,21.14814814814815,0.009803921568627513,3,38.870000000000005,Toys,0,519.0567073170732
U_03759,Pro,North,85,40,0,0,0.0,0.0,3.8,0.0,8.5,-7.850462293418875e-17,0,0.0,None,1,0.0
U_03760,Enterprise,West,786,6,1,8,0.0,340.99,8.608571428571429,9.932500000000001,19.952380952380953,0.016483516483516536,7,48.712857142857146,Beauty,0,158.3477735368957
U_03761,Free,North,633,8,0,8,0.0,0.0,9.832258064516127,11.670000000000002,21.096774193548388,0.054411764705882396,0,0.0,None,0,0.0
U_03762,Pro,West,839,0,2,5,0.0,156.44,8.72875,10.399999999999999,18.708333333333332,0.009803921568627489,2,78.22,Fashion,0,68.05792610250299
U_03763,Pro,South,-68,7,0,5,0.0,42.17,4.8175,3.0149999999999997,9.916666666666666,0.13333333333333328,2,21.085,Books,0,513.0683333333333
U_03764,Pro,East,83,84,0,0,0.0,140.16,3.8899999999999997,0.0,7.8,-1.0507920739455759e-16,4,35.04,Home,0,616.366265060241
U_03765,Free,West,181,4,1,6,0.0,72.09,9.041515151515153,7.663333333333334,19.727272727272727,0.04805194805194806,3,24.03,Sports,0,145.37486187845303
U_03766,Free,North,571,3,1,5,0.0,48.91,6.968333333333334,8.27,15.958333333333334,-0.011764705882352912,2,24.455,Beauty,0,31.264711033274956
U_03767,Free,East,474,0,3,7,36.94,49.97,9.215769230769231,11.115,20.0,0.02941176470588238,2,24.985,Sports,0,38.47900843881856
U_03768,Free,East,678,0,1,6,0.0,33.269999999999996,5.953888888888889,4.625,12.222222222222221,0.035164835164835144,2,16.634999999999998,Sports,0,17.9108407079646
U_03769,Pro,North,179,98,0,0,0.0,78.13,3.1025,0.0,6.5,-2.0083673326242142e-16,1,78.13,Books,1,159.3153631284916
U_03770,Free,West,-204,5,1,5,0.0,37.13,5.843571428571428,6.02,13.357142857142858,1.4727094657935318e-17,1,37.13,Home,0,451.74833333333333
U_03771,Free,North,527,0,1,1,0.0,0.0,9.893749999999999,0.65,21.291666666666668,-0.0263736263736264,0,0.0,None,1,0.0
U_03772,Free,South,805,0,2,6,0.0,147.91,6.852608695652174,3.8939999999999997,15.347826086956522,0.02197802197802195,6,24.651666666666667,Sports,0,67.06478260869565
U_03773,Free,South,666,36,0,0,0.0,0.0,4.279285714285715,0.0,8.642857142857142,0.04195804195804198,0,0.0,None,1,0.0
U_03774,Enterprise,North,474,9,0,3,276.44,276.44,3.4376923076923074,4.43,7.6923076923076925,6.198032018724358e-17,2,138.22,Beauty,0,212.87046413502108
U_03775,Free,South,-106,68,0,0,0.0,44.46,6.595555555555555,0.0,15.88888888888889,0.03571428571428578,1,44.46,Books,1,540.93
U_03776,Free,East,-5,11,0,1,0.0,0.0,3.58,1.77,6.666666666666667,1.0276789547548596e-16,0,0.0,None,0,0.0
U_03777,Pro,East,367,2,2,6,0.0,178.03,7.5037931034482765,8.825,16.689655172413794,0.04558823529411772,2,89.015,Beauty,0,177.0598092643052
U_03778,Free,North,744,124,0,0,0.0,0.0,0.93,0.0,1.0,0.0,0,0.0,None,1,0.0
U_03779,Free,West,739,0,2,9,0.0,29.45,8.216666666666667,7.466666666666668,18.433333333333334,0.023529411764705882,1,29.45,Books,0,14.545669824086604
U_03780,Free,North,688,5,2,7,0.0,78.31,9.961923076923076,9.17,23.23076923076923,0.0029411764705882634,2,39.155,Home,0,41.5452761627907
U_03781,Pro,South,24,5,1,5,11.06,229.32999999999998,10.335555555555556,9.11,23.333333333333332,0.017543859649122834,4,57.332499999999996,Grocery,0,2790.1816666666664
U_03782,Pro,North,350,51,0,0,0.0,312.87,7.245555555555555,0.0,14.444444444444445,0.14285714285714277,5,62.574,Grocery,0,326.27871428571433
U_03783,Free,East,-203,3,1,3,0.0,41.68,5.000909090909091,4.296666666666666,10.727272727272727,0.04242424242424243,1,41.68,Beauty,0,507.1066666666667
U_03784,Pro,South,-119,79,0,0,0.0,13.73,3.09875,0.0,6.625,-0.28571428571428564,1,13.73,Grocery,0,167.04833333333335
U_03785,Enterprise,West,5,0,2,6,239.72,403.74,11.6808,9.44,26.28,-0.042857142857142795,7,57.67714285714286,Fashion,0,4912.17
U_03786,Free,West,345,2,1,4,0.0,0.0,9.307142857142859,9.18,21.19047619047619,-0.016176470588235275,0,0.0,None,0,0.0
U_03787,Pro,North,-24,5,1,2,0.0,159.92000000000002,5.924285714285714,6.54,15.142857142857142,0.02857142857142864,3,53.30666666666667,Beauty,0,1945.6933333333336
U_03788,Pro,North,716,0,4,7,80.75,188.21,8.0252,7.628,16.72,0.07794117647058825,3,62.73666666666667,Grocery,0,95.94504189944135
U_03789,Free,East,736,41,0,0,0.0,0.0,6.607777777777778,0.0,12.555555555555555,-0.14285714285714274,0,0.0,None,0,0.0
U_03790,Free,East,252,67,0,0,0.0,34.25,4.428571428571429,0.0,9.571428571428571,-0.30000000000000004,2,17.125,Sports,1,49.60813492063492
U_03791,Free,West,311,11,0,2,0.0,93.72,7.41625,3.38,16.625,-0.032967032967032954,3,31.24,Toys,1,109.99292604501608
U_03792,Pro,North,629,1,2,7,0.0,125.52,5.556111111111111,5.567500000000001,12.722222222222221,0.04895104895104894,2,62.76,Beauty,0,72.83751987281398
U_03793,Free,South,584,85,0,0,0.0,25.89,1.78,0.0,3.0,0.0,1,25.89,Grocery,0,16.181250000000002
U_03794,Free,East,830,14,0,2,0.0,0.0,8.810333333333334,0.0,19.333333333333332,-0.022703818369452997,0,0.0,None,0,0.0
U_03795,Pro,North,-116,25,0,1,33.97,230.97,9.331818181818182,0.0,18.681818181818183,-0.0274725274725275,2,115.485,Books,0,2810.1349999999998
U_03796,Pro,East,95,11,0,3,0.0,134.33,5.593809523809524,1.34,11.095238095238095,0.12237762237762238,2,67.165,Fashion,0,516.11
U_03797,Pro,East,-155,71,0,0,0.0,92.55,2.3842857142857143,0.0,4.571428571428571,-6.783020765448988e-17,1,92.55,Sports,1,1126.025
U_03798,Pro,East,-193,96,0,0,107.54,107.54,5.773333333333333,0.0,14.0,1.0276789547548596e-16,1,107.54,Books,1,1308.4033333333334
U_03799,Pro,North,387,7,0,4,0.0,79.02000000000001,9.02,8.629999999999999,18.52173913043478,-0.002197802197802255,2,39.510000000000005,Grocery,0,74.5279069767442
U_03800,Pro,South,72,65,0,0,0.0,69.18,5.207142857142857,0.0,11.142857142857142,0.29999999999999993,1,69.18,Grocery,0,350.7041666666667
U_03801,Enterprise,South,443,7,0,5,0.0,656.24,8.645,9.8,17.681818181818183,0.05714285714285718,6,109.37333333333333,Sports,0,540.6943566591422
U_03802,Pro,East,-13,2,1,3,0.0,235.39999999999998,5.13857142857143,4.975,11.071428571428571,-0.08181818181818179,3,78.46666666666665,Toys,0,2864.033333333333
U_03803,Free,North,-44,85,0,0,0.0,0.0,4.64,0.0,10.25,-2.0083673326242142e-16,0,0.0,None,0,0.0
U_03804,Pro,West,710,20,0,1,0.0,90.94,2.402,0.0,5.6,6.363375692412363e-17,3,30.313333333333333,Beauty,0,46.750845070422535
U_03805,Pro,West,839,4,1,1,0.0,20.31,6.794666666666667,1.98,14.133333333333333,-0.03571428571428568,1,20.31,Sports,1,8.83569725864124
U_03806,Enterprise,East,624,4,1,1,0.0,582.99,5.897272727272727,2.23,12.545454545454545,-0.059523809523809444,6,97.165,Grocery,0,341.01177884615385
U_03807,Free,East,229,31,0,0,0.0,116.70000000000002,9.147307692307692,0.0,20.26923076923077,0.014285714285714316,4,29.175000000000004,Toys,0,186.00655021834064
U_03808,Pro,East,449,4,1,1,87.93,457.68,7.854615384615384,7.29,16.384615384615383,-0.057142857142857134,6,76.28,Fashion,0,372.05612472160357
U_03809,Pro,North,843,2,1,1,93.07,318.58,4.188,5.52,8.6,0.09999999999999999,4,79.645,Toys,0,137.9379596678529
U_03810,Free,South,-33,1,1,3,0.0,45.650000000000006,5.006500000000001,2.72,10.45,-0.05357142857142862,2,22.825000000000003,Fashion,0,555.4083333333334
U_03811,Free,North,15,66,0,0,0.0,34.6,8.597999999999999,0.0,18.4,9.503933725077675e-17,3,11.533333333333333,Grocery,1,420.96666666666664
U_03812,Pro,East,358,2,2,7,0.0,43.23,5.86,6.7325,13.7,0.04835164835164834,1,43.23,Beauty,0,44.07527932960894
U_03813,Free,South,806,18,0,3,7.54,27.259999999999998,8.33,0.0,17.57894736842105,-0.00659340659340663,2,13.629999999999999,Grocery,0,12.344789081885855
U_03814,Free,South,-95,4,1,2,0.0,55.0,6.866956521739132,3.83,15.043478260869565,-0.057142857142857176,2,27.5,Beauty,0,669.1666666666666
U_03815,Pro,South,283,7,0,4,78.26,78.26,6.2793333333333345,7.27,14.666666666666666,0.06363636363636363,1,78.26,Grocery,0,100.93604240282687
U_03816,Pro,North,777,25,0,1,221.37,412.9,9.948846153846155,0.0,20.653846153846153,-0.02142857142857138,6,68.81666666666666,Toys,1,193.96203346203347
U_03817,Pro,East,508,32,0,0,0.0,22.82,4.55,0.0,11.0,-0.04761904761904744,1,22.82,Beauty,1,16.396259842519683
U_03818,Free,North,187,0,2,4,0.0,20.42,3.2909999999999995,4.02,7.5,0.06666666666666664,1,20.42,Home,1,39.8572192513369
U_03819,Free,West,-91,17,0,2,0.0,56.160000000000004,6.7844444444444445,0.0,13.88888888888889,-0.10489510489510487,2,28.080000000000002,Electronics,0,683.2800000000001
U_03820,Free,North,336,3,1,2,0.0,20.2,3.29875,12.47,7.625,0.03571428571428577,1,20.2,Grocery,0,21.94345238095238
U_03821,Free,West,171,3,1,6,0.0,28.68,7.888709677419354,6.847499999999999,17.387096774193548,-0.011351909184726519,1,28.68,Grocery,0,61.217543859649126
U_03822,Pro,East,633,48,0,0,0.0,134.93,4.569285714285713,0.0,10.142857142857142,-0.027272727272727264,2,67.465,Beauty,0,77.80323854660348
U_03823,Free,East,593,95,0,0,0.0,0.0,0.44,0.0,1.25,-2.0083673326242142e-16,0,0.0,None,0,0.0
U_03824,Free,West,-113,25,0,1,0.0,51.01,10.683333333333332,0.0,21.875,-0.003571428571428575,2,25.505,Books,1,620.6216666666667
U_03825,Free,East,445,76,0,0,0.0,27.07,4.188000000000001,0.0,9.0,-0.07272727272727263,1,27.07,Fashion,1,22.203483146067416
U_03826,Enterprise,North,742,41,0,0,0.0,374.26,8.088823529411766,0.0,17.176470588235293,-0.006060606060606033,4,93.565,Fashion,0,184.10363881401616
U_03827,Free,North,222,129,0,0,0.0,16.33,9.43,0.0,23.0,0.0,1,16.33,Books,1,26.848873873873874
U_03828,Enterprise,East,718,7,0,5,119.36,1305.47,10.288636363636364,11.33,24.181818181818183,-0.07032967032967051,11,118.67909090909092,Home,0,663.6442200557103
U_03829,Pro,South,639,2,1,5,43.42,81.55000000000001,11.18821428571429,13.64,25.25,-0.026960784313725412,2,40.775000000000006,Sports,0,46.581768388106426
U_03830,Free,South,366,0,2,8,0.0,107.26,10.525,11.825,23.25,0.04285714285714287,3,35.75333333333334,Beauty,0,106.96693989071039
U_03831,Pro,South,228,19,0,1,0.0,0.0,4.226,0.0,8.8,-1.0507920739455759e-16,0,0.0,None,0,0.0
U_03832,Free,South,174,84,0,0,0.0,43.7,1.095,0.0,3.0,-7.850462293418875e-17,1,43.7,Grocery,0,91.66954022988506
U_03833,Free,South,99,3,2,3,49.34,57.980000000000004,5.771428571428571,2.29,12.428571428571429,0.04195804195804198,2,28.990000000000002,Grocery,0,213.76464646464646
U_03834,Free,South,384,11,0,3,0.0,0.0,6.864375000000001,7.68,15.3125,-9.365734844938642e-18,0,0.0,None,0,0.0
U_03835,Free,North,780,34,0,0,0.0,0.0,2.684,0.0,5.2,-1.0507920739455759e-16,0,0.0,None,0,0.0
U_03836,Pro,West,80,30,0,0,171.12,364.13,4.234545454545454,0.0,9.363636363636363,3.628312093936146e-17,4,91.0325,Sports,0,1661.3431249999999
U_03837,Enterprise,North,795,0,3,8,78.39000000000001,857.1599999999999,9.964375,8.838333333333333,22.3125,0.04395604395604396,9,95.23999999999998,Electronics,0,393.53886792452823
U_03838,Pro,South,351,1,4,9,0.0,221.11,11.735813953488371,11.97,25.46511627906977,0.04155844155844157,2,110.555,Electronics,0,229.9292022792023
U_03839,Pro,West,426,13,0,3,73.45,571.4200000000001,7.408695652173912,3.7,15.869565217391305,-0.06785714285714282,9,63.49111111111112,Home,0,489.59694835680756
U_03840,Free,East,135,2,4,5,0.0,43.02,7.780952380952381,6.025,16.857142857142858,0.08241758241758242,2,21.51,Home,0,116.31333333333335
U_03841,Free,North,92,83,0,0,0.0,0.0,4.08,0.0,8.76923076923077,-0.14999999999999994,0,0.0,None,1,0.0
U_03842,Free,South,597,1,1,1,0.0,112.03,2.5354545454545456,0.99,6.0,0.0666666666666667,2,56.015,Home,0,68.49405360134003
U_03843,Free,West,160,45,0,0,0.0,58.61,4.929473684210526,0.0,10.210526315789474,0.09090909090909087,2,29.305,Toys,1,133.7040625
U_03844,Enterprise,South,115,12,0,1,82.64,312.09,3.0083333333333333,2.15,7.0,7.951207131982424e-18,3,104.02999999999999,Beauty,0,990.5465217391304
U_03845,Free,North,350,17,0,4,32.3,52.849999999999994,10.752162162162163,0.0,25.2972972972973,0.0073529411764705925,2,26.424999999999997,Beauty,0,55.114999999999995
U_03846,Free,West,701,45,0,0,7.97,7.97,3.884166666666666,0.0,7.583333333333333,-0.23809523809523805,1,7.97,Toys,1,4.1498573466476465
U_03847,Pro,East,-117,1,1,2,0.0,50.27,2.712857142857143,0.3,4.857142857142857,-0.10000000000000016,1,50.27,Grocery,0,611.6183333333335
U_03848,Pro,North,214,2,1,4,0.0,0.0,3.4156250000000004,3.07,7.3125,8.628709098258557e-18,0,0.0,None,0,0.0
U_03849,Free,West,786,47,0,0,0.0,51.48,5.163333333333333,0.0,12.0,0.012121212121212154,1,51.48,Grocery,0,23.906106870229006
U_03850,Pro,West,598,85,0,0,0.0,0.0,3.2866666666666666,0.0,8.666666666666666,1.0276789547548596e-16,0,0.0,None,0,0.0
U_03851,Free,North,-199,3,1,6,29.56,119.29,6.684347826086956,3.7433333333333336,14.347826086956522,0.0035714285714285392,4,29.8225,Home,0,1451.361666666667
U_03852,Free,South,609,6,1,1,20.57,20.57,3.843333333333333,4.26,9.555555555555555,-0.14285714285714274,1,20.57,Beauty,0,12.328489326765188
U_03853,Free,North,434,31,0,0,0.0,40.01,4.051111111111112,0.0,10.222222222222221,0.3142857142857142,1,40.01,Grocery,1,33.64896313364055
U_03854,Free,East,12,23,0,1,0.0,7.74,2.5445454545454544,0.0,4.7272727272727275,-0.059523809523809465,1,7.74,Home,1,94.17
U_03855,Free,East,-26,1,1,3,0.0,17.94,5.637272727272728,3.2849999999999997,12.727272727272727,-0.042424242424242364,1,17.94,Toys,1,218.27000000000004
U_03856,Free,East,177,24,0,1,0.0,0.0,4.0775,0.0,7.125,6.729156486047637e-17,0,0.0,None,0,0.0
U_03857,Free,West,62,4,1,1,0.0,0.0,8.026250000000001,2.65,17.75,4.467601671878703e-17,0,0.0,None,1,0.0
U_03858,Free,South,812,73,0,0,0.0,0.0,6.2175,0.0,14.5,6.729156486047637e-17,0,0.0,None,1,0.0
U_03859,Pro,East,753,3,1,4,122.93,243.86,7.020869565217392,6.715,14.304347826086957,-0.02992776057791536,4,60.965,Toys,0,118.20571049136788
U_03860,Free,East,-188,44,0,0,0.0,8.68,2.3275,0.0,4.5,-2.0083673326242142e-16,1,8.68,Home,1,105.60666666666667
U_03861,Free,North,-3,26,0,1,0.0,0.0,3.2925,0.0,7.0,-2.0083673326242142e-16,0,0.0,None,1,0.0
U_03862,Pro,West,812,98,0,0,0.0,0.0,4.9275,0.0,10.25,-2.0083673326242142e-16,0,0.0,None,0,0.0
U_03863,Free,West,801,33,0,0,0.0,96.51,1.03,0.0,2.0,1.0276789547548596e-16,1,96.51,Sports,0,43.977715355805245
U_03864,Pro,South,596,8,0,5,125.1,278.73,4.638,2.23,9.6,0.11666666666666671,4,69.6825,Fashion,0,170.69874161073827
U_03865,Free,West,-140,76,0,0,0.0,0.0,4.605,0.0,10.5,-4.8374234447508063e-17,0,0.0,None,1,0.0
U_03866,Free,East,618,9,0,6,0.0,116.63,7.439545454545455,6.365,18.818181818181817,0.06785714285714288,3,38.876666666666665,Books,0,68.88341423948219
U_03867,Enterprise,South,136,0,1,5,59.65,580.81,6.529000000000001,4.586666666666666,13.95,-0.005494505494505423,7,82.97285714285714,Fashion,0,1558.791544117647
U_03868,Free,West,-139,24,0,2,0.0,0.0,5.0633333333333335,0.0,11.333333333333334,1.0276789547548596e-16,0,0.0,None,1,0.0
U_03869,Pro,East,172,13,0,3,0.0,308.05,10.530357142857143,16.63,24.75,0.035294117647058865,6,51.34166666666667,Fashion,0,653.7107558139535
U_03870,Pro,North,-127,8,0,4,0.0,154.13,8.233846153846153,7.48,17.307692307692307,-0.017857142857142766,3,51.376666666666665,Books,0,1875.2483333333332
U_03871,Pro,West,572,49,0,0,0.0,127.9,3.7173333333333334,0.0,7.866666666666666,0.15151515151515152,1,127.9,Home,1,81.6145104895105
U_03872,Enterprise,West,689,9,0,7,36.87,508.92,8.788214285714286,7.603333333333333,19.107142857142858,0.055727554179566555,4,127.23,Home,0,269.6020319303338
U_03873,Free,North,833,8,0,6,0.0,0.0,6.6427272727272735,5.31,14.863636363636363,0.07472527472527471,0,0.0,None,0,0.0
U_03874,Free,East,45,18,0,1,0.0,24.85,6.013636363636363,0.0,12.727272727272727,-0.08333333333333326,1,24.85,Electronics,0,201.56111111111113
U_03875,Enterprise,South,742,4,1,3,160.05,912.98,5.645,4.7,11.722222222222221,0.008791208791208751,9,101.44222222222223,Toys,0,449.1074123989219
U_03876,Pro,West,-185,18,0,4,80.5,272.41,10.430714285714286,0.0,22.571428571428573,-0.0350877192982456,4,68.1025,Electronics,0,3314.3216666666667
U_03877,Free,East,96,36,0,0,0.0,51.870000000000005,2.04,0.0,4.777777777777778,-0.05952380952380944,2,25.935000000000002,Fashion,0,197.21406250000004
U_03878,Free,North,653,86,0,0,0.0,0.0,5.824999999999999,0.0,11.5,-2.0083673326242142e-16,0,0.0,None,1,0.0
U_03879,Pro,West,-8,26,0,1,0.0,252.29999999999998,5.232142857142857,0.0,11.142857142857142,-0.024242424242424208,5,50.459999999999994,Fashion,1,3069.65
U_03880,Free,West,679,28,0,1,0.0,0.0,5.145,0.0,10.25,-0.5,0,0.0,None,1,0.0
U_03881,Free,South,307,5,1,3,0.0,19.39,6.286249999999999,2.885,12.8125,0.007142857142857146,1,19.39,Home,0,23.053257328990227
U_03882,Pro,North,740,27,0,1,99.89,142.98000000000002,3.44125,0.0,7.75,6.729156486047637e-17,2,71.49000000000001,Electronics,1,70.52391891891892
U_03883,Free,North,14,68,0,0,0.0,0.0,3.268571428571429,0.0,5.285714285714286,4.8870404991229254e-17,0,0.0,None,0,0.0
U_03884,Free,North,-96,7,0,5,0.0,34.75,8.0884,8.156666666666666,17.88,0.09285714285714286,1,34.75,Electronics,0,422.7916666666667
U_03885,Pro,South,-124,0,1,3,0.0,277.55,5.1315,4.095,10.9,-0.052747252747252824,4,69.3875,Books,0,3376.8583333333336
U_03886,Pro,East,850,8,0,4,38.05,159.5,5.094444444444444,3.4699999999999998,10.777777777777779,-0.006993006993006992,2,79.75,Beauty,0,68.49117647058824
U_03887,Free,North,-55,84,0,0,0.0,0.0,4.16,0.0,8.0,0.5000000000000002,0,0.0,None,1,0.0
U_03888,Free,West,260,30,0,0,0.0,0.0,6.811666666666666,0.0,15.944444444444445,-0.006993006993006953,0,0.0,None,1,0.0
U_03889,Pro,North,-23,9,0,4,0.0,0.0,5.542727272727273,5.109999999999999,12.090909090909092,0.05000000000000005,0,0.0,None,0,0.0
U_03890,Pro,South,317,0,1,1,0.0,137.32,3.1811111111111114,2.14,6.222222222222222,-0.14285714285714274,2,68.66,Books,1,158.1129337539432
U_03891,Pro,South,192,5,2,8,0.0,368.18999999999994,10.098947368421051,10.323333333333332,22.210526315789473,0.012383900928792572,5,73.63799999999999,Beauty,0,699.9445312499998
U_03892,Free,West,219,36,0,0,0.0,85.46,8.258666666666667,0.0,18.066666666666666,-0.018181818181818143,2,42.73,Electronics,0,142.4333333333333
U_03893,Free,West,0,75,0,0,0.0,0.0,6.2625,0.0,16.916666666666668,-0.1904761904761902,0,0.0,None,1,0.0
U_03894,Free,East,770,77,0,0,0.0,0.0,5.965999999999999,0.0,14.8,0.5142857142857142,0,0.0,None,1,0.0
U_03895,Enterprise,South,795,9,0,3,100.5,849.49,6.907222222222223,7.79,14.944444444444445,0.010989010989011047,6,141.58166666666668,Electronics,0,390.0174213836478
U_03896,Pro,North,271,46,0,0,0.0,0.0,4.4558333333333335,0.0,10.416666666666666,-0.16666666666666655,0,0.0,None,1,0.0
U_03897,Pro,South,542,15,0,4,0.0,62.19,3.851538461538461,0.0,8.23076923076923,0.10000000000000003,1,62.19,Home,0,41.88071955719557
U_03898,Pro,East,429,0,1,2,140.22,268.48,8.853214285714285,9.415,19.321428571428573,-0.05882352941176462,7,38.354285714285716,Beauty,0,228.42703962703965
U_03899,Pro,East,844,119,0,0,0.0,0.0,2.11,0.0,4.5,-7.850462293418875e-17,0,0.0,None,1,0.0
U_03900,Pro,West,58,4,1,5,59.459999999999994,193.7,8.231739130434782,7.265,18.043478260869566,-0.0813186813186814,5,38.739999999999995,Home,0,1218.9741379310344
U_03901,Free,South,827,89,0,0,0.0,0.0,6.271428571428571,0.0,11.571428571428571,4.8870404991229254e-17,0,0.0,None,1,0.0
U_03902,Pro,North,-32,999,0,0,310.81,334.69,0.0,0.0,0.0,0.0,2,167.345,Beauty,1,4072.0616666666665
U_03903,Free,East,-13,2,2,6,150.41,192.12,9.71875,11.99,20.75,-0.04642857142857138,4,48.03,Beauty,0,2337.46
U_03904,Free,North,364,3,1,1,0.0,0.0,2.569,0.3,5.5,0.023809523809523878,0,0.0,None,1,0.0
U_03905,Pro,North,722,0,3,5,0.0,375.54999999999995,10.482916666666666,14.393333333333333,22.875,-0.008823529411764681,4,93.88749999999999,Sports,0,189.8556094182825
U_03906,Free,West,160,0,2,7,0.0,0.0,10.276060606060607,9.795,22.454545454545453,0.0049019607843137575,0,0.0,None,0,0.0
U_03907,Pro,East,632,25,0,1,0.0,168.48999999999998,7.749285714285714,0.0,16.857142857142858,-0.12121212121212126,2,84.24499999999999,Beauty,0,97.3083069620253
U_03908,Free,East,395,2,2,7,0.0,18.84,8.15,11.67,18.125,0.03921568627450985,1,18.84,Grocery,0,17.409113924050633
U_03909,Free,North,735,12,0,1,0.0,0.0,3.3755555555555556,0.77,8.11111111111111,0.14285714285714293,0,0.0,None,0,0.0
U_03910,Pro,East,-188,8,0,3,13.87,13.87,6.933571428571428,10.35,17.357142857142858,0.009090909090909047,1,13.87,Sports,0,168.75166666666667
U_03911,Pro,East,270,11,0,5,93.3,284.39,8.857037037037035,5.79,18.25925925925926,0.021671826625387015,4,71.0975,Home,0,384.4531481481481
U_03912,Enterprise,West,477,12,0,3,49.38,173.74,5.775263157894737,0.3,12.157894736842104,0.010714285714285721,4,43.435,Electronics,0,132.94570230607968
U_03913,Free,North,752,3,1,4,0.0,104.42000000000002,7.206315789473684,8.145,17.94736842105263,-0.15034965034965037,4,26.105000000000004,Beauty,0,50.682579787234054
U_03914,Pro,South,74,95,0,0,0.0,75.61,6.21,0.0,16.0,0.0,1,75.61,Home,1,372.9412162162162
U_03915,Free,North,-53,16,0,1,14.37,14.37,7.816111111111111,0.0,17.27777777777778,-4.589302068385678e-17,1,14.37,Electronics,0,174.83499999999998
U_03916,Pro,North,-52,10,0,4,0.0,204.75,8.62,12.23,19.285714285714285,0.001754385964912245,5,40.95,Sports,0,2491.125
U_03917,Enterprise,East,744,2,3,5,108.9,564.83,4.458235294117647,4.583333333333333,9.823529411764707,0.018181818181818108,4,141.2075,Home,0,277.1007392473119
U_03918,Free,East,461,0,1,3,0.0,60.48,6.134,5.555,13.666666666666666,0.002197802197802171,2,30.24,Sports,0,47.885466377440345
U_03919,Pro,West,530,12,0,2,0.0,0.0,3.7100000000000004,1.39,7.923076923076923,0.0181818181818182,0,0.0,None,1,0.0
U_03920,Pro,South,40,54,0,0,0.0,208.25,7.024615384615383,0.0,15.23076923076923,-0.06666666666666671,2,104.125,Books,1,1900.28125
U_03921,Pro,South,695,44,0,0,0.0,114.97,6.426470588235294,0.0,13.352941176470589,0.04945054945054945,1,114.97,Fashion,1,60.37992805755396
U_03922,Pro,East,206,8,0,4,50.45,136.86,7.0482142857142875,5.145,15.928571428571429,-0.0196078431372549,2,68.43,Electronics,0,242.4946601941748
U_03923,Enterprise,North,-191,43,0,0,0.0,569.59,3.4711111111111115,0.0,7.222222222222222,0.21428571428571425,3,189.86333333333334,Toys,0,6930.011666666667
U_03924,Free,West,33,57,0,0,0.0,0.0,3.9599999999999995,0.0,8.833333333333334,7.951207131982424e-18,0,0.0,None,1,0.0
U_03925,Free,West,845,57,0,0,0.0,75.29,8.344761904761905,0.0,20.238095238095237,-0.024475524475524528,1,75.29,Grocery,1,32.521715976331365
U_03926,Pro,West,773,66,0,0,0.0,71.98,5.8,0.0,12.0,-0.02424242424242422,1,71.98,Grocery,0,33.987968952134544
U_03927,Free,North,731,1,1,1,0.0,0.0,2.0585714285714287,1.12,3.7142857142857144,4.8870404991229254e-17,0,0.0,None,0,0.0
U_03928,Free,North,114,0,1,2,0.0,63.36,2.6957142857142853,1.48,5.428571428571429,-0.14999999999999997,2,31.68,Home,0,202.86315789473684
U_03929,Free,West,214,3,1,2,0.0,28.62,7.284000000000001,6.47,16.4,-0.008823529411764671,1,28.62,Sports,0,48.81448598130841
U_03930,Free,South,298,6,1,6,0.0,74.07,7.936,7.625,18.24,-0.011351909184726514,3,24.689999999999998,Electronics,0,90.723322147651
U_03931,Free,South,367,32,0,0,0.0,0.0,1.3066666666666666,0.0,2.6666666666666665,1.0276789547548596e-16,0,0.0,None,1,0.0
U_03932,Free,South,418,38,0,0,0.0,0.0,2.694,0.0,4.8,-1.0507920739455759e-16,0,0.0,None,1,0.0
U_03933,Pro,West,201,2,1,2,0.0,189.2,9.826818181818181,15.27,21.681818181818183,-0.039285714285714285,5,37.839999999999996,Books,0,343.5721393034826
U_03934,Pro,North,161,11,0,2,129.09,298.67,5.2371428571428575,8.64,11.238095238095237,-0.04615384615384622,5,59.734,Books,0,677.1090062111801
U_03935,Free,East,-124,25,0,1,0.0,0.0,1.4733333333333334,0.0,3.6666666666666665,1.0276789547548596e-16,0,0.0,None,1,0.0
U_03936,Free,East,71,0,1,1,0.0,54.019999999999996,4.028947368421052,1.74,8.947368421052632,-0.045454545454545435,2,27.009999999999998,Home,1,277.7084507042253
U_03937,Pro,South,3,0,2,4,150.3,460.22,8.123571428571429,8.06,17.071428571428573,0.06060606060606064,7,65.74571428571429,Fashion,0,5599.343333333333
U_03938,Enterprise,North,-121,79,0,0,0.0,724.79,7.2988888888888885,0.0,16.666666666666668,0.028571428571428418,7,103.54142857142857,Fashion,1,7040.131324358977
U_03939,Free,North,-40,10,0,4,0.0,39.35,7.310714285714285,9.286666666666667,16.071428571428573,0.06060606060606056,1,39.35,Toys,0,478.7583333333334
U_03940,Free,East,89,40,0,0,0.0,76.09,8.442857142857143,0.0,19.5,-0.06363636363636366,2,38.045,Books,1,312.0544943820225
U_03941,Free,West,820,60,0,0,0.0,33.22,2.93,0.0,6.4,0.09523809523809525,2,16.61,Books,1,14.786951219512195
U_03942,Free,North,127,9,0,1,0.0,26.3,4.50090909090909,5.56,9.636363636363637,-0.00606060606060605,1,26.3,Sports,0,75.58661417322834
U_03943,Free,North,-54,0,2,8,0.0,0.0,10.979756097560978,9.695,24.4390243902439,-0.03896103896103893,0,0.0,None,0,0.0
U_03944,Enterprise,North,393,28,0,2,59.04,837.36,7.39421052631579,0.0,15.842105263157896,0.07272727272727283,7,119.62285714285714,Home,0,777.7007633587787
U_03945,Pro,East,-84,0,1,5,0.0,283.87,8.953703703703704,8.99,18.77777777777778,-0.0161764705882353,4,70.9675,Electronics,0,3453.7516666666666
U_03946,Free,South,661,10,0,2,17.12,57.72,6.1445454545454545,9.06,12.909090909090908,-0.07142857142857138,2,28.86,Home,0,31.872617246596064
U_03947,Enterprise,North,-152,38,0,0,0.0,154.07999999999998,5.126428571428571,0.0,9.642857142857142,0.06666666666666665,4,38.519999999999996,Fashion,1,1874.6399999999996
U_03948,Pro,East,382,7,0,3,65.69,139.06,4.810833333333334,3.06,11.083333333333334,0.21428571428571433,3,46.35333333333333,Grocery,0,132.8714659685864
U_03949,Pro,East,99,81,0,0,0.0,271.61,6.642222222222222,0.0,14.88888888888889,-0.20000000000000032,4,67.9025,Grocery,1,1001.3904040404041
U_03950,Pro,South,583,6,1,2,50.88,155.0,2.677777777777778,1.61,6.666666666666667,6.633138920230202e-17,3,51.666666666666664,Fashion,0,97.04116638078904
U_03951,Free,West,532,22,0,4,0.0,93.32,9.03125,0.0,20.3125,0.07272727272727277,2,46.66,Beauty,0,64.02593984962407
U_03952,Free,South,481,22,0,1,0.0,0.0,7.685833333333332,0.0,16.166666666666668,-0.023809523809523708,0,0.0,None,1,0.0
U_03953,Free,West,507,65,0,0,0.0,49.56,5.919999999999999,0.0,12.916666666666666,-0.023809523809523662,1,49.56,Sports,1,35.679289940828404
U_03954,Pro,North,752,60,0,0,63.07,193.29999999999998,6.796666666666666,0.0,15.333333333333334,-0.0999999999999998,4,48.324999999999996,Books,1,93.82247340425532
U_03955,Free,North,380,20,0,2,0.0,0.0,2.518333333333333,0.0,5.666666666666667,7.951207131982424e-18,0,0.0,None,1,0.0
U_03956,Free,East,-193,8,0,2,0.0,39.4,6.852941176470588,1.6,14.176470588235293,0.0666666666666668,1,39.4,Beauty,0,479.3666666666666
U_03957,Free,North,155,0,2,7,0.0,53.72,10.036923076923076,10.565,21.076923076923077,0.07472527472527474,3,17.906666666666666,Beauty,0,126.50193548387097
U_03958,Pro,South,-141,0,3,9,0.0,105.73,8.289999999999997,8.984,17.852941176470587,0.01929824561403506,2,52.865,Electronics,0,1286.3816666666667
U_03959,Enterprise,South,40,57,0,0,0.0,678.32,7.687222222222221,0.0,17.5,0.07692307692307694,5,135.66400000000002,Fashion,1,6189.670000000001
U_03960,Free,South,-40,100,0,0,0.0,0.0,0.3,0.0,1.0,0.0,0,0.0,None,1,0.0
U_03961,Pro,North,-207,10,0,1,0.0,290.05,8.3575,3.55,16.55,-0.14685314685314688,4,72.5125,Home,1,3528.9416666666666
U_03962,Free,West,50,6,1,2,0.0,0.0,5.141666666666667,5.404999999999999,11.75,0.048484848484848506,0,0.0,None,0,0.0
U_03963,Enterprise,West,560,10,0,4,125.4,501.23,8.375238095238094,6.41,18.047619047619047,-0.010294117647058846,7,71.60428571428572,Fashion,0,326.69455357142857
U_03964,Pro,East,586,80,0,0,0.0,205.44,5.973749999999999,0.0,12.375,0.03571428571428577,3,68.48,Home,1,127.9617747440273
U_03965,Free,East,413,14,0,1,28.77,49.4,2.78125,0.0,5.25,6.729156486047637e-17,2,24.7,Sports,1,43.658595641646485
U_03966,Pro,West,830,11,0,3,0.0,43.16,3.5060000000000002,5.75,8.0,-0.16666666666666644,1,43.16,Toys,1,18.98
U_03967,Free,South,606,4,1,3,0.0,99.80000000000001,11.07,15.77,25.235294117647058,-0.04175824175824178,3,33.26666666666667,Sports,0,60.11056105610562
U_03968,Free,South,-92,31,0,0,0.0,0.0,3.571111111111111,0.0,8.0,0.07142857142857148,0,0.0,None,0,0.0
U_03969,Free,South,-129,13,0,4,0.0,18.65,9.869047619047619,10.08,21.142857142857142,-0.05054945054945069,1,18.65,Home,0,226.9083333333333
U_03970,Free,West,502,73,0,0,0.0,0.0,6.495,0.0,16.0,-7.850462293418875e-17,0,0.0,None,0,0.0
U_03971,Free,West,31,10,0,2,0.0,88.06,5.869444444444444,4.13,13.5,6.250261171479797e-17,1,88.06,Sports,0,1036.835483870968
U_03972,Free,South,26,2,1,4,0.0,0.0,6.563684210526316,5.08,13.842105263157896,0.01098901098901098,0,0.0,None,0,0.0
U_03973,Enterprise,West,-96,0,2,5,399.21,723.17,9.375,8.043333333333335,20.791666666666668,0.0535714285714286,9,80.35222222222222,Grocery,0,7040.131324358977
U_03974,Free,West,5,58,0,0,37.46,75.43,7.216923076923076,0.0,15.538461538461538,-0.09999999999999991,2,37.715,Electronics,1,917.7316666666667
U_03975,Free,South,285,1,1,3,0.0,37.74,5.229230769230769,8.735,10.538461538461538,-0.03846153846153842,2,18.87,Grocery,0,48.33368421052632
U_03976,Free,North,741,14,0,1,0.0,0.0,1.3499999999999999,0.0,3.0,7.951207131982424e-18,0,0.0,None,0,0.0
U_03977,Pro,South,-27,17,0,4,297.96,747.53,7.53904761904762,0.0,16.857142857142858,0.024175824175824166,9,83.05888888888889,Sports,1,7040.131324358977
U_03978,Free,East,518,4,1,5,0.0,11.04,6.609545454545454,11.315000000000001,13.318181818181818,-0.05714285714285708,1,11.04,Electronics,0,7.779150579150579
U_03979,Pro,South,184,59,0,0,0.0,0.0,3.6980000000000004,0.0,7.6,0.09999999999999981,0,0.0,None,1,0.0
U_03980,Free,South,461,94,0,0,0.0,0.0,1.18,0.0,2.3333333333333335,1.0276789547548596e-16,0,0.0,None,1,0.0
U_03981,Free,East,280,66,0,0,0.0,0.0,3.71125,0.0,7.375,0.05714285714285709,0,0.0,None,1,0.0
U_03982,Free,North,-177,17,0,3,0.0,81.57,7.739999999999999,0.0,17.565217391304348,0.010989010989010934,2,40.785,Beauty,0,992.435
U_03983,Pro,East,681,90,0,0,0.0,194.52,2.4379999999999997,0.0,5.2,0.09999999999999981,2,97.26,Electronics,1,104.25814977973567
U_03984,Pro,West,287,3,3,4,0.0,211.24,2.49,0.39999999999999997,5.333333333333333,0.3142857142857141,3,70.41333333333334,Books,0,268.6501742160279
U_03985,Pro,South,160,81,0,0,0.0,260.87,6.366,0.0,14.1,-0.04761904761904744,3,86.95666666666666,Sports,0,595.1096875
U_03986,Free,East,279,24,0,3,0.0,28.46,5.451428571428571,0.0,11.928571428571429,0.04545454545454545,1,28.46,Sports,1,37.232616487455196
U_03987,Free,West,-147,3,1,6,0.0,24.52,8.049090909090909,5.38,16.454545454545453,0.03571428571428576,1,24.52,Sports,0,298.32666666666665
U_03988,Pro,North,418,12,0,4,0.0,29.81,3.690909090909091,8.35,7.7272727272727275,0.016666666666666746,1,29.81,Fashion,1,26.030263157894737
U_03989,Free,West,-122,72,0,0,0.0,0.0,0.47750000000000004,0.0,1.0,-2.0083673326242142e-16,0,0.0,None,0,0.0
U_03990,Pro,East,117,0,3,5,63.7,108.97,7.249599999999999,7.8325,15.84,-0.01071428571428571,3,36.32333333333333,Electronics,0,339.9491452991453
U_03991,Pro,South,-179,0,2,8,42.62,199.82,10.596875,10.355,23.40625,0.014447884416924664,4,49.955,Beauty,0,2431.1433333333334
U_03992,Free,East,757,13,0,1,7.61,7.61,4.053571428571429,1.79,8.428571428571429,0.021978021978022046,1,7.61,Sports,0,3.669286657859974
U_03993,Enterprise,East,626,0,1,4,84.42,1135.96,7.342777777777777,5.640000000000001,14.777777777777779,-0.08791208791208802,9,126.21777777777778,Books,0,662.3408945686901
U_03994,Free,South,546,93,0,0,0.0,0.0,2.075,0.0,4.0,-7.850462293418875e-17,0,0.0,None,0,0.0
U_03995,Free,South,-114,3,1,4,0.0,0.0,4.415000000000001,3.6799999999999997,8.5625,-0.06593406593406581,0,0.0,None,0,0.0
U_03996,Free,East,838,1,1,3,0.0,15.48,4.272857142857142,4.96,9.142857142857142,-0.021978021978021966,1,15.48,Grocery,0,6.7424821002386635
U_03997,Enterprise,North,575,26,0,1,211.74,745.67,7.6573913043478266,0.0,15.956521739130435,-0.039705882352941126,5,149.134,Fashion,0,473.33834782608693
U_03998,Free,North,89,110,0,0,0.0,0.0,6.234,0.0,11.6,-0.1000000000000001,0,0.0,None,1,0.0
U_03999,Enterprise,East,-203,117,0,0,0.0,0.0,0.91,0.0,2.3333333333333335,1.0276789547548596e-16,0,0.0,None,1,0.0
U_04000,Pro,West,665,11,0,2,0.0,226.04,2.262,2.36,4.8,-0.03333333333333329,2,113.02,Grocery,1,124.06706766917293
U_04001,Pro,North,386,19,0,2,0.0,56.84,3.882857142857143,0.0,7.571428571428571,4.8870404991229254e-17,1,56.84,Electronics,1,53.74766839378239
U_04002,Pro,North,120,73,0,0,0.0,39.04,2.9714285714285715,0.0,7.0,0.02857142857142864,1,39.04,Home,0,118.74666666666666
U_04003,Enterprise,East,116,11,0,2,0.0,405.08,6.064285714285715,1.12,13.714285714285714,0.06785714285714287,4,101.27,Toys,1,1274.605172413793
U_04004,Pro,West,57,3,2,4,76.99000000000001,192.10000000000002,4.856315789473684,5.763333333333333,10.368421052631579,-0.032967032967032954,5,38.42,Grocery,0,1230.1140350877195
U_04005,Free,South,50,1,1,5,0.0,96.96000000000001,10.37125,13.84,23.5,-0.03508771929824551,2,48.480000000000004,Electronics,0,707.8080000000001
U_04006,Pro,West,588,35,0,0,0.0,65.56,4.341538461538461,0.0,9.692307692307692,-0.05454545454545443,1,65.56,Grocery,0,40.69625850340136
U_04007,Free,North,578,107,0,0,0.0,0.0,0.5899999999999999,0.0,1.4,-0.3000000000000005,0,0.0,None,1,0.0
U_04008,Pro,North,823,59,0,0,0.0,0.0,3.3966666666666665,0.0,7.166666666666667,-0.6000000000000005,0,0.0,None,1,0.0
U_04009,Pro,West,116,7,0,5,54.37,248.87,7.9265,7.615,17.95,0.014285714285714353,4,62.2175,Sports,0,783.0823275862069
U_04010,Free,West,629,2,1,2,0.0,0.0,2.4450000000000003,0.89,6.25,-2.0083673326242142e-16,0,0.0,None,1,0.0
U_04011,Pro,South,576,92,0,0,0.0,0.0,3.807777777777778,0.0,7.444444444444445,0.3142857142857142,0,0.0,None,0,0.0
U_04012,Pro,South,-175,62,0,0,65.64,130.45,5.711,0.0,11.7,-0.1428571428571427,2,65.225,Home,1,1587.1416666666664
U_04013,Pro,East,167,24,0,2,0.0,185.49,3.5829999999999997,0.0,6.4,0.03333333333333336,3,61.830000000000005,Sports,1,405.4122754491018
U_04014,Free,West,222,10,0,2,0.0,51.410000000000004,5.563076923076924,1.79,13.0,-0.05952380952380949,2,25.705000000000002,Grocery,1,84.52545045045046
U_04015,Free,East,153,1,3,4,0.0,24.11,9.962142857142856,10.19,21.571428571428573,0.06153846153846149,1,24.11,Home,0,57.51732026143791
U_04016,Pro,North,215,59,0,0,0.0,63.14,5.593333333333334,0.0,13.0,-0.04848484848484841,1,63.14,Fashion,1,107.19116279069767
U_04017,Enterprise,West,112,92,0,0,0.0,462.67,2.936666666666667,0.0,6.666666666666667,1.0276789547548596e-16,2,231.335,Fashion,1,1507.8084821428574
U_04018,Pro,North,529,41,0,0,0.0,0.0,3.2225,0.0,7.5,-2.0083673326242142e-16,0,0.0,None,1,0.0
U_04019,Free,East,784,11,0,1,0.0,0.0,4.535333333333333,2.73,9.933333333333334,-0.05454545454545453,0,0.0,None,1,0.0
U_04020,Free,West,781,0,1,2,0.0,25.5,4.013333333333333,0.3,9.5,7.951207131982424e-18,1,25.5,Home,0,11.91741357234315
U_04021,Free,South,837,21,0,1,0.0,29.47,3.0716666666666668,0.0,7.0,7.951207131982424e-18,2,14.735,Beauty,1,12.851314217443251
U_04022,Pro,North,467,81,0,0,0.0,0.0,0.3233333333333333,0.0,1.0,0.9999999999999998,0,0.0,None,1,0.0
U_04023,Free,East,701,0,1,3,0.0,112.44,6.364444444444444,4.85,13.277777777777779,-0.006993006993006992,3,37.48,Fashion,0,58.54579172610556
U_04024,Pro,East,732,72,0,0,0.0,126.5,2.28,0.0,5.111111111111111,-0.14285714285714288,2,63.25,Books,1,63.077185792349724
U_04025,Pro,North,326,26,0,2,0.0,143.69,6.637333333333333,0.0,14.666666666666666,0.018181818181818125,3,47.89666666666667,Toys,1,160.87990797546013
U_04026,Pro,South,-181,0,1,3,0.0,0.0,6.285833333333334,10.085,13.291666666666666,-0.06470588235294115,0,0.0,None,0,0.0
U_04027,Free,North,120,4,1,5,0.0,43.92,6.83952380952381,6.66,14.952380952380953,0.02417582417582412,2,21.96,Electronics,0,133.59
U_04028,Enterprise,West,561,80,0,0,0.0,0.0,0.945,0.0,2.0,-7.850462293418875e-17,0,0.0,None,1,0.0
U_04029,Free,East,32,9,0,1,0.0,0.0,9.158888888888889,2.84,17.88888888888889,-0.05952380952380944,0,0.0,None,1,0.0
U_04030,Free,West,663,48,0,0,0.0,51.089999999999996,8.69875,0.0,18.125,-0.02097902097902098,3,17.029999999999998,Electronics,0,28.126470588235293
U_04031,Pro,South,746,93,0,0,17.08,17.08,8.362307692307692,0.0,18.153846153846153,0.03571428571428579,1,17.08,Electronics,1,8.356836461126004
U_04032,Free,South,529,13,0,5,0.0,71.2,8.218695652173913,3.63,17.695652173913043,-0.03676470588235292,2,35.6,Fashion,1,49.12665406427221
U_04033,Free,South,417,37,0,0,0.0,46.07,8.685,0.0,18.625,-0.04545454545454543,1,46.07,Books,1,40.325059952038366
U_04034,Pro,South,117,56,0,0,0.0,32.34,2.38,0.0,5.833333333333333,-0.20000000000000015,1,32.34,Beauty,0,100.8897435897436
U_04035,Free,South,378,3,1,4,0.0,18.43,10.351578947368422,3.44,23.05263157894737,0.01098901098901098,1,18.43,Beauty,1,17.79616402116402
U_04036,Free,South,76,2,1,4,0.0,98.13,5.439411764705882,0.35,13.0,-0.06666666666666658,2,49.065,Home,0,471.28223684210525
U_04037,Pro,West,751,0,3,8,137.51,531.47,11.916521739130435,13.059999999999999,27.0,0.08088235294117647,8,66.43375,Beauty,0,258.304327563249
U_04038,Free,West,-141,10,0,2,0.0,0.0,4.507333333333333,5.015,10.4,0.05244755244755248,0,0.0,None,1,0.0
U_04039,Free,West,488,58,0,0,0.0,0.0,4.202222222222222,0.0,9.666666666666666,-0.035714285714285664,0,0.0,None,1,0.0
U_04040,Free,West,-35,33,0,0,0.0,71.74,7.161052631578947,0.0,15.473684210526315,0.06043956043956048,2,35.87,Grocery,1,872.8366666666667
U_04041,Free,East,820,5,1,7,0.0,49.349999999999994,8.382083333333332,10.105,17.375,-0.008791208791208888,2,24.674999999999997,Home,0,21.966768292682925
U_04042,Free,North,-31,13,0,1,0.0,52.19,3.6740000000000004,1.26,8.0,4.544370698979893e-17,2,26.095,Books,1,634.9783333333334
U_04043,Enterprise,South,611,18,0,1,0.0,177.20999999999998,3.194,0.0,7.4,-0.5000000000000003,2,88.60499999999999,Electronics,1,105.86194762684124
U_04044,Free,East,-59,53,0,0,0.0,75.24,7.456153846153845,0.0,16.307692307692307,-0.1999999999999998,2,37.62,Electronics,0,915.42
U_04045,Free,East,-3,5,1,2,0.0,59.05,7.8315789473684205,10.98,17.210526315789473,0.01978021978021972,2,29.525,Beauty,0,718.4416666666666
U_04046,Free,East,138,55,0,0,0.0,8.95,5.965000000000001,0.0,13.2,-0.09523809523809514,1,8.95,Grocery,0,23.67210144927536
U_04047,Free,South,557,11,0,2,33.28,58.69,4.2780000000000005,0.3,8.933333333333334,-0.024475524475524483,3,19.563333333333333,Home,0,38.45933572710951
U_04048,Free,South,842,34,0,0,0.0,0.0,1.536,0.0,3.2,-1.0507920739455759e-16,0,0.0,None,1,0.0
U_04049,Free,West,650,56,0,0,0.0,27.5,6.715,0.0,16.22222222222222,0.06993006993006995,1,27.5,Toys,1,15.442307692307693
U_04050,Pro,South,-112,0,3,4,0.0,181.22,8.383000000000001,8.066666666666668,17.2,0.10989010989010993,2,90.61,Home,0,2204.8433333333332
U_04051,Pro,West,684,4,1,3,0.0,115.19999999999999,4.369090909090908,6.563333333333333,9.272727272727273,0.06666666666666665,3,38.4,Toys,0,61.473684210526315
U_04052,Pro,East,150,0,3,10,121.17,266.61,8.357777777777777,8.596,17.36111111111111,0.030959752321981428,5,53.322,Beauty,0,648.751
U_04053,Enterprise,North,227,0,1,3,0.0,176.23000000000002,4.03625,5.603333333333333,8.75,-0.027972027972027993,2,88.11500000000001,Sports,0,283.36541850220266
U_04054,Enterprise,East,148,82,0,0,0.0,357.9,7.6875,0.0,17.75,-2.0083673326242142e-16,4,89.475,Books,1,882.6587837837837
U_04055,Free,North,660,0,1,1,52.65,85.44999999999999,6.319545454545454,2.62,13.181818181818182,0.00588235294117645,2,42.724999999999994,Sports,1,47.25643939393939
U_04056,Pro,East,699,2,1,4,280.1,377.78000000000003,8.956315789473683,11.765,20.0,-0.024999999999999974,4,94.44500000000001,Home,0,197.26709585121606
U_04057,Free,North,749,0,2,6,94.82,131.02,9.863928571428573,11.516666666666666,20.392857142857142,0.024509803921568648,3,43.67333333333334,Beauty,0,63.848197596795735
U_04058,Pro,South,-195,48,0,0,45.35,258.18,6.3675,0.0,13.0,0.018181818181818177,4,64.545,Beauty,0,3141.19
U_04059,Free,South,444,0,2,5,0.0,13.01,6.990769230769231,8.315,16.53846153846154,0.15476190476190482,1,13.01,Beauty,0,10.695157657657658
U_04060,Enterprise,East,157,5,1,2,0.0,746.32,8.611578947368422,7.58,18.57894736842105,-0.03571428571428569,6,124.38666666666667,Toys,0,1735.075159235669
U_04061,Pro,West,245,19,0,2,68.55,199.54000000000002,4.541578947368422,0.0,10.263157894736842,-0.09340659340659334,3,66.51333333333334,Fashion,0,297.27387755102046
U_04062,Pro,North,615,3,1,3,0.0,43.88,9.424761904761905,12.16,20.0,-0.01978021978021982,1,43.88,Sports,0,26.04260162601626
U_04063,Free,South,783,35,0,0,0.0,74.65,6.838421052631579,0.0,15.263157894736842,0.04999999999999998,2,37.325,Electronics,0,34.7985312899106
U_04064,Free,South,837,26,0,1,0.0,81.78,5.659090909090909,0.0,13.272727272727273,-0.030303030303030293,2,40.89,Grocery,0,35.662724014336916
U_04065,Free,South,-56,10,0,1,0.0,34.28,4.8149999999999995,6.83,10.0,-0.016483516483516442,2,17.14,Grocery,0,417.0733333333334
U_04066,Free,East,714,9,0,4,0.0,27.78,7.375,5.455,17.125,8.628709098258557e-18,1,27.78,Grocery,0,14.20126050420168
U_04067,Free,South,-174,1,1,5,0.0,19.96,8.044761904761906,8.073333333333332,17.238095238095237,2.9566030442023096e-17,1,19.96,Toys,0,242.84666666666666
U_04068,Free,South,465,27,0,1,0.0,0.0,3.3600000000000003,0.0,7.5,-7.850462293418875e-17,0,0.0,None,1,0.0
U_04069,Enterprise,West,82,35,0,0,0.0,407.67,5.918571428571428,0.0,11.714285714285714,-0.14285714285714293,6,67.94500000000001,Home,1,1814.6286585365854
U_04070,Free,South,705,0,1,5,0.0,33.09,6.768965517241378,4.17,14.89655172413793,-0.002450980392156842,1,33.09,Books,0,17.131702127659576
U_04071,Free,East,13,5,1,3,61.4,94.71000000000001,9.042083333333332,5.96,20.958333333333332,-0.0350877192982456,3,31.570000000000004,Books,0,1152.305
U_04072,Pro,West,584,8,0,5,0.0,72.23,8.7895,11.07,19.0,0.07692307692307691,2,36.115,Grocery,0,45.143750000000004
U_04073,Free,West,462,64,0,0,0.0,0.0,2.566666666666667,0.0,5.333333333333333,1.0276789547548596e-16,0,0.0,None,1,0.0
U_04074,Free,South,295,28,0,1,0.0,15.03,3.4528571428571433,0.0,7.142857142857143,-0.10000000000000016,1,15.03,Books,1,18.5964406779661
U_04075,Free,West,734,10,0,2,0.0,0.0,3.340769230769231,1.59,6.384615384615385,-0.003496503496503487,0,0.0,None,0,0.0
U_04076,Pro,East,588,0,1,3,0.0,170.01,10.607142857142858,12.08,21.25,0.03529411764705883,3,56.669999999999995,Beauty,0,105.53341836734694
U_04077,Free,North,4,37,0,0,0.0,24.54,7.492857142857142,0.0,17.5,0.10714285714285719,1,24.54,Home,1,298.57
U_04078,Pro,East,548,1,1,3,57.04,118.78999999999999,7.113461538461539,5.48,15.846153846153847,-0.11428571428571424,4,29.697499999999998,Sports,0,79.12107664233575
U_04079,Enterprise,West,447,29,0,1,0.0,740.8399999999999,4.067142857142857,0.0,8.571428571428571,-0.08571428571428566,7,105.8342857142857,Fashion,0,604.9364653243848
U_04080,Enterprise,North,37,51,0,0,0.0,1249.76,8.62125,0.0,19.5625,1.6915050676519974e-16,9,138.86222222222221,Grocery,1,7040.131324358977
U_04081,Free,East,614,5,1,3,0.0,16.77,5.0804347826086955,3.745,11.391304347826088,-0.01978021978021982,1,16.77,Toys,0,9.96913680781759
U_04082,Pro,South,646,64,0,0,0.0,18.33,2.7133333333333334,0.0,5.333333333333333,1.0276789547548596e-16,1,18.33,Sports,1,10.356733746130029
U_04083,Free,South,619,1,1,7,0.0,153.10999999999999,9.624117647058824,6.715,19.941176470588236,-0.00902255639097754,5,30.621999999999996,Beauty,0,90.28295638126008
U_04084,Enterprise,North,443,54,0,0,0.0,392.35999999999996,6.13,0.0,13.923076923076923,0.05000000000000009,3,130.78666666666666,Sports,1,323.2762979683973
U_04085,Free,East,463,2,1,2,0.0,12.59,6.746250000000001,8.88,14.625,-0.026470588235294086,1,12.59,Grocery,0,9.925161987041037
U_04086,Free,South,169,121,0,0,0.0,0.0,0.3,0.0,1.0,0.0,0,0.0,None,1,0.0
U_04087,Free,West,350,8,0,7,0.0,100.77,8.645151515151516,9.325,19.848484848484848,-0.019298245614035092,2,50.385,Electronics,0,105.08871428571427
U_04088,Free,South,-75,24,0,1,34.46,112.21000000000001,8.938260869565216,0.0,19.565217391304348,-0.03846153846153837,3,37.403333333333336,Sports,0,1365.2216666666668
U_04089,Pro,East,799,3,3,8,91.56,618.68,9.76125,11.153333333333334,20.53125,-0.032142857142857154,10,61.867999999999995,Home,0,282.6260325406758
U_04090,Free,East,145,7,0,1,0.0,0.0,2.751111111111111,1.11,5.222222222222222,-0.10714285714285714,0,0.0,None,1,0.0
U_04091,Pro,East,-39,25,0,2,166.58,254.77,4.777333333333332,0.0,10.266666666666667,0.03030303030303028,6,42.461666666666666,Grocery,0,3099.7016666666664
U_04092,Free,North,602,1,2,7,0.0,0.0,6.290625,6.9799999999999995,12.0625,0.05594405594405596,0,0.0,None,0,0.0
U_04093,Pro,South,821,6,1,6,52.75,213.85,7.399473684210527,6.915,16.210526315789473,-0.08041958041958037,3,71.28333333333333,Sports,0,95.07338611449451
U_04094,Enterprise,North,385,63,0,0,20.47,642.0500000000001,9.507058823529412,0.0,19.470588235294116,-0.009090909090909101,5,128.41000000000003,Toys,1,608.6967532467534
U_04095,Free,East,729,26,0,1,0.0,24.97,5.489565217391305,0.0,11.347826086956522,0.021428571428571443,1,24.97,Grocery,0,12.502126200274347
U_04096,Enterprise,West,362,12,0,2,0.0,75.77,2.6616666666666666,1.66,5.916666666666667,-0.0606060606060606,1,75.77,Grocery,1,76.39792817679557
U_04097,Free,South,94,3,1,5,87.29,152.54000000000002,8.5375,7.895,19.333333333333332,-0.04705882352941174,3,50.84666666666667,Grocery,0,592.3095744680852
U_04098,Free,North,753,3,3,8,42.4,75.69,8.764,9.283333333333333,19.05,0.10489510489510488,3,25.23,Fashion,0,36.689043824701194
U_04099,Pro,East,727,36,0,0,0.0,92.87,4.883846153846154,0.0,10.23076923076923,-0.01818181818181815,2,46.435,Fashion,1,46.626616231086665
U_04100,Enterprise,East,341,6,1,5,38.41,100.99,4.427272727272728,3.45,9.636363636363637,0.130952380952381,2,50.495,Sports,0,108.09780058651026
U_04101,Free,South,667,6,1,4,0.0,39.94,4.795555555555556,0.3,9.777777777777779,0.03571428571428578,3,13.313333333333333,Sports,0,21.856221889055472
U_04102,Pro,South,607,4,1,3,0.0,436.12,9.636,11.88,20.266666666666666,0.03846153846153849,5,87.224,Books,0,262.2467874794069
U_04103,Pro,East,383,63,0,0,0.0,151.88,4.011428571428572,0.0,9.142857142857142,-0.08571428571428566,1,151.88,Electronics,1,144.7420365535248
U_04104,Enterprise,East,726,16,0,3,20.63,383.14,8.475000000000001,0.0,19.27777777777778,-0.0714285714285714,8,47.8925,Books,0,192.6254820936639
U_04105,Free,West,780,47,0,0,0.0,0.0,3.1283333333333334,0.0,7.0,7.951207131982424e-18,0,0.0,None,1,0.0
U_04106,Pro,East,468,4,1,6,156.23000000000002,451.58,7.641249999999999,7.42,17.333333333333332,2.800341579866771e-18,9,50.175555555555555,Fashion,0,352.1938034188034
U_04107,Enterprise,North,352,92,0,0,0.0,82.93,2.551428571428572,0.0,5.0,-0.10000000000000016,1,82.93,Electronics,1,85.9927556818182
U_04108,Enterprise,North,-146,9,0,1,0.0,224.91,6.266666666666666,0.58,12.0,0.028571428571428633,3,74.97,Beauty,1,2736.4049999999997
U_04109,Pro,South,261,1,2,5,0.0,134.63,7.966666666666667,7.68,18.733333333333334,-0.029411764705882283,2,67.315,Beauty,0,188.27567049808428
U_04110,Free,South,776,12,0,4,0.0,6.47,8.327142857142857,4.3,18.0,0.021978021978022018,1,6.47,Fashion,1,3.0432345360824744
U_04111,Pro,North,615,4,1,2,0.0,175.47,5.934347826086957,6.87,13.521739130434783,-0.01029411764705879,1,175.47,Beauty,0,104.14073170731706
U_04112,Pro,South,59,3,1,7,73.59,347.81000000000006,8.1164,9.456666666666667,17.08,0.050567595459236316,4,86.95250000000001,Beauty,0,2151.70593220339
U_04113,Pro,South,252,11,0,5,178.63,373.71,9.265357142857143,8.19,18.928571428571427,0.0245098039215687,5,74.74199999999999,Fashion,0,541.2863095238096
U_04114,Pro,South,-75,58,0,0,0.0,122.44999999999999,8.279444444444444,0.0,17.333333333333332,0.14545454545454542,3,40.81666666666666,Fashion,1,1489.8083333333332
U_04115,Free,West,-173,2,1,1,0.0,135.93,5.972142857142856,1.94,13.0,-0.06293706293706287,4,33.9825,Toys,1,1653.8150000000003
U_04116,Free,North,-62,108,0,0,0.0,0.0,2.5460000000000003,0.0,6.0,-0.3000000000000005,0,0.0,None,1,0.0
U_04117,Pro,West,735,0,3,6,15.71,107.41999999999999,7.836206896551723,8.016666666666666,16.724137931034484,0.02794117647058824,3,35.806666666666665,Toys,0,53.34462585034013
U_04118,Free,North,-153,8,0,4,0.0,60.46,9.523888888888889,6.453333333333333,20.38888888888889,0.02797202797202797,3,20.153333333333332,Grocery,1,735.5966666666667
U_04119,Free,North,293,62,0,0,0.0,19.84,0.3,0.0,1.0,1.0276789547548596e-16,1,19.84,Books,1,24.71535836177474
U_04120,Free,South,597,13,0,2,0.0,24.68,4.637777777777778,7.46,9.555555555555555,-0.14285714285714288,1,24.68,Home,1,15.089112227805696
U_04121,Free,South,671,61,0,0,0.0,85.38,6.645555555555556,0.0,14.0,-0.14285714285714277,2,42.69,Beauty,1,46.44366616989567
U_04122,Pro,North,-69,88,0,0,0.0,30.8,6.20625,0.0,11.0,0.03571428571428577,1,30.8,Books,0,374.7333333333333
U_04123,Free,North,626,24,0,1,0.0,0.0,2.1855555555555557,0.0,4.111111111111111,0.14285714285714293,0,0.0,None,1,0.0
U_04124,Pro,South,764,23,0,2,0.0,262.39,4.212727272727272,0.0,8.909090909090908,0.14285714285714277,3,87.46333333333332,Books,1,125.35647905759161
U_04125,Free,South,570,99,0,0,0.0,0.0,0.95,0.0,2.0,0.0,0,0.0,None,1,0.0
U_04126,Pro,North,-133,2,3,6,0.0,184.28,9.799166666666666,9.552,22.041666666666668,0.09230769230769227,3,61.42666666666667,Electronics,0,2242.0733333333333
U_04127,Free,South,361,46,0,0,0.0,35.29,6.923571428571429,0.0,14.214285714285714,-0.04999999999999982,1,35.29,Grocery,1,35.681024930747924
U_04128,Free,North,73,0,1,4,0.0,6.62,5.731578947368421,3.92,12.368421052631579,0.01098901098901098,1,6.62,Home,0,33.1
U_04129,Free,South,773,14,0,2,0.0,78.12,5.514,0.0,12.8,0.03571428571428572,2,39.06,Fashion,0,36.88719275549806
U_04130,Pro,South,370,4,3,8,0.0,343.69,12.02135135135135,11.084999999999999,26.16216216216216,-0.010526315789473707,6,57.281666666666666,Fashion,0,339.04554054054057
U_04131,Enterprise,North,514,0,2,3,157.98000000000002,883.58,8.050416666666665,8.515,17.541666666666668,-0.03076923076923086,8,110.4475,Home,0,627.4449416342412
U_04132,Free,North,634,86,0,0,0.0,0.0,0.85,0.0,1.6,0.09999999999999981,0,0.0,None,1,0.0
U_04133,Pro,East,146,8,0,2,0.0,343.56,4.513571428571429,2.34,9.642857142857142,-0.09999999999999988,5,68.712,Beauty,1,858.9
U_04134,Free,West,467,33,0,0,0.0,0.0,6.8933333333333335,0.0,16.333333333333332,1.0276789547548596e-16,0,0.0,None,1,0.0
U_04135,Free,West,725,5,1,3,0.0,0.0,5.477692307692307,6.88,12.23076923076923,2.717544026635068e-17,0,0.0,None,0,0.0
U_04136,Free,West,-197,2,2,5,30.67,30.67,6.878636363636361,7.736666666666667,14.272727272727273,-0.06593406593406603,1,30.67,Sports,0,373.15166666666664
U_04137,Pro,South,339,97,0,0,85.89,200.19,1.0333333333333332,0.0,2.0,-1.0,2,100.095,Home,1,215.54380530973452
U_04138,Free,East,661,29,0,1,0.0,0.0,2.9655555555555555,0.0,6.111111111111111,0.03571428571428572,0,0.0,None,1,0.0
U_04139,Free,North,841,57,0,0,0.0,16.9,5.818181818181818,0.0,13.181818181818182,-0.030303030303030293,1,16.9,Grocery,1,7.334720570749107
U_04140,Free,West,156,59,0,0,0.0,7.91,8.246666666666664,0.0,16.75,-0.11904761904761882,1,7.91,Electronics,1,18.507371794871798
U_04141,Free,South,304,12,0,3,39.76,137.02,7.153499999999999,9.0,16.15,-0.052747252747252824,4,34.255,Books,0,164.5141447368421
U_04142,Pro,South,826,97,0,0,0.0,0.0,6.2725,0.0,13.625,-0.11428571428571434,0,0.0,None,1,0.0
U_04143,Free,East,351,55,0,0,0.0,22.1,9.024545454545454,0.0,17.545454545454547,-0.08333333333333326,1,22.1,Grocery,0,22.981481481481485
U_04144,Pro,West,63,3,1,5,123.25,266.4,8.108846153846152,8.559999999999999,17.26923076923077,0.012383900928792584,4,66.6,Electronics,0,1543.4285714285716
U_04145,Pro,West,280,121,0,0,0.0,0.0,5.52,0.0,14.0,0.0,0,0.0,None,1,0.0
U_04146,Free,South,603,63,0,0,0.0,83.66,8.869411764705882,0.0,19.58823529411765,0.10909090909090913,1,83.66,Beauty,1,50.639966832504136
U_04147,Free,North,321,13,0,2,0.0,0.0,8.081428571428571,2.2,18.285714285714285,-0.04411764705882352,0,0.0,None,0,0.0
U_04148,Free,West,208,0,2,7,22.44,71.77,11.694666666666668,12.1475,27.233333333333334,0.024767801857585137,3,23.923333333333332,Toys,0,125.94254807692307
U_04149,Free,South,158,9,0,4,0.0,89.88999999999999,8.915000000000001,7.985,19.875,-0.023529411764705823,2,44.94499999999999,Beauty,0,207.6572784810126
U_04150,Free,West,698,15,0,2,0.0,104.63,6.168333333333333,0.0,13.222222222222221,-0.05594405594405588,3,34.876666666666665,Toys,0,54.713395415472775
U_04151,Enterprise,North,-4,87,0,0,0.0,154.25,0.79,0.0,2.0,-7.850462293418875e-17,2,77.125,Electronics,1,1876.7083333333333
U_04152,Pro,East,-155,3,1,2,0.0,399.71,4.93076923076923,7.46,10.692307692307692,-0.10303030303030299,5,79.942,Fashion,0,4863.138333333333
U_04153,Enterprise,South,63,73,0,0,0.0,524.03,9.04888888888889,0.0,17.88888888888889,0.07142857142857148,5,104.806,Home,1,3036.0468253968247
U_04154,Enterprise,East,-61,0,3,7,234.21,943.2099999999999,8.712105263157895,8.016666666666667,18.736842105263158,-0.03859649122807012,5,188.642,Beauty,0,7040.131324358977
U_04155,Free,West,461,60,0,0,0.0,34.69,6.06,0.0,11.857142857142858,0.14285714285714274,1,34.69,Electronics,0,27.466052060737525
U_04156,Pro,South,-110,34,0,0,0.0,301.14,3.7800000000000002,0.0,8.285714285714286,4.8870404991229254e-17,3,100.38,Grocery,1,3663.87
U_04157,Free,West,659,18,0,3,8.47,105.78,9.792307692307693,0.0,22.153846153846153,0.0181818181818182,4,26.445,Sports,0,58.588315629742034
U_04158,Pro,North,611,13,0,3,90.0,265.84,6.3975,3.03,13.166666666666666,6.891831019251096e-19,4,66.46,Toys,0,158.80785597381342
U_04159,Free,South,215,2,1,5,0.0,15.34,7.737142857142858,9.09,18.047619047619047,-0.035714285714285685,1,15.34,Sports,0,26.04232558139535
U_04160,Free,North,-109,57,0,0,0.0,0.0,8.299375,0.0,17.6875,0.06293706293706294,0,0.0,None,0,0.0
U_04161,Pro,South,765,18,0,3,0.0,81.02000000000001,9.462173913043477,0.0,20.869565217391305,-0.0071428571428570975,2,40.510000000000005,Books,0,38.65660130718955
U_04162,Free,North,621,2,2,6,0.0,0.0,5.768000000000001,3.5650000000000004,13.533333333333333,0.04545454545454545,0,0.0,None,0,0.0
U_04163,Free,West,814,11,0,2,0.0,0.0,5.358571428571429,1.67,11.5,-0.04545454545454544,0,0.0,None,0,0.0
U_04164,Pro,South,385,9,0,1,0.0,238.69,2.275,1.68,5.25,-2.0083673326242142e-16,4,59.6725,Fashion,0,226.29051948051946
U_04165,Free,East,703,8,0,2,0.0,35.31,8.081052631578947,9.565,18.57894736842105,0.016176470588235344,2,17.655,Grocery,0,18.333072546230444
U_04166,Pro,South,648,23,0,1,0.0,51.46,2.8677777777777775,0.0,6.555555555555555,6.633138920230202e-17,1,51.46,Sports,1,28.98595679012346
U_04167,Free,North,54,74,0,0,0.0,0.0,4.6,0.0,10.3,9.396907759108502e-17,0,0.0,None,0,0.0
U_04168,Free,West,231,4,2,6,0.0,50.58,10.468571428571428,13.450000000000001,23.857142857142858,0.05294117647058828,1,50.58,Books,0,79.92077922077922
U_04169,Free,East,-149,1,1,3,0.0,64.72,9.736285714285716,8.8,21.685714285714287,-0.041558441558441524,2,32.36,Books,0,787.4266666666666
U_04170,Free,West,424,15,0,5,0.0,0.0,6.995,0.0,15.5625,0.0606060606060606,0,0.0,None,0,0.0
U_04171,Enterprise,West,129,75,0,0,64.78,120.43,4.176,0.0,8.4,-0.3000000000000005,2,60.215,Books,1,340.7515503875969
U_04172,Free,West,839,30,0,0,13.29,56.669999999999995,9.659047619047621,0.0,20.19047619047619,-0.016483516483516432,3,18.889999999999997,Sports,0,24.653814064362336
U_04173,Pro,North,-158,73,0,0,0.0,0.0,2.8875,0.0,6.25,-0.5,0,0.0,None,1,0.0
U_04174,Free,East,604,5,2,4,0.0,52.849999999999994,9.376451612903226,10.97,20.70967741935484,-0.01715686274509798,2,26.424999999999997,Books,0,31.937499999999996
U_04175,Free,North,344,0,1,1,38.89,38.89,6.1226666666666665,8.42,12.6,-0.07272727272727263,2,19.445,Electronics,0,41.2640988372093
U_04176,Free,South,307,0,1,3,0.0,60.099999999999994,7.60206896551724,10.11,16.75862068965517,0.07205882352941177,2,30.049999999999997,Fashion,0,71.45439739413679
U_04177,Pro,North,-158,11,0,3,159.32999999999998,235.06,8.466666666666667,9.059999999999999,17.733333333333334,0.038461538461538526,4,58.765,Grocery,0,2859.896666666667
U_04178,Pro,West,328,9,0,6,0.0,51.53,5.276666666666666,0.3,11.80952380952381,0.021428571428571443,1,51.53,Home,0,57.34283536585366
U_04179,Free,North,-205,2,2,5,0.0,28.92,11.294473684210528,11.116666666666667,24.973684210526315,-0.012987012987012955,1,28.92,Books,0,351.86
U_04180,Free,South,190,77,0,0,0.0,0.0,6.08375,0.0,12.875,6.729156486047637e-17,0,0.0,None,0,0.0
U_04181,Free,East,622,59,0,0,0.0,0.0,3.395,0.0,7.0,-7.850462293418875e-17,0,0.0,None,1,0.0
U_04182,Pro,South,-36,9,0,2,0.0,186.5,4.712727272727273,5.56,9.636363636363637,-0.026373626373626433,4,46.625,Fashion,0,2269.0833333333335
U_04183,Free,South,637,78,0,0,0.0,0.0,0.9299999999999998,0.0,2.3333333333333335,1.0276789547548596e-16,0,0.0,None,1,0.0
U_04184,Free,East,-213,3,1,6,69.96,69.96,5.921428571428571,9.76,12.523809523809524,0.013235294117647064,1,69.96,Home,0,851.18
U_04185,Pro,West,366,18,0,1,0.0,125.92,2.097,0.0,4.1,-0.11904761904761889,1,125.92,Grocery,1,125.57595628415301
U_04186,Pro,East,611,93,0,0,0.0,0.0,3.3666666666666667,0.0,6.666666666666667,1.0276789547548596e-16,0,0.0,None,1,0.0
U_04187,Enterprise,West,-172,35,0,0,0.0,229.63,3.306666666666667,0.0,5.666666666666667,-1.0,2,114.815,Fashion,1,2793.8316666666665
U_04188,Free,East,509,0,1,3,0.0,54.63,6.342352941176471,1.75,13.823529411764707,0.0604395604395605,1,54.63,Grocery,0,39.17475442043222
U_04189,Free,West,419,38,0,0,0.0,0.0,4.36,0.0,9.857142857142858,0.08571428571428573,0,0.0,None,1,0.0
U_04190,Pro,West,487,8,0,5,37.04,250.41,7.9303225806451625,1.72,17.516129032258064,0.019607843137254895,3,83.47,Beauty,0,187.67895277207393
U_04191,Free,South,140,8,0,4,56.88,56.88,6.901875,6.7,15.25,-0.08484848484848481,2,28.44,Fashion,0,148.29428571428573
U_04192,Enterprise,East,828,1,1,1,134.97,348.00000000000006,7.8021052631578955,7.39,18.210526315789473,-0.03846153846153838,6,58.00000000000001,Home,0,153.4057971014493
U_04193,Pro,East,454,1,1,3,0.0,147.61,7.415238095238095,5.28,16.428571428571427,-0.07142857142857141,2,73.805,Grocery,0,118.67323788546257
U_04194,Free,North,680,4,1,2,0.0,0.0,5.045333333333334,4.78,10.8,-0.03296703296703293,0,0.0,None,0,0.0
U_04195,Free,South,-30,1,1,5,0.0,116.67,9.023888888888889,11.3,19.61111111111111,3.495721334151733e-17,3,38.89,Toys,0,1419.4850000000001
U_04196,Pro,South,852,20,0,2,0.0,91.57,5.530833333333333,0.0,10.916666666666666,-0.012121212121212066,2,45.785,Beauty,0,39.22893192488263
U_04197,Enterprise,East,205,12,0,4,156.54999999999998,650.28,7.509090909090909,2.02,16.045454545454547,-0.16083916083916067,6,108.38,Grocery,0,1157.8156097560975
U_04198,Enterprise,West,578,141,0,0,0.0,0.0,0.3,0.0,1.0,0.0,0,0.0,None,1,0.0
U_04199,Free,West,368,22,0,1,0.0,0.0,2.066,0.0,3.8,-0.3000000000000005,0,0.0,None,1,0.0
U_04200,Pro,West,254,107,0,0,0.0,70.41,5.724,0.0,11.4,0.29999999999999977,1,70.41,Electronics,1,101.17972440944882
U_04201,Free,South,94,34,0,0,0.0,41.94,5.42125,0.0,11.875,-0.07142857142857137,1,41.94,Beauty,1,162.85212765957445
U_04202,Free,South,706,96,0,0,0.0,16.65,5.81,0.0,12.714285714285714,-6.783020765448988e-17,1,16.65,Beauty,0,8.608002832861189
U_04203,Pro,North,596,7,0,5,118.12,125.68,7.4766666666666675,8.55,16.19047619047619,-0.013235294117647034,2,62.84,Books,0,76.96845637583894
U_04204,Pro,North,724,30,0,0,86.82,375.81,5.285882352941177,0.0,11.529411764705882,-0.06666666666666664,7,53.68714285714286,Books,0,189.46222375690607
U_04205,Enterprise,East,-171,0,2,9,0.0,450.73999999999995,10.821333333333333,9.033333333333333,25.1,0.04166666666666672,5,90.148,Toys,0,5484.003333333333
U_04206,Free,North,694,16,0,3,0.0,0.0,3.9354545454545447,0.0,8.181818181818182,-0.03333333333333332,0,0.0,None,0,0.0
U_04207,Free,East,706,4,1,8,0.0,0.0,7.615925925925927,7.1,16.11111111111111,0.004411764705882372,0,0.0,None,0,0.0
U_04208,Free,East,296,71,0,0,0.0,0.0,3.152,0.0,6.6,-1.0507920739455759e-16,0,0.0,None,1,0.0
U_04209,Enterprise,West,233,3,2,2,73.31,767.8299999999999,7.295263157894738,7.905,15.578947368421053,0.02417582417582409,7,109.68999999999998,Grocery,0,1202.8238197424891
U_04210,Free,West,-93,1,1,4,0.0,50.08,8.206315789473685,8.656666666666666,15.894736842105264,-0.06043956043956045,1,50.08,Grocery,0,609.3066666666666
U_04211,Pro,North,792,2,1,5,12.55,444.17999999999995,11.207586206896552,9.61,24.96551724137931,0.017156862745098072,8,55.522499999999994,Sports,0,204.70416666666665
U_04212,Free,East,603,10,0,7,5.7,62.5,10.7872,10.85,24.24,0.05392156862745097,3,20.833333333333332,Electronics,0,37.83167495854063
U_04213,Free,North,674,34,0,0,0.0,0.0,5.6225000000000005,0.0,12.375,-0.018181818181818188,0,0.0,None,1,0.0
U_04214,Pro,West,228,7,0,3,0.0,45.32,5.481250000000001,9.42,12.3125,-0.11888111888111891,2,22.66,Beauty,0,72.55175438596491
U_04215,Pro,North,370,13,0,2,63.53,235.09,7.536470588235295,8.51,16.058823529411764,-0.01098901098901099,4,58.7725,Grocery,0,231.9131081081081
U_04216,Enterprise,East,417,21,0,2,138.75,988.0899999999999,9.576470588235294,0.0,22.647058823529413,-0.027272727272727233,10,98.809,Books,1,864.8749400479616
U_04217,Free,North,-95,1,1,4,0.0,93.9,5.996999999999999,5.484999999999999,13.8,-0.04395604395604395,2,46.95,Beauty,0,1142.45
U_04218,Pro,South,147,21,0,2,131.46,310.32000000000005,4.8549999999999995,0.0,10.666666666666666,0.19999999999999984,2,155.16000000000003,Books,1,770.522448979592
U_04219,Pro,East,-64,5,1,6,204.8,524.0999999999999,7.356153846153846,9.0,14.807692307692308,0.020588235294117657,6,87.34999999999998,Electronics,0,6376.549999999998
U_04220,Pro,North,-168,72,0,0,0.0,233.83999999999997,8.827142857142858,0.0,16.857142857142858,-0.3000000000000004,3,77.94666666666666,Grocery,1,2845.0533333333333
U_04221,Free,South,566,22,0,1,28.99,28.99,4.265555555555556,0.0,8.222222222222221,0.011904761904761946,1,28.99,Toys,0,18.694964664310955
U_04222,Pro,South,-152,54,0,0,0.0,125.4,7.8950000000000005,0.0,17.6,0.047619047619047665,2,62.7,Electronics,1,1525.7000000000003
U_04223,Free,North,418,21,0,1,0.0,9.83,6.330666666666665,0.0,14.533333333333333,-0.06363636363636352,1,9.83,Books,1,8.583612440191388
U_04224,Pro,South,798,16,0,2,0.0,104.96,3.51375,0.0,7.625,6.729156486047637e-17,2,52.48,Fashion,1,48.00802005012531
U_04225,Free,East,-123,107,0,0,0.0,0.0,2.306,0.0,5.6,-0.9999999999999998,0,0.0,None,1,0.0
U_04226,Free,East,742,4,2,7,0.0,10.5,9.493548387096775,7.489999999999999,22.548387096774192,0.01547987616099072,1,10.5,Books,0,5.165094339622642
U_04227,Free,North,834,4,1,7,0.0,103.4,6.072380952380952,6.739999999999999,13.142857142857142,0.030882352941176496,3,34.46666666666667,Fashion,0,45.252997601918466
U_04228,Enterprise,North,544,7,0,3,0.0,467.71999999999997,5.772777777777778,2.11,13.777777777777779,-0.04195804195804195,4,116.92999999999999,Fashion,0,313.8194852941176
U_04229,Pro,East,544,30,0,0,0.0,252.16,10.006666666666666,0.0,21.916666666666668,0.08333333333333333,4,63.04,Fashion,0,169.18823529411765
U_04230,Free,West,-178,6,1,4,0.0,0.0,6.163529411764706,10.16,11.529411764705882,0.017482517482517515,0,0.0,None,0,0.0
U_04231,Free,East,-75,105,0,0,0.0,0.0,1.698,0.0,3.4,2.999999999999999,0,0.0,None,1,0.0
U_04232,Enterprise,North,405,73,0,0,0.0,551.25,5.299285714285714,0.0,10.428571428571429,7.444876247950342e-17,4,137.8125,Sports,1,496.8055555555556
U_04233,Free,North,288,3,1,1,0.0,56.33,8.693999999999999,1.66,18.866666666666667,-0.04999999999999989,2,28.165,Toys,0,71.39045138888889
U_04234,Pro,North,-52,38,0,0,0.0,69.49000000000001,6.345882352941176,0.0,14.0,0.043956043956043994,2,34.745000000000005,Beauty,1,845.4616666666667
U_04235,Pro,North,-8,58,0,0,0.0,37.93,7.339230769230769,0.0,17.384615384615383,0.22619047619047616,1,37.93,Grocery,1,461.4816666666667
U_04236,Pro,East,156,67,0,0,0.0,29.53,5.545,0.0,12.0,-0.09523809523809514,1,29.53,Grocery,1,69.09262820512821
U_04237,Free,West,306,56,0,0,0.0,0.0,4.484545454545454,0.0,8.909090909090908,0.0833333333333334,0,0.0,None,1,0.0
U_04238,Pro,West,728,23,0,3,87.68,87.68,8.475,0.0,17.90909090909091,0.11538461538461543,1,87.68,Fashion,0,43.96043956043956
U_04239,Pro,West,593,0,1,1,123.36,355.86,9.800333333333334,6.67,20.066666666666666,-0.014705882352941112,4,88.965,Fashion,0,219.03693086003375
U_04240,Free,East,151,89,0,0,0.0,21.58,7.405,0.0,16.333333333333332,-0.20000000000000015,1,21.58,Home,0,52.16357615894039
U_04241,Pro,South,228,5,1,1,0.0,0.0,3.718,5.36,7.6,9.503933725077675e-17,0,0.0,None,0,0.0
U_04242,Enterprise,North,-1,78,0,0,76.57,117.97999999999999,4.01,0.0,8.777777777777779,0.028571428571428543,2,58.989999999999995,Electronics,1,1435.4233333333332
U_04243,Enterprise,South,-106,37,0,0,0.0,0.0,4.286666666666666,0.0,9.333333333333334,1.0276789547548596e-16,0,0.0,None,1,0.0
U_04244,Pro,North,-173,3,2,5,398.83000000000004,478.88,7.860454545454547,9.469999999999999,17.636363636363637,0.03571428571428569,8,59.86,Books,0,5826.373333333334
U_04245,Free,North,647,39,0,0,0.0,48.129999999999995,7.014347826086954,0.0,15.608695652173912,0.07142857142857147,3,16.043333333333333,Toys,0,27.15216383307573
U_04246,Free,North,771,12,0,3,0.0,0.0,5.685,4.92,11.722222222222221,0.004395604395604341,0,0.0,None,0,0.0
U_04247,Free,West,-104,12,0,3,0.0,26.03,3.9150000000000005,7.45,8.416666666666666,-0.023809523809523662,1,26.03,Beauty,0,316.6983333333333
U_04248,Free,South,245,1,1,3,0.0,117.91999999999999,9.285909090909092,11.19,20.363636363636363,-0.07857142857142854,3,39.306666666666665,Electronics,0,175.67673469387753
U_04249,Free,North,659,14,0,2,0.0,0.0,4.520588235294118,0.0,9.941176470588236,-0.002197802197802258,0,0.0,None,0,0.0
U_04250,Pro,South,115,33,0,0,0.0,59.72,4.055000000000001,0.0,9.5,7.951207131982424e-18,1,59.72,Grocery,1,189.54608695652172
U_04251,Free,South,580,33,0,0,0.0,35.74,4.09125,0.0,9.875,0.07142857142857151,1,35.74,Toys,0,22.49155172413793
U_04252,Free,East,600,3,1,9,0.0,0.0,9.462121212121213,8.582,21.333333333333332,0.05056759545923636,0,0.0,None,0,0.0
U_04253,Free,South,462,92,0,0,0.0,63.97,3.7542857142857144,0.0,7.142857142857143,0.19999999999999996,2,31.985,Books,0,50.53906926406926
U_04254,Free,North,294,101,0,0,0.0,49.07,4.747142857142856,0.0,11.142857142857142,0.09999999999999959,1,49.07,Home,1,60.9202380952381
U_04255,Pro,North,130,113,0,0,0.0,0.0,0.3,0.0,1.0,0.0,0,0.0,None,1,0.0
U_04256,Pro,South,774,50,0,0,0.0,56.1,2.7399999999999998,0.0,5.714285714285714,-0.14285714285714293,1,56.1,Fashion,1,26.455426356589147
U_04257,Free,South,62,83,0,0,0.0,37.28,4.43,0.0,10.333333333333334,1.0276789547548596e-16,1,37.28,Beauty,0,219.47096774193548
U_04258,Pro,East,187,20,0,1,0.0,63.78,3.7842857142857143,0.0,6.714285714285714,-0.08571428571428566,1,63.78,Beauty,1,124.4903743315508
U_04259,Free,East,350,85,0,0,0.0,0.0,5.8740000000000006,0.0,12.2,-1.0507920739455759e-16,0,0.0,None,1,0.0
U_04260,Pro,West,136,2,1,5,14.16,188.95000000000002,8.719259259259259,3.75,19.48148148148148,0.0010319917440660524,4,47.237500000000004,Toys,1,507.108455882353
U_04261,Pro,West,0,13,0,2,165.79,165.79,4.989166666666667,9.5,11.75,0.009090909090909092,2,82.895,Books,0,2017.1116666666665
U_04262,Free,East,842,88,0,0,0.0,23.92,5.510000000000001,0.0,12.11111111111111,0.10714285714285716,1,23.92,Beauty,1,10.369121140142518
U_04263,Pro,North,346,90,0,0,0.0,0.0,0.3,0.0,1.0,-0.5,0,0.0,None,1,0.0
U_04264,Free,North,130,4,1,4,0.0,0.0,9.074761904761905,10.79,21.238095238095237,0.06071428571428572,0,0.0,None,0,0.0
U_04265,Enterprise,East,97,15,0,2,85.38,338.62,5.038,0.0,9.8,0.34285714285714286,5,67.724,Sports,1,1274.1886597938144
U_04266,Free,West,162,76,0,0,0.0,0.0,9.645,0.0,18.5,-7.850462293418875e-17,0,0.0,None,1,0.0
U_04267,Free,East,660,34,0,0,0.0,48.31,5.0295,0.0,9.9,-0.004395604395604423,2,24.155,Electronics,0,26.71689393939394
U_04268,Free,East,-169,121,0,0,0.0,36.95,0.3,0.0,1.0,-7.850462293418875e-17,1,36.95,Home,1,449.55833333333334
U_04269,Free,South,15,17,0,2,0.0,0.0,3.135,0.0,6.75,0.05494505494505499,0,0.0,None,1,0.0
U_04270,Free,North,604,11,0,4,0.0,18.84,6.339565217391304,2.91,14.652173913043478,-0.0014705882352941092,1,18.84,Electronics,0,11.385099337748343
U_04271,Enterprise,West,393,2,1,6,53.0,431.77,8.77090909090909,7.125,19.545454545454547,-0.014705882352941178,6,71.96166666666666,Books,0,401.0077608142493
U_04272,Free,South,-169,13,0,1,25.43,40.08,5.694347826086957,2.44,12.173913043478262,-0.017156862745098006,2,20.04,Books,0,487.63999999999993
U_04273,Enterprise,South,632,57,0,0,0.0,167.48,5.301333333333334,0.0,10.4,-0.20238095238095208,3,55.82666666666666,Grocery,1,96.72499999999998
U_04274,Pro,West,416,7,0,1,47.54,112.75,3.61375,0.38,8.0,-4.514544854190959e-17,3,37.583333333333336,Electronics,1,98.92728365384616
U_04275,Pro,East,-173,16,0,3,12.96,222.1,8.40125,0.0,17.625,-0.03296703296703291,4,55.525,Sports,0,2702.2166666666667
U_04276,Free,North,-107,9,0,4,0.0,69.26,5.242857142857143,9.25,11.785714285714286,-0.08333333333333319,1,69.26,Fashion,0,842.6633333333334
U_04277,Pro,East,605,18,0,1,0.0,59.23,2.9606666666666666,0.0,6.6,0.003496503496503486,1,59.23,Sports,0,35.73380165289256
U_04278,Pro,North,69,1,1,7,0.0,216.92000000000002,8.2578125,10.02,18.5625,-0.009022556390977496,3,72.30666666666667,Grocery,0,1147.4753623188408
U_04279,Free,North,469,23,0,1,0.0,0.0,3.089166666666666,0.0,6.666666666666667,-0.06666666666666664,0,0.0,None,0,0.0
U_04280,Pro,South,145,2,2,5,0.0,240.54000000000002,10.441739130434783,9.8775,21.869565217391305,0.02794117647058827,4,60.135000000000005,Books,0,605.4972413793104
U_04281,Enterprise,South,35,26,0,1,0.0,0.0,5.439285714285714,0.0,12.428571428571429,-0.06060606060606056,0,0.0,None,0,0.0
U_04282,Free,North,717,2,1,4,0.0,41.71,7.593636363636364,5.516666666666666,15.545454545454545,-0.013186813186813182,1,41.71,Sports,0,21.233124128312415
U_04283,Free,East,615,24,0,3,0.0,22.75,6.896875,0.0,14.5,0.06993006993006992,1,22.75,Toys,0,13.502032520325205
U_04284,Free,North,623,1,2,8,0.0,228.39999999999998,10.646129032258065,10.557500000000001,22.032258064516128,0.021804511278195462,4,57.099999999999994,Fashion,0,133.81380417335473
U_04285,Free,South,569,4,1,7,0.0,32.2,6.704736842105263,7.0425,14.368421052631579,0.04545454545454547,1,32.2,Books,0,20.65553602811951
U_04286,Enterprise,West,814,66,0,0,0.0,266.26,4.814285714285715,0.0,9.571428571428571,0.02857142857142864,2,133.13,Beauty,0,119.39176904176905
U_04287,Free,West,708,5,1,6,0.0,18.99,6.710476190476191,5.746666666666667,15.80952380952381,0.014285714285714285,1,18.99,Home,0,9.790042372881356
U_04288,Pro,East,420,7,0,7,0.0,71.34,5.902799999999998,5.85,13.76,0.05494505494505494,1,71.34,Beauty,0,61.99785714285715
U_04289,Free,West,404,6,1,1,0.0,75.56,7.643157894736842,10.42,16.42105263157895,-0.09999999999999992,2,37.78,Home,0,68.26584158415841
U_04290,Free,South,770,4,1,6,0.0,0.0,7.083043478260871,4.736666666666667,16.17391304347826,0.024175824175824118,0,0.0,None,0,0.0
U_04291,Free,East,232,12,0,2,0.0,0.0,3.382727272727273,2.3,6.818181818181818,0.016666666666666666,0,0.0,None,0,0.0
U_04292,Free,South,-152,62,0,0,0.0,64.05,1.7462499999999999,0.0,4.25,-0.2285714285714286,1,64.05,Books,0,779.275
U_04293,Free,West,237,64,0,0,0.0,35.69,4.531000000000001,0.0,10.3,1.8904300554323923e-17,1,35.69,Toys,1,54.96561181434598
U_04294,Free,South,473,10,0,7,0.0,0.0,5.916666666666666,2.885,12.222222222222221,0.13636363636363638,0,0.0,None,1,0.0
U_04295,Pro,East,102,3,2,6,0.0,121.72,8.566551724137932,8.42,19.275862068965516,-0.05614035087719305,2,60.86,Beauty,0,435.56666666666666
U_04296,Pro,East,386,5,1,2,0.0,84.53,7.863333333333332,5.14,15.666666666666666,-0.059440559440559336,2,42.265,Home,0,79.93121761658031
U_04297,Pro,South,666,11,0,5,0.0,158.04000000000002,9.752222222222223,11.780000000000001,22.37037037037037,-0.029411764705882342,3,52.68000000000001,Sports,0,86.61351351351352
U_04298,Free,East,339,0,2,7,0.0,49.06,9.856071428571429,9.51,21.178571428571427,0.012254901960784331,2,24.53,Books,0,52.82271386430679
U_04299,Pro,North,834,5,1,1,0.0,171.19,5.601666666666667,0.09,11.0,0.07142857142857136,2,85.595,Books,1,74.9212829736211
U_04300,Free,East,132,7,0,1,0.0,20.92,2.8800000000000003,0.3,7.0,-0.20000000000000015,1,20.92,Books,0,57.84696969696971
U_04301,Pro,North,681,31,0,0,0.0,0.0,2.3433333333333333,0.0,4.5,-0.20000000000000015,0,0.0,None,1,0.0
U_04302,Pro,East,458,47,0,0,0.0,0.0,1.71,0.0,3.0,-7.850462293418875e-17,0,0.0,None,1,0.0
U_04303,Enterprise,South,-174,28,0,1,0.0,254.13,8.158181818181818,0.0,14.909090909090908,0.06666666666666665,2,127.065,Fashion,0,3091.915
U_04304,Free,East,35,27,0,1,0.0,0.0,5.644615384615386,0.0,12.076923076923077,-0.0545454545454546,0,0.0,None,0,0.0
U_04305,Enterprise,West,-38,45,0,0,0.0,507.34,5.944615384615385,0.0,11.76923076923077,0.024475524475524493,5,101.46799999999999,Sports,0,6172.636666666666
U_04306,Free,West,168,80,0,0,0.0,0.0,0.79,0.0,1.6666666666666667,1.0276789547548596e-16,0,0.0,None,1,0.0
U_04307,Free,East,176,32,0,0,0.0,0.0,1.27,0.0,3.3333333333333335,1.0276789547548596e-16,0,0.0,None,1,0.0
U_04308,Enterprise,South,101,27,0,1,136.22,480.01,4.003636363636364,0.0,8.909090909090908,-0.13095238095238074,4,120.0025,Home,0,1734.689603960396
U_04309,Enterprise,West,-178,8,0,5,0.0,120.28,3.3550000000000004,4.1,8.0,0.09999999999999996,2,60.14,Books,0,1463.4066666666665
U_04310,Free,West,643,76,0,0,0.0,132.18,8.08,0.0,18.923076923076923,-0.016666666666666507,2,66.09,Grocery,1,75.03219284603422
U_04311,Free,East,36,22,0,3,0.0,0.0,5.868571428571429,0.0,12.619047619047619,-0.050549450549450654,0,0.0,None,1,0.0
U_04312,Pro,East,532,4,1,3,0.0,180.18,5.028181818181817,3.575,12.272727272727273,-0.06666666666666662,2,90.09,Books,0,123.61973684210527
U_04313,Free,South,580,10,0,1,0.0,48.24,6.526428571428572,0.24,13.785714285714286,0.03636363636363639,1,48.24,Electronics,1,30.357931034482764
U_04314,Free,North,-23,5,1,2,0.0,78.61,4.093846153846153,5.32,8.76923076923077,-2.0460742123424134e-19,4,19.6525,Sports,0,956.4216666666667
U_04315,Enterprise,South,212,104,0,0,0.0,41.28,4.808181818181818,0.0,9.363636363636363,0.14285714285714282,1,41.28,Beauty,0,71.07169811320755
U_04316,Free,South,-53,34,0,0,0.0,32.07,7.379230769230769,0.0,16.23076923076923,-0.2023809523809522,2,16.035,Home,1,390.185
U_04317,Free,North,-80,2,1,7,9.91,135.18,11.333333333333334,12.93,23.916666666666668,0.04411764705882353,3,45.06,Toys,0,1644.69
U_04318,Pro,South,225,999,0,0,0.0,0.0,0.0,0.0,0.0,0.0,0,0.0,None,0,0.0
U_04319,Free,East,641,6,1,2,0.0,35.57,3.3090909090909095,5.27,7.545454545454546,4.3903977023783285e-17,2,17.785,Toys,0,20.254368174726988
U_04320,Free,North,837,6,1,4,0.0,46.65,8.81818181818182,8.83,19.272727272727273,0.025,2,23.325,Fashion,0,20.343189964157705
U_04321,Free,West,282,48,0,0,0.0,36.83,4.517142857142858,0.0,9.714285714285714,-0.028571428571428543,1,36.83,Sports,1,47.6700354609929
U_04322,Pro,North,79,12,0,4,8.58,143.09,6.0210526315789465,4.55,13.157894736842104,0.01978021978021972,4,35.7725,Home,0,661.1120253164557
U_04323,Free,South,562,82,0,0,0.0,9.32,4.066666666666666,0.0,9.666666666666666,-0.20000000000000015,1,9.32,Sports,1,6.053024911032028
U_04324,Pro,East,778,79,0,0,0.0,90.97999999999999,7.103999999999998,0.0,15.533333333333333,0.1071428571428571,2,45.489999999999995,Books,0,42.68341902313624
U_04325,Free,West,847,34,0,0,0.0,0.0,10.236875000000001,0.0,25.0625,-0.07692307692307689,0,0.0,None,1,0.0
U_04326,Free,East,668,0,1,3,0.0,78.96000000000001,7.2645454545454555,5.01,15.636363636363637,-0.05454545454545458,3,26.320000000000004,Sports,0,43.144311377245515
U_04327,Free,East,111,0,2,8,0.0,52.73,7.909696969696969,5.993333333333332,16.848484848484848,-0.011351909184726462,1,52.73,Electronics,0,173.39144144144143
U_04328,Enterprise,North,848,66,0,0,0.0,314.90999999999997,5.3100000000000005,0.0,11.727272727272727,-0.1071428571428569,3,104.96999999999998,Toys,1,135.54498820754714
U_04329,Free,North,607,2,2,8,0.0,96.07000000000001,7.3776,5.715999999999999,16.2,0.007352941176470633,3,32.02333333333333,Grocery,0,57.76861614497529
U_04330,Pro,North,570,43,0,0,0.0,146.73999999999998,6.4,0.0,13.88888888888889,-0.011904761904761871,3,48.91333333333333,Toys,0,93.96508771929823
U_04331,Free,East,94,22,0,1,0.0,0.0,4.13,0.0,8.8,0.07142857142857154,0,0.0,None,1,0.0
U_04332,Free,North,-200,127,0,0,0.0,43.05,2.5549999999999997,0.0,7.0,-7.850462293418875e-17,1,43.05,Toys,1,523.775
U_04333,Pro,East,832,19,0,1,0.0,0.0,1.5566666666666666,0.0,3.0,1.0276789547548596e-16,0,0.0,None,1,0.0
U_04334,Free,South,731,74,0,0,0.0,0.0,4.746666666666666,0.0,10.333333333333334,1.0276789547548596e-16,0,0.0,None,1,0.0
U_04335,Pro,South,-144,28,0,1,0.0,203.76,3.9807142857142854,0.0,7.857142857142857,0.016666666666666854,2,101.88,Home,1,2479.08
U_04336,Free,West,-181,113,0,0,0.0,45.58,0.5266666666666667,0.0,1.0,0.9999999999999998,1,45.58,Books,1,554.5566666666666
U_04337,Free,South,694,8,0,5,0.0,27.18,10.150689655172414,9.146666666666667,22.413793103448278,0.03214285714285717,2,13.59,Books,0,14.294956772334293
U_04338,Pro,North,495,57,0,0,0.0,21.85,1.36,0.0,4.0,1.0276789547548596e-16,1,21.85,Sports,0,16.111616161616162
U_04339,Pro,West,296,6,1,3,0.0,507.93,9.598928571428573,8.47,20.464285714285715,-0.0367647058823529,7,72.56142857142858,Toys,0,626.3326013513513
U_04340,Enterprise,West,511,64,0,0,25.51,25.51,4.661666666666666,0.0,10.0,0.19999999999999996,1,25.51,Grocery,1,18.22142857142857
U_04341,Enterprise,North,408,6,1,8,40.73,906.9599999999999,9.749677419354837,8.700000000000001,20.516129032258064,0.044117647058823546,11,82.45090909090908,Beauty,0,811.3735294117646
U_04342,Pro,South,342,67,0,0,0.0,177.15,8.181428571428572,0.0,17.0,1.4132889073208363e-17,3,59.050000000000004,Electronics,1,189.06359649122808
U_04343,Free,South,577,34,0,0,0.0,0.0,6.16076923076923,0.0,14.307692307692308,-0.06666666666666671,0,0.0,None,0,0.0
U_04344,Free,West,794,9,0,3,0.0,148.09,7.6692857142857145,6.930000000000001,16.178571428571427,0.075,4,37.0225,Electronics,0,68.07663727959698
U_04345,Free,West,763,4,1,2,0.0,56.33,5.749047619047619,3.23,12.19047619047619,0.08041958041958043,1,56.33,Electronics,0,26.946854521625166
U_04346,Free,East,679,3,2,4,0.0,135.78,6.9375,6.489999999999999,15.958333333333334,-0.002450980392156817,3,45.26,Fashion,0,72.98924889543446
U_04347,Pro,South,755,2,2,5,0.0,0.0,6.258235294117647,4.605,13.529411764705882,0.05934065934065933,0,0.0,None,0,0.0
U_04348,Free,West,187,4,2,3,0.0,0.0,7.599499999999999,7.593333333333334,15.9,-0.04642857142857141,0,0.0,None,0,0.0
U_04349,Free,East,110,1,4,8,93.36,106.99,9.215428571428571,9.842,19.97142857142857,0.01879699248120299,2,53.495,Books,0,355.0122727272727
U_04350,Pro,West,572,29,0,1,0.0,43.11,5.2941176470588225,0.0,12.529411764705882,-0.10303030303030307,1,43.11,Sports,1,27.509003496503496
U_04351,Free,South,9,0,3,7,0.0,62.61,5.5175,7.069999999999999,11.65,0.04642857142857144,1,62.61,Grocery,0,761.7550000000001
U_04352,Free,North,76,0,4,7,0.0,28.75,12.591724137931035,12.291666666666666,28.79310344827586,0.06617647058823527,1,28.75,Fashion,0,138.07565789473685
U_04353,Pro,West,488,2,2,3,67.72,548.71,9.640370370370372,12.020000000000001,21.14814814814815,0.04852941176470588,5,109.742,Home,0,410.4080942622951
U_04354,Pro,South,328,5,1,7,0.0,212.59,8.408695652173913,10.704999999999998,18.956521739130434,0.03571428571428575,4,53.1475,Electronics,0,236.57118902439026
U_04355,Pro,North,652,87,0,0,0.0,78.39,9.430769230769231,0.0,22.384615384615383,0.035714285714285844,3,26.13,Sports,0,43.883972392638036
U_04356,Free,West,-138,91,0,0,0.0,0.0,0.3,0.0,1.0,0.0,0,0.0,None,1,0.0
U_04357,Free,East,255,1,2,4,21.63,21.63,6.875,7.705,14.666666666666666,0.024509803921568617,1,21.63,Fashion,0,30.960588235294114
U_04358,Pro,West,798,62,0,0,0.0,349.35,5.071428571428571,0.0,11.285714285714286,-6.783020765448988e-17,3,116.45,Electronics,1,159.7904135338346
U_04359,Free,South,688,12,0,3,13.32,13.32,6.108666666666667,1.12,14.133333333333333,0.05244755244755244,1,13.32,Home,0,7.066569767441861
U_04360,Pro,South,114,3,1,7,26.74,427.14,8.822380952380952,10.92,21.61904761904762,0.021978021978022018,6,71.19,Toys,0,1367.5973684210526
U_04361,Enterprise,North,442,19,0,1,0.0,85.14,2.716,0.0,5.0,-8.265272983342958e-17,1,85.14,Toys,0,70.3079185520362
U_04362,Pro,West,88,53,0,0,0.0,84.18,3.4814285714285718,0.0,7.285714285714286,0.02857142857142864,2,42.09,Beauty,1,349.15568181818185
U_04363,Pro,West,608,14,0,1,0.0,45.08,5.508,0.0,12.4,-0.016666666666666528,2,22.54,Electronics,1,27.06282894736842
U_04364,Free,West,3,24,0,1,0.0,0.0,7.214210526315789,0.0,15.789473684210526,-0.010714285714285681,0,0.0,None,1,0.0
U_04365,Free,South,-2,3,2,4,136.29000000000002,148.32,11.787692307692307,11.73,25.46153846153846,0.05147058823529411,4,37.08,Toys,0,1804.56
U_04366,Pro,East,752,1,1,6,16.86,219.89999999999998,9.32090909090909,9.379999999999999,20.21212121212121,-0.07205882352941172,7,31.41428571428571,Toys,0,106.73337765957446
U_04367,Pro,North,228,2,1,4,0.0,357.09000000000003,6.790869565217393,3.49,15.434782608695652,0.001470588235294125,5,71.418,Home,0,571.6572368421054
U_04368,Free,South,649,8,0,4,0.0,0.0,6.3082352941176465,4.49,13.470588235294118,-0.03146853146853143,0,0.0,None,0,0.0
U_04369,Enterprise,North,98,10,0,5,183.82,1008.06,5.124666666666666,4.88,11.2,0.03846153846153849,5,201.612,Sports,0,3754.509183673469
U_04370,Free,East,-5,2,3,8,26.6,116.9,11.278444444444444,10.61,26.0,-0.029824561403508736,4,29.225,Fashion,0,1422.2833333333335
U_04371,Pro,East,9,82,0,0,41.75,41.75,4.6775,0.0,9.375,-0.11428571428571437,1,41.75,Books,1,507.9583333333333
U_04372,Free,South,606,27,0,1,61.18,110.1,8.91,0.0,18.96,-0.04285714285714288,4,27.525,Electronics,0,66.31435643564356
U_04373,Pro,South,753,25,0,1,0.0,242.01,8.43578947368421,0.0,18.210526315789473,-0.10909090909090902,4,60.5025,Toys,0,117.30896414342628
U_04374,Pro,East,145,14,0,3,54.33,156.81,4.4635,0.0,9.65,-0.060439560439560405,2,78.405,Toys,0,394.72862068965514
U_04375,Free,East,250,0,1,6,8.72,8.72,6.653636363636365,6.579999999999999,13.409090909090908,-0.007142857142857158,1,8.72,Home,0,12.731200000000001
U_04376,Enterprise,West,705,27,0,1,168.36,724.1200000000001,5.963636363636363,0.0,13.909090909090908,-0.016666666666666663,6,120.68666666666668,Books,1,374.89900709219864
U_04377,Pro,East,647,23,0,1,0.0,0.0,3.0563636363636366,0.0,6.909090909090909,5.182935284148092e-17,0,0.0,None,1,0.0
U_04378,Free,West,232,69,0,0,0.0,0.0,4.984545454545455,0.0,10.181818181818182,-0.24999999999999994,0,0.0,None,0,0.0
U_04379,Pro,South,737,7,0,7,0.0,85.58,7.572692307692307,9.705,16.384615384615383,0.021428571428571443,2,42.79,Beauty,0,42.38358208955224
U_04380,Enterprise,South,177,30,0,0,0.0,130.4,5.450833333333333,0.0,12.583333333333334,0.08333333333333338,1,130.4,Toys,0,268.9039548022599
U_04381,Pro,West,596,68,0,0,0.0,0.0,3.342,0.0,7.0,-1.0507920739455759e-16,0,0.0,None,1,0.0
U_04382,Free,South,577,61,0,0,0.0,0.0,10.16,0.0,20.428571428571427,-0.16666666666666644,0,0.0,None,1,0.0
U_04383,Pro,East,401,13,0,4,80.67,332.17,9.893809523809521,8.01,22.428571428571427,0.00659340659340655,6,55.36166666666667,Books,0,302.34925187032417
U_04384,Pro,East,284,19,0,2,52.839999999999996,535.81,9.926499999999999,0.0,22.3,-0.04545454545454548,7,76.5442857142857,Sports,0,688.6290492957746
U_04385,Free,North,80,93,0,0,0.0,31.87,4.71375,0.0,10.375,-2.751513687042919e-17,1,31.87,Books,0,145.406875
U_04386,Free,South,820,37,0,0,0.0,0.0,5.31625,0.0,12.875,6.729156486047637e-17,0,0.0,None,0,0.0
U_04387,Pro,West,80,34,0,0,0.0,89.3,9.010714285714284,0.0,20.857142857142858,-0.027272727272727264,1,89.3,Sports,0,407.43125
U_04388,Free,West,617,0,2,2,0.0,0.0,2.0142857142857147,1.9049999999999998,4.428571428571429,0.29999999999999993,0,0.0,None,1,0.0
U_04389,Free,East,543,31,0,0,0.0,0.0,3.896153846153846,0.0,8.384615384615385,0.03333333333333342,0,0.0,None,1,0.0
U_04390,Enterprise,North,170,0,1,9,188.95,919.1299999999999,11.784285714285714,10.174999999999999,24.857142857142858,0.008771929824561375,8,114.89124999999999,Sports,0,1973.426176470588
U_04391,Free,North,116,46,0,0,0.0,122.66,10.666206896551722,0.0,22.93103448275862,0.11071428571428568,5,24.532,Books,0,385.9560344827586
U_04392,Pro,North,197,28,0,1,0.0,0.0,1.2133333333333332,0.0,2.0,1.0276789547548596e-16,0,0.0,None,1,0.0
U_04393,Free,South,-109,69,0,0,0.0,0.0,1.43,0.0,3.5,-2.0083673326242142e-16,0,0.0,None,1,0.0
U_04394,Free,East,634,60,0,0,0.0,29.09,6.669,0.0,12.8,0.07142857142857147,1,29.09,Home,1,16.747397476340694
U_04395,Pro,South,521,47,0,0,0.0,0.0,4.021666666666667,0.0,8.166666666666666,7.951207131982424e-18,0,0.0,None,1,0.0
U_04396,Free,South,146,18,0,1,0.0,7.52,5.924615384615384,0.0,11.153846153846153,0.02727272727272728,1,7.52,Grocery,1,18.8
U_04397,Enterprise,South,575,73,0,0,0.0,356.02,6.312222222222222,0.0,13.0,5.664759402336449e-18,3,118.67333333333333,Fashion,1,225.9953043478261
U_04398,Free,East,685,7,0,1,10.5,60.459999999999994,11.79758620689655,10.52,26.17241379310345,0.009287925696594432,3,20.153333333333332,Sports,0,32.21591240875912
U_04399,Pro,South,611,2,2,6,195.88,370.62,7.829999999999999,12.379999999999999,17.904761904761905,0.024175824175824152,7,52.94571428571429,Sports,0,221.40147299509002
U_04400,Free,West,30,47,0,0,0.0,0.0,8.381538461538462,0.0,15.692307692307692,-0.030303030303030255,0,0.0,None,1,0.0
U_04401,Free,East,-29,8,0,2,0.0,21.92,6.816363636363636,8.53,13.454545454545455,0.011904761904761932,1,21.92,Electronics,0,266.6933333333333
U_04402,Free,North,89,73,0,0,0.0,0.0,7.774285714285715,0.0,16.571428571428573,0.12121212121212117,0,0.0,None,1,0.0
U_04403,Pro,East,-169,21,0,2,94.63,208.57999999999998,5.310555555555556,0.0,11.166666666666666,-0.013986013986013979,3,69.52666666666666,Grocery,0,2537.7233333333334
U_04404,Enterprise,East,6,41,0,0,351.20000000000005,1006.5,7.433684210526316,0.0,14.68421052631579,0.03736263736263731,10,100.65,Home,0,7040.131324358977
U_04405,Free,North,522,32,0,0,25.55,25.55,4.3342857142857145,0.0,10.428571428571429,-0.10000000000000016,1,25.55,Beauty,1,17.865421455938698
U_04406,Free,East,516,1,2,6,52.61,139.0,8.810312499999998,7.78,20.0625,0.002063983488132075,6,23.166666666666668,Sports,0,98.32364341085271
U_04407,Pro,East,84,10,0,3,30.91,720.96,10.152222222222223,3.4,22.194444444444443,-0.04736842105263163,8,90.12,Toys,0,3132.7428571428572
U_04408,Pro,West,793,15,0,3,0.0,42.41,6.833913043478259,0.0,14.956521739130435,0.027472527472527465,1,42.41,Grocery,0,19.520365699873896
U_04409,Free,South,203,27,0,1,0.0,0.0,4.454166666666667,0.0,8.75,2.714602856352792e-17,0,0.0,None,1,0.0
U_04410,Free,West,757,67,0,0,0.0,11.02,4.975,0.0,10.1,-0.09523809523809514,1,11.02,Grocery,1,5.313474240422721
U_04411,Free,North,800,87,0,0,0.0,0.0,2.6160000000000005,0.0,6.2,0.29999999999999977,0,0.0,None,1,0.0
U_04412,Pro,North,305,38,0,0,0.0,75.46000000000001,7.051428571428572,0.0,15.714285714285714,0.012121212121212145,2,37.730000000000004,Fashion,1,90.30459016393444
U_04413,Free,West,691,1,2,10,0.0,0.0,7.835000000000001,8.479999999999999,17.84375,0.06398348813209492,0,0.0,None,0,0.0
U_04414,Enterprise,North,-141,1,2,5,0.0,580.1300000000001,8.57521739130435,9.879999999999999,19.47826086956522,0.015384615384615349,7,82.8757142857143,Electronics,0,7040.131324358977
U_04415,Pro,South,-83,0,3,10,103.41,245.32999999999998,9.66030303030303,7.46,21.060606060606062,0.1021671826625387,4,61.332499999999996,Electronics,0,2984.848333333333
U_04416,Free,East,360,103,0,0,0.0,79.52,3.5559999999999996,0.0,7.8,0.29999999999999977,2,39.76,Fashion,1,80.62444444444445
U_04417,Free,South,642,27,0,2,0.0,0.0,1.7337500000000001,0.0,4.25,-0.1071428571428571,0,0.0,None,1,0.0
U_04418,Enterprise,North,725,14,0,4,72.45,362.79,7.712000000000001,0.0,16.1,-0.03956043956043958,4,90.6975,Toys,0,182.64600000000002
U_04419,Pro,North,312,91,0,0,0.0,0.0,7.425714285714286,0.0,17.142857142857142,-0.08571428571428566,0,0.0,None,0,0.0
U_04420,Free,East,297,63,0,0,0.0,85.21,6.845,0.0,16.875,0.11428571428571427,3,28.403333333333332,Beauty,1,104.71936026936027
U_04421,Free,North,466,9,0,3,0.0,0.0,7.082777777777778,10.71,16.055555555555557,0.008823529411764728,0,0.0,None,0,0.0
U_04422,Pro,North,89,4,1,5,39.25,313.6,5.883684210526315,4.760000000000001,12.631578947368421,-0.01978021978021982,4,78.4,Beauty,0,1286.112359550562
U_04423,Pro,West,288,0,1,5,21.88,220.54,7.172380952380952,7.883333333333334,14.714285714285714,0.021428571428571415,5,44.108,Beauty,0,279.50381944444445
U_04424,Pro,South,26,0,1,6,0.0,229.45000000000002,7.616521739130434,5.866666666666667,16.043478260869566,0.01785714285714286,2,114.72500000000001,Books,0,2791.641666666667
U_04425,Free,South,739,49,0,0,0.0,0.0,6.6975,0.0,11.0,0.29999999999999993,0,0.0,None,0,0.0
U_04426,Pro,South,778,3,1,3,63.43,63.43,7.218000000000001,3.635,17.133333333333333,-0.01818181818181809,1,63.43,Beauty,0,29.75829048843188
U_04427,Free,North,440,6,1,5,0.0,0.0,4.972777777777778,5.156666666666667,11.222222222222221,0.021978021978021976,0,0.0,None,0,0.0
U_04428,Free,North,337,83,0,0,0.0,57.81,7.433,0.0,17.3,-0.03571428571428561,1,57.81,Beauty,1,62.61320474777448
U_04429,Pro,North,583,48,0,0,0.0,169.95999999999998,7.272941176470589,0.0,15.529411764705882,0.0909090909090909,2,84.97999999999999,Fashion,1,106.40720411663807
U_04430,Pro,North,140,1,2,3,95.57,111.6,3.6806249999999996,1.2149999999999999,8.875,0.06293706293706296,2,55.8,Books,0,290.95714285714286
U_04431,Pro,West,616,85,0,0,0.0,575.23,8.708666666666666,0.0,18.866666666666667,-0.14999999999999986,5,115.046,Toys,1,340.8424512987013
U_04432,Pro,North,513,5,2,5,0.0,149.01,7.385384615384615,7.614999999999999,16.153846153846153,0.0833333333333333,1,149.01,Fashion,0,106.02076023391812
U_04433,Free,East,344,93,0,0,0.0,85.75,3.937142857142857,0.0,10.0,0.14285714285714274,1,85.75,Electronics,1,90.98473837209302
U_04434,Free,North,93,1,1,2,52.0,140.66,4.886666666666666,4.2,10.333333333333334,-0.05454545454545453,4,35.165,Beauty,0,552.052688172043
U_04435,Free,South,31,124,0,0,0.0,0.0,4.859999999999999,0.0,10.0,-7.850462293418875e-17,0,0.0,None,1,0.0
U_04436,Free,South,456,4,1,2,0.0,0.0,8.350000000000001,3.615,18.941176470588236,-0.0034965034965034943,0,0.0,None,1,0.0
U_04437,Pro,South,376,17,0,4,113.00999999999999,140.8,5.82,0.0,13.68421052631579,0.07252747252747253,3,46.93333333333334,Beauty,1,136.6808510638298
U_04438,Pro,North,-136,11,0,2,117.31,160.95999999999998,6.428571428571429,6.91,15.380952380952381,-0.06813186813186826,3,53.65333333333333,Beauty,0,1958.3466666666666
U_04439,Free,West,-143,4,3,7,0.0,33.93,9.23423076923077,8.8575,20.307692307692307,0.06764705882352941,2,16.965,Books,0,412.815
U_04440,Free,East,193,12,0,1,0.0,0.0,3.5142857142857147,0.15,8.857142857142858,4.8870404991229254e-17,0,0.0,None,0,0.0
U_04441,Free,South,741,7,0,7,41.34,133.12,8.807575757575757,6.08,19.03030303030303,0.05263157894736845,5,26.624000000000002,Toys,0,65.57192982456141
U_04442,Pro,West,367,16,0,2,0.0,153.91,9.110000000000001,0.0,20.0,3.2970630484649005e-17,4,38.4775,Grocery,0,153.07125340599455
U_04443,Pro,North,174,91,0,0,0.0,51.26,1.0975,0.0,2.75,-0.5,1,51.26,Home,1,107.52816091954023
U_04444,Pro,West,556,7,0,1,0.0,0.0,2.037,1.91,3.3,-0.07142857142857134,0,0.0,None,1,0.0
U_04445,Free,North,813,65,0,0,0.0,31.6,2.6599999999999997,0.0,5.666666666666667,1.0276789547548596e-16,1,31.6,Fashion,1,14.186961869618697
U_04446,Enterprise,South,-193,59,0,0,0.0,695.9000000000001,10.483571428571429,0.0,22.928571428571427,0.026373626373626377,7,99.41428571428573,Fashion,0,7040.131324358977
U_04447,Enterprise,East,-117,7,0,5,154.06,620.6400000000001,6.905,4.15,14.11111111111111,0.04195804195804196,7,88.66285714285716,Fashion,0,7040.131324358977
U_04448,Free,South,715,57,0,0,0.0,0.0,4.648888888888889,0.0,10.222222222222221,0.03571428571428578,0,0.0,None,1,0.0
U_04449,Free,West,356,2,1,9,0.0,45.33,9.532758620689657,10.315000000000001,21.275862068965516,0.04385964912280703,1,45.33,Fashion,0,46.47598314606741
U_04450,Free,East,192,0,2,4,0.0,27.85,8.703333333333333,7.125,18.714285714285715,0.02727272727272728,1,27.85,Beauty,0,52.944010416666664
U_04451,Free,North,533,6,1,3,0.0,77.7,6.781904761904762,9.07,13.80952380952381,-0.022058823529411714,4,19.425,Beauty,0,53.209193245778614
U_04452,Pro,North,779,12,0,1,0.0,101.25,4.067857142857142,2.83,9.428571428571429,-0.013986013986013972,2,50.625,Electronics,0,47.44062901155328
U_04453,Free,West,52,5,1,1,0.0,49.61,5.558571428571428,2.63,12.428571428571429,-0.16969696969696973,2,24.805,Sports,0,348.22403846153844
U_04454,Free,North,31,18,0,1,0.0,63.42,4.821999999999999,0.0,9.666666666666666,0.07878787878787881,2,31.71,Grocery,1,746.7193548387097
U_04455,Pro,West,386,14,0,2,0.0,0.0,4.828333333333333,0.0,10.083333333333334,-0.036363636363636404,0,0.0,None,1,0.0
U_04456,Enterprise,North,761,12,0,1,0.0,111.48,4.595,0.09,10.375,-0.11428571428571434,1,111.48,Toys,0,53.46938239159001
U_04457,Pro,North,433,6,1,5,0.0,0.0,4.8121052631578936,4.096666666666667,10.421052631578947,0.022058823529411773,0,0.0,None,0,0.0
U_04458,Free,West,752,23,0,2,0.0,181.07999999999998,5.993125000000001,0.0,13.4375,-6.800115634474726e-17,4,45.269999999999996,Beauty,1,87.89122340425531
U_04459,Pro,West,-175,4,1,2,0.0,422.07000000000005,11.73142857142857,11.57,24.857142857142858,-0.02941176470588235,6,70.34500000000001,Grocery,0,5135.185
U_04460,Pro,East,798,16,0,1,0.0,91.53,2.4669999999999996,0.0,5.7,0.1428571428571429,2,45.765,Home,0,41.865225563909775
U_04461,Free,East,545,15,0,1,0.0,0.0,1.89,0.0,5.0,-7.850462293418875e-17,0,0.0,None,1,0.0
U_04462,Pro,North,34,7,0,6,180.64,339.98,8.600434782608696,12.08,18.47826086956522,0.0329670329670329,6,56.663333333333334,Books,0,3649.785294117647
U_04463,Free,West,709,72,0,0,0.0,0.0,6.26,0.0,14.222222222222221,0.07142857142857148,0,0.0,None,0,0.0
U_04464,Free,South,739,3,2,6,0.0,99.58000000000001,5.439583333333334,5.6625,12.958333333333334,-0.017156862745098058,2,49.790000000000006,Sports,0,49.18362652232748
U_04465,Free,North,777,2,1,1,0.0,16.96,3.8544444444444443,0.7,9.666666666666666,6.633138920230202e-17,1,16.96,Electronics,0,7.967052767052768
U_04466,Free,South,678,45,0,0,0.0,0.0,8.342500000000001,0.0,17.35,0.07692307692307696,0,0.0,None,1,0.0
U_04467,Pro,West,286,2,2,6,31.49,335.54,7.668260869565217,8.636,16.26086956521739,0.10439560439560444,6,55.92333333333334,Home,0,428.2241258741259
U_04468,Free,North,-36,74,0,0,0.0,27.57,10.505882352941178,0.0,24.705882352941178,-0.09090909090909086,2,13.785,Home,0,335.435
U_04469,Pro,West,672,3,2,5,0.0,138.85,7.574761904761906,8.34,16.476190476190474,0.015384615384615332,2,69.425,Grocery,0,75.41703869047619
U_04470,Free,West,667,31,0,0,0.0,0.0,9.586000000000002,0.0,21.55,0.020979020979021056,0,0.0,None,1,0.0
U_04471,Enterprise,West,37,29,0,1,0.0,70.21,2.5012499999999998,0.0,5.625,0.07142857142857151,1,70.21,Toys,0,692.6121621621621
U_04472,Enterprise,South,399,5,1,6,65.08,632.54,9.867647058823529,9.94,19.323529411764707,-0.0035087719298246066,7,90.36285714285714,Sports,0,578.6393483709272
U_04473,Enterprise,East,492,28,0,1,0.0,438.18,2.6919999999999997,0.0,5.4,-1.0507920739455759e-16,2,219.09,Home,1,325.07256097560975
U_04474,Free,East,721,22,0,1,0.0,0.0,7.774545454545454,0.0,16.727272727272727,0.1071428571428572,0,0.0,None,0,0.0
U_04475,Free,East,594,36,0,0,0.0,0.0,4.786363636363636,0.0,11.636363636363637,0.15476190476190477,0,0.0,None,0,0.0
U_04476,Free,West,-183,27,0,1,53.96,105.15,2.4166666666666665,0.0,5.222222222222222,-0.07142857142857131,3,35.050000000000004,Home,0,1279.325
U_04477,Pro,West,728,5,1,1,0.0,82.28999999999999,5.355714285714285,0.5,11.428571428571429,-3.543039230717604e-18,3,27.429999999999996,Electronics,1,41.25803571428571
U_04478,Pro,East,576,2,1,4,49.5,127.08,4.185555555555555,4.7749999999999995,8.277777777777779,-0.09340659340659335,3,42.36,Toys,0,80.52812499999999
U_04479,Free,South,63,7,0,5,0.0,49.629999999999995,8.168571428571429,8.915,18.523809523809526,0.024175824175824166,2,24.814999999999998,Grocery,0,287.53888888888883
U_04480,Enterprise,South,-98,98,0,0,0.0,172.57,3.8920000000000003,0.0,9.2,-1.0507920739455759e-16,3,57.52333333333333,Fashion,0,2099.601666666667
U_04481,Free,East,-111,30,0,0,0.0,0.0,5.532307692307692,0.0,13.0,-0.0363636363636364,0,0.0,None,1,0.0
U_04482,Enterprise,North,349,5,1,5,18.66,1038.11,7.0890476190476175,8.21,14.619047619047619,0.02417582417582415,9,115.34555555555555,Electronics,0,1085.702435530086
U_04483,Free,North,-167,3,2,4,0.0,0.0,4.9023076923076925,6.363333333333333,10.846153846153847,0.02727272727272728,0,0.0,None,0,0.0
U_04484,Pro,West,209,16,0,2,45.42,248.27000000000004,7.566086956521739,0.0,16.52173913043478,0.005494505494505546,5,49.65400000000001,Toys,0,433.58157894736854
U_04485,Free,South,545,79,0,0,0.0,25.73,5.677333333333333,0.0,11.6,8.767751943512569e-17,1,25.73,Beauty,1,17.232018348623853
U_04486,Pro,South,357,1,2,6,0.0,252.81,7.1587999999999985,7.917999999999999,15.56,0.017857142857142867,2,126.405,Books,0,258.4752100840336
U_04487,Pro,South,89,15,0,2,291.69,379.79999999999995,9.54695652173913,0.0,21.304347826086957,-0.05714285714285712,4,94.94999999999999,Home,0,1557.6067415730336
U_04488,Free,West,70,1,1,2,0.0,29.42,4.387499999999999,2.77,10.0,-0.035714285714285636,1,29.42,Sports,0,153.40428571428572
U_04489,Free,East,714,5,1,6,0.0,33.3,10.223333333333331,11.09,23.7,0.02450980392156864,1,33.3,Beauty,0,17.023109243697476
U_04490,Free,North,646,1,2,7,0.0,19.79,10.120740740740741,11.739999999999998,23.555555555555557,0.022058823529411777,1,19.79,Beauty,0,11.181656346749225
U_04491,Free,South,-169,126,0,0,0.0,0.0,0.66,0.0,1.5,0.0,0,0.0,None,1,0.0
U_04492,Pro,South,738,1,1,2,0.0,58.81,4.453125,3.1,9.6875,-0.12727272727272723,1,58.81,Toys,0,29.086246612466123
U_04493,Free,East,-15,41,0,0,0.0,0.0,5.19375,0.0,11.0,-0.027972027972027993,0,0.0,None,1,0.0
U_04494,Free,East,491,79,0,0,0.0,0.0,3.186666666666667,0.0,6.666666666666667,7.951207131982424e-18,0,0.0,None,1,0.0
U_04495,Pro,South,588,3,1,2,0.0,155.35,4.6838461538461535,1.29,9.692307692307692,0.017482517482517522,1,155.35,Electronics,0,96.43324829931973
U_04496,Free,East,581,33,0,0,0.0,31.38,7.356666666666666,0.0,16.333333333333332,-0.016666666666666646,1,31.38,Electronics,1,19.713769363166953
U_04497,Pro,West,352,30,0,0,0.0,441.81,3.818333333333333,0.0,7.5,-0.06666666666666651,5,88.362,Electronics,1,458.1268465909091
U_04498,Enterprise,West,-203,4,1,4,132.8,571.82,8.100588235294119,5.9,17.470588235294116,0.0021978021978021553,5,114.364,Beauty,0,6957.143333333334
U_04499,Pro,East,694,6,1,5,0.0,298.5,8.34814814814815,10.695,18.925925925925927,-0.02992776057791539,4,74.625,Toys,0,156.9920749279539
U_04500,Enterprise,West,-58,1,2,6,0.0,162.82,7.1753846153846155,9.355,16.5,-0.031862745098039144,4,40.705,Home,0,1980.9766666666667
U_04501,Free,West,510,32,0,0,0.0,0.0,2.556,0.0,4.8,-1.0507920739455759e-16,0,0.0,None,1,0.0
U_04502,Enterprise,South,668,4,1,4,81.48,168.60000000000002,7.699000000000001,4.793333333333333,16.45,0.05274725274725272,3,56.20000000000001,Home,0,92.12425149700599
U_04503,Free,East,59,104,0,0,0.0,0.0,0.3,0.0,1.0,0.0,0,0.0,None,1,0.0
U_04504,Free,North,488,4,1,4,0.0,11.45,8.141304347826086,9.696666666666667,17.17391304347826,0.007352941176470621,1,11.45,Home,0,8.564036885245901
U_04505,Free,North,653,26,0,2,0.0,0.0,6.638888888888889,0.0,15.5,-0.06428571428571424,0,0.0,None,1,0.0
U_04506,Free,South,406,45,0,0,0.0,0.0,2.7199999999999998,0.0,5.875,6.729156486047637e-17,0,0.0,None,0,0.0
U_04507,Pro,West,-23,4,3,9,70.05,571.62,7.495217391304348,8.290000000000001,15.217391304347826,0.12527472527472527,8,71.4525,Beauty,0,6954.709999999999
U_04508,Free,South,-68,85,0,0,0.0,30.44,4.666428571428571,0.0,10.857142857142858,-0.033333333333333166,1,30.44,Home,1,370.3533333333333
U_04509,Pro,East,240,6,1,1,63.22,292.84000000000003,6.225238095238096,0.3,13.095238095238095,-0.07342657342657335,4,73.21000000000001,Fashion,0,445.3608333333334
U_04510,Free,East,841,10,0,1,0.0,10.98,3.06,2.01,6.75,-2.0083673326242142e-16,1,10.98,Electronics,1,4.765398335315101
U_04511,Free,South,39,88,0,0,0.0,0.0,7.404545454545456,0.0,17.272727272727273,-0.5000000000000004,0,0.0,None,0,0.0
U_04512,Enterprise,North,206,9,0,5,126.82,523.48,9.8925,7.283333333333334,20.916666666666668,0.02058823529411765,9,58.16444444444445,Books,0,927.5252427184466
U_04513,Pro,West,-106,104,0,0,0.0,0.0,3.6950000000000003,0.0,6.666666666666667,-0.10000000000000012,0,0.0,None,1,0.0
U_04514,Free,North,-162,18,0,1,52.43,52.43,6.336666666666667,0.0,13.444444444444445,0.059523809523809486,1,52.43,Sports,0,637.8983333333333
U_04515,Free,North,504,45,0,0,0.0,0.0,1.4375,0.0,3.0,-0.5,0,0.0,None,0,0.0
U_04516,Pro,West,-52,999,0,0,0.0,33.98,0.0,0.0,0.0,0.0,1,33.98,Grocery,1,413.4233333333333
U_04517,Free,South,-20,66,0,0,0.0,17.09,1.96,0.0,4.5,-7.850462293418875e-17,1,17.09,Grocery,1,207.92833333333334
U_04518,Free,North,569,105,0,0,0.0,27.84,9.885,0.0,17.5,-7.850462293418875e-17,2,13.92,Grocery,1,17.858699472759227
U_04519,Enterprise,South,463,21,0,1,0.0,0.0,1.002,0.0,2.0,-1.0507920739455759e-16,0,0.0,None,1,0.0
U_04520,Enterprise,West,453,3,1,2,222.16,519.9,7.468181818181818,2.64,16.454545454545453,0.0060606060606061005,5,103.97999999999999,Beauty,1,418.90397350993373
U_04521,Free,South,476,69,0,0,0.0,0.0,6.330909090909091,0.0,13.0,-0.03571428571428564,0,0.0,None,1,0.0
U_04522,Enterprise,North,449,3,1,8,0.0,396.75,7.0916,8.904,14.88,0.053571428571428596,5,79.35,Sports,0,322.5250556792873
U_04523,Free,West,735,45,0,0,0.0,13.32,5.69625,0.0,13.375,0.10714285714285712,1,13.32,Sports,0,6.614693877551021
U_04524,Free,East,610,1,2,8,0.0,51.339999999999996,9.880270270270271,7.853333333333334,22.16216216216216,0.009774436090225517,3,17.113333333333333,Books,0,30.71983606557377
U_04525,Pro,South,-117,0,1,5,235.21,630.79,10.396969696969697,12.025,23.78787878787879,0.011351909184726543,6,105.13166666666666,Toys,0,7040.131324358977
U_04526,Free,North,415,8,0,6,0.0,0.0,7.138620689655172,4.545,15.137931034482758,-0.03333333333333338,0,0.0,None,0,0.0
U_04527,Pro,West,175,12,0,3,0.0,34.13,4.632142857142858,0.99,9.928571428571429,0.018181818181818188,1,34.13,Toys,0,71.18542857142857
U_04528,Enterprise,South,-93,67,0,0,0.0,17.14,2.3366666666666664,0.0,5.666666666666667,1.0276789547548596e-16,1,17.14,Books,0,208.5366666666667
U_04529,Pro,North,47,6,1,6,0.0,76.14,7.331034482758621,8.7225,15.03448275862069,-0.004901960784313715,2,38.07,Electronics,0,591.3000000000001
U_04530,Free,West,592,3,2,4,14.39,129.74,10.917499999999999,9.856666666666667,25.05,-0.021978021978022046,4,32.435,Books,0,79.99172297297298
U_04531,Free,West,-128,89,0,0,0.0,0.0,4.235714285714286,0.0,9.428571428571429,0.14285714285714274,0,0.0,None,1,0.0
U_04532,Pro,South,-5,83,0,0,0.0,0.0,5.505714285714285,0.0,12.142857142857142,-0.14285714285714293,0,0.0,None,1,0.0
U_04533,Enterprise,South,-204,0,2,6,0.0,931.31,8.424666666666667,9.147499999999999,18.733333333333334,-0.041279669762641906,8,116.41375,Electronics,0,7040.131324358977
U_04534,Free,North,76,1,1,2,0.0,0.0,4.480000000000001,1.52,9.714285714285714,-0.013986013986013932,0,0.0,None,0,0.0
U_04535,Free,East,48,80,0,0,0.0,0.0,8.563333333333334,0.0,18.333333333333332,0.05714285714285716,0,0.0,None,0,0.0
U_04536,Pro,South,-14,63,0,0,0.0,65.03,3.11,0.0,5.666666666666667,0.14285714285714277,2,32.515,Electronics,1,791.1983333333334
U_04537,Pro,South,583,13,0,3,99.29,269.36,9.245416666666666,7.68,19.333333333333332,-0.017647058823529387,4,67.34,Fashion,0,168.63876500857634
U_04538,Pro,South,153,15,0,3,0.0,92.83,7.508666666666667,0.0,15.2,-0.030303030303030346,2,46.415,Beauty,0,221.45718954248366
U_04539,Free,East,447,34,0,0,41.93,41.93,3.9259999999999997,0.0,8.0,-0.1000000000000001,1,41.93,Electronics,1,34.23814317673378
U_04540,Pro,North,-43,0,3,9,0.0,291.69,6.141904761904762,4.985,13.904761904761905,0.11538461538461542,3,97.23,Grocery,0,3548.8950000000004
U_04541,Free,East,710,1,2,4,0.0,0.0,4.009333333333332,1.96,9.2,0.03846153846153849,0,0.0,None,0,0.0
U_04542,Enterprise,South,278,74,0,0,0.0,151.61,4.998000000000001,0.0,10.533333333333333,-0.13095238095238096,2,75.805,Books,1,199.05629496402878
U_04543,Enterprise,East,494,6,1,7,95.24,525.33,8.102608695652174,6.646666666666666,19.47826086956522,0.03088235294117651,6,87.555,Toys,0,388.14868421052637
U_04544,Pro,West,-22,37,0,0,0.0,37.18,8.01875,0.0,16.0625,-0.04848484848484845,1,37.18,Home,1,452.3566666666667
U_04545,Pro,North,484,14,0,1,0.0,0.0,7.663571428571429,0.0,16.928571428571427,0.06060606060606064,0,0.0,None,1,0.0
U_04546,Pro,South,-47,6,1,6,62.09,62.09,8.514230769230767,6.653333333333333,19.346153846153847,-0.021428571428571352,1,62.09,Beauty,0,755.4283333333334
U_04547,Free,West,-51,6,1,6,0.0,22.31,7.876363636363638,10.120000000000001,16.681818181818183,-0.0035714285714285887,1,22.31,Fashion,0,271.43833333333333
U_04548,Pro,East,-84,57,0,0,0.0,104.34,5.35375,0.0,11.6875,-0.07272727272727267,1,104.34,Fashion,1,1269.47
U_04549,Free,West,704,6,1,5,20.37,20.37,4.258,3.9233333333333333,9.066666666666666,0.0034965034965035204,1,20.37,Sports,0,10.561150568181818
U_04550,Free,North,-148,0,3,7,0.0,9.52,9.6584375,9.393333333333333,21.53125,0.06666666666666665,1,9.52,Electronics,0,115.82666666666665
U_04551,Free,West,59,27,0,1,0.0,0.0,1.727142857142857,0.0,3.4285714285714284,-0.14285714285714293,0,0.0,None,1,0.0
U_04552,Free,North,131,24,0,1,0.0,30.63,7.2110714285714295,0.0,17.035714285714285,-0.0642857142857142,1,30.63,Home,0,85.34312977099236
U_04553,Free,South,157,2,1,4,15.2,15.2,8.325666666666667,11.345,19.0,-0.024767801857585106,1,15.2,Toys,0,35.33757961783439
U_04554,Enterprise,East,801,43,0,0,102.42,367.24,7.841666666666667,0.0,16.444444444444443,0.15454545454545457,5,73.44800000000001,Electronics,0,167.34406991260926
U_04555,Free,North,-75,68,0,0,0.0,24.19,4.255,0.0,9.5,-2.0083673326242142e-16,1,24.19,Home,1,294.31166666666667
U_04556,Pro,North,269,12,0,1,0.0,375.67999999999995,7.723157894736842,1.96,16.68421052631579,-0.024175824175824246,4,93.91999999999999,Sports,1,509.7516728624534
U_04557,Free,West,367,52,0,0,0.0,0.0,3.900000000000001,0.0,10.6,-1.0507920739455759e-16,0,0.0,None,0,0.0
U_04558,Free,North,491,33,0,0,0.0,92.34,7.8438888888888885,0.0,17.88888888888889,0.043956043956043994,4,23.085,Fashion,1,68.6437881873727
U_04559,Free,South,18,97,0,0,0.0,0.0,4.96,0.0,7.0,-7.850462293418875e-17,0,0.0,None,1,0.0
U_04560,Pro,East,19,1,2,7,0.0,154.44,4.526,3.9200000000000004,10.4,-0.006060606060606087,3,51.48,Books,0,1879.02
U_04561,Free,West,-75,70,0,0,0.0,0.0,4.601666666666667,0.0,9.25,0.14285714285714288,0,0.0,None,0,0.0
U_04562,Free,North,624,59,0,0,0.0,31.15,4.2542857142857144,0.0,7.428571428571429,-0.028571428571428543,1,31.15,Toys,1,18.220753205128204
U_04563,Free,East,490,37,0,0,0.0,8.97,4.542,0.0,10.2,-1.0507920739455759e-16,1,8.97,Grocery,1,6.6817346938775515
U_04564,Pro,North,587,19,0,1,0.0,0.0,4.851000000000001,0.0,9.7,-0.11428571428571442,0,0.0,None,0,0.0
U_04565,Free,West,745,0,3,6,0.0,83.46000000000001,8.234375,9.48,18.8125,0.04545454545454551,3,27.820000000000004,Books,0,40.889798657718124
U_04566,Pro,North,504,0,1,4,0.0,349.77,8.93608695652174,7.09,19.82608695652174,-0.0122549019607843,4,87.4425,Beauty,0,253.30565476190475
U_04567,Free,West,825,31,0,0,0.0,45.989999999999995,5.972666666666666,0.0,12.866666666666667,-0.06666666666666658,2,22.994999999999997,Electronics,1,20.34709090909091
U_04568,Pro,South,3,6,1,5,0.0,218.35000000000002,10.8752,12.71,24.0,0.0632352941176471,4,54.587500000000006,Beauty,0,2656.591666666667
U_04569,Free,West,610,3,2,6,0.0,12.24,10.700689655172415,11.1525,22.517241379310345,-0.01754385964912281,1,12.24,Fashion,0,7.323934426229508
U_04570,Free,East,777,21,0,1,0.0,0.0,3.191111111111111,0.0,6.333333333333333,0.035714285714285754,0,0.0,None,1,0.0
U_04571,Free,East,780,0,1,5,0.0,42.82,9.406363636363636,9.99,21.0,-0.017647058823529353,3,14.273333333333333,Sports,0,20.037564102564104
U_04572,Free,East,62,11,0,3,91.93,143.4,9.67909090909091,8.82,21.227272727272727,0.06764705882352942,3,47.800000000000004,Fashion,0,844.2096774193549
U_04573,Free,North,641,6,1,4,21.61,72.84,8.680740740740742,7.305,18.185185185185187,-0.025799793601651178,4,18.21,Fashion,0,41.47675507020281
U_04574,Free,South,360,7,0,2,36.81,36.81,6.273888888888888,3.27,14.38888888888889,0.060439560439560454,1,36.81,Grocery,0,37.321250000000006
U_04575,Free,West,424,4,1,2,0.0,73.65,5.5618181818181816,3.61,12.545454545454545,0.016666666666666746,2,36.825,Books,1,63.40153301886793
U_04576,Free,South,-3,39,0,0,0.0,0.0,2.74,0.0,5.888888888888889,0.011904761904761946,0,0.0,None,0,0.0
U_04577,Pro,South,-165,12,0,1,0.0,162.87,6.643846153846154,7.79,14.76923076923077,-0.06363636363636359,2,81.435,Electronics,0,1981.585
U_04578,Pro,West,522,11,0,2,0.0,87.6,5.240909090909091,8.3,12.0,0.016666666666666746,1,87.6,Fashion,0,61.25287356321839
U_04579,Pro,North,178,33,0,0,0.0,27.18,6.406874999999999,0.0,13.4375,-0.07272727272727268,1,27.18,Grocery,1,55.73426966292135
U_04580,Free,North,-101,60,0,0,0.0,0.0,3.1925,0.0,6.5,-2.0083673326242142e-16,0,0.0,None,1,0.0
U_04581,Free,South,351,7,0,4,0.0,16.93,10.32230769230769,9.09,21.692307692307693,0.07352941176470587,1,16.93,Electronics,0,17.605270655270655
U_04582,Free,East,-107,18,0,2,11.47,11.47,6.8945454545454545,0.0,15.318181818181818,0.021978021978022035,1,11.47,Beauty,0,139.55166666666668
U_04583,Pro,North,70,17,0,2,70.14,173.26999999999998,5.552380952380953,0.0,12.857142857142858,0.013235294117647102,5,34.653999999999996,Toys,0,903.4792857142857
U_04584,Free,East,520,15,0,1,15.47,153.07,9.465714285714284,0.0,21.571428571428573,0.050000000000000114,4,38.2675,Fashion,0,107.44336538461538
U_04585,Free,West,-79,2,1,5,0.0,0.0,10.488148148148149,11.1,21.333333333333332,-0.045588235294117645,0,0.0,None,0,0.0
U_04586,Pro,East,241,16,0,1,0.0,0.0,1.9733333333333332,0.0,4.0,0.011904761904761946,0,0.0,None,1,0.0
U_04587,Free,West,740,3,1,4,0.0,103.51,9.508888888888887,10.44,19.38888888888889,-0.013186813186813242,3,34.50333333333334,Beauty,1,51.05560810810811
U_04588,Free,East,226,96,0,0,0.0,23.12,3.3425,0.0,5.75,-2.0083673326242142e-16,1,23.12,Toys,1,37.339823008849564
U_04589,Pro,West,-31,15,0,1,0.0,0.0,3.7736363636363635,0.0,8.272727272727273,-0.09999999999999984,0,0.0,None,1,0.0
U_04590,Pro,East,300,2,2,6,76.65,489.31,10.4575,11.21,22.464285714285715,0.0612745098039216,7,69.90142857142857,Books,0,595.3271666666667
U_04591,Pro,North,337,32,0,0,0.0,71.01,5.373,0.0,11.0,0.0714285714285715,1,71.01,Home,0,76.90994065281899
U_04592,Pro,East,409,25,0,2,57.97,194.48,8.094782608695652,0.0,18.47826086956522,0.00659340659340655,4,48.62,Grocery,0,173.55794621026894
U_04593,Enterprise,East,-86,106,0,0,50.27,326.85999999999996,2.5833333333333335,0.0,4.333333333333333,-1.0,4,81.71499999999999,Electronics,1,3976.796666666666
U_04594,Free,South,143,4,2,6,0.0,50.8,8.404615384615386,8.49,19.192307692307693,0.026960784313725526,1,50.8,Toys,0,129.66433566433565
U_04595,Enterprise,West,631,69,0,0,71.0,271.90999999999997,6.102307692307692,0.0,12.0,0.011904761904762067,3,90.63666666666666,Beauty,1,157.28549920760696
U_04596,Free,North,466,7,0,2,0.0,0.0,8.92148148148148,9.29,20.11111111111111,-0.076923076923077,0,0.0,None,0,0.0
U_04597,Pro,South,465,50,0,0,0.0,220.63,1.954,0.0,3.8,-0.1000000000000001,1,220.63,Books,1,173.18268817204302
U_04598,Free,West,-169,67,0,0,0.0,0.0,1.6949999999999998,0.0,3.0,-7.850462293418875e-17,0,0.0,None,1,0.0
U_04599,Pro,West,111,9,0,4,36.85,377.5,7.340000000000001,5.71,14.31578947368421,-0.021978021978021945,5,75.5,Books,0,1241.3288288288288
U_04600,Pro,South,719,47,0,0,0.0,38.81,3.4699999999999998,0.0,7.5,-2.0083673326242142e-16,1,38.81,Toys,1,19.701877607788596
U_04601,Pro,South,-122,49,0,0,0.0,47.98,7.978,0.0,17.65,0.008791208791208725,1,47.98,Beauty,0,583.7566666666667
U_04602,Pro,East,815,28,0,1,0.0,47.61,3.4599999999999995,0.0,8.666666666666666,0.0999999999999999,1,47.61,Books,1,21.322269938650305
U_04603,Free,West,223,37,0,0,0.0,11.65,4.728888888888888,0.0,9.444444444444445,-0.08333333333333319,1,11.65,Beauty,0,19.068385650224215
U_04604,Free,East,392,22,0,1,0.0,0.0,1.13,0.0,3.3333333333333335,1.0276789547548596e-16,0,0.0,None,1,0.0
U_04605,Pro,West,88,68,0,0,0.0,134.98000000000002,3.975,0.0,9.0,-4.025615028083654e-16,2,67.49000000000001,Beauty,1,559.8602272727273
U_04606,Free,South,395,10,0,1,0.0,0.0,2.6571428571428575,1.86,6.428571428571429,4.8870404991229254e-17,0,0.0,None,1,0.0
U_04607,Pro,South,754,20,0,2,12.38,536.09,5.9121428571428565,0.0,12.0,-0.06363636363636359,7,76.58428571428571,Sports,0,259.5130636604775
U_04608,Free,South,294,52,0,0,0.0,0.0,3.21,0.0,6.428571428571429,0.09999999999999999,0,0.0,None,0,0.0
U_04609,Free,South,-22,48,0,0,0.0,22.86,8.195333333333334,0.0,19.333333333333332,-0.009090909090909044,1,22.86,Electronics,0,278.13
U_04610,Free,West,12,79,0,0,0.0,22.73,5.659999999999999,0.0,12.0,4.8870404991229254e-17,1,22.73,Books,1,276.54833333333335
U_04611,Pro,South,472,60,0,0,0.0,27.15,5.075714285714286,0.0,10.5,-0.04848484848484839,1,27.15,Home,1,20.995233050847457
U_04612,Free,South,615,14,0,3,0.0,100.12,7.922727272727273,0.0,18.40909090909091,0.01758241758241756,4,25.03,Grocery,0,59.42081300813008
U_04613,Pro,South,59,28,0,1,0.0,0.0,4.091428571428571,0.0,8.857142857142858,-0.2000000000000001,0,0.0,None,0,0.0
U_04614,Pro,West,-2,12,0,3,147.93,147.93,7.751176470588234,8.89,17.352941176470587,-0.03146853146853143,2,73.965,Books,0,1799.815
U_04615,Pro,West,619,33,0,0,50.44,174.68,5.752222222222222,0.0,13.444444444444445,-0.05952380952380944,4,43.67,Fashion,1,103.00193861066235
U_04616,Pro,North,-89,0,2,6,123.67,444.51,9.642222222222223,10.945,21.52777777777778,-0.06372549019607834,6,74.085,Books,0,5408.205
U_04617,Pro,South,-205,97,0,0,0.0,0.0,4.19,0.0,9.666666666666666,1.0276789547548596e-16,0,0.0,None,1,0.0
U_04618,Pro,North,390,21,0,1,0.0,246.41,7.024444444444445,0.0,16.0,-0.17857142857142852,3,82.13666666666667,Sports,0,230.61448717948716
U_04619,Pro,North,447,7,0,4,0.0,0.0,6.099285714285714,5.835,13.821428571428571,-0.028895768833849315,0,0.0,None,0,0.0
U_04620,Free,West,96,37,0,0,0.0,14.97,4.877142857142857,0.0,11.428571428571429,-0.08571428571428566,1,14.97,Grocery,1,56.917187500000004
U_04621,Free,East,-139,58,0,0,0.0,14.82,6.343,0.0,14.8,0.03571428571428586,1,14.82,Books,1,180.31
U_04622,Pro,North,637,14,0,1,0.0,0.0,2.695,0.0,5.25,0.03571428571428577,0,0.0,None,0,0.0
U_04623,Free,West,531,38,0,0,0.0,60.3,5.777222222222221,0.0,11.5,-0.02797202797202798,2,30.15,Home,1,41.44915254237288
U_04624,Free,West,502,1,1,2,0.0,0.0,4.513571428571429,0.35,9.285714285714286,4.907883631361786e-17,0,0.0,None,1,0.0
U_04625,Pro,East,72,18,0,4,0.0,289.93,8.981923076923076,0.0,18.884615384615383,-0.026373626373626398,4,72.4825,Grocery,1,1469.7840277777777
U_04626,Free,East,653,23,0,1,0.0,0.0,1.3133333333333332,0.0,3.3333333333333335,1.0276789547548596e-16,0,0.0,None,1,0.0
U_04627,Pro,North,270,23,0,2,0.0,186.72,9.4175,0.0,20.6,-0.01071428571428571,4,46.68,Electronics,0,252.4177777777778
U_04628,Free,West,319,94,0,0,0.0,43.71,4.63,0.0,9.666666666666666,1.0276789547548596e-16,1,43.71,Sports,1,50.01300940438871
U_04629,Pro,South,140,19,0,1,0.0,152.51,7.862857142857143,0.0,17.785714285714285,0.06060606060606064,2,76.255,Beauty,1,397.6153571428571
U_04630,Free,East,700,2,1,3,0.0,0.0,7.248,2.0,16.2,-0.11515151515151495,0,0.0,None,1,0.0
U_04631,Enterprise,East,-167,18,0,3,0.0,551.6700000000001,6.966875,0.0,16.0625,0.10909090909090913,4,137.91750000000002,Grocery,0,6711.9850000000015
U_04632,Pro,North,-213,0,1,1,0.0,256.66,8.71125,0.56,19.4375,0.050000000000000114,4,64.165,Sports,1,3122.6966666666667
U_04633,Free,West,254,2,2,5,0.0,76.61,2.515,2.1999999999999997,5.416666666666667,0.08333333333333336,2,38.305,Fashion,1,110.08917322834645
U_04634,Pro,West,5,37,0,0,0.0,109.87,3.1060000000000003,0.0,6.2,-0.1000000000000001,2,54.935,Beauty,1,1336.7516666666668
U_04635,Free,West,657,76,0,0,0.0,0.0,3.1566666666666663,0.0,6.333333333333333,-1.0,0,0.0,None,1,0.0
U_04636,Pro,East,-118,11,0,3,82.45,145.08,6.627916666666668,6.945,13.75,-0.054945054945054916,3,48.36000000000001,Home,0,1765.14
U_04637,Pro,South,265,9,0,5,0.0,133.88,4.393333333333333,4.720000000000001,9.4,0.08741258741258742,3,44.626666666666665,Beauty,0,184.40075471698114
U_04638,Pro,South,43,12,0,2,0.0,0.0,2.160909090909091,0.3,4.818181818181818,-0.033333333333333305,0,0.0,None,0,0.0
U_04639,Free,North,-73,2,2,5,17.68,17.68,10.062758620689657,4.53,20.24137931034483,-0.03818369453044369,1,17.68,Books,0,215.10666666666668
U_04640,Free,South,467,80,0,0,0.0,0.0,4.576666666666667,0.0,8.0,1.0276789547548596e-16,0,0.0,None,1,0.0
U_04641,Free,North,-132,29,0,1,0.0,76.08,8.246470588235294,0.0,17.470588235294116,-0.04545454545454548,2,38.04,Sports,0,925.64
U_04642,Free,North,631,12,0,4,0.0,0.0,5.709999999999999,6.25,12.0,-0.03146853146853141,0,0.0,None,0,0.0
U_04643,Free,East,828,10,0,1,0.0,0.0,1.885714285714286,0.3,3.4285714285714284,4.8870404991229254e-17,0,0.0,None,0,0.0
U_04644,Free,West,317,47,0,0,0.0,0.0,4.612500000000001,0.0,12.125,-0.11428571428571437,0,0.0,None,1,0.0
U_04645,Free,South,-105,83,0,0,0.0,0.0,3.485,0.0,6.75,-2.0083673326242142e-16,0,0.0,None,1,0.0
U_04646,Pro,South,-107,59,0,0,0.0,168.39,4.674285714285715,0.0,10.571428571428571,0.02857142857142864,4,42.0975,Grocery,1,2048.745
U_04647,Free,North,-165,0,3,6,0.0,27.25,6.452272727272728,4.6033333333333335,14.045454545454545,0.0659340659340659,1,27.25,Beauty,0,331.5416666666667
U_04648,Free,South,308,55,0,0,0.0,0.0,5.688571428571428,0.0,12.142857142857142,4.8870404991229254e-17,0,0.0,None,0,0.0
U_04649,Free,North,-142,0,3,6,0.0,78.48,5.825263157894737,5.26,12.578947368421053,0.059440559440559426,2,39.24,Books,0,954.84
U_04650,Enterprise,North,256,101,0,0,0.0,252.84,0.3,0.0,1.0,0.0,1,252.84,Toys,1,360.49453125
U_04651,Pro,East,699,19,0,4,36.16,149.32,4.910769230769231,0.0,10.26923076923077,-0.009803921568627366,3,49.77333333333333,Toys,0,77.97110157367668
U_04652,Pro,South,180,4,1,1,0.0,392.85999999999996,3.123333333333333,0.4,7.5,7.951207131982424e-18,4,98.21499999999999,Books,0,796.6327777777776
U_04653,Pro,West,-4,18,0,1,0.0,708.27,7.007857142857143,0.0,15.857142857142858,-0.06060606060606059,6,118.045,Grocery,0,7040.131324358977
U_04654,Pro,East,401,14,0,4,42.06,143.38,5.545555555555556,0.0,12.5,0.10000000000000003,3,47.79333333333333,Sports,0,130.50798004987533
U_04655,Free,West,211,16,0,5,0.0,45.53,7.757083333333333,0.0,16.791666666666668,0.04395604395604393,1,45.53,Sports,0,78.76042654028436
U_04656,Free,East,576,97,0,0,0.0,21.13,11.020000000000001,0.0,21.4,-1.0507920739455759e-16,1,21.13,Home,0,13.389670138888887
U_04657,Pro,North,558,39,0,0,0.0,43.77,3.37,0.0,7.428571428571429,4.8870404991229254e-17,1,43.77,Grocery,1,28.630913978494625
U_04658,Enterprise,North,404,5,1,3,83.28,474.79999999999995,7.610666666666668,7.4350000000000005,16.133333333333333,-0.08741258741258742,4,118.69999999999999,Beauty,0,428.96534653465346
U_04659,Free,East,305,82,0,0,0.0,84.34,7.8072727272727285,0.0,17.636363636363637,-0.09090909090909084,2,42.17,Beauty,0,100.93147540983607
U_04660,Free,East,353,3,2,8,0.0,0.0,8.844333333333333,8.15,20.2,-0.02058823529411758,0,0.0,None,0,0.0
U_04661,Pro,North,754,0,2,4,85.39,427.97999999999996,8.124782608695655,9.77,17.565217391304348,-0.002197802197802255,7,61.13999999999999,Toys,0,207.1786472148541
U_04662,Pro,South,846,60,0,0,0.0,170.73,10.351999999999999,0.0,20.866666666666667,0.016666666666666777,2,85.365,Sports,1,73.66010638297871
U_04663,Free,East,490,11,0,4,0.0,24.42,7.686666666666667,9.45,16.80952380952381,2.1400648340185426e-17,1,24.42,Fashion,0,18.190408163265307
U_04664,Pro,West,88,72,0,0,0.0,0.0,0.9874999999999999,0.0,1.5,-0.5,0,0.0,None,1,0.0
U_04665,Pro,West,55,40,0,0,0.0,12.55,0.3,0.0,1.0,-7.850462293418875e-17,1,12.55,Beauty,1,83.28636363636365
U_04666,Free,East,600,22,0,3,0.0,0.0,2.0460000000000003,0.0,5.0,0.1785714285714286,0,0.0,None,1,0.0
U_04667,Pro,West,580,26,0,1,0.0,118.81,4.777142857142858,0.0,10.571428571428571,4.8870404991229254e-17,2,59.405,Fashion,1,74.76836206896552
U_04668,Free,North,302,1,2,7,0.0,91.99000000000001,11.264375000000001,13.0375,25.1875,-0.025974025974025965,3,30.663333333333338,Books,0,111.17996688741722
U_04669,Enterprise,South,665,74,0,0,0.0,262.37,0.3,0.0,1.0,0.0,2,131.185,Beauty,1,144.0075939849624
U_04670,Free,West,210,53,0,0,0.0,11.87,1.9814285714285713,0.0,4.714285714285714,-0.028571428571428543,1,11.87,Beauty,1,20.631190476190476
U_04671,Free,South,-111,1,1,4,0.0,48.0,7.231578947368422,4.426666666666667,15.526315789473685,0.025,1,48.0,Sports,0,584.0
U_04672,Pro,West,637,73,0,0,0.0,48.01,5.738571428571428,0.0,14.571428571428571,0.09999999999999995,1,48.01,Books,1,27.5096546310832
U_04673,Enterprise,South,228,7,0,5,345.83,1194.7599999999998,11.086578947368421,10.853333333333333,23.605263157894736,0.014035087719298176,12,99.56333333333332,Sports,0,1912.664035087719
U_04674,Free,South,84,7,0,4,0.0,34.72,10.154827586206897,8.69,22.896551724137932,0.007017543859649124,1,34.72,Toys,0,150.86666666666667
U_04675,Enterprise,North,54,1,1,3,97.38,255.69,3.8624999999999994,1.275,9.0,-0.02424242424242422,3,85.23,Books,0,1728.275
U_04676,Free,West,93,58,0,0,0.0,0.0,4.19625,0.0,9.625,2.4496098483336877e-17,0,0.0,None,1,0.0
U_04677,Enterprise,North,95,0,2,4,82.82,262.45,7.847307692307694,8.69,18.423076923076923,-0.04285714285714282,4,65.6125,Books,0,1008.3605263157893
U_04678,Free,West,562,0,1,6,17.29,17.29,9.207272727272727,3.27,20.515151515151516,0.014035087719298218,1,17.29,Grocery,0,11.229270462633451
U_04679,Pro,South,-41,0,2,7,365.40000000000003,746.55,11.589333333333334,11.815000000000001,26.2,0.016511867905056765,12,62.2125,Sports,0,7040.131324358977
U_04680,Pro,East,-134,0,3,8,160.25,212.59,9.493030303030304,10.318000000000001,20.696969696969695,0.035338345864661634,4,53.1475,Beauty,0,2586.5116666666668
U_04681,Free,West,796,80,0,0,0.0,0.0,6.99888888888889,0.0,16.77777777777778,5.664759402336449e-18,0,0.0,None,1,0.0
U_04682,Free,North,-154,37,0,0,0.0,16.84,7.1123529411764705,0.0,15.647058823529411,-0.0659340659340659,1,16.84,Home,1,204.88666666666668
U_04683,Pro,West,381,81,0,0,0.0,260.69,2.1799999999999997,0.0,4.5,-7.850462293418875e-17,3,86.89666666666666,Grocery,1,249.7423884514436
U_04684,Pro,North,760,112,0,0,0.0,0.0,2.2125,0.0,5.0,-8.498442808297854e-17,0,0.0,None,1,0.0
U_04685,Pro,North,778,15,0,3,0.0,0.0,6.859375,0.0,14.875,-0.024242424242424197,0,0.0,None,1,0.0
U_04686,Free,West,3,0,2,5,0.0,0.0,8.623928571428573,8.842500000000001,18.642857142857142,4.772877263047904e-17,0,0.0,None,0,0.0
U_04687,Free,East,130,3,2,5,0.0,18.96,6.6805,9.056666666666667,14.9,0.014705882352941235,1,18.96,Beauty,0,53.23384615384615
U_04688,Pro,West,701,84,0,0,0.0,67.32,3.4866666666666664,0.0,9.0,1.0276789547548596e-16,1,67.32,Grocery,1,35.052496433666185
U_04689,Pro,North,362,11,0,1,0.0,449.08,3.6420000000000003,1.44,7.7,6.363375692412363e-17,5,89.816,Grocery,1,452.8016574585635
U_04690,Free,South,172,5,1,4,14.72,14.72,4.3095,3.84,9.45,-0.00294117647058821,1,14.72,Home,0,31.23720930232558
U_04691,Pro,North,-211,0,3,5,0.0,0.0,5.691818181818181,4.226000000000001,12.727272727272727,0.22619047619047622,0,0.0,None,0,0.0
U_04692,Pro,East,494,22,0,2,0.0,360.57,6.925000000000001,0.0,16.0,0.16666666666666666,4,90.1425,Sports,1,266.41305668016196
U_04693,Free,East,35,0,1,5,0.0,97.36,5.696315789473684,0.3,10.842105263157896,0.015384615384615313,2,48.68,Fashion,0,1015.3257142857142
U_04694,Free,North,591,56,0,0,0.0,27.47,6.856666666666667,0.0,15.733333333333333,0.10714285714285722,2,13.735,Beauty,0,16.965397631133673
U_04695,Enterprise,West,641,4,2,8,417.66999999999996,1586.2000000000003,8.991538461538461,11.86,19.076923076923077,0.026470588235294128,11,144.20000000000002,Home,0,903.2184087363496
U_04696,Free,East,681,10,0,3,113.34,131.25,6.808750000000001,7.32,14.291666666666666,-0.028571428571428553,3,43.75,Beauty,0,70.34691629955947
U_04697,Pro,North,415,23,0,1,91.63,298.27,6.004736842105263,0.0,13.31578947368421,-0.10139860139860132,3,99.42333333333333,Fashion,0,262.33385542168674
U_04698,Pro,West,193,58,0,0,0.0,94.83,7.270769230769231,0.0,16.0,-0.01818181818181818,1,94.83,Sports,1,179.34170984455957
U_04699,Free,East,529,12,0,2,0.0,0.0,5.126363636363636,0.48,10.909090909090908,-0.1071428571428569,0,0.0,None,0,0.0
U_04700,Free,North,680,8,0,3,26.13,26.13,8.560434782608695,6.83,18.956521739130434,0.036764705882352984,1,26.13,Books,0,14.025661764705882
U_04701,Free,East,620,4,2,2,0.0,6.63,4.872727272727273,3.1449999999999996,11.272727272727273,0.07142857142857142,1,6.63,Sports,0,3.9031451612903223
U_04702,Free,East,762,5,2,6,0.0,97.42,7.820322580645161,11.19,17.225806451612904,-0.003508771929824551,3,32.473333333333336,Fashion,0,46.66443569553806
U_04703,Pro,North,647,10,0,2,0.0,0.0,1.3559999999999999,0.3,3.0,-1.0507920739455759e-16,0,0.0,None,1,0.0
U_04704,Free,West,516,26,0,1,0.0,12.02,8.782222222222222,0.0,19.38888888888889,-0.05000000000000001,1,12.02,Books,0,8.50251937984496
U_04705,Free,West,315,1,2,6,0.0,0.0,9.851515151515152,9.553333333333335,21.818181818181817,-0.012280701754385967,0,0.0,None,0,0.0
U_04706,Pro,East,657,7,0,5,0.0,526.3299999999999,9.306000000000003,2.93,19.433333333333334,-0.05000000000000002,3,175.4433333333333,Fashion,1,292.4055555555555
U_04707,Free,North,341,35,0,0,0.0,63.75,9.50470588235294,0.0,21.0,0.03030303030303036,2,31.875,Electronics,1,68.23680351906158
U_04708,Free,South,384,56,0,0,0.0,11.78,4.611818181818181,0.0,10.909090909090908,0.25714285714285695,1,11.78,Electronics,1,11.197135416666665
U_04709,Free,North,-185,11,0,4,0.0,116.97,9.951818181818183,14.82,21.5,0.02352941176470592,3,38.99,Grocery,0,1423.135
U_04710,Free,North,334,94,0,0,0.0,57.45,2.02,0.0,4.666666666666667,1.0276789547548596e-16,2,28.725,Books,1,62.782185628742525
U_04711,Free,North,-155,67,0,0,0.0,0.0,4.447999999999999,0.0,9.4,9.503933725077675e-17,0,0.0,None,1,0.0
U_04712,Free,West,350,76,0,0,0.0,0.0,2.53,0.0,6.0,-7.850462293418875e-17,0,0.0,None,1,0.0
U_04713,Free,West,641,28,0,1,0.0,32.95,4.868461538461539,0.0,10.846153846153847,-0.010489510489510481,1,32.95,Beauty,1,18.762480499219972
U_04714,Pro,West,221,136,0,0,0.0,0.0,1.315,0.0,3.0,-7.850462293418875e-17,0,0.0,None,1,0.0
U_04715,Free,East,698,58,0,0,0.0,0.0,4.103333333333334,0.0,9.0,-0.07142857142857145,0,0.0,None,1,0.0
U_04716,Enterprise,East,672,4,1,4,0.0,398.6,7.03357142857143,8.665,16.5,-0.16969696969696973,4,99.65,Beauty,0,216.5014880952381
U_04717,Pro,South,774,27,0,1,89.68,89.68,4.0188235294117645,0.0,8.470588235294118,-0.02857142857142863,1,89.68,Books,0,42.29095607235143
U_04718,Free,East,105,1,1,8,0.0,70.67,8.574814814814815,10.153333333333334,17.925925925925927,0.024509803921568662,2,35.335,Sports,0,245.66238095238097
U_04719,Free,North,-178,3,1,1,0.0,25.16,5.986,4.8,12.5,1.6054209807821413e-17,1,25.16,Grocery,0,306.11333333333334
U_04720,Free,East,422,6,1,4,28.97,42.82,9.080625,5.84,19.125,-0.0559440559440559,2,21.41,Sports,0,37.03625592417062
U_04721,Free,North,475,10,0,2,0.0,53.370000000000005,6.394615384615384,12.17,13.692307692307692,0.010489510489510499,2,26.685000000000002,Fashion,0,41.010631578947375
U_04722,Free,West,399,66,0,0,0.0,0.0,5.286250000000001,0.0,10.375,6.729156486047637e-17,0,0.0,None,1,0.0
U_04723,Free,South,477,30,0,0,0.0,91.11,8.442666666666666,0.0,19.2,-0.0636363636363636,2,45.555,Home,0,69.71729559748427
U_04724,Free,North,116,0,2,5,21.64,74.8,5.793125,4.576666666666667,13.375,8.628709098258557e-18,3,24.933333333333334,Beauty,0,235.36206896551724
U_04725,Free,West,435,25,0,2,0.0,0.0,7.222083333333333,0.0,14.666666666666666,0.029411764705882346,0,0.0,None,1,0.0
U_04726,Free,West,690,1,1,6,0.0,0.0,7.1864,6.44,14.76,-1.941534061991852e-17,0,0.0,None,0,0.0
U_04727,Free,North,-69,42,0,0,0.0,62.96,5.837000000000001,0.0,12.3,0.1428571428571429,1,62.96,Electronics,1,766.0133333333334
U_04728,Pro,East,242,1,1,3,0.0,200.74,7.970322580645161,11.675,17.93548387096774,0.002450980392156939,2,100.37,Home,0,302.7690082644628
U_04729,Pro,South,846,114,0,0,0.0,0.0,5.76,0.0,14.0,0.0,0,0.0,None,1,0.0
U_04730,Free,North,-53,5,1,4,0.0,58.88,6.5675,9.19,13.5,0.021428571428571432,1,58.88,Books,0,716.3733333333333
U_04731,Enterprise,East,76,32,0,0,225.92,643.02,5.14375,0.0,12.25,-0.11428571428571437,7,91.86,Fashion,1,3088.188157894737
U_04732,Free,South,475,78,0,0,0.0,0.0,2.388333333333333,0.0,6.333333333333333,-4.8374234447508063e-17,0,0.0,None,1,0.0
U_04733,Free,South,181,12,0,1,0.0,48.54,5.483076923076922,3.57,11.461538461538462,-0.07878787878787874,2,24.27,Beauty,0,97.88453038674032
U_04734,Enterprise,South,-128,61,0,0,0.0,747.32,7.665555555555555,0.0,15.444444444444445,-0.08333333333333319,5,149.464,Electronics,1,7040.131324358977
U_04735,Free,North,424,69,0,0,0.0,34.25,0.295,0.0,1.0,-7.850462293418875e-17,1,34.25,Books,1,29.484080188679247
U_04736,Free,West,391,2,2,4,0.0,184.28,6.339047619047619,7.126666666666668,13.619047619047619,-0.02450980392156856,4,46.07,Sports,0,172.02608695652174
U_04737,Free,North,535,10,0,3,0.0,0.0,6.803846153846154,5.89,15.615384615384615,-0.01818181818181818,0,0.0,None,0,0.0
U_04738,Pro,East,262,95,0,0,0.0,0.0,4.793333333333333,0.0,10.333333333333334,-4.8374234447508063e-17,0,0.0,None,1,0.0
U_04739,Pro,North,146,2,2,11,0.0,185.88,10.222682926829268,11.734,23.365853658536587,-0.011278195488721832,3,61.96,Books,0,464.7
U_04740,Pro,North,69,4,1,6,42.41,42.41,6.115,3.34,14.409090909090908,0.010989010989011044,1,42.41,Electronics,0,224.34275362318837
U_04741,Free,East,-159,0,2,7,8.55,140.18,8.917727272727275,9.835,20.5,0.027472527472527528,6,23.363333333333333,Home,0,1705.5233333333335
U_04742,Free,South,698,20,0,1,0.0,0.0,6.352857142857142,0.0,13.142857142857142,-0.028571428571428543,0,0.0,None,1,0.0
U_04743,Pro,West,463,4,1,3,90.16,90.16,5.426666666666667,2.9699999999999998,11.333333333333334,-0.048951048951048876,2,45.08,Beauty,0,71.07645788336933
U_04744,Free,East,-55,25,0,1,0.0,0.0,5.482307692307692,0.0,11.461538461538462,0.1151515151515152,0,0.0,None,0,0.0
U_04745,Pro,East,9,9,0,6,0.0,326.63,8.273181818181818,3.9699999999999998,19.40909090909091,-0.013186813186813234,6,54.43833333333333,Beauty,0,3973.998333333333
U_04746,Free,East,224,8,0,3,28.27,28.27,5.735714285714286,1.355,13.0,7.444876247950342e-17,1,28.27,Electronics,0,46.06495535714286
U_04747,Enterprise,West,131,3,1,4,262.57,859.3399999999999,9.83,11.173333333333334,20.9375,-0.013986013986013906,10,85.934,Fashion,0,2394.34427480916
U_04748,Free,South,490,16,0,3,0.0,13.72,6.516363636363637,0.0,14.272727272727273,0.04242424242424243,1,13.72,Home,1,10.22
U_04749,Free,North,-155,71,0,0,0.0,0.0,4.10625,0.0,9.375,0.07142857142857151,0,0.0,None,1,0.0
U_04750,Free,West,267,73,0,0,0.0,0.0,2.095,0.0,3.5,-7.850462293418875e-17,0,0.0,None,1,0.0
U_04751,Free,South,423,40,0,0,0.0,0.0,4.694999999999999,0.0,8.5,-2.0083673326242142e-16,0,0.0,None,1,0.0
U_04752,Free,North,658,16,0,1,0.0,14.24,3.127142857142857,0.0,7.571428571428571,-0.2,1,14.24,Electronics,1,7.899088145896657
U_04753,Pro,East,729,29,0,1,44.45,44.45,7.484999999999999,0.0,15.571428571428571,7.444876247950342e-17,1,44.45,Fashion,0,22.255486968449933
U_04754,Free,South,-104,8,0,3,0.0,0.0,5.075833333333334,4.99,10.833333333333334,0.012121212121212154,0,0.0,None,0,0.0
U_04755,Free,North,-1,2,1,8,0.0,44.31,10.500000000000002,12.085,21.928571428571427,0.003896103896103911,2,22.155,Toys,0,539.105
U_04756,Pro,West,824,71,0,0,0.0,169.03,7.203333333333333,0.0,16.72222222222222,0.07272727272727274,2,84.515,Beauty,0,74.87372572815534
U_04757,Free,South,508,13,0,2,35.41,124.84,5.585454545454545,3.04,12.181818181818182,4.3903977023783285e-17,4,31.21,Fashion,0,89.698031496063
U_04758,Pro,North,341,106,0,0,0.0,0.0,2.54,0.0,6.0,0.0,0,0.0,None,1,0.0
U_04759,Free,South,324,49,0,0,0.0,48.59,4.005,0.0,8.5,7.951207131982424e-18,1,48.59,Grocery,1,54.73873456790124
U_04760,Free,West,465,0,2,6,0.0,179.26,9.160714285714286,7.75,19.678571428571427,0.010319917440660463,4,44.815,Sports,0,140.70946236559138
U_04761,Free,West,-102,3,1,1,0.0,11.12,8.105789473684208,7.91,18.105263157894736,-0.007142857142857144,1,11.12,Home,0,135.29333333333332
U_04762,Enterprise,West,480,26,0,1,0.0,0.0,2.15,0.0,4.0,-7.850462293418875e-17,0,0.0,None,1,0.0
U_04763,Enterprise,West,285,36,0,0,0.0,463.96,6.438235294117647,0.0,14.882352941176471,-0.22424242424242424,3,154.65333333333334,Beauty,1,594.1943859649123
U_04764,Pro,West,-138,24,0,1,14.37,14.37,3.0766666666666667,0.0,7.333333333333333,-4.8374234447508063e-17,1,14.37,Grocery,0,174.83499999999998
U_04765,Pro,South,171,5,1,6,0.0,305.42,11.360357142857142,11.309999999999999,25.857142857142858,-0.00451127819548879,7,43.63142857142857,Toys,0,651.9198830409357
U_04766,Free,North,344,45,0,0,0.0,0.0,6.542941176470587,0.0,14.529411764705882,0.1636363636363636,0,0.0,None,1,0.0
U_04767,Pro,South,498,6,1,1,50.95,118.0,7.0920000000000005,1.6,15.2,-0.02380952380952377,3,39.333333333333336,Electronics,1,86.48594377510041
U_04768,Pro,South,440,55,0,0,0.0,0.0,3.096,0.0,6.6,-0.1000000000000001,0,0.0,None,1,0.0
U_04769,Free,West,203,60,0,0,0.0,21.01,5.316,0.0,9.6,0.09999999999999981,1,21.01,Home,1,37.77660098522168
U_04770,Free,North,15,5,1,6,0.0,0.0,7.418333333333333,6.37,16.77777777777778,-6.224319448511359e-17,0,0.0,None,0,0.0
U_04771,Free,West,575,0,2,4,0.0,39.44,7.328275862068965,8.396666666666667,16.0,-0.005159958720330236,1,39.44,Toys,0,25.03582608695652
U_04772,Pro,North,458,69,0,0,0.0,68.78,7.596923076923076,0.0,15.461538461538462,-0.016666666666666597,2,34.39,Fashion,1,54.81375545851529
U_04773,Free,West,439,3,1,5,0.0,0.0,7.806666666666667,8.809999999999999,16.62962962962963,0.026960784313725533,0,0.0,None,0,0.0
U_04774,Pro,North,466,12,0,2,0.0,59.09,7.1066666666666665,5.77,14.833333333333334,7.951207131982424e-18,1,59.09,Fashion,0,46.282939914163094
U_04775,Free,West,-121,85,0,0,0.0,31.28,11.193999999999999,0.0,26.8,-0.1000000000000001,1,31.28,Home,0,380.5733333333333
U_04776,Free,East,278,6,1,9,10.0,82.32,10.819142857142856,9.784,22.885714285714286,0.050877192982456146,3,27.439999999999998,Fashion,0,108.08201438848918
U_04777,Pro,West,558,16,0,2,0.0,487.12999999999994,5.955625,0.0,13.75,-0.02747252747252745,5,97.42599999999999,Fashion,0,318.64238351254477
U_04778,Free,North,498,24,0,1,0.0,0.0,3.3607692307692307,0.0,7.0,-0.03846153846153842,0,0.0,None,1,0.0
U_04779,Free,West,-23,26,0,1,0.0,48.980000000000004,6.966363636363638,0.0,15.272727272727273,-0.10714285714285712,3,16.326666666666668,Sports,0,595.9233333333334
U_04780,Enterprise,North,682,86,0,0,0.0,0.0,1.9674999999999998,0.0,3.25,-2.0083673326242142e-16,0,0.0,None,1,0.0
U_04781,Free,South,117,38,0,0,0.0,60.11,5.3572727272727265,0.0,11.272727272727273,0.011904761904761987,1,60.11,Electronics,0,187.52264957264956
U_04782,Free,South,829,86,0,0,0.0,21.8,3.2816666666666667,0.0,7.833333333333333,-0.20000000000000015,1,21.8,Electronics,1,9.598311218335345
U_04783,Free,North,647,24,0,2,0.0,17.32,3.3611764705882354,0.0,8.0,0.015384615384615358,1,17.32,Home,0,9.770942812983
U_04784,Free,South,789,54,0,0,28.66,28.66,4.988181818181818,0.0,10.363636363636363,-0.08333333333333326,1,28.66,Grocery,0,13.258428390367555
U_04785,Enterprise,West,-6,70,0,0,0.0,614.9,4.397777777777778,0.0,9.777777777777779,0.08571428571428573,6,102.48333333333333,Grocery,1,7040.131324358977
U_04786,Pro,West,696,12,0,1,0.0,179.96,6.990625,8.48,14.9375,0.04395604395604402,2,89.98,Beauty,1,94.37557471264368
U_04787,Free,East,609,24,0,1,20.03,20.03,0.9966666666666667,0.0,1.8333333333333333,7.951207131982424e-18,1,20.03,Grocery,1,12.004844006568144
U_04788,Free,East,791,43,0,0,0.0,0.0,5.2425,0.0,11.25,-0.07142857142857137,0,0.0,None,1,0.0
U_04789,Enterprise,North,571,14,0,1,0.0,687.49,7.759999999999999,0.0,19.0,-0.10714285714285726,4,171.8725,Grocery,1,439.4638353765324
U_04790,Pro,South,71,3,1,4,261.39,544.5,11.616470588235295,10.379999999999999,25.294117647058822,-4.052893388427885e-17,9,60.5,Fashion,0,2799.1901408450703
U_04791,Free,South,85,1,1,9,0.0,93.39,8.023043478260869,8.8475,17.652173913043477,0.032967032967033,4,23.3475,Books,0,401.02764705882356
U_04792,Free,West,-118,10,0,4,0.0,0.0,10.962121212121211,13.43,23.303030303030305,-0.04231166150670791,0,0.0,None,0,0.0
U_04793,Free,West,-157,51,0,0,0.0,79.00999999999999,8.143125,0.0,20.125,-0.25000000000000017,3,26.336666666666662,Sports,1,961.2883333333332
U_04794,Free,West,265,58,0,0,0.0,0.0,5.462857142857142,0.0,11.714285714285714,4.8870404991229254e-17,0,0.0,None,1,0.0
U_04795,Pro,West,-130,64,0,0,0.0,309.47,3.36875,0.0,7.125,0.05714285714285709,4,77.3675,Fashion,0,3765.2183333333332
U_04796,Pro,East,757,2,2,4,0.0,116.86999999999999,7.710000000000001,8.775,18.047619047619047,0.010989010989010964,2,58.434999999999995,Electronics,0,56.350792602377794
U_04797,Pro,East,-134,63,0,0,0.0,119.92999999999999,5.735,0.0,13.9,0.03571428571428574,2,59.964999999999996,Fashion,0,1459.1483333333333
U_04798,Free,North,390,36,0,0,0.0,13.95,10.2495,0.0,22.75,0.039285714285714306,1,13.95,Grocery,1,13.055769230769231
U_04799,Pro,North,647,5,1,1,0.0,109.75,5.938461538461538,9.85,13.384615384615385,0.08333333333333333,3,36.583333333333336,Home,0,61.91460587326121
U_04800,Free,West,55,73,0,0,0.0,0.0,9.139,0.0,18.9,-0.17272727272727265,0,0.0,None,1,0.0
U_04801,Free,South,-63,4,1,6,0.0,67.5,9.677083333333334,16.59,21.333333333333332,-0.047058823529411715,1,67.5,Toys,0,821.25
U_04802,Pro,North,441,3,1,7,241.17999999999998,608.6600000000001,10.41625,5.86,23.21875,0.05588235294117649,7,86.95142857142858,Grocery,0,503.7662131519275
U_04803,Free,West,753,132,0,0,0.0,0.0,3.78,0.0,8.0,-7.850462293418875e-17,0,0.0,None,1,0.0
U_04804,Free,East,-78,8,0,3,0.0,92.75,7.130666666666666,5.82,14.8,-0.027272727272727264,2,46.375,Beauty,1,1128.4583333333335
U_04805,Free,North,49,5,1,4,26.13,87.2,10.800689655172414,9.866666666666667,23.17241379310345,-0.046568627450980365,3,29.066666666666666,Beauty,0,649.5510204081633
U_04806,Pro,South,216,12,0,2,23.23,94.45,2.2281818181818185,1.61,4.818181818181818,-0.018181818181818177,2,47.225,Beauty,0,159.60300925925927
U_04807,Free,North,-189,36,0,0,0.0,0.0,4.003333333333333,0.0,8.5,0.0999999999999999,0,0.0,None,1,0.0
U_04808,Free,East,812,71,0,0,0.0,36.86,2.9210000000000003,0.0,6.5,-0.2285714285714287,1,36.86,Books,1,16.56884236453202
U_04809,Pro,West,793,49,0,0,0.0,0.0,2.9419999999999997,0.0,6.5,-0.04761904761904744,0,0.0,None,1,0.0
U_04810,Free,South,720,7,0,2,0.0,0.0,5.736666666666667,4.94,11.583333333333334,-0.06666666666666664,0,0.0,None,0,0.0
U_04811,Pro,East,829,41,0,0,0.0,40.04,2.2075,0.0,3.25,-2.0083673326242142e-16,1,40.04,Sports,1,17.6291917973462
U_04812,Enterprise,South,97,5,2,5,274.67,1066.44,9.61125,8.735,20.458333333333332,-0.01785714285714281,8,133.305,Beauty,0,4012.892783505155
U_04813,Pro,East,181,86,0,0,0.0,0.0,4.186,0.0,8.4,-0.1000000000000001,0,0.0,None,0,0.0
U_04814,Enterprise,North,733,3,1,2,133.71,961.8000000000001,7.654583333333332,8.43,16.541666666666668,0.005882352941176492,8,120.22500000000001,Toys,0,478.93178717598914
U_04815,Free,North,680,2,2,6,0.0,0.0,6.424545454545455,8.76,14.136363636363637,-0.022058823529411756,0,0.0,None,0,0.0
U_04816,Free,East,660,107,0,0,0.0,0.0,2.625,0.0,5.5,-2.0083673326242142e-16,0,0.0,None,1,0.0
U_04817,Pro,North,203,1,2,9,0.0,182.94,11.274411764705881,12.569999999999999,25.941176470588236,0.03508771929824561,4,45.735,Electronics,0,328.93152709359606
U_04818,Enterprise,East,136,11,0,4,270.52,761.3100000000001,9.703448275862069,11.69,21.79310344827586,-0.025799793601651147,12,63.4425,Fashion,0,2043.2216911764708
U_04819,Pro,South,-181,0,1,2,290.82000000000005,307.44000000000005,5.769333333333333,7.02,12.4,0.01648351648351652,4,76.86000000000001,Electronics,0,3740.5200000000004
U_04820,Pro,West,468,18,0,3,153.53,363.91999999999996,8.584166666666667,0.0,18.041666666666668,0.03516483516483512,5,72.78399999999999,Toys,0,283.8264957264957
U_04821,Free,North,-191,2,1,2,52.86,52.86,7.456999999999999,9.115,16.7,0.01758241758241756,1,52.86,Electronics,0,643.13
U_04822,Free,East,389,0,3,8,61.66,101.72999999999999,7.6839393939393945,9.42,16.454545454545453,0.025799793601651147,3,33.91,Books,0,95.45359897172234
U_04823,Free,North,436,1,1,7,0.0,88.08000000000001,9.5576,10.206666666666665,19.8,0.027941176470588296,3,29.360000000000003,Beauty,0,73.73669724770643
U_04824,Pro,West,582,5,1,7,0.0,52.55,6.346551724137932,5.32,14.275862068965518,-0.009803921568627407,1,52.55,Fashion,0,32.95661512027491
U_04825,Pro,East,605,0,2,6,0.0,105.86,7.1259999999999994,7.536666666666666,16.65,0.05000000000000001,3,35.28666666666667,Fashion,0,63.86595041322313
U_04826,Enterprise,West,-186,101,0,0,0.0,147.0,4.122,0.0,9.2,-0.3000000000000005,2,73.5,Books,1,1788.5000000000002
U_04827,Enterprise,East,-208,74,0,0,0.0,184.63,3.515,0.0,7.375,-2.751513687042919e-17,1,184.63,Beauty,1,2246.3316666666665
U_04828,Free,South,100,7,0,6,44.230000000000004,44.230000000000004,10.677368421052632,12.03,24.710526315789473,0.006191950464396324,2,22.115000000000002,Books,0,161.4395
U_04829,Free,West,666,68,0,0,0.0,24.81,4.9159999999999995,0.0,9.8,-0.5000000000000003,1,24.81,Fashion,1,13.597072072072072
U_04830,Pro,South,661,17,0,2,0.0,341.6,8.200000000000001,0.0,17.25,0.061538461538461514,4,85.4,Electronics,1,188.62934947049925
U_04831,Pro,West,690,19,0,1,0.0,0.0,6.881666666666666,0.0,13.833333333333334,0.003571428571428596,0,0.0,None,1,0.0
U_04832,Pro,North,478,3,1,4,46.98,316.28000000000003,8.86925925925926,7.77,19.62962962962963,0.04264705882352943,6,52.71333333333334,Fashion,0,241.5108786610879
U_04833,Free,North,67,4,1,7,0.0,139.28,9.761290322580646,11.15,22.258064516129032,-0.024509803921568582,3,46.42666666666667,Toys,0,758.7641791044776
U_04834,Free,West,790,22,0,3,0.0,0.0,5.735882352941177,0.0,12.058823529411764,0.017482517482517498,0,0.0,None,0,0.0
U_04835,Free,South,287,80,0,0,0.0,0.0,1.812,0.0,4.2,-0.3000000000000005,0,0.0,None,1,0.0
U_04836,Free,North,127,1,1,5,25.14,99.98,11.075357142857145,10.803333333333335,22.642857142857142,0.026960784313725502,3,33.32666666666667,Grocery,0,287.344094488189
U_04837,Free,North,817,29,0,1,0.0,0.0,3.036666666666667,0.0,7.333333333333333,7.951207131982424e-18,0,0.0,None,1,0.0
U_04838,Free,North,384,21,0,4,0.0,0.0,4.906315789473684,0.0,10.578947368421053,0.06643356643356645,0,0.0,None,0,0.0
U_04839,Enterprise,East,9,13,0,2,0.0,109.17,6.185454545454546,7.53,12.909090909090908,-0.030303030303030293,1,109.17,Electronics,0,1328.2350000000001
U_04840,Free,West,239,1,1,2,0.0,0.0,7.381764705882353,9.61,17.647058823529413,-0.045454545454545435,0,0.0,None,0,0.0
U_04841,Free,East,371,5,1,5,51.86,77.69,7.410000000000001,7.859999999999999,15.571428571428571,0.028571428571428584,2,38.845,Fashion,0,76.43355795148248
U_04842,Free,South,-87,87,0,0,0.0,0.0,6.038,0.0,12.4,-1.0507920739455759e-16,0,0.0,None,1,0.0
U_04843,Free,West,212,38,0,0,0.0,35.09,3.755,0.0,7.25,-2.0083673326242142e-16,1,35.09,Books,1,60.41438679245284
U_04844,Pro,East,493,34,0,0,0.0,0.0,2.58,0.0,5.75,6.729156486047637e-17,0,0.0,None,1,0.0
U_04845,Pro,North,430,86,0,0,0.0,0.0,2.258,0.0,5.0,-0.3000000000000005,0,0.0,None,1,0.0
U_04846,Free,West,-153,12,0,1,0.0,76.17,8.9545,7.17,20.1,-0.06593406593406588,2,38.085,Home,0,926.735
U_04847,Pro,North,-64,1,1,2,0.0,110.07,3.2640000000000002,2.715,6.5,0.047619047619047665,3,36.69,Beauty,0,1339.185
U_04848,Pro,East,-123,0,5,6,157.51999999999998,479.37999999999994,10.52346153846154,10.132000000000001,22.692307692307693,0.07843137254901959,7,68.48285714285713,Toys,0,5832.456666666666
U_04849,Enterprise,South,255,4,1,5,191.26999999999998,792.97,9.563461538461539,7.45,20.0,-0.03928571428571431,8,99.12125,Home,0,1135.0354901960786
U_04850,Pro,South,701,2,1,2,0.0,0.0,2.466428571428571,1.61,5.142857142857143,-0.09696969696969705,0,0.0,None,0,0.0
U_04851,Pro,West,666,15,0,2,0.0,46.08,8.36375,0.0,17.9375,-0.03496503496503495,1,46.08,Toys,1,25.254054054054055
U_04852,Enterprise,South,444,7,0,7,47.27,210.36,7.854666666666666,7.375,16.5,0.036764705882352956,3,70.12,Books,0,172.9310810810811
U_04853,Pro,South,116,53,0,0,0.0,97.82,2.7366666666666664,0.0,6.555555555555555,-0.1428571428571428,1,97.82,Toys,1,307.7956896551724
U_04854,Free,West,848,2,2,7,0.0,17.62,10.47344827586207,11.272499999999999,22.03448275862069,-0.0073529411764705075,1,17.62,Toys,0,7.584080188679246
U_04855,Pro,West,-2,10,0,2,0.0,295.31,7.488000000000001,6.27,14.9,0.008823529411764697,5,59.062,Grocery,1,3592.9383333333335
U_04856,Free,North,15,106,0,0,0.0,24.35,8.06,0.0,18.5,-7.850462293418875e-17,1,24.35,Toys,1,296.2583333333334
U_04857,Free,North,304,1,3,10,0.0,78.67,10.639024390243904,8.634,24.097560975609756,0.02280701754385961,2,39.335,Sports,0,94.45575657894737
U_04858,Pro,South,847,88,0,0,0.0,0.0,4.109,0.0,8.5,0.03571428571428574,0,0.0,None,1,0.0
U_04859,Pro,South,2,27,0,1,0.0,78.43,0.7249999999999999,0.0,2.0,-2.0083673326242142e-16,1,78.43,Beauty,1,954.2316666666668
U_04860,Pro,East,411,2,1,3,108.38,221.23,5.856315789473684,0.17,13.526315789473685,-0.03571428571428569,4,55.3075,Electronics,1,196.46946472019465
U_04861,Pro,North,139,0,1,6,49.66,654.89,8.744545454545456,9.365,19.136363636363637,-0.09340659340659335,9,72.76555555555555,Sports,1,1719.6751798561152
U_04862,Free,East,245,75,0,0,0.0,0.0,5.148333333333334,0.0,10.333333333333334,7.951207131982424e-18,0,0.0,None,1,0.0
U_04863,Free,South,76,63,0,0,0.0,0.0,3.391428571428572,0.0,6.714285714285714,-0.14285714285714293,0,0.0,None,1,0.0
U_04864,Free,West,417,7,0,5,21.12,27.64,9.410882352941176,9.756666666666666,21.205882352941178,-0.020639834881320946,2,13.82,Toys,0,24.19328537170264
U_04865,Free,South,-171,11,0,3,0.0,18.5,10.586666666666668,14.54,24.208333333333332,-0.08928571428571426,2,9.25,Sports,0,225.08333333333334
U_04866,Enterprise,North,-166,29,0,1,0.0,259.94,6.249333333333333,0.0,14.133333333333333,0.036363636363636376,4,64.985,Toys,1,3162.6033333333335
U_04867,Pro,South,-138,40,0,0,0.0,86.1,1.0999999999999999,0.0,2.4285714285714284,-0.028571428571428543,2,43.05,Grocery,1,1047.55
U_04868,Free,South,197,55,0,0,0.0,0.0,1.706666666666667,0.0,3.8333333333333335,-4.8374234447508063e-17,0,0.0,None,1,0.0
U_04869,Free,West,515,4,1,2,16.72,51.42,8.685925925925924,3.39,17.74074074074074,0.03382352941176471,2,25.71,Fashion,0,36.443300970873786
U_04870,Free,West,451,99,0,0,0.0,14.08,5.215,0.0,10.0,-7.850462293418875e-17,1,14.08,Books,1,11.395121951219512
U_04871,Pro,East,566,28,0,1,0.0,163.60000000000002,2.3609999999999998,0.0,4.4,0.016666666666666694,2,81.80000000000001,Electronics,1,105.50176678445231
U_04872,Free,East,-111,19,0,3,0.0,29.08,7.007727272727272,0.0,14.909090909090908,0.008791208791208776,2,14.54,Electronics,0,353.8066666666666
U_04873,Enterprise,South,8,16,0,2,209.81,823.7399999999999,9.546666666666667,0.0,21.85185185185185,3.272284380006097e-17,7,117.67714285714284,Toys,0,7040.131324358977
U_04874,Free,East,12,0,2,5,25.83,32.62,8.5095,8.655,17.55,-0.05494505494505496,2,16.31,Toys,0,396.87666666666667
U_04875,Pro,South,-23,6,1,6,281.39,977.43,11.1075,8.76,23.90625,0.024767801857585155,9,108.60333333333332,Books,0,7040.131324358977
U_04876,Enterprise,West,-204,0,2,3,148.01,978.9799999999999,6.154,8.696666666666667,12.9,0.021978021978021914,6,163.16333333333333,Electronics,0,7040.131324358977
U_04877,Free,East,119,54,0,0,0.0,0.0,6.343333333333333,0.0,13.666666666666666,1.0276789547548596e-16,0,0.0,None,1,0.0
U_04878,Free,North,513,84,0,0,0.0,28.05,8.41,0.0,19.6,0.2857142857142857,1,28.05,Books,1,19.957602339181285
U_04879,Free,East,45,8,0,4,0.0,0.0,9.5212,6.21,20.08,0.05494505494505494,0,0.0,None,0,0.0
U_04880,Free,East,573,83,0,0,0.0,65.5,6.658888888888888,0.0,13.666666666666666,6.633138920230202e-17,2,32.75,Books,0,41.72338568935428
U_04881,Pro,North,201,11,0,4,67.18,256.74,6.503333333333333,12.17,13.708333333333334,-0.05588235294117645,5,51.348,Toys,0,466.2194029850746
U_04882,Free,West,684,7,0,2,0.0,30.23,5.1706666666666665,10.71,10.6,-0.10909090909090909,1,30.23,Toys,0,16.131505847953218
U_04883,Free,North,-62,14,0,5,0.0,109.24,10.295,0.0,23.625,0.05637254901960788,3,36.413333333333334,Toys,0,1329.0866666666666
U_04884,Pro,West,332,12,0,6,0.0,111.62,8.599615384615385,5.55,18.615384615384617,0.04411764705882357,2,55.81,Fashion,0,122.71475903614459
U_04885,Free,West,559,7,0,3,0.0,65.3,5.86875,4.4,12.625,-0.07272727272727268,2,32.65,Electronics,0,42.63774597495527
U_04886,Free,South,-131,67,0,0,0.0,0.0,7.656666666666666,0.0,17.416666666666668,-0.016666666666666552,0,0.0,None,1,0.0
U_04887,Free,North,764,37,0,0,0.0,0.0,4.6850000000000005,0.0,8.375,0.11428571428571427,0,0.0,None,1,0.0
U_04888,Free,North,-139,15,0,1,0.0,15.31,3.9125,0.0,8.125,-0.07142857142857137,1,15.31,Books,1,186.27166666666665
U_04889,Pro,North,46,32,0,0,59.26,239.90999999999997,3.7062500000000003,0.0,7.75,0.07142857142857151,3,79.96999999999998,Books,1,1903.6336956521739
U_04890,Free,East,694,12,0,3,0.0,51.38,3.63,3.035,7.5,0.10714285714285712,2,25.69,Beauty,0,27.02262247838617
U_04891,Free,East,41,7,0,5,0.0,45.54,10.32962962962963,6.1433333333333335,23.333333333333332,0.033333333333333326,2,22.77,Home,0,405.41707317073167
U_04892,Pro,East,241,8,0,5,0.0,113.14,6.660454545454545,2.725,15.318181818181818,0.024509803921568648,2,56.57,Books,0,171.35311203319503
U_04893,Free,East,-115,94,0,0,0.0,0.0,3.028,0.0,6.0,-0.9999999999999998,0,0.0,None,0,0.0
U_04894,Pro,East,227,76,0,0,0.0,33.76,1.585,0.0,4.0,-7.850462293418875e-17,1,33.76,Beauty,1,54.28370044052863
U_04895,Pro,South,397,3,1,6,116.26,310.75,9.62653846153846,10.39,20.692307692307693,2.301777112808993e-18,4,77.6875,Beauty,0,285.7021410579345
U_04896,Free,West,-142,75,0,0,0.0,46.68,0.4566666666666667,0.0,1.0,1.0276789547548596e-16,1,46.68,Home,1,567.94
U_04897,Pro,North,759,4,1,4,151.54,206.39,6.704499999999999,1.98,14.75,-0.021978021978021983,3,68.79666666666667,Beauty,1,99.25210803689063
U_04898,Free,South,24,0,3,4,0.0,12.28,7.77090909090909,8.226666666666667,16.0,0.003571428571428539,1,12.28,Beauty,0,149.40666666666667
U_04899,Free,East,743,23,0,2,0.0,0.0,5.086,0.0,11.4,0.023809523809523888,0,0.0,None,1,0.0
U_04900,Pro,North,558,61,0,0,0.0,36.7,7.076666666666667,0.0,15.266666666666667,0.10303030303030307,1,36.7,Sports,0,24.006272401433694
U_04901,Free,West,731,2,1,5,0.0,33.25,7.204000000000001,7.12,16.15,-0.008791208791208864,1,33.25,Grocery,0,16.602257181942544
U_04902,Enterprise,East,-76,0,2,6,0.0,378.52,10.271785714285715,12.3775,21.464285714285715,0.0035087719298245394,3,126.17333333333333,Sports,0,4605.326666666667
U_04903,Pro,East,382,0,2,4,90.75,425.84,7.973333333333334,8.65,17.458333333333332,0.026470588235294128,5,85.16799999999999,Home,0,406.8890052356021
U_04904,Pro,West,78,40,0,0,0.0,0.0,2.496666666666666,0.0,5.333333333333333,-0.20000000000000015,0,0.0,None,0,0.0
U_04905,Pro,East,579,3,1,4,19.09,133.36,4.499999999999999,2.1399999999999997,9.857142857142858,-0.020979020979020893,4,33.34,Fashion,0,84.06977547495683
U_04906,Free,West,74,8,0,5,0.0,0.0,3.6072727272727265,0.5,7.363636363636363,0.08333333333333334,0,0.0,None,0,0.0
U_04907,Free,West,161,7,0,3,0.0,42.27,7.81962962962963,8.549999999999999,16.40740740740741,0.03928571428571427,1,42.27,Toys,0,95.82950310559008
U_04908,Enterprise,West,748,42,0,0,0.0,247.68,3.9585714285714286,0.0,7.857142857142857,-0.14285714285714293,2,123.84,Books,1,120.85989304812834
U_04909,Pro,North,326,0,3,8,63.01,488.94,9.95892857142857,9.91,22.5,0.02857142857142856,9,54.32666666666667,Fashion,0,547.4328220858896
U_04910,Pro,East,83,6,1,5,76.67,123.22,7.503823529411765,6.465,16.529411764705884,0.005263157894736818,2,61.61,Books,0,541.8710843373493
U_04911,Free,East,624,1,1,2,0.0,35.08,5.277142857142857,5.6,11.571428571428571,-0.009090909090909092,1,35.08,Beauty,0,20.51955128205128
U_04912,Free,East,155,1,2,7,0.0,13.35,8.876499999999998,7.9,18.55,0.08351648351648354,1,13.35,Sports,0,31.437096774193545
U_04913,Free,South,556,5,1,3,0.0,21.01,4.871666666666666,6.746666666666667,9.833333333333334,0.024242424242424246,1,21.01,Fashion,0,13.792535971223023
U_04914,Pro,North,458,4,2,3,0.0,0.0,5.67,7.015000000000001,11.222222222222221,0.08333333333333341,0,0.0,None,0,0.0
U_04915,Free,West,-128,27,0,2,0.0,0.0,4.673333333333333,0.0,9.583333333333334,-0.023809523809523662,0,0.0,None,0,0.0
U_04916,Free,East,-153,7,0,8,51.27,95.65,10.0656,8.81,21.72,0.1076923076923077,3,31.883333333333336,Sports,0,1163.7416666666668
U_04917,Free,North,-211,3,1,4,0.0,96.0,9.873636363636367,8.675,22.363636363636363,-0.05357142857142851,3,32.0,Books,0,1168.0
U_04918,Free,West,398,87,0,0,0.0,10.91,11.343333333333334,0.0,24.75,-0.17142857142857132,1,10.91,Fashion,1,10.005402010050252
U_04919,Pro,West,243,12,0,5,107.57,418.78,10.548064516129031,15.78,23.032258064516128,-0.010526315789473738,6,69.79666666666667,Grocery,0,629.0316872427983
U_04920,Enterprise,West,-9,25,0,1,0.0,1120.22,8.419333333333332,0.0,19.066666666666666,0.036363636363636376,7,160.03142857142856,Electronics,0,7040.131324358977
U_04921,Free,North,44,41,0,0,0.0,41.05,4.937272727272727,0.0,11.090909090909092,0.03333333333333343,1,41.05,Fashion,0,340.52840909090907
U_04922,Pro,North,366,32,0,0,77.9,232.65,4.285714285714286,0.0,8.0,4.8870404991229254e-17,3,77.55,Books,0,232.01434426229508
U_04923,Pro,West,-68,2,1,6,0.0,66.71000000000001,6.353333333333333,7.0600000000000005,14.296296296296296,-0.004901960784313693,2,33.355000000000004,Home,0,811.6383333333334
U_04924,Free,North,425,61,0,0,0.0,28.57,9.437857142857142,0.0,22.0,0.01666666666666678,1,28.57,Toys,1,24.53658823529412
U_04925,Free,North,-160,21,0,2,0.0,0.0,5.9238461538461555,0.0,12.23076923076923,0.16666666666666666,0,0.0,None,1,0.0
U_04926,Free,North,349,3,2,6,0.0,52.15,9.910645161290322,13.236666666666666,20.419354838709676,-3.749656494223527e-17,2,26.075,Fashion,0,54.54083094555874
U_04927,Free,South,726,4,2,4,0.0,0.0,6.632857142857143,6.755,15.285714285714286,0.3,0,0.0,None,0,0.0
U_04928,Free,West,54,4,1,5,0.0,27.96,5.122142857142857,6.6499999999999995,10.928571428571429,0.06293706293706296,1,27.96,Beauty,0,188.98888888888888
U_04929,Enterprise,East,698,66,0,0,135.55,376.15,8.516,0.0,16.8,0.1428571428571429,4,94.0375,Toys,0,196.69734957020057
U_04930,Free,South,128,59,0,0,0.0,13.53,10.289444444444445,0.0,22.055555555555557,-0.0604395604395604,1,13.53,Electronics,0,38.581640625
U_04931,Free,North,795,23,0,1,0.0,31.45,7.2379999999999995,0.0,16.9,-0.07692307692307683,1,31.45,Sports,1,14.43930817610063
U_04932,Pro,South,-201,2,1,5,0.0,284.61,6.883157894736843,11.61,14.473684210526315,-0.07342657342657342,3,94.87,Fashion,0,3462.755
U_04933,Free,North,276,23,0,1,0.0,12.68,2.2325,0.0,4.75,-2.0083673326242142e-16,1,12.68,Books,1,16.768840579710144
U_04934,Enterprise,West,63,10,0,5,554.23,1255.21,8.275,7.8,21.3,-0.013186813186813221,11,114.11,Books,0,7040.131324358977
U_04935,Pro,North,713,5,1,8,180.96,570.46,9.1575,7.390000000000001,20.75,-0.05789473684210533,7,81.49428571428572,Toys,0,292.0307152875175
U_04936,Enterprise,West,174,7,0,3,42.88,931.74,10.223703703703702,12.43,22.74074074074074,0.014285714285714339,12,77.645,Sports,0,1954.5120689655173
U_04937,Free,North,451,119,0,0,0.0,0.0,0.3,0.0,1.0,0.0,0,0.0,None,1,0.0
U_04938,Pro,South,587,38,0,0,127.44,127.44,6.17,0.0,14.5,6.729156486047637e-17,1,127.44,Books,1,79.24293015332198
U_04939,Free,West,-16,75,0,0,0.0,0.0,1.1400000000000001,0.0,1.5,-7.850462293418875e-17,0,0.0,None,1,0.0
U_04940,Pro,West,817,3,1,3,80.39,365.05,7.509565217391305,8.91,16.17391304347826,0.017857142857142894,5,73.01,Fashion,0,163.08843329253367
U_04941,Pro,East,343,46,0,0,0.0,497.12,6.611428571428571,0.0,14.0,0.19999999999999996,4,124.28,Home,1,529.0052478134111
U_04942,Free,North,760,98,0,0,0.0,0.0,4.9399999999999995,0.0,10.714285714285714,0.19999999999999996,0,0.0,None,1,0.0
U_04943,Free,West,-55,55,0,0,0.0,72.95,7.792777777777778,0.0,17.72222222222222,0.013186813186813156,3,24.316666666666666,Beauty,0,887.5583333333333
U_04944,Free,East,-100,31,0,0,0.0,0.0,3.5209090909090905,0.0,7.818181818181818,0.1547619047619048,0,0.0,None,1,0.0
U_04945,Free,West,816,12,0,3,0.0,0.0,8.590833333333334,8.75,19.208333333333332,-0.03214285714285707,0,0.0,None,0,0.0
U_04946,Free,West,357,144,0,0,0.0,0.0,2.02,0.0,4.0,0.0,0,0.0,None,1,0.0
U_04947,Free,North,353,10,0,3,0.0,18.55,7.832857142857144,7.055,16.071428571428573,0.002450980392156914,1,18.55,Home,0,19.180594900849858
U_04948,Pro,West,86,59,0,0,38.27,293.61,6.998461538461537,0.0,15.384615384615385,0.05000000000000009,5,58.722,Beauty,0,1246.1354651162792
U_04949,Free,South,75,18,0,2,0.0,0.0,5.532083333333333,0.0,11.833333333333334,-0.021978021978022018,0,0.0,None,0,0.0
U_04950,Pro,South,487,41,0,0,0.0,115.0,4.772222222222222,0.0,10.666666666666666,0.011904761904761946,2,57.5,Toys,1,86.19096509240246
U_04951,Free,East,-142,4,1,6,0.0,54.17,8.35576923076923,6.86,18.923076923076923,0.025000000000000015,3,18.05666666666667,Beauty,0,659.0683333333334
U_04952,Free,South,655,32,0,0,0.0,42.1,4.757692307692308,0.0,9.923076923076923,0.009090909090909113,2,21.05,Grocery,0,23.46030534351145
U_04953,Free,North,707,2,2,6,21.43,21.43,5.982608695652175,6.11,13.956521739130435,0.009803921568627472,1,21.43,Toys,0,11.063578500707212
U_04954,Free,East,-16,1,1,3,7.54,41.339999999999996,7.638947368421054,8.27,17.894736842105264,-0.010989010989010959,2,20.669999999999998,Books,0,502.96999999999997
U_04955,Free,East,724,112,0,0,0.0,0.0,3.44,0.0,8.0,0.9999999999999998,0,0.0,None,1,0.0
U_04956,Enterprise,East,654,35,0,0,128.54,495.92999999999995,6.763333333333333,0.0,15.416666666666666,0.07272727272727268,4,123.98249999999999,Fashion,1,276.7805045871559
U_04957,Pro,North,319,93,0,0,0.0,0.0,4.41,0.0,10.333333333333334,1.0276789547548596e-16,0,0.0,None,1,0.0
U_04958,Pro,East,494,62,0,0,168.69,244.85,2.7375,0.0,5.25,-0.6000000000000008,3,81.61666666666666,Grocery,1,180.91143724696357
U_04959,Pro,East,678,40,0,0,0.0,92.54,2.545,0.0,4.5,-7.850462293418875e-17,1,92.54,Beauty,1,49.818731563421835
U_04960,Free,West,-139,4,1,3,15.42,27.25,6.6191666666666675,1.005,14.708333333333334,-0.07058823529411763,2,13.625,Beauty,0,331.5416666666667
U_04961,Free,North,347,93,0,0,0.0,9.77,5.1175,0.0,11.25,0.5000000000000002,1,9.77,Electronics,0,10.276801152737752
U_04962,Free,South,15,11,0,5,0.0,199.32000000000002,12.41030303030303,16.13,29.393939393939394,0.022807017543859644,5,39.864000000000004,Toys,0,2425.0600000000004
U_04963,Free,North,586,17,0,2,0.0,11.3,7.978461538461539,0.0,16.846153846153847,0.0787878787878788,1,11.3,Toys,1,7.03839590443686
U_04964,Free,West,-120,0,1,4,0.0,0.0,6.273333333333333,8.405000000000001,13.416666666666666,0.012121212121212154,0,0.0,None,0,0.0
U_04965,Free,North,617,102,0,0,0.0,53.27,4.67,0.0,11.25,-8.498442808297854e-17,1,53.27,Toys,1,31.51304700162075
U_04966,Pro,North,-114,28,0,1,0.0,220.69,6.103529411764706,0.0,13.294117647058824,-0.05454545454545456,3,73.56333333333333,Grocery,0,2685.061666666667
U_04967,Free,North,199,6,1,1,16.4,16.4,5.556875,4.54,11.5625,0.004395604395604367,1,16.4,Sports,0,30.08040201005025
U_04968,Pro,South,-183,63,0,0,0.0,124.53,4.038181818181818,0.0,9.727272727272727,0.05952380952380963,1,124.53,Toys,1,1515.115
U_04969,Free,North,30,9,0,5,0.0,38.94,5.0575,5.675,11.166666666666666,0.023809523809523836,1,38.94,Toys,0,473.7699999999999
U_04970,Free,West,180,17,0,1,26.95,26.95,4.304,0.0,10.4,1.6054209807821413e-17,1,26.95,Sports,0,54.648611111111116
U_04971,Free,East,284,42,0,0,0.0,14.51,10.325652173913042,0.0,23.17391304347826,0.11208791208791209,1,14.51,Home,0,18.648415492957746
U_04972,Free,West,-59,8,0,1,0.0,30.41,3.7275000000000005,0.09,7.583333333333333,-0.03636363636363635,1,30.41,Beauty,1,369.98833333333334
U_04973,Free,West,380,68,0,0,0.0,0.0,3.2457142857142856,0.0,7.285714285714286,0.09999999999999995,0,0.0,None,1,0.0
U_04974,Pro,North,748,61,0,0,0.0,42.29,2.7533333333333334,0.0,7.0,1.0276789547548596e-16,1,42.29,Books,1,20.63616310160428
U_04975,Enterprise,North,-122,30,0,0,0.0,168.89000000000001,4.418235294117647,0.0,9.823529411764707,0.01071428571428573,2,84.44500000000001,Books,1,2054.8283333333334
U_04976,Free,West,-6,11,0,2,0.0,0.0,6.404117647058824,3.33,14.411764705882353,0.006060606060606097,0,0.0,None,1,0.0
U_04977,Pro,West,125,86,0,0,0.0,0.0,5.523636363636364,0.0,14.090909090909092,0.2571428571428571,0,0.0,None,0,0.0
U_04978,Free,North,59,51,0,0,0.0,0.0,8.117857142857142,0.0,18.428571428571427,-0.11666666666666656,0,0.0,None,1,0.0
U_04979,Pro,South,605,10,0,2,0.0,357.99,4.559166666666666,3.41,10.083333333333334,3.509362590262302e-17,5,71.598,Grocery,0,215.9774380165289
U_04980,Pro,West,359,51,0,0,0.0,0.0,4.116666666666667,0.0,8.833333333333334,0.0999999999999999,0,0.0,None,0,0.0
U_04981,Free,West,-25,17,0,2,0.0,0.0,4.695454545454545,0.0,10.545454545454545,-0.03571428571428564,0,0.0,None,1,0.0
U_04982,Pro,South,-173,1,2,4,17.09,286.22999999999996,9.311071428571427,6.68,20.25,0.019607843137254898,4,71.55749999999999,Home,0,3482.4649999999997
U_04983,Pro,North,-132,29,0,1,0.0,35.85,4.405,0.0,8.666666666666666,7.951207131982424e-18,1,35.85,Home,1,436.175
U_04984,Free,North,681,1,3,4,0.0,30.89,7.863888888888888,9.106666666666667,16.27777777777778,0.032967032967032905,1,30.89,Fashion,0,16.55631424375918
U_04985,Pro,North,123,57,0,0,0.0,139.23999999999998,1.999,0.0,4.7,0.023809523809523878,3,46.41333333333333,Grocery,1,413.1918699186991
U_04986,Free,West,262,1,1,5,0.0,19.52,8.250476190476192,10.940000000000001,18.238095238095237,0.00245098039215689,1,19.52,Sports,0,27.193893129770995
U_04987,Pro,West,421,5,1,2,0.0,117.88,8.136111111111111,7.375,17.5,-0.09790209790209789,2,58.94,Home,0,102.19999999999999
U_04988,Free,West,674,0,3,7,0.0,89.25999999999999,11.488695652173913,11.135,26.304347826086957,0.025000000000000043,2,44.629999999999995,Beauty,0,48.33813056379822
U_04989,Pro,North,706,26,0,1,0.0,120.12,3.9430769230769234,0.0,8.923076923076923,-0.00909090909090901,2,60.06,Grocery,1,62.10169971671388
U_04990,Pro,East,351,2,1,3,56.73,56.73,3.710714285714286,4.74,8.0,-4.5049633455634363e-17,1,56.73,Beauty,0,58.99273504273504
U_04991,Pro,North,327,91,0,0,0.0,170.63000000000002,4.424285714285714,0.0,9.428571428571429,0.39999999999999997,3,56.87666666666667,Books,0,190.4585626911315
U_04992,Free,South,567,999,0,0,0.0,0.0,0.0,0.0,0.0,0.0,0,0.0,None,1,0.0
U_04993,Pro,South,461,10,0,3,0.0,144.17999999999998,6.752222222222222,0.3,14.777777777777779,0.006993006993007018,4,36.044999999999995,Home,0,114.15553145336224
U_04994,Pro,South,262,86,0,0,0.0,0.0,2.605,0.0,5.5,-7.850462293418875e-17,0,0.0,None,1,0.0
U_04995,Free,East,40,32,0,0,0.0,0.0,6.751111111111111,0.0,13.777777777777779,0.059523809523809486,0,0.0,None,1,0.0
U_04996,Free,North,224,7,0,4,0.0,0.0,7.100434782608696,7.22,14.434782608695652,-0.0035714285714285553,0,0.0,None,0,0.0
U_04997,Free,South,680,0,1,5,0.0,15.13,4.127692307692308,4.57,8.0,-0.08333333333333322,1,15.13,Toys,0,8.121250000000002
U_04998,Pro,South,-92,5,2,6,36.86,71.0,6.253157894736842,5.446666666666666,14.105263157894736,0.06373626373626373,2,35.5,Fashion,0,863.8333333333334
U_04999,Pro,South,461,1,3,7,33.18,140.86,7.37764705882353,8.776,16.529411764705884,0.06593406593406595,4,35.215,Fashion,0,111.52689804772236
U_05000,Free,East,-171,21,0,3,0.0,0.0,6.83,0.0,15.619047619047619,0.04945054945054944,0,0.0,None,1,0.0
U_05001,Free,South,-194,0,5,12,0.0,138.67,8.9275,8.408333333333333,19.84375,0.12857142857142861,5,27.733999999999998,Beauty,0,1687.1516666666664
U_05002,Free,East,703,4,1,1,0.0,0.0,6.465714285714286,5.75,14.142857142857142,-0.02499999999999998,0,0.0,None,0,0.0
U_05003,Pro,East,232,9,0,1,0.0,119.34,3.250833333333333,1.08,7.0,-0.02424242424242419,3,39.78,Beauty,1,187.75474137931033
U_05004,Enterprise,East,-178,7,0,4,233.14,1534.76,8.772941176470589,9.594999999999999,19.647058823529413,0.03636363636363637,13,118.05846153846154,Books,0,7040.131324358977
U_05005,Free,East,442,29,0,1,0.0,0.0,7.166153846153847,0.0,14.76923076923077,-0.04999999999999991,0,0.0,None,0,0.0
U_05006,Pro,West,269,27,0,1,0.0,71.62,6.39,0.0,13.85,0.035164835164835186,1,71.62,Beauty,1,97.17955390334573
U_05007,Pro,East,518,10,0,6,39.02,605.68,9.209333333333332,10.7,19.233333333333334,-0.011764705882352894,9,67.29777777777777,Electronics,0,426.7822393822393
U_05008,Free,West,822,72,0,0,0.0,0.0,4.668333333333334,0.0,9.5,-0.10000000000000012,0,0.0,None,1,0.0
U_05009,Free,North,634,53,0,0,0.0,0.0,3.0725,0.0,6.5,0.5000000000000002,0,0.0,None,1,0.0
U_05010,Free,West,720,35,0,0,0.0,0.0,1.18,0.0,2.2,-1.0507920739455759e-16,0,0.0,None,1,0.0
U_05011,Pro,North,550,33,0,0,0.0,35.1,6.982727272727273,0.0,16.181818181818183,-0.004395604395604444,1,35.1,Electronics,1,23.293636363636363
U_05012,Free,North,181,79,0,0,0.0,17.04,6.804545454545456,0.0,15.909090909090908,0.0833333333333334,1,17.04,Electronics,1,34.36243093922652
U_05013,Free,South,252,4,1,5,0.0,8.08,7.2208695652173915,7.234999999999999,15.652173913043478,-0.016176470588235303,1,8.08,Home,0,11.703174603174604
U_05014,Free,North,-158,24,0,1,0.0,30.37,1.6524999999999999,0.0,3.75,-2.0083673326242142e-16,1,30.37,Sports,1,369.50166666666667
U_05015,Free,East,122,0,1,4,0.0,19.72,9.9825,9.350000000000001,19.3125,0.016483516483516546,1,19.72,Grocery,0,58.9983606557377
U_05016,Enterprise,East,466,37,0,0,0.0,0.0,2.915,0.0,6.3,-0.02380952380952362,0,0.0,None,1,0.0
U_05017,Free,East,-160,2,1,2,19.21,19.21,5.3035000000000005,11.41,12.55,-0.004395604395604418,1,19.21,Sports,0,233.72166666666666
U_05018,Free,South,177,46,0,0,0.0,0.0,5.95,0.0,12.666666666666666,0.059523809523809486,0,0.0,None,1,0.0
U_05019,Free,East,273,57,0,0,0.0,0.0,5.5145454545454555,0.0,13.0,0.03571428571428578,0,0.0,None,0,0.0
U_05020,Free,North,-67,2,1,8,33.84,81.8,10.915,11.32,24.357142857142858,-0.02631578947368427,3,27.266666666666666,Sports,0,995.2333333333333
U_05021,Free,North,138,0,1,8,0.0,0.0,5.476190476190476,6.76,12.095238095238095,0.06785714285714287,0,0.0,None,0,0.0
U_05022,Pro,West,468,66,0,0,19.1,92.03,2.66,0.0,6.6,-1.0507920739455759e-16,3,30.676666666666666,Beauty,0,71.77553418803419
U_05023,Free,East,208,34,0,0,0.0,30.69,6.684,0.0,13.1,0.10714285714285716,1,30.69,Home,0,53.855048076923076
U_05024,Pro,North,532,2,1,3,0.0,76.02,4.053333333333333,6.96,9.777777777777779,-0.035714285714285664,1,76.02,Sports,0,52.15657894736842
U_05025,Enterprise,West,-181,67,0,0,0.0,119.2,3.494285714285714,0.0,7.142857142857143,-0.2000000000000001,1,119.2,Beauty,1,1450.2666666666669
U_05026,Free,South,592,1,2,6,0.0,77.44,11.222285714285713,10.04,24.0,-0.007223942208462332,3,25.813333333333333,Sports,0,47.74594594594595
U_05027,Free,South,-185,26,0,1,0.0,26.65,3.7522222222222217,0.0,7.888888888888889,-0.011904761904761871,1,26.65,Grocery,1,324.2416666666667
U_05028,Pro,East,784,105,0,0,0.0,0.0,2.175,0.0,5.5,-7.850462293418875e-17,0,0.0,None,1,0.0
U_05029,Free,North,842,32,0,0,0.0,0.0,8.400869565217393,0.0,18.217391304347824,-0.09440559440559433,0,0.0,None,0,0.0
U_05030,Free,West,263,0,2,5,81.52,162.72,9.208275862068966,9.806666666666667,20.20689655172414,0.013415892672858608,3,54.24,Electronics,0,225.8281368821293
U_05031,Free,West,633,14,0,2,81.97,121.66,7.970625,0.0,16.75,-0.045454545454545456,3,40.553333333333335,Beauty,0,70.15150078988941
U_05032,Free,South,312,8,0,2,0.0,30.76,2.8080000000000003,5.22,5.2,-0.04761904761904757,1,30.76,Beauty,1,35.98525641025641
U_05033,Free,North,727,2,2,8,0.0,24.79,6.720416666666666,7.040000000000001,14.0,-0.013186813186813218,2,12.395,Books,1,12.44614855570839
U_05034,Free,East,-40,0,2,3,0.0,0.0,6.977368421052631,9.195,15.631578947368421,-0.0363636363636363,0,0.0,None,0,0.0
U_05035,Free,East,139,28,0,1,0.0,53.07,5.069090909090908,0.0,10.909090909090908,0.049999999999999996,1,53.07,Grocery,0,139.3564748201439
U_05036,Enterprise,South,123,1,1,5,0.0,223.43,3.9869999999999997,5.21,9.2,0.10714285714285716,1,223.43,Books,0,663.0239837398375
U_05037,Pro,South,-135,34,0,0,0.0,9.4,7.316470588235294,0.0,15.176470588235293,0.036363636363636445,1,9.4,Home,0,114.36666666666667
U_05038,Free,West,-205,64,0,0,0.0,17.38,4.672499999999999,0.0,11.5,0.07142857142857145,1,17.38,Electronics,1,211.45666666666665
U_05039,Free,East,130,3,1,3,0.0,53.519999999999996,5.444,2.99,12.533333333333333,0.017482517482517505,2,26.759999999999998,Books,0,150.2676923076923
U_05040,Free,West,92,2,2,6,0.0,89.07000000000001,10.694999999999999,9.450000000000001,23.266666666666666,0.039215686274509824,2,44.535000000000004,Books,0,353.3755434782609
U_05041,Pro,West,851,10,0,4,0.0,89.45,7.2524,6.503333333333334,16.2,0.15384615384615388,1,89.45,Home,0,38.365746180963576
U_05042,Pro,North,800,31,0,0,0.0,25.37,8.864736842105264,0.0,20.94736842105263,-0.01048951048951045,1,25.37,Sports,1,11.575062500000001
U_05043,Free,South,398,21,0,1,0.0,35.77,5.5233333333333325,0.0,12.0,-0.11428571428571413,2,17.885,Books,1,32.80414572864322
U_05044,Free,North,-181,2,1,7,0.0,0.0,9.374814814814814,7.025,21.22222222222222,5.106595457432645e-17,0,0.0,None,0,0.0
U_05045,Pro,South,519,60,0,0,0.0,71.37,2.38,0.0,4.0,-7.850462293418875e-17,1,71.37,Books,1,50.192774566473986
U_05046,Free,North,247,0,1,2,0.0,0.0,6.441666666666666,8.05,12.833333333333334,0.03333333333333339,0,0.0,None,0,0.0
U_05047,Free,West,843,4,1,3,0.0,40.94,3.1799999999999997,3.56,5.75,0.036363636363636404,2,20.47,Beauty,0,17.72609727164887
U_05048,Free,South,409,2,1,3,0.0,32.54,7.522500000000001,6.260000000000001,16.142857142857142,-0.0061919504643962765,1,32.54,Books,0,29.039364303178484
U_05049,Free,East,-110,1,3,5,0.0,0.0,7.7377777777777785,6.385,16.77777777777778,-0.00103199174406601,0,0.0,None,0,0.0
U_05050,Pro,East,224,32,0,0,0.0,95.84,5.508636363636364,0.0,12.590909090909092,-5.294632857540729e-17,2,47.92,Beauty,1,156.16785714285714
U_05051,Free,North,-26,88,0,0,0.0,0.0,7.6485714285714295,0.0,16.0,0.02857142857142864,0,0.0,None,1,0.0
U_05052,Free,West,839,21,0,3,0.0,0.0,6.907058823529412,0.0,14.823529411764707,0.018181818181818264,0,0.0,None,0,0.0
U_05053,Pro,North,636,6,1,3,57.07,135.14,11.006285714285715,9.755,24.34285714285714,-0.015789473684210537,2,67.57,Fashion,0,77.55676100628929
U_05054,Free,North,661,3,1,6,26.53,35.02,10.67633333333333,10.25,23.033333333333335,-0.04411764705882344,2,17.51,Sports,0,19.33782148260212
U_05055,Free,South,-35,10,0,1,0.0,0.0,3.678000000000001,1.38,6.7,-0.04761904761904756,0,0.0,None,1,0.0
U_05056,Pro,North,744,58,0,0,0.0,185.13,7.898235294117647,0.0,17.41176470588235,-0.10139860139860135,2,92.565,Grocery,1,90.82318548387096
U_05057,Pro,East,-141,0,1,1,0.0,0.0,3.0549999999999997,1.53,6.833333333333333,7.951207131982424e-18,0,0.0,None,1,0.0
U_05058,Free,East,567,5,2,7,0.0,106.59,9.976666666666668,10.588,21.897435897435898,0.05964912280701754,2,53.295,Beauty,0,68.61613756613757
U_05059,Pro,West,-86,13,0,5,14.58,113.47999999999999,8.17,8.23,17.68,-0.0813186813186814,4,28.369999999999997,Books,0,1380.6733333333332
U_05060,Enterprise,South,303,2,2,7,61.34,686.6099999999999,8.245384615384616,6.066666666666666,19.26923076923077,0.035294117647058816,7,98.08714285714284,Books,0,827.1044554455444
U_05061,Enterprise,East,508,77,0,0,156.28,984.1099999999999,7.874545454545455,0.0,17.181818181818183,0.14285714285714296,9,109.34555555555555,Fashion,0,707.0869094488188
U_05062,Free,North,-178,12,0,1,0.0,0.0,2.5214285714285714,2.54,5.428571428571429,4.8870404991229254e-17,0,0.0,None,0,0.0
U_05063,Free,South,421,4,2,9,0.0,45.89,8.885483870967743,8.06,19.612903225806452,0.06785714285714287,2,22.945,Home,0,39.78586698337293
U_05064,Pro,West,109,8,0,2,0.0,25.21,5.118461538461539,5.82,11.0,-0.07272727272727272,1,25.21,Sports,0,84.41880733944954
U_05065,Enterprise,West,781,5,1,3,176.59,856.2700000000001,6.777619047619048,7.716666666666666,14.904761904761905,0.04395604395604399,6,142.71166666666667,Grocery,0,400.17740076824595
U_05066,Enterprise,South,-33,6,1,7,59.26,268.27,7.1138095238095245,6.88,16.0,0.049450549450549504,5,53.653999999999996,Toys,0,3263.9516666666664
U_05067,Pro,West,-193,57,0,0,0.0,0.0,2.355,0.0,6.125,6.729156486047637e-17,0,0.0,None,1,0.0
U_05068,Free,East,735,2,4,6,0.0,0.0,10.874,10.946000000000002,23.633333333333333,-0.024999999999999984,0,0.0,None,0,0.0
U_05069,Pro,North,57,32,0,0,0.0,287.74,9.138,0.0,19.7,0.010989010989011025,4,71.935,Beauty,1,1842.545614035088
U_05070,Free,West,564,91,0,0,0.0,0.0,4.185714285714285,0.0,7.857142857142857,0.3,0,0.0,None,1,0.0
U_05071,Pro,South,695,118,0,0,0.0,0.0,1.4033333333333333,0.0,3.3333333333333335,-1.0,0,0.0,None,1,0.0
U_05072,Free,East,464,42,0,0,0.0,96.10999999999999,6.5425,0.0,14.875,0.1090909090909091,3,32.03666666666666,Electronics,0,75.60377155172412
U_05073,Free,West,147,4,1,5,9.49,22.740000000000002,9.2896,8.975,22.32,-0.014705882352941164,2,11.370000000000001,Books,0,56.46326530612246
U_05074,Free,East,-164,3,1,4,0.0,16.81,7.76857142857143,6.28,17.047619047619047,-0.017857142857142856,1,16.81,Grocery,0,204.52166666666662
U_05075,Free,North,-207,0,3,7,0.0,30.47,5.7436842105263155,7.875,13.736842105263158,0.0303030303030303,1,30.47,Toys,0,370.71833333333336
U_05076,Free,West,-207,2,1,2,0.0,56.120000000000005,5.204444444444444,6.55,11.444444444444445,6.633138920230202e-17,2,28.060000000000002,Sports,0,682.7933333333334
U_05077,Free,East,188,2,3,6,0.0,67.03,11.078387096774195,8.1175,24.967741935483872,-0.03431372549019606,2,33.515,Fashion,0,130.13803191489362
U_05078,Enterprise,West,156,4,2,6,50.94,675.75,10.68657142857143,10.4,22.97142857142857,-0.005194805194805192,7,96.53571428571429,Fashion,0,1581.0817307692307
U_05079,Enterprise,East,681,120,0,0,0.0,129.12,0.3,0.0,1.0,0.0,1,129.12,Books,1,69.20528634361234
U_05080,Free,North,79,8,0,6,0.0,42.019999999999996,9.808518518518518,9.063333333333334,21.037037037037038,-0.017156862745098006,2,21.009999999999998,Fashion,1,194.14303797468352
U_05081,Free,North,265,49,0,0,0.0,0.0,5.528666666666667,0.0,11.8,0.036363636363636376,0,0.0,None,1,0.0
U_05082,Pro,East,470,34,0,0,0.0,177.98000000000002,8.2525,0.0,17.8,0.032967032967033,3,59.326666666666675,Books,1,138.2185106382979
U_05083,Pro,North,-107,10,0,6,32.45,342.74999999999994,9.27111111111111,9.64,21.40740740740741,-0.002450980392156861,6,57.12499999999999,Toys,0,4170.125
U_05084,Free,North,581,13,0,1,0.0,0.0,4.384615384615385,8.56,8.923076923076923,-0.017482517482517456,0,0.0,None,0,0.0
U_05085,Free,North,701,9,0,5,0.0,66.18,7.390434782608694,5.39,16.956521739130434,-0.049999999999999954,2,33.09,Grocery,0,34.45891583452212
U_05086,Pro,South,684,1,2,6,60.2,60.2,6.519310344827586,5.166666666666667,13.758620689655173,-0.0073529411764705534,1,60.2,Beauty,0,32.12426900584796
U_05087,Pro,West,693,5,1,1,0.0,21.34,9.70923076923077,2.95,21.307692307692307,-0.01818181818181818,1,21.34,Beauty,1,11.239682539682539
U_05088,Free,North,225,2,3,10,77.66,85.33,8.830833333333333,9.254999999999999,19.333333333333332,-0.03715170278637766,2,42.665,Beauty,0,138.42422222222223
U_05089,Pro,South,-1,68,0,0,61.64,61.64,3.796666666666667,0.0,7.0,1.0276789547548596e-16,1,61.64,Home,0,749.9533333333334
U_05090,Free,East,682,1,1,2,0.0,0.0,1.2733333333333332,0.3,2.3333333333333335,1.0276789547548596e-16,0,0.0,None,0,0.0
U_05091,Free,North,317,63,0,0,0.0,0.0,0.4325,0.0,1.0,-2.0083673326242142e-16,0,0.0,None,1,0.0
U_05092,Pro,West,240,67,0,0,0.0,63.82000000000001,2.3533333333333335,0.0,5.833333333333333,0.0999999999999999,2,31.910000000000004,Home,1,97.05958333333334
U_05093,Free,West,255,44,0,0,0.0,0.0,4.598181818181818,0.0,11.181818181818182,-0.03571428571428558,0,0.0,None,1,0.0
U_05094,Pro,West,413,8,0,4,0.0,566.89,8.580869565217391,6.22,19.82608695652174,0.025,6,94.48166666666667,Home,0,501.00447941888615
U_05095,Pro,West,273,55,0,0,0.0,592.05,9.10611111111111,0.0,21.666666666666668,-0.012121212121212047,6,98.675,Sports,1,791.5686813186812
U_05096,Free,East,836,0,2,4,0.0,32.43,7.125555555555555,5.303333333333334,15.444444444444445,0.00549450549450555,1,32.43,Fashion,0,14.159031100478469
U_05097,Free,South,791,86,0,0,0.0,19.72,1.22,0.0,2.0,-7.850462293418875e-17,1,19.72,Home,1,9.099620733249052
U_05098,Pro,East,402,0,3,5,118.66,405.07000000000005,7.239999999999999,8.593333333333334,15.166666666666666,-0.017857142857142794,6,67.51166666666667,Fashion,0,367.78743781094533
U_05099,Pro,North,600,2,2,4,106.97,233.68,6.3549999999999995,5.983333333333333,13.5,0.03636363636363636,2,116.84,Beauty,0,142.15533333333335
U_05100,Free,East,46,3,1,3,0.0,0.0,5.544666666666666,5.016666666666667,12.066666666666666,0.04545454545454547,0,0.0,None,0,0.0
U_05101,Free,North,595,33,0,0,0.0,0.0,4.624444444444445,0.0,9.222222222222221,-0.035714285714285705,0,0.0,None,1,0.0
U_05102,Enterprise,North,-26,95,0,0,31.8,31.8,1.605,0.0,2.5,-7.850462293418875e-17,1,31.8,Electronics,1,386.90000000000003
U_05103,Free,South,595,2,1,5,76.75,125.14,9.9296,8.07,21.64,-0.08741258741258746,3,41.71333333333333,Grocery,0,76.76655462184874
U_05104,Free,West,754,9,0,7,34.81,53.790000000000006,9.689032258064515,7.105,21.580645161290324,0.03333333333333331,2,26.895000000000003,Electronics,0,26.038925729442973
U_05105,Pro,South,344,66,0,0,14.22,132.38,8.538333333333334,0.0,18.25,0.07142857142857142,3,44.126666666666665,Home,0,140.46133720930231
U_05106,Free,North,439,12,0,1,0.0,0.0,4.088181818181817,5.3,8.727272727272727,5.182935284148092e-17,0,0.0,None,0,0.0
U_05107,Enterprise,South,495,92,0,0,0.0,205.21,8.213529411764705,0.0,17.764705882352942,0.08571428571428566,3,68.40333333333334,Books,1,151.31646464646465
U_05108,Pro,East,37,77,0,0,0.0,178.33,7.5139999999999985,0.0,14.9,0.1785714285714286,2,89.165,Home,1,1759.2013513513514
U_05109,Free,West,616,51,0,0,0.0,0.0,2.1659999999999995,0.0,6.0,-1.0507920739455759e-16,0,0.0,None,1,0.0
U_05110,Free,South,138,0,1,2,0.0,0.0,3.773333333333334,5.29,8.75,-0.09999999999999987,0,0.0,None,0,0.0
U_05111,Free,South,-37,70,0,0,0.0,0.0,4.67,0.0,9.818181818181818,-0.028571428571428623,0,0.0,None,1,0.0
U_05112,Free,West,370,8,0,5,0.0,66.48,5.647647058823529,4.045,11.588235294117647,0.05944055944055943,1,66.48,Home,0,65.58162162162162
U_05113,Pro,East,316,91,0,0,0.0,115.7,5.696249999999999,0.0,12.875,-0.17142857142857132,1,115.7,Toys,0,133.64082278481013
U_05114,Free,South,-132,31,0,0,0.0,0.0,5.313571428571429,0.0,11.857142857142858,-0.06293706293706292,0,0.0,None,1,0.0
U_05115,Free,West,209,8,0,5,0.0,56.82000000000001,4.29,4.54,8.923076923076923,0.1151515151515152,2,28.410000000000004,Electronics,0,99.23110047846892
U_05116,Free,South,660,107,0,0,0.0,0.0,4.26,0.0,7.0,0.0,0,0.0,None,1,0.0
U_05117,Pro,East,778,1,3,8,126.52,179.18,6.921111111111111,6.466666666666668,15.222222222222221,0.053921568627451004,3,59.72666666666667,Books,0,84.06259640102829
U_05118,Free,West,765,6,1,9,25.96,141.45000000000002,10.917352941176473,11.637500000000001,23.61764705882353,0.015037593984962407,4,35.362500000000004,Electronics,0,67.48921568627452
U_05119,Free,South,499,9,0,4,49.78,204.6,7.291538461538462,8.98,16.0,0.014705882352941207,4,51.15,Electronics,0,149.6573146292585
U_05120,Enterprise,East,758,38,0,0,0.0,365.27,3.29,0.0,7.111111111111111,-0.035714285714285615,3,121.75666666666666,Beauty,0,175.88858839050133
U_05121,Free,East,161,1,2,8,28.14,58.16,8.387241379310343,10.08,19.17241379310345,0.042647058823529434,2,29.08,Fashion,0,131.8534161490683
U_05122,Pro,North,401,62,0,0,0.0,27.71,4.6611111111111105,0.0,10.777777777777779,-0.011904761904761871,1,27.71,Electronics,1,25.22231920199501
U_05123,Free,East,524,31,0,0,0.0,26.7,5.977142857142857,0.0,13.428571428571429,0.045454545454545484,1,26.7,Sports,1,18.59828244274809
U_05124,Free,North,307,13,0,1,0.0,61.11,6.573846153846153,10.56,15.615384615384615,0.03333333333333336,2,30.555,Sports,1,72.65521172638437
U_05125,Free,West,-146,63,0,0,0.0,0.0,3.736666666666667,0.0,7.166666666666667,7.951207131982424e-18,0,0.0,None,1,0.0
U_05126,Free,East,592,2,3,6,0.0,0.0,10.23758620689655,10.97,21.344827586206897,0.027863777089783267,0,0.0,None,0,0.0
U_05127,Enterprise,South,688,81,0,0,0.0,118.21,5.2075,0.0,10.333333333333334,-0.07142857142857136,1,118.21,Home,0,62.713154069767434
U_05128,Pro,West,527,10,0,1,65.49,65.49,4.383333333333334,2.99,9.416666666666666,0.03333333333333339,1,65.49,Sports,0,45.35834914611005
U_05129,Free,South,507,2,1,1,0.0,35.77,6.940666666666666,1.14,14.6,-0.1515151515151514,1,35.77,Toys,0,25.75157790927022
U_05130,Free,South,-117,95,0,0,0.0,10.43,6.267499999999999,0.0,13.125,-0.4000000000000002,1,10.43,Fashion,1,126.89833333333334
U_05131,Pro,North,100,0,1,1,64.09,414.0400000000001,4.880526315789474,2.02,9.736842105263158,-0.03846153846153838,6,69.00666666666667,Home,0,1511.246
U_05132,Pro,South,395,51,0,0,0.0,112.88,3.748571428571428,0.0,8.0,0.09999999999999998,3,37.626666666666665,Grocery,1,104.30683544303797
U_05133,Free,East,676,40,0,0,0.0,0.0,0.925,0.0,2.0,-7.850462293418875e-17,0,0.0,None,1,0.0
U_05134,Enterprise,East,804,1,2,8,91.54,1527.23,7.750416666666666,7.325999999999999,17.416666666666668,0.02637362637362632,12,127.26916666666666,Sports,0,693.332027363184
U_05135,Free,East,722,45,0,0,0.0,0.0,0.8816666666666667,0.0,1.5,7.951207131982424e-18,0,0.0,None,1,0.0
U_05136,Free,East,-51,11,0,1,0.0,0.0,3.8038461538461537,1.56,7.923076923076923,0.04242424242424242,0,0.0,None,1,0.0
U_05137,Free,North,162,0,2,4,0.0,25.39,12.334642857142857,9.22,29.0,0.004395604395604257,1,25.39,Electronics,0,57.205864197530865
U_05138,Free,West,686,89,0,0,0.0,0.0,1.6866666666666665,0.0,4.333333333333333,1.0276789547548596e-16,0,0.0,None,1,0.0
U_05139,Free,South,186,30,0,0,0.0,16.19,4.292727272727273,0.0,10.0,-0.00606060606060605,1,16.19,Grocery,1,31.770698924731185
U_05140,Pro,West,790,4,1,4,0.0,86.31,2.785384615384615,1.4533333333333331,6.538461538461538,3.650392926678888e-18,1,86.31,Electronics,0,39.87740506329114
U_05141,Free,South,312,2,1,7,0.0,99.31,8.60392857142857,9.916666666666666,18.928571428571427,-0.004901960784313659,2,49.655,Toys,0,116.17996794871794
U_05142,Pro,South,495,11,0,1,49.6,90.86,5.174375,12.55,12.0625,-0.006993006993006991,2,45.43,Electronics,0,66.99777777777778
U_05143,Free,East,743,20,0,1,0.0,51.39,3.355,0.0,7.583333333333333,0.012121212121212154,1,51.39,Grocery,1,25.24542395693136
U_05144,Free,North,61,2,1,4,0.0,26.52,7.624761904761904,8.6075,16.095238095238095,0.004411764705882377,1,26.52,Electronics,0,158.68524590163932
U_05145,Pro,North,88,28,0,1,0.0,239.81,3.6514285714285717,0.0,6.428571428571429,-0.028571428571428543,4,59.9525,Electronics,1,994.6664772727273
U_05146,Free,East,308,4,1,2,0.0,72.21,7.448666666666666,12.82,14.933333333333334,-0.01098901098901105,3,24.069999999999997,Books,0,85.57353896103895
U_05147,Free,North,673,9,0,1,0.0,0.0,6.111428571428571,14.9,13.0,-0.10439560439560433,0,0.0,None,0,0.0
U_05148,Free,South,139,13,0,1,0.0,67.44,3.0375,0.56,7.75,-2.0083673326242142e-16,1,67.44,Sports,1,177.0906474820144
U_05149,Pro,West,391,34,0,0,0.0,47.45,6.339285714285714,0.0,13.642857142857142,-0.018181818181818167,1,47.45,Fashion,1,44.29475703324808
U_05150,Free,West,148,76,0,0,0.0,0.0,3.0675,0.0,6.5,-2.0083673326242142e-16,0,0.0,None,1,0.0
U_05151,Free,East,755,1,1,8,0.0,0.0,7.200399999999999,5.203333333333333,15.8,-0.004411764705882303,0,0.0,None,0,0.0
U_05152,Free,North,-110,54,0,0,0.0,0.0,2.37,0.0,6.0,-7.850462293418875e-17,0,0.0,None,1,0.0
U_05153,Pro,South,849,0,3,11,0.0,44.45,8.818888888888889,8.628,18.36111111111111,0.05714285714285719,1,44.45,Books,0,19.109835100117788
U_05154,Free,West,615,85,0,0,0.0,34.71,0.3,0.0,1.0,0.0,1,34.71,Grocery,1,20.600243902439026
U_05155,Free,East,428,37,0,0,0.0,0.0,4.1883333333333335,0.0,8.083333333333334,-0.07142857142857138,0,0.0,None,1,0.0
U_05156,Free,West,641,8,0,5,0.0,31.060000000000002,8.694583333333332,7.73,19.125,0.03516483516483516,2,15.530000000000001,Fashion,0,17.686271450858037
U_05157,Enterprise,South,759,41,0,0,0.0,323.75,4.5488888888888885,0.0,9.11111111111111,0.14285714285714293,4,80.9375,Toys,1,155.69005270092228
U_05158,Free,South,120,19,0,2,0.0,0.0,4.266666666666667,0.0,9.583333333333334,-0.13333333333333336,0,0.0,None,1,0.0
U_05159,Pro,East,-207,1,1,1,41.58,410.81,7.970000000000001,5.47,17.526315789473685,-0.07142857142857138,4,102.7025,Fashion,0,4998.1883333333335
U_05160,Pro,South,495,2,1,8,116.12,239.1,11.013529411764706,10.59,23.058823529411764,-0.02105263157894739,5,47.82,Books,0,176.3060606060606
U_05161,Pro,South,569,6,1,5,24.66,301.6,10.524838709677418,9.325,23.096774193548388,-0.005263157894736848,6,50.26666666666667,Toys,0,193.46924428822498
U_05162,Pro,East,138,6,1,4,0.0,314.32000000000005,9.675199999999998,3.85,20.36,0.010714285714285716,4,78.58000000000001,Books,1,831.3536231884059
U_05163,Free,South,615,18,0,1,0.0,0.0,4.188000000000001,0.0,10.0,-1.0507920739455759e-16,0,0.0,None,0,0.0
U_05164,Pro,East,425,109,0,0,0.0,33.01,1.27,0.0,2.5,-7.850462293418875e-17,1,33.01,Books,1,28.349764705882354
U_05165,Pro,East,119,4,1,7,171.1,260.12,8.064545454545454,8.83,17.59090909090909,-0.026373626373626433,3,86.70666666666666,Books,0,797.8470588235294
U_05166,Pro,South,393,6,1,2,18.03,169.78,4.542222222222223,2.87,8.333333333333334,0.03214285714285713,4,42.445,Fashion,0,157.68371501272264
U_05167,Free,East,686,0,1,5,42.52,159.55,9.006818181818183,6.155,18.363636363636363,-0.03076923076923082,4,39.8875,Toys,0,84.89176384839651
U_05168,Pro,West,777,28,0,1,0.0,73.3,6.302222222222223,0.0,12.38888888888889,-0.04848484848484851,1,73.3,Fashion,1,34.433075933075926
U_05169,Free,North,274,7,0,5,0.0,186.3,9.796333333333333,8.39,21.966666666666665,0.005882352941176473,4,46.575,Home,0,248.1733576642336
U_05170,Pro,East,-203,27,0,1,0.0,12.6,3.585,0.0,8.357142857142858,-0.027272727272727244,1,12.6,Sports,1,153.29999999999998
U_05171,Pro,West,-128,7,0,5,23.11,185.94,8.082380952380952,5.245,18.047619047619047,0.027472527472527552,5,37.188,Beauty,0,2262.27
U_05172,Free,West,746,3,2,7,0.0,89.03,9.999459459459462,8.626666666666667,21.945945945945947,-0.026315789473684265,2,44.515,Toys,0,43.56025469168901
U_05173,Free,South,317,6,1,5,0.0,35.32,10.627391304347826,11.75,24.043478260869566,-0.03676470588235289,1,35.32,Books,0,40.668138801261826
U_05174,Enterprise,North,332,70,0,0,0.0,89.67,0.715,0.0,1.75,-8.498442808297854e-17,1,89.67,Books,1,98.58298192771085
U_05175,Pro,East,646,44,0,0,0.0,12.23,1.7049999999999998,0.0,3.75,-2.0083673326242142e-16,1,12.23,Grocery,1,6.91013931888545
U_05176,Pro,North,138,31,0,0,0.0,422.03000000000003,4.141249999999999,0.0,8.125,-0.1071428571428571,3,140.67666666666668,Sports,0,1116.238768115942
U_05177,Free,East,324,11,0,2,0.0,0.0,4.827,2.9,10.6,0.10714285714285728,0,0.0,None,0,0.0
U_05178,Pro,South,-10,26,0,2,0.0,123.34,5.78,0.0,12.26086956521739,-0.015384615384615444,3,41.11333333333334,Home,0,1500.6366666666668
U_05179,Free,West,541,25,0,2,0.0,11.8,4.807272727272727,0.0,11.181818181818182,-0.011904761904761791,1,11.8,Fashion,1,7.961182994454713
U_05180,Free,South,-143,10,0,4,0.0,10.65,7.452857142857141,9.690000000000001,17.357142857142858,0.0727272727272728,1,10.65,Sports,0,129.57500000000002
U_05181,Free,South,-16,5,1,4,44.41,112.58000000000001,9.474827586206896,12.46,20.448275862068964,-0.10735294117647057,4,28.145000000000003,Beauty,0,1369.7233333333336
U_05182,Pro,West,348,20,0,1,0.0,336.24,3.578333333333333,0.0,7.25,-0.11904761904761886,5,67.248,Grocery,0,352.66551724137935
U_05183,Pro,East,702,47,0,0,0.0,0.0,5.659090909090909,0.0,11.727272727272727,0.10714285714285723,0,0.0,None,1,0.0
U_05184,Free,West,337,11,0,4,0.0,0.0,8.697333333333335,8.575,17.6,0.016483516483516484,0,0.0,None,0,0.0
U_05185,Pro,North,717,30,0,0,203.86999999999998,559.41,6.670526315789474,0.0,13.68421052631579,0.027472527472527465,7,79.91571428571429,Sports,0,284.776359832636
U_05186,Free,South,122,20,0,2,0.0,0.0,4.715294117647058,0.0,11.176470588235293,0.016483516483516515,0,0.0,None,0,0.0
U_05187,Free,West,109,67,0,0,0.0,18.23,4.826666666666666,0.0,10.833333333333334,-3.677986411489619e-16,1,18.23,Toys,1,61.045412844036704
U_05188,Pro,West,236,111,0,0,0.0,0.0,3.3024999999999998,0.0,6.75,-2.0083673326242142e-16,0,0.0,None,0,0.0
U_05189,Free,East,-188,8,0,3,0.0,45.11,6.335000000000001,5.3,13.375,0.009090909090909082,1,45.11,Electronics,0,548.8383333333334
U_05190,Free,East,804,5,2,8,0.0,59.63,8.030000000000001,7.876,17.0,0.08791208791208795,1,59.63,Grocery,0,27.070833333333336
U_05191,Pro,North,90,67,0,0,0.0,109.59,4.102727272727273,0.0,9.545454545454545,-0.15476190476190455,2,54.795,Sports,1,444.4483333333333
U_05192,Free,East,-1,54,0,0,0.0,0.0,6.868,0.0,15.2,-1.0507920739455759e-16,0,0.0,None,0,0.0
U_05193,Free,East,732,1,2,7,0.0,74.19999999999999,10.782083333333333,12.572,24.291666666666668,0.035294117647058844,3,24.73333333333333,Fashion,0,36.998633879781416
U_05194,Free,South,509,25,0,1,23.72,23.72,6.537272727272727,0.0,15.272727272727273,4.3903977023783285e-17,1,23.72,Books,0,17.00943025540275
U_05195,Pro,East,795,0,3,8,115.19,336.84999999999997,9.903333333333334,9.106666666666667,22.151515151515152,0.017543859649122775,6,56.14166666666666,Books,0,154.65440251572323
U_05196,Enterprise,West,231,5,2,5,0.0,496.81,10.5971875,13.646666666666667,22.71875,-0.022807017543859658,7,70.97285714285714,Toys,0,785.0028138528138
U_05197,Free,North,82,3,1,5,0.0,0.0,9.264166666666668,10.69,21.0,0.017857142857142894,0,0.0,None,0,0.0
U_05198,Enterprise,South,482,28,0,1,0.0,135.53,2.6914285714285713,0.0,4.714285714285714,-0.028571428571428543,1,135.53,Fashion,1,102.63163900414938
U_05199,Pro,South,111,2,1,4,169.48,169.48,4.245882352941176,3.4349999999999996,10.0,-0.006593406593406607,1,169.48,Home,0,557.2990990990991
U_05200,Free,East,462,41,0,0,0.0,48.22,7.898666666666667,0.0,17.4,-0.14999999999999986,1,48.22,Fashion,0,38.09588744588744
U_05201,Free,East,93,5,1,4,0.0,6.54,6.86857142857143,5.76,15.761904761904763,-0.03296703296703294,1,6.54,Books,0,25.66774193548387
U_05202,Pro,East,557,7,0,1,0.0,28.7,8.27,3.04,20.272727272727273,0.049999999999999996,1,28.7,Books,1,18.807001795332138
U_05203,Free,West,-190,88,0,0,0.0,37.120000000000005,2.533333333333333,0.0,6.0,-0.20000000000000015,2,18.560000000000002,Sports,1,451.62666666666667
U_05204,Free,South,386,28,0,2,0.0,57.47,5.245294117647059,0.0,12.352941176470589,0.045454545454545484,2,28.735,Books,1,54.34339378238342
U_05205,Free,North,849,10,0,5,0.0,0.0,8.42,5.2,18.314285714285713,0.0010319917440660797,0,0.0,None,1,0.0
U_05206,Free,South,755,1,3,5,20.38,52.489999999999995,9.324583333333335,10.235000000000001,21.041666666666668,0.04705882352941177,2,26.244999999999997,Home,0,25.375960264900662
U_05207,Free,South,78,56,0,0,0.0,0.0,2.751666666666667,0.0,6.333333333333333,-3.677986411489619e-16,0,0.0,None,1,0.0
U_05208,Pro,South,-69,84,0,0,0.0,111.08,5.805999999999999,0.0,10.9,0.1428571428571429,3,37.026666666666664,Home,1,1351.4733333333334
U_05209,Free,East,174,60,0,0,0.0,0.0,7.444285714285714,0.0,16.714285714285715,4.8870404991229254e-17,0,0.0,None,1,0.0
U_05210,Free,West,687,3,2,4,0.0,51.22,6.805000000000001,8.22,15.181818181818182,-0.004395604395604444,1,51.22,Fashion,0,27.212954876273653
U_05211,Free,West,-77,3,2,6,19.62,63.86,7.3786956521739135,4.8100000000000005,16.73913043478261,0.08214285714285716,3,21.286666666666665,Beauty,0,776.9633333333334
U_05212,Free,South,88,7,0,3,0.0,41.89,6.961538461538462,6.72,14.076923076923077,0.04242424242424242,1,41.89,Fashion,0,173.74829545454546
U_05213,Free,West,730,7,0,3,0.0,0.0,6.98,8.79,15.166666666666666,-0.05357142857142856,0,0.0,None,0,0.0
U_05214,Enterprise,South,447,89,0,0,0.0,24.34,7.966666666666666,0.0,19.0,-1.0,1,24.34,Sports,1,19.874944071588367
U_05215,Free,West,137,0,2,8,27.95,27.95,8.67,7.6724999999999985,19.96969696969697,0.003095975232198147,1,27.95,Toys,0,74.46532846715328
U_05216,Free,East,849,0,1,2,0.0,0.0,4.3,3.8850000000000002,9.541666666666666,-0.04642857142857139,0,0.0,None,0,0.0
U_05217,Free,West,807,44,0,0,0.0,137.06,4.537272727272728,0.0,9.636363636363637,0.08333333333333337,5,27.412,Toys,0,61.991201982651795
U_05218,Free,East,476,13,0,1,0.0,18.13,5.883749999999999,7.99,12.5,-0.027272727272727254,1,18.13,Sports,0,13.902205882352941
U_05219,Free,South,-80,14,0,3,0.0,26.21,4.792727272727273,0.0,11.909090909090908,0.016666666666666666,1,26.21,Electronics,1,318.8883333333333
U_05220,Free,South,-210,94,0,0,0.0,0.0,3.893333333333333,0.0,7.666666666666667,-4.8374234447508063e-17,0,0.0,None,1,0.0
U_05221,Free,East,513,26,0,1,53.04,63.59,6.533571428571428,0.0,14.285714285714286,-0.07692307692307691,2,31.795,Grocery,0,45.24434697855751
U_05222,Pro,East,-116,74,0,0,0.0,48.46,5.785555555555557,0.0,11.777777777777779,-0.08571428571428553,2,24.23,Toys,1,589.5966666666667
U_05223,Free,North,15,73,0,0,0.0,0.0,2.685,0.0,6.5,-8.498442808297854e-17,0,0.0,None,1,0.0
U_05224,Free,West,-70,2,2,4,0.0,20.57,11.280833333333334,8.17,24.444444444444443,-0.04035087719298253,1,20.57,Fashion,0,250.26833333333332
U_05225,Pro,East,225,52,0,0,0.0,0.0,6.013333333333333,0.0,14.666666666666666,1.0276789547548596e-16,0,0.0,None,1,0.0
U_05226,Pro,West,-181,38,0,0,0.0,369.02,6.767999999999999,0.0,14.666666666666666,-0.04242424242424242,4,92.255,Fashion,1,4489.743333333333
U_05227,Free,West,166,21,0,3,33.34,33.34,7.714999999999999,0.0,17.65,0.03496503496503497,1,33.34,Books,0,73.30783132530122
U_05228,Pro,South,-158,30,0,0,0.0,134.1,5.899230769230769,0.0,12.307692307692308,1.1505847599125712e-16,2,67.05,Fashion,0,1631.55
U_05229,Free,South,249,133,0,0,0.0,0.0,0.885,0.0,1.5,-7.850462293418875e-17,0,0.0,None,1,0.0
U_05230,Pro,North,643,1,1,1,38.97,210.9,8.452083333333333,9.47,17.041666666666668,-0.06785714285714281,4,52.725,Fashion,0,119.71772939346812
U_05231,Free,North,300,5,2,4,43.35,66.16,8.546,7.734999999999999,17.96,0.013235294117647083,3,22.05333333333333,Electronics,0,80.49466666666666
U_05232,Free,West,338,11,0,2,0.0,28.21,5.213333333333333,0.83,10.666666666666666,-0.0769230769230769,1,28.21,Grocery,0,30.463461538461537
U_05233,Free,East,493,3,1,4,11.65,27.009999999999998,8.027083333333334,8.56,16.708333333333332,0.009803921568627477,2,13.504999999999999,Beauty,0,19.997261663286
U_05234,Free,South,454,2,1,5,0.0,37.54,3.3994444444444443,4.625,6.5,-0.10909090909090911,1,37.54,Toys,0,30.180837004405287
U_05235,Free,East,308,1,1,3,0.0,0.0,2.9320000000000004,6.225,6.266666666666667,-0.032967032967032926,0,0.0,None,0,0.0
U_05236,Free,West,226,22,0,3,13.61,119.19000000000001,8.025789473684211,0.0,18.263157894736842,0.11515151515151516,4,29.797500000000003,Home,0,192.49712389380534
U_05237,Pro,South,615,0,1,3,0.0,554.1,9.004,10.42,20.35,-0.016483516483516435,6,92.35000000000001,Fashion,0,328.8560975609756
U_05238,Pro,East,557,38,0,0,0.0,305.92,4.83,0.0,10.0,2.8246336694495223e-17,3,101.97333333333334,Beauty,1,200.46822262118494
U_05239,Pro,West,316,30,0,0,0.0,17.86,2.865,0.0,6.5,-2.0083673326242142e-16,1,17.86,Toys,0,20.629430379746836
U_05240,Free,North,315,23,0,3,0.0,20.89,10.71125,0.0,23.041666666666668,0.08791208791208792,1,20.89,Fashion,0,24.205873015873017
U_05241,Pro,North,406,3,1,7,56.61,461.88000000000005,11.502857142857144,10.79,26.02857142857143,0.04437564499484003,7,65.98285714285716,Sports,0,415.23694581280796
U_05242,Free,East,145,3,2,5,0.0,20.45,8.818846153846156,11.049999999999999,19.73076923076923,-0.024767801857585127,1,20.45,Toys,0,51.47758620689655
U_05243,Free,North,655,5,1,3,0.0,39.74,7.406818181818182,7.875,15.318181818181818,-0.07352941176470584,1,39.74,Electronics,0,22.14519083969466
U_05244,Free,North,286,12,0,3,40.09,40.09,7.250000000000001,10.09,15.3125,-0.04395604395604396,1,40.09,Beauty,0,51.163811188811195
U_05245,Pro,North,559,69,0,0,0.0,309.46,5.4559999999999995,0.0,11.2,-0.04761904761904744,5,61.891999999999996,Electronics,1,202.06243291592128
U_05246,Free,East,32,23,0,1,0.0,0.0,6.906428571428571,0.0,14.142857142857142,0.04848484848484847,0,0.0,None,0,0.0
U_05247,Free,East,102,35,0,0,0.0,60.69,8.285882352941176,0.0,18.705882352941178,0.010489510489510561,3,20.23,Books,1,217.17499999999998
U_05248,Enterprise,East,20,24,0,1,0.0,470.04999999999995,6.49,0.0,15.0,-1.0507920739455759e-16,4,117.51249999999999,Beauty,1,5718.941666666666
U_05249,Pro,East,301,66,0,0,0.0,135.57,2.195,0.0,4.5,-2.0083673326242142e-16,2,67.785,Beauty,1,164.3955149501661
U_05250,Pro,West,587,90,0,0,0.0,0.0,6.4688888888888885,0.0,14.444444444444445,7.549455712798224e-17,0,0.0,None,0,0.0
U_05251,Free,West,-134,6,1,4,0.0,30.189999999999998,8.289166666666667,9.645,17.833333333333332,-0.0617647058823529,2,15.094999999999999,Home,0,367.31166666666667
U_05252,Pro,North,308,4,1,2,0.0,35.23,4.476666666666667,4.59,11.0,-0.20000000000000015,1,35.23,Fashion,0,41.74983766233766
U_05253,Free,East,453,1,1,1,0.0,0.0,7.4479999999999995,6.38,17.066666666666666,0.05454545454545454,0,0.0,None,0,0.0
U_05254,Free,West,543,74,0,0,0.0,0.0,5.506666666666667,0.0,11.0,1.0276789547548596e-16,0,0.0,None,1,0.0
U_05255,Pro,North,424,13,0,1,113.75,188.16,5.02125,1.52,9.875,0.0999999999999999,2,94.08,Grocery,0,161.97735849056605
U_05256,Pro,North,97,1,1,4,0.0,232.43,4.633636363636364,7.79,10.363636363636363,0.030303030303030287,3,77.47666666666667,Grocery,0,874.6077319587629
U_05257,Free,West,-20,1,1,5,28.76,43.370000000000005,10.303749999999999,11.09,23.375,0.004395604395604354,2,21.685000000000002,Fashion,0,527.6683333333334
U_05258,Free,South,338,19,0,4,0.0,0.0,3.7927777777777774,0.0,8.166666666666666,-0.006993006993006992,0,0.0,None,0,0.0
U_05259,Pro,East,73,7,0,2,0.0,86.87,4.077272727272727,0.3,8.272727272727273,-0.011904761904761866,1,86.87,Home,0,434.3500000000001
U_05260,Pro,South,626,51,0,0,0.0,43.99,1.13,0.0,2.8,-1.0507920739455759e-16,1,43.99,Home,1,25.6491214057508
U_05261,Free,East,371,94,0,0,0.0,0.0,3.0400000000000005,0.0,7.0,1.0276789547548596e-16,0,0.0,None,1,0.0
U_05262,Free,East,471,47,0,0,0.0,0.0,6.8625,0.0,14.625,6.729156486047637e-17,0,0.0,None,1,0.0
U_05263,Pro,East,526,27,0,1,0.0,229.39,6.599230769230768,0.0,15.461538461538462,0.10303030303030306,4,57.3475,Books,0,159.17747148288973
U_05264,Enterprise,West,469,5,1,5,160.79,666.07,5.079285714285715,5.58,11.0,0.006993006993006983,4,166.5175,Books,0,518.3700426439233
U_05265,Pro,West,48,83,0,0,62.28,62.28,4.253333333333334,0.0,8.0,-0.05952380952380944,1,62.28,Home,0,473.58750000000003
U_05266,Free,East,71,15,0,3,0.0,0.0,7.285416666666666,0.0,15.875,-0.03235294117647061,0,0.0,None,0,0.0
U_05267,Free,West,631,88,0,0,0.0,19.66,2.123333333333333,0.0,6.0,1.0276789547548596e-16,1,19.66,Beauty,1,11.372266244057052
U_05268,Enterprise,South,603,20,0,3,0.0,501.75999999999993,7.181764705882353,0.0,14.588235294117647,0.021978021978022014,5,100.35199999999999,Books,1,303.7187396351575
U_05269,Free,East,16,3,1,1,0.0,39.74,7.022500000000001,2.99,15.55,-0.01098901098901093,2,19.87,Books,1,483.50333333333333
U_05270,Free,West,155,8,0,4,26.04,41.71,3.7350000000000003,3.58,7.9,9.396907759108502e-17,2,20.855,Fashion,0,98.22032258064516
U_05271,Free,South,132,2,1,6,0.0,0.0,9.768571428571429,7.365,21.678571428571427,-0.030075187969924828,0,0.0,None,0,0.0
U_05272,Free,North,175,7,0,4,0.0,24.17,7.604285714285716,11.18,17.19047619047619,0.03846153846153852,1,24.17,Fashion,0,50.41171428571429
U_05273,Pro,West,113,9,0,3,83.68,218.75,5.247857142857144,10.77,11.928571428571429,1.4132889073208363e-17,5,43.75,Beauty,0,706.5818584070797
U_05274,Pro,South,562,66,0,0,0.0,98.86,4.88,0.0,11.0,0.0,1,98.86,Grocery,1,64.20622775800712
U_05275,Enterprise,East,788,8,0,3,0.0,252.28,4.466363636363636,6.84,9.727272727272727,0.05454545454545453,3,84.09333333333333,Beauty,0,116.85558375634518
U_05276,Pro,South,468,49,0,0,0.0,144.05,7.25,0.0,16.1,-0.0714285714285713,1,144.05,Beauty,1,112.34668803418803
U_05277,Free,East,818,4,2,10,0.0,32.480000000000004,7.3428125,6.408333333333332,16.71875,-0.008823529411764628,2,16.240000000000002,Beauty,0,14.492909535452323
U_05278,Pro,South,-173,50,0,0,0.0,0.0,2.115,0.0,5.0,-7.850462293418875e-17,0,0.0,None,1,0.0
U_05279,Pro,East,293,0,1,5,0.0,214.57,9.054,8.576666666666666,18.76,-0.039285714285714285,3,71.52333333333333,Toys,0,267.29709897610917
U_05280,Pro,South,138,14,0,1,0.0,45.84,8.61923076923077,0.0,17.76923076923077,-0.08333333333333318,2,22.92,Books,0,121.24347826086957
U_05281,Free,West,-178,13,0,1,0.0,0.0,5.52764705882353,5.23,10.941176470588236,0.02197802197802198,0,0.0,None,1,0.0
U_05282,Free,South,-5,15,0,3,0.0,40.75,11.582173913043478,0.0,26.695652173913043,-0.01978021978021982,2,20.375,Fashion,0,495.7916666666667
U_05283,Pro,East,608,22,0,2,0.0,301.35,6.34,0.0,13.75,0.04545454545454547,3,100.45,Beauty,1,180.9091282894737
U_05284,Pro,South,493,8,0,8,0.0,152.99,8.301666666666666,10.26,18.4,0.007142857142857183,1,152.99,Home,0,113.2684584178499
U_05285,Pro,West,737,12,0,3,154.86,295.54,5.294166666666667,3.04,12.166666666666666,0.0363636363636364,4,73.885,Electronics,0,146.36648575305293
U_05286,Free,West,4,6,1,7,0.0,38.81,8.045,5.906666666666666,18.5,0.0412796697626419,1,38.81,Home,0,472.1883333333334
U_05287,Enterprise,West,67,26,0,1,0.0,58.85,6.748181818181819,0.0,16.818181818181817,-0.13095238095238076,1,58.85,Beauty,1,320.60074626865674
U_05288,Free,South,333,29,0,1,0.0,0.0,6.092142857142856,0.0,13.357142857142858,0.06060606060606064,0,0.0,None,0,0.0
U_05289,Free,West,459,16,0,2,0.0,0.0,5.561875000000001,0.0,12.0625,-0.021978021978021935,0,0.0,None,0,0.0
U_05290,Enterprise,West,565,17,0,2,336.87,1390.0600000000002,10.67904761904762,0.0,23.19047619047619,-0.05494505494505496,10,139.00600000000003,Beauty,0,898.0033628318585
U_05291,Free,East,333,9,0,1,0.0,33.44,6.861666666666667,2.45,14.833333333333334,7.951207131982424e-18,1,33.44,Fashion,1,36.65345345345345
U_05292,Free,North,93,21,0,1,0.0,0.0,4.4825,0.0,10.5,-2.0083673326242142e-16,0,0.0,None,1,0.0
U_05293,Free,North,-102,2,1,3,0.0,0.0,7.636363636363637,4.73,15.727272727272727,-0.2023809523809522,0,0.0,None,0,0.0
U_05294,Free,East,-52,45,0,0,0.0,0.0,4.851428571428571,0.0,10.571428571428571,0.02857142857142864,0,0.0,None,1,0.0
U_05295,Free,West,-72,1,2,3,0.0,0.0,5.284444444444444,3.8633333333333333,10.555555555555555,0.08333333333333341,0,0.0,None,0,0.0
U_05296,Free,South,384,8,0,5,0.0,0.0,4.8812500000000005,3.82,10.375,0.016483516483516546,0,0.0,None,0,0.0
U_05297,Free,West,403,10,0,3,16.35,49.65,10.377499999999998,10.87,22.428571428571427,0.03235294117647063,3,16.55,Books,0,44.96836228287841
U_05298,Pro,West,518,3,1,5,46.39,153.63,9.752692307692309,11.316666666666668,20.846153846153847,-0.03956043956043966,3,51.21,Grocery,0,108.25279922779923
U_05299,Pro,East,-186,0,2,4,0.0,0.0,2.6853846153846157,0.435,5.615384615384615,0.0060606060606060806,0,0.0,None,0,0.0
U_05300,Enterprise,East,657,88,0,0,0.0,707.1600000000001,7.079090909090908,0.0,15.090909090909092,0.08333333333333337,5,141.43200000000002,Electronics,1,392.86666666666673
U_05301,Pro,East,684,49,0,0,0.0,249.41000000000003,1.8866666666666665,0.0,4.0,1.0276789547548596e-16,3,83.13666666666667,Grocery,1,133.09159356725146
U_05302,Free,South,553,74,0,0,0.0,39.65,2.5,0.0,5.666666666666667,1.0276789547548596e-16,1,39.65,Books,0,26.170433996383363
U_05303,Free,South,-130,4,1,8,0.0,0.0,10.330645161290322,11.126666666666665,22.870967741935484,0.06315789473684211,0,0.0,None,0,0.0
U_05304,Free,North,-57,113,0,0,0.0,0.0,2.975,0.0,8.0,-7.850462293418875e-17,0,0.0,None,1,0.0
U_05305,Free,North,499,16,0,1,0.0,0.0,7.380000000000002,0.0,17.136363636363637,-0.05357142857142859,0,0.0,None,1,0.0
U_05306,Pro,East,-55,0,1,6,0.0,81.33,5.351578947368421,4.696666666666666,10.789473684210526,0.006593406593406566,2,40.665,Beauty,0,989.515
U_05307,Free,South,-97,15,0,1,0.0,76.79,8.132142857142856,0.0,17.0,-0.012121212121212142,3,25.596666666666668,Beauty,0,934.2783333333334
U_05308,Free,East,397,2,3,9,0.0,112.30000000000001,10.131944444444445,9.495999999999999,22.333333333333332,0.028895768833849308,3,37.43333333333334,Electronics,0,103.24811083123426
U_05309,Enterprise,North,648,12,0,5,0.0,965.24,10.187307692307693,7.995,23.0,0.029411764705882363,8,120.655,Fashion,0,543.6922839506173
U_05310,Pro,East,29,65,0,0,0.0,0.0,5.574,0.0,11.9,0.2285714285714286,0,0.0,None,0,0.0
U_05311,Pro,East,453,37,0,0,152.52,207.01000000000002,1.22,0.0,2.5,-7.850462293418875e-17,2,103.50500000000001,Toys,1,166.7961368653422
U_05312,Free,West,725,12,0,1,0.0,44.79,2.95,0.09,7.2,-0.1000000000000001,1,44.79,Beauty,1,22.54944827586207
U_05313,Enterprise,West,-110,78,0,0,0.0,62.2,2.2585714285714285,0.0,5.142857142857143,0.29999999999999993,2,31.1,Beauty,1,756.7666666666667
U_05314,Pro,North,384,11,0,5,0.0,299.7,7.973125,6.96,17.75,0.054545454545454564,3,99.89999999999999,Electronics,0,284.87109375
U_05315,Free,South,429,1,1,6,0.0,103.56,8.88516129032258,8.775,19.29032258064516,-0.017543859649122827,2,51.78,Electronics,0,88.11048951048951
U_05316,Free,East,218,63,0,0,0.0,0.0,4.829,0.0,10.4,-0.02380952380952377,0,0.0,None,1,0.0
U_05317,Free,South,580,2,1,5,0.0,27.76,4.935333333333333,6.234999999999999,11.066666666666666,0.06363636363636363,1,27.76,Fashion,0,17.469655172413795
U_05318,Pro,West,831,1,2,5,19.82,131.11,11.376538461538463,9.81,25.53846153846154,3.095815473152865e-17,4,32.7775,Fashion,0,57.587424789410356
U_05319,Pro,East,437,3,1,4,33.66,465.11,10.690000000000001,10.436666666666667,23.705882352941178,0.01857585139318888,7,66.44428571428571,Toys,0,388.47860411899313
U_05320,Pro,West,448,0,2,9,160.73999999999998,458.41999999999996,8.29151515151515,8.9,19.03030303030303,-0.004901960784313661,6,76.40333333333332,Grocery,0,373.48950892857135
U_05321,Pro,East,841,94,0,0,0.0,40.8,2.63,0.0,5.0,0.0,1,40.8,Sports,1,17.70749108204518
U_05322,Pro,North,456,23,0,1,0.0,305.81,3.698333333333333,0.0,8.222222222222221,-7.17183587909343e-18,6,50.968333333333334,Grocery,1,244.78212719298247
U_05323,Pro,West,41,126,0,0,0.0,82.5,0.3,0.0,1.0,0.0,1,82.5,Beauty,1,734.4512195121952
U_05324,Free,East,498,11,0,3,0.0,12.49,4.192500000000001,0.3,9.625,0.03496503496503495,1,12.49,Grocery,0,9.154317269076305
U_05325,Pro,East,128,36,0,0,0.0,84.1,3.748888888888889,0.0,8.333333333333334,0.21428571428571425,2,42.05,Toys,0,239.81640624999997
U_05326,Pro,East,187,21,0,1,0.0,0.0,4.5744444444444445,0.0,9.777777777777779,6.633138920230202e-17,0,0.0,None,0,0.0
U_05327,Free,South,652,41,0,0,0.0,0.0,2.5975,0.0,5.75,-8.498442808297854e-17,0,0.0,None,1,0.0
U_05328,Pro,South,831,28,0,1,0.0,0.0,1.7424999999999997,0.0,4.25,-2.751513687042919e-17,0,0.0,None,1,0.0
U_05329,Free,West,134,29,0,1,0.0,0.0,2.2039999999999997,0.0,5.4,0.29999999999999977,0,0.0,None,1,0.0
U_05330,Pro,East,201,2,1,3,30.57,80.03,6.711176470588236,5.92,13.647058823529411,-0.038461538461538367,3,26.676666666666666,Beauty,0,145.32810945273633
U_05331,Free,South,539,38,0,0,0.0,0.0,4.063999999999999,0.0,7.2,-1.0507920739455759e-16,0,0.0,None,1,0.0
U_05332,Free,North,639,57,0,0,0.0,0.0,6.465000000000001,0.0,14.0,-5.760351166893696e-17,0,0.0,None,1,0.0
U_05333,Pro,East,-59,2,1,6,0.0,367.98,8.985,10.77,20.09090909090909,0.014285714285714294,6,61.330000000000005,Books,0,4477.09
U_05334,Free,South,-117,97,0,0,0.0,0.0,2.8325,0.0,6.25,-2.0083673326242142e-16,0,0.0,None,1,0.0
U_05335,Free,South,604,21,0,1,0.0,82.51,7.9833333333333325,0.0,17.296296296296298,-0.0021978021978022616,2,41.255,Books,0,49.86117549668875
U_05336,Free,West,228,5,1,3,0.0,52.53,7.575384615384615,4.5,16.76923076923077,-0.009090909090909063,2,26.265,Books,0,84.09407894736842
U_05337,Pro,South,240,2,3,11,0.0,318.06,11.67128205128205,13.915000000000001,26.435897435897434,0.033766233766233784,4,79.515,Fashion,0,483.71625
U_05338,Free,West,509,4,1,2,0.0,0.0,5.421538461538462,3.59,10.76923076923077,-0.054545454545454515,0,0.0,None,0,0.0
U_05339,Free,East,814,2,1,7,18.57,85.47,8.941666666666666,8.870000000000001,19.541666666666668,0.028895768833849318,3,28.49,Beauty,0,38.324999999999996
U_05340,Pro,North,506,64,0,0,0.0,191.27,3.0420000000000003,0.0,6.0,-1.0507920739455759e-16,2,95.635,Beauty,1,137.97144268774704
U_05341,Free,South,166,97,0,0,0.0,0.0,6.723333333333333,0.0,14.11111111111111,-1.9765793953991556e-16,0,0.0,None,0,0.0
U_05342,Pro,South,211,12,0,1,0.0,0.0,6.551666666666667,1.35,12.333333333333334,0.0999999999999999,0,0.0,None,1,0.0
U_05343,Free,East,309,10,0,5,0.0,10.84,9.187619047619048,8.215,20.047619047619047,0.03296703296703295,1,10.84,Beauty,0,12.80453074433657
U_05344,Free,West,722,0,1,3,0.0,34.89,4.457142857142857,0.3,10.714285714285714,0.020979020979021018,2,17.445,Fashion,0,17.638296398891967
U_05345,Pro,South,626,1,1,3,0.0,375.95,5.438235294117648,6.68,12.294117647058824,-0.032967032967033016,4,93.9875,Toys,0,219.2040734824281
U_05346,Free,East,521,17,0,1,59.61,109.28,4.796666666666667,0.0,9.333333333333334,1.0276789547548596e-16,3,36.42666666666667,Beauty,1,76.55892514395394
U_05347,Enterprise,West,409,67,0,0,0.0,301.29,5.025,0.0,11.9,0.1142857142857142,3,100.43,Beauty,1,268.8773838630807
U_05348,Enterprise,West,465,2,2,6,0.0,518.01,6.9782142857142855,8.700000000000001,14.892857142857142,0.020639834881320932,3,172.67,Toys,0,406.60999999999996
U_05349,Free,West,-109,11,0,3,14.62,59.669999999999995,7.143809523809526,0.3,16.38095238095238,0.0681318681318681,2,29.834999999999997,Beauty,0,725.9849999999999
U_05350,Free,North,729,104,0,0,0.0,0.0,3.1975000000000002,0.0,8.0,-2.0083673326242142e-16,0,0.0,None,1,0.0
U_05351,Free,West,-199,0,4,8,109.9,196.10000000000002,11.584864864864864,12.9875,25.35135135135135,0.0413533834586466,2,98.05000000000001,Beauty,0,2385.8833333333337
U_05352,Free,South,596,5,1,1,0.0,36.23,7.491428571428572,7.99,16.428571428571427,-0.04545454545454551,2,18.115,Sports,0,22.187835570469797
U_05353,Pro,South,-61,23,0,2,0.0,178.88,5.398000000000001,0.0,12.6,9.396907759108502e-17,4,44.72,Books,0,2176.373333333333
U_05354,Enterprise,South,593,11,0,4,170.13,329.19,9.544374999999999,12.65,20.25,-0.07368421052631575,5,65.838,Fashion,0,202.62116357504217
U_05355,Free,South,226,43,0,0,0.0,0.0,3.8006249999999997,0.0,8.4375,0.036363636363636376,0,0.0,None,0,0.0
U_05356,Pro,South,450,0,1,3,37.37,174.36,7.510714285714285,6.005,15.928571428571429,-0.06363636363636366,2,87.18,Electronics,0,141.42533333333333
U_05357,Pro,East,812,12,0,1,0.0,0.0,4.286666666666667,5.19,10.0,7.951207131982424e-18,0,0.0,None,0,0.0
U_05358,Pro,South,4,54,0,0,175.37,266.69,5.266666666666667,0.0,11.0,7.951207131982424e-18,4,66.6725,Fashion,1,3244.7283333333335
U_05359,Enterprise,South,-11,56,0,0,0.0,121.82,7.031666666666667,0.0,15.833333333333334,-0.11666666666666643,2,60.91,Sports,0,1482.1433333333332
U_05360,Free,West,566,72,0,0,0.0,64.74,9.20857142857143,0.0,20.357142857142858,-0.027272727272727264,2,32.37,Toys,0,41.74929328621908
U_05361,Pro,West,25,999,0,0,0.0,0.0,0.0,0.0,0.0,0.0,0,0.0,None,1,0.0
U_05362,Free,North,342,63,0,0,0.0,0.0,3.2809090909090908,0.0,7.7272727272727275,-0.07142857142857144,0,0.0,None,1,0.0
U_05363,Free,East,-200,45,0,0,0.0,65.56,4.255714285714286,0.0,8.142857142857142,0.08571428571428573,2,32.78,Beauty,0,797.6466666666666
U_05364,Pro,North,795,2,1,4,0.0,313.88,10.19857142857143,11.123333333333335,21.857142857142858,-0.03214285714285711,5,62.775999999999996,Sports,0,144.10842767295597
U_05365,Free,North,447,75,0,0,0.0,37.46,4.24,0.0,9.166666666666666,0.0999999999999999,1,37.46,Electronics,1,30.58814317673378
U_05366,Pro,East,610,71,0,0,0.0,139.9,5.62875,0.0,12.125,-0.2000000000000004,2,69.95,Beauty,0,83.71065573770493
U_05367,Enterprise,North,186,64,0,0,0.0,478.16,4.09125,0.0,8.375,2.4496098483336877e-17,5,95.632,Home,1,938.3247311827957
U_05368,Free,North,23,0,1,5,0.0,21.85,6.717499999999999,6.470000000000001,14.8125,-0.004395604395604382,1,21.85,Books,0,265.8416666666667
U_05369,Pro,South,-45,91,0,0,0.0,0.0,2.4040000000000004,0.0,5.0,-0.3000000000000005,0,0.0,None,1,0.0
U_05370,Pro,South,268,1,1,3,148.17,148.17,2.4924999999999997,3.95,4.75,6.729156486047637e-17,1,148.17,Home,0,201.79869402985074
U_05371,Free,North,440,10,0,6,0.0,0.0,7.837083333333333,7.363333333333333,16.833333333333332,0.06428571428571433,0,0.0,None,0,0.0
U_05372,Pro,North,0,0,2,5,0.0,26.84,2.341428571428571,2.846666666666667,5.285714285714286,-0.012121212121212142,1,26.84,Beauty,0,326.5533333333333
U_05373,Pro,South,741,10,0,3,0.0,96.22,9.31888888888889,9.07,21.944444444444443,0.021978021978022014,1,96.22,Toys,0,47.39581646423751
U_05374,Free,West,575,63,0,0,0.0,0.0,3.695,0.0,9.0,-2.0083673326242142e-16,0,0.0,None,0,0.0
U_05375,Free,North,50,108,0,0,0.0,0.0,3.26,0.0,8.75,-2.0083673326242142e-16,0,0.0,None,1,0.0
U_05376,Free,South,383,6,1,1,28.74,52.31,6.603478260869565,1.96,15.130434782608695,-0.06428571428571428,2,26.155,Electronics,0,49.851566579634465
U_05377,Free,West,-206,2,2,6,0.0,141.45,8.45894736842105,7.273333333333333,18.31578947368421,0.021428571428571463,4,35.3625,Sports,0,1720.975
U_05378,Free,South,756,7,0,2,0.0,47.97,4.42,4.05,10.2,0.05000000000000002,2,23.985,Grocery,0,23.160119047619048
U_05379,Pro,South,360,1,1,6,113.33,163.03,4.947777777777778,2.57,11.11111111111111,-0.021978021978021893,4,40.7575,Grocery,1,165.29430555555555
U_05380,Pro,West,626,121,0,0,0.0,0.0,2.12,0.0,6.0,0.0,0,0.0,None,0,0.0
U_05381,Enterprise,North,850,0,2,8,214.01999999999998,759.3,10.926774193548384,8.386666666666665,24.35483870967742,0.024561403508771895,9,84.36666666666666,Beauty,0,326.0523529411765
U_05382,Pro,East,753,0,1,2,55.84,115.61000000000001,6.800000000000001,4.71,14.894736842105264,-0.04945054945054941,2,57.80500000000001,Home,0,56.039375830013284
U_05383,Pro,South,756,10,0,1,77.86,95.39000000000001,3.080833333333333,2.36,6.083333333333333,0.01666666666666677,3,31.79666666666667,Grocery,0,46.054695767195774
U_05384,Pro,South,459,0,2,6,124.84,227.29,10.151034482758622,11.393333333333333,23.06896551724138,-0.014705882352941124,4,56.8225,Toys,0,180.7425925925926
U_05385,Pro,East,391,43,0,0,0.0,0.0,0.9599999999999999,0.0,2.3333333333333335,1.0276789547548596e-16,0,0.0,None,1,0.0
U_05386,Pro,West,311,4,2,6,35.59,118.61,8.76,6.6850000000000005,18.61904761904762,0.054945054945054986,5,23.722,Electronics,0,139.20466237942122
U_05387,Pro,North,544,24,0,2,0.0,145.04,5.390666666666666,0.0,11.266666666666667,-0.0636363636363636,4,36.26,Electronics,1,97.31544117647059
U_05388,Free,South,104,6,1,2,0.0,23.06,4.484285714285714,5.86,8.857142857142858,-0.06363636363636366,1,23.06,Home,0,80.93173076923077
U_05389,Pro,South,302,16,0,1,0.0,22.71,6.948333333333334,0.0,14.833333333333334,-0.016666666666666535,1,22.71,Fashion,0,27.44751655629139
U_05390,Pro,West,-194,33,0,0,0.0,0.0,3.11,0.0,6.666666666666667,0.0999999999999999,0,0.0,None,1,0.0
U_05391,Pro,West,672,81,0,0,0.0,296.42,2.884,0.0,6.8,-0.02380952380952377,2,148.21,Beauty,1,161.00193452380952
U_05392,Free,North,308,5,1,5,0.0,0.0,10.176,10.934999999999999,22.0,0.017156862745098096,0,0.0,None,0,0.0
U_05393,Free,North,326,0,1,1,0.0,0.0,1.700909090909091,0.21,3.272727272727273,0.018181818181818212,0,0.0,None,1,0.0
U_05394,Enterprise,East,456,0,3,10,0.0,705.57,9.408529411764706,9.576,20.176470588235293,0.03333333333333333,7,100.7957142857143,Grocery,0,564.7654605263159
U_05395,Pro,West,-66,10,0,2,0.0,30.39,7.667368421052631,8.22,17.57894736842105,-0.010989010989011037,1,30.39,Fashion,0,369.74500000000006
U_05396,Pro,West,629,11,0,3,0.0,0.0,8.240476190476192,12.3,17.476190476190474,-0.03970588235294111,0,0.0,None,0,0.0
U_05397,Free,West,-83,8,0,2,0.0,106.68,6.868666666666668,5.324999999999999,14.4,0.10000000000000002,2,53.34,Fashion,0,1297.94
U_05398,Free,South,471,90,0,0,0.0,40.94,9.13375,0.0,19.5,-0.17142857142857132,2,20.47,Books,0,31.72632696390658
U_05399,Free,West,495,5,1,3,16.6,91.41999999999999,5.088823529411764,4.4350000000000005,10.411764705882353,-0.0734265734265734,2,45.709999999999994,Sports,0,67.41070707070706
U_05400,Pro,South,197,7,0,4,0.0,86.71,6.504375,6.05,14.25,0.030769230769230754,1,86.71,Books,0,160.65558375634515
U_05401,Pro,North,252,76,0,0,0.0,245.01,6.364444444444445,0.0,14.777777777777779,5.664759402336449e-18,2,122.505,Fashion,0,354.87559523809523
U_05402,Free,South,550,23,0,1,16.19,16.19,9.295454545454545,0.0,21.5,-0.00699300699300696,1,16.19,Home,0,10.744272727272728
U_05403,Free,South,762,13,0,6,0.0,76.06,10.120666666666667,13.71,21.7,-0.02205882352941169,2,38.03,Beauty,0,36.43293963254593
U_05404,Pro,North,-166,0,2,8,108.83,302.02,8.845135135135134,8.766000000000002,19.91891891891892,0.0035087719298245736,4,75.505,Beauty,0,3674.5766666666664
U_05405,Free,East,459,0,3,5,0.0,0.0,10.585277777777781,10.183333333333332,23.694444444444443,0.05779153766769868,0,0.0,None,0,0.0
U_05406,Free,North,731,41,0,0,0.0,0.0,5.264444444444445,0.0,9.444444444444445,-0.07142857142857131,0,0.0,None,1,0.0
U_05407,Pro,East,153,4,1,2,26.53,367.39,9.25222222222222,10.96,21.185185185185187,-0.044117647058823525,5,73.478,Fashion,0,876.4532679738561
U_05408,Pro,West,285,27,0,2,0.0,77.41,8.482352941176472,0.0,17.352941176470587,-0.01098901098901105,1,77.41,Fashion,1,99.13912280701754
U_05409,Enterprise,West,503,57,0,0,0.0,0.0,3.7314285714285718,0.0,7.142857142857143,0.08571428571428573,0,0.0,None,1,0.0
U_05410,Enterprise,East,502,13,0,2,35.65,426.80999999999995,5.215333333333334,6.65,11.266666666666667,-0.04545454545454542,5,85.362,Books,0,310.3299800796812
U_05411,Pro,South,-48,81,0,0,0.0,42.75,3.486666666666667,0.0,6.666666666666667,1.0276789547548596e-16,1,42.75,Beauty,1,520.125
U_05412,Free,East,492,8,0,7,0.0,96.87,5.9433333333333325,6.669999999999999,12.952380952380953,0.05714285714285717,2,48.435,Electronics,0,71.86493902439025
U_05413,Pro,South,408,24,0,1,0.0,105.98,4.858750000000001,0.0,10.75,-0.04545454545454543,3,35.32666666666667,Electronics,0,94.81053921568628
U_05414,Free,East,-168,4,1,4,0.0,0.0,2.6399999999999997,4.195,5.555555555555555,6.633138920230202e-17,0,0.0,None,0,0.0
U_05415,Enterprise,East,468,26,0,2,0.0,501.5,4.05,0.0,8.25,0.03571428571428577,5,100.3,Toys,0,391.1271367521367
U_05416,Pro,East,424,24,0,1,0.0,0.0,2.1700000000000004,0.0,5.2,-1.0507920739455759e-16,0,0.0,None,1,0.0
U_05417,Free,West,680,4,1,4,0.0,60.15,8.684814814814816,9.07,19.74074074074074,0.01428571428571427,2,30.075,Fashion,0,32.28639705882353
U_05418,Pro,East,146,53,0,0,0.0,40.48,2.8971428571428572,0.0,5.857142857142857,0.02857142857142864,1,40.48,Electronics,0,101.19999999999999
U_05419,Free,South,144,71,0,0,0.0,41.93,5.6160000000000005,0.0,12.266666666666667,0.18333333333333324,1,41.93,Electronics,1,106.28090277777778
U_05420,Free,East,377,0,5,11,39.8,77.72,8.953333333333335,8.700000000000001,19.433333333333334,0.11764705882352941,2,38.86,Grocery,0,75.24615384615385
U_05421,Pro,West,420,64,0,0,0.0,86.43,7.508666666666666,0.0,16.066666666666666,0.13095238095238104,1,86.43,Books,1,75.11178571428572
U_05422,Free,South,604,81,0,0,0.0,29.02,7.004,0.0,13.6,9.503933725077675e-17,1,29.02,Toys,1,17.536920529801325
U_05423,Free,East,10,6,1,4,0.0,38.08,8.6512,4.26,19.16,-0.08241758241758246,1,38.08,Electronics,0,463.3066666666666
U_05424,Pro,West,365,42,0,0,0.0,86.5,2.8983333333333334,0.0,6.333333333333333,-0.20000000000000015,3,28.833333333333332,Home,1,86.5
U_05425,Pro,West,-34,1,2,8,0.0,123.83000000000001,9.123793103448275,10.2,19.96551724137931,0.0051599587203302434,3,41.27666666666667,Grocery,0,1506.5983333333336
U_05426,Pro,East,453,93,0,0,0.0,102.93,10.004545454545454,0.0,19.272727272727273,-0.028571428571428723,3,34.31,Grocery,1,82.93476821192054
U_05427,Pro,East,71,10,0,7,127.86,311.78999999999996,8.354137931034483,8.73,16.82758620689655,-0.007352941176470545,5,62.35799999999999,Toys,0,1602.8640845070422
U_05428,Pro,East,822,0,1,5,126.47,212.69,10.981153846153846,9.955,24.384615384615383,-0.03571428571428567,4,53.1725,Sports,0,94.4426399026764
U_05429,Pro,North,618,31,0,0,0.0,89.28,3.975,0.0,8.666666666666666,7.951207131982424e-18,1,89.28,Beauty,1,52.73009708737864
U_05430,Pro,East,-171,15,0,2,0.0,218.79,1.682,0.0,4.0,-0.04761904761904756,2,109.395,Electronics,0,2661.945
U_05431,Free,North,125,44,0,0,0.0,0.0,6.772500000000001,0.0,14.583333333333334,-0.14285714285714263,0,0.0,None,1,0.0
U_05432,Pro,South,132,21,0,2,0.0,147.85,5.3646666666666665,0.0,12.733333333333333,0.10909090909090906,1,147.85,Fashion,0,408.8276515151515
U_05433,Pro,South,323,40,0,0,0.0,124.57000000000001,4.5200000000000005,0.0,9.857142857142858,0.14285714285714274,3,41.52333333333333,Beauty,1,140.76795665634674
U_05434,Free,East,349,17,0,2,0.0,0.0,5.285555555555555,0.0,11.055555555555555,-0.0659340659340659,0,0.0,None,0,0.0
U_05435,Free,East,642,85,0,0,0.0,0.0,4.919999999999999,0.0,9.333333333333334,0.10714285714285716,0,0.0,None,0,0.0
U_05436,Free,South,668,0,2,5,0.0,0.0,8.762083333333333,8.593333333333334,18.916666666666668,-0.035294117647058795,0,0.0,None,0,0.0
U_05437,Free,South,165,45,0,0,0.0,0.0,5.736,0.0,12.8,-0.2142857142857142,0,0.0,None,1,0.0
U_05438,Pro,West,113,4,2,4,0.0,197.63,7.0705,8.57,15.0,-0.021978021978021983,3,65.87666666666667,Electronics,0,638.362389380531
U_05439,Free,North,577,49,0,0,0.0,0.0,6.178,0.0,13.066666666666666,-0.04545454545454542,0,0.0,None,1,0.0
U_05440,Enterprise,West,165,58,0,0,0.0,64.13,3.384444444444444,0.0,7.222222222222222,0.011904761904761946,2,32.065,Beauty,1,141.86333333333334
U_05441,Free,West,707,3,2,4,0.0,0.0,8.84969696969697,10.27,19.636363636363637,0.04852941176470586,0,0.0,None,0,0.0
U_05442,Pro,West,199,87,0,0,0.0,85.78,2.6740000000000004,0.0,6.6,-0.9999999999999998,2,42.89,Toys,0,157.33517587939699
U_05443,Free,South,670,20,0,1,0.0,0.0,5.543846153846153,0.0,11.307692307692308,0.08333333333333343,0,0.0,None,1,0.0
U_05444,Free,East,309,3,2,10,0.0,26.21,11.678400000000002,11.11,25.76,0.028571428571428532,1,26.21,Toys,0,30.960032362459547
U_05445,Pro,East,518,11,0,4,0.0,99.66999999999999,6.794090909090911,11.16,14.772727272727273,-0.0571428571428571,2,49.834999999999994,Beauty,0,70.2307915057915
U_05446,Free,South,266,0,4,7,32.61,69.95,8.369666666666667,9.9925,17.566666666666666,0.09313725490196079,3,23.316666666666666,Home,0,95.98402255639098
U_05447,Free,West,710,14,0,6,17.16,17.16,9.5264,0.0,21.2,0.006593406593406504,1,17.16,Electronics,0,8.821690140845071
U_05448,Free,East,337,55,0,0,0.0,9.69,4.3475,0.0,9.625,0.19999999999999993,1,9.69,Sports,1,10.495103857566765
U_05449,Enterprise,West,195,50,0,0,71.17,462.05,9.13375,0.0,21.5,0.05454545454545453,5,92.41,Toys,1,864.8628205128206
U_05450,Free,West,709,95,0,0,0.0,0.0,5.5685714285714285,0.0,11.285714285714286,0.2,0,0.0,None,1,0.0
U_05451,Free,West,523,18,0,2,0.0,0.0,4.5925,0.0,10.55,-0.02857142857142856,0,0.0,None,1,0.0
U_05452,Pro,West,129,81,0,0,0.0,0.0,1.57,0.0,3.3333333333333335,1.0276789547548596e-16,0,0.0,None,1,0.0
U_05453,Free,South,270,0,3,6,0.0,0.0,5.159565217391305,3.7824999999999998,12.304347826086957,0.033823529411764704,0,0.0,None,0,0.0
U_05454,Free,South,195,27,0,1,0.0,36.16,5.671333333333334,0.0,11.733333333333333,-0.02727272727272729,1,36.16,Sports,1,67.68410256410256
U_05455,Free,South,21,7,0,1,0.0,0.0,0.195,0.09,1.0,-7.850462293418875e-17,0,0.0,None,1,0.0
U_05456,Pro,South,243,22,0,1,0.0,0.0,6.914545454545455,0.0,15.363636363636363,-0.3714285714285713,0,0.0,None,1,0.0
U_05457,Pro,South,616,76,0,0,0.0,67.31,4.106,0.0,7.2,-0.3000000000000005,1,67.31,Beauty,1,39.88336038961039
U_05458,Free,North,381,111,0,0,0.0,0.0,0.3925,0.0,1.0,-0.5,0,0.0,None,1,0.0
U_05459,Enterprise,West,-32,22,0,1,0.0,273.74,6.267142857142858,0.0,13.428571428571429,-6.783020765448988e-17,1,273.74,Sports,0,3330.503333333333
U_05460,Free,North,248,13,0,3,0.0,0.0,2.9546153846153844,1.35,7.076923076923077,-0.03846153846153842,0,0.0,None,1,0.0
U_05461,Free,North,50,1,1,5,0.0,38.7,8.548181818181819,11.323333333333332,17.40909090909091,0.03846153846153847,2,19.35,Electronics,0,282.51
U_05462,Free,East,464,79,0,0,0.0,8.53,3.585714285714286,0.0,7.428571428571429,0.14285714285714274,1,8.53,Home,1,6.710021551724137
U_05463,Pro,East,374,76,0,0,0.0,0.0,0.8150000000000001,0.0,2.0,-7.850462293418875e-17,0,0.0,None,1,0.0
U_05464,Pro,South,-181,24,0,2,0.0,46.96,8.111875,0.0,17.875,-0.16666666666666674,1,46.96,Beauty,1,571.3466666666667
U_05465,Free,West,-24,3,1,5,49.71,49.71,7.885999999999999,2.0,18.36,0.05934065934065932,2,24.855,Electronics,0,604.8050000000001
U_05466,Enterprise,North,157,5,1,2,42.24,767.47,8.088,6.4,17.333333333333332,-0.09090909090909088,5,153.494,Beauty,0,1784.2455414012738
U_05467,Free,North,739,2,2,7,0.0,18.04,10.8796,9.3,21.6,0.00714285714285718,1,18.04,Electronics,0,8.910148849797023
U_05468,Pro,East,200,3,1,1,60.99,272.01,4.144166666666666,1.06,9.5,-0.10000000000000002,3,90.67,Electronics,1,496.41825
U_05469,Free,South,817,7,0,3,72.75,81.00999999999999,4.29875,7.49,10.3125,-5.6394365867523874e-18,3,27.00333333333333,Home,0,36.19173806609547
U_05470,Free,West,-143,8,0,3,77.36,77.36,7.267894736842106,4.1,16.94736842105263,-0.0659340659340659,1,77.36,Sports,0,941.2133333333333
U_05471,Pro,North,-184,99,0,0,0.0,226.82999999999998,8.887142857142857,0.0,18.714285714285715,-0.08571428571428566,2,113.41499999999999,Beauty,1,2759.765
U_05472,Pro,South,76,4,2,2,68.54,88.74000000000001,5.525625,7.395,11.0,0.04848484848484859,2,44.370000000000005,Grocery,0,426.1855263157895
U_05473,Pro,South,567,27,0,2,0.0,186.18,6.88125,0.0,14.8125,0.006993006993006998,2,93.09,Beauty,1,119.85132275132275
U_05474,Free,South,-49,11,0,3,0.0,0.0,7.498888888888889,6.0600000000000005,16.444444444444443,0.028571428571428418,0,0.0,None,0,0.0
U_05475,Pro,North,664,48,0,0,0.0,0.0,2.637777777777778,0.0,5.0,-0.011904761904761871,0,0.0,None,1,0.0
U_05476,Pro,West,-30,12,0,3,0.0,0.0,1.88,0.4,4.111111111111111,5.664759402336449e-18,0,0.0,None,0,0.0
U_05477,Free,South,297,15,0,4,65.05000000000001,85.23,6.39923076923077,0.0,14.153846153846153,0.08333333333333337,3,28.41,Grocery,0,104.7439393939394
U_05478,Free,North,836,1,2,5,0.0,0.0,6.357058823529411,7.0725,14.764705882352942,0.06666666666666671,0,0.0,None,0,0.0
U_05479,Pro,East,-97,97,0,0,0.0,0.0,0.3,0.0,1.0,-7.850462293418875e-17,0,0.0,None,1,0.0
U_05480,Pro,East,383,0,1,1,0.0,0.0,2.932222222222222,0.31,5.222222222222222,0.03571428571428578,0,0.0,None,0,0.0
U_05481,Free,North,-32,41,0,0,0.0,88.32,9.417333333333335,0.0,21.866666666666667,0.027272727272727244,2,44.16,Books,1,1074.56
U_05482,Free,North,119,23,0,1,0.0,49.36,9.877307692307692,0.0,24.115384615384617,0.017857142857142887,2,24.68,Sports,0,151.3983193277311
U_05483,Free,North,285,98,0,0,0.0,5.92,2.947142857142857,0.0,5.285714285714286,0.14285714285714274,1,5.92,Books,0,7.581754385964913
U_05484,Free,South,-67,109,0,0,0.0,0.0,5.765,0.0,13.5,-2.0083673326242142e-16,0,0.0,None,0,0.0
U_05485,Enterprise,North,636,5,1,5,261.3,704.56,11.381764705882354,10.743333333333332,25.5,-0.047471620227038096,9,78.28444444444443,Sports,0,404.3465408805031
U_05486,Pro,East,-105,11,0,8,0.0,173.29,6.891304347826087,5.68,15.173913043478262,0.03970588235294119,2,86.645,Grocery,0,2108.361666666666
U_05487,Free,South,491,7,0,6,41.88,92.95,6.648214285714286,8.265,13.964285714285714,0.012254901960784331,3,30.983333333333334,Electronics,0,69.09725050916498
U_05488,Free,East,825,10,0,2,0.0,82.46,9.706153846153846,9.28,20.03846153846154,0.058823529411764726,4,20.615,Toys,0,36.48230303030302
U_05489,Free,West,494,0,1,5,0.0,0.0,9.035416666666666,8.925,19.916666666666668,-0.04117647058823525,0,0.0,None,0,0.0
U_05490,Pro,South,782,14,0,4,74.0,195.36,6.403999999999999,0.0,13.75,-0.048951048951048834,3,65.12,Electronics,0,91.18465473145781
U_05491,Pro,East,776,80,0,0,0.0,0.0,0.985,0.0,1.5,-7.850462293418875e-17,0,0.0,None,1,0.0
U_05492,Pro,South,187,64,0,0,0.0,0.0,4.1850000000000005,0.0,10.0,7.951207131982424e-18,0,0.0,None,1,0.0
U_05493,Free,South,724,10,0,3,0.0,55.35,3.8399999999999994,5.04,8.266666666666667,0.018181818181818125,1,55.35,Grocery,0,27.904350828729285
U_05494,Pro,East,682,4,1,8,46.41,69.47,5.136842105263158,4.6,11.157894736842104,0.07342657342657342,2,34.735,Fashion,0,37.17969208211144
U_05495,Pro,West,541,3,1,1,0.0,230.87,4.5040000000000004,0.09,10.7,0.0714285714285715,2,115.435,Toys,0,155.76256931608134
U_05496,Enterprise,North,555,38,0,0,0.0,536.36,4.599090909090909,0.0,9.181818181818182,0.08333333333333331,3,178.78666666666666,Toys,0,352.7412612612613
U_05497,Free,East,-128,1,1,4,18.95,39.64,9.325652173913044,7.803333333333334,22.347826086956523,-0.019117647058823524,2,19.82,Electronics,0,482.28666666666663
U_05498,Pro,West,-113,47,0,0,0.0,46.86,5.365555555555555,0.0,11.444444444444445,-0.14285714285714288,1,46.86,Beauty,1,570.13
U_05499,Pro,West,-75,27,0,1,0.0,66.72,9.552380952380952,0.0,19.952380952380953,0.021978021978022018,2,33.36,Fashion,0,811.7599999999999
U_05500,Enterprise,South,-203,27,0,1,0.0,194.59000000000003,3.628,0.0,6.6,-1.0507920739455759e-16,3,64.86333333333334,Books,0,2367.511666666667
U_05501,Enterprise,East,383,4,1,4,235.74,695.6999999999999,9.805769230769231,8.5,22.346153846153847,-0.05366357069143443,7,99.38571428571427,Beauty,0,663.0039164490861
U_05502,Enterprise,North,4,96,0,0,0.0,177.31,2.826,0.0,6.0,-0.5000000000000003,1,177.31,Sports,1,2157.2716666666665
U_05503,Free,West,553,80,0,0,50.49,73.94,6.1049999999999995,0.0,12.5,7.951207131982424e-18,2,36.97,Books,1,48.803074141048825
U_05504,Enterprise,South,-135,999,0,0,0.0,0.0,0.0,0.0,0.0,0.0,0,0.0,None,1,0.0
U_05505,Free,West,-12,0,1,4,0.0,100.93,5.797000000000001,6.24,12.4,0.021978021978022018,3,33.64333333333334,Grocery,0,1227.9816666666668
U_05506,Pro,South,72,31,0,0,0.0,174.22,9.71782608695652,0.0,20.695652173913043,0.032967032967033,3,58.07333333333333,Sports,1,883.1986111111111
U_05507,Pro,South,610,3,2,6,0.0,276.25,9.92,9.746666666666668,22.166666666666668,0.038235294117647076,4,69.0625,Home,0,165.29713114754097
U_05508,Free,North,755,54,0,0,0.0,26.61,5.243333333333333,0.0,13.166666666666666,2.714602856352792e-17,1,26.61,Books,1,12.864437086092714
U_05509,Free,North,-134,6,1,4,0.0,0.0,6.208095238095238,3.19,12.571428571428571,-0.019117647058823534,0,0.0,None,0,0.0
U_05510,Free,South,264,2,1,5,0.0,112.98000000000002,8.012857142857143,9.295,17.714285714285715,-0.06127450980392148,3,37.660000000000004,Sports,0,156.20340909090913
U_05511,Enterprise,East,200,0,3,9,106.2,992.08,11.476578947368422,11.548333333333332,24.94736842105263,0.06604747162022703,9,110.23111111111112,Electronics,0,1810.546
U_05512,Free,East,-66,79,0,0,0.0,0.0,4.3475,0.0,10.25,-2.0083673326242142e-16,0,0.0,None,1,0.0
U_05513,Enterprise,North,700,11,0,6,0.0,548.38,5.235294117647059,6.185,12.235294117647058,0.17272727272727273,5,109.676,Grocery,1,285.941
U_05514,Pro,East,107,137,0,0,0.0,154.27,0.3,0.0,1.0,0.0,1,154.27,Beauty,1,526.2481308411216
U_05515,Pro,North,358,66,0,0,0.0,93.19999999999999,5.957857142857143,0.0,13.928571428571429,-0.04761904761904752,2,46.599999999999994,Grocery,1,95.02234636871506
U_05516,Free,North,15,21,0,1,0.0,12.23,1.4233333333333336,0.0,3.5,7.951207131982424e-18,1,12.23,Sports,1,148.79833333333335
U_05517,Free,North,366,3,1,3,0.0,53.17,6.2680952380952375,5.89,13.571428571428571,-0.04642857142857136,2,26.585,Books,0,53.02472677595628
U_05518,Pro,South,643,100,0,0,0.0,0.0,4.636,0.0,10.8,0.29999999999999977,0,0.0,None,1,0.0
U_05519,Pro,East,-167,131,0,0,0.0,199.76,4.566666666666667,0.0,7.666666666666667,1.0276789547548596e-16,2,99.88,Fashion,1,2430.413333333333
U_05520,Pro,West,553,2,1,5,203.57,595.5200000000001,8.126999999999999,6.525,18.55,-0.014285714285714263,7,85.07428571428572,Books,0,393.0647377938518
U_05521,Free,North,58,85,0,0,0.0,0.0,2.873333333333333,0.0,6.111111111111111,-0.40000000000000036,0,0.0,None,1,0.0
U_05522,Free,West,-34,5,1,4,34.64,41.26,3.5090476190476183,2.58,8.476190476190476,-0.010714285714285655,2,20.63,Home,0,501.99666666666667
U_05523,Free,East,588,5,1,2,0.0,29.25,4.92909090909091,1.96,11.090909090909092,-0.030303030303030293,1,29.25,Electronics,0,18.15688775510204
U_05524,Free,West,112,0,1,3,0.0,42.83,4.751428571428572,6.3100000000000005,10.285714285714286,-0.027272727272727244,1,42.83,Electronics,0,139.57991071428572
U_05525,Pro,West,430,0,3,6,0.0,395.77,8.20409090909091,8.8775,16.90909090909091,0.10109890109890106,5,79.154,Beauty,0,335.9443023255814
U_05526,Pro,North,614,11,0,5,15.42,15.42,6.594285714285713,8.92,14.380952380952381,-0.0014705882352941018,1,15.42,Sports,0,9.166612377850162
U_05527,Pro,North,621,9,0,2,0.0,163.19,7.882380952380954,12.120000000000001,17.0,0.00659340659340655,3,54.39666666666667,Books,0,95.91682769726248
U_05528,Free,South,-165,28,0,1,0.0,0.0,0.345,0.0,1.0,-7.850462293418875e-17,0,0.0,None,1,0.0
U_05529,Enterprise,South,460,4,2,4,36.92,553.99,5.878235294117647,7.02,12.352941176470589,-0.024475524475524462,4,138.4975,Home,0,439.57902173913044
U_05530,Free,West,309,0,2,6,0.0,74.24,7.508636363636364,8.53,15.954545454545455,-0.011764705882352886,2,37.12,Home,0,87.69449838187703
U_05531,Free,West,318,22,0,3,0.0,11.19,5.921111111111111,0.0,14.0,0.038461538461538505,1,11.19,Grocery,1,12.8438679245283
U_05532,Pro,South,824,38,0,0,0.0,77.66,8.85695652173913,0.0,20.217391304347824,0.10439560439560444,2,38.83,Fashion,0,34.4003640776699
U_05533,Pro,South,49,6,1,6,214.69,339.18,8.757,8.85,19.55,0.05714285714285708,6,56.53,Books,0,2526.544897959184
U_05534,Pro,East,58,8,0,4,0.0,110.77,7.885999999999999,11.41,19.466666666666665,-0.07878787878787877,1,110.77,Beauty,1,697.0870689655172
U_05535,Free,West,-81,3,2,3,30.44,46.900000000000006,10.055454545454545,10.450000000000001,22.939393939393938,-0.030882352941176434,2,23.450000000000003,Beauty,0,570.6166666666667
U_05536,Pro,North,472,0,3,7,55.13,232.85999999999999,9.964347826086959,10.605,21.91304347826087,0.03296703296703297,3,77.61999999999999,Fashion,0,180.0718220338983
U_05537,Free,South,629,25,0,1,0.0,0.0,3.125,0.0,7.25,-2.0083673326242142e-16,0,0.0,None,1,0.0
U_05538,Free,East,482,3,2,4,40.39,94.07,6.303333333333332,7.05,13.833333333333334,0.021978021978021994,3,31.356666666666666,Beauty,0,71.23558091286307
U_05539,Free,South,72,18,0,2,0.0,0.0,2.832222222222222,0.0,5.555555555555555,0.035714285714285754,0,0.0,None,1,0.0
U_05540,Free,East,151,16,0,3,0.0,0.0,6.0825,0.0,13.25,0.05000000000000005,0,0.0,None,0,0.0
U_05541,Free,East,420,75,0,0,0.0,0.0,5.699090909090909,0.0,12.090909090909092,0.03571428571428578,0,0.0,None,1,0.0
U_05542,Enterprise,South,293,8,0,1,0.0,1038.22,6.1547368421052635,3.67,13.68421052631579,0.10909090909090913,6,173.03666666666666,Electronics,0,1293.345733788396
U_05543,Free,North,688,61,0,0,0.0,0.0,2.8340000000000005,0.0,5.8,-1.0507920739455759e-16,0,0.0,None,0,0.0
U_05544,Free,East,-127,4,1,2,0.0,35.84,7.8069999999999995,2.46,17.8,-0.0952380952380951,1,35.84,Home,0,436.05333333333334
U_05545,Free,South,350,15,0,3,0.0,0.0,5.2090000000000005,0.0,11.9,0.03333333333333336,0,0.0,None,0,0.0
U_05546,Free,South,312,17,0,4,0.0,93.9,6.318181818181818,0.0,15.045454545454545,0.027972027972027958,2,46.95,Beauty,0,109.85096153846155
U_05547,Enterprise,East,14,78,0,0,0.0,18.77,8.761176470588236,0.0,18.647058823529413,-0.03571428571428556,1,18.77,Sports,1,228.36833333333334
U_05548,Free,East,642,0,4,8,0.0,0.0,7.008666666666666,7.921666666666667,14.933333333333334,0.04166666666666667,0,0.0,None,0,0.0
U_05549,Free,East,82,18,0,1,0.0,0.0,4.062857142857142,0.0,10.0,-0.2000000000000001,0,0.0,None,0,0.0
U_05550,Free,East,476,78,0,0,0.0,32.19,5.891666666666667,0.0,12.5,0.11904761904761908,1,32.19,Toys,1,24.68350840336134
U_05551,Enterprise,South,-14,4,1,6,172.86,620.9300000000001,7.117894736842106,6.62,16.157894736842106,0.010714285714285756,9,68.99222222222222,Electronics,0,7040.131324358977
U_05552,Pro,East,752,6,1,4,138.44,670.38,8.550952380952381,10.82,18.714285714285715,-0.03571428571428569,9,74.48666666666666,Grocery,0,325.3839095744681
U_05553,Free,North,558,23,0,4,0.0,256.05,10.836999999999996,0.0,23.7,0.03186274509803927,6,42.675000000000004,Books,0,167.48790322580646
U_05554,Free,South,175,55,0,0,0.0,57.42,6.926,0.0,14.0,-0.10714285714285693,2,28.71,Electronics,0,119.76171428571429
U_05555,Free,East,338,32,0,0,0.0,19.64,6.8313043478260855,0.0,14.521739130434783,-0.04545454545454533,1,19.64,Toys,0,21.20887573964497
U_05556,Pro,South,451,26,0,2,0.0,72.26,2.328,0.0,4.9,-0.10714285714285693,1,72.26,Toys,1,58.4809312638581
U_05557,Free,South,236,43,0,0,0.0,0.0,1.885,0.0,4.25,-0.5,0,0.0,None,1,0.0
U_05558,Free,East,620,1,1,2,0.0,0.0,6.875,9.5,15.666666666666666,0.048484848484848506,0,0.0,None,0,0.0
U_05559,Enterprise,North,386,19,0,2,0.0,145.81,5.853333333333334,0.0,12.333333333333334,1.0276789547548596e-16,2,72.905,Toys,1,137.8773316062176
U_05560,Enterprise,South,850,23,0,2,73.46,434.27,6.004,0.0,12.2,0.04545454545454544,7,62.03857142857142,Toys,0,186.48064705882354
U_05561,Free,East,1,1,1,1,0.0,0.0,8.106923076923078,3.3,20.923076923076923,-0.0545454545454546,0,0.0,None,0,0.0
U_05562,Pro,South,582,7,0,1,0.0,225.78,5.946666666666666,2.91,15.333333333333334,1.0276789547548596e-16,3,75.26,Toys,1,141.59742268041236
U_05563,Enterprise,East,-33,7,0,6,230.71,957.8199999999999,8.031199999999998,7.4350000000000005,17.4,-0.07692307692307704,7,136.83142857142857,Books,0,7040.131324358977
U_05564,Enterprise,South,264,49,0,0,0.0,315.92999999999995,5.5268749999999995,0.0,11.6875,0.005494505494505486,4,78.98249999999999,Sports,0,436.797159090909
U_05565,Free,West,211,0,1,5,0.0,0.0,6.073529411764706,4.12,14.705882352941176,0.02197802197802198,0,0.0,None,0,0.0
U_05566,Pro,West,185,42,0,0,0.0,192.24,9.38857142857143,0.0,19.952380952380953,0.060439560439560454,4,48.06,Electronics,0,379.28432432432436
U_05567,Free,South,719,34,0,0,0.0,93.91,5.275,0.0,11.0,-0.20000000000000015,2,46.955,Electronics,0,47.67336578581363
U_05568,Pro,East,24,37,0,0,37.99,188.51,5.5009999999999994,0.0,11.4,-0.0714285714285713,3,62.836666666666666,Sports,1,2293.538333333333
U_05569,Pro,South,541,0,1,4,0.0,55.75,2.4909090909090907,2.03,5.363636363636363,0.049999999999999996,2,27.875,Beauty,0,37.61321626617375
U_05570,Pro,North,-67,51,0,0,43.42,142.04000000000002,6.245333333333334,0.0,14.2,0.04242424242424247,2,71.02000000000001,Beauty,1,1728.1533333333336
U_05571,Free,East,14,14,0,1,0.0,0.0,0.9,0.0,1.5,-7.850462293418875e-17,0,0.0,None,1,0.0
U_05572,Pro,East,130,3,1,1,50.86,84.24000000000001,6.597142857142857,9.1,14.428571428571429,-0.10000000000000002,2,42.120000000000005,Beauty,0,236.52
U_05573,Pro,South,-16,0,1,4,0.0,15.78,5.379166666666667,7.406666666666666,11.5,0.036363636363636376,1,15.78,Home,0,191.99
U_05574,Free,East,387,5,1,6,0.0,93.9,10.185833333333333,5.48,21.458333333333332,-0.01758241758241764,2,46.95,Beauty,0,88.56201550387597
U_05575,Free,East,135,90,0,0,0.0,0.0,0.74,0.0,1.0,0.0,0,0.0,None,1,0.0
U_05576,Enterprise,East,-163,53,0,0,0.0,200.1,4.902,0.0,9.933333333333334,-0.06363636363636352,3,66.7,Beauty,1,2434.55
U_05577,Pro,East,651,8,0,1,93.56,204.82,3.4930000000000008,0.64,8.2,0.023809523809523878,3,68.27333333333333,Electronics,0,114.83763440860216
U_05578,Pro,North,745,32,0,0,0.0,275.18,4.493636363636364,0.0,9.636363636363637,-0.1785714285714287,4,68.795,Grocery,1,134.81973154362416
U_05579,Free,West,413,0,1,1,0.0,0.0,3.6128571428571425,3.13,7.071428571428571,-0.2166666666666665,0,0.0,None,0,0.0
U_05580,Free,North,309,12,0,2,0.0,0.0,5.967368421052632,3.98,12.842105263157896,-0.021428571428571398,0,0.0,None,1,0.0
U_05581,Pro,West,694,41,0,0,0.0,0.0,3.697142857142857,0.0,7.428571428571429,-0.10000000000000016,0,0.0,None,1,0.0
U_05582,Pro,South,617,5,1,4,75.58,384.59,9.519999999999998,9.923333333333334,20.636363636363637,-0.007142857142857117,7,54.94142857142857,Sports,0,227.51272285251213
U_05583,Pro,South,-71,1,1,5,0.0,69.69,5.199285714285714,5.103333333333333,10.642857142857142,0.07272727272727275,2,34.845,Beauty,0,847.895
U_05584,Free,North,439,22,0,2,0.0,79.38,7.1924,0.0,15.84,-0.03571428571428567,1,79.38,Fashion,1,65.99931662870159
U_05585,Pro,East,694,70,0,0,0.0,306.67,8.010000000000002,0.0,15.363636363636363,0.1785714285714286,5,61.334,Fashion,1,161.28897694524497
U_05586,Pro,East,657,13,0,2,0.0,85.16,3.083076923076923,2.01,6.153846153846154,0.04242424242424242,1,85.16,Electronics,1,47.31111111111111
U_05587,Free,North,237,45,0,0,0.0,31.73,7.158461538461538,0.0,17.384615384615383,-0.06666666666666653,1,31.73,Home,0,48.8668776371308
U_05588,Free,South,650,2,1,4,0.0,35.99,8.488214285714285,10.11,17.464285714285715,-0.05392156862745097,1,35.99,Beauty,0,20.209769230769233
U_05589,Free,East,346,5,1,3,0.0,8.47,10.613513513513514,11.21,23.91891891891892,0.010294117647058865,1,8.47,Grocery,0,8.935115606936417
U_05590,Free,South,279,31,0,0,0.0,0.0,7.547391304347825,0.0,16.434782608695652,0.02794117647058827,0,0.0,None,1,0.0
U_05591,Free,East,384,9,0,1,0.0,15.15,4.997142857142857,1.75,10.5,-0.021978021978021966,1,15.15,Books,1,14.400390625
U_05592,Pro,West,316,1,1,3,0.0,113.12,5.465263157894737,3.55,11.210526315789474,0.007142857142857148,2,56.56,Electronics,0,130.6607594936709
U_05593,Free,North,-40,17,0,2,0.0,24.93,9.682857142857143,0.0,21.071428571428573,0.05000000000000001,1,24.93,Home,1,303.315
U_05594,Free,East,835,107,0,0,0.0,0.0,6.6814285714285715,0.0,13.571428571428571,0.09999999999999959,0,0.0,None,0,0.0
U_05595,Free,West,-139,4,1,2,0.0,0.0,1.7063636363636363,3.255,3.3636363636363638,-0.00606060606060605,0,0.0,None,1,0.0
U_05596,Free,North,640,1,1,3,80.19,109.00999999999999,4.620714285714286,6.455,9.571428571428571,0.013986013986013984,2,54.504999999999995,Fashion,0,62.169765625
U_05597,Free,West,812,82,0,0,0.0,0.0,3.9722222222222223,0.0,8.555555555555555,-0.14285714285714288,0,0.0,None,1,0.0
U_05598,Pro,North,34,108,0,0,0.0,32.22,1.315,0.0,2.5,-7.850462293418875e-17,1,32.22,Beauty,1,345.8911764705882
U_05599,Free,West,245,1,3,6,0.0,43.03,6.7799999999999985,5.1025,14.0,-0.07472527472527485,1,43.03,Grocery,0,64.10591836734694
U_05600,Pro,East,279,68,0,0,0.0,0.0,4.942500000000001,0.0,10.5,-2.751513687042919e-17,0,0.0,None,0,0.0
U_05601,Free,North,621,76,0,0,0.0,0.0,4.641666666666667,0.0,9.666666666666666,-0.10000000000000012,0,0.0,None,1,0.0
U_05602,Free,East,20,0,2,7,40.8,61.44,5.613529411764706,6.886666666666667,11.647058823529411,0.017482517482517498,2,30.72,Sports,0,747.52
U_05603,Free,East,526,60,0,0,0.0,0.0,6.732857142857142,0.0,15.428571428571429,4.8870404991229254e-17,0,0.0,None,1,0.0
U_05604,Free,East,78,999,0,0,0.0,0.0,0.0,0.0,0.0,0.0,0,0.0,None,1,0.0
U_05605,Enterprise,North,609,6,1,2,0.0,589.12,8.576296296296297,12.25,18.962962962962962,-0.0196078431372549,6,98.18666666666667,Grocery,0,353.0850574712644
U_05606,Free,East,242,50,0,0,0.0,0.0,1.2514285714285716,0.0,2.7142857142857144,0.19999999999999996,0,0.0,None,1,0.0
U_05607,Pro,West,161,6,1,4,29.7,146.84,10.3603125,11.66,22.625,-0.08441558441558444,3,48.946666666666665,Books,0,332.8981366459628
U_05608,Free,West,456,1,2,6,0.0,29.58,10.340000000000002,7.44,21.82857142857143,-0.06140350877192984,2,14.79,Beauty,0,23.676973684210523
U_05609,Free,West,341,63,0,0,0.0,16.2,2.8228571428571425,0.0,5.285714285714286,-0.08571428571428566,1,16.2,Books,1,17.34017595307918
U_05610,Pro,East,783,23,0,1,0.0,25.62,8.426874999999999,0.0,19.3125,0.0727272727272728,1,25.62,Grocery,1,11.942911877394637
U_05611,Free,North,167,4,1,3,0.0,18.61,4.265789473684211,8.4,8.368421052631579,0.01538461538461538,1,18.61,Grocery,0,40.67455089820359
U_05612,Free,West,116,33,0,0,0.0,129.55,7.8172727272727265,0.0,18.59090909090909,-0.065934065934066,4,32.3875,Electronics,0,407.635775862069
U_05613,Free,East,689,76,0,0,0.0,53.76,3.4071428571428575,0.0,7.0,-0.028571428571428543,1,53.76,Books,1,28.479535558780842
U_05614,Pro,South,265,2,1,1,0.0,0.0,3.0833333333333335,1.74,7.666666666666667,1.0276789547548596e-16,0,0.0,None,1,0.0
U_05615,Pro,East,71,6,1,3,0.0,82.33,6.033846153846154,8.025,13.384615384615385,-0.1151515151515151,2,41.165,Electronics,0,423.24577464788734
U_05616,Free,East,745,9,0,7,42.78,42.78,9.838709677419352,10.52,20.93548387096774,0.050567595459236336,1,42.78,Beauty,0,20.959328859060403
U_05617,Free,East,-42,8,0,3,0.0,35.4,5.656206896551724,5.13,11.586206896551724,-0.024999999999999918,1,35.4,Electronics,0,430.7
U_05618,Pro,West,-75,86,0,0,0.0,66.09,6.0528571428571425,0.0,13.285714285714286,-0.3000000000000006,1,66.09,Grocery,0,804.0950000000001
U_05619,Free,East,799,2,2,5,0.0,12.88,9.419285714285715,11.86,18.428571428571427,-0.0035087719298246022,1,12.88,Electronics,0,5.883854818523154
U_05620,Free,West,588,0,3,6,36.81,36.81,6.364999999999999,5.846666666666668,13.666666666666666,0.041958041958042015,1,36.81,Electronics,0,22.849744897959184
U_05621,Free,West,763,106,0,0,0.0,0.0,3.735,0.0,6.5,-4.8374234447508063e-17,0,0.0,None,1,0.0
U_05622,Pro,East,583,12,0,4,0.0,514.46,9.26952380952381,8.54,18.857142857142858,-0.1071428571428571,7,73.49428571428572,Toys,0,322.08902229845626
U_05623,Enterprise,West,761,12,0,1,55.25,55.25,2.9,2.31,5.75,-2.0083673326242142e-16,1,55.25,Fashion,1,26.499671484888307
U_05624,Free,North,331,12,0,2,0.0,16.26,6.485416666666667,8.48,15.083333333333334,-0.007142857142857168,1,16.26,Sports,0,17.93021148036254
U_05625,Pro,East,586,12,0,2,101.26,262.31,6.584117647058824,11.75,15.294117647058824,-0.04615384615384621,5,52.462,Books,0,163.38421501706486
U_05626,Pro,South,533,95,0,0,0.0,103.5,5.7666666666666675,0.0,11.88888888888889,-0.10000000000000035,2,51.75,Grocery,1,70.87711069418387
U_05627,Free,West,361,76,0,0,0.0,26.46,1.9233333333333331,0.0,4.0,1.0276789547548596e-16,2,13.23,Books,1,26.753185595567867
U_05628,Pro,South,456,60,0,0,0.0,0.0,1.4616666666666667,0.0,4.0,7.951207131982424e-18,0,0.0,None,1,0.0
U_05629,Pro,North,12,6,1,6,0.0,86.82,4.311249999999999,3.925,9.75,-0.06293706293706296,1,86.82,Fashion,0,1056.31
U_05630,Pro,East,82,2,1,4,59.49,267.23,8.61103448275862,11.940000000000001,18.689655172413794,-0.05469556243550048,2,133.615,Fashion,0,1189.4993902439026
U_05631,Pro,North,731,17,0,3,0.0,0.0,5.457058823529412,0.0,12.176470588235293,0.027472527472527555,0,0.0,None,1,0.0
U_05632,Free,West,614,109,0,0,0.0,13.78,2.856666666666667,0.0,6.0,1.0276789547548596e-16,1,13.78,Fashion,1,8.191693811074918
U_05633,Free,North,844,28,0,1,8.41,16.810000000000002,8.516842105263157,0.0,19.0,0.010489510489510549,2,8.405000000000001,Beauty,1,7.269727488151659
U_05634,Pro,East,501,38,0,0,0.0,0.0,2.62,0.0,5.166666666666667,7.951207131982424e-18,0,0.0,None,0,0.0
U_05635,Free,North,737,999,0,0,0.0,0.0,0.0,0.0,0.0,0.0,0,0.0,None,1,0.0
U_05636,Pro,East,109,5,1,1,61.08,891.1,5.867692307692309,8.6,13.153846153846153,-0.09999999999999991,8,111.3875,Beauty,0,2983.9587155963304
U_05637,Free,South,21,1,1,9,0.0,78.36,7.320384615384616,6.795,15.23076923076923,0.019607843137254874,2,39.18,Grocery,0,953.38
U_05638,Enterprise,East,-209,0,4,8,0.0,755.3100000000001,10.327142857142857,11.838333333333333,23.035714285714285,0.04561403508771931,8,94.41375000000001,Toys,0,7040.131324358977
U_05639,Free,South,630,0,1,3,0.0,64.91,4.710555555555555,3.2199999999999998,10.61111111111111,-0.020979020979020963,2,32.455,Grocery,0,37.606587301587304
U_05640,Free,East,813,48,0,0,0.0,25.13,4.315555555555556,0.0,10.11111111111111,0.03571428571428578,1,25.13,Fashion,1,11.282226322263222
U_05641,Free,South,46,53,0,0,20.42,20.42,2.9128571428571424,0.0,6.285714285714286,0.08571428571428573,1,20.42,Home,1,162.02826086956523
U_05642,Free,East,414,16,0,1,0.0,0.0,9.719375,0.0,21.125,-0.03496503496503489,0,0.0,None,0,0.0
U_05643,Free,East,-140,2,4,9,0.0,33.2,8.249166666666667,7.145714285714287,18.208333333333332,0.10549450549450545,1,33.2,Fashion,0,403.93333333333334
U_05644,Free,West,434,4,1,5,0.0,0.0,9.1248,8.863333333333333,20.32,-0.0073529411764705925,0,0.0,None,0,0.0
U_05645,Pro,South,519,96,0,0,20.64,44.46,9.186153846153845,0.0,20.76923076923077,0.01190476190476203,2,22.23,Books,1,31.26763005780347
U_05646,Pro,North,775,59,0,0,0.0,0.0,6.8237499999999995,0.0,15.0,6.729156486047637e-17,0,0.0,None,1,0.0
U_05647,Pro,North,-158,18,0,1,0.0,135.23,4.351764705882353,0.0,9.470588235294118,-0.07878787878787874,3,45.07666666666666,Sports,0,1645.2983333333332
U_05648,Pro,West,307,0,1,3,186.66,186.66,3.444999999999999,1.41,8.5,-0.09999999999999992,3,62.22,Beauty,0,221.92475570032573
U_05649,Pro,West,383,10,0,2,0.0,242.79999999999998,8.013,8.35,14.8,0.0714285714285715,2,121.39999999999999,Sports,0,231.3890339425587
U_05650,Pro,East,387,5,1,5,49.29,545.38,8.536315789473685,9.79,17.789473684210527,-0.010989010989010973,5,109.076,Beauty,0,514.3764857881137
U_05651,Pro,East,33,76,0,0,0.0,215.92000000000002,8.794374999999999,0.0,19.375,-0.1181818181818181,3,71.97333333333334,Books,0,2388.206060606061
U_05652,Free,South,-33,7,0,3,0.0,6.31,6.593076923076923,6.5,14.153846153846153,-0.05952380952380938,1,6.31,Home,0,76.77166666666666
U_05653,Free,West,345,2,2,4,28.01,28.01,8.912758620689656,8.32,19.75862068965517,0.03186274509803922,1,28.01,Fashion,0,29.633768115942033
U_05654,Free,South,663,0,2,5,11.61,86.48,8.773793103448275,9.58,19.17241379310345,-0.00735294117647052,3,28.826666666666668,Sports,0,47.609653092006035
U_05655,Free,North,419,71,0,0,0.0,0.0,4.259999999999999,0.0,9.666666666666666,0.0999999999999999,0,0.0,None,1,0.0
U_05656,Free,East,-98,91,0,0,0.0,0.0,5.084,0.0,12.4,0.29999999999999977,0,0.0,None,1,0.0
U_05657,Enterprise,East,418,51,0,0,0.0,407.69,6.2143749999999995,0.0,13.625,0.14545454545454542,4,101.9225,Home,1,355.99724880382774
U_05658,Pro,East,148,56,0,0,0.0,39.24,5.9350000000000005,0.0,11.8,-0.34285714285714275,1,39.24,Sports,1,96.77432432432433
U_05659,Free,North,256,68,0,0,0.0,46.63,5.867999999999999,0.0,12.2,7.520288333189474e-17,1,46.63,Home,1,66.4841796875
U_05660,Pro,East,361,15,0,3,0.0,48.18,5.488181818181818,0.0,11.909090909090908,-0.042424242424242364,2,24.09,Books,1,48.71385041551247
U_05661,Free,West,240,93,0,0,0.0,0.0,6.893846153846155,0.0,15.0,0.07142857142857148,0,0.0,None,1,0.0
U_05662,Enterprise,West,591,39,0,0,38.76,343.8,5.752000000000001,0.0,10.6,-0.04999999999999998,6,57.300000000000004,Beauty,1,212.3299492385787
U_05663,Free,South,258,13,0,1,0.0,39.25,6.159411764705883,2.37,14.117647058823529,0.02417582417582415,2,19.625,Fashion,1,55.5281007751938
U_05664,Enterprise,East,-69,33,0,0,0.0,0.0,1.835,0.0,4.0,-7.850462293418875e-17,0,0.0,None,1,0.0
U_05665,Pro,West,767,76,0,0,0.0,235.73000000000002,9.190000000000001,0.0,20.0,0.0833333333333334,3,78.57666666666667,Beauty,0,112.1792046936115
U_05666,Free,South,459,8,0,5,0.0,56.01,3.418461538461538,0.75,7.6923076923076925,0.06666666666666672,2,28.005,Beauty,0,44.53954248366013
U_05667,Free,North,-86,76,0,0,0.0,19.56,8.126,0.0,18.6,-1.0507920739455759e-16,1,19.56,Fashion,0,237.97999999999996
U_05668,Pro,East,-190,69,0,0,0.0,119.42,6.80375,0.0,12.625,-0.07142857142857137,1,119.42,Books,0,1452.9433333333334
U_05669,Free,North,838,68,0,0,0.0,0.0,4.072000000000001,0.0,9.2,9.503933725077675e-17,0,0.0,None,1,0.0
U_05670,Free,South,184,16,0,2,64.15,64.15,8.331428571428571,0.0,18.714285714285715,-0.013986013986013972,1,64.15,Beauty,0,127.25407608695654
U_05671,Pro,East,179,7,0,3,89.45,608.94,9.851052631578948,4.99,21.210526315789473,-0.07142857142857123,5,121.78800000000001,Fashion,0,1241.6932960893855
U_05672,Pro,South,-46,11,0,5,154.72,376.85,8.42590909090909,8.36,18.045454545454547,0.050000000000000024,6,62.80833333333334,Sports,0,4585.008333333333
U_05673,Pro,West,351,62,0,0,0.0,0.0,2.9388888888888887,0.0,7.444444444444445,0.011904761904761946,0,0.0,None,1,0.0
U_05674,Free,South,713,106,0,0,0.0,0.0,1.815,0.0,3.5,-7.850462293418875e-17,0,0.0,None,1,0.0
U_05675,Free,West,532,91,0,0,0.0,0.0,1.5799999999999998,0.0,3.0,-1.0507920739455759e-16,0,0.0,None,1,0.0
U_05676,Enterprise,East,93,31,0,0,0.0,356.84000000000003,6.804545454545454,0.0,14.090909090909092,-0.31428571428571433,2,178.42000000000002,Fashion,1,1400.5010752688174
U_05677,Pro,North,76,97,0,0,0.0,40.7,5.322500000000001,0.0,9.75,-2.0083673326242142e-16,1,40.7,Home,1,195.46710526315792
U_05678,Pro,West,634,0,3,7,0.0,149.66,9.83047619047619,11.116666666666667,21.0,0.03846153846153842,3,49.88666666666666,Fashion,0,86.16072555205047
U_05679,Pro,South,167,35,0,0,0.0,194.9,3.305,0.0,6.0,6.729156486047637e-17,2,97.45,Books,1,425.9790419161677
U_05680,Pro,North,152,8,0,5,79.23,202.32999999999998,6.913846153846153,7.72,14.73076923076923,0.07500000000000004,3,67.44333333333333,Sports,0,485.8582236842105
U_05681,Pro,South,151,3,1,3,107.05,107.05,5.637,8.44,12.55,-0.02637362637362642,2,53.525,Sports,0,258.7632450331126
U_05682,Pro,East,829,0,1,6,14.99,308.13,8.6904,7.593333333333334,18.76,0.01960784313725493,6,51.355,Beauty,0,135.66640530759952
U_05683,Pro,East,382,4,1,4,0.0,142.54999999999998,3.7854545454545447,1.48,9.363636363636363,0.09999999999999999,2,71.27499999999999,Toys,1,136.20615183246073
U_05684,Pro,South,506,27,0,2,0.0,196.1,3.497777777777778,0.0,6.666666666666667,0.011904761904761946,4,49.025,Electronics,0,141.45553359683794
U_05685,Pro,East,216,6,1,3,12.26,37.62,9.631739130434783,5.29,22.26086956521739,-0.07857142857142849,2,18.81,Books,0,63.57083333333333
U_05686,Free,North,494,20,0,1,0.0,0.0,3.18,0.0,5.9,0.016666666666666694,0,0.0,None,1,0.0
U_05687,Free,North,716,100,0,0,0.0,0.0,5.7275,0.0,10.5,-2.0083673326242142e-16,0,0.0,None,1,0.0
U_05688,Free,North,138,106,0,0,0.0,0.0,5.535,0.0,12.166666666666666,0.19999999999999984,0,0.0,None,1,0.0
U_05689,Free,South,547,60,0,0,0.0,0.0,4.948333333333333,0.0,10.333333333333334,7.951207131982424e-18,0,0.0,None,1,0.0
U_05690,Free,South,10,83,0,0,0.0,16.63,4.317777777777778,0.0,10.222222222222221,0.011904761904761946,1,16.63,Home,1,202.33166666666668
U_05691,Free,West,527,2,2,5,62.39,98.85,9.731111111111112,11.036666666666667,22.85185185185185,-0.03431372549019602,2,49.425,Beauty,0,68.46347248576849
U_05692,Pro,South,271,94,0,0,0.0,153.97,3.996,0.0,9.0,-1.0507920739455759e-16,2,76.985,Beauty,1,207.37656826568264
U_05693,Free,North,-9,106,0,0,0.0,8.27,2.83,0.0,4.0,0.0,1,8.27,Fashion,0,100.61833333333334
U_05694,Pro,East,729,33,0,0,0.0,94.65,8.0775,0.0,17.916666666666668,-0.06060606060606056,2,47.325,Beauty,1,47.38991769547325
U_05695,Free,West,73,2,2,5,0.0,110.28999999999999,9.278275862068964,9.504999999999999,20.0,-0.054945054945055034,3,36.76333333333333,Toys,0,551.45
U_05696,Free,North,780,6,1,2,0.0,10.05,6.831999999999999,6.17,14.75,0.017857142857142825,1,10.05,Fashion,0,4.702884615384615
U_05697,Free,North,-146,2,3,5,41.85,58.95,9.257083333333334,8.118,20.208333333333332,-0.003571428571428575,2,29.475,Grocery,0,717.225
U_05698,Free,West,826,25,0,3,0.0,17.31,7.303684210526315,0.0,16.57894736842105,-0.018181818181818115,1,17.31,Grocery,1,7.64909200968523
U_05699,Enterprise,North,81,117,0,0,0.0,0.0,2.6466666666666665,0.0,5.333333333333333,0.9999999999999998,0,0.0,None,1,0.0
U_05700,Pro,East,459,16,0,3,15.38,86.27,8.631153846153847,0.0,18.96153846153846,-0.09090909090909084,4,21.5675,Books,0,68.60250544662308
U_05701,Free,South,661,9,0,5,0.0,0.0,10.52586206896552,9.565000000000001,23.06896551724138,0.03676470588235299,0,0.0,None,0,0.0
U_05702,Free,South,431,34,0,0,0.0,34.45,3.2575000000000003,0.0,7.5,-2.0083673326242142e-16,1,34.45,Toys,1,29.174593967517403
U_05703,Free,East,318,6,1,2,0.0,0.0,8.316,5.645,17.45,-0.035164835164835186,0,0.0,None,0,0.0
U_05704,Free,West,410,1,1,6,0.0,137.69,9.06125,11.76,19.03125,-0.03921568627450967,3,45.89666666666667,Toys,0,122.57768292682928
U_05705,Free,North,722,1,3,5,0.0,14.22,10.26375,9.964,22.625,0.01758241758241756,1,14.22,Grocery,0,7.188781163434903
U_05706,Enterprise,South,295,0,3,12,0.0,700.41,8.778529411764705,8.843333333333332,19.264705882352942,0.07223942208462332,8,87.55125,Sports,0,866.6089830508474
U_05707,Free,North,533,7,0,2,0.0,13.67,5.717894736842105,4.47,12.421052631578947,0.0545454545454546,1,13.67,Sports,0,9.361257035647279
U_05708,Free,South,-179,17,0,3,0.0,0.0,4.585,0.0,10.9,0.06666666666666664,0,0.0,None,1,0.0
U_05709,Pro,South,444,8,0,4,0.0,251.86,6.778571428571427,6.3,15.19047619047619,0.024175824175824166,5,50.372,Toys,0,207.0470720720721
U_05710,Pro,North,388,37,0,0,0.0,115.68,10.026,0.0,23.4,-0.13095238095238082,2,57.84,Toys,0,108.82268041237114
U_05711,Free,West,609,19,0,2,0.0,0.0,7.022500000000001,0.0,14.4,-0.004395604395604449,0,0.0,None,1,0.0
U_05712,Enterprise,West,-180,90,0,0,0.0,959.8100000000001,7.311428571428571,0.0,16.428571428571427,4.8870404991229254e-17,7,137.1157142857143,Home,1,7040.131324358977
U_05713,Free,East,509,72,0,0,57.17,57.17,6.370909090909092,0.0,14.818181818181818,-0.14285714285714285,1,57.17,Home,1,40.99616895874263
U_05714,Pro,North,164,8,0,1,0.0,77.61,6.6579999999999995,2.41,15.7,2.1519849465127225e-17,1,77.61,Grocery,1,172.7295731707317
U_05715,Pro,East,-35,61,0,0,0.0,155.16,3.606666666666667,0.0,9.0,-1.0,1,155.16,Toys,0,1887.78
U_05716,Pro,East,433,76,0,0,0.0,39.04,4.0280000000000005,0.0,7.9,-0.0952380952380951,1,39.04,Sports,1,32.90900692840646
U_05717,Free,West,47,6,1,4,10.72,28.46,5.562,7.0566666666666675,11.333333333333334,0.02747252747252751,2,14.23,Home,0,221.0191489361702
U_05718,Free,North,555,92,0,0,0.0,0.0,6.16090909090909,0.0,12.909090909090908,0.03571428571428578,0,0.0,None,1,0.0
U_05719,Free,East,736,7,0,5,0.0,36.54,11.756944444444445,17.42,25.63888888888889,-0.01954887218045116,1,36.54,Books,0,18.121059782608697
U_05720,Free,West,808,17,0,1,0.0,0.0,2.79,0.0,6.0,-2.0083673326242142e-16,0,0.0,None,1,0.0
U_05721,Free,West,374,12,0,3,0.0,52.7,5.091538461538462,8.53,10.76923076923077,0.010489510489510499,1,52.7,Electronics,0,51.43181818181819
U_05722,Free,North,-79,74,0,0,0.0,67.91,7.148888888888889,0.0,15.11111111111111,0.011904761904761946,3,22.636666666666667,Home,1,826.2383333333332
U_05723,Pro,West,636,10,0,5,107.74,217.04,9.301578947368421,4.76,19.05263157894737,0.0804195804195804,3,72.34666666666666,Toys,0,124.55911949685533
U_05724,Free,North,383,14,0,3,0.0,0.0,6.1552380952380945,0.0,13.904761904761905,0.03296703296703294,0,0.0,None,0,0.0
U_05725,Pro,East,39,25,0,1,0.0,20.42,3.6574999999999998,0.0,8.875,6.729156486047637e-17,1,20.42,Books,0,191.11025641025643
U_05726,Free,West,558,3,1,4,0.0,0.0,7.282105263157895,7.055,16.05263157894737,-0.0593406593406594,0,0.0,None,0,0.0
U_05727,Free,East,690,108,0,0,0.0,0.0,4.28,0.0,11.0,1.0276789547548596e-16,0,0.0,None,1,0.0
U_05728,Free,South,299,8,0,6,0.0,11.61,11.892424242424244,11.42,25.21212121212121,-0.003095975232198116,1,11.61,Home,0,14.172742474916387
U_05729,Free,North,399,6,1,4,0.0,0.0,8.49,6.52,20.1875,-0.021978021978022035,0,0.0,None,0,0.0
U_05730,Pro,North,-148,5,1,7,26.23,216.92,8.77076923076923,9.13,18.23076923076923,-0.007142857142857145,3,72.30666666666666,Toys,0,2639.193333333333
U_05731,Free,East,-104,14,0,4,0.0,81.72,9.951111111111109,0.0,21.25925925925926,0.033823529411764704,2,40.86,Electronics,0,994.2599999999999
U_05732,Pro,East,599,70,0,0,79.33,127.27,9.122142857142856,0.0,22.071428571428573,0.21428571428571433,2,63.635,Beauty,1,77.55183639398999
U_05733,Pro,North,255,81,0,0,0.0,0.0,4.504444444444443,0.0,8.0,-0.07142857142857131,0,0.0,None,1,0.0
U_05734,Free,South,409,18,0,3,0.0,0.0,4.662631578947367,0.0,10.31578947368421,-0.01648351648351642,0,0.0,None,0,0.0
U_05735,Free,West,816,63,0,0,0.0,31.53,2.968571428571429,0.0,6.857142857142857,0.14285714285714274,1,31.53,Electronics,1,14.103492647058825
U_05736,Free,North,379,9,0,4,44.42,88.74999999999999,5.467391304347825,6.365,11.565217391304348,-0.039705882352941126,4,22.187499999999996,Toys,0,85.47163588390501
U_05737,Pro,East,-124,8,0,5,153.03,216.60999999999999,8.37111111111111,9.43,18.25925925925926,0.02992776057791536,6,36.10166666666667,Electronics,0,2635.4216666666666
U_05738,Pro,East,530,18,0,2,0.0,0.0,2.7616666666666667,0.0,6.166666666666667,7.951207131982424e-18,0,0.0,None,0,0.0
U_05739,Pro,East,228,62,0,0,0.0,446.69,2.76125,0.0,5.375,-0.07142857142857137,4,111.6725,Sports,0,715.0958333333333
U_05740,Free,West,95,77,0,0,0.0,38.81,5.33,0.0,10.88888888888889,0.3142857142857142,1,38.81,Grocery,1,149.1121052631579
U_05741,Free,East,785,33,0,0,0.0,130.11,4.865,0.0,10.0,0.03571428571428574,2,65.055,Toys,0,60.49700636942676
U_05742,Pro,South,-133,2,1,4,16.12,561.04,9.11,9.07,20.608695652173914,-0.050549450549450564,6,93.50666666666666,Toys,0,6825.986666666666
U_05743,Pro,North,736,4,1,7,255.35,572.77,7.474074074074074,6.19,16.85185185185185,1.878366464303462e-17,6,95.46166666666666,Grocery,0,284.050339673913
U_05744,Pro,North,531,13,0,3,112.14,188.6,4.676666666666667,5.39,10.0,-0.048351648351648395,2,94.3,Books,0,129.6403013182674
U_05745,Pro,East,89,58,0,0,0.0,94.57,4.435,0.0,8.5,0.0999999999999999,2,47.285,Sports,1,387.84325842696626
U_05746,Free,South,832,7,0,3,0.0,0.0,8.44263157894737,7.34,20.36842105263158,-0.003571428571428522,0,0.0,None,0,0.0
U_05747,Free,North,452,49,0,0,0.0,91.42,3.4371428571428573,0.0,6.714285714285714,0.14285714285714274,2,45.71,Sports,1,73.82367256637168
U_05748,Pro,South,717,2,1,2,0.0,216.76999999999998,6.1108,1.03,13.6,-0.03921568627450973,4,54.192499999999995,Home,0,110.35013947001393
U_05749,Free,South,348,47,0,0,0.0,7.55,4.39,0.0,9.857142857142858,-0.1000000000000002,1,7.55,Fashion,0,7.91882183908046
U_05750,Free,North,836,98,0,0,0.0,0.0,1.5699999999999998,0.0,3.0,-7.850462293418875e-17,0,0.0,None,1,0.0
U_05751,Free,West,691,13,0,3,53.03,104.95,10.102272727272727,12.17,22.636363636363637,-0.10109890109890116,4,26.2375,Fashion,0,55.436685962373375
U_05752,Free,North,615,15,0,3,0.0,21.92,3.6250000000000004,0.0,7.916666666666667,0.11666666666666665,1,21.92,Books,1,13.009430894308945
U_05753,Pro,North,766,21,0,1,25.51,73.04,4.489999999999999,0.0,10.6,-0.12727272727272723,3,24.346666666666668,Fashion,1,34.803655352480426
U_05754,Enterprise,West,756,88,0,0,0.0,116.67,6.763333333333333,0.0,14.833333333333334,-0.4000000000000003,1,116.67,Grocery,1,56.328769841269846
U_05755,Free,West,645,121,0,0,0.0,0.0,3.2300000000000004,0.0,9.0,1.0276789547548596e-16,0,0.0,None,1,0.0
U_05756,Pro,North,301,10,0,3,44.96,171.72,2.3866666666666667,4.08,5.0,0.0999999999999999,3,57.24,Electronics,0,208.23189368770764
U_05757,Free,North,707,1,2,7,50.15,116.93,10.190689655172413,9.096666666666666,21.517241379310345,0.04850361197110425,4,29.2325,Toys,0,60.366973125884016
U_05758,Free,West,-23,54,0,0,0.0,0.0,4.071428571428571,0.0,7.142857142857143,4.8870404991229254e-17,0,0.0,None,1,0.0
U_05759,Free,North,408,32,0,0,0.0,73.00999999999999,3.38,0.0,6.888888888888889,-0.17857142857142852,2,36.504999999999995,Home,1,65.31531862745098
U_05760,Pro,South,584,40,0,0,0.0,312.21999999999997,4.337777777777778,0.0,8.88888888888889,-0.05952380952380944,4,78.05499999999999,Beauty,1,195.13749999999996
U_05761,Free,West,596,2,1,5,0.0,12.65,8.126785714285713,7.61,18.857142857142858,-0.07107843137254899,1,12.65,Beauty,0,7.747063758389261
U_05762,Enterprise,North,-42,49,0,0,0.0,1015.3099999999998,3.7677777777777774,0.0,8.555555555555555,0.059523809523809486,6,169.2183333333333,Toys,1,7040.131324358977
U_05763,Free,North,802,15,0,4,0.0,41.11,10.035517241379312,0.0,23.344827586206897,0.030882352941176448,1,41.11,Sports,0,18.709663341645886
U_05764,Free,North,61,5,1,5,0.0,39.27,7.623846153846154,9.276666666666666,15.0,-0.030303030303030255,2,19.635,Home,0,234.97622950819672
U_05765,Free,South,748,1,2,7,0.0,0.0,8.836363636363636,11.056666666666667,19.757575757575758,-0.01818181818181818,0,0.0,None,0,0.0
U_05766,Free,South,-154,1,1,7,0.0,89.66000000000001,7.9557692307692305,6.869999999999999,17.692307692307693,-0.0035714285714285943,2,44.830000000000005,Beauty,0,1090.8633333333335
U_05767,Free,East,417,22,0,4,0.0,11.48,6.731249999999999,0.0,15.625,0.16969696969696968,1,11.48,Beauty,0,10.0484412470024
U_05768,Pro,West,215,0,2,4,76.39999999999999,459.0199999999999,8.194583333333334,9.569999999999999,18.041666666666668,0.014285714285714315,7,65.57428571428571,Toys,0,779.2665116279069
U_05769,Free,South,-68,4,1,8,0.0,33.33,7.340000000000001,7.463333333333334,16.105263157894736,0.1503496503496504,1,33.33,Home,0,405.515
U_05770,Free,West,745,36,0,0,0.0,0.0,4.888000000000001,0.0,10.8,-0.057142857142857086,0,0.0,None,1,0.0
U_05771,Pro,South,784,3,2,6,35.26,77.28999999999999,10.362941176470589,10.17,23.764705882352942,0.004511278195488716,3,25.763333333333332,Fashion,0,35.983227040816324
U_05772,Pro,North,113,9,0,2,0.0,235.89,9.577333333333335,7.93,21.2,-0.0020639834881320956,3,78.63,Beauty,0,761.945575221239
U_05773,Pro,East,226,37,0,0,0.0,354.86,5.125714285714286,0.0,11.0,0.006993006993006983,5,70.97200000000001,Fashion,1,573.1146017699116
U_05774,Free,West,84,20,0,2,0.0,81.16,4.384666666666666,0.0,9.333333333333334,0.031468531468531465,2,40.58,Fashion,0,352.6595238095238
U_05775,Free,South,556,69,0,0,0.0,48.32,5.8825,0.0,11.125,-0.17142857142857149,1,48.32,Fashion,0,31.720863309352517
U_05776,Free,North,323,6,1,7,30.14,102.59,9.277222222222225,6.985,20.444444444444443,-0.04747162022703815,2,51.295,Fashion,0,115.9298761609907
U_05777,Free,South,654,87,0,0,0.0,33.42,2.75,0.0,6.0,-8.498442808297854e-17,1,33.42,Toys,1,18.65183486238532
U_05778,Enterprise,West,387,15,0,2,0.0,270.29999999999995,4.382727272727272,0.0,10.0,-0.033333333333333305,2,135.14999999999998,Beauty,1,254.93410852713174
U_05779,Pro,South,552,14,0,5,0.0,698.48,10.4353125,0.0,22.15625,0.03529411764705881,8,87.31,Grocery,0,461.85724637681164
U_05780,Pro,South,228,6,1,1,0.0,0.0,1.355,0.09,2.5,-8.498442808297854e-17,0,0.0,None,0,0.0
U_05781,Pro,North,534,3,1,5,50.37,516.5,7.673214285714286,10.004999999999999,17.285714285714285,-0.01651186790505676,9,57.388888888888886,Grocery,0,353.0383895131086
U_05782,Pro,North,560,2,2,5,0.0,45.8,4.890000000000001,5.993333333333333,11.368421052631579,0.015384615384615344,1,45.8,Books,0,29.85178571428571
U_05783,Enterprise,East,168,37,0,0,0.0,331.84000000000003,6.386363636363637,0.0,13.090909090909092,0.01666666666666676,3,110.61333333333334,Books,1,720.9619047619049
U_05784,Free,East,761,3,1,5,0.0,0.0,4.687272727272727,6.585,9.818181818181818,0.030303030303030287,0,0.0,None,1,0.0
U_05785,Pro,East,-2,2,1,4,0.0,422.86999999999995,9.4352,6.29,20.88,0.01547987616099074,6,70.47833333333332,Books,0,5144.918333333332
U_05786,Free,North,324,0,1,3,0.0,0.0,3.165,2.1799999999999997,6.6,0.05000000000000002,0,0.0,None,0,0.0
U_05787,Free,East,609,46,0,0,0.0,67.84,6.3792857142857144,0.0,13.928571428571429,-0.054545454545454564,2,33.92,Beauty,1,40.659441707717576
U_05788,Free,South,730,8,0,1,0.0,0.0,8.624736842105264,3.88,19.526315789473685,0.027472527472527535,0,0.0,None,1,0.0
U_05789,Free,South,310,29,0,1,0.0,11.92,6.6161111111111115,0.0,14.555555555555555,-0.2,1,11.92,Beauty,1,14.034838709677418
U_05790,Free,South,315,11,0,1,0.0,0.0,3.2100000000000004,0.82,5.714285714285714,0.02857142857142864,0,0.0,None,1,0.0
U_05791,Free,North,86,120,0,0,0.0,15.59,2.915,0.0,6.5,-7.850462293418875e-17,1,15.59,Fashion,1,66.16686046511627
U_05792,Free,North,454,19,0,3,0.0,105.69999999999999,7.839032258064516,0.0,17.258064516129032,-0.09285714285714276,2,52.849999999999994,Electronics,0,84.97907488986783
U_05793,Pro,West,413,4,1,8,304.08,522.12,10.832727272727274,10.635,24.727272727272727,0.05392156862745097,7,74.58857142857143,Home,0,461.4377723970944
U_05794,Enterprise,West,-99,13,0,1,0.0,692.41,4.73125,5.41,12.0,6.729156486047637e-17,5,138.482,Books,0,7040.131324358977
U_05795,Free,North,561,82,0,0,0.0,0.0,3.7225,0.0,7.25,-0.057142857142857134,0,0.0,None,1,0.0
U_05796,Pro,East,-193,86,0,0,0.0,8.3,3.992,0.0,8.0,-1.0507920739455759e-16,1,8.3,Sports,0,100.98333333333333
U_05797,Free,West,-99,3,1,1,0.0,0.0,3.31,1.22,6.5,-7.850462293418875e-17,0,0.0,None,1,0.0
U_05798,Free,South,-203,53,0,0,0.0,0.0,4.995,0.0,10.375,2.3337719308200445e-18,0,0.0,None,0,0.0
U_05799,Pro,East,-153,3,1,2,44.09,352.96000000000004,7.811666666666666,5.5,16.333333333333332,0.027272727272727323,5,70.59200000000001,Sports,0,4294.346666666667
U_05800,Pro,East,578,0,2,4,0.0,153.61,7.384375,7.933333333333333,15.375,0.017582417582417593,3,51.20333333333334,Sports,0,97.00285467128029
U_05801,Pro,North,-16,1,2,5,0.0,291.76000000000005,6.6742857142857135,5.263333333333333,14.214285714285714,-0.0727272727272728,5,58.35200000000001,Beauty,0,3549.7466666666674
U_05802,Pro,North,200,46,0,0,0.0,108.69,7.506666666666667,0.0,18.4,-0.030303030303030293,2,54.345,Books,0,198.35925
U_05803,Free,North,635,1,1,2,0.0,0.0,6.483,3.36,12.9,-0.14285714285714277,0,0.0,None,1,0.0
U_05804,Free,West,-211,97,0,0,0.0,0.0,3.245,0.0,5.25,-8.498442808297854e-17,0,0.0,None,1,0.0
U_05805,Free,West,162,0,1,1,0.0,62.879999999999995,4.524285714285714,5.28,9.857142857142858,0.04195804195804198,2,31.439999999999998,Grocery,0,141.67407407407407
U_05806,Free,East,-11,38,0,0,0.0,22.49,6.119230769230769,0.0,13.23076923076923,0.1833333333333333,1,22.49,Books,0,273.62833333333333
U_05807,Pro,East,258,65,0,0,0.0,27.28,4.048571428571428,0.0,6.428571428571429,-0.08571428571428566,1,27.28,Fashion,1,38.59379844961241
U_05808,Free,South,768,6,1,6,17.39,17.39,7.847499999999999,9.49,16.5,0.0979020979020979,1,17.39,Toys,0,8.264778645833333
U_05809,Pro,East,-68,2,2,7,0.0,269.58000000000004,10.643529411764703,11.903333333333334,22.705882352941178,-0.010526315789473674,4,67.39500000000001,Home,0,3279.8900000000003
U_05810,Free,South,665,53,0,0,0.0,68.18,3.8318181818181816,0.0,7.7272727272727275,-0.1071428571428569,1,68.18,Toys,0,37.422105263157896
U_05811,Free,West,576,0,2,7,0.0,71.57000000000001,8.73125,8.253333333333334,19.09375,5.055635840479308e-18,3,23.85666666666667,Electronics,0,45.35251736111111
U_05812,Pro,North,196,47,0,0,0.0,168.69,5.057777777777777,0.0,10.333333333333334,-0.05952380952380944,2,84.345,Beauty,1,314.1420918367347
U_05813,Free,West,646,2,1,8,27.87,70.65,9.884814814814815,13.043333333333335,21.185185185185187,0.007352941176470635,3,23.55,Grocery,0,39.91834365325078
U_05814,Free,East,359,70,0,0,0.0,21.28,5.178,0.0,12.1,0.1785714285714286,1,21.28,Electronics,1,21.63565459610028
U_05815,Free,North,92,19,0,1,0.0,144.53,6.2907692307692304,0.0,15.307692307692308,-0.04242424242424249,3,48.17666666666667,Fashion,0,573.4070652173913
U_05816,Pro,South,750,41,0,0,0.0,115.63,10.285454545454545,0.0,20.181818181818183,0.08333333333333337,3,38.54333333333333,Grocery,0,56.273266666666665
U_05817,Enterprise,West,148,102,0,0,0.0,270.84000000000003,5.916666666666667,0.0,11.0,7.951207131982424e-18,3,90.28000000000002,Fashion,1,667.9500000000002
U_05818,Enterprise,South,741,38,0,0,0.0,0.0,4.226,0.0,9.466666666666667,0.016666666666666583,0,0.0,None,1,0.0
U_05819,Free,West,345,0,1,5,0.0,15.4,7.3066666666666675,3.2833333333333337,15.714285714285714,-0.04264705882352938,1,15.4,Grocery,1,16.292753623188403
U_05820,Free,East,160,5,1,6,28.04,47.03,8.00608695652174,7.615,17.782608695652176,-0.0035714285714285553,2,23.515,Books,0,107.2871875
U_05821,Pro,West,120,1,2,6,159.56,324.72,7.8342307692307696,6.6725,18.423076923076923,0.05357142857142858,3,108.24000000000001,Home,0,987.6900000000002
U_05822,Free,North,807,5,1,4,16.75,168.16,11.070357142857143,7.053333333333334,23.571428571428573,0.014705882352941223,6,28.026666666666667,Electronics,0,76.05749690210656
U_05823,Pro,North,649,112,0,0,0.0,31.79,0.3,0.0,1.0,-7.850462293418875e-17,1,31.79,Home,1,17.878813559322033
U_05824,Pro,North,-171,96,0,0,0.0,426.75,6.73875,0.0,14.125,-0.10000000000000009,4,106.6875,Toys,1,5192.125
U_05825,Free,South,436,1,1,3,0.0,21.82,3.073076923076923,0.3,6.6923076923076925,-0.0363636363636364,2,10.91,Fashion,0,18.266743119266053
U_05826,Free,South,400,8,0,4,0.0,84.91,8.112608695652174,10.0,19.08695652173913,0.010294117647058862,1,84.91,Beauty,0,77.480375
U_05827,Enterprise,East,453,20,0,2,138.17,1118.47,10.781538461538464,0.0,22.46153846153846,-0.06593406593406581,9,124.27444444444444,Grocery,0,901.1954746136867
U_05828,Free,West,110,91,0,0,0.0,19.67,4.773333333333333,0.0,8.666666666666666,1.0276789547548596e-16,1,19.67,Books,1,65.26863636363636
U_05829,Free,West,63,10,0,1,0.0,87.77,4.218,4.47,9.5,1.6054209807821413e-17,2,43.885,Beauty,1,508.50873015873015
U_05830,Pro,South,159,62,0,0,0.0,13.41,4.112857142857143,0.0,10.142857142857142,0.02857142857142864,1,13.41,Fashion,1,30.783962264150944
U_05831,Pro,East,424,6,1,5,45.75,80.52000000000001,4.705882352941177,6.859999999999999,10.764705882352942,0.01071428571428574,3,26.840000000000003,Grocery,0,69.31556603773586
U_05832,Free,East,245,0,1,1,0.0,0.0,7.999999999999998,2.46,17.555555555555557,6.633138920230202e-17,0,0.0,None,1,0.0
U_05833,Pro,South,303,45,0,0,0.0,79.83,1.6066666666666665,0.0,3.0,1.0276789547548596e-16,1,79.83,Electronics,1,96.16485148514852
U_05834,Free,South,652,8,0,2,0.0,86.32,6.967857142857143,11.32,16.214285714285715,-0.020979020979021,2,43.16,Sports,0,48.323312883435584
U_05835,Free,West,-160,31,0,0,0.0,13.76,3.132,0.0,6.2,-1.0507920739455759e-16,1,13.76,Toys,1,167.41333333333333
U_05836,Free,North,-176,41,0,0,0.0,0.0,4.07,0.0,6.8,0.09999999999999981,0,0.0,None,0,0.0
U_05837,Pro,South,24,18,0,3,32.4,150.0,4.713571428571429,0.0,11.214285714285714,0.04848484848484847,3,50.0,Books,1,1825.0
U_05838,Pro,East,-206,28,0,1,0.0,269.8,3.0705263157894738,0.0,6.0,0.006593406593406504,4,67.45,Fashion,1,3282.566666666667
U_05839,Free,West,356,0,2,9,0.0,15.98,11.095172413793103,13.184999999999999,25.0,0.08359133126934984,1,15.98,Toys,0,16.383988764044943
U_05840,Free,West,-42,20,0,3,0.0,0.0,5.518571428571428,0.0,11.928571428571429,0.012121212121212145,0,0.0,None,1,0.0
U_05841,Pro,West,596,58,0,0,0.0,199.88,7.412000000000001,0.0,15.1,-0.03571428571428561,3,66.62666666666667,Toys,0,122.40973154362415
U_05842,Enterprise,North,61,9,0,4,238.44,1182.52,6.675,6.6,13.466666666666667,-0.03529411764705873,12,98.54333333333334,Books,0,7040.131324358977
U_05843,Free,West,90,39,0,0,0.0,35.38,2.9214285714285713,0.0,5.857142857142857,0.02857142857142864,1,35.38,Fashion,1,143.48555555555555
U_05844,Free,North,-148,3,1,7,0.0,62.339999999999996,7.107200000000001,6.176666666666667,16.4,0.01617647058823537,2,31.169999999999998,Grocery,0,758.4699999999999
U_05845,Pro,North,-36,0,1,3,63.65,224.39000000000001,8.265217391304347,11.91,17.391304347826086,0.01911764705882354,5,44.878,Sports,0,2730.078333333334
U_05846,Free,South,-85,26,0,1,0.0,75.97,5.858461538461539,0.0,10.692307692307692,-0.01818181818181818,3,25.323333333333334,Home,0,924.3016666666666
U_05847,Pro,North,567,7,0,2,0.0,0.0,1.7225,3.36,3.375,-0.1071428571428571,0,0.0,None,1,0.0
U_05848,Pro,South,13,91,0,0,0.0,0.0,3.3,0.0,6.4,-0.1000000000000001,0,0.0,None,1,0.0
U_05849,Free,East,346,10,0,3,0.0,64.97,10.537333333333335,11.54,21.933333333333334,-0.05882352941176462,2,32.485,Books,0,68.53771676300578
U_05850,Free,South,519,13,0,4,0.0,0.0,6.249999999999999,10.78,13.2,0.05494505494505495,0,0.0,None,0,0.0
U_05851,Enterprise,East,460,52,0,0,0.0,34.1,3.931428571428572,0.0,8.714285714285714,0.09999999999999998,1,34.1,Grocery,0,27.057608695652174
U_05852,Pro,West,1,3,1,5,54.16,718.54,7.889411764705883,9.29,19.11764705882353,-0.033333333333333194,5,143.708,Fashion,0,7040.131324358977
U_05853,Pro,South,-46,4,1,4,0.0,130.68,4.109999999999999,2.19,8.38888888888889,0.04395604395604394,2,65.34,Beauty,0,1589.94
U_05854,Free,West,-48,22,0,1,0.0,40.61,7.924761904761904,0.0,15.666666666666666,9.529423064752709e-17,2,20.305,Grocery,1,494.0883333333333
U_05855,Free,West,139,16,0,1,0.0,0.0,5.992105263157896,0.0,13.052631578947368,9.425295879498453e-17,0,0.0,None,1,0.0
U_05856,Pro,East,671,8,0,4,52.84,163.2,3.573076923076923,2.46,8.23076923076923,0.018181818181818216,2,81.6,Home,1,88.77496274217584
U_05857,Pro,South,687,8,0,1,0.0,156.68,2.61,2.83,6.0,-2.0083673326242142e-16,2,78.34,Toys,1,83.24337700145561
U_05858,Enterprise,West,247,0,1,4,53.4,1300.36,6.33421052631579,6.84,13.526315789473685,0.0014705882352941302,10,130.036,Beauty,0,1921.584615384615
U_05859,Pro,West,626,18,0,1,0.0,105.41,4.0775,0.0,8.125,-0.11428571428571437,2,52.705,Fashion,1,61.46110223642172
U_05860,Pro,South,494,27,0,2,75.11,184.01,7.180000000000001,0.0,15.31578947368421,0.05244755244755253,2,92.005,Fashion,0,135.95880566801617
U_05861,Free,West,743,35,0,0,0.0,0.0,1.812,0.0,4.6,0.29999999999999977,0,0.0,None,1,0.0
U_05862,Free,East,688,2,1,4,0.0,0.0,7.133333333333334,7.050000000000001,15.636363636363637,-0.05147058823529405,0,0.0,None,0,0.0
U_05863,Free,West,88,6,1,1,0.0,42.21,9.989285714285712,2.67,21.642857142857142,-0.1,1,42.21,Grocery,1,175.0755681818182
U_05864,Pro,West,614,5,1,3,0.0,392.59,5.697368421052632,7.92,11.894736842105264,-0.03571428571428569,6,65.43166666666666,Toys,0,233.38004885993482
U_05865,Pro,West,-51,4,1,6,44.22,353.5799999999999,8.171,6.3066666666666675,18.5,0.03302373581011351,4,88.39499999999998,Electronics,0,4301.889999999999
U_05866,Free,West,502,57,0,0,0.0,0.0,4.976,0.0,9.7,0.06666666666666664,0,0.0,None,1,0.0
U_05867,Pro,South,-52,49,0,0,0.0,221.5,3.7714285714285722,0.0,7.714285714285714,4.8870404991229254e-17,2,110.75,Books,0,2694.916666666667
U_05868,Free,North,530,8,0,2,9.73,32.44,5.786666666666666,9.75,12.666666666666666,-0.02424242424242419,2,16.22,Home,0,22.34075471698113
U_05869,Free,East,567,7,0,5,0.0,0.0,6.936,7.306666666666666,14.64,0.04558823529411768,0,0.0,None,0,0.0
U_05870,Enterprise,East,432,6,1,6,0.0,789.4000000000001,9.384444444444444,10.775,22.37037037037037,0.054411764705882396,8,98.67500000000001,Sports,0,666.9699074074075
U_05871,Enterprise,South,840,25,0,2,0.0,1035.48,7.062666666666667,0.0,15.733333333333333,0.010489510489510507,9,115.05333333333334,Sports,0,449.94071428571425
U_05872,Pro,North,388,2,1,6,0.0,148.21,10.511724137931033,9.376666666666667,24.379310344827587,-0.12967032967032974,2,74.105,Electronics,0,139.4243556701031
U_05873,Pro,East,448,55,0,0,0.0,48.14,7.188333333333333,0.0,17.166666666666668,-0.20000000000000015,1,48.14,Fashion,1,39.22120535714286
U_05874,Free,East,839,1,1,5,22.97,60.489999999999995,6.6957894736842105,6.603333333333334,15.473684210526315,0.003571428571428582,3,20.16333333333333,Sports,0,26.31567342073897
U_05875,Free,East,-66,0,3,5,13.18,13.18,8.402857142857142,10.43,18.80952380952381,0.05244755244755252,1,13.18,Books,0,160.35666666666665
U_05876,Pro,North,453,62,0,0,155.38,236.67000000000002,7.62,0.0,14.0,-0.15,2,118.33500000000001,Sports,0,190.69437086092717
U_05877,Free,South,852,66,0,0,0.0,0.0,0.9349999999999999,0.0,2.0,-7.850462293418875e-17,0,0.0,None,1,0.0
U_05878,Free,North,-171,0,1,5,46.739999999999995,158.51999999999998,10.779677419354838,9.9,23.129032258064516,-0.005263157894736842,5,31.703999999999997,Home,0,1928.6599999999999
U_05879,Enterprise,East,609,0,2,4,47.08,477.03999999999996,8.349545454545455,10.0275,18.09090909090909,0.060714285714285755,6,79.50666666666666,Books,0,285.9106732348111
U_05880,Free,West,583,2,1,1,0.0,0.0,3.523636363636364,1.29,7.090909090909091,-0.06666666666666657,0,0.0,None,1,0.0
U_05881,Pro,East,827,11,0,1,0.0,83.8,6.181666666666666,2.67,12.416666666666666,-0.34285714285714275,2,41.9,Electronics,0,36.98548972188633
U_05882,Free,North,746,4,1,3,0.0,39.08,2.9210000000000003,3.91,6.3,-0.06666666666666661,1,39.08,Home,1,19.12091152815013
U_05883,Free,North,96,66,0,0,0.0,29.92,3.7466666666666666,0.0,7.0,1.0276789547548596e-16,1,29.92,Electronics,1,113.75833333333334
U_05884,Free,East,232,5,2,4,0.0,31.35,7.350000000000001,5.1,15.714285714285714,-0.01978021978021982,1,31.35,Home,0,49.32219827586207
U_05885,Free,West,315,11,0,4,0.0,94.10000000000001,4.550714285714286,5.69,9.357142857142858,-0.06060606060606056,3,31.36666666666667,Home,0,109.03650793650795
U_05886,Enterprise,East,590,8,0,1,0.0,0.0,1.4542857142857142,0.77,3.4285714285714284,4.8870404991229254e-17,0,0.0,None,1,0.0
U_05887,Free,South,547,11,0,3,0.0,51.08,6.951666666666667,2.11,15.166666666666666,0.010989010989011047,2,25.54,Home,1,34.08446069469836
U_05888,Pro,West,-182,8,0,1,0.0,0.0,4.42,0.8,10.2,-1.0507920739455759e-16,0,0.0,None,0,0.0
U_05889,Pro,South,456,31,0,0,0.0,0.0,3.728,0.0,6.0,-1.0507920739455759e-16,0,0.0,None,1,0.0
U_05890,Free,East,-202,0,3,5,0.0,0.0,10.088387096774193,11.39,21.774193548387096,0.011278195488721804,0,0.0,None,0,0.0
U_05891,Free,West,-93,1,1,4,0.0,85.64,11.534411764705883,12.463333333333333,26.41176470588235,-0.012383900928792513,3,28.546666666666667,Beauty,0,1041.9533333333334
U_05892,Free,North,720,54,0,0,0.0,0.0,3.555,0.0,6.25,-8.498442808297854e-17,0,0.0,None,0,0.0
U_05893,Pro,East,-52,0,2,4,185.83,205.37,6.463125,6.720000000000001,12.875,0.11188811188811187,4,51.3425,Grocery,0,2498.6683333333335
U_05894,Pro,East,830,90,0,0,0.0,75.78,4.1,0.0,7.857142857142857,-6.783020765448988e-17,1,75.78,Home,1,33.32493975903615
U_05895,Pro,East,95,10,0,1,145.45,273.22,4.44,3.66,9.363636363636363,-0.03333333333333332,4,68.305,Home,1,1049.74
U_05896,Free,North,-11,3,1,5,7.16,7.16,9.347916666666666,8.715,20.083333333333332,-0.006191950464396249,1,7.16,Grocery,0,87.11333333333333
U_05897,Free,South,111,17,0,1,0.0,0.0,2.514285714285714,0.0,5.142857142857143,-0.10000000000000024,0,0.0,None,0,0.0
U_05898,Pro,South,266,67,0,0,131.15,167.74,2.275555555555555,0.0,4.555555555555555,0.03571428571428572,2,83.87,Electronics,1,230.16954887218046
U_05899,Free,North,-14,58,0,0,46.51,46.51,5.130999999999999,0.0,9.6,-0.04761904761904744,1,46.51,Electronics,1,565.8716666666667
U_05900,Free,South,688,11,0,3,0.0,62.56,6.958947368421053,8.34,13.68421052631579,-0.03296703296703298,2,31.28,Fashion,0,33.18953488372093
U_05901,Pro,East,277,1,2,4,0.0,89.81,10.580869565217393,7.183333333333333,23.91304347826087,-0.028571428571428643,2,44.905,Beauty,0,118.34169675090253
U_05902,Free,East,569,4,1,1,0.0,0.0,2.21,2.2,3.6,-1.0507920739455759e-16,0,0.0,None,0,0.0
U_05903,Free,West,427,0,2,6,27.42,46.94,5.919090909090909,4.966666666666667,12.636363636363637,-3.183694518937284e-17,3,15.646666666666667,Books,0,40.124355971896954
U_05904,Pro,South,649,69,0,0,0.0,35.81,4.635000000000001,0.0,10.333333333333334,-0.20000000000000015,1,35.81,Beauty,1,20.13967642526965
U_05905,Pro,West,97,39,0,0,0.0,0.0,5.984166666666667,0.0,12.5,-0.02380952380952374,0,0.0,None,1,0.0
U_05906,Free,East,242,23,0,1,28.88,28.88,1.665,0.0,3.0,0.03571428571428577,2,14.44,Toys,1,43.558677685950414
U_05907,Free,South,22,15,0,3,0.0,0.0,3.7994736842105254,0.0,8.157894736842104,0.03736263736263737,0,0.0,None,1,0.0
U_05908,Enterprise,West,183,4,1,2,72.08,327.04999999999995,3.043,2.28,7.0,-0.04761904761904744,4,81.76249999999999,Sports,0,652.3128415300546
U_05909,Free,North,214,22,0,3,0.0,23.22,8.165652173913045,0.0,18.26086956521739,0.17132867132867138,1,23.22,Books,0,39.604205607476636
U_05910,Free,West,-130,3,1,4,0.0,105.11,6.983888888888889,5.315,16.444444444444443,-0.027472527472527458,4,26.2775,Fashion,0,1278.8383333333334
U_05911,Free,North,-14,23,0,3,0.0,0.0,7.216818181818183,0.0,16.454545454545453,0.03516483516483515,0,0.0,None,1,0.0
U_05912,Pro,West,248,1,3,7,0.0,41.78,7.3175,4.949999999999999,16.45,0.1454545454545455,2,20.89,Books,0,61.49072580645162
U_05913,Enterprise,North,505,1,2,5,324.07000000000005,554.73,8.606538461538461,10.29,18.76923076923077,0.03302373581011355,8,69.34125,Home,0,400.9434653465347
U_05914,Free,South,-137,27,0,1,24.4,52.43,4.232857142857143,0.0,9.0,-0.04545454545454551,2,26.215,Electronics,0,637.8983333333333
U_05915,Free,South,457,18,0,1,0.0,0.0,4.667142857142857,0.0,10.714285714285714,-0.028571428571428543,0,0.0,None,0,0.0
U_05916,Pro,West,744,24,0,1,0.0,201.17000000000002,8.316666666666666,0.0,18.666666666666668,0.05000000000000005,3,67.05666666666667,Toys,1,98.69227150537634
U_05917,Free,North,497,43,0,0,0.0,14.54,7.428999999999999,0.0,17.0,0.1666666666666667,1,14.54,Home,1,10.678269617706237
U_05918,Enterprise,South,99,0,3,6,0.0,751.8399999999999,7.607000000000001,10.816666666666668,15.5,0.07472527472527472,6,125.30666666666666,Beauty,0,2771.9353535353534
U_05919,Free,East,-140,12,0,1,0.0,0.0,7.713333333333332,1.7,15.25,-0.04848484848484841,0,0.0,None,0,0.0
U_05920,Free,East,164,2,3,5,0.0,148.88,7.410869565217392,7.203333333333333,15.173913043478262,-0.014285714285714277,4,37.22,Beauty,0,331.34878048780485
U_05921,Free,North,146,10,0,3,0.0,0.0,4.747647058823529,3.27,11.117647058823529,0.03736263736263734,0,0.0,None,0,0.0
U_05922,Free,East,-147,2,1,3,59.04,78.47,5.088461538461538,6.015000000000001,10.076923076923077,6.68616151811108e-17,2,39.235,Electronics,0,954.7183333333334
U_05923,Free,West,23,3,3,9,51.97,84.75,10.802195121951218,11.491666666666667,23.48780487804878,0.03233082706766915,3,28.25,Electronics,0,1031.125
U_05924,Enterprise,West,378,86,0,0,0.0,109.57,1.98,0.0,4.714285714285714,0.19999999999999996,1,109.57,Beauty,1,105.80171957671956
U_05925,Free,South,360,2,2,7,0.0,6.08,7.1339999999999995,7.05,15.6,-0.002450980392156811,1,6.08,Fashion,0,6.164444444444445
U_05926,Free,East,43,5,2,6,0.0,0.0,8.821470588235295,6.695,20.41176470588235,0.0041279669762642355,0,0.0,None,0,0.0
U_05927,Free,North,514,9,0,5,0.0,96.78999999999999,9.763636363636365,11.72,22.333333333333332,-0.050877192982456174,3,32.26333333333333,Beauty,0,68.73219844357976
U_05928,Free,South,735,101,0,0,0.0,16.62,0.32499999999999996,0.0,1.0,-7.850462293418875e-17,1,16.62,Home,1,8.253469387755104
U_05929,Free,East,192,34,0,0,0.0,26.77,8.351666666666665,0.0,21.333333333333332,7.951207131982424e-18,1,26.77,Sports,1,50.89088541666667
U_05930,Free,West,-10,49,0,0,0.0,114.5,3.3899999999999997,0.0,5.25,-2.0083673326242142e-16,2,57.25,Beauty,1,1393.0833333333335
U_05931,Pro,East,588,3,1,5,0.0,559.41,8.171363636363637,2.31,19.636363636363637,-0.04395604395604392,5,111.88199999999999,Sports,1,347.252806122449
U_05932,Pro,North,124,0,1,4,146.68,309.17,9.902962962962961,8.274999999999999,21.333333333333332,-0.021671826625386973,8,38.64625,Toys,0,910.0568548387098
U_05933,Free,West,-99,37,0,0,0.0,48.47,10.12913043478261,0.0,22.17391304347826,0.0035714285714286286,2,24.235,Electronics,1,589.7183333333332
U_05934,Pro,East,716,1,1,4,123.82999999999998,375.93,9.181904761904761,6.326666666666667,19.476190476190474,0.019117647058823562,6,62.655,Sports,0,191.6402932960894
U_05935,Free,East,708,10,0,4,0.0,43.85,5.889047619047618,3.245,12.571428571428571,0.0594405594405594,2,21.925,Grocery,0,22.606285310734464
U_05936,Pro,West,327,113,0,0,0.0,0.0,1.645,0.0,4.0,-2.0083673326242142e-16,0,0.0,None,0,0.0
U_05937,Free,East,496,67,0,0,0.0,11.11,0.3,0.0,1.0,-7.850462293418875e-17,1,11.11,Books,1,8.175705645161289
U_05938,Free,South,-160,25,0,3,25.62,48.400000000000006,4.594666666666666,0.0,9.466666666666667,0.09090909090909093,2,24.200000000000003,Electronics,0,588.8666666666667
U_05939,Enterprise,West,-210,4,1,1,0.0,13.77,5.684285714285715,3.64,12.142857142857142,4.8870404991229254e-17,1,13.77,Beauty,0,167.535
U_05940,Pro,West,377,12,0,2,0.0,65.72,1.3083333333333333,0.65,3.0,7.951207131982424e-18,1,65.72,Toys,1,63.628116710875325
U_05941,Pro,South,7,999,0,0,0.0,0.0,0.0,0.0,0.0,0.0,0,0.0,None,1,0.0
U_05942,Pro,South,179,1,2,4,0.0,30.19,4.851333333333333,3.41,11.533333333333333,0.08333333333333326,1,30.19,Sports,0,61.56061452513967
U_05943,Enterprise,South,668,52,0,0,116.58,492.09999999999997,5.348,0.0,11.0,0.22619047619047622,3,164.03333333333333,Books,1,268.88697604790417
U_05944,Free,North,-183,0,3,7,19.09,128.19,8.977083333333335,10.985000000000001,20.333333333333332,1.600946544069119e-17,5,25.637999999999998,Electronics,0,1559.645
U_05945,Free,North,666,29,0,1,0.0,18.79,4.845000000000001,0.0,11.5,0.03571428571428577,1,18.79,Grocery,1,10.297822822822821
U_05946,Pro,East,771,44,0,0,0.0,33.35,6.466,0.0,14.2,-0.03636363636363631,1,33.35,Fashion,1,15.788261997405966
U_05947,Free,West,370,12,0,4,41.95,67.56,8.32736842105263,8.98,17.526315789473685,0.07692307692307694,2,33.78,Fashion,1,66.64702702702702
U_05948,Pro,West,833,119,0,0,0.0,0.0,0.5700000000000001,0.0,1.0,0.0,0,0.0,None,1,0.0
U_05949,Free,North,340,1,3,8,64.07,113.96,9.800000000000002,8.0275,22.096774193548388,0.017543859649122834,3,37.986666666666665,Home,0,122.33941176470589
U_05950,Free,North,413,3,1,3,0.0,0.0,5.33625,3.275,10.6875,-0.13333333333333322,0,0.0,None,0,0.0
U_05951,Pro,East,-165,2,1,7,0.0,210.17999999999998,7.201666666666667,5.8549999999999995,14.541666666666666,-0.01785714285714281,3,70.05999999999999,Electronics,0,2557.1899999999996
U_05952,Pro,West,412,11,0,1,0.0,0.0,4.1770000000000005,3.25,8.7,6.363375692412363e-17,0,0.0,None,1,0.0
U_05953,Pro,North,-53,2,2,9,35.76,165.28,8.446451612903227,7.858,17.903225806451612,0.02417582417582415,2,82.64,Toys,0,2010.9066666666665
U_05954,Free,South,21,6,1,2,49.26,252.85999999999996,8.200689655172413,10.67,18.275862068965516,-0.05882352941176465,6,42.143333333333324,Fashion,0,3076.4633333333327
U_05955,Pro,East,228,49,0,0,0.0,38.6,2.191666666666667,0.0,5.166666666666667,0.5999999999999999,1,38.6,Books,0,61.79385964912281
U_05956,Free,South,599,36,0,0,0.0,26.91,7.465,0.0,16.38888888888889,-0.03636363636363629,1,26.91,Grocery,0,16.39757929883139
U_05957,Free,East,528,73,0,0,0.0,66.58,7.33,0.0,16.4,0.047619047619047665,1,66.58,Fashion,1,46.02594696969697
U_05958,Free,West,329,3,1,9,19.87,19.87,8.761153846153846,7.637499999999999,20.884615384615383,0.0612745098039216,1,19.87,Toys,0,22.04422492401216
U_05959,Free,West,431,6,1,5,0.0,18.83,7.9147058823529415,9.696666666666667,16.41176470588235,0.0909090909090909,1,18.83,Sports,0,15.946519721577724
U_05960,Free,West,164,86,0,0,0.0,0.0,4.90625,0.0,10.5,-0.4000000000000007,0,0.0,None,0,0.0
U_05961,Free,South,314,4,1,4,21.02,21.02,4.348999999999999,5.29,9.3,0.05000000000000002,1,21.02,Electronics,0,24.43407643312102
U_05962,Free,South,508,6,1,2,0.0,89.04,6.879166666666667,3.43,13.416666666666666,-0.04999999999999991,3,29.680000000000003,Fashion,0,63.97559055118111
U_05963,Free,East,206,7,0,3,56.48,67.36,4.149166666666667,6.31,9.0,0.048484848484848506,2,33.68,Beauty,0,119.35145631067961
U_05964,Free,South,-210,33,0,0,0.0,0.0,2.2266666666666666,0.0,4.0,1.0276789547548596e-16,0,0.0,None,0,0.0
U_05965,Pro,East,637,2,2,6,118.5,179.67000000000002,8.971,7.1850000000000005,19.0,0.06593406593406591,3,59.89000000000001,Beauty,0,102.9506279434851
U_05966,Pro,North,495,8,0,5,44.99,246.71000000000004,9.166071428571428,12.21,19.964285714285715,-0.06764705882352941,5,49.342000000000006,Beauty,1,181.91747474747476
U_05967,Pro,North,840,76,0,0,0.0,0.0,0.78,0.0,1.75,-2.0083673326242142e-16,0,0.0,None,1,0.0
U_05968,Pro,East,753,6,1,3,139.76,686.9200000000001,4.578666666666666,2.46,10.133333333333333,-0.06643356643356636,7,98.13142857142859,Beauty,0,332.9691899070385
U_05969,Free,South,793,10,0,4,0.0,0.0,4.638333333333333,5.145,9.5,0.01666666666666664,0,0.0,None,0,0.0
U_05970,Pro,North,402,44,0,0,0.0,300.07,6.001111111111111,0.0,13.333333333333334,-0.05952380952380944,3,100.02333333333333,Books,1,272.4516169154229
U_05971,Free,North,-39,7,0,2,0.0,0.0,6.143157894736842,2.5,13.105263157894736,0.06373626373626373,0,0.0,None,0,0.0
U_05972,Pro,East,109,7,0,6,125.19,551.3599999999999,10.38848484848485,12.16,22.545454545454547,0.05147058823529416,10,55.13599999999999,Grocery,0,1846.2972477064218
U_05973,Enterprise,West,-177,1,2,6,45.03,691.98,10.713235294117647,12.755,22.58823529411765,-0.0035087719298245485,7,98.85428571428572,Toys,0,7040.131324358977
U_05974,Free,East,-40,1,1,2,0.0,100.32,3.1140000000000003,0.6,7.3,0.03333333333333336,1,100.32,Home,0,1220.56
U_05975,Free,East,228,68,0,0,0.0,24.44,3.205714285714286,0.0,6.142857142857143,-0.028571428571428543,1,24.44,Home,1,39.12543859649123
U_05976,Free,South,234,30,0,0,0.0,12.73,7.417777777777778,0.0,17.22222222222222,-0.020979020979020945,1,12.73,Home,1,19.856623931623933
U_05977,Free,West,839,8,0,2,0.0,51.440000000000005,2.7760000000000007,2.13,5.0,-1.0507920739455759e-16,2,25.720000000000002,Books,0,22.37854588796186
U_05978,Free,South,444,32,0,0,0.0,0.0,2.9785714285714286,0.0,6.857142857142857,4.8870404991229254e-17,0,0.0,None,1,0.0
U_05979,Free,West,574,58,0,0,0.0,0.0,6.53090909090909,0.0,12.818181818181818,-0.059523809523809465,0,0.0,None,0,0.0
U_05980,Free,South,191,2,1,9,0.0,43.11,6.893333333333333,8.1425,14.972222222222221,0.02467532467532464,2,21.555,Electronics,0,82.38298429319372
U_05981,Free,North,783,7,0,8,37.82,114.93,5.987916666666667,2.06,13.875,0.1323529411764706,4,28.7325,Beauty,0,53.575287356321844
U_05982,Pro,West,274,34,0,0,0.0,39.38,5.0287500000000005,0.0,10.125,0.11428571428571427,1,39.38,Sports,0,52.4587591240876
U_05983,Pro,East,452,20,0,1,0.0,0.0,4.1611111111111105,0.0,7.888888888888889,-0.14285714285714288,0,0.0,None,1,0.0
U_05984,Free,West,328,6,1,3,0.0,65.19,5.886923076923077,7.77,12.692307692307692,-0.00909090909090901,1,65.19,Toys,0,72.54374999999999
U_05985,Enterprise,South,421,100,0,0,0.0,51.23,3.58,0.0,9.0,0.0,1,51.23,Electronics,1,44.41555819477434
U_05986,Free,East,744,115,0,0,0.0,0.0,2.89,0.0,7.0,0.0,0,0.0,None,1,0.0
U_05987,Free,North,73,0,2,7,32.35,87.02000000000001,8.970588235294118,7.9025,19.0,0.01298701298701298,3,29.00666666666667,Books,0,435.1000000000001
U_05988,Free,East,-1,37,0,0,0.0,0.0,4.926666666666667,0.0,9.222222222222221,-0.011904761904761871,0,0.0,None,1,0.0
U_05989,Pro,North,215,44,0,0,0.0,73.81,5.608750000000001,0.0,12.25,-4.514544854190959e-17,1,73.81,Fashion,0,125.3053488372093
U_05990,Pro,West,729,29,0,1,0.0,38.76,6.525625,0.0,13.75,-0.12727272727272718,2,19.38,Fashion,0,19.406584362139917
U_05991,Pro,East,214,3,1,7,52.03,103.35,11.45,9.606666666666667,25.533333333333335,-0.007352941176470575,2,51.675,Beauty,0,176.27453271028037
U_05992,Pro,West,-76,15,0,1,0.0,62.51,3.744285714285714,0.0,7.857142857142857,0.02857142857142864,1,62.51,Books,1,760.5383333333334
U_05993,Free,North,-199,4,1,6,0.0,27.87,8.782083333333334,9.243333333333334,19.583333333333332,0.01052631578947367,1,27.87,Home,0,339.08500000000004
U_05994,Free,North,44,17,0,1,0.0,103.53999999999999,3.4425000000000003,0.0,7.5,-2.0083673326242142e-16,2,51.769999999999996,Electronics,0,858.9113636363636
U_05995,Pro,North,804,2,1,6,168.81,352.69,9.937586206896553,9.32,22.03448275862069,0.01754385964912279,3,117.56333333333333,Toys,0,160.11424129353233
U_05996,Free,West,-84,5,1,7,39.51,78.59,7.094166666666666,9.41,14.791666666666666,-0.004395604395604467,3,26.19666666666667,Beauty,0,956.1783333333334
U_05997,Free,East,144,86,0,0,0.0,16.32,3.1157142857142857,0.0,6.142857142857143,0.09999999999999995,1,16.32,Beauty,1,41.36666666666667
U_05998,Pro,East,558,20,0,1,0.0,36.78,2.9150000000000005,0.0,6.333333333333333,-0.10000000000000012,1,36.78,Electronics,0,24.058602150537634
U_05999,Free,North,-128,1,1,3,0.0,14.09,5.664166666666666,3.4933333333333336,12.583333333333334,0.07272727272727271,1,14.09,Books,0,171.42833333333334
