user_id,order_date,product_category,revenue
U_00002,2025-10-24,Electronics,63.29
U_00003,2025-07-11,Fashion,60.48
U_00003,2025-07-12,Fashion,44.21
U_00003,2025-08-11,Fashion,95.26
U_00003,2025-08-25,Fashion,117.92
U_00003,2025-09-30,Fashion,38.91
U_00003,2025-10-17,Fashion,121.03
U_00003,2025-10-31,Beauty,131.11
U_00003,2025-11-03,Electronics,99.98
U_00003,2025-11-14,Fashion,335.94
U_00003,2025-11-29,Fashion,79.5
U_00003,2025-12-24,Beauty,70.48
U_00004,2025-07-18,Fashion,39.34
U_00004,2025-11-07,Fashion,28.24
U_00004,2025-12-14,Fashion,79.23
U_00004,2025-12-24,Fashion,89.03
U_00007,2025-09-09,Grocery,35.28
U_00008,2025-10-17,Fashion,42.65
U_00008,2025-12-25,Home,44.35
U_00009,2025-07-20,Home,75.26
U_00009,2025-08-22,Home,53.36
U_00009,2025-09-11,Home,57.43
U_00009,2025-10-23,Home,22.12
U_00009,2025-11-04,Electronics,150.47
U_00010,2025-08-27,Toys,149.97
U_00010,2025-08-29,Sports,108.41
U_00010,2025-09-27,Books,41.65
U_00011,2025-09-01,Beauty,103.45
U_00011,2025-09-30,Beauty,24.7
U_00011,2025-10-05,Books,53.75
U_00011,2025-10-08,Beauty,88.9
U_00013,2025-08-25,Toys,14.97
U_00016,2025-08-12,Beauty,67.1
U_00016,2025-08-25,Beauty,43.7
U_00016,2025-09-07,Beauty,91.62
U_00016,2025-09-13,Beauty,150.45
U_00016,2025-09-28,Beauty,344.83
U_00016,2025-10-20,Beauty,181.25
U_00016,2025-11-26,Beauty,23.58
U_00017,2025-10-23,Sports,116.47
U_00019,2025-09-03,Electronics,79.19
U_00021,2025-07-25,Grocery,18.35
U_00021,2025-10-11,Toys,126.47
U_00022,2025-07-04,Grocery,89.28
U_00022,2025-07-11,Fashion,104.13
U_00022,2025-08-02,Fashion,126.31
U_00022,2025-08-08,Toys,106.04
U_00022,2025-08-23,Grocery,106.32
U_00022,2025-09-06,Fashion,211.16
U_00022,2025-09-08,Grocery,91.52
U_00023,2025-12-28,Home,34.59
U_00025,2025-07-07,Toys,31.33
U_00025,2025-07-08,Toys,18.5
U_00027,2025-09-12,Fashion,40.25
U_00028,2025-07-31,Toys,107.32
U_00028,2025-08-05,Toys,29.68
U_00028,2025-08-23,Home,30.25
U_00028,2025-09-19,Toys,16.48
U_00028,2025-09-26,Toys,119.3
U_00028,2025-10-26,Home,94.01
U_00028,2025-12-20,Sports,17.44
U_00029,2025-07-24,Fashion,20.24
U_00031,2025-07-13,Beauty,46.69
U_00031,2025-07-18,Beauty,65.04
U_00031,2025-07-23,Beauty,26.33
U_00031,2025-08-29,Electronics,23.22
U_00031,2025-09-22,Beauty,23.7
U_00031,2025-10-01,Grocery,45.34
U_00031,2025-12-21,Home,19.34
U_00032,2025-07-26,Toys,14.79
U_00032,2025-09-29,Toys,32.13
U_00034,2025-07-21,Sports,36.5
U_00035,2025-08-02,Sports,83.2
U_00035,2025-09-09,Sports,73.96
U_00035,2025-09-22,Beauty,58.66
U_00035,2025-10-03,Books,124.1
U_00035,2025-11-19,Sports,21.42
U_00035,2025-12-13,Sports,103.48
U_00035,2025-12-26,Books,28.06
U_00036,2025-08-08,Grocery,166.09
U_00036,2025-09-03,Fashion,65.78
U_00036,2025-09-24,Grocery,60.64
U_00036,2025-11-01,Grocery,242.6
U_00036,2025-11-17,Fashion,107.83
U_00036,2025-11-25,Grocery,116.25
U_00037,2025-07-04,Beauty,47.21
U_00037,2025-07-24,Fashion,143.28
U_00037,2025-07-25,Fashion,62.04
U_00037,2025-08-24,Fashion,50.56
U_00037,2025-08-31,Fashion,39.59
U_00037,2025-09-16,Sports,37.21
U_00037,2025-09-27,Home,53.21
U_00037,2025-11-09,Fashion,29.58
U_00037,2025-11-30,Fashion,10.38
U_00037,2025-12-22,Fashion,35.41
U_00038,2025-09-26,Beauty,18.78
U_00038,2025-10-23,Beauty,20.09
U_00038,2025-10-30,Beauty,13.26
U_00038,2025-11-01,Beauty,28.98
U_00039,2025-08-01,Toys,56.73
U_00039,2025-09-23,Toys,72.4
U_00040,2025-08-04,Sports,5.87
U_00040,2025-08-24,Sports,30.58
U_00040,2025-09-27,Sports,6.67
U_00040,2025-12-03,Sports,47.63
U_00041,2025-07-29,Grocery,98.93
U_00041,2025-08-02,Grocery,38.23
U_00041,2025-08-26,Fashion,61.96
U_00042,2025-07-10,Books,72.42
U_00042,2025-08-09,Beauty,38.26
U_00042,2025-09-13,Fashion,116.3
U_00042,2025-10-06,Home,53.06
U_00042,2025-11-28,Books,31.01
U_00042,2025-12-04,Grocery,150.12
U_00043,2025-08-29,Grocery,18.57
U_00043,2025-09-07,Electronics,14.9
U_00043,2025-11-26,Grocery,17.62
U_00043,2025-12-26,Grocery,49.78
U_00044,2025-07-30,Grocery,65.73
U_00044,2025-08-28,Home,36.72
U_00044,2025-11-30,Grocery,93.32
U_00045,2025-07-29,Grocery,81.12
U_00045,2025-07-30,Grocery,160.22
U_00045,2025-08-01,Grocery,134.23
U_00045,2025-08-02,Grocery,107.34
U_00045,2025-08-28,Grocery,199.65
U_00045,2025-09-04,Grocery,53.11
U_00045,2025-09-06,Grocery,40.6
U_00045,2025-09-16,Grocery,147.27
U_00045,2025-10-03,Grocery,58.23
U_00045,2025-10-20,Grocery,32.81
U_00045,2025-10-21,Grocery,73.66
U_00045,2025-10-23,Grocery,95.31
U_00045,2025-11-04,Grocery,142.94
U_00045,2025-11-07,Home,122.56
U_00045,2025-11-11,Grocery,48.89
U_00045,2025-11-26,Grocery,288.36
U_00045,2025-12-11,Grocery,69.7
U_00045,2025-12-18,Beauty,201.35
U_00045,2025-12-30,Fashion,52.34
U_00046,2025-09-27,Fashion,28.99
U_00046,2025-12-24,Fashion,26.71
U_00047,2025-07-27,Home,26.81
U_00047,2025-09-11,Home,24.38
U_00047,2025-09-27,Home,19.16
U_00047,2025-12-09,Home,33.11
U_00048,2025-08-07,Toys,35.95
U_00048,2025-10-13,Electronics,39.24
U_00048,2025-10-23,Beauty,14.53
U_00048,2025-12-10,Beauty,7.78
U_00048,2025-12-26,Electronics,12.81
U_00049,2025-07-08,Home,19.02
U_00049,2025-11-13,Home,11.09
U_00050,2025-07-05,Electronics,16.86
U_00050,2025-12-22,Electronics,20.59
U_00052,2025-07-23,Sports,23.94
U_00052,2025-08-02,Home,88.37
U_00052,2025-11-03,Beauty,99.04
U_00052,2025-11-14,Home,257.95
U_00054,2025-07-26,Toys,146.66
U_00054,2025-10-07,Toys,84.88
U_00056,2025-11-23,Fashion,19.54
U_00057,2025-07-27,Fashion,92.31
U_00057,2025-08-28,Sports,28.92
U_00057,2025-09-02,Grocery,126.67
U_00057,2025-09-27,Books,203.91
U_00057,2025-10-18,Sports,63.76
U_00057,2025-10-19,Home,118.06
U_00057,2025-11-16,Fashion,27.46
U_00057,2025-12-21,Sports,77.93
U_00057,2025-12-23,Sports,104.52
U_00058,2025-07-06,Electronics,73.8
U_00058,2025-07-22,Fashion,102.5
U_00058,2025-09-01,Electronics,98.37
U_00058,2025-10-12,Electronics,60.18
U_00058,2025-11-09,Beauty,74.92
U_00058,2025-11-22,Books,45.32
U_00059,2025-07-08,Beauty,168.36
U_00059,2025-07-14,Electronics,209.22
U_00059,2025-07-31,Electronics,143.75
U_00060,2025-08-12,Fashion,56.59
U_00060,2025-08-22,Books,81.34
U_00060,2025-08-24,Sports,163.33
U_00060,2025-09-02,Beauty,55.66
U_00060,2025-09-06,Fashion,71.07
U_00062,2025-08-26,Beauty,18.4
U_00064,2025-11-07,Beauty,16.21
U_00065,2025-11-05,Toys,16.74
U_00065,2025-12-26,Grocery,15.36
U_00067,2025-08-27,Beauty,36.89
U_00067,2025-09-30,Beauty,14.94
U_00068,2025-08-20,Books,15.76
U_00069,2025-08-28,Toys,63.45
U_00069,2025-09-06,Beauty,21.35
U_00070,2025-08-22,Toys,32.13
U_00070,2025-10-15,Books,26.17
U_00070,2025-12-28,Toys,26.19
U_00071,2025-07-26,Beauty,51.67
U_00071,2025-08-21,Beauty,82.46
U_00071,2025-09-09,Beauty,59.87
U_00071,2025-09-12,Fashion,98.94
U_00071,2025-10-11,Beauty,65.07
U_00071,2025-10-13,Beauty,23.93
U_00071,2025-11-10,Beauty,26.3
U_00071,2025-11-14,Beauty,43.54
U_00071,2025-11-20,Beauty,34.72
U_00071,2025-11-26,Beauty,94.95
U_00071,2025-12-01,Beauty,261.1
U_00071,2025-12-06,Beauty,60.34
U_00071,2025-12-16,Beauty,91.26
U_00072,2025-07-05,Beauty,22.31
U_00072,2025-10-16,Electronics,93.71
U_00072,2025-11-09,Beauty,90.47
U_00074,2025-10-04,Beauty,50.04
U_00074,2025-10-24,Beauty,79.39
U_00074,2025-11-16,Beauty,94.41
U_00074,2025-11-17,Beauty,205.64
U_00074,2025-11-28,Beauty,283.44
U_00074,2025-12-20,Beauty,181.56
U_00075,2025-10-22,Grocery,55.71
U_00076,2025-07-10,Grocery,49.13
U_00076,2025-07-13,Grocery,125.05
U_00076,2025-08-15,Electronics,179.82
U_00076,2025-08-24,Grocery,93.94
U_00076,2025-09-02,Electronics,138.67
U_00076,2025-09-22,Grocery,40.61
U_00076,2025-10-10,Grocery,36.06
U_00076,2025-10-30,Grocery,118.66
U_00078,2025-07-29,Home,42.19
U_00079,2025-08-21,Toys,26.49
U_00079,2025-08-27,Toys,34.08
U_00079,2025-12-07,Toys,40.45
U_00080,2025-09-29,Toys,28.43
U_00080,2025-10-08,Toys,78.19
U_00080,2025-11-11,Books,24.49
U_00081,2025-10-29,Fashion,28.87
U_00082,2025-09-03,Fashion,53.15
U_00082,2025-09-06,Fashion,26.44
U_00082,2025-11-07,Fashion,28.37
U_00083,2025-11-28,Beauty,102.68
U_00083,2025-12-18,Beauty,79.57
U_00084,2025-09-26,Sports,18.16
U_00084,2025-10-14,Sports,17.06
U_00085,2025-07-24,Beauty,170.08
U_00085,2025-08-19,Toys,144.19
U_00085,2025-08-26,Electronics,104.03
U_00085,2025-09-24,Beauty,47.62
U_00085,2025-10-28,Beauty,126.85
U_00085,2025-10-31,Beauty,98.18
U_00085,2025-11-06,Beauty,300.56
U_00085,2025-12-08,Beauty,107.97
U_00085,2025-12-29,Beauty,100.64
U_00088,2025-12-13,Toys,41.73
U_00089,2025-07-13,Home,44.34
U_00089,2025-07-23,Grocery,44.79
U_00089,2025-10-12,Home,63.25
U_00089,2025-10-27,Electronics,130.4
U_00090,2025-08-02,Sports,21.97
U_00090,2025-08-10,Home,25.23
U_00091,2025-09-10,Fashion,26.58
U_00091,2025-09-26,Home,38.38
U_00091,2025-12-09,Home,19.81
U_00092,2025-08-04,Fashion,33.34
U_00092,2025-08-30,Fashion,23.88
U_00092,2025-10-01,Electronics,55.03
U_00094,2025-07-25,Electronics,18.53
U_00094,2025-08-29,Electronics,21.14
U_00095,2025-08-21,Electronics,75.47
U_00095,2025-10-16,Electronics,148.99
U_00095,2025-10-23,Sports,103.41
U_00096,2025-07-25,Beauty,25.34
U_00096,2025-08-28,Grocery,56.19
U_00101,2025-10-20,Home,24.76
U_00101,2025-10-24,Books,58.84
U_00101,2025-10-27,Home,25.21
U_00101,2025-11-04,Home,8.13
U_00103,2025-08-04,Fashion,38.18
U_00103,2025-08-05,Fashion,38.01
U_00103,2025-08-15,Fashion,110.83
U_00103,2025-09-18,Fashion,89.65
U_00103,2025-10-05,Sports,15.01
U_00103,2025-10-12,Fashion,59.01
U_00104,2025-09-18,Fashion,15.73
U_00105,2025-08-04,Home,115.41
U_00105,2025-09-08,Sports,79.71
U_00105,2025-10-12,Sports,44.67
U_00105,2025-10-21,Sports,17.58
U_00105,2025-11-18,Sports,65.15
U_00105,2025-11-27,Sports,77.62
U_00105,2025-12-23,Grocery,32.13
U_00106,2025-09-20,Books,21.81
U_00107,2025-07-31,Home,35.8
U_00107,2025-08-24,Home,31.79
U_00107,2025-09-24,Home,39.82
U_00108,2025-10-31,Fashion,64.42
U_00109,2025-07-26,Grocery,141.82
U_00109,2025-08-06,Toys,69.1
U_00109,2025-09-15,Fashion,167.22
U_00109,2025-09-21,Home,166.41
U_00109,2025-11-02,Home,26.7
U_00109,2025-11-14,Home,41.0
U_00109,2025-12-09,Home,61.4
U_00109,2025-12-19,Home,82.98
U_00110,2025-07-19,Grocery,51.89
U_00110,2025-10-18,Grocery,45.01
U_00110,2025-11-03,Grocery,58.04
U_00111,2025-07-08,Grocery,23.01
U_00111,2025-09-24,Grocery,34.23
U_00112,2025-07-04,Books,71.36
U_00112,2025-09-18,Books,277.85
U_00112,2025-11-13,Books,66.39
U_00113,2025-09-28,Books,24.77
U_00113,2025-10-18,Electronics,22.98
U_00116,2025-07-20,Electronics,53.2
U_00116,2025-08-20,Fashion,27.9
U_00116,2025-10-09,Toys,89.32
U_00116,2025-11-18,Electronics,63.99
U_00116,2025-12-20,Fashion,65.82
U_00117,2025-07-10,Fashion,102.51
U_00117,2025-07-14,Electronics,44.0
U_00117,2025-09-09,Fashion,80.26
U_00117,2025-10-15,Grocery,12.07
U_00118,2025-07-17,Home,23.22
U_00118,2025-12-25,Electronics,15.87
U_00119,2025-07-13,Home,74.29
U_00119,2025-09-04,Home,53.56
U_00119,2025-10-16,Home,111.62
U_00119,2025-11-14,Home,42.52
U_00122,2025-09-08,Sports,55.79
U_00122,2025-10-01,Sports,40.52
U_00122,2025-12-19,Electronics,7.05
U_00123,2025-07-16,Home,23.41
U_00123,2025-07-21,Beauty,224.65
U_00123,2025-07-25,Beauty,73.57
U_00123,2025-07-28,Home,239.92
U_00123,2025-07-29,Home,65.01
U_00123,2025-08-22,Beauty,161.59
U_00123,2025-09-25,Home,59.96
U_00123,2025-10-02,Home,160.61
U_00124,2025-10-05,Electronics,67.07
U_00124,2025-10-18,Electronics,86.05
U_00124,2025-12-01,Electronics,72.49
U_00125,2025-07-11,Fashion,55.9
U_00125,2025-07-13,Electronics,67.68
U_00125,2025-07-19,Fashion,74.11
U_00125,2025-08-20,Fashion,34.73
U_00125,2025-09-12,Fashion,19.45
U_00125,2025-12-16,Fashion,141.95
U_00125,2025-12-19,Books,15.22
U_00126,2025-09-05,Sports,57.32
U_00126,2025-12-16,Sports,35.61
U_00126,2025-12-23,Sports,30.4
U_00129,2025-07-25,Beauty,23.77
U_00129,2025-12-04,Beauty,21.42
U_00131,2025-07-26,Home,33.71
U_00131,2025-08-28,Beauty,48.82
U_00131,2025-09-10,Beauty,110.36
U_00131,2025-09-26,Beauty,34.26
U_00131,2025-11-15,Beauty,62.39
U_00132,2025-09-30,Toys,71.87
U_00132,2025-10-13,Sports,65.84
U_00132,2025-10-19,Sports,99.26
U_00132,2025-12-02,Toys,155.45
U_00132,2025-12-03,Sports,70.0
U_00132,2025-12-06,Sports,54.43
U_00133,2025-07-27,Toys,21.51
U_00135,2025-10-02,Electronics,70.6
U_00136,2025-07-19,Books,57.52
U_00136,2025-07-29,Fashion,22.84
U_00136,2025-10-16,Beauty,52.17
U_00137,2025-07-28,Toys,5.23
U_00138,2025-09-08,Books,12.86
U_00139,2025-09-11,Sports,26.12
U_00139,2025-10-08,Sports,17.82
U_00139,2025-11-19,Sports,24.18
U_00139,2025-12-19,Sports,68.19
U_00140,2025-09-19,Fashion,229.59
U_00140,2025-10-28,Fashion,55.46
U_00142,2025-07-11,Electronics,13.26
U_00142,2025-11-25,Electronics,46.33
U_00142,2025-12-01,Electronics,21.5
U_00143,2025-08-18,Fashion,26.67
U_00143,2025-08-30,Books,113.27
U_00143,2025-09-03,Fashion,67.14
U_00143,2025-09-14,Electronics,62.72
U_00143,2025-09-23,Fashion,95.23
U_00143,2025-10-03,Fashion,44.73
U_00145,2025-08-17,Grocery,54.5
U_00145,2025-08-29,Grocery,117.04
U_00145,2025-09-30,Grocery,22.76
U_00147,2025-07-07,Toys,18.41
U_00147,2025-08-16,Electronics,20.03
U_00147,2025-08-28,Toys,19.25
U_00147,2025-10-20,Toys,21.06
U_00148,2025-08-27,Sports,11.33
U_00148,2025-09-15,Sports,7.21
U_00149,2025-08-25,Grocery,31.85
U_00149,2025-09-10,Sports,24.49
U_00150,2025-07-08,Books,122.84
U_00150,2025-08-16,Books,40.24
U_00150,2025-10-21,Grocery,188.4
U_00150,2025-11-18,Books,134.98
U_00150,2025-12-23,Sports,56.89
U_00152,2025-08-17,Home,23.04
U_00152,2025-12-16,Grocery,32.35
U_00153,2025-07-08,Grocery,6.58
U_00154,2025-12-17,Sports,10.09
U_00155,2025-08-30,Beauty,9.23
U_00158,2025-07-18,Sports,139.3
U_00158,2025-07-23,Sports,50.98
U_00158,2025-08-12,Grocery,89.93
U_00158,2025-08-27,Fashion,20.49
U_00158,2025-09-24,Home,40.13
U_00158,2025-10-17,Sports,118.17
U_00158,2025-10-23,Home,22.39
U_00158,2025-10-25,Fashion,93.18
U_00158,2025-11-12,Sports,58.31
U_00158,2025-12-03,Sports,65.51
U_00158,2025-12-12,Sports,24.44
U_00158,2025-12-15,Sports,82.74
U_00158,2025-12-19,Sports,105.09
U_00159,2025-09-14,Electronics,67.42
U_00160,2025-08-18,Toys,56.8
U_00163,2025-12-20,Sports,139.26
U_00164,2025-07-16,Beauty,15.67
U_00164,2025-12-20,Electronics,66.49
U_00164,2025-12-23,Electronics,54.77
U_00165,2025-10-23,Home,14.25
U_00166,2025-08-08,Grocery,93.26
U_00166,2025-08-24,Grocery,50.95
U_00167,2025-07-21,Electronics,34.29
U_00168,2025-07-23,Books,48.47
U_00168,2025-08-02,Beauty,37.5
U_00168,2025-08-14,Toys,29.68
U_00168,2025-09-22,Beauty,51.49
U_00169,2025-11-12,Toys,67.57
U_00174,2025-07-26,Fashion,12.15
U_00174,2025-10-11,Beauty,8.34
U_00174,2025-10-18,Fashion,22.55
U_00174,2025-11-13,Fashion,17.29
U_00174,2025-12-15,Fashion,73.84
U_00174,2025-12-18,Fashion,20.67
U_00175,2025-07-04,Sports,24.45
U_00175,2025-11-11,Books,17.26
U_00177,2025-07-12,Electronics,81.98
U_00177,2025-10-11,Sports,203.71
U_00179,2025-12-15,Toys,39.7
U_00181,2025-08-05,Grocery,92.64
U_00181,2025-08-29,Home,47.88
U_00182,2025-07-11,Toys,45.37
U_00182,2025-11-20,Toys,127.96
U_00182,2025-11-26,Toys,68.86
U_00182,2025-11-29,Books,25.8
U_00182,2025-12-10,Toys,37.42
U_00182,2025-12-18,Sports,109.13
U_00183,2025-08-21,Beauty,19.08
U_00185,2025-10-29,Toys,20.64
U_00186,2025-09-23,Toys,128.46
U_00186,2025-12-28,Home,43.57
U_00188,2025-09-29,Fashion,31.53
U_00189,2025-07-26,Home,12.6
U_00189,2025-10-04,Home,14.89
U_00190,2025-10-30,Toys,87.14
U_00191,2025-08-11,Beauty,39.64
U_00191,2025-08-25,Toys,19.94
U_00193,2025-07-04,Toys,16.82
U_00193,2025-08-10,Toys,52.22
U_00194,2025-11-05,Home,33.69
U_00195,2025-08-13,Grocery,61.77
U_00196,2025-08-31,Books,17.63
U_00197,2025-09-05,Books,62.62
U_00197,2025-09-06,Books,118.52
U_00199,2025-07-15,Grocery,8.59
U_00201,2025-11-13,Books,7.95
U_00202,2025-07-06,Electronics,52.67
U_00202,2025-08-06,Electronics,104.14
U_00202,2025-08-29,Electronics,11.51
U_00202,2025-10-30,Electronics,68.64
U_00202,2025-10-31,Electronics,23.87
U_00202,2025-11-20,Electronics,68.31
U_00202,2025-12-01,Electronics,54.47
U_00202,2025-12-18,Electronics,30.93
U_00203,2025-07-12,Electronics,19.46
U_00203,2025-10-03,Electronics,17.4
U_00203,2025-10-28,Beauty,18.43
U_00203,2025-12-04,Electronics,25.43
U_00203,2025-12-24,Electronics,42.66
U_00204,2025-09-14,Toys,34.17
U_00205,2025-07-15,Home,96.37
U_00205,2025-08-03,Home,29.9
U_00205,2025-08-06,Books,83.61
U_00205,2025-08-13,Toys,54.66
U_00205,2025-09-04,Books,81.17
U_00205,2025-09-06,Books,52.93
U_00205,2025-09-10,Books,171.25
U_00205,2025-09-18,Home,152.21
U_00205,2025-10-22,Books,34.15
U_00205,2025-11-04,Books,150.89
U_00205,2025-11-13,Electronics,131.69
U_00205,2025-11-23,Books,125.32
U_00205,2025-12-19,Books,274.86
U_00206,2025-07-30,Grocery,52.47
U_00206,2025-10-20,Grocery,38.07
U_00208,2025-07-13,Sports,223.91
U_00208,2025-08-02,Electronics,124.96
U_00208,2025-08-08,Electronics,112.59
U_00208,2025-08-22,Electronics,22.72
U_00208,2025-08-30,Electronics,72.51
U_00208,2025-09-13,Beauty,38.35
U_00208,2025-09-22,Grocery,124.13
U_00208,2025-09-25,Electronics,317.0
U_00208,2025-10-22,Fashion,238.58
U_00208,2025-11-28,Fashion,127.01
U_00209,2025-07-13,Beauty,13.83
U_00209,2025-08-29,Fashion,52.67
U_00211,2025-08-28,Toys,27.66
U_00211,2025-09-11,Toys,32.95
U_00211,2025-09-12,Toys,16.16
U_00211,2025-09-14,Toys,56.72
U_00211,2025-11-18,Toys,13.44
U_00211,2025-12-01,Toys,10.39
U_00212,2025-07-22,Electronics,46.25
U_00212,2025-07-30,Sports,106.67
U_00212,2025-09-16,Sports,101.96
U_00212,2025-10-20,Sports,40.72
U_00213,2025-08-02,Sports,46.15
U_00213,2025-08-22,Sports,48.55
U_00213,2025-09-03,Sports,128.61
U_00213,2025-10-17,Sports,23.05
U_00213,2025-11-12,Sports,12.64
U_00213,2025-11-18,Sports,28.54
U_00213,2025-12-09,Home,30.22
U_00213,2025-12-14,Sports,20.85
U_00213,2025-12-26,Sports,23.23
U_00215,2025-07-27,Grocery,34.51
U_00215,2025-08-14,Grocery,84.06
U_00215,2025-09-09,Sports,43.35
U_00215,2025-10-17,Electronics,114.45
U_00216,2025-08-02,Home,13.7
U_00216,2025-08-04,Electronics,118.81
U_00216,2025-08-20,Home,44.94
U_00216,2025-09-25,Fashion,62.65
U_00216,2025-10-22,Books,83.28
U_00216,2025-12-08,Electronics,14.0
U_00217,2025-08-09,Sports,103.85
U_00217,2025-09-02,Beauty,16.71
U_00217,2025-12-08,Sports,185.91
U_00219,2025-09-17,Home,20.39
U_00220,2025-08-31,Fashion,36.03
U_00220,2025-10-19,Books,26.12
U_00220,2025-11-07,Home,143.87
U_00220,2025-11-13,Fashion,58.42
U_00220,2025-11-16,Fashion,190.37
U_00221,2025-08-04,Fashion,25.05
U_00221,2025-08-19,Fashion,53.98
U_00221,2025-08-25,Fashion,93.02
U_00221,2025-09-08,Fashion,154.33
U_00221,2025-09-20,Fashion,73.71
U_00224,2025-09-07,Grocery,32.29
U_00224,2025-09-16,Grocery,19.68
U_00224,2025-11-11,Books,93.79
U_00224,2025-12-04,Grocery,48.9
U_00226,2025-08-10,Toys,31.64
U_00229,2025-07-25,Grocery,14.61
U_00229,2025-11-17,Grocery,8.17
U_00230,2025-08-16,Beauty,29.04
U_00230,2025-11-23,Sports,15.61
U_00231,2025-08-29,Books,13.98
U_00231,2025-08-31,Electronics,26.02
U_00231,2025-12-17,Electronics,12.85
U_00232,2025-09-10,Electronics,40.9
U_00232,2025-10-05,Toys,32.74
U_00232,2025-11-06,Books,30.97
U_00233,2025-09-23,Fashion,50.96
U_00233,2025-12-18,Grocery,22.91
U_00234,2025-08-09,Toys,138.27
U_00234,2025-09-16,Beauty,69.18
U_00234,2025-11-07,Toys,52.07
U_00234,2025-12-03,Grocery,66.24
U_00234,2025-12-05,Beauty,52.91
U_00235,2025-08-29,Electronics,90.36
U_00235,2025-09-04,Beauty,141.03
U_00235,2025-09-08,Books,50.09
U_00235,2025-09-17,Beauty,47.44
U_00235,2025-10-09,Sports,23.65
U_00235,2025-10-13,Home,68.66
U_00235,2025-10-16,Books,54.04
U_00235,2025-10-19,Beauty,86.95
U_00235,2025-12-08,Beauty,88.06
U_00236,2025-12-18,Fashion,37.66
U_00237,2025-11-21,Beauty,52.56
U_00242,2025-07-10,Toys,10.98
U_00243,2025-07-18,Home,74.98
U_00243,2025-07-22,Grocery,11.69
U_00243,2025-10-23,Electronics,77.32
U_00243,2025-12-22,Beauty,177.46
U_00245,2025-08-04,Beauty,21.23
U_00245,2025-08-07,Beauty,82.58
U_00245,2025-08-17,Beauty,26.35
U_00245,2025-08-19,Beauty,43.31
U_00245,2025-08-29,Beauty,129.57
U_00246,2025-10-02,Sports,12.27
U_00246,2025-10-09,Beauty,16.2
U_00246,2025-10-12,Sports,32.95
U_00247,2025-09-30,Grocery,20.14
U_00248,2025-08-30,Electronics,32.78
U_00248,2025-09-30,Electronics,73.53
U_00248,2025-11-08,Electronics,25.54
U_00251,2025-09-11,Beauty,19.69
U_00251,2025-11-10,Beauty,35.39
U_00252,2025-07-07,Books,80.62
U_00253,2025-09-10,Grocery,37.76
U_00254,2025-09-01,Sports,37.7
U_00254,2025-12-24,Sports,37.18
U_00255,2025-08-29,Sports,9.59
U_00256,2025-08-24,Beauty,11.98
U_00256,2025-12-19,Beauty,13.04
U_00257,2025-07-18,Fashion,91.41
U_00257,2025-07-23,Beauty,33.01
U_00257,2025-08-03,Beauty,23.12
U_00257,2025-08-06,Beauty,21.47
U_00257,2025-08-10,Beauty,169.47
U_00257,2025-08-28,Beauty,212.16
U_00257,2025-09-01,Beauty,187.17
U_00257,2025-09-16,Books,414.92
U_00257,2025-10-07,Beauty,162.1
U_00257,2025-10-21,Beauty,84.02
U_00258,2025-08-15,Fashion,11.21
U_00259,2025-07-28,Fashion,146.06
U_00259,2025-07-31,Toys,46.18
U_00259,2025-08-13,Fashion,59.97
U_00259,2025-08-19,Fashion,143.95
U_00259,2025-09-07,Home,23.0
U_00259,2025-09-11,Fashion,22.5
U_00259,2025-11-29,Fashion,49.98
U_00261,2025-07-17,Electronics,39.68
U_00261,2025-09-21,Electronics,87.66
U_00261,2025-11-21,Electronics,73.83
U_00261,2025-12-21,Electronics,98.14
U_00263,2025-07-08,Electronics,11.18
U_00263,2025-08-27,Books,142.52
U_00263,2025-09-14,Electronics,48.58
U_00263,2025-10-24,Books,56.58
U_00263,2025-11-11,Electronics,114.22
U_00263,2025-12-09,Electronics,139.83
U_00264,2025-08-05,Toys,63.03
U_00264,2025-09-20,Toys,61.29
U_00264,2025-09-25,Books,57.61
U_00264,2025-09-30,Fashion,86.09
U_00264,2025-10-25,Toys,97.98
U_00264,2025-11-14,Toys,89.56
U_00264,2025-11-26,Toys,26.08
U_00264,2025-12-20,Toys,65.5
U_00270,2025-09-04,Electronics,57.65
U_00271,2025-07-17,Home,153.78
U_00271,2025-09-18,Fashion,32.05
U_00271,2025-11-03,Fashion,80.94
U_00271,2025-12-03,Fashion,12.98
U_00272,2025-08-16,Fashion,40.58
U_00272,2025-12-16,Fashion,19.23
U_00272,2025-12-27,Fashion,32.44
U_00273,2025-07-17,Books,25.63
U_00273,2025-08-06,Grocery,224.45
U_00273,2025-09-24,Books,145.7
U_00273,2025-10-01,Books,71.43
U_00273,2025-10-03,Books,154.52
U_00274,2025-11-28,Fashion,39.28
U_00274,2025-12-21,Fashion,17.58
U_00275,2025-07-07,Fashion,31.72
U_00275,2025-07-11,Fashion,86.35
U_00275,2025-07-22,Toys,19.0
U_00275,2025-08-23,Toys,100.52
U_00275,2025-08-27,Sports,94.09
U_00275,2025-08-29,Toys,29.81
U_00275,2025-10-19,Fashion,84.94
U_00275,2025-10-25,Toys,155.87
U_00275,2025-11-01,Toys,65.86
U_00275,2025-12-15,Books,58.05
U_00276,2025-10-25,Fashion,52.62
U_00277,2025-07-24,Toys,6.74
U_00277,2025-10-03,Grocery,21.97
U_00278,2025-07-21,Sports,41.48
U_00278,2025-09-01,Beauty,29.74
U_00278,2025-09-16,Grocery,13.04
U_00280,2025-08-25,Fashion,18.11
U_00281,2025-07-26,Beauty,17.57
U_00281,2025-10-13,Beauty,54.58
U_00281,2025-12-27,Beauty,50.24
U_00282,2025-09-14,Toys,47.8
U_00283,2025-07-22,Electronics,28.44
U_00283,2025-08-29,Electronics,26.17
U_00283,2025-09-16,Electronics,36.75
U_00284,2025-07-26,Home,79.26
U_00284,2025-08-21,Beauty,64.28
U_00287,2025-08-12,Beauty,71.4
U_00287,2025-08-17,Grocery,31.7
U_00287,2025-08-23,Home,78.51
U_00287,2025-09-16,Grocery,48.62
U_00287,2025-12-14,Sports,139.78
U_00288,2025-07-05,Beauty,75.74
U_00288,2025-10-11,Grocery,16.06
U_00289,2025-07-17,Toys,19.73
U_00289,2025-07-25,Electronics,55.44
U_00289,2025-07-28,Toys,8.12
U_00289,2025-11-24,Toys,25.05
U_00290,2025-08-21,Sports,80.13
U_00290,2025-09-03,Sports,46.64
U_00290,2025-09-19,Sports,67.8
U_00290,2025-11-13,Sports,108.85
U_00291,2025-09-01,Home,75.74
U_00291,2025-09-20,Beauty,55.15
U_00291,2025-10-22,Home,24.97
U_00291,2025-11-18,Home,63.23
U_00292,2025-07-18,Books,24.34
U_00292,2025-07-30,Books,216.56
U_00292,2025-08-05,Toys,99.73
U_00292,2025-08-16,Books,60.2
U_00292,2025-08-19,Books,19.45
U_00292,2025-09-07,Books,159.95
U_00292,2025-09-14,Books,33.0
U_00293,2025-07-04,Toys,128.86
U_00293,2025-07-19,Beauty,102.16
U_00293,2025-08-25,Beauty,68.54
U_00293,2025-11-14,Electronics,211.74
U_00293,2025-11-16,Sports,43.24
U_00293,2025-12-21,Electronics,70.39
U_00293,2025-12-28,Beauty,37.4
U_00295,2025-08-08,Electronics,127.31
U_00295,2025-12-19,Electronics,13.45
U_00295,2025-12-27,Electronics,43.34
U_00296,2025-07-31,Grocery,73.39
U_00296,2025-09-18,Grocery,9.8
U_00296,2025-09-29,Grocery,30.75
U_00296,2025-11-03,Electronics,32.92
U_00297,2025-07-16,Sports,16.11
U_00297,2025-11-23,Grocery,22.0
U_00299,2025-07-13,Toys,62.66
U_00299,2025-09-24,Toys,9.07
U_00299,2025-10-07,Toys,18.66
U_00300,2025-07-29,Home,36.0
U_00300,2025-08-05,Home,13.77
U_00300,2025-11-29,Home,9.34
U_00301,2025-08-24,Beauty,32.38
U_00301,2025-11-13,Beauty,18.17
U_00302,2025-11-07,Sports,27.39
U_00303,2025-07-06,Sports,79.48
U_00303,2025-07-28,Home,65.01
U_00303,2025-08-04,Sports,198.12
U_00303,2025-08-28,Home,31.16
U_00303,2025-09-13,Grocery,32.35
U_00303,2025-11-02,Sports,102.81
U_00303,2025-11-17,Home,81.13
U_00303,2025-12-22,Home,14.16
U_00304,2025-10-15,Fashion,28.75
U_00304,2025-12-21,Fashion,34.18
U_00306,2025-08-07,Home,25.75
U_00306,2025-10-06,Home,120.95
U_00306,2025-10-17,Home,138.93
U_00306,2025-10-30,Beauty,77.04
U_00306,2025-11-24,Home,26.51
U_00307,2025-07-16,Beauty,14.71
U_00308,2025-08-13,Sports,83.53
U_00309,2025-08-23,Beauty,29.28
U_00311,2025-09-13,Books,20.19
U_00312,2025-07-17,Toys,37.69
U_00312,2025-07-21,Books,21.2
U_00312,2025-08-08,Toys,198.55
U_00312,2025-09-05,Books,61.47
U_00312,2025-10-14,Beauty,156.49
U_00312,2025-11-16,Books,46.88
U_00312,2025-12-20,Books,27.78
U_00312,2025-12-28,Books,29.99
U_00315,2025-09-04,Books,14.25
U_00317,2025-08-04,Books,20.92
U_00317,2025-08-26,Beauty,27.24
U_00317,2025-08-28,Books,123.7
U_00317,2025-09-25,Books,35.07
U_00317,2025-09-29,Books,42.23
U_00317,2025-11-01,Beauty,71.58
U_00317,2025-11-09,Books,39.94
U_00317,2025-12-09,Electronics,56.27
U_00317,2025-12-10,Books,31.67
U_00318,2025-08-15,Books,120.36
U_00318,2025-10-05,Books,51.92
U_00318,2025-10-16,Books,34.74
U_00318,2025-11-25,Books,97.17
U_00320,2025-07-09,Toys,22.03
U_00320,2025-07-10,Electronics,100.24
U_00320,2025-07-21,Electronics,55.82
U_00320,2025-08-20,Electronics,112.94
U_00320,2025-08-28,Electronics,36.0
U_00320,2025-08-31,Electronics,68.26
U_00321,2025-08-03,Books,22.03
U_00323,2025-07-05,Beauty,139.26
U_00323,2025-08-25,Beauty,31.09
U_00323,2025-09-06,Electronics,38.22
U_00323,2025-10-16,Beauty,45.64
U_00323,2025-10-31,Sports,42.9
U_00324,2025-07-23,Grocery,19.55
U_00324,2025-07-26,Toys,28.91
U_00324,2025-09-30,Grocery,42.67
U_00324,2025-10-20,Toys,55.31
U_00325,2025-08-10,Electronics,167.73
U_00325,2025-10-17,Sports,117.99
U_00327,2025-07-04,Books,96.05
U_00328,2025-08-12,Home,147.01
U_00328,2025-08-26,Sports,21.41
U_00328,2025-10-03,Sports,22.4
U_00328,2025-12-20,Home,37.94
U_00331,2025-08-07,Books,67.98
U_00331,2025-12-19,Books,78.25
U_00331,2025-12-23,Books,74.17
U_00331,2025-12-24,Books,36.25
U_00333,2025-08-28,Toys,31.43
U_00333,2025-09-26,Grocery,61.27
U_00334,2025-08-15,Grocery,41.18
U_00334,2025-09-30,Fashion,24.48
U_00334,2025-10-01,Fashion,20.23
U_00334,2025-10-19,Fashion,37.49
U_00335,2025-07-07,Books,69.28
U_00335,2025-07-15,Books,32.2
U_00335,2025-07-26,Sports,160.05
U_00335,2025-08-02,Books,132.65
U_00335,2025-08-09,Home,202.88
U_00335,2025-09-19,Books,139.97
U_00335,2025-09-25,Beauty,68.28
U_00335,2025-09-26,Books,41.62
U_00335,2025-10-23,Books,96.46
U_00335,2025-10-28,Grocery,66.15
U_00335,2025-11-03,Books,85.09
U_00335,2025-11-07,Grocery,76.27
U_00335,2025-12-08,Books,72.06
U_00335,2025-12-28,Home,119.6
U_00336,2025-07-08,Home,48.97
U_00336,2025-07-25,Home,24.36
U_00337,2025-07-05,Grocery,134.44
U_00337,2025-07-10,Books,32.74
U_00337,2025-07-29,Home,45.31
U_00337,2025-07-31,Home,143.14
U_00337,2025-08-12,Home,28.25
U_00337,2025-08-13,Home,193.41
U_00337,2025-08-31,Home,29.32
U_00337,2025-09-01,Home,43.42
U_00337,2025-10-25,Electronics,50.8
U_00337,2025-11-28,Home,40.55
U_00337,2025-11-29,Home,49.18
U_00337,2025-12-24,Home,47.61
U_00337,2025-12-29,Toys,46.83
U_00338,2025-07-19,Toys,166.63
U_00338,2025-07-27,Books,52.52
U_00338,2025-11-02,Books,60.74
U_00338,2025-11-22,Books,76.43
U_00338,2025-12-07,Books,52.24
U_00338,2025-12-17,Books,24.43
U_00338,2025-12-27,Books,96.07
U_00338,2025-12-29,Books,17.65
U_00341,2025-08-29,Fashion,46.94
U_00341,2025-10-27,Grocery,46.74
U_00342,2025-10-20,Sports,15.62
U_00344,2025-08-20,Grocery,30.35
U_00344,2025-08-28,Fashion,35.82
U_00345,2025-08-22,Home,38.6
U_00346,2025-07-06,Sports,44.94
U_00346,2025-07-07,Grocery,13.43
U_00346,2025-07-14,Grocery,39.36
U_00346,2025-07-29,Sports,119.27
U_00346,2025-09-13,Grocery,73.59
U_00346,2025-12-20,Electronics,134.35
U_00347,2025-07-28,Home,9.21
U_00347,2025-09-26,Home,53.42
U_00348,2025-08-04,Grocery,34.84
U_00348,2025-09-12,Toys,34.03
U_00348,2025-09-25,Grocery,44.21
U_00348,2025-09-28,Grocery,27.07
U_00350,2025-07-05,Beauty,28.35
U_00350,2025-08-13,Beauty,33.37
U_00351,2025-07-09,Electronics,39.51
U_00351,2025-07-19,Home,67.19
U_00351,2025-08-03,Grocery,134.27
U_00351,2025-08-17,Electronics,112.89
U_00351,2025-08-29,Sports,113.62
U_00351,2025-09-01,Electronics,20.32
U_00351,2025-09-10,Grocery,54.13
U_00351,2025-10-01,Electronics,86.15
U_00351,2025-10-18,Electronics,16.75
U_00351,2025-10-22,Electronics,255.47
U_00351,2025-10-28,Toys,213.42
U_00351,2025-12-06,Electronics,122.93
U_00351,2025-12-14,Electronics,62.75
U_00352,2025-08-02,Grocery,13.26
U_00353,2025-07-10,Books,21.23
U_00354,2025-07-12,Beauty,28.82
U_00354,2025-07-20,Beauty,16.62
U_00354,2025-09-04,Beauty,15.0
U_00355,2025-07-07,Books,88.5
U_00355,2025-07-19,Books,23.87
U_00355,2025-09-17,Fashion,65.45
U_00355,2025-09-23,Books,99.16
U_00355,2025-11-22,Books,48.33
U_00356,2025-08-01,Fashion,51.9
U_00356,2025-10-08,Toys,58.84
U_00357,2025-08-14,Toys,72.75
U_00357,2025-09-22,Electronics,161.27
U_00357,2025-09-28,Toys,101.42
U_00357,2025-11-28,Toys,285.35
U_00358,2025-08-18,Toys,39.98
U_00358,2025-12-25,Toys,117.36
U_00359,2025-09-12,Toys,82.89
U_00359,2025-10-29,Toys,139.41
U_00361,2025-08-01,Grocery,126.19
U_00361,2025-08-19,Fashion,71.67
U_00361,2025-09-07,Grocery,57.14
U_00361,2025-09-22,Grocery,101.76
U_00361,2025-10-02,Fashion,17.99
U_00361,2025-11-05,Grocery,81.91
U_00361,2025-12-01,Grocery,52.96
U_00362,2025-07-26,Toys,46.03
U_00362,2025-07-28,Electronics,28.0
U_00362,2025-08-15,Toys,6.53
U_00362,2025-09-25,Toys,80.35
U_00362,2025-11-04,Toys,36.83
U_00362,2025-11-09,Fashion,35.26
U_00362,2025-11-15,Sports,125.51
U_00362,2025-11-21,Toys,207.83
U_00362,2025-12-02,Toys,41.48
U_00362,2025-12-23,Toys,16.52
U_00364,2025-10-31,Grocery,9.63
U_00364,2025-11-30,Books,15.81
U_00365,2025-08-18,Grocery,189.05
U_00365,2025-08-31,Grocery,113.4
U_00366,2025-08-21,Fashion,10.94
U_00366,2025-10-12,Fashion,55.51
U_00366,2025-12-04,Fashion,11.92
U_00366,2025-12-28,Toys,18.82
U_00368,2025-11-18,Home,50.7
U_00369,2025-07-13,Books,36.3
U_00369,2025-07-17,Books,25.66
U_00369,2025-07-31,Fashion,22.44
U_00369,2025-09-04,Fashion,12.89
U_00370,2025-09-24,Books,9.24
U_00370,2025-11-20,Books,13.35
U_00371,2025-08-13,Toys,34.64
U_00371,2025-10-02,Home,26.43
U_00371,2025-10-11,Home,8.99
U_00371,2025-11-26,Home,21.25
U_00371,2025-12-14,Home,63.64
U_00373,2025-07-15,Beauty,21.56
U_00373,2025-09-23,Home,39.46
U_00374,2025-09-04,Beauty,316.46
U_00374,2025-12-12,Books,217.68
U_00375,2025-07-28,Home,7.79
U_00375,2025-08-05,Home,37.7
U_00375,2025-09-05,Home,15.53
U_00375,2025-09-19,Home,26.33
U_00376,2025-07-26,Beauty,46.78
U_00378,2025-08-24,Grocery,140.96
U_00379,2025-08-03,Fashion,139.08
U_00381,2025-08-23,Grocery,87.59
U_00381,2025-11-05,Home,82.21
U_00381,2025-11-28,Home,52.21
U_00381,2025-11-29,Home,45.37
U_00381,2025-12-06,Home,145.62
U_00383,2025-09-25,Home,25.84
U_00383,2025-11-07,Home,14.96
U_00384,2025-07-24,Sports,52.37
U_00384,2025-08-18,Sports,64.72
U_00385,2025-07-15,Toys,8.03
U_00386,2025-08-09,Electronics,88.87
U_00386,2025-10-30,Electronics,89.8
U_00386,2025-11-01,Grocery,47.66
U_00386,2025-11-27,Electronics,92.52
U_00389,2025-09-11,Electronics,37.72
U_00389,2025-09-24,Beauty,14.8
U_00389,2025-12-09,Home,6.57
U_00390,2025-09-12,Electronics,59.35
U_00391,2025-09-05,Books,32.85
U_00392,2025-08-24,Electronics,16.92
U_00392,2025-09-09,Sports,87.6
U_00397,2025-09-24,Fashion,44.36
U_00398,2025-10-10,Books,30.86
U_00398,2025-10-30,Books,25.08
U_00399,2025-10-04,Electronics,18.8
U_00401,2025-12-14,Home,23.79
U_00402,2025-09-03,Electronics,24.26
U_00402,2025-09-19,Electronics,20.3
U_00404,2025-08-01,Electronics,26.06
U_00405,2025-07-30,Beauty,55.18
U_00405,2025-08-11,Beauty,65.84
U_00405,2025-08-18,Beauty,11.53
U_00405,2025-08-25,Beauty,101.38
U_00405,2025-09-25,Beauty,174.82
U_00405,2025-10-01,Beauty,53.87
U_00406,2025-08-20,Grocery,23.3
U_00407,2025-08-05,Grocery,14.33
U_00408,2025-10-04,Sports,113.72
U_00408,2025-11-24,Sports,25.59
U_00408,2025-12-11,Sports,40.58
U_00408,2025-12-16,Sports,30.04
U_00410,2025-08-01,Grocery,16.0
U_00411,2025-07-31,Toys,27.42
U_00411,2025-08-21,Sports,66.04
U_00411,2025-09-14,Toys,27.77
U_00411,2025-09-17,Toys,62.07
U_00411,2025-10-09,Toys,31.72
U_00412,2025-09-29,Fashion,60.72
U_00414,2025-11-20,Sports,59.15
U_00414,2025-11-26,Sports,17.82
U_00414,2025-12-08,Sports,30.56
U_00415,2025-09-01,Grocery,79.45
U_00415,2025-11-05,Grocery,14.73
U_00416,2025-07-10,Toys,57.95
U_00416,2025-08-18,Beauty,42.92
U_00417,2025-07-04,Electronics,155.08
U_00417,2025-07-10,Fashion,153.46
U_00417,2025-11-08,Electronics,143.41
U_00417,2025-11-14,Electronics,41.25
U_00418,2025-07-19,Beauty,40.57
U_00418,2025-08-13,Beauty,46.02
U_00418,2025-08-18,Beauty,69.39
U_00418,2025-08-29,Electronics,74.57
U_00418,2025-11-15,Beauty,49.27
U_00418,2025-11-27,Beauty,48.37
U_00418,2025-12-22,Beauty,50.72
U_00421,2025-10-10,Grocery,34.83
U_00421,2025-12-07,Toys,14.09
U_00422,2025-07-16,Sports,21.73
U_00422,2025-09-06,Grocery,20.64
U_00423,2025-09-06,Sports,51.77
U_00424,2025-09-14,Fashion,7.84
U_00424,2025-10-29,Electronics,10.14
U_00424,2025-12-04,Fashion,44.1
U_00424,2025-12-25,Fashion,49.08
U_00425,2025-07-19,Electronics,47.61
U_00425,2025-07-25,Electronics,57.09
U_00425,2025-07-26,Electronics,48.93
U_00425,2025-08-11,Electronics,70.72
U_00426,2025-07-11,Fashion,29.75
U_00426,2025-08-08,Fashion,31.06
U_00426,2025-08-28,Sports,30.31
U_00426,2025-11-07,Fashion,57.03
U_00427,2025-07-21,Home,22.51
U_00427,2025-08-28,Beauty,42.42
U_00427,2025-11-05,Home,31.01
U_00428,2025-07-28,Electronics,25.8
U_00428,2025-08-03,Electronics,55.75
U_00430,2025-10-02,Electronics,24.86
U_00430,2025-10-29,Toys,12.92
U_00430,2025-12-23,Electronics,32.66
U_00432,2025-07-26,Toys,72.84
U_00432,2025-09-09,Books,65.41
U_00432,2025-10-09,Beauty,36.6
U_00432,2025-11-08,Grocery,76.49
U_00432,2025-12-01,Beauty,11.84
U_00432,2025-12-16,Beauty,68.65
U_00433,2025-08-18,Fashion,44.81
U_00434,2025-08-04,Home,15.31
U_00436,2025-09-06,Beauty,10.28
U_00437,2025-10-13,Books,38.9
U_00437,2025-12-03,Books,46.45
U_00437,2025-12-13,Toys,14.82
U_00437,2025-12-25,Toys,86.38
U_00439,2025-07-12,Sports,48.56
U_00439,2025-08-12,Sports,222.28
U_00439,2025-09-18,Sports,49.18
U_00439,2025-11-26,Sports,18.47
U_00439,2025-12-19,Sports,79.62
U_00440,2025-07-20,Books,79.73
U_00440,2025-10-20,Home,18.52
U_00444,2025-07-24,Books,101.69
U_00445,2025-08-28,Electronics,18.06
U_00445,2025-09-02,Fashion,28.39
U_00445,2025-10-04,Home,14.71
U_00445,2025-10-25,Fashion,20.45
U_00445,2025-11-08,Sports,21.02
U_00446,2025-07-17,Beauty,37.57
U_00448,2025-07-15,Fashion,46.36
U_00448,2025-08-29,Fashion,41.82
U_00449,2025-08-15,Toys,6.7
U_00449,2025-08-20,Home,70.56
U_00449,2025-08-28,Beauty,38.68
U_00449,2025-09-02,Beauty,59.99
U_00449,2025-09-11,Beauty,33.68
U_00449,2025-09-19,Beauty,125.33
U_00450,2025-09-10,Sports,15.54
U_00450,2025-11-22,Sports,31.54
U_00451,2025-07-27,Home,45.93
U_00451,2025-11-08,Beauty,13.43
U_00452,2025-07-07,Home,35.56
U_00452,2025-11-14,Home,15.57
U_00453,2025-08-03,Beauty,43.78
U_00453,2025-11-01,Fashion,13.51
U_00453,2025-12-17,Fashion,71.02
U_00453,2025-12-27,Fashion,26.1
U_00455,2025-07-27,Grocery,75.99
U_00455,2025-08-29,Grocery,40.32
U_00455,2025-09-05,Beauty,182.19
U_00455,2025-10-16,Grocery,142.21
U_00456,2025-08-05,Electronics,40.7
U_00456,2025-08-28,Electronics,57.12
U_00456,2025-09-25,Home,71.59
U_00456,2025-10-22,Electronics,33.85
U_00457,2025-10-11,Sports,23.53
U_00457,2025-11-17,Sports,19.65
U_00458,2025-07-16,Home,82.27
U_00458,2025-08-30,Home,24.78
U_00458,2025-09-15,Home,90.19
U_00458,2025-10-06,Home,15.87
U_00458,2025-10-10,Home,114.05
U_00458,2025-11-08,Home,70.3
U_00458,2025-11-30,Home,44.17
U_00458,2025-12-30,Home,36.13
U_00459,2025-07-22,Toys,38.5
U_00459,2025-07-24,Toys,65.45
U_00459,2025-08-09,Toys,95.33
U_00459,2025-09-17,Toys,148.8
U_00459,2025-10-31,Toys,120.76
U_00459,2025-11-12,Beauty,27.38
U_00459,2025-12-24,Toys,47.57
U_00459,2025-12-30,Toys,47.67
U_00463,2025-08-25,Sports,68.57
U_00463,2025-09-30,Sports,164.28
U_00463,2025-10-09,Sports,178.65
U_00466,2025-07-12,Sports,37.45
U_00466,2025-07-18,Sports,26.11
U_00466,2025-08-01,Sports,372.84
U_00467,2025-08-08,Home,38.8
U_00467,2025-10-12,Home,33.0
U_00468,2025-07-25,Fashion,44.87
U_00468,2025-08-20,Fashion,88.83
U_00468,2025-10-05,Grocery,133.7
U_00469,2025-07-05,Beauty,58.6
U_00469,2025-07-28,Beauty,29.21
U_00469,2025-07-31,Beauty,101.52
U_00469,2025-08-11,Beauty,35.7
U_00469,2025-08-18,Toys,46.36
U_00469,2025-08-22,Beauty,38.62
U_00469,2025-09-23,Fashion,77.35
U_00469,2025-10-05,Beauty,16.17
U_00469,2025-10-09,Beauty,100.64
U_00469,2025-10-12,Beauty,37.56
U_00469,2025-11-09,Beauty,29.85
U_00469,2025-11-23,Beauty,7.05
U_00470,2025-08-05,Toys,16.58
U_00470,2025-08-12,Toys,21.27
U_00470,2025-12-20,Fashion,20.35
U_00472,2025-10-02,Sports,109.27
U_00473,2025-10-11,Sports,22.78
U_00473,2025-10-27,Toys,11.71
U_00473,2025-12-03,Sports,16.56
U_00474,2025-09-07,Fashion,15.42
U_00474,2025-09-20,Fashion,12.27
U_00474,2025-11-12,Fashion,37.86
U_00475,2025-07-12,Books,58.05
U_00475,2025-07-24,Grocery,22.1
U_00475,2025-10-07,Grocery,30.53
U_00475,2025-10-25,Grocery,112.05
U_00476,2025-10-16,Electronics,29.95
U_00477,2025-07-20,Beauty,43.09
U_00477,2025-08-02,Beauty,22.1
U_00477,2025-12-26,Beauty,145.24
U_00479,2025-07-09,Grocery,63.25
U_00479,2025-10-28,Grocery,132.68
U_00479,2025-11-23,Electronics,50.27
U_00481,2025-07-10,Toys,14.27
U_00481,2025-08-17,Fashion,87.99
U_00481,2025-09-23,Grocery,70.81
U_00483,2025-07-04,Fashion,10.53
U_00483,2025-10-03,Fashion,66.82
U_00483,2025-10-12,Fashion,59.74
U_00483,2025-10-30,Fashion,86.83
U_00483,2025-11-19,Beauty,46.33
U_00483,2025-12-24,Fashion,10.92
U_00484,2025-07-18,Sports,40.26
U_00484,2025-07-29,Sports,35.85
U_00484,2025-10-04,Sports,80.07
U_00484,2025-10-06,Sports,27.58
U_00484,2025-10-08,Sports,26.2
U_00484,2025-11-06,Sports,11.4
U_00485,2025-09-08,Beauty,10.33
U_00485,2025-12-02,Beauty,9.46
U_00486,2025-07-08,Electronics,164.31
U_00486,2025-07-14,Books,20.1
U_00486,2025-10-13,Grocery,106.89
U_00487,2025-08-11,Toys,32.95
U_00487,2025-09-22,Toys,78.9
U_00488,2025-08-14,Sports,43.69
U_00488,2025-09-26,Grocery,14.25
U_00488,2025-11-27,Toys,24.72
U_00488,2025-12-23,Sports,7.2
U_00490,2025-08-02,Toys,15.68
U_00491,2025-09-05,Beauty,31.67
U_00492,2025-08-13,Beauty,40.97
U_00492,2025-09-15,Beauty,74.41
U_00494,2025-07-25,Books,15.36
U_00495,2025-08-23,Sports,27.22
U_00495,2025-10-21,Books,11.93
U_00496,2025-08-26,Toys,82.73
U_00496,2025-09-03,Toys,127.48
U_00496,2025-11-24,Toys,74.02
U_00497,2025-07-05,Home,244.11
U_00497,2025-09-21,Sports,64.55
U_00497,2025-09-30,Beauty,45.62
U_00499,2025-08-16,Sports,21.25
U_00501,2025-08-13,Beauty,69.15
U_00501,2025-09-06,Beauty,24.57
U_00501,2025-09-12,Grocery,66.63
U_00501,2025-10-25,Grocery,26.26
U_00501,2025-11-15,Electronics,144.02
U_00502,2025-08-22,Books,34.41
U_00503,2025-09-01,Beauty,19.43
U_00507,2025-07-31,Fashion,73.08
U_00507,2025-10-13,Sports,76.53
U_00508,2025-07-30,Books,10.04
U_00509,2025-08-12,Sports,54.72
U_00509,2025-09-27,Sports,55.49
U_00509,2025-10-06,Sports,22.44
U_00509,2025-10-16,Sports,38.12
U_00509,2025-10-28,Sports,38.9
U_00511,2025-07-14,Grocery,36.7
U_00512,2025-08-03,Home,99.81
U_00513,2025-08-08,Beauty,28.06
U_00513,2025-08-29,Sports,53.72
U_00513,2025-09-07,Sports,41.6
U_00513,2025-09-19,Sports,175.67
U_00514,2025-07-13,Sports,126.19
U_00515,2025-07-27,Toys,43.34
U_00515,2025-11-24,Toys,62.9
U_00517,2025-08-24,Electronics,38.86
U_00520,2025-10-09,Fashion,15.7
U_00520,2025-10-12,Electronics,12.05
U_00520,2025-10-21,Electronics,23.08
U_00524,2025-07-07,Beauty,48.03
U_00524,2025-08-23,Beauty,24.54
U_00524,2025-09-13,Beauty,24.48
U_00524,2025-09-24,Grocery,84.4
U_00524,2025-10-19,Books,41.5
U_00525,2025-07-27,Home,78.88
U_00525,2025-08-19,Home,105.18
U_00525,2025-08-30,Home,80.05
U_00525,2025-09-25,Beauty,18.62
U_00525,2025-10-28,Sports,101.03
U_00525,2025-10-31,Sports,16.99
U_00525,2025-11-22,Fashion,58.67
U_00525,2025-12-29,Sports,38.91
U_00525,2025-12-30,Electronics,27.19
U_00526,2025-08-10,Home,20.77
U_00527,2025-07-10,Sports,54.05
U_00528,2025-10-07,Toys,31.52
U_00528,2025-10-25,Fashion,17.8
U_00528,2025-11-21,Toys,47.59
U_00529,2025-12-09,Fashion,29.75
U_00530,2025-07-27,Home,20.14
U_00530,2025-09-27,Home,44.47
U_00531,2025-09-21,Electronics,28.18
U_00533,2025-07-21,Toys,18.98
U_00533,2025-08-22,Toys,41.75
U_00533,2025-09-10,Books,182.67
U_00533,2025-11-14,Toys,41.94
U_00534,2025-08-02,Electronics,62.23
U_00534,2025-09-25,Electronics,61.2
U_00534,2025-09-29,Sports,11.21
U_00534,2025-11-02,Electronics,76.01
U_00534,2025-11-03,Toys,55.27
U_00534,2025-11-04,Fashion,77.17
U_00534,2025-11-12,Electronics,69.1
U_00534,2025-12-05,Sports,64.09
U_00537,2025-09-02,Fashion,21.25
U_00537,2025-09-09,Fashion,18.35
U_00538,2025-07-23,Toys,17.08
U_00538,2025-08-09,Sports,49.9
U_00538,2025-08-25,Toys,8.86
U_00538,2025-08-30,Books,35.43
U_00538,2025-11-26,Books,21.13
U_00539,2025-09-05,Electronics,13.28
U_00539,2025-12-05,Electronics,45.85
U_00541,2025-10-25,Electronics,83.44
U_00541,2025-11-25,Electronics,85.08
U_00543,2025-09-09,Fashion,31.63
U_00545,2025-11-08,Sports,25.96
U_00545,2025-12-04,Grocery,24.71
U_00547,2025-07-07,Sports,172.7
U_00547,2025-07-20,Sports,24.21
U_00547,2025-08-21,Sports,51.97
U_00547,2025-09-01,Sports,30.65
U_00547,2025-10-02,Sports,128.95
U_00547,2025-10-07,Sports,22.57
U_00547,2025-10-28,Sports,119.15
U_00548,2025-09-21,Grocery,56.77
U_00549,2025-11-17,Grocery,50.34
U_00550,2025-08-14,Books,22.77
U_00551,2025-07-09,Beauty,15.19
U_00551,2025-09-23,Beauty,18.23
U_00551,2025-10-17,Beauty,18.92
U_00551,2025-11-19,Beauty,27.74
U_00552,2025-08-11,Grocery,65.31
U_00552,2025-09-12,Fashion,307.77
U_00554,2025-07-08,Beauty,152.33
U_00554,2025-08-12,Electronics,49.06
U_00554,2025-09-05,Beauty,184.59
U_00554,2025-09-10,Beauty,23.01
U_00554,2025-09-19,Beauty,197.99
U_00554,2025-09-20,Electronics,49.53
U_00555,2025-07-27,Electronics,128.07
U_00555,2025-08-19,Electronics,49.66
U_00555,2025-09-12,Home,30.08
U_00556,2025-07-20,Toys,164.01
U_00558,2025-07-06,Grocery,23.59
U_00558,2025-11-12,Fashion,24.36
U_00558,2025-12-03,Toys,58.14
U_00561,2025-07-26,Fashion,60.79
U_00561,2025-08-24,Toys,40.52
U_00561,2025-10-28,Fashion,120.36
U_00561,2025-12-14,Fashion,16.97
U_00561,2025-12-22,Fashion,96.56
U_00562,2025-07-10,Home,85.29
U_00562,2025-08-08,Grocery,32.38
U_00562,2025-08-23,Fashion,66.04
U_00562,2025-09-05,Electronics,48.79
U_00562,2025-11-05,Home,64.41
U_00562,2025-12-27,Home,45.06
U_00563,2025-09-29,Grocery,43.11
U_00564,2025-07-22,Fashion,62.89
U_00564,2025-09-03,Grocery,57.91
U_00565,2025-08-13,Electronics,29.32
U_00567,2025-07-06,Grocery,73.98
U_00567,2025-11-22,Beauty,97.63
U_00569,2025-12-01,Sports,29.75
U_00571,2025-11-12,Grocery,71.03
U_00572,2025-07-09,Electronics,23.76
U_00572,2025-07-23,Electronics,69.64
U_00572,2025-08-10,Grocery,29.81
U_00572,2025-09-02,Electronics,30.42
U_00572,2025-10-14,Electronics,116.89
U_00573,2025-08-02,Home,28.11
U_00573,2025-08-04,Electronics,83.92
U_00573,2025-08-30,Electronics,33.05
U_00574,2025-07-04,Beauty,21.24
U_00574,2025-09-12,Beauty,24.08
U_00574,2025-09-30,Electronics,97.07
U_00575,2025-08-12,Toys,21.35
U_00575,2025-09-07,Toys,15.6
U_00575,2025-09-25,Toys,47.59
U_00576,2025-10-27,Beauty,36.12
U_00576,2025-11-11,Beauty,55.0
U_00576,2025-12-28,Beauty,46.8
U_00578,2025-07-12,Books,144.51
U_00578,2025-07-17,Home,18.92
U_00579,2025-08-16,Books,126.77
U_00579,2025-10-18,Toys,149.06
U_00579,2025-12-15,Toys,56.8
U_00580,2025-07-26,Beauty,62.05
U_00580,2025-10-16,Electronics,27.8
U_00581,2025-07-06,Electronics,28.66
U_00581,2025-07-08,Electronics,39.41
U_00581,2025-08-14,Electronics,79.95
U_00582,2025-08-12,Fashion,19.07
U_00582,2025-09-03,Fashion,22.84
U_00583,2025-08-04,Home,9.32
U_00584,2025-10-08,Home,38.64
U_00585,2025-08-08,Home,53.1
U_00585,2025-08-15,Beauty,114.5
U_00585,2025-09-10,Fashion,40.35
U_00585,2025-11-14,Toys,60.12
U_00586,2025-10-03,Sports,58.38
U_00587,2025-07-20,Home,14.14
U_00588,2025-08-28,Grocery,17.1
U_00588,2025-10-09,Grocery,19.8
U_00588,2025-10-25,Grocery,43.63
U_00588,2025-11-08,Grocery,85.55
U_00588,2025-11-24,Grocery,142.47
U_00588,2025-12-24,Grocery,77.77
U_00589,2025-08-05,Books,9.36
U_00589,2025-10-22,Books,17.48
U_00589,2025-11-14,Books,17.81
U_00591,2025-08-26,Books,70.59
U_00591,2025-11-02,Electronics,43.42
U_00592,2025-07-11,Toys,133.02
U_00592,2025-07-23,Sports,27.84
U_00592,2025-08-28,Sports,46.45
U_00592,2025-12-07,Toys,100.8
U_00592,2025-12-17,Toys,133.44
U_00594,2025-07-11,Sports,20.74
U_00595,2025-10-12,Sports,35.44
U_00596,2025-08-06,Grocery,66.62
U_00596,2025-09-16,Sports,239.44
U_00596,2025-12-08,Sports,52.42
U_00596,2025-12-17,Books,126.63
U_00598,2025-07-27,Home,20.4
U_00599,2025-07-25,Toys,26.78
U_00599,2025-08-19,Sports,23.91
U_00599,2025-12-27,Books,10.75
U_00600,2025-08-25,Fashion,50.29
U_00601,2025-10-16,Beauty,27.4
U_00605,2025-10-05,Home,26.91
U_00606,2025-11-06,Beauty,50.61
U_00607,2025-07-30,Toys,75.05
U_00610,2025-08-31,Sports,66.64
U_00610,2025-10-24,Sports,16.89
U_00610,2025-11-26,Sports,28.34
U_00613,2025-09-23,Fashion,228.3
U_00613,2025-11-18,Fashion,21.33
U_00613,2025-12-11,Fashion,67.57
U_00613,2025-12-18,Home,83.74
U_00613,2025-12-26,Fashion,72.47
U_00615,2025-12-02,Books,59.4
U_00616,2025-08-07,Sports,63.45
U_00616,2025-08-10,Sports,18.53
U_00616,2025-10-02,Sports,18.5
U_00617,2025-07-28,Electronics,85.71
U_00617,2025-09-17,Electronics,49.0
U_00617,2025-09-23,Grocery,150.0
U_00617,2025-10-06,Electronics,45.13
U_00617,2025-10-09,Electronics,74.98
U_00617,2025-10-18,Sports,37.27
U_00617,2025-11-11,Electronics,64.56
U_00617,2025-12-15,Electronics,47.34
U_00617,2025-12-25,Grocery,17.71
U_00618,2025-08-04,Toys,22.94
U_00618,2025-08-24,Toys,50.89
U_00619,2025-10-13,Sports,59.69
U_00620,2025-08-16,Toys,69.03
U_00620,2025-09-10,Toys,80.18
U_00621,2025-09-19,Electronics,15.92
U_00621,2025-12-30,Electronics,25.93
U_00623,2025-08-09,Books,86.26
U_00623,2025-09-09,Electronics,75.92
U_00623,2025-09-19,Electronics,129.78
U_00623,2025-09-22,Electronics,108.46
U_00623,2025-10-11,Electronics,18.66
U_00623,2025-11-03,Electronics,120.74
U_00623,2025-11-11,Electronics,12.19
U_00623,2025-11-13,Electronics,31.26
U_00623,2025-12-10,Electronics,342.24
U_00623,2025-12-12,Electronics,37.8
U_00623,2025-12-30,Electronics,174.87
U_00624,2025-07-14,Books,45.34
U_00624,2025-12-19,Books,65.0
U_00624,2025-12-27,Books,51.82
U_00625,2025-07-10,Electronics,126.9
U_00625,2025-07-16,Fashion,179.96
U_00625,2025-07-17,Fashion,122.98
U_00625,2025-07-27,Fashion,36.11
U_00625,2025-07-29,Fashion,249.72
U_00625,2025-09-04,Fashion,19.37
U_00625,2025-10-24,Fashion,108.05
U_00625,2025-11-06,Fashion,61.14
U_00625,2025-11-11,Fashion,117.21
U_00625,2025-11-16,Fashion,167.72
U_00625,2025-12-07,Fashion,137.41
U_00625,2025-12-27,Fashion,181.23
U_00625,2025-12-30,Fashion,233.45
U_00627,2025-07-17,Beauty,27.67
U_00627,2025-08-24,Beauty,80.13
U_00628,2025-08-14,Grocery,39.96
U_00628,2025-08-17,Fashion,61.3
U_00628,2025-11-25,Fashion,23.2
U_00629,2025-08-23,Sports,24.67
U_00629,2025-09-05,Books,14.04
U_00629,2025-11-15,Books,18.56
U_00629,2025-12-17,Toys,36.72
U_00630,2025-09-02,Toys,15.19
U_00630,2025-09-06,Electronics,18.34
U_00630,2025-10-05,Fashion,23.88
U_00631,2025-12-26,Books,12.93
U_00632,2025-08-01,Electronics,29.6
U_00632,2025-08-06,Grocery,23.74
U_00632,2025-11-12,Grocery,25.07
U_00633,2025-08-02,Toys,52.05
U_00633,2025-11-20,Toys,42.24
U_00634,2025-09-23,Books,20.82
U_00635,2025-07-22,Beauty,68.06
U_00635,2025-09-05,Toys,40.77
U_00635,2025-12-22,Beauty,23.96
U_00637,2025-08-05,Books,16.86
U_00637,2025-09-05,Books,98.33
U_00639,2025-09-19,Toys,60.98
U_00639,2025-10-20,Toys,46.0
U_00639,2025-12-26,Toys,136.7
U_00640,2025-07-10,Toys,141.99
U_00640,2025-07-19,Toys,49.44
U_00640,2025-07-27,Toys,28.66
U_00640,2025-08-08,Toys,25.36
U_00640,2025-10-01,Toys,51.91
U_00641,2025-09-28,Electronics,51.55
U_00642,2025-08-17,Grocery,13.27
U_00643,2025-09-21,Beauty,52.55
U_00643,2025-12-26,Beauty,39.44
U_00645,2025-07-09,Fashion,34.16
U_00645,2025-07-22,Fashion,240.36
U_00645,2025-07-30,Fashion,203.19
U_00645,2025-08-24,Fashion,52.07
U_00646,2025-07-23,Fashion,83.34
U_00647,2025-07-15,Home,40.74
U_00647,2025-07-25,Books,51.03
U_00647,2025-10-26,Books,30.61
U_00647,2025-12-18,Books,78.29
U_00647,2025-12-30,Books,77.0
U_00648,2025-12-28,Fashion,67.91
U_00649,2025-08-24,Toys,44.76
U_00649,2025-08-31,Beauty,40.62
U_00651,2025-07-31,Beauty,9.64
U_00652,2025-07-25,Grocery,13.09
U_00652,2025-09-01,Grocery,162.84
U_00652,2025-09-24,Beauty,24.58
U_00652,2025-11-20,Sports,41.36
U_00652,2025-12-21,Grocery,24.98
U_00652,2025-12-23,Grocery,67.91
U_00653,2025-08-15,Home,191.41
U_00653,2025-11-28,Home,7.83
U_00653,2025-12-15,Home,28.19
U_00654,2025-07-12,Sports,40.43
U_00654,2025-11-29,Electronics,17.66
U_00655,2025-07-07,Sports,38.5
U_00655,2025-08-16,Sports,32.03
U_00655,2025-09-05,Sports,12.42
U_00655,2025-09-21,Sports,51.02
U_00656,2025-09-26,Books,41.59
U_00656,2025-10-16,Grocery,42.38
U_00656,2025-12-16,Books,93.11
U_00657,2025-08-30,Fashion,19.65
U_00658,2025-07-09,Books,48.72
U_00658,2025-11-13,Electronics,95.45
U_00659,2025-08-12,Grocery,40.31
U_00659,2025-12-03,Grocery,134.49
U_00659,2025-12-24,Toys,25.4
U_00659,2025-12-27,Electronics,42.72
U_00659,2025-12-28,Grocery,69.53
U_00660,2025-11-07,Sports,77.41
U_00660,2025-12-13,Sports,7.58
U_00662,2025-09-23,Beauty,8.78
U_00663,2025-07-27,Grocery,20.78
U_00664,2025-10-10,Home,24.78
U_00664,2025-11-20,Electronics,14.57
U_00665,2025-11-03,Books,20.96
U_00667,2025-07-24,Electronics,110.79
U_00667,2025-07-28,Electronics,303.44
U_00667,2025-09-27,Electronics,260.45
U_00667,2025-09-29,Fashion,168.88
U_00668,2025-09-02,Books,11.79
U_00669,2025-09-06,Toys,45.44
U_00670,2025-08-25,Books,31.56
U_00671,2025-07-19,Beauty,97.8
U_00671,2025-08-07,Beauty,82.65
U_00671,2025-08-26,Beauty,69.6
U_00671,2025-10-06,Beauty,99.78
U_00671,2025-11-03,Books,101.79
U_00671,2025-11-04,Beauty,80.7
U_00671,2025-11-13,Beauty,63.03
U_00671,2025-12-09,Electronics,102.51
U_00671,2025-12-17,Toys,88.61
U_00675,2025-08-04,Books,74.06
U_00675,2025-08-12,Fashion,203.91
U_00676,2025-07-06,Electronics,43.13
U_00676,2025-08-10,Grocery,35.14
U_00676,2025-10-18,Electronics,90.18
U_00676,2025-10-25,Electronics,128.49
U_00676,2025-11-17,Home,75.63
U_00676,2025-12-13,Electronics,220.03
U_00677,2025-07-09,Grocery,37.26
U_00677,2025-07-11,Grocery,107.96
U_00677,2025-07-30,Grocery,32.6
U_00677,2025-08-13,Toys,55.1
U_00677,2025-10-06,Fashion,37.48
U_00679,2025-07-04,Toys,48.95
U_00679,2025-07-21,Toys,208.05
U_00679,2025-07-29,Electronics,64.3
U_00679,2025-08-02,Toys,126.66
U_00679,2025-08-15,Electronics,121.3
U_00679,2025-08-17,Grocery,49.81
U_00679,2025-09-05,Sports,61.68
U_00680,2025-07-28,Toys,55.65
U_00680,2025-08-29,Fashion,83.86
U_00681,2025-09-20,Sports,43.25
U_00682,2025-08-21,Electronics,40.29
U_00682,2025-09-19,Electronics,97.82
U_00682,2025-10-01,Books,58.1
U_00682,2025-10-13,Books,92.83
U_00683,2025-11-25,Books,34.94
U_00684,2025-12-28,Books,13.83
U_00685,2025-08-16,Books,70.6
U_00686,2025-07-21,Grocery,40.15
U_00686,2025-09-13,Grocery,75.05
U_00687,2025-07-13,Sports,100.78
U_00687,2025-09-23,Books,180.65
U_00687,2025-09-25,Fashion,72.46
U_00687,2025-09-29,Fashion,125.69
U_00687,2025-10-06,Books,290.25
U_00688,2025-12-14,Electronics,20.97
U_00689,2025-07-21,Beauty,38.69
U_00689,2025-08-03,Beauty,68.0
U_00689,2025-08-24,Beauty,21.87
U_00689,2025-08-31,Beauty,172.85
U_00689,2025-09-13,Beauty,74.92
U_00689,2025-11-02,Sports,514.16
U_00689,2025-11-15,Beauty,48.26
U_00689,2025-11-16,Beauty,32.67
U_00690,2025-07-06,Home,63.76
U_00690,2025-09-24,Home,102.78
U_00690,2025-11-19,Home,90.33
U_00690,2025-12-05,Home,125.65
U_00690,2025-12-11,Home,59.02
U_00690,2025-12-23,Home,119.83
U_00691,2025-07-14,Sports,55.25
U_00691,2025-07-24,Sports,90.58
U_00691,2025-07-25,Sports,71.25
U_00691,2025-08-26,Sports,116.68
U_00691,2025-09-09,Sports,84.1
U_00691,2025-09-17,Sports,88.66
U_00691,2025-10-07,Sports,41.51
U_00691,2025-10-19,Sports,83.63
U_00691,2025-11-30,Sports,109.13
U_00694,2025-09-06,Toys,138.63
U_00694,2025-10-25,Sports,34.95
U_00695,2025-08-10,Toys,52.75
U_00696,2025-07-11,Home,40.17
U_00696,2025-08-08,Home,12.75
U_00698,2025-10-17,Electronics,29.11
U_00699,2025-07-09,Fashion,176.29
U_00699,2025-07-19,Fashion,167.53
U_00699,2025-08-03,Fashion,103.76
U_00701,2025-07-07,Toys,154.5
U_00701,2025-07-10,Toys,52.0
U_00701,2025-10-14,Beauty,65.7
U_00701,2025-11-12,Toys,114.48
U_00702,2025-07-12,Electronics,156.09
U_00702,2025-11-09,Sports,60.57
U_00703,2025-08-27,Sports,44.68
U_00705,2025-08-14,Grocery,106.28
U_00705,2025-09-05,Grocery,161.85
U_00705,2025-11-05,Grocery,126.61
U_00705,2025-12-02,Grocery,132.79
U_00706,2025-09-14,Grocery,7.62
U_00706,2025-09-16,Grocery,36.1
U_00706,2025-12-01,Grocery,99.48
U_00707,2025-07-31,Electronics,50.82
U_00709,2025-09-22,Grocery,11.76
U_00711,2025-09-07,Books,23.19
U_00713,2025-08-11,Home,28.73
U_00713,2025-08-15,Home,118.22
U_00713,2025-09-26,Grocery,135.44
U_00713,2025-09-27,Grocery,40.11
U_00713,2025-09-30,Beauty,52.7
U_00713,2025-10-02,Grocery,36.49
U_00713,2025-11-16,Books,46.35
U_00713,2025-12-08,Grocery,50.21
U_00714,2025-07-15,Electronics,45.89
U_00714,2025-09-24,Electronics,53.68
U_00714,2025-10-13,Electronics,131.09
U_00714,2025-10-21,Electronics,222.82
U_00714,2025-11-18,Electronics,114.03
U_00714,2025-11-27,Grocery,107.5
U_00714,2025-12-02,Electronics,25.39
U_00715,2025-07-21,Sports,77.03
U_00715,2025-08-14,Sports,100.62
U_00716,2025-09-26,Electronics,22.77
U_00716,2025-12-08,Electronics,32.96
U_00719,2025-08-20,Fashion,21.53
U_00720,2025-12-07,Fashion,117.26
U_00721,2025-09-19,Home,35.4
U_00722,2025-07-29,Home,46.93
U_00722,2025-08-03,Fashion,56.13
U_00722,2025-08-11,Home,97.24
U_00722,2025-08-12,Home,122.38
U_00722,2025-11-13,Home,91.47
U_00722,2025-11-20,Electronics,68.4
U_00722,2025-12-10,Home,61.13
U_00723,2025-07-20,Home,63.38
U_00723,2025-08-05,Home,33.76
U_00723,2025-08-26,Home,236.36
U_00723,2025-08-28,Home,36.74
U_00724,2025-07-25,Sports,9.18
U_00724,2025-08-13,Grocery,59.62
U_00725,2025-09-01,Fashion,24.85
U_00726,2025-10-24,Beauty,29.21
U_00727,2025-09-29,Books,25.13
U_00728,2025-07-15,Books,50.34
U_00728,2025-09-21,Sports,76.17
U_00729,2025-09-04,Beauty,16.92
U_00730,2025-07-08,Books,26.12
U_00730,2025-07-15,Books,42.86
U_00730,2025-07-25,Books,24.3
U_00730,2025-08-15,Books,22.28
U_00730,2025-12-24,Books,17.97
U_00733,2025-07-29,Books,25.55
U_00733,2025-08-13,Toys,42.41
U_00733,2025-09-18,Beauty,73.28
U_00734,2025-08-17,Toys,18.62
U_00734,2025-09-01,Sports,44.03
U_00735,2025-09-13,Sports,32.34
U_00735,2025-10-20,Sports,75.15
U_00736,2025-12-25,Home,16.2
U_00737,2025-09-07,Books,20.11
U_00737,2025-10-17,Home,25.91
U_00738,2025-07-20,Grocery,227.71
U_00738,2025-07-22,Toys,85.97
U_00739,2025-07-10,Fashion,16.09
U_00740,2025-09-01,Home,19.31
U_00741,2025-07-23,Books,28.97
U_00741,2025-10-12,Fashion,14.16
U_00741,2025-11-18,Books,51.68
U_00741,2025-12-14,Fashion,22.76
U_00741,2025-12-23,Fashion,83.12
U_00741,2025-12-26,Books,27.91
U_00742,2025-08-14,Toys,9.15
U_00744,2025-10-18,Electronics,50.95
U_00745,2025-07-20,Fashion,41.79
U_00746,2025-10-13,Home,8.82
U_00747,2025-10-09,Sports,20.4
U_00749,2025-07-23,Home,96.23
U_00749,2025-07-29,Books,38.39
U_00750,2025-07-10,Grocery,126.58
U_00750,2025-10-23,Grocery,93.98
U_00750,2025-12-10,Grocery,22.03
U_00751,2025-07-23,Toys,37.68
U_00751,2025-08-08,Toys,84.18
U_00751,2025-08-29,Electronics,18.34
U_00751,2025-09-28,Toys,14.29
U_00752,2025-08-21,Electronics,24.49
U_00752,2025-08-22,Sports,88.25
U_00753,2025-09-01,Sports,47.89
U_00754,2025-07-12,Grocery,81.04
U_00754,2025-07-18,Grocery,34.4
U_00754,2025-07-23,Grocery,34.23
U_00754,2025-09-14,Home,76.1
U_00754,2025-12-23,Grocery,131.09
U_00756,2025-08-27,Electronics,35.23
U_00756,2025-09-30,Home,138.7
U_00756,2025-11-25,Beauty,111.85
U_00757,2025-07-04,Fashion,49.11
U_00757,2025-09-28,Electronics,19.85
U_00758,2025-08-08,Sports,25.27
U_00758,2025-08-25,Sports,45.0
U_00758,2025-09-04,Sports,51.84
U_00758,2025-12-16,Sports,54.5
U_00761,2025-07-08,Electronics,25.38
U_00761,2025-08-20,Electronics,9.67
U_00762,2025-07-09,Electronics,37.05
U_00762,2025-08-01,Electronics,233.0
U_00762,2025-08-04,Electronics,125.58
U_00762,2025-08-21,Electronics,133.64
U_00762,2025-10-10,Beauty,96.8
U_00762,2025-10-24,Electronics,112.6
U_00762,2025-10-28,Electronics,114.3
U_00762,2025-12-27,Electronics,143.79
U_00763,2025-07-10,Beauty,25.02
U_00763,2025-08-07,Beauty,107.36
U_00764,2025-07-15,Grocery,27.05
U_00764,2025-08-21,Grocery,58.34
U_00764,2025-10-07,Books,20.49
U_00764,2025-12-20,Grocery,13.68
U_00765,2025-07-27,Toys,158.16
U_00765,2025-09-18,Grocery,51.17
U_00765,2025-10-06,Grocery,30.96
U_00770,2025-08-07,Sports,72.8
U_00770,2025-08-17,Books,35.92
U_00770,2025-12-09,Books,17.29
U_00770,2025-12-11,Sports,49.27
U_00771,2025-10-14,Grocery,27.29
U_00771,2025-11-02,Grocery,20.56
U_00772,2025-08-21,Grocery,60.44
U_00772,2025-12-28,Toys,20.47
U_00775,2025-10-24,Books,20.62
U_00778,2025-10-26,Electronics,27.74
U_00778,2025-11-01,Grocery,12.5
U_00779,2025-07-14,Fashion,77.92
U_00779,2025-07-30,Beauty,11.48
U_00779,2025-08-27,Sports,10.19
U_00780,2025-07-06,Sports,170.61
U_00780,2025-08-01,Sports,155.28
U_00780,2025-08-21,Grocery,92.79
U_00780,2025-10-09,Books,169.18
U_00780,2025-10-10,Sports,69.43
U_00781,2025-09-20,Toys,26.22
U_00782,2025-12-18,Home,9.29
U_00784,2025-07-21,Toys,37.82
U_00785,2025-08-10,Books,91.8
U_00785,2025-09-26,Toys,121.18
U_00785,2025-10-08,Sports,31.14
U_00787,2025-07-18,Beauty,49.25
U_00787,2025-09-04,Beauty,160.03
U_00789,2025-11-13,Fashion,73.36
U_00790,2025-07-09,Beauty,191.47
U_00790,2025-08-03,Books,45.17
U_00790,2025-09-14,Grocery,76.47
U_00790,2025-10-10,Home,79.55
U_00790,2025-11-18,Beauty,56.46
U_00790,2025-12-10,Beauty,54.34
U_00791,2025-10-21,Electronics,95.22
U_00791,2025-10-27,Grocery,37.19
U_00792,2025-07-25,Grocery,67.44
U_00792,2025-08-14,Grocery,35.71
U_00793,2025-08-01,Electronics,52.6
U_00796,2025-07-08,Toys,14.42
U_00796,2025-07-09,Toys,27.24
U_00796,2025-09-04,Toys,46.62
U_00796,2025-10-12,Books,219.97
U_00796,2025-11-14,Toys,39.76
U_00796,2025-11-24,Toys,56.46
U_00797,2025-10-04,Sports,35.19
U_00798,2025-11-17,Books,98.33
U_00800,2025-08-05,Books,44.28
U_00800,2025-08-23,Toys,83.64
U_00800,2025-09-28,Toys,34.13
U_00801,2025-07-20,Fashion,47.61
U_00801,2025-08-26,Books,59.53
U_00802,2025-07-27,Books,205.77
U_00803,2025-09-24,Books,44.84
U_00803,2025-10-10,Electronics,26.85
U_00803,2025-10-22,Electronics,21.86
U_00803,2025-12-24,Electronics,74.1
U_00805,2025-07-22,Grocery,7.57
U_00805,2025-07-29,Grocery,13.88
U_00805,2025-10-04,Sports,76.17
U_00805,2025-12-25,Grocery,15.14
U_00806,2025-07-08,Fashion,50.99
U_00806,2025-09-05,Electronics,48.13
U_00806,2025-10-02,Fashion,23.18
U_00808,2025-08-04,Beauty,60.99
U_00808,2025-11-01,Beauty,34.05
U_00809,2025-09-17,Beauty,114.79
U_00809,2025-09-26,Books,56.33
U_00809,2025-11-01,Books,90.44
U_00809,2025-11-12,Books,43.3
U_00809,2025-12-11,Sports,274.22
U_00809,2025-12-28,Books,114.47
U_00810,2025-09-20,Electronics,41.19
U_00812,2025-09-11,Electronics,15.44
U_00813,2025-08-11,Sports,15.88
U_00813,2025-09-27,Sports,51.76
U_00813,2025-12-21,Sports,31.76
U_00814,2025-10-16,Beauty,33.41
U_00814,2025-11-11,Beauty,42.07
U_00815,2025-10-28,Books,19.81
U_00816,2025-10-03,Toys,28.17
U_00818,2025-07-12,Toys,17.74
U_00818,2025-11-08,Fashion,13.5
U_00818,2025-11-10,Fashion,36.64
U_00818,2025-12-03,Home,32.33
U_00818,2025-12-12,Beauty,10.51
U_00818,2025-12-19,Fashion,30.42
U_00819,2025-08-04,Electronics,26.21
U_00819,2025-08-30,Grocery,112.72
U_00819,2025-11-28,Beauty,129.46
U_00820,2025-07-22,Toys,24.51
U_00820,2025-07-30,Electronics,6.09
U_00820,2025-11-26,Toys,46.24
U_00821,2025-07-19,Toys,74.32
U_00821,2025-07-20,Toys,49.63
U_00821,2025-07-30,Beauty,37.44
U_00821,2025-08-24,Toys,138.34
U_00821,2025-09-25,Beauty,27.77
U_00821,2025-11-28,Beauty,42.11
U_00821,2025-12-22,Beauty,107.31
U_00822,2025-08-21,Fashion,76.02
U_00822,2025-09-02,Fashion,53.38
U_00822,2025-12-02,Toys,86.2
U_00823,2025-07-13,Grocery,11.9
U_00823,2025-08-04,Books,46.96
U_00823,2025-08-24,Books,38.89
U_00823,2025-11-15,Home,28.94
U_00824,2025-07-25,Home,20.59
U_00824,2025-08-30,Home,33.23
U_00824,2025-09-10,Toys,31.98
U_00824,2025-10-25,Home,12.58
U_00824,2025-11-19,Home,16.65
U_00825,2025-07-27,Grocery,158.7
U_00825,2025-08-24,Books,193.04
U_00825,2025-08-26,Grocery,18.9
U_00825,2025-08-28,Grocery,23.79
U_00825,2025-09-02,Toys,155.6
U_00825,2025-09-13,Grocery,36.74
U_00825,2025-10-18,Electronics,73.42
U_00825,2025-11-07,Grocery,102.63
U_00825,2025-11-22,Grocery,167.99
U_00827,2025-12-27,Beauty,20.41
U_00828,2025-10-10,Books,18.1
U_00828,2025-12-15,Books,10.5
U_00829,2025-08-29,Fashion,73.44
U_00829,2025-10-02,Sports,62.74
U_00829,2025-10-14,Fashion,61.26
U_00829,2025-10-19,Fashion,87.24
U_00829,2025-10-27,Fashion,81.52
U_00829,2025-12-16,Fashion,36.2
U_00830,2025-08-05,Beauty,29.51
U_00831,2025-10-29,Grocery,98.47
U_00831,2025-11-15,Grocery,158.77
U_00831,2025-11-27,Toys,36.49
U_00832,2025-07-06,Grocery,55.88
U_00832,2025-07-15,Grocery,44.1
U_00832,2025-08-06,Sports,62.23
U_00834,2025-10-16,Beauty,15.0
U_00834,2025-10-26,Books,46.14
U_00834,2025-12-11,Books,54.73
U_00835,2025-08-19,Toys,93.89
U_00837,2025-08-07,Electronics,14.22
U_00838,2025-09-04,Books,182.97
U_00839,2025-08-02,Beauty,24.67
U_00839,2025-09-05,Electronics,15.7
U_00840,2025-08-01,Home,233.99
U_00840,2025-08-23,Beauty,74.43
U_00840,2025-08-27,Beauty,88.67
U_00840,2025-09-24,Home,61.01
U_00840,2025-09-26,Grocery,69.89
U_00840,2025-10-09,Beauty,102.74
U_00840,2025-11-12,Home,148.38
U_00843,2025-08-07,Beauty,39.3
U_00844,2025-07-08,Books,33.74
U_00844,2025-08-13,Books,18.66
U_00844,2025-12-11,Electronics,43.32
U_00845,2025-09-30,Books,53.99
U_00846,2025-07-23,Sports,30.6
U_00846,2025-09-03,Sports,44.53
U_00847,2025-08-23,Grocery,16.38
U_00848,2025-12-13,Books,24.76
U_00850,2025-09-25,Grocery,19.11
U_00851,2025-08-06,Fashion,128.99
U_00851,2025-08-12,Fashion,66.34
U_00851,2025-09-25,Sports,49.55
U_00853,2025-09-14,Toys,87.54
U_00853,2025-11-25,Toys,31.0
U_00854,2025-07-14,Beauty,98.35
U_00854,2025-07-18,Toys,66.8
U_00854,2025-08-01,Beauty,174.83
U_00854,2025-10-05,Books,66.43
U_00854,2025-11-21,Toys,47.16
U_00854,2025-12-23,Beauty,71.59
U_00857,2025-08-14,Beauty,69.32
U_00857,2025-09-23,Beauty,6.14
U_00857,2025-11-15,Sports,20.55
U_00857,2025-12-01,Electronics,69.23
U_00857,2025-12-05,Beauty,16.49
U_00857,2025-12-19,Sports,61.9
U_00858,2025-08-03,Electronics,19.33
U_00859,2025-09-02,Grocery,22.68
U_00859,2025-10-17,Books,18.1
U_00859,2025-11-21,Books,44.68
U_00859,2025-12-14,Books,34.62
U_00860,2025-07-05,Grocery,110.57
U_00860,2025-07-24,Beauty,117.24
U_00860,2025-07-29,Beauty,39.06
U_00860,2025-08-10,Beauty,17.69
U_00860,2025-08-20,Beauty,49.89
U_00860,2025-08-26,Fashion,434.19
U_00860,2025-09-07,Beauty,193.01
U_00860,2025-09-10,Sports,169.59
U_00860,2025-09-25,Beauty,128.53
U_00860,2025-09-29,Beauty,87.48
U_00860,2025-10-11,Beauty,162.11
U_00860,2025-10-26,Home,224.88
U_00861,2025-08-14,Home,6.19
U_00861,2025-10-10,Home,13.13
U_00862,2025-09-28,Fashion,39.63
U_00862,2025-10-31,Toys,10.34
U_00863,2025-10-03,Toys,31.33
U_00864,2025-09-18,Toys,73.21
U_00864,2025-09-29,Beauty,61.67
U_00864,2025-11-03,Toys,23.25
U_00864,2025-12-08,Books,57.32
U_00864,2025-12-25,Books,84.4
U_00865,2025-08-24,Toys,66.64
U_00866,2025-09-06,Fashion,20.06
U_00866,2025-11-30,Fashion,21.97
U_00867,2025-09-02,Home,70.15
U_00867,2025-09-10,Home,83.91
U_00867,2025-09-23,Home,66.6
U_00867,2025-12-02,Beauty,102.91
U_00868,2025-11-17,Fashion,118.0
U_00868,2025-12-01,Beauty,98.87
U_00870,2025-07-16,Beauty,47.22
U_00870,2025-08-16,Beauty,46.72
U_00870,2025-09-07,Beauty,104.68
U_00870,2025-09-28,Sports,66.61
U_00871,2025-09-25,Sports,34.03
U_00871,2025-09-26,Sports,54.22
U_00872,2025-07-08,Fashion,257.86
U_00872,2025-08-15,Fashion,61.58
U_00872,2025-08-29,Fashion,69.95
U_00873,2025-07-09,Fashion,18.69
U_00874,2025-09-03,Toys,91.22
U_00875,2025-07-21,Books,105.96
U_00875,2025-09-22,Books,67.11
U_00875,2025-09-23,Home,135.51
U_00877,2025-07-05,Beauty,27.35
U_00877,2025-07-20,Toys,35.08
U_00877,2025-09-09,Toys,89.58
U_00877,2025-09-13,Toys,53.47
U_00877,2025-11-09,Toys,198.13
U_00878,2025-09-01,Toys,11.25
U_00879,2025-07-20,Toys,21.95
U_00879,2025-07-25,Toys,28.84
U_00879,2025-09-14,Toys,112.62
U_00879,2025-10-06,Toys,38.35
U_00879,2025-10-08,Toys,74.11
U_00879,2025-11-01,Toys,30.33
U_00879,2025-11-08,Toys,117.12
U_00879,2025-12-10,Toys,106.64
U_00880,2025-07-18,Beauty,16.35
U_00880,2025-08-03,Beauty,20.8
U_00880,2025-10-17,Books,149.37
U_00880,2025-10-19,Beauty,59.22
U_00881,2025-12-02,Books,41.55
U_00882,2025-07-17,Sports,62.91
U_00882,2025-08-28,Sports,43.94
U_00883,2025-11-08,Electronics,43.36
U_00884,2025-07-14,Toys,106.23
U_00884,2025-07-23,Toys,60.24
U_00884,2025-10-04,Toys,60.68
U_00884,2025-12-24,Electronics,43.14
U_00885,2025-07-10,Sports,80.87
U_00885,2025-07-12,Sports,52.41
U_00885,2025-09-06,Sports,80.27
U_00885,2025-10-01,Sports,88.59
U_00886,2025-09-26,Home,18.24
U_00887,2025-07-19,Books,139.89
U_00887,2025-09-03,Sports,102.24
U_00887,2025-09-04,Books,161.05
U_00887,2025-10-05,Sports,46.56
U_00887,2025-10-30,Books,87.31
U_00887,2025-11-17,Books,94.56
U_00887,2025-11-25,Electronics,84.11
U_00887,2025-11-30,Books,58.61
U_00887,2025-12-11,Sports,30.74
U_00888,2025-08-08,Home,88.75
U_00888,2025-08-24,Home,15.35
U_00888,2025-08-30,Home,29.17
U_00888,2025-10-29,Home,92.02
U_00889,2025-09-05,Beauty,21.12
U_00889,2025-09-17,Beauty,119.13
U_00889,2025-10-08,Beauty,64.74
U_00889,2025-11-03,Beauty,17.58
U_00889,2025-12-05,Beauty,201.34
U_00889,2025-12-19,Beauty,73.55
U_00890,2025-09-06,Books,17.7
U_00890,2025-12-21,Books,9.76
U_00890,2025-12-24,Books,31.43
U_00891,2025-07-21,Electronics,26.82
U_00893,2025-07-15,Toys,143.35
U_00893,2025-08-30,Toys,92.57
U_00893,2025-09-12,Books,249.15
U_00893,2025-10-08,Toys,60.62
U_00893,2025-10-20,Toys,93.75
U_00893,2025-11-14,Grocery,87.82
U_00894,2025-08-10,Home,26.06
U_00895,2025-09-13,Fashion,42.92
U_00895,2025-12-11,Electronics,34.15
U_00896,2025-10-09,Home,13.54
U_00897,2025-09-10,Electronics,78.29
U_00897,2025-11-19,Electronics,247.16
U_00898,2025-09-13,Home,10.46
U_00899,2025-08-25,Books,69.23
U_00899,2025-09-21,Books,48.91
U_00899,2025-10-04,Books,107.4
U_00899,2025-10-10,Books,36.36
U_00899,2025-10-24,Books,98.04
U_00899,2025-11-07,Books,112.59
U_00899,2025-11-29,Home,77.55
U_00899,2025-12-25,Books,169.01
U_00900,2025-10-25,Grocery,276.97
U_00901,2025-07-18,Fashion,47.34
U_00901,2025-08-10,Fashion,84.49
U_00902,2025-09-30,Grocery,69.35
U_00903,2025-07-14,Grocery,17.5
U_00903,2025-07-26,Toys,50.31
U_00903,2025-08-12,Electronics,100.41
U_00903,2025-09-08,Electronics,83.05
U_00903,2025-09-18,Electronics,151.38
U_00903,2025-09-22,Electronics,71.2
U_00903,2025-10-10,Electronics,47.93
U_00903,2025-10-29,Electronics,13.06
U_00903,2025-11-29,Electronics,53.81
U_00903,2025-12-25,Electronics,88.73
U_00905,2025-07-20,Toys,31.47
U_00905,2025-11-14,Toys,5.31
U_00906,2025-09-18,Toys,11.65
U_00906,2025-10-01,Grocery,5.66
U_00906,2025-10-13,Toys,25.99
U_00907,2025-09-24,Sports,20.98
U_00908,2025-10-13,Home,26.02
U_00908,2025-10-23,Home,47.54
U_00909,2025-09-20,Fashion,44.55
U_00909,2025-10-10,Fashion,14.07
U_00910,2025-08-05,Books,22.07
U_00913,2025-09-17,Grocery,34.63
U_00914,2025-12-13,Toys,36.66
U_00916,2025-09-29,Beauty,114.38
U_00916,2025-12-27,Beauty,71.48
U_00917,2025-07-07,Sports,40.16
U_00918,2025-08-17,Home,25.03
U_00918,2025-09-06,Home,49.48
U_00918,2025-12-20,Home,26.04
U_00920,2025-07-04,Toys,111.67
U_00920,2025-07-19,Books,127.83
U_00920,2025-07-30,Toys,100.19
U_00920,2025-08-04,Grocery,67.72
U_00920,2025-08-16,Fashion,80.99
U_00920,2025-08-22,Fashion,100.14
U_00920,2025-08-28,Toys,70.59
U_00920,2025-09-10,Fashion,112.17
U_00920,2025-09-27,Toys,452.47
U_00920,2025-10-26,Toys,37.57
U_00920,2025-10-31,Fashion,92.01
U_00920,2025-11-27,Toys,120.07
U_00920,2025-11-29,Books,199.92
U_00920,2025-11-30,Fashion,47.5
U_00920,2025-12-04,Fashion,180.04
U_00920,2025-12-14,Toys,165.16
U_00920,2025-12-29,Toys,121.91
U_00922,2025-11-13,Fashion,14.09
U_00922,2025-11-14,Fashion,34.71
U_00923,2025-08-05,Fashion,28.95
U_00923,2025-08-09,Fashion,22.39
U_00923,2025-10-30,Fashion,23.37
U_00924,2025-10-16,Fashion,29.23
U_00924,2025-11-23,Sports,77.16
U_00925,2025-08-24,Fashion,6.52
U_00925,2025-11-05,Grocery,35.6
U_00925,2025-12-14,Grocery,23.99
U_00926,2025-07-10,Toys,76.55
U_00926,2025-10-26,Toys,54.47
U_00927,2025-07-11,Books,38.15
U_00927,2025-07-15,Books,45.47
U_00927,2025-08-08,Books,27.58
U_00927,2025-09-01,Books,98.66
U_00927,2025-09-10,Books,79.89
U_00927,2025-11-11,Books,116.95
U_00927,2025-12-16,Books,52.61
U_00928,2025-07-24,Beauty,111.83
U_00928,2025-08-23,Beauty,32.95
U_00928,2025-09-26,Beauty,33.17
U_00928,2025-10-07,Beauty,101.87
U_00928,2025-10-15,Beauty,10.1
U_00928,2025-11-05,Beauty,59.44
U_00928,2025-12-03,Beauty,45.2
U_00928,2025-12-30,Beauty,65.66
U_00929,2025-07-14,Electronics,22.53
U_00932,2025-08-07,Beauty,40.6
U_00933,2025-07-18,Fashion,15.44
U_00934,2025-07-22,Books,116.98
U_00934,2025-09-17,Grocery,48.99
U_00934,2025-09-20,Books,96.0
U_00934,2025-09-30,Sports,204.81
U_00934,2025-10-05,Grocery,92.6
U_00934,2025-10-11,Grocery,66.2
U_00934,2025-10-28,Grocery,74.02
U_00934,2025-11-09,Grocery,17.95
U_00934,2025-12-02,Grocery,82.25
U_00935,2025-07-21,Fashion,79.07
U_00935,2025-08-03,Fashion,16.62
U_00935,2025-08-09,Fashion,62.99
U_00935,2025-08-14,Electronics,33.64
U_00935,2025-11-14,Fashion,16.6
U_00935,2025-11-25,Toys,79.9
U_00935,2025-11-27,Fashion,54.23
U_00936,2025-07-08,Books,94.16
U_00936,2025-09-12,Books,63.68
U_00936,2025-09-21,Beauty,44.34
U_00936,2025-10-08,Electronics,88.39
U_00936,2025-12-09,Books,66.31
U_00937,2025-10-08,Books,28.74
U_00938,2025-07-10,Books,23.33
U_00938,2025-10-01,Books,26.62
U_00939,2025-07-22,Toys,59.35
U_00939,2025-08-11,Beauty,71.38
U_00939,2025-09-04,Beauty,28.47
U_00939,2025-09-23,Electronics,130.95
U_00939,2025-10-25,Beauty,122.0
U_00939,2025-11-16,Beauty,31.94
U_00939,2025-12-16,Beauty,113.91
U_00940,2025-08-04,Beauty,8.26
U_00940,2025-09-18,Beauty,35.6
U_00940,2025-11-14,Beauty,32.48
U_00940,2025-12-22,Beauty,20.01
U_00941,2025-08-16,Toys,23.38
U_00943,2025-07-14,Sports,9.19
U_00944,2025-11-12,Electronics,17.52
U_00945,2025-07-20,Sports,15.07
U_00945,2025-07-30,Sports,52.53
U_00945,2025-08-01,Electronics,39.01
U_00945,2025-09-16,Sports,15.79
U_00945,2025-12-09,Sports,43.69
U_00946,2025-09-02,Electronics,9.9
U_00948,2025-07-11,Grocery,56.15
U_00948,2025-08-08,Electronics,47.1
U_00948,2025-09-13,Grocery,38.54
U_00948,2025-12-22,Toys,60.2
U_00948,2025-12-23,Grocery,49.73
U_00950,2025-09-29,Grocery,89.13
U_00950,2025-10-26,Grocery,11.52
U_00950,2025-11-21,Toys,54.72
U_00951,2025-08-03,Electronics,46.97
U_00952,2025-07-26,Fashion,40.94
U_00952,2025-10-20,Fashion,43.48
U_00953,2025-09-04,Books,36.82
U_00954,2025-07-09,Electronics,30.45
U_00954,2025-08-11,Electronics,23.54
U_00955,2025-07-15,Toys,24.48
U_00955,2025-09-05,Books,17.93
U_00955,2025-10-12,Books,32.7
U_00955,2025-11-09,Sports,11.59
U_00956,2025-08-11,Toys,77.43
U_00956,2025-08-14,Toys,43.26
U_00956,2025-08-18,Toys,82.87
U_00956,2025-09-10,Toys,21.18
U_00956,2025-10-26,Beauty,61.5
U_00956,2025-11-25,Toys,94.37
U_00956,2025-12-02,Books,57.32
U_00956,2025-12-18,Toys,26.33
U_00957,2025-08-08,Grocery,180.93
U_00957,2025-11-23,Books,107.82
U_00958,2025-09-15,Toys,38.17
U_00959,2025-08-05,Beauty,17.91
U_00960,2025-09-24,Electronics,26.93
U_00960,2025-10-22,Electronics,39.44
U_00962,2025-08-01,Fashion,18.79
U_00963,2025-07-13,Home,70.51
U_00965,2025-07-27,Fashion,131.67
U_00965,2025-08-24,Fashion,81.1
U_00965,2025-08-27,Fashion,42.8
U_00965,2025-09-01,Fashion,67.58
U_00965,2025-09-25,Fashion,31.65
U_00965,2025-10-20,Sports,25.32
U_00965,2025-10-23,Fashion,67.86
U_00966,2025-08-07,Beauty,47.93
U_00966,2025-10-18,Home,30.23
U_00967,2025-09-17,Home,83.04
U_00967,2025-10-15,Home,51.94
U_00969,2025-08-18,Grocery,18.4
U_00969,2025-08-29,Grocery,31.53
U_00969,2025-10-26,Grocery,24.67
U_00969,2025-11-08,Grocery,28.48
U_00971,2025-08-13,Books,10.39
U_00973,2025-07-06,Beauty,42.58
U_00973,2025-08-05,Beauty,62.34
U_00973,2025-08-13,Sports,101.88
U_00973,2025-08-22,Beauty,21.86
U_00973,2025-09-01,Beauty,80.08
U_00973,2025-09-29,Beauty,44.13
U_00973,2025-10-31,Beauty,46.22
U_00973,2025-11-11,Fashion,122.38
U_00973,2025-11-23,Fashion,86.89
U_00973,2025-12-03,Beauty,34.95
U_00973,2025-12-04,Beauty,74.71
U_00973,2025-12-07,Beauty,134.48
U_00974,2025-11-15,Beauty,44.22
U_00975,2025-07-08,Sports,32.93
U_00975,2025-08-22,Sports,252.46
U_00975,2025-09-18,Sports,281.14
U_00975,2025-09-19,Electronics,105.94
U_00975,2025-09-25,Electronics,114.49
U_00975,2025-09-29,Sports,146.7
U_00975,2025-10-13,Sports,60.56
U_00975,2025-10-21,Sports,19.32
U_00975,2025-12-16,Sports,50.73
U_00975,2025-12-27,Sports,70.41
U_00977,2025-08-09,Fashion,32.42
U_00977,2025-10-08,Sports,28.82
U_00977,2025-12-20,Electronics,14.87
U_00978,2025-08-30,Grocery,12.95
U_00979,2025-08-21,Electronics,14.64
U_00980,2025-11-09,Books,10.58
U_00980,2025-11-17,Sports,59.03
U_00982,2025-09-23,Home,24.51
U_00982,2025-11-29,Home,47.62
U_00983,2025-07-20,Electronics,72.95
U_00983,2025-10-10,Electronics,100.36
U_00983,2025-11-11,Electronics,39.15
U_00983,2025-11-25,Electronics,34.91
U_00985,2025-12-26,Electronics,44.43
U_00986,2025-07-13,Books,112.71
U_00986,2025-08-02,Beauty,21.97
U_00986,2025-08-20,Beauty,71.39
U_00986,2025-11-03,Beauty,105.24
U_00986,2025-11-07,Beauty,65.97
U_00986,2025-11-27,Beauty,25.69
U_00986,2025-12-16,Beauty,13.8
U_00986,2025-12-25,Books,75.57
U_00987,2025-08-01,Toys,22.19
U_00988,2025-08-02,Fashion,54.91
U_00988,2025-08-19,Fashion,43.57
U_00988,2025-08-24,Fashion,120.04
U_00988,2025-09-23,Fashion,213.23
U_00988,2025-10-06,Toys,165.58
U_00988,2025-10-23,Electronics,51.71
U_00989,2025-09-24,Fashion,35.56
U_00989,2025-09-28,Fashion,31.94
U_00990,2025-08-18,Electronics,43.46
U_00990,2025-08-29,Home,92.3
U_00990,2025-09-20,Electronics,186.35
U_00990,2025-10-11,Home,76.16
U_00990,2025-10-17,Home,58.43
U_00990,2025-11-26,Home,152.32
U_00990,2025-12-11,Books,100.36
U_00990,2025-12-14,Electronics,116.37
U_00990,2025-12-28,Home,129.71
U_00991,2025-08-30,Electronics,44.56
U_00991,2025-09-09,Electronics,46.32
U_00991,2025-09-17,Grocery,19.7
U_00991,2025-11-20,Electronics,30.95
U_00994,2025-08-20,Books,57.38
U_00995,2025-09-21,Grocery,14.63
U_00997,2025-10-15,Home,46.33
U_00997,2025-12-19,Grocery,122.85
U_00998,2025-09-28,Electronics,24.3
U_00998,2025-12-10,Electronics,15.07
U_00998,2025-12-25,Electronics,32.77
U_00999,2025-08-12,Books,29.25
U_01000,2025-07-06,Books,109.97
U_01000,2025-08-06,Fashion,118.73
U_01000,2025-09-16,Fashion,41.05
U_01000,2025-10-30,Fashion,20.02
U_01000,2025-12-28,Books,52.85
U_01001,2025-07-18,Home,25.43
U_01001,2025-08-28,Home,21.82
U_01001,2025-09-08,Home,31.73
U_01001,2025-09-20,Toys,16.01
U_01001,2025-11-26,Home,29.9
U_01001,2025-12-24,Home,6.71
U_01002,2025-07-10,Fashion,38.94
U_01003,2025-09-06,Grocery,22.82
U_01005,2025-07-09,Sports,22.09
U_01005,2025-10-30,Sports,85.74
U_01006,2025-07-16,Books,55.3
U_01006,2025-07-17,Sports,93.65
U_01006,2025-08-02,Electronics,308.86
U_01006,2025-09-02,Sports,59.71
U_01006,2025-09-25,Home,194.35
U_01006,2025-11-29,Sports,21.67
U_01006,2025-11-30,Fashion,120.23
U_01007,2025-07-28,Home,230.6
U_01007,2025-10-02,Sports,95.12
U_01008,2025-08-08,Fashion,136.15
U_01009,2025-07-18,Toys,217.36
U_01009,2025-08-22,Books,165.61
U_01010,2025-08-20,Beauty,56.56
U_01011,2025-08-21,Electronics,50.37
U_01012,2025-07-13,Sports,74.98
U_01012,2025-11-08,Electronics,93.96
U_01012,2025-11-15,Electronics,52.13
U_01012,2025-11-19,Electronics,31.45
U_01012,2025-11-20,Electronics,103.38
U_01013,2025-08-05,Toys,13.99
U_01013,2025-08-26,Toys,13.83
U_01013,2025-10-29,Toys,42.4
U_01015,2025-10-02,Home,49.18
U_01016,2025-09-14,Toys,64.09
U_01016,2025-11-30,Toys,48.79
U_01017,2025-11-29,Grocery,17.94
U_01018,2025-08-15,Beauty,28.6
U_01018,2025-09-26,Beauty,19.64
U_01018,2025-11-21,Beauty,16.39
U_01019,2025-07-07,Fashion,32.22
U_01019,2025-07-31,Fashion,42.41
U_01019,2025-10-19,Electronics,17.41
U_01019,2025-10-21,Fashion,43.19
U_01019,2025-12-11,Toys,18.1
U_01019,2025-12-18,Fashion,105.67
U_01021,2025-08-02,Beauty,22.3
U_01022,2025-07-21,Grocery,147.59
U_01024,2025-07-06,Grocery,33.52
U_01024,2025-11-24,Grocery,70.09
U_01025,2025-08-24,Fashion,47.63
U_01026,2025-07-16,Grocery,41.18
U_01026,2025-09-20,Grocery,17.49
U_01026,2025-11-03,Grocery,20.55
U_01026,2025-12-02,Grocery,17.39
U_01028,2025-07-24,Home,35.06
U_01028,2025-08-13,Beauty,187.86
U_01028,2025-08-18,Home,33.57
U_01028,2025-09-19,Beauty,49.2
U_01028,2025-10-19,Home,96.95
U_01028,2025-11-22,Beauty,71.88
U_01028,2025-11-29,Home,41.21
U_01028,2025-12-16,Beauty,53.33
U_01029,2025-07-21,Sports,24.18
U_01029,2025-07-30,Sports,15.79
U_01029,2025-08-06,Sports,45.73
U_01030,2025-11-21,Books,17.66
U_01030,2025-12-06,Books,41.02
U_01031,2025-07-22,Beauty,16.91
U_01032,2025-07-17,Beauty,14.51
U_01032,2025-07-24,Grocery,46.5
U_01032,2025-08-06,Books,121.64
U_01032,2025-08-14,Fashion,30.89
U_01032,2025-08-23,Toys,38.99
U_01032,2025-09-03,Toys,56.06
U_01032,2025-09-12,Toys,151.83
U_01032,2025-09-22,Toys,74.8
U_01032,2025-09-26,Electronics,14.75
U_01032,2025-11-28,Toys,6.82
U_01033,2025-08-02,Grocery,23.35
U_01033,2025-10-08,Electronics,59.93
U_01035,2025-07-15,Grocery,23.08
U_01035,2025-09-02,Books,7.76
U_01035,2025-10-20,Grocery,16.45
U_01037,2025-10-25,Electronics,33.78
U_01038,2025-07-18,Home,21.99
U_01038,2025-09-12,Home,27.09
U_01038,2025-12-10,Beauty,12.2
U_01038,2025-12-22,Home,14.69
U_01039,2025-09-04,Home,53.82
U_01040,2025-07-09,Grocery,343.77
U_01040,2025-07-10,Toys,143.17
U_01040,2025-08-25,Electronics,68.5
U_01040,2025-09-14,Home,132.91
U_01040,2025-09-26,Grocery,67.88
U_01040,2025-10-07,Home,273.39
U_01041,2025-07-05,Grocery,116.45
U_01041,2025-09-18,Grocery,80.91
U_01041,2025-10-06,Grocery,15.32
U_01042,2025-07-27,Beauty,12.13
U_01042,2025-08-11,Grocery,33.01
U_01042,2025-11-13,Beauty,57.67
U_01043,2025-09-13,Electronics,237.03
U_01043,2025-10-16,Electronics,174.38
U_01043,2025-12-12,Toys,30.39
U_01045,2025-07-12,Fashion,17.01
U_01045,2025-10-02,Books,41.37
U_01045,2025-10-17,Fashion,25.45
U_01046,2025-07-26,Books,107.87
U_01046,2025-09-28,Fashion,77.37
U_01046,2025-11-08,Toys,51.53
U_01051,2025-08-19,Home,21.14
U_01051,2025-10-05,Fashion,107.52
U_01051,2025-11-23,Sports,79.66
U_01055,2025-08-19,Beauty,89.97
U_01055,2025-10-30,Beauty,59.62
U_01055,2025-12-10,Beauty,18.98
U_01055,2025-12-18,Beauty,38.7
U_01055,2025-12-19,Beauty,91.67
U_01056,2025-08-12,Books,26.21
U_01058,2025-10-13,Toys,38.23
U_01058,2025-10-31,Grocery,174.04
U_01058,2025-12-04,Sports,32.27
U_01058,2025-12-13,Sports,226.48
U_01059,2025-08-24,Beauty,21.8
U_01060,2025-08-11,Beauty,31.04
U_01060,2025-11-18,Sports,39.96
U_01062,2025-08-06,Grocery,21.94
U_01065,2025-11-06,Electronics,19.61
U_01065,2025-11-22,Beauty,64.38
U_01065,2025-12-15,Beauty,16.45
U_01066,2025-08-02,Beauty,17.32
U_01068,2025-09-01,Books,75.81
U_01068,2025-09-29,Beauty,42.25
U_01068,2025-10-04,Sports,86.29
U_01069,2025-07-10,Toys,17.33
U_01069,2025-09-05,Toys,84.04
U_01070,2025-08-01,Grocery,118.95
U_01070,2025-08-30,Fashion,43.41
U_01070,2025-09-13,Grocery,160.37
U_01070,2025-10-30,Fashion,89.09
U_01070,2025-11-01,Fashion,20.47
U_01070,2025-11-04,Grocery,126.55
U_01070,2025-11-24,Electronics,272.64
U_01072,2025-07-17,Sports,15.07
U_01072,2025-07-31,Toys,155.04
U_01073,2025-07-31,Beauty,53.62
U_01073,2025-11-06,Beauty,18.65
U_01073,2025-11-07,Beauty,24.08
U_01073,2025-11-10,Books,78.78
U_01074,2025-07-11,Toys,119.65
U_01074,2025-09-07,Electronics,50.75
U_01074,2025-09-12,Toys,69.63
U_01075,2025-08-15,Sports,54.37
U_01076,2025-10-31,Fashion,7.07
U_01077,2025-07-26,Fashion,132.49
U_01077,2025-08-21,Beauty,38.05
U_01077,2025-09-05,Toys,41.86
U_01077,2025-12-27,Grocery,120.69
U_01079,2025-12-13,Toys,33.3
U_01079,2025-12-26,Toys,19.57
U_01080,2025-08-15,Electronics,36.97
U_01082,2025-08-24,Home,20.28
U_01084,2025-07-20,Sports,62.19
U_01084,2025-07-24,Sports,113.67
U_01084,2025-09-01,Sports,108.86
U_01084,2025-09-10,Sports,107.34
U_01084,2025-11-24,Sports,112.02
U_01084,2025-12-01,Home,23.9
U_01084,2025-12-26,Sports,64.07
U_01085,2025-07-15,Home,91.15
U_01086,2025-09-24,Toys,97.52
U_01086,2025-12-02,Toys,32.46
U_01087,2025-08-12,Toys,60.49
U_01088,2025-08-14,Home,38.82
U_01088,2025-10-10,Electronics,11.38
U_01089,2025-09-10,Toys,14.22
U_01090,2025-07-20,Books,71.39
U_01090,2025-08-12,Books,51.07
U_01090,2025-09-28,Books,24.42
U_01090,2025-10-15,Books,51.56
U_01090,2025-11-13,Sports,162.39
U_01090,2025-11-17,Books,37.96
U_01090,2025-11-28,Books,76.43
U_01090,2025-12-11,Home,38.88
U_01091,2025-07-16,Fashion,48.98
U_01091,2025-07-29,Sports,68.85
U_01091,2025-08-21,Sports,64.91
U_01091,2025-08-31,Sports,48.26
U_01091,2025-09-30,Sports,133.15
U_01092,2025-08-01,Electronics,80.66
U_01093,2025-07-22,Home,15.17
U_01095,2025-09-26,Sports,143.35
U_01097,2025-08-23,Home,145.18
U_01097,2025-08-31,Home,64.92
U_01097,2025-09-25,Home,36.64
U_01100,2025-07-08,Sports,54.77
U_01100,2025-07-24,Sports,13.55
U_01101,2025-07-07,Sports,28.1
U_01101,2025-07-13,Toys,122.53
U_01101,2025-08-19,Sports,20.93
U_01101,2025-10-15,Grocery,110.77
U_01101,2025-11-28,Sports,121.17
U_01103,2025-08-15,Beauty,17.37
U_01104,2025-07-06,Beauty,102.86
U_01104,2025-07-11,Beauty,46.51
U_01104,2025-07-14,Beauty,209.08
U_01104,2025-08-09,Grocery,64.33
U_01104,2025-08-26,Beauty,108.04
U_01104,2025-10-02,Beauty,142.9
U_01104,2025-10-10,Sports,123.46
U_01104,2025-10-11,Toys,18.72
U_01104,2025-10-25,Beauty,175.69
U_01104,2025-11-11,Beauty,199.28
U_01105,2025-08-12,Fashion,19.82
U_01107,2025-07-27,Fashion,23.15
U_01107,2025-07-29,Books,110.79
U_01107,2025-08-13,Electronics,38.55
U_01107,2025-08-27,Electronics,43.22
U_01107,2025-09-24,Electronics,60.23
U_01108,2025-10-01,Toys,68.56
U_01108,2025-11-24,Sports,127.46
U_01109,2025-09-25,Toys,44.71
U_01110,2025-10-04,Toys,14.14
U_01110,2025-11-27,Toys,30.54
U_01110,2025-12-21,Toys,33.51
U_01111,2025-11-14,Home,20.76
U_01111,2025-11-29,Home,54.51
U_01112,2025-11-06,Beauty,31.1
U_01112,2025-11-11,Books,55.6
U_01113,2025-08-27,Electronics,43.96
U_01113,2025-08-29,Fashion,17.53
U_01113,2025-10-06,Books,36.6
U_01113,2025-10-23,Electronics,9.64
U_01113,2025-11-09,Electronics,11.95
U_01115,2025-07-08,Fashion,132.47
U_01115,2025-07-12,Fashion,114.67
U_01115,2025-07-30,Electronics,261.15
U_01115,2025-10-02,Fashion,51.54
U_01115,2025-10-11,Fashion,214.61
U_01115,2025-10-30,Fashion,11.98
U_01117,2025-09-29,Toys,80.98
U_01117,2025-10-19,Toys,32.74
U_01117,2025-10-26,Toys,25.47
U_01117,2025-12-13,Toys,90.41
U_01117,2025-12-14,Toys,50.53
U_01118,2025-07-20,Toys,71.89
U_01119,2025-08-03,Books,129.79
U_01119,2025-08-12,Electronics,14.2
U_01121,2025-07-21,Beauty,78.91
U_01121,2025-08-28,Beauty,56.35
U_01122,2025-09-15,Electronics,27.17
U_01124,2025-12-20,Toys,68.74
U_01125,2025-09-07,Books,51.2
U_01125,2025-12-03,Grocery,111.96
U_01126,2025-07-07,Fashion,15.95
U_01127,2025-08-19,Books,25.69
U_01127,2025-10-31,Books,21.68
U_01127,2025-11-15,Books,70.08
U_01127,2025-12-10,Books,15.11
U_01129,2025-10-16,Grocery,16.38
U_01130,2025-07-16,Beauty,64.41
U_01130,2025-08-11,Books,76.69
U_01130,2025-12-08,Beauty,150.71
U_01131,2025-11-17,Toys,21.53
U_01132,2025-07-06,Toys,55.86
U_01133,2025-09-26,Books,38.04
U_01133,2025-10-17,Books,137.54
U_01133,2025-12-06,Books,41.02
U_01133,2025-12-30,Books,24.74
U_01134,2025-08-08,Electronics,33.37
U_01134,2025-10-25,Electronics,85.3
U_01134,2025-12-08,Electronics,55.71
U_01136,2025-08-16,Books,65.68
U_01136,2025-08-26,Books,21.98
U_01136,2025-08-30,Books,51.76
U_01138,2025-07-11,Beauty,49.93
U_01138,2025-07-26,Beauty,50.26
U_01138,2025-08-26,Electronics,114.28
U_01138,2025-09-10,Beauty,39.46
U_01138,2025-09-16,Beauty,58.94
U_01138,2025-10-30,Beauty,57.53
U_01138,2025-11-05,Beauty,49.01
U_01138,2025-11-07,Grocery,125.95
U_01138,2025-12-21,Electronics,28.14
U_01139,2025-07-13,Toys,45.22
U_01139,2025-07-26,Toys,36.69
U_01139,2025-11-26,Toys,68.98
U_01141,2025-08-12,Beauty,58.22
U_01142,2025-10-04,Fashion,19.66
U_01142,2025-10-09,Fashion,45.59
U_01142,2025-10-24,Fashion,42.16
U_01143,2025-09-25,Electronics,19.02
U_01143,2025-10-04,Electronics,45.17
U_01143,2025-10-16,Electronics,30.15
U_01144,2025-07-13,Beauty,24.72
U_01144,2025-08-18,Beauty,77.76
U_01144,2025-09-12,Beauty,33.38
U_01144,2025-10-18,Books,22.51
U_01145,2025-09-14,Home,60.31
U_01145,2025-09-25,Home,60.91
U_01145,2025-12-01,Home,106.45
U_01145,2025-12-06,Home,108.98
U_01145,2025-12-23,Home,60.08
U_01145,2025-12-24,Grocery,89.97
U_01147,2025-07-23,Grocery,17.29
U_01147,2025-10-06,Books,78.08
U_01148,2025-08-13,Electronics,21.08
U_01149,2025-07-08,Sports,32.32
U_01149,2025-07-27,Sports,42.83
U_01149,2025-08-06,Sports,54.44
U_01149,2025-08-18,Sports,38.92
U_01149,2025-11-03,Sports,99.68
U_01149,2025-11-14,Sports,145.53
U_01150,2025-08-06,Grocery,108.73
U_01150,2025-10-18,Electronics,8.28
U_01151,2025-07-06,Home,74.13
U_01152,2025-07-30,Sports,124.18
U_01152,2025-08-29,Sports,60.48
U_01153,2025-07-21,Toys,27.72
U_01153,2025-08-18,Books,11.21
U_01154,2025-10-04,Sports,18.76
U_01154,2025-11-22,Toys,46.24
U_01156,2025-10-16,Electronics,55.39
U_01156,2025-11-16,Electronics,112.16
U_01156,2025-12-16,Electronics,24.96
U_01156,2025-12-18,Home,140.42
U_01157,2025-07-14,Home,52.17
U_01157,2025-09-04,Home,65.66
U_01159,2025-08-01,Home,107.2
U_01161,2025-10-19,Grocery,14.63
U_01162,2025-07-31,Beauty,30.98
U_01162,2025-08-26,Beauty,18.59
U_01163,2025-09-15,Books,6.2
U_01163,2025-10-12,Fashion,10.87
U_01163,2025-11-04,Toys,69.6
U_01163,2025-11-05,Toys,14.05
U_01164,2025-07-13,Toys,38.57
U_01164,2025-07-28,Toys,56.69
U_01164,2025-08-06,Toys,441.13
U_01164,2025-08-23,Toys,120.37
U_01164,2025-08-30,Grocery,49.78
U_01164,2025-10-19,Toys,63.58
U_01167,2025-11-29,Toys,30.11
U_01167,2025-12-30,Toys,46.22
U_01168,2025-07-10,Books,101.98
U_01168,2025-08-14,Sports,64.64
U_01168,2025-08-27,Books,79.51
U_01168,2025-09-06,Sports,72.16
U_01168,2025-09-19,Sports,31.91
U_01168,2025-09-25,Electronics,69.49
U_01168,2025-09-30,Electronics,167.78
U_01168,2025-10-30,Sports,20.12
U_01169,2025-08-25,Fashion,5.95
U_01169,2025-11-22,Fashion,151.18
U_01171,2025-08-03,Home,47.26
U_01171,2025-08-12,Home,62.59
U_01172,2025-08-23,Toys,47.87
U_01172,2025-08-30,Toys,30.35
U_01173,2025-09-05,Beauty,44.0
U_01173,2025-10-03,Books,12.0
U_01175,2025-08-26,Toys,39.68
U_01175,2025-09-10,Toys,19.58
U_01176,2025-10-29,Grocery,27.76
U_01177,2025-08-30,Electronics,176.12
U_01177,2025-12-16,Beauty,73.55
U_01178,2025-08-11,Books,50.58
U_01179,2025-12-09,Home,21.4
U_01180,2025-07-05,Electronics,115.0
U_01180,2025-08-17,Books,182.34
U_01180,2025-09-07,Books,203.95
U_01180,2025-09-20,Home,117.46
U_01180,2025-09-25,Books,65.0
U_01180,2025-10-03,Home,110.75
U_01180,2025-10-15,Electronics,67.72
U_01180,2025-11-04,Books,154.46
U_01180,2025-11-16,Electronics,129.6
U_01180,2025-11-27,Electronics,68.97
U_01180,2025-12-09,Sports,383.38
U_01180,2025-12-14,Fashion,65.3
U_01183,2025-07-25,Home,34.85
U_01183,2025-08-08,Toys,147.18
U_01183,2025-08-09,Toys,105.48
U_01183,2025-08-14,Home,52.41
U_01183,2025-09-13,Toys,118.75
U_01187,2025-07-20,Home,20.25
U_01187,2025-08-12,Toys,13.89
U_01189,2025-07-29,Beauty,18.95
U_01190,2025-10-04,Beauty,49.67
U_01191,2025-07-17,Beauty,89.75
U_01191,2025-07-24,Beauty,102.33
U_01191,2025-07-29,Beauty,97.56
U_01191,2025-08-10,Beauty,81.86
U_01191,2025-08-20,Beauty,189.59
U_01191,2025-10-08,Sports,53.14
U_01191,2025-10-14,Beauty,127.56
U_01191,2025-11-12,Beauty,161.63
U_01191,2025-11-20,Sports,72.22
U_01191,2025-11-23,Beauty,15.38
U_01193,2025-07-16,Grocery,29.71
U_01193,2025-09-23,Beauty,34.53
U_01193,2025-11-11,Beauty,23.3
U_01194,2025-08-16,Grocery,39.19
U_01194,2025-09-16,Home,106.24
U_01194,2025-10-03,Home,74.4
U_01194,2025-11-19,Home,65.33
U_01194,2025-11-20,Home,36.29
U_01195,2025-08-04,Electronics,28.24
U_01195,2025-09-08,Electronics,14.47
U_01196,2025-08-15,Fashion,94.46
U_01196,2025-08-19,Fashion,100.41
U_01196,2025-09-14,Fashion,14.44
U_01197,2025-08-26,Electronics,25.55
U_01198,2025-07-04,Beauty,6.46
U_01198,2025-07-22,Beauty,52.49
U_01198,2025-08-04,Beauty,23.0
U_01198,2025-08-09,Books,51.64
U_01198,2025-09-29,Beauty,59.35
U_01198,2025-09-30,Beauty,15.73
U_01198,2025-10-24,Beauty,13.06
U_01198,2025-11-25,Grocery,18.3
U_01199,2025-08-17,Fashion,256.43
U_01199,2025-09-25,Fashion,65.93
U_01199,2025-09-27,Fashion,33.57
U_01199,2025-10-28,Fashion,88.9
U_01199,2025-11-11,Fashion,130.11
U_01199,2025-11-15,Fashion,184.96
U_01199,2025-11-27,Fashion,271.46
U_01199,2025-12-16,Home,38.1
U_01200,2025-07-27,Electronics,24.65
U_01201,2025-07-09,Home,48.33
U_01201,2025-07-13,Home,22.93
U_01201,2025-09-26,Grocery,151.19
U_01201,2025-10-01,Home,33.13
U_01201,2025-11-07,Home,70.0
U_01204,2025-07-14,Grocery,68.99
U_01204,2025-10-30,Grocery,19.56
U_01204,2025-12-13,Grocery,18.4
U_01205,2025-07-10,Beauty,18.06
U_01206,2025-10-17,Fashion,79.81
U_01207,2025-11-30,Fashion,29.27
U_01208,2025-10-21,Books,18.92
U_01208,2025-11-11,Books,47.19
U_01209,2025-10-29,Electronics,44.52
U_01209,2025-12-03,Toys,8.21
U_01209,2025-12-04,Toys,26.86
U_01210,2025-07-26,Books,17.25
U_01210,2025-09-09,Books,18.21
U_01210,2025-10-15,Fashion,32.92
U_01210,2025-12-11,Toys,22.14
U_01211,2025-10-13,Toys,106.29
U_01211,2025-11-08,Fashion,31.6
U_01211,2025-11-12,Fashion,62.6
U_01213,2025-07-11,Sports,21.41
U_01213,2025-11-01,Beauty,8.88
U_01214,2025-08-09,Toys,43.65
U_01214,2025-10-13,Fashion,33.73
U_01214,2025-11-14,Grocery,19.07
U_01214,2025-12-07,Toys,7.68
U_01215,2025-08-27,Sports,89.03
U_01215,2025-08-31,Sports,168.38
U_01216,2025-08-18,Grocery,21.42
U_01216,2025-10-12,Toys,8.09
U_01217,2025-07-14,Grocery,51.58
U_01217,2025-07-22,Grocery,33.63
U_01217,2025-08-16,Grocery,24.32
U_01217,2025-08-21,Grocery,34.25
U_01217,2025-10-12,Grocery,88.08
U_01217,2025-11-01,Grocery,291.92
U_01217,2025-11-20,Grocery,88.67
U_01217,2025-12-08,Fashion,144.13
U_01217,2025-12-16,Grocery,25.51
U_01218,2025-08-14,Electronics,9.65
U_01219,2025-08-07,Beauty,62.27
U_01219,2025-08-16,Beauty,225.65
U_01219,2025-08-29,Beauty,36.24
U_01219,2025-08-30,Books,28.75
U_01219,2025-10-09,Beauty,69.89
U_01219,2025-12-03,Beauty,17.88
U_01220,2025-07-31,Toys,57.25
U_01220,2025-09-04,Sports,15.64
U_01220,2025-09-19,Sports,41.53
U_01222,2025-10-09,Toys,51.93
U_01223,2025-08-27,Grocery,59.42
U_01224,2025-08-10,Books,102.59
U_01224,2025-09-27,Books,48.09
U_01224,2025-11-13,Books,22.62
U_01225,2025-07-15,Electronics,71.91
U_01225,2025-07-20,Beauty,35.61
U_01225,2025-08-16,Electronics,22.46
U_01225,2025-08-26,Electronics,42.18
U_01225,2025-10-17,Electronics,77.19
U_01225,2025-11-04,Electronics,113.28
U_01225,2025-12-17,Electronics,37.73
U_01225,2025-12-30,Electronics,66.61
U_01226,2025-08-15,Electronics,135.73
U_01226,2025-09-09,Electronics,176.82
U_01226,2025-10-30,Electronics,172.0
U_01226,2025-12-14,Electronics,137.68
U_01226,2025-12-18,Electronics,66.33
U_01226,2025-12-30,Electronics,134.58
U_01227,2025-07-29,Grocery,40.99
U_01227,2025-07-30,Grocery,13.27
U_01227,2025-08-11,Sports,36.42
U_01227,2025-08-26,Grocery,39.84
U_01227,2025-10-08,Grocery,28.16
U_01227,2025-10-27,Grocery,19.96
U_01227,2025-12-07,Grocery,102.83
U_01228,2025-10-11,Toys,47.25
U_01228,2025-12-26,Sports,45.34
U_01232,2025-07-26,Sports,179.64
U_01232,2025-09-06,Sports,53.3
U_01232,2025-10-19,Sports,51.57
U_01232,2025-11-01,Sports,24.12
U_01232,2025-11-15,Sports,31.3
U_01232,2025-12-24,Sports,198.13
U_01234,2025-07-28,Home,76.59
U_01235,2025-07-12,Books,25.75
U_01235,2025-08-04,Home,36.05
U_01235,2025-08-05,Home,14.58
U_01235,2025-11-04,Home,23.35
U_01235,2025-12-14,Home,11.27
U_01236,2025-07-22,Electronics,137.44
U_01236,2025-08-03,Books,44.31
U_01236,2025-10-07,Books,23.37
U_01237,2025-09-02,Home,179.63
U_01237,2025-10-16,Home,97.94
U_01237,2025-12-20,Home,103.18
U_01238,2025-08-12,Grocery,144.18
U_01238,2025-10-16,Sports,99.65
U_01238,2025-11-11,Grocery,50.43
U_01239,2025-09-02,Books,31.29
U_01239,2025-12-22,Books,9.41
U_01240,2025-07-05,Home,303.5
U_01240,2025-07-18,Grocery,40.43
U_01240,2025-08-13,Grocery,108.21
U_01240,2025-10-06,Books,69.03
U_01240,2025-10-11,Grocery,43.94
U_01240,2025-10-20,Grocery,79.52
U_01240,2025-11-10,Grocery,135.73
U_01240,2025-12-22,Grocery,78.29
U_01242,2025-11-06,Toys,55.52
U_01242,2025-12-27,Toys,35.29
U_01246,2025-08-27,Sports,23.18
U_01246,2025-10-27,Sports,20.72
U_01247,2025-11-13,Sports,8.64
U_01249,2025-07-06,Books,54.0
U_01249,2025-08-04,Beauty,31.99
U_01249,2025-10-31,Books,49.24
U_01250,2025-08-10,Fashion,165.88
U_01250,2025-08-23,Fashion,148.37
U_01250,2025-08-26,Books,88.97
U_01250,2025-09-10,Fashion,411.11
U_01250,2025-10-03,Fashion,60.32
U_01250,2025-11-05,Fashion,83.35
U_01250,2025-11-07,Fashion,103.0
U_01250,2025-12-25,Beauty,74.24
U_01252,2025-07-18,Electronics,120.26
U_01252,2025-07-31,Electronics,125.02
U_01252,2025-08-25,Electronics,143.45
U_01252,2025-11-26,Toys,96.88
U_01252,2025-12-10,Toys,147.71
U_01253,2025-08-05,Home,35.15
U_01253,2025-08-09,Home,46.23
U_01253,2025-09-09,Home,28.85
U_01253,2025-10-25,Toys,47.71
U_01253,2025-11-06,Home,49.64
U_01253,2025-11-09,Home,50.32
U_01254,2025-07-25,Home,63.15
U_01254,2025-09-07,Home,18.04
U_01254,2025-09-29,Home,44.2
U_01254,2025-10-04,Home,65.77
U_01255,2025-08-16,Beauty,43.93
U_01255,2025-08-27,Electronics,92.56
U_01255,2025-10-27,Electronics,124.06
U_01255,2025-11-22,Electronics,94.27
U_01255,2025-12-25,Beauty,43.06
U_01256,2025-07-18,Books,39.61
U_01256,2025-09-03,Grocery,25.44
U_01256,2025-09-18,Sports,23.91
U_01256,2025-10-11,Books,65.39
U_01257,2025-08-20,Electronics,14.76
U_01257,2025-09-25,Electronics,24.01
U_01258,2025-08-08,Grocery,178.9
U_01258,2025-09-01,Books,51.4
U_01259,2025-07-09,Sports,44.55
U_01259,2025-08-10,Beauty,7.15
U_01259,2025-09-14,Beauty,162.6
U_01259,2025-10-27,Beauty,75.39
U_01259,2025-11-29,Electronics,103.06
U_01261,2025-07-04,Toys,45.04
U_01261,2025-08-05,Grocery,20.77
U_01261,2025-09-10,Electronics,50.15
U_01261,2025-10-16,Home,35.47
U_01261,2025-11-26,Toys,18.5
U_01265,2025-09-05,Sports,80.7
U_01265,2025-09-11,Sports,85.56
U_01265,2025-09-13,Sports,54.38
U_01266,2025-07-05,Home,11.97
U_01266,2025-07-12,Sports,128.75
U_01266,2025-08-11,Home,108.93
U_01266,2025-08-12,Home,70.61
U_01266,2025-08-15,Grocery,18.43
U_01267,2025-11-07,Toys,90.41
U_01267,2025-12-23,Toys,196.08
U_01268,2025-09-30,Beauty,18.98
U_01269,2025-07-26,Beauty,36.74
U_01269,2025-10-30,Sports,13.71
U_01269,2025-12-08,Sports,33.98
U_01269,2025-12-25,Sports,81.89
U_01270,2025-07-16,Books,31.09
U_01270,2025-07-28,Beauty,22.09
U_01270,2025-09-13,Books,6.97
U_01270,2025-10-11,Books,17.67
U_01271,2025-07-14,Fashion,28.64
U_01271,2025-07-15,Sports,130.52
U_01271,2025-07-27,Sports,108.89
U_01271,2025-08-15,Electronics,215.69
U_01271,2025-08-23,Electronics,42.85
U_01271,2025-08-29,Sports,90.96
U_01272,2025-07-20,Toys,26.37
U_01273,2025-10-23,Toys,23.62
U_01274,2025-09-10,Home,18.59
U_01274,2025-12-19,Sports,36.51
U_01275,2025-11-16,Books,59.03
U_01276,2025-08-04,Toys,9.1
U_01277,2025-07-12,Grocery,35.38
U_01277,2025-09-19,Grocery,44.56
U_01277,2025-09-27,Grocery,73.78
U_01277,2025-10-02,Grocery,36.96
U_01277,2025-10-05,Grocery,58.22
U_01277,2025-10-23,Grocery,40.81
U_01277,2025-12-30,Grocery,27.89
U_01278,2025-09-18,Grocery,17.44
U_01278,2025-09-29,Home,62.49
U_01279,2025-07-14,Electronics,66.2
U_01279,2025-12-05,Electronics,193.69
U_01280,2025-08-19,Beauty,51.1
U_01280,2025-09-10,Books,61.91
U_01281,2025-07-22,Electronics,74.75
U_01281,2025-09-09,Fashion,17.99
U_01281,2025-12-21,Books,22.13
U_01283,2025-08-05,Home,24.22
U_01284,2025-10-11,Fashion,15.55
U_01284,2025-11-07,Grocery,58.18
U_01284,2025-12-09,Beauty,75.58
U_01285,2025-12-15,Beauty,28.11
U_01286,2025-08-09,Toys,151.18
U_01286,2025-09-15,Toys,61.0
U_01286,2025-10-02,Toys,20.94
U_01287,2025-09-30,Home,25.39
U_01287,2025-10-07,Electronics,39.32
U_01287,2025-10-19,Grocery,41.75
U_01288,2025-12-21,Books,70.93
U_01289,2025-08-26,Beauty,15.36
U_01289,2025-09-04,Beauty,32.68
U_01289,2025-09-13,Grocery,78.1
U_01290,2025-07-12,Fashion,26.78
U_01290,2025-08-24,Beauty,123.2
U_01290,2025-10-08,Fashion,82.08
U_01290,2025-12-12,Beauty,79.24
U_01290,2025-12-15,Beauty,48.39
U_01292,2025-09-16,Beauty,27.12
U_01293,2025-10-01,Toys,253.41
U_01293,2025-11-02,Grocery,53.08
U_01294,2025-12-11,Beauty,52.06
U_01296,2025-08-26,Grocery,37.13
U_01296,2025-11-10,Electronics,65.48
U_01297,2025-10-03,Grocery,24.45
U_01298,2025-09-18,Toys,13.79
U_01298,2025-12-03,Fashion,10.17
U_01299,2025-08-21,Fashion,43.22
U_01300,2025-08-20,Books,52.31
U_01300,2025-09-25,Books,11.91
U_01303,2025-07-13,Toys,330.89
U_01303,2025-08-26,Toys,113.98
U_01303,2025-10-13,Sports,112.64
U_01304,2025-08-14,Sports,100.12
U_01304,2025-08-15,Sports,145.91
U_01304,2025-09-14,Sports,185.73
U_01305,2025-10-20,Electronics,24.02
U_01305,2025-12-25,Electronics,34.43
U_01306,2025-08-12,Electronics,44.9
U_01306,2025-10-26,Electronics,20.6
U_01307,2025-08-18,Sports,40.5
U_01307,2025-11-14,Electronics,13.56
U_01309,2025-09-15,Fashion,51.08
U_01309,2025-09-18,Beauty,103.24
U_01309,2025-12-10,Home,55.57
U_01310,2025-12-16,Home,32.6
U_01311,2025-10-16,Fashion,35.41
U_01314,2025-08-02,Fashion,20.61
U_01314,2025-08-21,Fashion,108.18
U_01315,2025-08-07,Home,41.0
U_01315,2025-09-15,Books,55.44
U_01315,2025-09-23,Books,37.4
U_01316,2025-07-31,Toys,26.84
U_01316,2025-08-03,Toys,37.37
U_01317,2025-12-29,Toys,38.95
U_01318,2025-08-12,Books,22.31
U_01318,2025-10-03,Beauty,119.18
U_01318,2025-11-05,Books,66.22
U_01320,2025-09-08,Beauty,20.5
U_01320,2025-09-17,Beauty,23.67
U_01320,2025-09-21,Beauty,27.2
U_01320,2025-10-27,Sports,36.85
U_01320,2025-11-11,Home,42.47
U_01321,2025-09-21,Electronics,5.53
U_01322,2025-08-05,Fashion,15.19
U_01322,2025-12-24,Beauty,30.07
U_01324,2025-08-02,Electronics,128.9
U_01324,2025-09-30,Electronics,87.16
U_01324,2025-11-23,Electronics,125.49
U_01325,2025-08-09,Electronics,22.03
U_01325,2025-09-15,Grocery,59.71
U_01326,2025-11-28,Toys,54.55
U_01327,2025-07-08,Home,41.08
U_01327,2025-08-06,Toys,18.74
U_01327,2025-08-16,Beauty,91.46
U_01327,2025-10-04,Sports,34.08
U_01327,2025-11-06,Home,92.47
U_01327,2025-11-15,Sports,106.8
U_01328,2025-10-20,Sports,7.28
U_01329,2025-07-07,Electronics,69.7
U_01329,2025-07-31,Home,42.75
U_01329,2025-09-04,Home,55.2
U_01329,2025-10-07,Home,63.89
U_01329,2025-10-14,Home,43.24
U_01329,2025-10-23,Electronics,23.71
U_01330,2025-08-20,Home,11.47
U_01332,2025-11-18,Beauty,27.21
U_01333,2025-09-03,Sports,135.99
U_01333,2025-09-21,Fashion,88.21
U_01333,2025-10-28,Fashion,20.56
U_01333,2025-11-24,Fashion,54.86
U_01333,2025-11-27,Fashion,13.15
U_01335,2025-07-28,Sports,12.22
U_01338,2025-08-20,Grocery,61.71
U_01339,2025-07-09,Grocery,171.34
U_01339,2025-07-17,Grocery,27.18
U_01339,2025-07-27,Fashion,72.21
U_01339,2025-08-08,Fashion,66.87
U_01339,2025-08-19,Grocery,63.33
U_01339,2025-09-08,Grocery,61.02
U_01339,2025-09-19,Grocery,57.65
U_01339,2025-11-11,Grocery,59.22
U_01339,2025-12-21,Grocery,41.0
U_01342,2025-10-13,Fashion,78.56
U_01342,2025-11-16,Sports,131.35
U_01342,2025-11-23,Fashion,24.58
U_01343,2025-09-08,Beauty,41.49
U_01343,2025-10-16,Beauty,93.06
U_01343,2025-12-21,Beauty,34.09
U_01344,2025-08-05,Books,22.08
U_01344,2025-08-10,Books,40.45
U_01344,2025-08-17,Books,46.17
U_01344,2025-08-27,Books,68.77
U_01344,2025-09-25,Books,80.18
U_01344,2025-11-02,Beauty,33.17
U_01344,2025-12-28,Sports,36.4
U_01345,2025-07-13,Beauty,11.39
U_01346,2025-07-06,Beauty,19.72
U_01346,2025-08-04,Beauty,20.8
U_01346,2025-10-06,Beauty,41.26
U_01346,2025-10-19,Beauty,19.5
U_01346,2025-12-12,Beauty,30.77
U_01347,2025-07-07,Fashion,79.8
U_01348,2025-08-06,Fashion,58.88
U_01348,2025-08-21,Fashion,19.85
U_01348,2025-09-01,Books,87.2
U_01348,2025-10-06,Fashion,68.36
U_01348,2025-12-23,Beauty,15.86
U_01349,2025-07-07,Toys,89.36
U_01350,2025-09-03,Grocery,16.34
U_01350,2025-11-03,Fashion,13.65
U_01351,2025-07-20,Grocery,22.73
U_01351,2025-09-13,Grocery,21.53
U_01352,2025-09-29,Toys,28.88
U_01355,2025-11-05,Toys,20.27
U_01357,2025-07-07,Fashion,28.84
U_01357,2025-07-27,Fashion,124.39
U_01358,2025-11-04,Electronics,23.0
U_01359,2025-07-17,Grocery,125.89
U_01359,2025-07-28,Grocery,41.08
U_01359,2025-07-31,Electronics,92.07
U_01359,2025-11-07,Beauty,42.02
U_01359,2025-11-08,Grocery,166.88
U_01359,2025-11-24,Grocery,148.65
U_01359,2025-12-04,Grocery,78.06
U_01360,2025-11-20,Electronics,39.96
U_01362,2025-07-21,Electronics,35.06
U_01362,2025-07-26,Electronics,35.63
U_01362,2025-08-07,Electronics,80.31
U_01362,2025-08-15,Electronics,50.25
U_01362,2025-09-23,Beauty,22.1
U_01364,2025-09-06,Toys,64.53
U_01364,2025-09-30,Home,129.89
U_01364,2025-12-15,Home,71.24
U_01370,2025-08-01,Toys,38.26
U_01370,2025-08-28,Books,14.02
U_01370,2025-08-30,Home,42.57
U_01370,2025-09-09,Beauty,20.52
U_01371,2025-08-14,Fashion,38.9
U_01371,2025-09-19,Fashion,28.99
U_01372,2025-07-12,Grocery,41.07
U_01373,2025-08-20,Books,22.84
U_01374,2025-09-14,Beauty,63.86
U_01375,2025-09-03,Books,37.07
U_01375,2025-09-13,Books,92.21
U_01375,2025-09-26,Books,46.37
U_01375,2025-09-27,Books,11.57
U_01375,2025-10-01,Books,305.28
U_01375,2025-10-11,Beauty,49.82
U_01375,2025-10-25,Books,35.97
U_01375,2025-11-16,Books,49.33
U_01375,2025-12-03,Books,42.41
U_01375,2025-12-22,Books,103.12
U_01377,2025-08-19,Toys,124.96
U_01378,2025-07-27,Grocery,16.99
U_01378,2025-08-22,Electronics,36.61
U_01380,2025-08-23,Grocery,41.41
U_01380,2025-09-17,Beauty,16.36
U_01383,2025-07-10,Electronics,355.87
U_01383,2025-07-13,Books,83.29
U_01383,2025-07-15,Electronics,84.57
U_01383,2025-07-25,Books,179.59
U_01383,2025-08-03,Books,80.64
U_01383,2025-08-20,Electronics,90.56
U_01383,2025-11-05,Electronics,70.44
U_01383,2025-11-16,Electronics,31.94
U_01384,2025-08-01,Electronics,69.9
U_01384,2025-09-05,Electronics,22.74
U_01384,2025-09-28,Home,63.45
U_01384,2025-11-08,Electronics,18.29
U_01384,2025-11-15,Home,12.88
U_01384,2025-12-13,Electronics,67.56
U_01385,2025-11-05,Grocery,49.49
U_01387,2025-07-11,Electronics,53.21
U_01387,2025-07-15,Electronics,37.23
U_01387,2025-09-24,Electronics,32.4
U_01387,2025-11-12,Sports,52.68
U_01387,2025-11-19,Electronics,91.68
U_01387,2025-12-09,Electronics,113.25
U_01388,2025-07-11,Fashion,102.09
U_01388,2025-07-25,Fashion,197.75
U_01388,2025-07-28,Fashion,194.0
U_01388,2025-08-13,Beauty,229.72
U_01388,2025-08-23,Fashion,66.67
U_01388,2025-09-08,Fashion,28.04
U_01388,2025-10-03,Beauty,125.2
U_01388,2025-10-24,Fashion,152.52
U_01388,2025-11-13,Fashion,103.31
U_01388,2025-11-20,Fashion,140.53
U_01388,2025-12-02,Fashion,46.68
U_01388,2025-12-10,Fashion,94.61
U_01388,2025-12-23,Fashion,18.03
U_01389,2025-07-11,Home,17.93
U_01389,2025-10-11,Home,30.31
U_01389,2025-11-26,Books,147.6
U_01391,2025-07-13,Grocery,116.68
U_01391,2025-08-20,Grocery,18.58
U_01391,2025-08-31,Grocery,62.33
U_01392,2025-09-13,Beauty,98.54
U_01393,2025-09-13,Electronics,11.46
U_01394,2025-08-20,Fashion,5.85
U_01396,2025-07-26,Toys,125.14
U_01396,2025-08-01,Books,92.14
U_01396,2025-08-02,Grocery,49.41
U_01396,2025-11-07,Books,87.1
U_01397,2025-07-11,Fashion,37.79
U_01398,2025-08-30,Beauty,27.36
U_01399,2025-12-01,Beauty,28.77
U_01401,2025-11-22,Sports,30.44
U_01403,2025-08-15,Home,53.17
U_01403,2025-08-24,Books,101.64
U_01403,2025-09-28,Electronics,22.77
U_01403,2025-11-23,Books,45.47
U_01404,2025-07-11,Beauty,36.8
U_01404,2025-07-23,Beauty,148.38
U_01404,2025-08-09,Beauty,14.55
U_01405,2025-07-21,Electronics,19.12
U_01405,2025-10-31,Electronics,29.55
U_01405,2025-11-14,Electronics,33.19
U_01406,2025-10-30,Grocery,73.22
U_01407,2025-07-21,Books,92.12
U_01407,2025-07-28,Home,36.85
U_01407,2025-08-17,Books,35.33
U_01407,2025-08-19,Books,48.81
U_01407,2025-09-14,Home,44.31
U_01407,2025-10-25,Books,46.55
U_01408,2025-07-16,Books,16.25
U_01408,2025-09-03,Books,39.66
U_01408,2025-09-09,Fashion,220.93
U_01408,2025-10-25,Books,31.75
U_01408,2025-11-14,Books,30.62
U_01408,2025-11-17,Books,211.55
U_01408,2025-12-21,Books,74.16
U_01409,2025-09-11,Fashion,18.3
U_01409,2025-09-18,Fashion,45.35
U_01410,2025-07-16,Fashion,114.89
U_01410,2025-07-28,Fashion,31.25
U_01410,2025-08-07,Sports,125.32
U_01410,2025-08-09,Sports,167.34
U_01410,2025-09-24,Beauty,37.98
U_01410,2025-11-11,Books,55.62
U_01410,2025-12-10,Fashion,217.47
U_01410,2025-12-21,Sports,34.78
U_01411,2025-08-02,Books,17.88
U_01411,2025-08-15,Books,33.71
U_01411,2025-10-14,Books,49.67
U_01411,2025-11-03,Books,59.93
U_01411,2025-11-16,Books,112.13
U_01411,2025-11-27,Books,34.87
U_01411,2025-11-30,Sports,34.23
U_01413,2025-08-08,Grocery,25.5
U_01413,2025-08-17,Electronics,30.19
U_01415,2025-08-06,Grocery,39.02
U_01415,2025-12-04,Grocery,66.93
U_01417,2025-09-07,Books,13.4
U_01417,2025-10-20,Books,20.28
U_01421,2025-07-07,Electronics,36.03
U_01421,2025-12-09,Grocery,70.6
U_01422,2025-09-22,Fashion,47.38
U_01423,2025-09-25,Beauty,71.58
U_01423,2025-10-20,Sports,98.41
U_01423,2025-12-16,Sports,165.09
U_01424,2025-07-16,Electronics,25.82
U_01424,2025-08-12,Electronics,29.34
U_01424,2025-10-22,Electronics,11.36
U_01424,2025-11-18,Sports,7.16
U_01425,2025-07-15,Fashion,44.52
U_01425,2025-07-31,Fashion,29.76
U_01425,2025-09-03,Fashion,57.54
U_01425,2025-10-05,Fashion,58.02
U_01425,2025-10-10,Fashion,24.84
U_01425,2025-12-03,Grocery,28.9
U_01427,2025-07-04,Books,72.87
U_01427,2025-07-22,Beauty,31.91
U_01427,2025-08-14,Electronics,47.77
U_01427,2025-08-22,Beauty,125.23
U_01427,2025-08-31,Fashion,72.49
U_01427,2025-10-04,Fashion,74.61
U_01427,2025-11-25,Electronics,147.37
U_01427,2025-11-29,Beauty,31.93
U_01429,2025-09-15,Books,88.04
U_01430,2025-10-10,Home,11.61
U_01431,2025-09-06,Home,53.36
U_01431,2025-10-22,Beauty,23.05
U_01432,2025-07-25,Books,120.35
U_01432,2025-09-16,Fashion,114.85
U_01433,2025-08-10,Toys,30.73
U_01433,2025-11-02,Toys,115.61
U_01433,2025-12-16,Sports,132.97
U_01434,2025-08-22,Beauty,10.55
U_01434,2025-10-11,Beauty,19.13
U_01435,2025-07-11,Sports,77.7
U_01435,2025-08-08,Grocery,333.58
U_01435,2025-09-01,Sports,21.89
U_01435,2025-09-05,Grocery,332.82
U_01435,2025-09-22,Books,7.32
U_01435,2025-10-17,Grocery,28.08
U_01435,2025-11-25,Grocery,112.68
U_01435,2025-12-21,Fashion,58.69
U_01436,2025-07-06,Toys,14.44
U_01436,2025-08-08,Toys,58.83
U_01438,2025-07-23,Toys,28.41
U_01438,2025-08-22,Grocery,23.56
U_01438,2025-10-08,Toys,7.32
U_01438,2025-12-08,Toys,26.16
U_01439,2025-09-15,Home,11.71
U_01439,2025-09-18,Sports,69.79
U_01442,2025-07-31,Beauty,53.79
U_01443,2025-07-20,Toys,47.83
U_01444,2025-07-11,Grocery,142.37
U_01444,2025-09-14,Beauty,42.87
U_01444,2025-11-22,Beauty,39.19
U_01444,2025-12-24,Beauty,156.51
U_01445,2025-07-06,Toys,36.49
U_01445,2025-07-28,Beauty,34.52
U_01445,2025-08-13,Electronics,63.32
U_01445,2025-10-20,Electronics,88.62
U_01445,2025-11-10,Electronics,116.6
U_01446,2025-09-19,Fashion,82.77
U_01446,2025-10-01,Fashion,86.74
U_01447,2025-07-13,Toys,45.54
U_01447,2025-08-28,Toys,17.75
U_01447,2025-11-08,Toys,34.95
U_01447,2025-11-13,Toys,112.37
U_01448,2025-09-08,Books,56.01
U_01450,2025-11-21,Beauty,30.75
U_01452,2025-07-05,Grocery,28.25
U_01452,2025-07-26,Fashion,73.91
U_01452,2025-09-05,Grocery,107.87
U_01452,2025-10-15,Grocery,54.32
U_01453,2025-09-15,Fashion,131.91
U_01453,2025-10-13,Books,29.76
U_01453,2025-10-29,Fashion,207.72
U_01453,2025-11-15,Fashion,34.65
U_01453,2025-11-23,Fashion,100.89
U_01453,2025-12-08,Fashion,321.81
U_01453,2025-12-30,Books,72.51
U_01454,2025-10-18,Toys,17.93
U_01454,2025-12-27,Toys,65.24
U_01456,2025-08-08,Beauty,36.09
U_01457,2025-07-27,Beauty,10.97
U_01457,2025-07-31,Beauty,66.99
U_01457,2025-12-22,Beauty,13.52
U_01460,2025-08-11,Electronics,178.17
U_01460,2025-08-13,Electronics,50.59
U_01460,2025-08-17,Electronics,47.97
U_01460,2025-09-08,Electronics,36.96
U_01460,2025-09-28,Electronics,99.18
U_01461,2025-09-23,Toys,277.81
U_01461,2025-10-31,Sports,61.85
U_01462,2025-08-16,Grocery,65.63
U_01462,2025-08-29,Grocery,10.13
U_01462,2025-10-14,Beauty,9.59
U_01462,2025-10-16,Electronics,47.85
U_01463,2025-07-31,Home,50.44
U_01463,2025-08-15,Home,51.15
U_01463,2025-09-08,Home,11.03
U_01464,2025-08-14,Grocery,66.22
U_01464,2025-09-08,Grocery,23.42
U_01464,2025-09-15,Grocery,21.36
U_01464,2025-10-19,Beauty,14.37
U_01465,2025-07-20,Electronics,30.77
U_01465,2025-08-16,Grocery,18.6
U_01469,2025-07-18,Toys,26.62
U_01469,2025-09-15,Toys,48.55
U_01469,2025-09-22,Toys,62.37
U_01469,2025-10-07,Toys,52.71
U_01469,2025-10-17,Beauty,82.8
U_01469,2025-10-18,Toys,66.66
U_01470,2025-08-13,Sports,72.6
U_01470,2025-08-31,Sports,33.24
U_01473,2025-09-07,Fashion,81.95
U_01474,2025-07-10,Toys,104.13
U_01474,2025-07-27,Toys,21.24
U_01474,2025-10-19,Beauty,82.74
U_01474,2025-12-06,Toys,99.68
U_01475,2025-07-08,Beauty,55.28
U_01475,2025-07-20,Toys,56.94
U_01475,2025-08-29,Toys,124.57
U_01476,2025-09-03,Beauty,81.95
U_01477,2025-10-01,Grocery,202.31
U_01478,2025-08-08,Beauty,9.42
U_01478,2025-09-02,Books,33.19
U_01479,2025-08-30,Grocery,7.03
U_01480,2025-10-06,Grocery,19.27
U_01480,2025-12-21,Home,38.23
U_01481,2025-08-13,Home,62.6
U_01482,2025-11-23,Electronics,10.26
U_01483,2025-08-18,Toys,226.77
U_01483,2025-10-01,Books,44.79
U_01483,2025-12-03,Sports,75.09
U_01483,2025-12-16,Sports,133.99
U_01484,2025-08-15,Grocery,118.22
U_01485,2025-07-04,Beauty,21.14
U_01485,2025-09-04,Beauty,46.77
U_01486,2025-12-07,Grocery,19.36
U_01487,2025-10-13,Home,20.74
U_01487,2025-10-31,Home,21.99
U_01487,2025-11-25,Home,7.41
U_01487,2025-12-25,Home,50.05
U_01491,2025-09-10,Sports,10.4
U_01492,2025-08-07,Books,28.4
U_01492,2025-10-24,Books,34.53
U_01493,2025-07-12,Electronics,95.04
U_01493,2025-08-19,Books,22.57
U_01493,2025-09-19,Electronics,101.53
U_01493,2025-09-25,Electronics,81.94
U_01493,2025-10-04,Books,41.55
U_01493,2025-10-10,Electronics,40.24
U_01493,2025-10-23,Electronics,52.06
U_01493,2025-10-29,Electronics,77.4
U_01493,2025-11-17,Electronics,43.74
U_01493,2025-11-30,Electronics,168.01
U_01493,2025-12-15,Electronics,88.08
U_01494,2025-08-20,Electronics,31.76
U_01495,2025-07-20,Sports,135.1
U_01495,2025-07-21,Sports,113.28
U_01495,2025-07-23,Home,12.84
U_01495,2025-07-29,Fashion,64.07
U_01495,2025-10-09,Sports,25.61
U_01496,2025-07-12,Home,20.44
U_01496,2025-08-26,Grocery,104.75
U_01497,2025-07-29,Beauty,24.85
U_01498,2025-07-08,Beauty,25.68
U_01498,2025-10-03,Fashion,160.32
U_01499,2025-07-19,Books,64.06
U_01499,2025-07-31,Books,66.57
U_01499,2025-08-11,Books,72.0
U_01499,2025-08-14,Books,127.81
U_01499,2025-10-04,Books,62.17
U_01503,2025-12-19,Beauty,9.25
U_01504,2025-09-24,Sports,234.25
U_01504,2025-10-13,Sports,336.9
U_01504,2025-12-28,Fashion,115.94
U_01505,2025-10-03,Books,19.83
U_01507,2025-08-14,Home,27.62
U_01507,2025-08-20,Sports,163.52
U_01508,2025-07-24,Grocery,20.14
U_01508,2025-08-13,Grocery,78.14
U_01510,2025-08-19,Beauty,9.95
U_01511,2025-07-31,Beauty,103.19
U_01512,2025-07-16,Home,92.25
U_01512,2025-08-15,Home,94.17
U_01512,2025-08-25,Electronics,24.5
U_01512,2025-09-09,Home,96.51
U_01512,2025-09-10,Sports,74.22
U_01512,2025-10-12,Home,66.75
U_01512,2025-10-30,Home,189.99
U_01512,2025-11-22,Home,39.9
U_01512,2025-11-24,Home,215.36
U_01512,2025-12-25,Home,60.18
U_01513,2025-07-15,Beauty,57.22
U_01513,2025-07-18,Beauty,69.57
U_01513,2025-08-24,Beauty,46.12
U_01513,2025-09-09,Beauty,84.55
U_01513,2025-09-25,Home,194.25
U_01513,2025-12-22,Beauty,22.56
U_01514,2025-07-12,Electronics,135.74
U_01514,2025-10-05,Home,39.31
U_01514,2025-10-20,Toys,152.35
U_01514,2025-11-18,Home,56.37
U_01514,2025-12-03,Home,190.81
U_01514,2025-12-11,Home,226.64
U_01514,2025-12-18,Home,151.36
U_01515,2025-07-17,Grocery,100.71
U_01515,2025-10-16,Grocery,23.98
U_01515,2025-12-22,Books,11.44
U_01517,2025-07-07,Home,33.59
U_01518,2025-11-16,Home,57.53
U_01518,2025-12-05,Home,17.74
U_01518,2025-12-21,Beauty,15.95
U_01519,2025-07-22,Electronics,267.61
U_01519,2025-08-13,Books,53.86
U_01519,2025-09-23,Sports,42.56
U_01519,2025-09-30,Books,128.6
U_01519,2025-10-02,Electronics,49.25
U_01519,2025-12-21,Electronics,89.07
U_01520,2025-07-06,Books,7.27
U_01521,2025-07-04,Grocery,64.84
U_01521,2025-09-02,Home,65.5
U_01521,2025-11-02,Sports,36.62
U_01521,2025-12-12,Grocery,102.72
U_01523,2025-09-30,Sports,39.92
U_01525,2025-09-29,Fashion,110.45
U_01526,2025-07-18,Grocery,75.02
U_01526,2025-11-10,Books,24.75
U_01526,2025-12-10,Grocery,26.65
U_01526,2025-12-13,Beauty,53.95
U_01527,2025-07-06,Fashion,36.67
U_01527,2025-07-13,Fashion,65.7
U_01527,2025-08-27,Toys,112.49
U_01527,2025-09-20,Fashion,112.0
U_01527,2025-11-06,Fashion,172.11
U_01527,2025-11-18,Fashion,217.06
U_01527,2025-12-22,Fashion,306.41
U_01529,2025-08-04,Home,59.93
U_01529,2025-09-25,Home,17.81
U_01529,2025-11-07,Home,47.74
U_01529,2025-11-29,Home,31.91
U_01530,2025-10-14,Sports,53.66
U_01531,2025-07-23,Electronics,54.93
U_01531,2025-09-03,Electronics,78.22
U_01531,2025-09-19,Sports,14.32
U_01531,2025-10-20,Electronics,71.34
U_01531,2025-11-08,Electronics,93.5
U_01531,2025-12-06,Electronics,32.57
U_01531,2025-12-16,Toys,64.39
U_01531,2025-12-29,Beauty,67.31
U_01532,2025-09-05,Fashion,61.72
U_01532,2025-09-11,Fashion,62.96
U_01532,2025-09-28,Electronics,102.26
U_01533,2025-08-16,Toys,69.93
U_01533,2025-09-07,Toys,77.35
U_01534,2025-10-16,Books,60.1
U_01534,2025-12-30,Books,9.84
U_01535,2025-08-22,Home,17.66
U_01535,2025-09-01,Grocery,98.96
U_01535,2025-09-28,Grocery,96.68
U_01535,2025-10-18,Sports,22.53
U_01536,2025-09-29,Books,13.98
U_01536,2025-10-30,Books,34.81
U_01537,2025-08-19,Sports,12.62
U_01537,2025-11-02,Electronics,16.16
U_01538,2025-10-04,Fashion,13.98
U_01538,2025-10-21,Fashion,14.26
U_01539,2025-08-16,Books,53.06
U_01539,2025-10-12,Books,157.28
U_01539,2025-11-30,Electronics,64.24
U_01541,2025-08-03,Toys,63.22
U_01541,2025-08-22,Books,60.74
U_01541,2025-08-25,Fashion,138.12
U_01541,2025-09-13,Fashion,81.82
U_01541,2025-09-21,Toys,119.28
U_01541,2025-09-23,Fashion,42.06
U_01541,2025-10-21,Toys,227.52
U_01541,2025-11-13,Fashion,50.36
U_01541,2025-11-28,Fashion,28.33
U_01541,2025-12-20,Fashion,199.08
U_01541,2025-12-29,Toys,53.81
U_01542,2025-08-13,Grocery,30.64
U_01542,2025-09-07,Grocery,13.55
U_01542,2025-12-20,Electronics,51.07
U_01543,2025-07-22,Beauty,117.6
U_01543,2025-08-01,Grocery,42.74
U_01543,2025-08-09,Grocery,131.35
U_01543,2025-09-09,Grocery,557.89
U_01543,2025-10-04,Sports,22.8
U_01543,2025-10-08,Electronics,48.85
U_01543,2025-11-22,Grocery,119.16
U_01543,2025-12-11,Home,40.12
U_01543,2025-12-23,Beauty,64.39
U_01545,2025-07-04,Electronics,52.83
U_01545,2025-08-26,Toys,35.88
U_01545,2025-09-04,Toys,10.84
U_01545,2025-09-05,Home,14.6
U_01545,2025-09-12,Toys,23.21
U_01545,2025-09-17,Toys,17.59
U_01545,2025-09-29,Toys,36.67
U_01545,2025-10-17,Toys,7.45
U_01545,2025-10-21,Toys,11.74
U_01546,2025-07-14,Home,29.42
U_01547,2025-08-22,Toys,26.61
U_01547,2025-09-23,Toys,133.21
U_01547,2025-11-06,Toys,11.5
U_01548,2025-08-18,Fashion,27.19
U_01548,2025-08-30,Fashion,40.56
U_01549,2025-07-25,Fashion,39.1
U_01550,2025-10-20,Beauty,78.15
U_01550,2025-11-15,Beauty,58.59
U_01550,2025-11-17,Beauty,75.91
U_01550,2025-11-29,Beauty,28.82
U_01550,2025-12-08,Beauty,66.72
U_01552,2025-07-04,Sports,102.07
U_01552,2025-07-06,Toys,59.4
U_01552,2025-07-11,Sports,61.95
U_01552,2025-07-29,Sports,25.12
U_01552,2025-10-26,Sports,75.69
U_01553,2025-08-08,Electronics,58.52
U_01553,2025-10-29,Toys,67.04
U_01553,2025-10-31,Toys,10.27
U_01555,2025-10-06,Toys,71.97
U_01556,2025-07-07,Beauty,152.32
U_01556,2025-07-13,Beauty,97.34
U_01556,2025-07-30,Beauty,33.96
U_01556,2025-08-16,Grocery,41.08
U_01556,2025-08-27,Beauty,36.78
U_01556,2025-09-19,Beauty,41.43
U_01556,2025-10-07,Sports,209.61
U_01556,2025-11-20,Beauty,23.99
U_01556,2025-12-28,Beauty,55.32
U_01557,2025-09-09,Beauty,34.73
U_01560,2025-12-02,Electronics,84.65
U_01561,2025-07-30,Electronics,181.47
U_01561,2025-11-08,Electronics,114.12
U_01562,2025-08-10,Books,139.2
U_01562,2025-09-14,Books,31.97
U_01562,2025-12-11,Electronics,137.18
U_01562,2025-12-15,Home,33.92
U_01563,2025-08-11,Books,8.37
U_01563,2025-08-22,Beauty,130.21
U_01563,2025-11-27,Home,131.04
U_01564,2025-08-26,Electronics,23.42
U_01564,2025-09-20,Electronics,40.15
U_01564,2025-10-05,Home,16.83
U_01564,2025-10-23,Home,11.52
U_01566,2025-07-20,Toys,22.41
U_01566,2025-08-10,Toys,76.15
U_01566,2025-08-18,Books,66.84
U_01566,2025-09-21,Sports,124.76
U_01566,2025-12-23,Toys,46.24
U_01567,2025-08-26,Fashion,31.7
U_01567,2025-08-28,Fashion,73.31
U_01567,2025-09-09,Fashion,27.56
U_01567,2025-10-05,Fashion,35.61
U_01567,2025-10-14,Fashion,41.13
U_01567,2025-10-30,Fashion,76.21
U_01567,2025-12-26,Fashion,101.34
U_01568,2025-11-27,Beauty,7.55
U_01570,2025-07-14,Sports,36.11
U_01570,2025-10-21,Books,133.19
U_01571,2025-09-09,Toys,12.94
U_01572,2025-09-29,Toys,35.2
U_01572,2025-10-09,Grocery,9.43
U_01572,2025-12-27,Grocery,24.7
U_01573,2025-10-20,Toys,41.96
U_01574,2025-07-21,Sports,14.29
U_01576,2025-10-31,Electronics,19.18
U_01576,2025-12-06,Electronics,38.63
U_01578,2025-07-09,Fashion,126.32
U_01578,2025-08-09,Fashion,29.98
U_01578,2025-08-17,Fashion,135.09
U_01578,2025-10-23,Home,267.07
U_01579,2025-08-28,Fashion,27.8
U_01580,2025-09-16,Sports,31.52
U_01581,2025-10-05,Books,12.26
U_01581,2025-10-13,Books,13.49
U_01582,2025-07-15,Home,103.5
U_01582,2025-10-03,Home,26.57
U_01582,2025-10-22,Home,40.19
U_01582,2025-10-27,Home,58.01
U_01584,2025-08-18,Fashion,13.39
U_01584,2025-08-21,Grocery,27.77
U_01584,2025-10-02,Fashion,32.14
U_01584,2025-11-11,Grocery,64.82
U_01584,2025-12-25,Grocery,55.89
U_01585,2025-08-10,Fashion,30.26
U_01586,2025-07-13,Fashion,24.21
U_01586,2025-10-02,Fashion,62.79
U_01587,2025-07-20,Beauty,32.72
U_01587,2025-08-31,Grocery,87.99
U_01587,2025-09-01,Toys,102.01
U_01587,2025-09-08,Grocery,190.38
U_01587,2025-10-12,Grocery,96.31
U_01587,2025-10-21,Grocery,86.52
U_01587,2025-10-25,Grocery,169.62
U_01587,2025-10-26,Grocery,73.05
U_01587,2025-11-11,Grocery,100.62
U_01587,2025-11-25,Grocery,75.6
U_01587,2025-12-06,Grocery,155.2
U_01587,2025-12-14,Grocery,21.12
U_01587,2025-12-17,Grocery,148.14
U_01588,2025-07-29,Electronics,47.09
U_01589,2025-07-15,Grocery,20.74
U_01589,2025-10-22,Grocery,143.55
U_01589,2025-11-10,Grocery,20.94
U_01589,2025-11-26,Grocery,150.87
U_01591,2025-08-07,Fashion,31.47
U_01591,2025-08-08,Fashion,50.88
U_01591,2025-08-15,Fashion,153.2
U_01591,2025-08-26,Fashion,216.87
U_01591,2025-09-13,Fashion,180.23
U_01592,2025-07-14,Electronics,18.41
U_01593,2025-07-06,Grocery,50.16
U_01593,2025-07-29,Toys,52.53
U_01593,2025-08-27,Toys,71.93
U_01593,2025-11-21,Grocery,46.4
U_01594,2025-07-24,Books,20.97
U_01594,2025-09-14,Books,65.54
U_01595,2025-08-19,Toys,36.69
U_01596,2025-08-04,Grocery,244.77
U_01596,2025-08-29,Grocery,7.65
U_01596,2025-09-11,Grocery,75.18
U_01596,2025-11-16,Grocery,13.71
U_01596,2025-12-13,Home,200.4
U_01597,2025-10-11,Books,12.04
U_01597,2025-11-29,Electronics,45.65
U_01597,2025-12-19,Books,20.78
U_01599,2025-08-20,Beauty,54.12
U_01599,2025-09-30,Beauty,43.11
U_01599,2025-12-25,Beauty,18.2
U_01600,2025-08-17,Books,40.88
U_01600,2025-09-12,Books,34.72
U_01600,2025-10-12,Books,27.72
U_01600,2025-10-23,Books,41.17
U_01600,2025-11-08,Books,63.17
U_01602,2025-09-14,Sports,22.63
U_01602,2025-09-26,Electronics,25.21
U_01602,2025-10-05,Sports,14.29
U_01602,2025-11-22,Sports,6.84
U_01602,2025-12-25,Sports,31.75
U_01603,2025-08-25,Electronics,12.19
U_01604,2025-07-27,Grocery,51.06
U_01604,2025-12-21,Beauty,13.07
U_01605,2025-07-22,Grocery,59.99
U_01605,2025-08-19,Grocery,39.45
U_01605,2025-09-07,Grocery,30.61
U_01605,2025-10-03,Home,156.47
U_01605,2025-10-05,Fashion,40.75
U_01605,2025-11-04,Grocery,29.9
U_01605,2025-11-16,Home,13.77
U_01605,2025-11-27,Grocery,91.09
U_01605,2025-11-29,Home,74.61
U_01605,2025-12-10,Home,29.5
U_01605,2025-12-15,Home,19.71
U_01606,2025-07-10,Fashion,18.64
U_01606,2025-09-02,Sports,16.68
U_01607,2025-11-29,Grocery,50.65
U_01608,2025-09-14,Fashion,9.99
U_01609,2025-07-27,Fashion,45.26
U_01609,2025-08-24,Electronics,38.67
U_01609,2025-09-09,Toys,22.55
U_01609,2025-11-06,Home,84.05
U_01609,2025-11-16,Home,40.99
U_01612,2025-11-04,Beauty,32.89
U_01612,2025-11-11,Beauty,10.26
U_01612,2025-12-12,Beauty,103.91
U_01613,2025-09-24,Beauty,9.78
U_01613,2025-12-15,Beauty,13.56
U_01614,2025-08-06,Fashion,36.48
U_01614,2025-09-14,Fashion,50.92
U_01614,2025-10-23,Electronics,58.96
U_01614,2025-12-04,Fashion,32.34
U_01614,2025-12-15,Fashion,19.22
U_01616,2025-08-18,Electronics,14.1
U_01618,2025-09-06,Grocery,30.41
U_01619,2025-09-24,Grocery,23.15
U_01620,2025-07-17,Toys,38.59
U_01620,2025-10-26,Toys,49.48
U_01620,2025-11-09,Toys,31.63
U_01620,2025-12-13,Home,9.3
U_01621,2025-07-05,Electronics,12.43
U_01621,2025-09-11,Books,14.84
U_01621,2025-10-11,Beauty,45.91
U_01622,2025-07-06,Fashion,152.86
U_01622,2025-07-16,Home,16.0
U_01622,2025-07-29,Sports,50.91
U_01622,2025-08-10,Fashion,121.13
U_01622,2025-08-21,Books,91.84
U_01622,2025-08-26,Fashion,59.82
U_01622,2025-09-01,Sports,87.76
U_01622,2025-10-05,Sports,49.78
U_01622,2025-10-30,Sports,80.21
U_01622,2025-11-19,Fashion,123.82
U_01622,2025-12-23,Sports,34.56
U_01622,2025-12-30,Sports,64.11
U_01623,2025-08-16,Fashion,10.84
U_01623,2025-12-26,Toys,34.64
U_01624,2025-07-16,Beauty,39.11
U_01624,2025-08-03,Beauty,128.56
U_01624,2025-08-18,Beauty,114.31
U_01624,2025-08-20,Beauty,73.87
U_01624,2025-10-21,Beauty,106.24
U_01624,2025-11-29,Beauty,115.34
U_01626,2025-09-07,Grocery,71.91
U_01628,2025-10-27,Home,10.69
U_01629,2025-08-08,Sports,17.54
U_01629,2025-08-22,Sports,23.73
U_01629,2025-08-30,Sports,20.36
U_01629,2025-09-30,Sports,49.01
U_01629,2025-11-15,Sports,11.56
U_01632,2025-10-18,Grocery,30.65
U_01633,2025-07-22,Beauty,81.69
U_01633,2025-07-30,Beauty,68.31
U_01633,2025-08-08,Beauty,157.51
U_01633,2025-10-10,Beauty,50.66
U_01633,2025-10-29,Beauty,56.21
U_01633,2025-12-22,Beauty,101.19
U_01634,2025-07-27,Books,395.39
U_01634,2025-08-25,Books,57.13
U_01634,2025-09-02,Books,89.47
U_01634,2025-10-03,Books,217.33
U_01634,2025-10-12,Books,146.97
U_01634,2025-10-16,Books,54.63
U_01634,2025-12-09,Books,73.51
U_01634,2025-12-12,Books,248.75
U_01634,2025-12-13,Books,64.58
U_01634,2025-12-25,Books,87.61
U_01635,2025-08-02,Electronics,41.54
U_01635,2025-08-08,Sports,25.11
U_01635,2025-09-22,Electronics,20.22
U_01635,2025-10-28,Electronics,58.8
U_01635,2025-10-29,Electronics,25.08
U_01636,2025-07-28,Grocery,12.73
U_01637,2025-07-08,Electronics,66.17
U_01637,2025-11-02,Electronics,58.08
U_01637,2025-11-21,Electronics,39.15
U_01637,2025-11-28,Electronics,20.44
U_01638,2025-10-07,Electronics,15.19
U_01638,2025-10-14,Electronics,22.75
U_01638,2025-12-03,Electronics,26.96
U_01639,2025-07-13,Electronics,23.94
U_01641,2025-12-09,Home,45.71
U_01642,2025-08-19,Grocery,7.86
U_01643,2025-07-09,Toys,43.84
U_01643,2025-09-17,Sports,28.49
U_01643,2025-10-15,Sports,22.09
U_01643,2025-12-21,Toys,15.47
U_01646,2025-12-06,Books,36.59
U_01647,2025-08-30,Beauty,42.98
U_01647,2025-09-19,Sports,45.49
U_01648,2025-07-09,Home,55.31
U_01648,2025-10-25,Home,53.78
U_01648,2025-12-19,Home,34.55
U_01649,2025-09-28,Fashion,17.94
U_01650,2025-07-14,Fashion,25.69
U_01650,2025-10-28,Fashion,35.48
U_01650,2025-10-30,Fashion,143.92
U_01650,2025-12-22,Beauty,111.11
U_01651,2025-10-30,Beauty,33.14
U_01652,2025-09-19,Grocery,78.01
U_01653,2025-08-13,Toys,79.12
U_01653,2025-09-01,Beauty,135.69
U_01653,2025-09-26,Fashion,205.23
U_01653,2025-10-13,Fashion,29.35
U_01653,2025-11-03,Fashion,113.37
U_01653,2025-11-09,Fashion,67.46
U_01653,2025-11-24,Toys,67.81
U_01653,2025-11-30,Fashion,118.18
U_01655,2025-08-23,Home,70.59
U_01655,2025-09-29,Home,29.69
U_01656,2025-10-17,Beauty,8.61
U_01657,2025-08-06,Grocery,243.32
U_01657,2025-09-01,Beauty,51.57
U_01657,2025-09-12,Beauty,89.3
U_01657,2025-09-25,Beauty,274.81
U_01657,2025-11-02,Beauty,78.34
U_01657,2025-11-18,Beauty,146.32
U_01657,2025-12-04,Beauty,118.2
U_01660,2025-07-11,Toys,20.2
U_01660,2025-08-09,Toys,85.04
U_01660,2025-09-02,Toys,27.6
U_01660,2025-12-11,Books,25.76
U_01661,2025-07-17,Beauty,124.35
U_01661,2025-09-02,Grocery,87.85
U_01661,2025-10-17,Beauty,77.03
U_01661,2025-10-23,Home,39.75
U_01661,2025-10-26,Sports,60.87
U_01661,2025-11-03,Beauty,36.65
U_01661,2025-11-28,Beauty,126.23
U_01661,2025-12-09,Beauty,27.83
U_01661,2025-12-13,Books,43.75
U_01661,2025-12-15,Beauty,58.85
U_01665,2025-07-26,Beauty,76.5
U_01665,2025-08-30,Beauty,48.11
U_01665,2025-09-26,Books,200.2
U_01665,2025-10-26,Beauty,20.64
U_01665,2025-11-19,Beauty,80.24
U_01665,2025-11-22,Beauty,56.44
U_01665,2025-12-22,Beauty,178.84
U_01666,2025-07-08,Home,62.65
U_01666,2025-09-23,Sports,40.79
U_01666,2025-10-21,Home,53.0
U_01667,2025-08-30,Electronics,36.59
U_01667,2025-11-23,Fashion,33.85
U_01668,2025-07-10,Fashion,88.8
U_01668,2025-08-27,Electronics,208.12
U_01668,2025-09-22,Grocery,36.93
U_01668,2025-12-02,Electronics,89.69
U_01670,2025-08-31,Books,51.95
U_01670,2025-11-20,Books,148.0
U_01670,2025-11-24,Books,72.89
U_01670,2025-12-03,Home,115.39
U_01670,2025-12-22,Books,12.71
U_01671,2025-08-10,Beauty,39.48
U_01671,2025-08-16,Beauty,8.61
U_01672,2025-07-30,Toys,20.75
U_01674,2025-10-31,Electronics,20.34
U_01675,2025-07-30,Toys,57.61
U_01675,2025-08-27,Toys,38.24
U_01675,2025-09-15,Toys,20.35
U_01676,2025-09-13,Beauty,122.93
U_01676,2025-10-06,Electronics,63.51
U_01676,2025-10-15,Beauty,179.18
U_01676,2025-10-19,Beauty,135.24
U_01677,2025-08-16,Grocery,13.13
U_01678,2025-07-10,Sports,21.0
U_01678,2025-08-24,Fashion,42.47
U_01678,2025-10-21,Toys,40.74
U_01678,2025-12-26,Fashion,21.63
U_01680,2025-08-18,Toys,74.74
U_01682,2025-08-18,Grocery,21.17
U_01682,2025-08-23,Toys,143.9
U_01682,2025-09-16,Books,117.62
U_01682,2025-11-15,Books,79.2
U_01682,2025-11-16,Books,28.65
U_01682,2025-12-30,Toys,50.0
U_01683,2025-07-18,Books,59.32
U_01683,2025-08-21,Books,22.91
U_01684,2025-08-01,Fashion,23.07
U_01684,2025-11-21,Sports,25.3
U_01685,2025-09-28,Grocery,78.47
U_01687,2025-07-04,Toys,77.24
U_01687,2025-09-21,Sports,69.76
U_01687,2025-10-21,Sports,74.01
U_01687,2025-11-24,Sports,97.44
U_01687,2025-12-12,Sports,175.46
U_01688,2025-07-30,Grocery,65.84
U_01689,2025-07-06,Beauty,25.45
U_01689,2025-07-10,Toys,11.61
U_01689,2025-09-05,Sports,74.85
U_01689,2025-11-15,Beauty,43.04
U_01691,2025-07-28,Beauty,35.43
U_01692,2025-08-24,Grocery,31.17
U_01692,2025-10-04,Grocery,14.47
U_01693,2025-07-08,Fashion,36.78
U_01693,2025-11-09,Fashion,96.22
U_01693,2025-12-02,Fashion,73.11
U_01694,2025-07-21,Fashion,41.77
U_01694,2025-08-05,Fashion,49.47
U_01694,2025-10-15,Fashion,39.22
U_01695,2025-10-24,Electronics,19.4
U_01696,2025-07-15,Beauty,11.22
U_01696,2025-07-19,Toys,53.9
U_01696,2025-09-29,Toys,122.89
U_01696,2025-10-23,Toys,78.23
U_01696,2025-11-10,Grocery,121.98
U_01696,2025-12-19,Toys,163.53
U_01697,2025-10-23,Fashion,6.08
U_01697,2025-10-24,Fashion,15.61
U_01697,2025-10-25,Sports,18.93
U_01699,2025-10-07,Electronics,17.41
U_01700,2025-11-03,Electronics,65.75
U_01701,2025-08-04,Home,166.01
U_01701,2025-09-18,Home,89.88
U_01701,2025-09-23,Home,17.05
U_01702,2025-09-11,Grocery,115.8
U_01702,2025-09-30,Home,172.25
U_01702,2025-11-27,Home,35.67
U_01702,2025-12-03,Home,100.98
U_01702,2025-12-16,Home,69.04
U_01703,2025-08-25,Books,27.88
U_01704,2025-07-09,Electronics,347.01
U_01704,2025-07-18,Home,93.22
U_01704,2025-10-13,Grocery,59.42
U_01704,2025-12-09,Electronics,60.78
U_01706,2025-08-20,Sports,26.05
U_01706,2025-12-05,Home,29.31
U_01706,2025-12-25,Beauty,15.4
U_01707,2025-08-06,Home,78.19
U_01707,2025-08-24,Toys,73.67
U_01707,2025-09-10,Electronics,32.84
U_01707,2025-10-08,Toys,137.77
U_01707,2025-11-10,Toys,90.61
U_01707,2025-12-24,Toys,14.93
U_01708,2025-07-18,Fashion,79.56
U_01708,2025-10-13,Fashion,10.63
U_01709,2025-07-21,Books,71.6
U_01709,2025-08-16,Books,35.02
U_01709,2025-08-19,Books,147.57
U_01709,2025-10-10,Books,58.04
U_01709,2025-11-19,Books,19.61
U_01709,2025-12-05,Grocery,57.77
U_01711,2025-09-25,Beauty,26.2
U_01712,2025-07-04,Books,19.05
U_01712,2025-10-10,Electronics,51.48
U_01713,2025-07-15,Home,31.0
U_01713,2025-07-17,Books,63.34
U_01714,2025-07-29,Home,53.97
U_01714,2025-08-06,Beauty,56.63
U_01714,2025-09-12,Home,90.31
U_01714,2025-09-25,Beauty,65.88
U_01716,2025-10-09,Electronics,47.25
U_01719,2025-07-17,Toys,117.88
U_01720,2025-10-19,Sports,24.94
U_01722,2025-08-17,Beauty,17.54
U_01722,2025-12-21,Electronics,41.87
U_01723,2025-07-12,Toys,452.66
U_01723,2025-09-02,Toys,28.55
U_01723,2025-09-18,Toys,22.0
U_01723,2025-09-21,Toys,45.87
U_01723,2025-10-10,Fashion,16.42
U_01725,2025-07-11,Sports,40.52
U_01725,2025-08-13,Grocery,24.16
U_01725,2025-10-05,Grocery,93.05
U_01726,2025-07-26,Grocery,116.1
U_01726,2025-09-01,Grocery,89.73
U_01726,2025-10-26,Home,103.89
U_01726,2025-12-12,Home,151.92
U_01727,2025-10-11,Toys,19.59
U_01727,2025-11-10,Electronics,38.07
U_01727,2025-12-09,Toys,89.09
U_01727,2025-12-30,Toys,6.53
U_01729,2025-07-17,Toys,39.04
U_01729,2025-08-18,Grocery,20.54
U_01730,2025-07-30,Sports,23.21
U_01731,2025-07-06,Books,13.74
U_01731,2025-08-22,Books,63.7
U_01732,2025-12-06,Books,11.05
U_01732,2025-12-13,Sports,58.32
U_01735,2025-07-21,Sports,61.28
U_01735,2025-08-21,Sports,63.65
U_01735,2025-11-08,Beauty,135.73
U_01735,2025-11-13,Books,10.49
U_01735,2025-11-17,Beauty,69.53
U_01736,2025-07-16,Toys,36.81
U_01736,2025-08-09,Fashion,91.56
U_01736,2025-08-11,Toys,32.37
U_01736,2025-09-20,Toys,174.24
U_01736,2025-09-29,Toys,48.11
U_01736,2025-09-30,Toys,59.01
U_01736,2025-10-22,Grocery,26.52
U_01736,2025-11-11,Toys,34.35
U_01736,2025-12-22,Toys,74.13
U_01737,2025-09-06,Home,42.7
U_01737,2025-09-08,Home,111.71
U_01737,2025-11-09,Home,27.33
U_01737,2025-11-20,Home,12.27
U_01739,2025-07-04,Toys,22.79
U_01739,2025-10-09,Electronics,14.22
U_01740,2025-08-15,Home,25.8
U_01740,2025-09-18,Electronics,15.73
U_01740,2025-09-29,Electronics,8.62
U_01740,2025-12-27,Electronics,11.63
U_01741,2025-11-18,Electronics,25.7
U_01742,2025-07-04,Electronics,249.76
U_01742,2025-07-19,Beauty,76.87
U_01742,2025-10-14,Electronics,225.84
U_01743,2025-10-29,Toys,29.12
U_01743,2025-11-17,Toys,105.36
U_01744,2025-07-13,Fashion,61.25
U_01744,2025-08-04,Sports,86.69
U_01744,2025-08-27,Home,19.44
U_01744,2025-09-05,Home,31.55
U_01744,2025-10-22,Sports,78.4
U_01744,2025-11-23,Grocery,35.19
U_01745,2025-08-31,Fashion,33.83
U_01747,2025-07-07,Beauty,90.76
U_01747,2025-07-15,Fashion,90.61
U_01747,2025-08-17,Books,52.33
U_01747,2025-09-14,Beauty,34.51
U_01747,2025-09-15,Beauty,32.49
U_01747,2025-10-04,Beauty,45.37
U_01747,2025-10-22,Beauty,24.07
U_01749,2025-10-09,Beauty,27.6
U_01750,2025-08-05,Sports,37.22
U_01750,2025-09-11,Beauty,20.11
U_01751,2025-08-12,Grocery,40.68
U_01751,2025-08-30,Sports,19.72
U_01751,2025-10-17,Toys,38.03
U_01751,2025-11-12,Home,62.45
U_01752,2025-12-28,Fashion,16.97
U_01754,2025-08-31,Fashion,23.34
U_01754,2025-09-20,Grocery,22.05
U_01755,2025-07-25,Beauty,62.22
U_01755,2025-08-06,Beauty,34.32
U_01755,2025-08-28,Beauty,64.62
U_01755,2025-09-15,Toys,56.32
U_01755,2025-10-06,Beauty,37.24
U_01756,2025-08-21,Fashion,45.03
U_01756,2025-11-25,Home,109.46
U_01757,2025-07-10,Home,16.77
U_01757,2025-09-25,Home,87.93
U_01757,2025-11-15,Home,62.98
U_01758,2025-08-03,Toys,49.66
U_01758,2025-08-07,Home,73.36
U_01758,2025-08-15,Toys,66.27
U_01758,2025-09-06,Toys,69.76
U_01758,2025-10-15,Toys,62.64
U_01758,2025-11-08,Toys,29.43
U_01758,2025-11-22,Toys,25.69
U_01759,2025-08-11,Books,31.26
U_01759,2025-11-05,Books,11.76
U_01760,2025-12-28,Toys,65.67
U_01762,2025-08-01,Grocery,42.23
U_01762,2025-08-15,Grocery,77.09
U_01762,2025-10-06,Grocery,128.22
U_01762,2025-10-14,Grocery,37.69
U_01763,2025-07-20,Toys,37.79
U_01763,2025-09-14,Electronics,25.57
U_01763,2025-11-12,Toys,87.87
U_01763,2025-11-15,Toys,72.97
U_01766,2025-07-04,Toys,44.92
U_01766,2025-07-18,Toys,24.98
U_01766,2025-09-05,Toys,116.04
U_01768,2025-08-02,Beauty,6.95
U_01769,2025-12-04,Toys,19.88
U_01770,2025-07-09,Home,53.89
U_01770,2025-07-24,Beauty,44.81
U_01770,2025-08-26,Grocery,20.27
U_01770,2025-09-12,Beauty,91.92
U_01770,2025-10-07,Home,64.4
U_01770,2025-10-28,Beauty,28.07
U_01770,2025-12-14,Beauty,39.79
U_01773,2025-07-07,Fashion,60.45
U_01773,2025-07-27,Toys,11.73
U_01773,2025-09-13,Toys,47.25
U_01773,2025-10-09,Fashion,70.87
U_01773,2025-11-09,Toys,55.45
U_01773,2025-12-20,Toys,48.2
U_01774,2025-12-09,Fashion,130.98
U_01775,2025-09-08,Beauty,41.56
U_01775,2025-10-10,Beauty,83.89
U_01776,2025-07-21,Electronics,17.25
U_01777,2025-07-06,Sports,51.43
U_01777,2025-10-20,Sports,99.82
U_01777,2025-11-19,Sports,18.92
U_01778,2025-07-07,Sports,13.92
U_01778,2025-07-09,Sports,21.54
U_01778,2025-08-23,Electronics,47.56
U_01779,2025-11-20,Home,59.57
U_01779,2025-12-03,Home,107.7
U_01780,2025-07-09,Fashion,38.33
U_01780,2025-08-14,Fashion,22.17
U_01781,2025-08-15,Beauty,65.76
U_01782,2025-07-20,Books,39.28
U_01782,2025-07-28,Books,18.35
U_01782,2025-09-04,Books,23.86
U_01782,2025-11-02,Books,15.88
U_01782,2025-11-15,Books,45.18
U_01783,2025-07-13,Electronics,25.09
U_01783,2025-08-25,Electronics,12.21
U_01783,2025-09-04,Electronics,33.81
U_01783,2025-11-03,Toys,32.29
U_01783,2025-12-18,Books,27.44
U_01785,2025-07-08,Fashion,144.86
U_01785,2025-08-09,Home,59.28
U_01785,2025-11-11,Home,78.15
U_01785,2025-12-15,Home,37.09
U_01787,2025-07-12,Grocery,382.0
U_01787,2025-08-20,Grocery,131.64
U_01787,2025-09-02,Beauty,45.91
U_01787,2025-09-12,Grocery,84.4
U_01787,2025-10-07,Grocery,17.68
U_01787,2025-10-08,Grocery,110.49
U_01787,2025-11-08,Sports,52.32
U_01787,2025-11-22,Grocery,256.36
U_01787,2025-12-14,Grocery,75.53
U_01787,2025-12-19,Grocery,34.46
U_01787,2025-12-28,Grocery,169.12
U_01788,2025-08-13,Sports,133.22
U_01788,2025-08-29,Books,121.45
U_01788,2025-10-14,Books,54.04
U_01788,2025-10-26,Books,101.19
U_01788,2025-11-25,Books,43.69
U_01788,2025-12-19,Books,70.27
U_01789,2025-07-17,Books,29.67
U_01791,2025-11-11,Home,16.53
U_01793,2025-08-09,Fashion,70.69
U_01793,2025-08-26,Fashion,12.28
U_01794,2025-09-06,Toys,216.82
U_01794,2025-09-14,Toys,191.18
U_01794,2025-10-13,Electronics,54.93
U_01794,2025-10-17,Toys,44.37
U_01794,2025-10-30,Electronics,260.88
U_01795,2025-07-25,Electronics,36.9
U_01796,2025-07-06,Toys,14.25
U_01796,2025-07-26,Beauty,158.41
U_01796,2025-08-07,Beauty,21.59
U_01796,2025-08-15,Beauty,55.61
U_01796,2025-09-19,Beauty,54.62
U_01796,2025-11-03,Beauty,55.2
U_01796,2025-11-04,Beauty,120.81
U_01798,2025-07-10,Beauty,27.36
U_01798,2025-09-04,Toys,167.61
U_01798,2025-12-21,Toys,60.73
U_01798,2025-12-26,Toys,123.7
U_01799,2025-07-28,Home,35.22
U_01799,2025-08-08,Books,11.36
U_01799,2025-08-13,Books,18.51
U_01800,2025-09-15,Beauty,89.81
U_01801,2025-08-25,Beauty,58.3
U_01802,2025-07-24,Fashion,101.42
U_01802,2025-10-05,Fashion,99.45
U_01802,2025-12-09,Home,52.77
U_01802,2025-12-20,Fashion,133.88
U_01803,2025-11-12,Fashion,26.42
U_01804,2025-07-27,Sports,53.81
U_01805,2025-07-04,Sports,17.0
U_01806,2025-07-06,Toys,27.51
U_01806,2025-08-10,Toys,97.52
U_01806,2025-09-03,Fashion,153.4
U_01806,2025-09-08,Fashion,82.52
U_01806,2025-09-20,Fashion,75.13
U_01806,2025-10-17,Fashion,36.04
U_01806,2025-10-20,Toys,17.39
U_01806,2025-11-11,Fashion,49.4
U_01806,2025-11-17,Home,91.8
U_01806,2025-11-28,Toys,50.18
U_01806,2025-12-11,Toys,95.11
U_01806,2025-12-25,Fashion,77.73
U_01807,2025-08-07,Sports,27.35
U_01807,2025-11-07,Sports,20.87
U_01808,2025-10-09,Fashion,23.79
U_01808,2025-10-13,Fashion,26.67
U_01808,2025-10-17,Grocery,11.12
U_01808,2025-11-27,Fashion,20.04
U_01809,2025-08-21,Toys,35.17
U_01809,2025-08-31,Electronics,28.11
U_01809,2025-10-05,Electronics,49.37
U_01811,2025-09-24,Books,37.62
U_01811,2025-11-17,Electronics,8.6
U_01811,2025-11-26,Electronics,42.41
U_01811,2025-12-12,Electronics,29.79
U_01812,2025-09-10,Fashion,145.98
U_01813,2025-07-30,Grocery,29.35
U_01814,2025-09-03,Toys,20.13
U_01814,2025-10-23,Beauty,59.43
U_01814,2025-11-13,Beauty,88.34
U_01815,2025-11-07,Toys,22.08
U_01815,2025-11-22,Toys,17.46
U_01817,2025-07-08,Electronics,32.83
U_01817,2025-08-04,Electronics,31.8
U_01817,2025-08-26,Electronics,115.8
U_01817,2025-09-06,Grocery,155.98
U_01817,2025-09-15,Home,194.07
U_01817,2025-09-25,Electronics,33.94
U_01817,2025-10-26,Grocery,37.26
U_01817,2025-11-14,Grocery,39.81
U_01817,2025-12-26,Grocery,60.28
U_01819,2025-07-23,Books,108.19
U_01822,2025-10-28,Home,64.99
U_01822,2025-11-07,Electronics,17.26
U_01823,2025-07-26,Fashion,46.15
U_01823,2025-09-12,Fashion,34.86
U_01823,2025-12-30,Fashion,33.27
U_01825,2025-09-20,Toys,9.68
U_01825,2025-09-26,Beauty,56.82
U_01825,2025-11-10,Grocery,28.8
U_01827,2025-09-07,Toys,18.25
U_01829,2025-07-28,Grocery,14.54
U_01829,2025-09-16,Toys,35.45
U_01830,2025-07-20,Grocery,73.59
U_01830,2025-08-19,Electronics,49.51
U_01830,2025-08-28,Electronics,69.29
U_01830,2025-10-20,Home,112.54
U_01830,2025-10-23,Electronics,8.38
U_01830,2025-11-05,Electronics,42.79
U_01830,2025-11-22,Electronics,83.31
U_01831,2025-08-26,Grocery,28.52
U_01831,2025-09-02,Books,42.27
U_01834,2025-09-13,Beauty,125.57
U_01834,2025-10-08,Home,148.41
U_01834,2025-11-14,Home,237.88
U_01834,2025-12-03,Home,152.76
U_01834,2025-12-27,Home,54.47
U_01835,2025-07-11,Sports,42.11
U_01835,2025-12-24,Sports,33.33
U_01836,2025-07-19,Toys,33.75
U_01836,2025-09-19,Beauty,18.36
U_01836,2025-11-30,Toys,19.12
U_01838,2025-07-21,Grocery,21.91
U_01838,2025-08-22,Toys,57.27
U_01841,2025-11-11,Toys,29.42
U_01842,2025-07-04,Electronics,90.49
U_01842,2025-08-13,Electronics,54.71
U_01842,2025-08-17,Books,76.3
U_01842,2025-10-15,Electronics,54.23
U_01842,2025-11-23,Electronics,79.35
U_01843,2025-09-30,Sports,16.63
U_01844,2025-09-15,Electronics,46.73
U_01844,2025-10-02,Toys,108.95
U_01844,2025-10-25,Electronics,49.35
U_01844,2025-11-16,Toys,43.24
U_01844,2025-12-14,Books,42.01
U_01845,2025-11-01,Beauty,16.39
U_01847,2025-11-19,Beauty,33.91
U_01849,2025-08-10,Grocery,28.29
U_01849,2025-10-01,Grocery,13.4
U_01849,2025-10-24,Grocery,43.3
U_01850,2025-07-06,Sports,16.86
U_01850,2025-11-25,Sports,55.61
U_01850,2025-11-27,Sports,27.5
U_01850,2025-12-26,Sports,102.98
U_01851,2025-10-28,Toys,34.07
U_01853,2025-07-10,Home,11.76
U_01854,2025-08-02,Grocery,266.73
U_01854,2025-09-22,Grocery,163.86
U_01855,2025-09-13,Books,41.27
U_01855,2025-09-28,Books,35.97
U_01856,2025-07-11,Home,69.43
U_01856,2025-07-18,Grocery,53.98
U_01856,2025-08-06,Grocery,58.87
U_01856,2025-09-03,Toys,48.43
U_01856,2025-09-10,Toys,25.19
U_01856,2025-09-17,Sports,34.91
U_01856,2025-10-02,Grocery,48.34
U_01856,2025-10-07,Grocery,57.78
U_01856,2025-12-21,Books,27.87
U_01857,2025-08-01,Beauty,76.57
U_01857,2025-09-14,Beauty,113.97
U_01857,2025-10-02,Home,23.43
U_01857,2025-10-25,Beauty,50.51
U_01858,2025-07-13,Books,79.21
U_01858,2025-08-11,Grocery,20.05
U_01858,2025-09-11,Electronics,68.36
U_01858,2025-09-12,Books,91.34
U_01858,2025-09-20,Books,65.64
U_01858,2025-10-17,Books,28.14
U_01858,2025-11-20,Books,68.98
U_01860,2025-11-22,Toys,22.99
U_01862,2025-09-09,Grocery,65.36
U_01862,2025-10-02,Home,45.99
U_01862,2025-10-11,Grocery,74.18
U_01862,2025-11-23,Grocery,70.14
U_01862,2025-12-04,Grocery,139.03
U_01863,2025-08-20,Sports,36.59
U_01864,2025-08-18,Books,30.8
U_01864,2025-10-11,Books,90.75
U_01866,2025-07-18,Grocery,89.94
U_01866,2025-08-17,Books,19.18
U_01866,2025-09-01,Books,121.22
U_01866,2025-11-13,Books,63.56
U_01866,2025-12-03,Books,172.44
U_01867,2025-08-29,Beauty,119.69
U_01867,2025-09-02,Books,123.68
U_01867,2025-09-17,Toys,142.14
U_01867,2025-10-17,Toys,66.96
U_01867,2025-11-28,Toys,160.32
U_01867,2025-11-30,Toys,101.85
U_01867,2025-12-28,Toys,135.05
U_01869,2025-08-07,Sports,113.93
U_01869,2025-09-15,Sports,36.97
U_01869,2025-10-27,Toys,79.5
U_01869,2025-11-07,Sports,180.16
U_01869,2025-11-10,Sports,78.67
U_01869,2025-12-02,Sports,44.8
U_01869,2025-12-09,Sports,88.71
U_01871,2025-08-17,Books,17.41
U_01872,2025-10-29,Grocery,54.12
U_01873,2025-08-04,Beauty,15.78
U_01873,2025-08-14,Beauty,25.41
U_01873,2025-10-03,Home,35.16
U_01873,2025-12-08,Beauty,21.17
U_01874,2025-08-19,Electronics,14.2
U_01874,2025-10-09,Electronics,11.14
U_01875,2025-10-04,Beauty,23.5
U_01876,2025-10-21,Beauty,35.4
U_01876,2025-12-17,Books,29.4
U_01877,2025-07-31,Beauty,68.19
U_01877,2025-08-16,Sports,88.69
U_01877,2025-08-21,Electronics,271.82
U_01877,2025-09-06,Toys,117.71
U_01877,2025-09-10,Fashion,166.75
U_01877,2025-09-18,Toys,139.4
U_01877,2025-10-15,Toys,36.18
U_01877,2025-11-01,Toys,70.43
U_01878,2025-07-16,Electronics,27.15
U_01878,2025-08-10,Sports,32.92
U_01878,2025-08-30,Sports,8.05
U_01878,2025-11-04,Electronics,21.71
U_01879,2025-10-06,Home,22.26
U_01880,2025-08-09,Books,55.94
U_01881,2025-09-06,Books,110.88
U_01881,2025-12-02,Books,140.45
U_01883,2025-07-17,Electronics,85.21
U_01885,2025-08-15,Fashion,22.05
U_01886,2025-08-24,Books,84.75
U_01886,2025-11-05,Books,154.85
U_01886,2025-11-27,Fashion,54.38
U_01886,2025-12-22,Books,7.88
U_01888,2025-08-04,Toys,50.76
U_01889,2025-07-22,Toys,23.38
U_01890,2025-08-05,Books,27.81
U_01890,2025-09-28,Sports,135.91
U_01891,2025-07-15,Fashion,36.74
U_01891,2025-07-27,Fashion,12.63
U_01891,2025-08-04,Fashion,39.87
U_01891,2025-08-06,Fashion,81.65
U_01891,2025-10-28,Home,35.52
U_01891,2025-11-05,Home,62.84
U_01891,2025-11-14,Fashion,99.76
U_01891,2025-12-27,Books,97.42
U_01892,2025-12-12,Beauty,33.32
U_01893,2025-07-22,Books,8.58
U_01893,2025-08-22,Books,33.54
U_01893,2025-12-16,Books,44.96
U_01894,2025-08-09,Electronics,14.13
U_01894,2025-09-06,Electronics,16.15
U_01894,2025-10-09,Electronics,20.86
U_01894,2025-10-26,Electronics,19.01
U_01895,2025-09-21,Toys,14.84
U_01896,2025-08-18,Electronics,14.19
U_01896,2025-12-27,Electronics,32.69
U_01897,2025-07-15,Grocery,14.14
U_01897,2025-07-20,Grocery,104.84
U_01897,2025-08-23,Beauty,68.3
U_01897,2025-10-26,Grocery,16.55
U_01897,2025-12-11,Electronics,123.79
U_01897,2025-12-16,Fashion,24.43
U_01898,2025-08-30,Home,30.75
U_01899,2025-07-22,Grocery,35.27
U_01900,2025-07-25,Toys,130.1
U_01900,2025-09-01,Toys,69.11
U_01900,2025-12-19,Toys,71.81
U_01902,2025-08-06,Fashion,13.83
U_01903,2025-08-22,Home,16.54
U_01903,2025-10-10,Books,29.99
U_01903,2025-11-30,Home,18.73
U_01905,2025-08-14,Home,102.29
U_01905,2025-11-07,Toys,7.31
U_01905,2025-12-16,Beauty,36.63
U_01905,2025-12-20,Home,106.78
U_01905,2025-12-25,Toys,75.65
U_01906,2025-07-30,Sports,28.92
U_01906,2025-08-02,Fashion,50.27
U_01907,2025-07-12,Toys,10.24
U_01907,2025-09-03,Toys,13.86
U_01908,2025-10-08,Sports,25.8
U_01908,2025-10-14,Sports,35.43
U_01909,2025-10-08,Grocery,16.34
U_01911,2025-11-19,Books,54.29
U_01912,2025-07-15,Electronics,29.06
U_01913,2025-10-22,Fashion,24.34
U_01914,2025-10-08,Grocery,29.81
U_01915,2025-07-20,Beauty,32.93
U_01915,2025-08-12,Beauty,56.57
U_01915,2025-09-01,Beauty,30.0
U_01915,2025-09-18,Beauty,124.07
U_01915,2025-09-23,Beauty,18.24
U_01915,2025-10-25,Beauty,141.59
U_01915,2025-11-14,Beauty,29.6
U_01915,2025-12-17,Beauty,20.18
U_01915,2025-12-26,Books,59.8
U_01916,2025-08-18,Home,10.35
U_01916,2025-10-12,Beauty,13.95
U_01916,2025-12-06,Home,15.48
U_01916,2025-12-14,Home,31.86
U_01917,2025-07-09,Toys,31.88
U_01917,2025-08-18,Home,66.15
U_01917,2025-08-25,Toys,56.61
U_01917,2025-09-11,Electronics,44.96
U_01917,2025-10-17,Sports,60.75
U_01917,2025-10-29,Books,48.86
U_01917,2025-11-24,Toys,60.6
U_01917,2025-12-07,Toys,13.66
U_01918,2025-09-18,Beauty,38.06
U_01919,2025-08-25,Toys,26.82
U_01920,2025-07-22,Electronics,77.84
U_01920,2025-09-05,Electronics,100.73
U_01921,2025-10-10,Home,23.68
U_01921,2025-10-17,Books,75.57
U_01922,2025-11-23,Electronics,51.85
U_01924,2025-08-07,Home,34.7
U_01925,2025-09-17,Home,173.26
U_01925,2025-10-28,Toys,65.37
U_01925,2025-11-04,Beauty,38.96
U_01925,2025-12-17,Home,39.46
U_01929,2025-07-29,Beauty,11.99
U_01929,2025-12-24,Beauty,38.91
U_01930,2025-07-31,Grocery,67.52
U_01930,2025-08-10,Books,52.99
U_01930,2025-11-24,Books,135.1
U_01931,2025-07-15,Grocery,102.7
U_01932,2025-08-27,Toys,40.89
U_01933,2025-07-23,Fashion,14.37
U_01933,2025-10-23,Fashion,13.2
U_01933,2025-11-02,Fashion,52.11
U_01934,2025-08-26,Electronics,10.65
U_01935,2025-08-05,Fashion,28.22
U_01936,2025-10-30,Electronics,17.97
U_01937,2025-07-05,Beauty,16.07
U_01937,2025-07-08,Fashion,63.18
U_01937,2025-07-21,Fashion,170.98
U_01937,2025-07-28,Fashion,33.06
U_01937,2025-08-24,Fashion,109.46
U_01937,2025-10-21,Fashion,116.94
U_01938,2025-07-29,Beauty,21.77
U_01938,2025-11-09,Beauty,12.63
U_01939,2025-11-17,Books,12.43
U_01939,2025-11-20,Books,23.98
U_01939,2025-11-25,Books,29.0
U_01939,2025-12-20,Books,12.14
U_01941,2025-07-11,Sports,21.91
U_01941,2025-07-19,Toys,23.21
U_01941,2025-08-05,Grocery,10.7
U_01943,2025-07-19,Sports,95.4
U_01944,2025-07-23,Home,31.2
U_01944,2025-09-22,Fashion,42.02
U_01945,2025-07-27,Beauty,84.14
U_01945,2025-08-06,Sports,261.1
U_01945,2025-08-14,Sports,237.97
U_01945,2025-09-11,Sports,146.62
U_01945,2025-09-15,Sports,51.47
U_01945,2025-09-24,Sports,51.24
U_01945,2025-10-01,Sports,195.27
U_01945,2025-10-10,Sports,49.08
U_01945,2025-11-07,Sports,203.33
U_01945,2025-11-23,Sports,47.7
U_01945,2025-12-17,Sports,41.32
U_01945,2025-12-22,Beauty,120.72
U_01945,2025-12-25,Sports,52.23
U_01945,2025-12-28,Beauty,43.08
U_01946,2025-08-18,Sports,23.42
U_01947,2025-08-23,Fashion,20.22
U_01947,2025-12-19,Fashion,16.39
U_01949,2025-11-20,Toys,16.2
U_01951,2025-12-22,Beauty,18.5
U_01953,2025-07-16,Fashion,21.18
U_01954,2025-07-20,Toys,35.76
U_01956,2025-07-06,Books,110.04
U_01956,2025-07-18,Beauty,100.93
U_01956,2025-08-25,Beauty,118.55
U_01956,2025-09-01,Beauty,79.42
U_01956,2025-11-05,Beauty,107.44
U_01956,2025-11-10,Beauty,102.14
U_01956,2025-11-23,Beauty,101.32
U_01956,2025-12-07,Beauty,336.15
U_01956,2025-12-09,Beauty,24.03
U_01958,2025-10-21,Fashion,38.62
U_01959,2025-09-29,Beauty,23.35
U_01959,2025-11-03,Books,32.03
U_01959,2025-12-07,Toys,29.04
U_01960,2025-07-26,Beauty,40.05
U_01960,2025-09-13,Electronics,27.81
U_01960,2025-12-17,Beauty,5.73
U_01961,2025-09-02,Fashion,13.77
U_01961,2025-10-11,Sports,43.04
U_01961,2025-11-25,Beauty,31.2
U_01961,2025-12-02,Home,21.44
U_01962,2025-12-17,Home,67.11
U_01963,2025-07-08,Grocery,41.42
U_01963,2025-08-17,Sports,46.51
U_01963,2025-09-25,Grocery,78.56
U_01964,2025-07-09,Grocery,80.21
U_01964,2025-07-19,Grocery,27.48
U_01964,2025-07-31,Grocery,77.63
U_01964,2025-08-13,Books,74.59
U_01964,2025-10-20,Home,25.01
U_01964,2025-11-23,Grocery,39.34
U_01964,2025-12-03,Grocery,76.79
U_01965,2025-08-30,Sports,26.74
U_01966,2025-07-10,Home,47.22
U_01966,2025-08-11,Home,106.96
U_01966,2025-08-14,Books,110.52
U_01966,2025-09-23,Sports,71.84
U_01966,2025-10-03,Sports,50.14
U_01967,2025-07-15,Fashion,25.35
U_01967,2025-08-13,Fashion,7.75
U_01967,2025-08-30,Fashion,16.54
U_01967,2025-10-02,Grocery,24.56
U_01967,2025-10-11,Fashion,9.28
U_01967,2025-11-04,Fashion,18.87
U_01967,2025-11-14,Fashion,35.76
U_01968,2025-10-25,Grocery,20.14
U_01969,2025-11-02,Fashion,125.21
U_01970,2025-07-23,Grocery,148.23
U_01970,2025-10-12,Home,100.67
U_01972,2025-09-29,Toys,7.79
U_01975,2025-08-19,Toys,26.37
U_01976,2025-07-16,Fashion,65.6
U_01976,2025-07-23,Beauty,246.74
U_01976,2025-08-29,Beauty,146.13
U_01976,2025-10-06,Beauty,99.25
U_01976,2025-10-25,Beauty,96.43
U_01976,2025-11-12,Beauty,29.33
U_01976,2025-11-21,Electronics,127.74
U_01976,2025-12-28,Toys,21.34
U_01978,2025-07-31,Sports,149.09
U_01978,2025-08-18,Sports,19.46
U_01978,2025-08-28,Fashion,193.79
U_01978,2025-10-16,Fashion,104.16
U_01978,2025-11-14,Sports,84.59
U_01978,2025-11-23,Sports,127.01
U_01978,2025-12-03,Sports,269.91
U_01978,2025-12-22,Sports,63.89
U_01979,2025-09-28,Beauty,14.05
U_01980,2025-07-27,Fashion,34.94
U_01980,2025-08-17,Fashion,60.24
U_01980,2025-11-04,Toys,58.78
U_01981,2025-07-24,Sports,34.96
U_01981,2025-10-11,Toys,17.24
U_01981,2025-10-14,Electronics,29.55
U_01981,2025-12-21,Home,6.63
U_01982,2025-08-14,Sports,126.16
U_01984,2025-07-12,Beauty,27.17
U_01984,2025-12-23,Grocery,80.58
U_01986,2025-08-24,Toys,11.12
U_01986,2025-08-31,Toys,148.66
U_01986,2025-09-10,Toys,69.89
U_01986,2025-09-30,Toys,37.37
U_01986,2025-10-06,Beauty,21.85
U_01986,2025-11-06,Toys,116.98
U_01986,2025-11-28,Toys,200.61
U_01986,2025-12-29,Toys,73.04
U_01987,2025-08-20,Electronics,63.9
U_01987,2025-10-31,Electronics,6.21
U_01988,2025-07-08,Electronics,56.22
U_01988,2025-08-08,Beauty,63.47
U_01988,2025-08-29,Beauty,119.43
U_01989,2025-08-26,Sports,37.36
U_01989,2025-10-25,Grocery,44.83
U_01989,2025-11-06,Grocery,21.64
U_01989,2025-11-14,Grocery,14.0
U_01989,2025-12-23,Beauty,20.96
U_01991,2025-07-26,Fashion,140.78
U_01991,2025-09-17,Fashion,69.04
U_01991,2025-09-25,Fashion,50.33
U_01991,2025-10-26,Fashion,8.99
U_01994,2025-08-19,Grocery,62.16
U_01995,2025-10-17,Toys,29.14
U_01996,2025-08-11,Grocery,61.55
U_01996,2025-09-05,Grocery,58.22
U_01996,2025-09-23,Grocery,129.14
U_01996,2025-12-28,Beauty,126.99
U_01998,2025-07-21,Home,8.23
U_01998,2025-10-02,Toys,17.31
U_01998,2025-10-03,Home,19.6
U_01998,2025-11-17,Toys,29.0
U_02001,2025-07-12,Grocery,22.79
U_02002,2025-08-24,Home,10.75
U_02002,2025-11-14,Books,29.22
U_02002,2025-12-09,Books,44.49
U_02003,2025-08-30,Electronics,8.56
U_02003,2025-09-26,Electronics,30.58
U_02004,2025-09-22,Books,40.32
U_02005,2025-09-30,Books,20.55
U_02009,2025-09-04,Beauty,11.52
U_02009,2025-10-09,Books,8.57
U_02010,2025-08-26,Fashion,105.35
U_02010,2025-10-27,Sports,27.21
U_02010,2025-11-14,Fashion,18.88
U_02010,2025-12-07,Fashion,43.85
U_02011,2025-07-10,Fashion,54.28
U_02011,2025-08-08,Fashion,20.4
U_02011,2025-11-06,Fashion,86.13
U_02011,2025-12-28,Fashion,63.33
U_02013,2025-07-18,Home,48.96
U_02014,2025-07-09,Home,75.27
U_02014,2025-12-13,Fashion,105.4
U_02015,2025-08-06,Fashion,66.37
U_02016,2025-07-05,Beauty,44.33
U_02017,2025-12-25,Fashion,7.75
U_02018,2025-07-25,Toys,74.21
U_02018,2025-07-31,Toys,38.74
U_02018,2025-08-03,Toys,34.21
U_02018,2025-11-14,Toys,12.02
U_02019,2025-07-27,Fashion,35.66
U_02019,2025-09-12,Fashion,61.08
U_02021,2025-07-07,Toys,63.06
U_02021,2025-08-07,Toys,76.64
U_02021,2025-09-30,Toys,50.84
U_02021,2025-10-06,Toys,46.89
U_02021,2025-10-26,Toys,76.25
U_02021,2025-11-28,Toys,122.73
U_02021,2025-12-18,Grocery,84.3
U_02022,2025-11-03,Sports,6.46
U_02023,2025-12-17,Electronics,23.37
U_02026,2025-08-22,Home,20.56
U_02030,2025-07-22,Home,79.91
U_02030,2025-08-06,Books,42.58
U_02030,2025-08-17,Toys,105.65
U_02030,2025-09-05,Fashion,65.97
U_02030,2025-09-23,Grocery,56.04
U_02030,2025-10-20,Books,79.36
U_02030,2025-12-04,Books,35.05
U_02032,2025-07-28,Fashion,47.38
U_02032,2025-07-29,Books,8.21
U_02032,2025-09-01,Fashion,68.97
U_02032,2025-09-10,Fashion,12.07
U_02032,2025-10-25,Fashion,62.11
U_02032,2025-11-02,Fashion,35.55
U_02033,2025-09-04,Electronics,27.95
U_02033,2025-09-15,Electronics,37.8
U_02034,2025-09-29,Electronics,26.11
U_02034,2025-11-05,Home,12.77
U_02036,2025-07-28,Beauty,26.74
U_02036,2025-09-10,Beauty,20.16
U_02037,2025-07-07,Beauty,113.94
U_02037,2025-09-22,Beauty,15.83
U_02037,2025-10-25,Home,50.23
U_02037,2025-11-05,Beauty,42.15
U_02037,2025-12-02,Beauty,45.79
U_02037,2025-12-03,Beauty,78.49
U_02037,2025-12-08,Beauty,34.55
U_02037,2025-12-21,Beauty,60.11
U_02037,2025-12-24,Beauty,68.07
U_02037,2025-12-25,Beauty,33.76
U_02038,2025-08-30,Beauty,79.91
U_02038,2025-09-08,Sports,45.55
U_02038,2025-09-20,Sports,61.68
U_02038,2025-10-03,Sports,62.05
U_02038,2025-10-05,Toys,84.65
U_02038,2025-10-26,Fashion,128.94
U_02041,2025-08-19,Home,29.74
U_02041,2025-11-03,Grocery,36.57
U_02042,2025-10-07,Fashion,15.45
U_02046,2025-07-13,Books,130.09
U_02046,2025-08-01,Home,69.73
U_02046,2025-08-06,Grocery,134.71
U_02046,2025-08-09,Books,45.46
U_02046,2025-08-15,Books,46.2
U_02046,2025-08-23,Books,93.49
U_02046,2025-09-04,Grocery,75.61
U_02046,2025-09-24,Books,99.88
U_02046,2025-09-26,Books,282.15
U_02046,2025-11-12,Books,80.5
U_02048,2025-09-07,Toys,17.79
U_02049,2025-08-21,Electronics,39.11
U_02049,2025-09-03,Books,39.51
U_02050,2025-08-16,Sports,31.24
U_02050,2025-09-30,Books,23.64
U_02050,2025-11-26,Sports,8.17
U_02051,2025-07-22,Beauty,28.82
U_02051,2025-08-15,Beauty,105.54
U_02051,2025-10-08,Beauty,30.01
U_02053,2025-07-14,Home,32.64
U_02053,2025-08-16,Beauty,87.34
U_02053,2025-09-10,Toys,34.06
U_02053,2025-10-04,Toys,114.74
U_02053,2025-10-13,Toys,154.58
U_02053,2025-12-02,Toys,15.32
U_02053,2025-12-26,Toys,61.19
U_02055,2025-07-08,Toys,34.44
U_02055,2025-08-22,Toys,25.05
U_02056,2025-07-16,Toys,96.36
U_02056,2025-12-26,Home,50.79
U_02057,2025-07-22,Fashion,12.19
U_02057,2025-12-10,Toys,28.59
U_02058,2025-07-05,Fashion,99.7
U_02058,2025-11-09,Fashion,72.61
U_02059,2025-07-10,Home,29.39
U_02059,2025-09-17,Fashion,19.93
U_02059,2025-11-06,Toys,12.24
U_02060,2025-09-26,Sports,133.15
U_02060,2025-10-05,Home,55.51
U_02060,2025-10-10,Electronics,38.48
U_02060,2025-10-14,Grocery,8.22
U_02060,2025-10-23,Grocery,46.84
U_02060,2025-12-11,Electronics,38.45
U_02060,2025-12-17,Electronics,11.41
U_02060,2025-12-27,Grocery,37.59
U_02061,2025-09-10,Grocery,49.25
U_02061,2025-09-19,Grocery,146.49
U_02061,2025-11-10,Grocery,53.32
U_02062,2025-10-30,Books,25.51
U_02063,2025-08-08,Grocery,37.07
U_02063,2025-10-14,Grocery,68.87
U_02064,2025-07-20,Grocery,6.44
U_02065,2025-08-18,Sports,100.54
U_02065,2025-08-24,Books,57.72
U_02065,2025-08-25,Sports,53.68
U_02068,2025-10-07,Beauty,145.29
U_02068,2025-11-07,Sports,27.49
U_02069,2025-10-02,Books,38.69
U_02070,2025-07-10,Grocery,38.54
U_02070,2025-08-07,Grocery,79.78
U_02070,2025-08-13,Books,199.0
U_02070,2025-08-24,Books,14.16
U_02070,2025-08-26,Books,19.94
U_02070,2025-10-15,Fashion,113.03
U_02070,2025-12-20,Toys,44.5
U_02072,2025-08-14,Sports,41.84
U_02073,2025-10-07,Fashion,80.19
U_02073,2025-12-05,Fashion,73.49
U_02074,2025-07-16,Beauty,102.26
U_02074,2025-07-28,Beauty,17.23
U_02074,2025-09-13,Beauty,124.31
U_02074,2025-10-14,Beauty,60.27
U_02075,2025-08-22,Sports,12.62
U_02075,2025-10-04,Sports,20.56
U_02076,2025-10-07,Beauty,49.24
U_02076,2025-11-18,Beauty,14.8
U_02078,2025-07-19,Home,35.14
U_02078,2025-09-11,Toys,144.15
U_02078,2025-09-20,Home,20.92
U_02078,2025-09-29,Toys,126.2
U_02078,2025-10-01,Toys,50.53
U_02078,2025-10-07,Toys,33.51
U_02079,2025-08-12,Sports,19.05
U_02079,2025-09-06,Grocery,13.46
U_02080,2025-07-17,Beauty,95.72
U_02080,2025-07-29,Beauty,55.53
U_02080,2025-09-05,Beauty,117.45
U_02080,2025-10-07,Beauty,48.34
U_02080,2025-10-18,Home,13.98
U_02080,2025-11-16,Beauty,81.63
U_02081,2025-07-25,Beauty,41.61
U_02081,2025-08-05,Beauty,42.67
U_02082,2025-07-08,Beauty,50.81
U_02082,2025-08-24,Fashion,23.45
U_02082,2025-09-06,Beauty,37.85
U_02082,2025-11-14,Beauty,17.63
U_02085,2025-09-16,Electronics,18.48
U_02086,2025-09-13,Electronics,67.05
U_02086,2025-09-14,Electronics,40.1
U_02086,2025-10-09,Electronics,112.2
U_02087,2025-07-17,Grocery,89.2
U_02087,2025-10-05,Home,121.29
U_02087,2025-10-18,Grocery,165.83
U_02087,2025-11-23,Grocery,135.02
U_02087,2025-12-01,Home,185.11
U_02087,2025-12-24,Home,81.56
U_02088,2025-07-25,Toys,130.21
U_02088,2025-11-12,Toys,16.86
U_02089,2025-07-06,Grocery,38.0
U_02089,2025-09-28,Fashion,24.47
U_02090,2025-07-04,Fashion,27.85
U_02090,2025-09-19,Fashion,29.4
U_02090,2025-09-24,Fashion,65.94
U_02090,2025-09-25,Fashion,91.66
U_02090,2025-10-24,Fashion,23.02
U_02090,2025-10-31,Fashion,74.1
U_02090,2025-11-12,Fashion,138.17
U_02090,2025-11-24,Fashion,91.0
U_02090,2025-12-16,Fashion,31.65
U_02091,2025-07-15,Grocery,31.72
U_02091,2025-11-19,Fashion,132.22
U_02091,2025-12-12,Grocery,99.47
U_02094,2025-08-27,Sports,24.26
U_02094,2025-09-02,Toys,9.01
U_02095,2025-11-12,Fashion,17.0
U_02096,2025-10-24,Sports,24.41
U_02096,2025-11-01,Toys,66.34
U_02096,2025-12-02,Fashion,39.11
U_02096,2025-12-11,Toys,74.45
U_02097,2025-09-26,Home,46.62
U_02098,2025-09-18,Home,62.96
U_02098,2025-10-24,Grocery,11.73
U_02099,2025-07-12,Beauty,119.54
U_02099,2025-10-21,Beauty,41.97
U_02099,2025-10-29,Beauty,45.73
U_02099,2025-11-23,Beauty,54.76
U_02099,2025-12-11,Beauty,38.62
U_02100,2025-07-06,Home,38.85
U_02100,2025-08-23,Fashion,30.86
U_02100,2025-11-01,Books,82.18
U_02102,2025-08-08,Home,88.5
U_02102,2025-08-26,Books,19.54
U_02102,2025-09-21,Grocery,12.12
U_02102,2025-11-21,Grocery,55.69
U_02103,2025-07-31,Toys,35.47
U_02103,2025-12-11,Toys,59.84
U_02104,2025-08-15,Toys,11.19
U_02105,2025-07-25,Toys,10.63
U_02105,2025-09-18,Fashion,37.94
U_02106,2025-07-12,Fashion,27.82
U_02106,2025-10-03,Electronics,19.18
U_02106,2025-10-06,Fashion,15.24
U_02106,2025-11-05,Beauty,30.56
U_02107,2025-08-15,Electronics,58.03
U_02107,2025-11-01,Home,69.12
U_02108,2025-07-09,Books,38.64
U_02108,2025-11-13,Beauty,18.04
U_02109,2025-07-27,Beauty,78.33
U_02109,2025-08-27,Beauty,96.36
U_02109,2025-10-20,Beauty,150.2
U_02109,2025-11-14,Grocery,75.83
U_02110,2025-07-10,Electronics,76.95
U_02110,2025-07-18,Fashion,79.46
U_02110,2025-08-06,Fashion,93.11
U_02110,2025-08-14,Electronics,13.41
U_02110,2025-09-13,Electronics,37.44
U_02110,2025-09-27,Electronics,38.56
U_02110,2025-10-01,Toys,48.65
U_02111,2025-09-05,Grocery,42.78
U_02112,2025-11-03,Books,13.85
U_02112,2025-11-10,Books,15.58
U_02113,2025-07-31,Home,107.02
U_02115,2025-07-13,Fashion,32.08
U_02115,2025-09-02,Books,101.52
U_02117,2025-07-30,Beauty,22.49
U_02117,2025-10-06,Beauty,23.32
U_02118,2025-07-06,Grocery,27.07
U_02118,2025-10-26,Grocery,14.97
U_02119,2025-07-04,Fashion,36.44
U_02120,2025-09-07,Beauty,185.43
U_02120,2025-11-04,Fashion,70.65
U_02122,2025-07-16,Electronics,48.66
U_02122,2025-09-24,Electronics,37.15
U_02122,2025-10-03,Electronics,120.42
U_02122,2025-10-10,Electronics,39.77
U_02123,2025-08-28,Sports,25.28
U_02123,2025-09-12,Toys,91.66
U_02123,2025-10-08,Books,64.09
U_02123,2025-11-07,Sports,42.71
U_02124,2025-09-02,Sports,51.47
U_02124,2025-09-08,Beauty,65.42
U_02124,2025-10-12,Books,72.26
U_02125,2025-08-03,Beauty,59.66
U_02126,2025-07-22,Electronics,54.0
U_02126,2025-10-07,Beauty,23.2
U_02126,2025-10-16,Electronics,45.91
U_02126,2025-10-22,Electronics,45.33
U_02126,2025-11-09,Electronics,214.93
U_02126,2025-11-28,Electronics,32.14
U_02127,2025-07-05,Beauty,19.47
U_02127,2025-09-12,Beauty,43.27
U_02127,2025-10-03,Beauty,47.09
U_02127,2025-10-20,Beauty,28.62
U_02127,2025-12-03,Beauty,56.42
U_02127,2025-12-05,Beauty,86.4
U_02127,2025-12-25,Beauty,45.28
U_02127,2025-12-29,Beauty,31.5
U_02129,2025-09-10,Sports,46.09
U_02130,2025-08-24,Electronics,36.31
U_02130,2025-09-15,Electronics,41.08
U_02130,2025-10-11,Electronics,35.75
U_02130,2025-10-27,Electronics,35.56
U_02130,2025-11-08,Electronics,84.19
U_02130,2025-11-18,Electronics,46.9
U_02131,2025-07-24,Fashion,106.34
U_02131,2025-08-25,Fashion,46.53
U_02131,2025-09-26,Fashion,67.64
U_02132,2025-08-09,Sports,19.17
U_02132,2025-08-22,Electronics,33.15
U_02132,2025-10-19,Grocery,16.4
U_02132,2025-10-31,Electronics,19.98
U_02132,2025-11-14,Electronics,8.9
U_02133,2025-08-31,Home,48.65
U_02133,2025-11-12,Home,16.3
U_02134,2025-09-30,Grocery,198.37
U_02134,2025-11-01,Grocery,13.75
U_02134,2025-12-10,Grocery,67.65
U_02134,2025-12-23,Grocery,32.43
U_02135,2025-07-10,Books,80.54
U_02135,2025-08-04,Sports,45.54
U_02135,2025-09-07,Sports,132.06
U_02135,2025-09-12,Books,75.45
U_02135,2025-11-26,Sports,47.29
U_02137,2025-08-29,Grocery,37.88
U_02138,2025-09-09,Home,77.39
U_02140,2025-07-07,Grocery,18.9
U_02140,2025-08-06,Electronics,42.99
U_02140,2025-10-09,Electronics,76.47
U_02140,2025-10-12,Books,46.29
U_02140,2025-11-28,Electronics,37.89
U_02141,2025-07-24,Electronics,50.16
U_02141,2025-07-26,Electronics,57.08
U_02141,2025-08-08,Electronics,97.67
U_02141,2025-09-21,Beauty,147.3
U_02141,2025-10-04,Electronics,106.21
U_02142,2025-09-10,Fashion,48.75
U_02142,2025-10-03,Home,61.3
U_02143,2025-09-08,Electronics,15.65
U_02143,2025-09-20,Home,22.01
U_02143,2025-11-16,Home,17.91
U_02143,2025-11-25,Electronics,38.46
U_02145,2025-08-04,Grocery,44.73
U_02145,2025-09-19,Grocery,65.39
U_02145,2025-12-14,Fashion,28.84
U_02146,2025-07-20,Beauty,50.12
U_02146,2025-07-23,Beauty,68.57
U_02146,2025-08-31,Home,39.21
U_02146,2025-10-02,Sports,22.03
U_02148,2025-10-14,Home,18.91
U_02149,2025-08-27,Toys,18.41
U_02149,2025-09-25,Fashion,53.74
U_02149,2025-10-27,Fashion,21.33
U_02151,2025-07-18,Books,17.82
U_02151,2025-08-18,Books,36.88
U_02151,2025-12-25,Fashion,35.19
U_02153,2025-08-03,Sports,13.44
U_02153,2025-11-04,Home,14.7
U_02153,2025-11-10,Sports,26.01
U_02153,2025-11-26,Sports,25.07
U_02156,2025-07-16,Books,45.36
U_02156,2025-07-26,Home,128.15
U_02156,2025-08-24,Books,125.75
U_02156,2025-10-30,Sports,45.96
U_02156,2025-11-09,Sports,32.37
U_02157,2025-07-28,Books,20.81
U_02158,2025-07-07,Grocery,30.27
U_02158,2025-08-13,Sports,43.12
U_02158,2025-10-27,Sports,15.15
U_02159,2025-07-25,Home,90.92
U_02159,2025-08-24,Home,11.67
U_02159,2025-09-13,Beauty,25.29
U_02159,2025-10-22,Beauty,95.61
U_02159,2025-10-30,Home,10.61
U_02159,2025-12-15,Grocery,44.14
U_02161,2025-08-16,Home,68.06
U_02161,2025-08-20,Home,68.76
U_02161,2025-09-05,Home,150.33
U_02161,2025-09-24,Home,84.33
U_02161,2025-12-12,Home,45.0
U_02161,2025-12-19,Home,97.29
U_02162,2025-07-30,Beauty,23.55
U_02164,2025-09-23,Toys,23.05
U_02164,2025-10-07,Toys,72.08
U_02164,2025-11-22,Grocery,66.32
U_02165,2025-07-29,Sports,13.78
U_02166,2025-09-03,Grocery,40.53
U_02170,2025-11-28,Fashion,22.91
U_02171,2025-09-09,Sports,126.28
U_02171,2025-10-22,Grocery,95.34
U_02171,2025-11-23,Sports,158.71
U_02171,2025-12-11,Sports,33.4
U_02173,2025-08-02,Toys,26.46
U_02173,2025-09-26,Toys,117.49
U_02173,2025-09-27,Toys,85.2
U_02173,2025-09-30,Toys,28.8
U_02173,2025-11-06,Toys,30.08
U_02173,2025-12-13,Toys,20.66
U_02174,2025-08-23,Toys,77.69
U_02174,2025-09-17,Toys,38.29
U_02175,2025-08-09,Fashion,51.19
U_02175,2025-08-21,Fashion,30.29
U_02175,2025-10-03,Fashion,8.0
U_02175,2025-11-17,Sports,14.92
U_02176,2025-10-12,Fashion,22.5
U_02176,2025-11-08,Fashion,27.32
U_02177,2025-07-05,Sports,75.2
U_02177,2025-07-31,Sports,53.86
U_02177,2025-08-15,Sports,81.53
U_02177,2025-09-03,Sports,40.6
U_02177,2025-10-13,Books,47.34
U_02177,2025-10-26,Sports,128.67
U_02177,2025-11-12,Sports,110.45
U_02178,2025-08-05,Grocery,46.48
U_02178,2025-08-30,Grocery,13.43
U_02179,2025-08-18,Home,108.87
U_02179,2025-10-27,Electronics,92.1
U_02179,2025-11-06,Home,25.97
U_02179,2025-11-17,Home,56.88
U_02179,2025-11-18,Home,93.23
U_02180,2025-09-14,Electronics,89.88
U_02180,2025-10-11,Electronics,20.17
U_02181,2025-10-07,Books,16.08
U_02182,2025-08-23,Sports,10.59
U_02183,2025-07-11,Home,28.54
U_02183,2025-08-14,Home,26.38
U_02183,2025-08-31,Electronics,33.15
U_02183,2025-12-18,Home,29.06
U_02184,2025-09-19,Home,81.26
U_02185,2025-07-20,Toys,28.05
U_02185,2025-08-04,Toys,78.11
U_02185,2025-08-06,Toys,58.31
U_02185,2025-10-21,Toys,73.71
U_02186,2025-12-28,Toys,51.45
U_02187,2025-07-30,Sports,31.46
U_02187,2025-08-15,Sports,31.09
U_02189,2025-09-30,Toys,36.98
U_02189,2025-10-25,Home,11.72
U_02189,2025-11-09,Toys,62.09
U_02189,2025-12-16,Toys,30.35
U_02190,2025-08-30,Electronics,73.48
U_02190,2025-09-13,Electronics,96.34
U_02190,2025-10-06,Toys,35.0
U_02191,2025-07-29,Beauty,17.6
U_02191,2025-08-24,Beauty,17.32
U_02192,2025-09-18,Beauty,87.85
U_02192,2025-10-09,Beauty,182.52
U_02193,2025-11-23,Beauty,10.7
U_02193,2025-12-21,Beauty,43.83
U_02193,2025-12-28,Beauty,25.62
U_02194,2025-07-06,Toys,64.6
U_02194,2025-07-21,Toys,24.54
U_02195,2025-09-30,Grocery,72.94
U_02195,2025-12-23,Grocery,28.48
U_02196,2025-09-16,Fashion,103.16
U_02196,2025-10-06,Fashion,215.75
U_02196,2025-11-03,Fashion,94.56
U_02196,2025-12-22,Fashion,64.25
U_02197,2025-08-23,Sports,12.42
U_02197,2025-09-09,Fashion,85.75
U_02198,2025-07-13,Books,104.54
U_02198,2025-08-04,Books,93.51
U_02198,2025-09-15,Books,55.89
U_02198,2025-09-22,Books,104.62
U_02198,2025-09-28,Books,45.17
U_02198,2025-10-12,Books,268.86
U_02198,2025-10-23,Books,56.24
U_02198,2025-10-26,Toys,79.5
U_02200,2025-10-10,Sports,51.73
U_02200,2025-11-08,Sports,141.84
U_02200,2025-11-12,Sports,55.45
U_02200,2025-12-01,Sports,60.5
U_02200,2025-12-21,Sports,129.83
U_02201,2025-07-06,Toys,74.15
U_02201,2025-08-15,Toys,30.81
U_02201,2025-08-16,Toys,35.57
U_02201,2025-10-04,Toys,21.93
U_02201,2025-11-02,Toys,35.9
U_02201,2025-12-18,Home,13.2
U_02202,2025-08-27,Toys,17.55
U_02202,2025-10-26,Fashion,61.03
U_02203,2025-09-14,Fashion,79.14
U_02203,2025-10-03,Grocery,18.6
U_02204,2025-08-30,Books,35.5
U_02204,2025-11-21,Books,62.07
U_02204,2025-12-03,Books,20.7
U_02204,2025-12-13,Books,83.68
U_02205,2025-07-28,Beauty,62.83
U_02205,2025-09-08,Beauty,38.43
U_02205,2025-09-16,Beauty,75.29
U_02205,2025-10-03,Grocery,77.39
U_02205,2025-10-08,Beauty,105.77
U_02205,2025-11-27,Electronics,40.8
U_02205,2025-12-10,Beauty,10.15
U_02210,2025-07-29,Home,130.99
U_02210,2025-07-30,Fashion,110.02
U_02210,2025-10-05,Home,97.38
U_02210,2025-11-06,Toys,55.21
U_02210,2025-12-28,Grocery,124.36
U_02211,2025-09-15,Fashion,52.87
U_02211,2025-09-20,Fashion,105.37
U_02211,2025-12-21,Fashion,258.42
U_02211,2025-12-28,Fashion,76.42
U_02212,2025-07-06,Books,191.93
U_02212,2025-09-02,Beauty,279.92
U_02213,2025-10-01,Beauty,280.89
U_02213,2025-10-17,Fashion,84.19
U_02213,2025-11-26,Fashion,27.8
U_02214,2025-09-01,Toys,107.57
U_02214,2025-09-28,Toys,35.53
U_02218,2025-08-25,Home,23.5
U_02218,2025-10-14,Home,12.88
U_02220,2025-07-24,Grocery,23.32
U_02220,2025-08-12,Grocery,15.33
U_02220,2025-08-31,Toys,9.2
U_02221,2025-08-04,Sports,157.92
U_02221,2025-09-27,Sports,125.17
U_02222,2025-09-14,Sports,12.83
U_02224,2025-08-03,Beauty,25.59
U_02225,2025-08-07,Electronics,8.3
U_02225,2025-10-26,Beauty,21.05
U_02227,2025-09-08,Toys,99.92
U_02227,2025-11-23,Toys,27.62
U_02227,2025-12-11,Toys,207.63
U_02230,2025-07-31,Books,48.4
U_02232,2025-11-11,Grocery,9.48
U_02232,2025-12-21,Books,6.64
U_02233,2025-07-28,Fashion,34.71
U_02233,2025-08-21,Beauty,14.68
U_02233,2025-10-15,Beauty,33.82
U_02233,2025-10-31,Beauty,34.42
U_02234,2025-11-26,Electronics,32.08
U_02235,2025-07-07,Beauty,32.0
U_02235,2025-08-06,Beauty,66.17
U_02235,2025-08-15,Beauty,53.37
U_02235,2025-10-15,Beauty,88.41
U_02235,2025-10-30,Beauty,42.69
U_02235,2025-11-03,Beauty,139.65
U_02235,2025-12-16,Beauty,80.15
U_02236,2025-07-14,Electronics,62.37
U_02236,2025-07-22,Home,140.35
U_02236,2025-07-29,Electronics,35.1
U_02236,2025-08-10,Beauty,39.08
U_02236,2025-08-17,Electronics,21.83
U_02236,2025-08-27,Electronics,52.17
U_02236,2025-10-30,Electronics,69.59
U_02236,2025-12-20,Electronics,153.02
U_02237,2025-07-30,Home,42.72
U_02237,2025-08-23,Home,54.52
U_02237,2025-09-17,Home,33.58
U_02238,2025-08-26,Home,14.98
U_02238,2025-09-23,Grocery,42.31
U_02239,2025-08-05,Electronics,66.1
U_02240,2025-08-03,Grocery,13.38
U_02241,2025-07-11,Fashion,160.07
U_02241,2025-09-27,Fashion,75.88
U_02241,2025-12-19,Fashion,57.7
U_02242,2025-09-16,Beauty,207.37
U_02243,2025-07-16,Grocery,52.81
U_02243,2025-10-10,Home,86.25
U_02244,2025-09-15,Books,13.71
U_02244,2025-10-05,Books,18.04
U_02244,2025-11-06,Books,46.95
U_02244,2025-11-24,Books,14.5
U_02245,2025-07-11,Sports,28.0
U_02245,2025-09-05,Sports,22.57
U_02248,2025-10-16,Fashion,172.34
U_02248,2025-10-21,Fashion,75.86
U_02248,2025-11-07,Electronics,50.99
U_02250,2025-10-12,Sports,171.93
U_02250,2025-12-16,Sports,22.1
U_02250,2025-12-17,Sports,43.44
U_02251,2025-11-07,Beauty,31.28
U_02252,2025-07-17,Beauty,14.03
U_02252,2025-08-16,Sports,34.5
U_02252,2025-11-08,Toys,19.02
U_02255,2025-07-19,Beauty,71.72
U_02255,2025-08-10,Beauty,44.59
U_02255,2025-08-30,Beauty,73.06
U_02255,2025-09-05,Beauty,63.5
U_02255,2025-09-11,Home,74.9
U_02255,2025-10-03,Home,77.94
U_02255,2025-11-04,Beauty,15.17
U_02257,2025-07-04,Sports,59.28
U_02257,2025-10-17,Books,51.48
U_02258,2025-07-30,Electronics,46.34
U_02258,2025-08-22,Grocery,77.03
U_02258,2025-09-08,Grocery,39.12
U_02258,2025-09-27,Grocery,115.09
U_02258,2025-10-08,Sports,46.56
U_02258,2025-10-16,Home,184.7
U_02258,2025-11-09,Grocery,53.97
U_02258,2025-12-13,Grocery,35.91
U_02260,2025-07-18,Home,14.1
U_02260,2025-12-13,Home,54.81
U_02260,2025-12-22,Beauty,13.86
U_02262,2025-08-26,Beauty,204.87
U_02262,2025-11-09,Electronics,39.16
U_02262,2025-12-18,Beauty,35.18
U_02263,2025-08-14,Books,56.22
U_02264,2025-08-02,Home,32.96
U_02265,2025-08-14,Electronics,34.05
U_02265,2025-08-22,Electronics,11.61
U_02265,2025-09-09,Electronics,50.69
U_02265,2025-11-03,Electronics,58.04
U_02266,2025-10-02,Beauty,20.8
U_02267,2025-08-12,Electronics,19.24
U_02267,2025-12-10,Electronics,38.9
U_02268,2025-09-13,Fashion,21.3
U_02268,2025-12-24,Fashion,25.8
U_02269,2025-08-10,Sports,29.39
U_02270,2025-10-17,Home,27.95
U_02271,2025-08-03,Home,49.94
U_02271,2025-10-13,Sports,8.98
U_02271,2025-11-25,Home,45.87
U_02272,2025-07-17,Sports,101.92
U_02272,2025-07-26,Sports,24.23
U_02272,2025-07-29,Sports,39.3
U_02272,2025-08-24,Sports,45.61
U_02272,2025-09-04,Sports,88.34
U_02272,2025-09-12,Sports,150.63
U_02272,2025-10-14,Sports,60.58
U_02273,2025-07-09,Books,25.91
U_02273,2025-08-02,Books,234.49
U_02274,2025-07-10,Books,47.78
U_02274,2025-08-07,Fashion,53.0
U_02274,2025-08-22,Books,200.72
U_02274,2025-08-30,Books,143.27
U_02274,2025-09-01,Books,52.12
U_02274,2025-09-03,Fashion,79.13
U_02274,2025-09-12,Books,58.64
U_02274,2025-09-14,Books,87.51
U_02274,2025-09-22,Books,18.52
U_02274,2025-10-09,Toys,7.71
U_02274,2025-10-13,Books,68.83
U_02274,2025-10-28,Home,27.88
U_02274,2025-11-29,Books,42.28
U_02274,2025-12-26,Beauty,63.42
U_02275,2025-07-12,Grocery,144.22
U_02275,2025-07-27,Sports,47.37
U_02275,2025-07-30,Books,97.08
U_02275,2025-09-02,Books,74.51
U_02275,2025-09-04,Books,102.51
U_02275,2025-09-16,Books,51.51
U_02275,2025-11-18,Books,102.34
U_02276,2025-07-10,Toys,108.94
U_02276,2025-08-09,Toys,83.34
U_02276,2025-09-14,Home,48.03
U_02276,2025-09-17,Toys,56.41
U_02276,2025-09-22,Toys,58.89
U_02276,2025-09-27,Toys,42.21
U_02276,2025-10-31,Toys,68.28
U_02276,2025-12-26,Home,108.75
U_02276,2025-12-30,Toys,15.93
U_02277,2025-07-09,Books,79.13
U_02277,2025-07-19,Fashion,34.43
U_02277,2025-07-25,Fashion,45.47
U_02277,2025-08-11,Fashion,42.91
U_02277,2025-10-01,Fashion,35.4
U_02277,2025-10-04,Fashion,54.69
U_02278,2025-08-30,Electronics,17.2
U_02279,2025-10-14,Grocery,18.58
U_02280,2025-08-31,Books,29.75
U_02280,2025-12-20,Electronics,7.52
U_02281,2025-08-16,Home,28.48
U_02282,2025-07-15,Home,94.09
U_02282,2025-08-10,Home,44.96
U_02283,2025-08-04,Toys,21.21
U_02283,2025-08-05,Sports,10.61
U_02283,2025-08-14,Toys,72.36
U_02283,2025-08-15,Toys,41.14
U_02283,2025-10-30,Toys,12.42
U_02284,2025-07-14,Sports,73.94
U_02284,2025-10-02,Sports,61.69
U_02284,2025-11-29,Sports,42.55
U_02285,2025-07-26,Books,188.28
U_02285,2025-07-31,Toys,19.21
U_02285,2025-08-17,Toys,334.33
U_02285,2025-09-03,Toys,87.1
U_02285,2025-09-15,Toys,20.99
U_02285,2025-09-19,Toys,130.54
U_02285,2025-09-26,Toys,55.41
U_02285,2025-09-30,Toys,44.8
U_02285,2025-10-07,Toys,33.12
U_02285,2025-10-18,Toys,11.92
U_02285,2025-11-11,Home,27.17
U_02287,2025-07-31,Grocery,52.55
U_02287,2025-09-05,Grocery,11.06
U_02287,2025-09-08,Grocery,33.04
U_02287,2025-09-11,Fashion,24.05
U_02289,2025-09-10,Home,30.14
U_02290,2025-08-01,Sports,36.39
U_02290,2025-10-23,Sports,11.61
U_02290,2025-11-12,Sports,21.47
U_02292,2025-11-24,Electronics,41.08
U_02295,2025-08-17,Fashion,57.94
U_02295,2025-09-01,Fashion,60.76
U_02295,2025-09-25,Fashion,29.74
U_02295,2025-10-21,Grocery,24.79
U_02295,2025-10-29,Fashion,63.29
U_02296,2025-08-02,Books,12.94
U_02296,2025-09-16,Books,9.23
U_02296,2025-11-26,Books,19.03
U_02297,2025-08-20,Grocery,18.99
U_02298,2025-07-30,Beauty,40.47
U_02298,2025-08-04,Toys,31.53
U_02298,2025-08-31,Beauty,112.15
U_02298,2025-10-19,Fashion,50.21
U_02298,2025-11-29,Toys,141.01
U_02298,2025-12-16,Beauty,50.33
U_02299,2025-07-09,Home,38.74
U_02299,2025-08-13,Home,20.62
U_02299,2025-08-15,Home,58.1
U_02299,2025-09-02,Home,41.3
U_02299,2025-09-28,Home,57.59
U_02299,2025-10-18,Grocery,19.98
U_02300,2025-07-17,Home,43.59
U_02300,2025-11-04,Home,12.9
U_02301,2025-09-16,Toys,43.89
U_02301,2025-10-29,Toys,73.56
U_02302,2025-08-24,Home,108.45
U_02302,2025-09-30,Grocery,28.51
U_02302,2025-10-16,Grocery,47.91
U_02302,2025-12-09,Home,16.09
U_02302,2025-12-10,Grocery,75.56
U_02302,2025-12-17,Home,116.21
U_02303,2025-09-25,Beauty,49.9
U_02304,2025-09-05,Books,28.57
U_02304,2025-09-16,Books,29.11
U_02304,2025-10-26,Books,55.2
U_02305,2025-08-25,Home,70.89
U_02305,2025-09-26,Books,53.85
U_02305,2025-10-11,Sports,62.2
U_02305,2025-11-15,Books,92.61
U_02305,2025-11-27,Home,96.05
U_02305,2025-12-28,Sports,85.1
U_02306,2025-07-11,Electronics,76.39
U_02306,2025-07-30,Electronics,48.32
U_02307,2025-07-26,Beauty,22.39
U_02307,2025-08-14,Fashion,52.66
U_02308,2025-08-11,Sports,15.25
U_02308,2025-08-28,Sports,83.8
U_02308,2025-10-23,Fashion,50.41
U_02308,2025-11-03,Fashion,75.62
U_02308,2025-12-01,Fashion,19.91
U_02309,2025-08-01,Home,64.36
U_02311,2025-10-26,Grocery,130.73
U_02312,2025-07-10,Beauty,52.66
U_02312,2025-07-20,Beauty,39.44
U_02313,2025-08-03,Toys,47.52
U_02316,2025-10-08,Toys,18.71
U_02316,2025-11-02,Beauty,34.34
U_02317,2025-07-29,Fashion,190.48
U_02317,2025-09-12,Fashion,108.68
U_02317,2025-10-20,Fashion,106.47
U_02317,2025-10-28,Fashion,80.47
U_02317,2025-11-06,Fashion,64.83
U_02317,2025-11-09,Fashion,43.12
U_02317,2025-12-27,Fashion,42.05
U_02318,2025-08-22,Books,94.95
U_02318,2025-09-24,Home,37.11
U_02318,2025-12-09,Books,124.53
U_02319,2025-08-22,Sports,49.52
U_02319,2025-12-06,Sports,22.0
U_02320,2025-09-09,Grocery,50.62
U_02320,2025-09-14,Grocery,118.05
U_02320,2025-09-28,Grocery,26.74
U_02320,2025-10-05,Grocery,61.73
U_02320,2025-11-08,Grocery,53.9
U_02320,2025-11-12,Grocery,50.73
U_02320,2025-12-22,Grocery,86.39
U_02321,2025-07-11,Books,88.45
U_02321,2025-07-12,Fashion,138.72
U_02321,2025-07-24,Home,9.02
U_02321,2025-07-31,Books,129.31
U_02321,2025-08-13,Books,39.86
U_02321,2025-08-29,Books,65.41
U_02321,2025-09-09,Books,39.44
U_02321,2025-09-25,Books,29.99
U_02321,2025-11-20,Books,48.25
U_02321,2025-12-14,Books,94.75
U_02322,2025-10-18,Electronics,161.22
U_02322,2025-10-29,Grocery,25.52
U_02323,2025-08-30,Books,72.67
U_02323,2025-09-15,Books,21.89
U_02323,2025-10-31,Books,55.94
U_02323,2025-11-27,Books,62.01
U_02324,2025-07-10,Grocery,185.34
U_02324,2025-07-21,Grocery,17.08
U_02324,2025-07-28,Grocery,79.53
U_02324,2025-08-07,Beauty,154.6
U_02324,2025-08-23,Grocery,58.8
U_02324,2025-09-09,Grocery,27.16
U_02324,2025-11-04,Grocery,73.69
U_02324,2025-11-10,Sports,88.82
U_02326,2025-10-26,Electronics,23.08
U_02327,2025-07-06,Electronics,20.88
U_02327,2025-10-02,Beauty,13.47
U_02330,2025-09-30,Electronics,37.1
U_02331,2025-08-13,Grocery,18.04
U_02333,2025-09-04,Beauty,116.5
U_02333,2025-09-09,Home,76.93
U_02333,2025-12-29,Beauty,47.4
U_02334,2025-09-24,Beauty,123.38
U_02334,2025-10-10,Toys,73.33
U_02334,2025-12-16,Books,12.14
U_02334,2025-12-22,Toys,39.3
U_02336,2025-10-19,Books,62.32
U_02337,2025-07-04,Toys,34.3
U_02337,2025-07-10,Toys,48.01
U_02337,2025-08-08,Toys,49.92
U_02338,2025-08-26,Beauty,104.62
U_02338,2025-08-31,Beauty,79.08
U_02341,2025-08-30,Grocery,31.19
U_02341,2025-09-10,Grocery,129.59
U_02341,2025-10-04,Grocery,38.05
U_02341,2025-10-07,Home,90.15
U_02345,2025-09-14,Sports,8.95
U_02345,2025-09-15,Home,9.78
U_02345,2025-10-04,Books,27.49
U_02347,2025-10-22,Sports,13.98
U_02347,2025-12-23,Sports,90.81
U_02348,2025-08-18,Home,29.37
U_02348,2025-08-23,Books,113.55
U_02348,2025-11-04,Sports,106.55
U_02348,2025-11-11,Home,104.44
U_02348,2025-12-06,Home,128.25
U_02348,2025-12-28,Sports,53.78
U_02349,2025-10-01,Toys,14.38
U_02350,2025-07-18,Beauty,57.44
U_02350,2025-08-23,Beauty,37.88
U_02350,2025-09-03,Beauty,30.05
U_02350,2025-10-30,Beauty,53.27
U_02350,2025-12-16,Beauty,52.98
U_02351,2025-09-22,Home,24.06
U_02351,2025-10-27,Home,16.0
U_02352,2025-07-28,Books,20.66
U_02353,2025-08-15,Toys,29.18
U_02354,2025-08-30,Toys,140.2
U_02354,2025-11-27,Fashion,39.93
U_02355,2025-07-10,Toys,117.63
U_02355,2025-08-07,Toys,113.36
U_02355,2025-08-24,Toys,48.93
U_02355,2025-08-28,Beauty,27.14
U_02355,2025-09-11,Toys,66.19
U_02355,2025-12-01,Beauty,138.8
U_02355,2025-12-09,Toys,109.82
U_02355,2025-12-20,Toys,39.17
U_02355,2025-12-24,Toys,257.98
U_02356,2025-07-20,Books,66.37
U_02356,2025-08-02,Books,69.03
U_02356,2025-11-09,Books,73.96
U_02357,2025-08-09,Sports,60.69
U_02358,2025-07-09,Grocery,41.13
U_02361,2025-08-24,Beauty,37.11
U_02362,2025-07-17,Home,32.26
U_02362,2025-07-19,Home,16.48
U_02362,2025-08-23,Beauty,23.47
U_02362,2025-11-18,Beauty,31.84
U_02364,2025-07-04,Home,46.18
U_02364,2025-07-23,Home,134.29
U_02364,2025-08-02,Home,28.25
U_02364,2025-08-27,Home,53.45
U_02364,2025-09-11,Home,22.66
U_02364,2025-09-12,Home,99.18
U_02364,2025-10-13,Home,57.93
U_02364,2025-12-07,Home,76.26
U_02364,2025-12-17,Books,38.94
U_02365,2025-07-29,Sports,22.56
U_02365,2025-08-25,Sports,20.05
U_02365,2025-09-12,Electronics,41.79
U_02365,2025-10-28,Fashion,76.0
U_02366,2025-07-04,Fashion,39.11
U_02366,2025-07-31,Fashion,87.19
U_02366,2025-10-09,Fashion,28.86
U_02366,2025-10-20,Fashion,20.89
U_02367,2025-07-10,Beauty,15.98
U_02367,2025-07-21,Beauty,62.12
U_02367,2025-08-03,Beauty,65.87
U_02367,2025-09-24,Beauty,117.21
U_02367,2025-10-01,Beauty,47.85
U_02367,2025-10-05,Beauty,78.45
U_02369,2025-07-14,Beauty,44.19
U_02370,2025-08-02,Electronics,18.72
U_02370,2025-08-10,Fashion,22.64
U_02370,2025-09-29,Electronics,165.0
U_02370,2025-10-06,Home,50.56
U_02370,2025-12-02,Electronics,17.34
U_02370,2025-12-20,Electronics,33.54
U_02372,2025-07-08,Grocery,32.0
U_02372,2025-08-29,Grocery,47.1
U_02372,2025-09-11,Sports,6.08
U_02372,2025-11-17,Sports,32.05
U_02373,2025-07-16,Beauty,37.27
U_02373,2025-08-21,Grocery,13.78
U_02374,2025-07-15,Books,36.43
U_02374,2025-08-22,Books,9.03
U_02374,2025-11-13,Books,26.45
U_02374,2025-12-03,Sports,37.47
U_02374,2025-12-29,Fashion,30.01
U_02375,2025-10-13,Books,19.56
U_02375,2025-11-06,Sports,39.69
U_02376,2025-07-14,Grocery,88.48
U_02376,2025-08-10,Sports,146.74
U_02376,2025-08-17,Grocery,15.81
U_02376,2025-09-01,Grocery,12.65
U_02376,2025-09-05,Grocery,107.72
U_02376,2025-10-21,Sports,53.79
U_02376,2025-11-05,Grocery,22.73
U_02376,2025-12-16,Grocery,16.37
U_02376,2025-12-20,Home,53.22
U_02377,2025-07-19,Books,14.67
U_02377,2025-10-03,Sports,56.96
U_02378,2025-08-25,Beauty,56.08
U_02378,2025-10-22,Beauty,27.33
U_02378,2025-12-11,Electronics,135.45
U_02378,2025-12-30,Books,220.32
U_02379,2025-07-20,Sports,123.06
U_02379,2025-07-28,Sports,111.83
U_02379,2025-09-24,Sports,45.64
U_02379,2025-09-29,Sports,104.81
U_02379,2025-12-28,Sports,127.91
U_02380,2025-09-07,Fashion,50.4
U_02380,2025-12-20,Fashion,17.9
U_02381,2025-08-02,Grocery,19.83
U_02382,2025-07-09,Books,68.27
U_02382,2025-08-26,Home,44.38
U_02382,2025-09-19,Home,53.48
U_02382,2025-10-10,Books,48.75
U_02382,2025-11-28,Home,70.69
U_02382,2025-12-07,Books,113.97
U_02384,2025-07-22,Sports,32.89
U_02384,2025-08-31,Home,21.35
U_02385,2025-09-27,Fashion,23.51
U_02385,2025-10-23,Fashion,25.84
U_02386,2025-09-14,Beauty,20.84
U_02386,2025-09-19,Beauty,36.57
U_02386,2025-09-22,Beauty,14.19
U_02386,2025-11-02,Beauty,37.09
U_02388,2025-09-10,Fashion,38.83
U_02389,2025-08-27,Fashion,30.52
U_02390,2025-07-12,Books,114.74
U_02390,2025-08-19,Grocery,103.88
U_02390,2025-08-21,Books,94.04
U_02390,2025-11-23,Grocery,33.2
U_02391,2025-12-10,Electronics,28.29
U_02393,2025-11-16,Fashion,65.38
U_02394,2025-07-26,Home,34.84
U_02395,2025-08-18,Grocery,42.16
U_02395,2025-10-05,Home,31.71
U_02396,2025-09-17,Home,19.09
U_02398,2025-08-23,Grocery,24.58
U_02399,2025-07-29,Sports,19.32
U_02400,2025-12-15,Electronics,42.19
U_02404,2025-08-01,Beauty,57.51
U_02404,2025-08-03,Books,45.04
U_02405,2025-09-15,Electronics,18.25
U_02406,2025-07-15,Home,79.79
U_02406,2025-08-08,Home,54.11
U_02406,2025-09-04,Home,143.28
U_02406,2025-10-19,Home,35.59
U_02407,2025-08-05,Books,22.52
U_02407,2025-08-11,Books,160.88
U_02407,2025-10-08,Books,71.22
U_02407,2025-10-14,Books,140.65
U_02407,2025-12-26,Books,95.4
U_02408,2025-08-28,Sports,79.07
U_02408,2025-12-06,Sports,13.93
U_02409,2025-10-06,Books,39.4
U_02410,2025-07-21,Electronics,151.58
U_02410,2025-08-25,Home,53.88
U_02410,2025-09-03,Sports,21.37
U_02412,2025-08-03,Books,78.15
U_02414,2025-07-06,Books,13.95
U_02414,2025-07-18,Fashion,30.73
U_02415,2025-07-22,Sports,8.08
U_02415,2025-07-25,Fashion,20.06
U_02416,2025-10-28,Sports,19.65
U_02421,2025-09-16,Fashion,11.51
U_02422,2025-07-10,Toys,67.53
U_02422,2025-08-19,Toys,30.52
U_02422,2025-08-25,Books,83.61
U_02422,2025-08-27,Books,34.01
U_02422,2025-10-06,Books,73.24
U_02422,2025-10-29,Books,36.16
U_02422,2025-11-06,Toys,99.22
U_02422,2025-11-26,Toys,28.25
U_02422,2025-12-01,Electronics,7.7
U_02423,2025-09-12,Electronics,33.25
U_02423,2025-10-12,Electronics,60.46
U_02425,2025-10-08,Home,8.38
U_02425,2025-10-27,Home,34.46
U_02428,2025-08-07,Toys,123.11
U_02428,2025-08-23,Toys,38.2
U_02428,2025-09-20,Toys,97.16
U_02428,2025-09-26,Toys,46.54
U_02429,2025-07-07,Grocery,21.67
U_02429,2025-11-08,Grocery,13.03
U_02429,2025-12-01,Books,40.36
U_02430,2025-07-12,Toys,56.43
U_02431,2025-10-02,Beauty,50.24
U_02433,2025-07-11,Grocery,187.33
U_02436,2025-11-19,Fashion,29.02
U_02439,2025-07-24,Toys,284.27
U_02439,2025-08-05,Fashion,109.2
U_02439,2025-09-03,Books,20.63
U_02440,2025-07-10,Books,44.24
U_02441,2025-09-28,Books,47.45
U_02442,2025-07-12,Books,60.12
U_02442,2025-08-21,Grocery,46.86
U_02443,2025-08-16,Home,219.27
U_02443,2025-09-10,Grocery,147.29
U_02443,2025-10-12,Books,56.48
U_02443,2025-11-07,Grocery,71.71
U_02443,2025-11-13,Books,140.24
U_02443,2025-12-04,Books,89.1
U_02443,2025-12-22,Books,96.07
U_02445,2025-07-04,Books,211.92
U_02445,2025-08-02,Books,98.82
U_02445,2025-08-05,Books,71.79
U_02445,2025-09-24,Books,42.79
U_02446,2025-07-08,Books,35.55
U_02447,2025-07-29,Grocery,155.21
U_02449,2025-09-02,Home,9.23
U_02449,2025-09-22,Books,10.58
U_02452,2025-10-18,Beauty,24.44
U_02452,2025-11-06,Books,46.79
U_02453,2025-07-07,Toys,63.91
U_02453,2025-10-04,Toys,51.82
U_02453,2025-11-02,Grocery,12.68
U_02455,2025-07-28,Fashion,24.43
U_02455,2025-09-21,Home,28.4
U_02455,2025-11-26,Fashion,13.45
U_02456,2025-08-04,Books,43.11
U_02456,2025-08-13,Home,16.07
U_02456,2025-09-05,Home,19.47
U_02457,2025-08-07,Grocery,60.63
U_02457,2025-09-28,Grocery,106.96
U_02457,2025-10-07,Grocery,136.9
U_02457,2025-11-02,Fashion,195.76
U_02457,2025-11-03,Toys,93.26
U_02457,2025-11-25,Fashion,65.84
U_02458,2025-07-18,Books,11.97
U_02459,2025-11-20,Home,24.2
U_02460,2025-07-12,Beauty,27.57
U_02461,2025-07-12,Fashion,167.03
U_02461,2025-07-30,Fashion,47.99
U_02462,2025-10-26,Beauty,40.26
U_02462,2025-11-14,Beauty,37.01
U_02462,2025-11-15,Beauty,70.28
U_02462,2025-12-03,Beauty,109.04
U_02463,2025-09-10,Home,16.8
U_02464,2025-07-24,Toys,29.08
U_02464,2025-09-13,Electronics,20.61
U_02465,2025-10-09,Books,14.88
U_02466,2025-08-05,Fashion,12.09
U_02466,2025-10-19,Sports,15.55
U_02466,2025-11-01,Sports,9.15
U_02467,2025-07-21,Grocery,40.61
U_02468,2025-09-04,Sports,29.55
U_02470,2025-10-08,Toys,59.49
U_02471,2025-08-19,Books,39.17
U_02476,2025-09-06,Beauty,25.46
U_02477,2025-08-09,Electronics,8.77
U_02477,2025-09-06,Electronics,17.43
U_02477,2025-09-26,Electronics,10.81
U_02478,2025-08-02,Toys,21.6
U_02479,2025-07-30,Fashion,89.9
U_02479,2025-08-06,Grocery,18.69
U_02479,2025-08-24,Grocery,60.08
U_02479,2025-10-13,Grocery,26.06
U_02479,2025-10-20,Grocery,26.12
U_02479,2025-11-07,Grocery,179.51
U_02479,2025-11-09,Grocery,44.89
U_02479,2025-11-26,Home,90.49
U_02479,2025-12-06,Grocery,81.07
U_02479,2025-12-22,Grocery,91.77
U_02481,2025-08-02,Beauty,49.79
U_02481,2025-08-21,Fashion,12.56
U_02481,2025-09-30,Fashion,31.3
U_02481,2025-10-29,Fashion,38.58
U_02481,2025-11-04,Fashion,32.59
U_02482,2025-09-04,Sports,72.6
U_02482,2025-12-19,Sports,39.56
U_02483,2025-08-18,Books,21.43
U_02484,2025-07-17,Books,11.59
U_02484,2025-07-31,Books,44.8
U_02485,2025-07-10,Electronics,145.79
U_02485,2025-07-12,Electronics,83.2
U_02485,2025-07-18,Beauty,91.66
U_02485,2025-10-28,Electronics,155.24
U_02485,2025-11-13,Toys,37.05
U_02485,2025-12-17,Sports,23.57
U_02486,2025-11-07,Beauty,39.58
U_02487,2025-09-05,Beauty,32.2
U_02487,2025-11-22,Fashion,32.3
U_02488,2025-07-08,Toys,25.37
U_02488,2025-10-17,Beauty,17.67
U_02488,2025-11-24,Beauty,30.55
U_02488,2025-12-12,Beauty,11.04
U_02490,2025-09-21,Fashion,70.11
U_02492,2025-09-20,Grocery,28.03
U_02492,2025-10-11,Grocery,108.98
U_02492,2025-12-13,Electronics,88.97
U_02493,2025-07-09,Home,70.55
U_02493,2025-07-15,Toys,35.33
U_02493,2025-07-23,Toys,43.09
U_02493,2025-07-28,Toys,57.42
U_02493,2025-08-01,Toys,148.74
U_02493,2025-08-20,Home,68.8
U_02493,2025-08-27,Home,174.48
U_02493,2025-09-13,Toys,315.84
U_02493,2025-10-22,Home,35.5
U_02493,2025-11-19,Toys,41.71
U_02493,2025-12-22,Home,118.85
U_02494,2025-08-31,Home,30.65
U_02494,2025-10-02,Home,15.04
U_02495,2025-10-04,Fashion,17.4
U_02495,2025-10-22,Fashion,69.23
U_02495,2025-12-01,Fashion,53.25
U_02495,2025-12-12,Beauty,149.8
U_02497,2025-07-09,Books,82.05
U_02497,2025-08-19,Grocery,107.67
U_02497,2025-08-29,Books,82.02
U_02497,2025-09-07,Books,46.49
U_02497,2025-09-15,Electronics,148.67
U_02497,2025-09-19,Books,252.11
U_02497,2025-09-22,Books,117.19
U_02497,2025-09-27,Grocery,157.69
U_02497,2025-10-02,Grocery,48.68
U_02497,2025-10-04,Books,28.71
U_02497,2025-10-22,Books,57.77
U_02497,2025-10-26,Beauty,86.53
U_02497,2025-11-07,Books,73.95
U_02497,2025-11-16,Books,167.68
U_02497,2025-12-01,Books,207.71
U_02497,2025-12-06,Books,85.48
U_02497,2025-12-26,Grocery,187.99
U_02499,2025-10-24,Grocery,18.92
U_02501,2025-07-06,Sports,45.76
U_02501,2025-07-17,Sports,72.63
U_02501,2025-08-16,Sports,101.36
U_02501,2025-09-07,Grocery,56.42
U_02501,2025-09-29,Sports,46.71
U_02501,2025-12-23,Sports,84.67
U_02502,2025-08-27,Beauty,18.64
U_02502,2025-10-27,Home,10.35
U_02503,2025-11-08,Beauty,7.48
U_02505,2025-10-11,Home,51.79
U_02505,2025-11-19,Toys,13.17
U_02507,2025-10-22,Electronics,26.62
U_02509,2025-07-12,Grocery,242.93
U_02509,2025-07-25,Books,154.29
U_02509,2025-08-15,Books,143.2
U_02509,2025-08-17,Toys,188.46
U_02509,2025-10-10,Books,97.98
U_02509,2025-10-13,Toys,164.51
U_02509,2025-11-15,Electronics,41.38
U_02510,2025-10-17,Grocery,56.98
U_02511,2025-08-02,Sports,11.72
U_02511,2025-08-04,Electronics,9.26
U_02512,2025-07-27,Electronics,24.3
U_02512,2025-08-15,Electronics,41.45
U_02512,2025-12-24,Electronics,219.94
U_02513,2025-07-05,Books,39.67
U_02513,2025-08-13,Electronics,56.02
U_02513,2025-08-29,Books,92.5
U_02515,2025-08-09,Sports,47.95
U_02515,2025-08-14,Beauty,70.91
U_02515,2025-08-19,Sports,120.03
U_02515,2025-10-03,Sports,103.09
U_02515,2025-10-10,Beauty,20.0
U_02515,2025-10-14,Sports,49.16
U_02515,2025-10-16,Beauty,26.57
U_02515,2025-12-28,Beauty,118.38
U_02516,2025-12-13,Electronics,55.81
U_02518,2025-09-29,Sports,36.01
U_02519,2025-07-21,Grocery,48.02
U_02519,2025-09-10,Grocery,111.76
U_02521,2025-07-23,Toys,11.7
U_02521,2025-08-21,Fashion,58.71
U_02521,2025-09-13,Toys,25.79
U_02521,2025-10-05,Toys,47.58
U_02521,2025-10-07,Fashion,14.69
U_02522,2025-09-25,Toys,125.67
U_02522,2025-10-18,Toys,84.5
U_02522,2025-11-19,Toys,127.66
U_02522,2025-11-23,Toys,151.65
U_02522,2025-12-25,Toys,318.61
U_02523,2025-07-30,Sports,22.74
U_02523,2025-08-26,Sports,71.56
U_02523,2025-09-04,Sports,66.49
U_02524,2025-12-21,Sports,54.85
U_02525,2025-07-31,Home,22.66
U_02525,2025-08-15,Electronics,33.07
U_02525,2025-09-09,Electronics,10.52
U_02525,2025-09-23,Electronics,59.01
U_02525,2025-10-25,Electronics,37.47
U_02526,2025-10-09,Beauty,40.63
U_02527,2025-07-06,Toys,31.17
U_02527,2025-10-29,Toys,21.45
U_02527,2025-11-30,Grocery,27.06
U_02527,2025-12-29,Toys,19.66
U_02528,2025-07-15,Home,13.86
U_02529,2025-07-09,Sports,56.69
U_02529,2025-09-04,Sports,12.71
U_02529,2025-09-16,Sports,79.4
U_02530,2025-07-31,Fashion,20.55
U_02530,2025-08-28,Grocery,10.02
U_02530,2025-09-12,Fashion,44.09
U_02530,2025-09-29,Fashion,24.18
U_02530,2025-12-12,Fashion,9.04
U_02532,2025-09-09,Grocery,111.03
U_02532,2025-10-03,Beauty,79.54
U_02533,2025-07-04,Books,21.2
U_02533,2025-07-20,Grocery,63.53
U_02533,2025-07-21,Books,90.03
U_02533,2025-07-29,Grocery,22.36
U_02533,2025-07-31,Grocery,188.65
U_02533,2025-09-30,Books,28.34
U_02533,2025-12-16,Grocery,96.17
U_02534,2025-08-05,Electronics,52.36
U_02534,2025-08-06,Toys,73.56
U_02534,2025-08-07,Toys,166.16
U_02534,2025-09-10,Electronics,9.48
U_02534,2025-09-16,Electronics,37.99
U_02534,2025-11-13,Electronics,61.38
U_02534,2025-12-18,Electronics,35.07
U_02535,2025-09-01,Beauty,118.61
U_02535,2025-09-08,Beauty,7.82
U_02535,2025-09-12,Fashion,113.1
U_02535,2025-11-13,Beauty,218.53
U_02535,2025-12-28,Beauty,113.68
U_02536,2025-07-20,Books,185.22
U_02536,2025-07-28,Books,9.65
U_02536,2025-07-29,Books,65.84
U_02536,2025-08-25,Books,78.43
U_02537,2025-11-18,Books,72.54
U_02537,2025-11-26,Books,39.76
U_02537,2025-11-30,Electronics,44.39
U_02539,2025-08-05,Sports,46.39
U_02539,2025-09-24,Sports,51.12
U_02539,2025-10-27,Sports,21.17
U_02539,2025-12-01,Books,112.99
U_02539,2025-12-07,Sports,9.89
U_02539,2025-12-10,Sports,151.23
U_02539,2025-12-26,Sports,66.08
U_02541,2025-07-30,Toys,30.41
U_02541,2025-09-06,Toys,24.5
U_02541,2025-09-25,Toys,37.86
U_02542,2025-09-16,Electronics,10.64
U_02542,2025-10-11,Home,9.67
U_02542,2025-10-20,Electronics,31.01
U_02543,2025-07-10,Grocery,18.57
U_02543,2025-08-27,Sports,34.7
U_02544,2025-09-09,Grocery,52.26
U_02546,2025-07-22,Home,29.25
U_02546,2025-07-29,Electronics,23.41
U_02546,2025-08-02,Grocery,119.97
U_02546,2025-08-06,Fashion,152.2
U_02546,2025-08-11,Electronics,55.68
U_02546,2025-10-01,Fashion,54.71
U_02546,2025-10-14,Fashion,44.14
U_02546,2025-10-23,Sports,68.57
U_02546,2025-10-31,Home,42.48
U_02546,2025-11-04,Fashion,98.06
U_02546,2025-11-24,Fashion,223.66
U_02546,2025-12-16,Toys,26.84
U_02547,2025-08-01,Toys,16.92
U_02547,2025-09-19,Fashion,35.54
U_02547,2025-12-14,Fashion,146.47
U_02548,2025-07-22,Electronics,12.77
U_02550,2025-07-16,Books,19.67
U_02550,2025-08-01,Beauty,23.69
U_02550,2025-10-17,Beauty,10.87
U_02551,2025-07-21,Home,99.86
U_02551,2025-08-06,Home,86.81
U_02551,2025-08-09,Home,25.87
U_02551,2025-08-12,Home,75.19
U_02552,2025-08-05,Fashion,73.83
U_02552,2025-08-16,Beauty,41.0
U_02552,2025-10-01,Toys,37.87
U_02553,2025-08-08,Toys,34.66
U_02553,2025-09-27,Toys,15.12
U_02553,2025-10-11,Toys,47.07
U_02553,2025-10-17,Toys,26.42
U_02554,2025-09-13,Beauty,55.19
U_02554,2025-10-02,Beauty,7.45
U_02555,2025-07-28,Toys,150.49
U_02555,2025-09-17,Toys,19.59
U_02555,2025-09-29,Sports,17.96
U_02555,2025-10-25,Sports,58.38
U_02555,2025-11-20,Fashion,48.6
U_02555,2025-12-07,Sports,45.24
U_02557,2025-08-21,Fashion,33.29
U_02558,2025-07-16,Grocery,125.86
U_02558,2025-07-20,Grocery,67.28
U_02558,2025-08-06,Grocery,121.13
U_02558,2025-08-14,Home,118.58
U_02558,2025-09-06,Grocery,94.72
U_02558,2025-10-02,Fashion,22.61
U_02558,2025-10-06,Home,54.89
U_02558,2025-10-30,Grocery,31.64
U_02558,2025-11-03,Home,86.95
U_02558,2025-11-07,Home,169.36
U_02560,2025-07-10,Toys,13.28
U_02560,2025-09-02,Home,10.04
U_02560,2025-09-10,Sports,29.51
U_02560,2025-10-21,Home,54.64
U_02561,2025-10-26,Beauty,61.61
U_02562,2025-10-30,Sports,110.29
U_02562,2025-11-13,Sports,21.69
U_02562,2025-11-29,Sports,52.13
U_02562,2025-12-15,Sports,20.2
U_02563,2025-07-28,Home,22.11
U_02563,2025-08-27,Home,50.87
U_02563,2025-10-04,Home,173.22
U_02563,2025-10-10,Home,42.31
U_02563,2025-11-10,Home,54.21
U_02563,2025-12-02,Home,12.32
U_02564,2025-07-18,Home,35.3
U_02564,2025-08-22,Books,12.51
U_02565,2025-08-11,Home,20.09
U_02565,2025-08-12,Home,61.43
U_02565,2025-08-24,Home,26.07
U_02565,2025-09-17,Home,41.54
U_02565,2025-11-06,Home,46.74
U_02565,2025-11-29,Home,123.71
U_02565,2025-12-20,Sports,38.09
U_02566,2025-07-13,Sports,52.38
U_02566,2025-08-14,Toys,19.25
U_02568,2025-08-27,Fashion,35.42
U_02570,2025-12-06,Fashion,30.38
U_02571,2025-08-21,Fashion,150.02
U_02571,2025-10-08,Fashion,243.16
U_02572,2025-07-12,Beauty,55.02
U_02572,2025-07-17,Beauty,15.74
U_02572,2025-07-31,Beauty,26.31
U_02572,2025-08-03,Beauty,49.43
U_02572,2025-08-27,Beauty,15.4
U_02572,2025-08-29,Beauty,40.7
U_02572,2025-10-09,Beauty,52.34
U_02572,2025-10-29,Beauty,65.33
U_02572,2025-12-08,Beauty,25.87
U_02572,2025-12-14,Beauty,71.23
U_02573,2025-08-21,Books,144.08
U_02574,2025-08-30,Sports,60.24
U_02574,2025-09-11,Toys,106.39
U_02574,2025-09-13,Sports,55.71
U_02574,2025-11-17,Home,69.35
U_02574,2025-12-01,Sports,21.46
U_02575,2025-08-28,Home,43.78
U_02575,2025-09-05,Home,52.18
U_02575,2025-10-21,Books,28.36
U_02576,2025-08-25,Fashion,15.04
U_02576,2025-08-26,Fashion,58.86
U_02576,2025-09-15,Home,246.41
U_02577,2025-12-05,Grocery,50.52
U_02578,2025-07-06,Grocery,16.46
U_02578,2025-07-21,Grocery,28.73
U_02578,2025-07-22,Grocery,28.71
U_02578,2025-11-01,Grocery,69.27
U_02578,2025-11-03,Grocery,59.6
U_02578,2025-11-04,Grocery,40.14
U_02578,2025-12-09,Grocery,164.82
U_02579,2025-07-08,Fashion,24.9
U_02580,2025-08-08,Grocery,37.5
U_02581,2025-08-05,Books,24.3
U_02582,2025-08-21,Sports,58.52
U_02582,2025-09-15,Sports,41.55
U_02582,2025-10-04,Sports,74.57
U_02583,2025-10-31,Home,28.27
U_02583,2025-12-19,Home,40.62
U_02584,2025-07-11,Home,22.9
U_02584,2025-12-13,Home,29.28
U_02586,2025-07-15,Fashion,40.34
U_02587,2025-08-08,Books,16.38
U_02587,2025-08-09,Books,120.67
U_02587,2025-08-20,Books,92.96
U_02587,2025-12-13,Books,173.95
U_02587,2025-12-21,Books,74.6
U_02589,2025-08-01,Fashion,66.14
U_02589,2025-11-24,Fashion,57.27
U_02592,2025-08-25,Grocery,85.05
U_02592,2025-08-27,Sports,17.61
U_02592,2025-09-14,Books,24.31
U_02592,2025-09-16,Grocery,23.43
U_02592,2025-10-12,Grocery,56.2
U_02592,2025-10-24,Grocery,22.92
U_02592,2025-11-03,Grocery,39.52
U_02592,2025-12-05,Grocery,85.27
U_02592,2025-12-13,Books,167.74
U_02593,2025-08-01,Grocery,219.65
U_02593,2025-08-04,Home,106.36
U_02593,2025-08-13,Home,120.22
U_02593,2025-08-15,Grocery,16.34
U_02595,2025-07-11,Sports,48.21
U_02595,2025-09-01,Grocery,202.24
U_02595,2025-11-15,Grocery,41.3
U_02595,2025-11-18,Grocery,32.9
U_02595,2025-12-02,Grocery,31.88
U_02595,2025-12-03,Beauty,55.82
U_02595,2025-12-20,Fashion,28.91
U_02595,2025-12-27,Grocery,72.55
U_02595,2025-12-29,Grocery,178.4
U_02596,2025-07-28,Grocery,74.96
U_02596,2025-09-11,Grocery,107.95
U_02596,2025-09-29,Grocery,95.26
U_02596,2025-11-07,Grocery,56.12
U_02596,2025-12-11,Grocery,36.8
U_02596,2025-12-24,Beauty,87.14
U_02597,2025-10-27,Fashion,16.06
U_02597,2025-11-08,Electronics,21.57
U_02599,2025-07-27,Electronics,50.72
U_02599,2025-08-14,Sports,33.96
U_02599,2025-10-18,Beauty,90.46
U_02600,2025-07-09,Books,43.14
U_02601,2025-11-14,Toys,98.63
U_02602,2025-09-22,Electronics,22.85
U_02604,2025-07-07,Toys,83.67
U_02604,2025-08-03,Toys,68.96
U_02604,2025-08-14,Toys,38.08
U_02604,2025-10-02,Toys,111.69
U_02604,2025-10-09,Toys,17.37
U_02604,2025-10-23,Toys,63.21
U_02604,2025-11-03,Toys,37.34
U_02604,2025-11-28,Toys,23.09
U_02604,2025-12-20,Toys,42.65
U_02605,2025-07-27,Fashion,138.35
U_02605,2025-08-06,Fashion,27.61
U_02605,2025-09-11,Fashion,43.59
U_02605,2025-09-14,Fashion,30.16
U_02605,2025-10-01,Fashion,40.41
U_02605,2025-10-26,Toys,18.3
U_02605,2025-10-28,Fashion,133.95
U_02605,2025-10-30,Fashion,15.28
U_02605,2025-11-08,Fashion,165.88
U_02605,2025-11-15,Fashion,24.92
U_02606,2025-07-29,Toys,92.36
U_02607,2025-08-28,Sports,69.27
U_02607,2025-10-03,Sports,80.51
U_02607,2025-10-16,Sports,78.93
U_02607,2025-11-13,Sports,42.06
U_02608,2025-11-19,Home,65.61
U_02609,2025-08-15,Fashion,24.78
U_02610,2025-11-07,Home,21.11
U_02610,2025-12-02,Sports,20.04
U_02610,2025-12-22,Home,24.75
U_02612,2025-10-29,Electronics,77.33
U_02612,2025-11-21,Electronics,85.98
U_02613,2025-07-09,Beauty,22.11
U_02613,2025-08-05,Beauty,12.08
U_02615,2025-10-05,Home,125.08
U_02616,2025-10-24,Books,23.4
U_02616,2025-10-25,Books,29.13
U_02616,2025-12-12,Books,49.19
U_02617,2025-08-29,Electronics,123.39
U_02618,2025-10-29,Sports,39.64
U_02620,2025-07-28,Grocery,16.84
U_02620,2025-08-12,Grocery,10.03
U_02621,2025-09-06,Sports,38.36
U_02621,2025-09-07,Sports,86.81
U_02621,2025-09-14,Sports,27.04
U_02621,2025-09-21,Sports,187.98
U_02621,2025-11-03,Toys,53.86
U_02621,2025-11-05,Sports,39.45
U_02621,2025-11-16,Sports,12.54
U_02623,2025-07-05,Toys,27.32
U_02623,2025-08-01,Toys,79.22
U_02624,2025-09-09,Toys,161.96
U_02624,2025-09-14,Beauty,222.93
U_02624,2025-11-29,Toys,74.01
U_02624,2025-12-16,Toys,114.45
U_02625,2025-07-17,Sports,191.65
U_02625,2025-10-10,Sports,132.34
U_02625,2025-10-17,Sports,57.97
U_02625,2025-12-18,Sports,187.51
U_02627,2025-11-16,Toys,60.28
U_02627,2025-11-23,Electronics,53.17
U_02627,2025-12-08,Sports,23.16
U_02627,2025-12-29,Beauty,157.92
U_02628,2025-08-20,Toys,24.15
U_02630,2025-10-12,Electronics,39.86
U_02631,2025-11-17,Sports,21.6
U_02632,2025-09-29,Toys,6.75
U_02633,2025-10-30,Toys,44.57
U_02634,2025-07-06,Grocery,29.97
U_02634,2025-07-23,Grocery,45.25
U_02634,2025-12-25,Grocery,39.59
U_02635,2025-07-12,Beauty,55.86
U_02635,2025-09-24,Sports,76.57
U_02635,2025-12-01,Toys,153.77
U_02635,2025-12-21,Grocery,56.11
U_02635,2025-12-26,Sports,52.16
U_02636,2025-08-20,Sports,33.73
U_02637,2025-09-02,Toys,166.89
U_02637,2025-09-17,Sports,63.56
U_02637,2025-10-11,Home,67.08
U_02637,2025-10-13,Home,53.06
U_02637,2025-11-04,Home,92.34
U_02637,2025-11-21,Home,75.22
U_02637,2025-12-24,Home,43.85
U_02637,2025-12-25,Beauty,122.12
U_02637,2025-12-28,Home,99.81
U_02638,2025-09-12,Home,37.79
U_02638,2025-09-17,Sports,99.08
U_02639,2025-09-19,Toys,134.94
U_02640,2025-08-11,Beauty,14.54
U_02640,2025-10-04,Books,30.42
U_02641,2025-07-24,Sports,68.7
U_02641,2025-08-06,Sports,34.79
U_02641,2025-08-21,Sports,55.76
U_02641,2025-09-14,Sports,49.01
U_02641,2025-10-10,Sports,169.8
U_02641,2025-10-15,Sports,38.28
U_02641,2025-10-21,Sports,91.82
U_02641,2025-10-24,Sports,147.09
U_02641,2025-11-02,Sports,146.09
U_02641,2025-12-19,Sports,172.52
U_02641,2025-12-22,Sports,53.64
U_02642,2025-07-15,Electronics,39.49
U_02642,2025-07-21,Electronics,21.67
U_02642,2025-08-25,Books,45.56
U_02642,2025-10-04,Toys,17.37
U_02643,2025-12-29,Grocery,37.2
U_02644,2025-10-17,Home,12.28
U_02644,2025-10-22,Electronics,21.87
U_02644,2025-12-26,Home,12.08
U_02645,2025-07-13,Toys,67.14
U_02645,2025-07-20,Toys,54.12
U_02645,2025-10-13,Toys,54.94
U_02646,2025-08-10,Toys,74.78
U_02647,2025-11-14,Fashion,31.27
U_02648,2025-08-24,Books,13.7
U_02648,2025-12-30,Books,24.58
U_02649,2025-07-26,Home,13.5
U_02649,2025-10-09,Home,45.58
U_02649,2025-11-08,Fashion,10.75
U_02649,2025-12-20,Beauty,43.05
U_02650,2025-08-01,Home,64.28
U_02650,2025-08-28,Grocery,37.43
U_02653,2025-08-29,Toys,53.28
U_02655,2025-09-18,Fashion,58.31
U_02655,2025-12-12,Fashion,30.91
U_02657,2025-10-12,Sports,46.71
U_02658,2025-09-06,Toys,6.9
U_02659,2025-07-16,Books,13.47
U_02659,2025-08-15,Grocery,41.65
U_02659,2025-09-15,Books,72.25
U_02659,2025-10-04,Books,70.44
U_02659,2025-10-15,Books,15.24
U_02660,2025-07-26,Grocery,124.8
U_02660,2025-08-25,Books,36.95
U_02660,2025-09-11,Grocery,41.21
U_02660,2025-10-18,Grocery,145.46
U_02660,2025-11-02,Grocery,53.97
U_02660,2025-11-21,Grocery,63.72
U_02663,2025-08-30,Fashion,25.83
U_02663,2025-10-14,Fashion,21.62
U_02663,2025-12-13,Fashion,259.52
U_02664,2025-07-22,Toys,64.09
U_02664,2025-08-10,Toys,21.68
U_02664,2025-10-18,Home,98.51
U_02664,2025-11-15,Books,94.45
U_02665,2025-07-26,Beauty,91.01
U_02666,2025-07-16,Home,46.1
U_02666,2025-12-01,Home,14.93
U_02668,2025-07-24,Home,28.1
U_02668,2025-08-14,Sports,32.47
U_02668,2025-11-13,Sports,11.76
U_02671,2025-10-22,Beauty,77.42
U_02672,2025-08-20,Books,32.8
U_02672,2025-10-30,Electronics,22.82
U_02674,2025-07-15,Fashion,27.02
U_02674,2025-07-26,Fashion,46.01
U_02674,2025-08-17,Fashion,76.71
U_02674,2025-08-24,Fashion,45.59
U_02674,2025-09-01,Fashion,11.07
U_02674,2025-09-15,Fashion,233.05
U_02674,2025-09-24,Fashion,229.21
U_02675,2025-08-15,Grocery,43.38
U_02677,2025-07-26,Electronics,19.46
U_02678,2025-09-24,Books,29.61
U_02678,2025-11-04,Books,26.26
U_02679,2025-07-09,Grocery,203.79
U_02679,2025-09-05,Electronics,33.9
U_02679,2025-09-12,Grocery,40.18
U_02679,2025-09-18,Grocery,151.26
U_02679,2025-10-23,Grocery,29.36
U_02680,2025-07-18,Electronics,33.57
U_02681,2025-08-03,Toys,16.76
U_02681,2025-12-15,Toys,37.45
U_02681,2025-12-16,Fashion,21.86
U_02682,2025-08-15,Sports,59.21
U_02682,2025-09-04,Sports,57.45
U_02682,2025-10-06,Sports,122.18
U_02682,2025-10-19,Sports,85.59
U_02682,2025-10-31,Grocery,75.26
U_02682,2025-11-07,Sports,61.97
U_02682,2025-12-06,Sports,138.13
U_02682,2025-12-12,Sports,60.87
U_02682,2025-12-24,Sports,49.87
U_02682,2025-12-29,Sports,53.18
U_02683,2025-07-16,Grocery,122.06
U_02683,2025-09-11,Toys,74.53
U_02683,2025-09-26,Grocery,69.24
U_02683,2025-12-19,Toys,101.82
U_02685,2025-10-13,Home,37.43
U_02685,2025-11-02,Home,12.7
U_02685,2025-11-05,Home,82.55
U_02686,2025-08-11,Home,91.47
U_02686,2025-09-19,Beauty,28.78
U_02686,2025-12-04,Beauty,137.41
U_02687,2025-08-17,Books,11.01
U_02687,2025-08-22,Grocery,43.34
U_02688,2025-10-14,Fashion,31.44
U_02689,2025-07-08,Sports,29.96
U_02689,2025-07-28,Books,179.39
U_02689,2025-08-15,Fashion,82.64
U_02689,2025-09-07,Books,47.53
U_02690,2025-09-26,Electronics,145.78
U_02690,2025-10-19,Electronics,88.99
U_02690,2025-12-23,Electronics,63.36
U_02692,2025-08-04,Toys,36.5
U_02693,2025-07-17,Books,77.76
U_02693,2025-11-23,Books,96.38
U_02695,2025-07-07,Electronics,15.01
U_02695,2025-07-20,Beauty,22.56
U_02699,2025-09-13,Sports,50.92
U_02699,2025-11-27,Electronics,72.16
U_02700,2025-12-29,Home,17.88
U_02701,2025-07-26,Books,71.8
U_02701,2025-08-28,Home,15.51
U_02701,2025-09-19,Books,66.1
U_02701,2025-12-03,Toys,27.81
U_02703,2025-07-11,Beauty,80.22
U_02703,2025-07-23,Beauty,56.55
U_02703,2025-08-17,Beauty,79.69
U_02703,2025-09-22,Beauty,77.28
U_02704,2025-07-08,Grocery,49.39
U_02704,2025-08-01,Grocery,95.87
U_02704,2025-09-30,Grocery,38.92
U_02704,2025-10-29,Grocery,10.67
U_02704,2025-11-11,Grocery,56.83
U_02704,2025-12-21,Beauty,90.41
U_02704,2025-12-23,Grocery,88.5
U_02705,2025-09-02,Grocery,181.32
U_02705,2025-09-15,Sports,85.63
U_02706,2025-08-13,Electronics,10.58
U_02706,2025-10-10,Home,27.73
U_02707,2025-07-17,Fashion,23.69
U_02707,2025-08-04,Electronics,27.8
U_02707,2025-10-03,Electronics,29.25
U_02707,2025-10-09,Electronics,33.87
U_02708,2025-07-29,Fashion,27.8
U_02708,2025-08-05,Books,26.2
U_02708,2025-09-27,Books,59.72
U_02708,2025-11-24,Home,21.68
U_02708,2025-11-30,Grocery,10.47
U_02710,2025-10-07,Sports,27.08
U_02710,2025-10-28,Fashion,17.53
U_02712,2025-07-08,Electronics,84.53
U_02712,2025-07-17,Fashion,134.31
U_02712,2025-08-27,Fashion,174.36
U_02712,2025-10-20,Home,39.84
U_02712,2025-11-08,Electronics,46.46
U_02712,2025-11-11,Fashion,44.79
U_02712,2025-11-26,Fashion,45.48
U_02713,2025-08-29,Toys,31.22
U_02714,2025-07-06,Electronics,13.11
U_02715,2025-07-06,Toys,89.2
U_02715,2025-07-27,Books,14.49
U_02715,2025-08-23,Sports,79.13
U_02715,2025-10-02,Books,89.15
U_02715,2025-10-16,Books,69.92
U_02715,2025-11-05,Books,80.08
U_02717,2025-08-01,Fashion,6.5
U_02718,2025-07-31,Grocery,49.36
U_02718,2025-10-07,Home,29.28
U_02721,2025-08-13,Sports,18.9
U_02722,2025-07-19,Sports,51.41
U_02722,2025-09-13,Sports,76.32
U_02722,2025-09-27,Sports,70.64
U_02722,2025-10-03,Toys,51.41
U_02722,2025-11-28,Sports,98.01
U_02722,2025-12-10,Sports,107.48
U_02722,2025-12-20,Electronics,79.67
U_02723,2025-07-08,Beauty,9.82
U_02724,2025-07-23,Sports,43.55
U_02724,2025-09-04,Sports,49.75
U_02724,2025-09-07,Fashion,38.61
U_02724,2025-09-11,Sports,213.43
U_02724,2025-09-18,Sports,173.59
U_02724,2025-10-29,Sports,312.59
U_02724,2025-11-26,Sports,165.57
U_02724,2025-12-08,Sports,181.72
U_02724,2025-12-30,Sports,150.43
U_02725,2025-12-15,Home,28.88
U_02725,2025-12-21,Electronics,46.4
U_02726,2025-07-06,Fashion,17.11
U_02726,2025-11-14,Toys,77.88
U_02726,2025-11-28,Toys,21.16
U_02728,2025-07-10,Fashion,41.81
U_02728,2025-09-06,Home,18.34
U_02728,2025-10-21,Home,55.3
U_02728,2025-11-03,Electronics,45.82
U_02731,2025-10-07,Home,61.78
U_02734,2025-09-01,Grocery,86.88
U_02734,2025-09-14,Grocery,15.66
U_02734,2025-10-10,Grocery,93.28
U_02734,2025-10-15,Fashion,133.07
U_02737,2025-07-07,Toys,87.57
U_02737,2025-09-18,Toys,72.02
U_02737,2025-10-29,Toys,11.5
U_02739,2025-11-01,Home,31.8
U_02740,2025-08-18,Beauty,48.36
U_02740,2025-10-07,Beauty,48.85
U_02741,2025-07-22,Grocery,8.86
U_02741,2025-07-23,Fashion,27.85
U_02742,2025-07-13,Fashion,99.94
U_02743,2025-08-27,Grocery,16.72
U_02743,2025-12-03,Grocery,35.21
U_02744,2025-08-19,Beauty,29.63
U_02744,2025-08-29,Electronics,17.28
U_02744,2025-11-14,Electronics,25.37
U_02745,2025-11-06,Grocery,58.04
U_02747,2025-07-22,Electronics,98.87
U_02747,2025-08-08,Electronics,44.12
U_02747,2025-09-06,Home,78.44
U_02748,2025-09-28,Beauty,5.92
U_02748,2025-11-26,Books,47.46
U_02749,2025-10-25,Fashion,21.46
U_02749,2025-12-21,Toys,63.17
U_02750,2025-10-14,Fashion,26.98
U_02752,2025-08-02,Sports,33.41
U_02753,2025-07-07,Beauty,16.72
U_02753,2025-07-20,Beauty,22.27
U_02753,2025-12-12,Beauty,11.89
U_02754,2025-08-18,Sports,66.55
U_02756,2025-08-19,Electronics,23.31
U_02756,2025-10-02,Beauty,11.64
U_02759,2025-10-01,Books,16.38
U_02760,2025-09-12,Toys,60.72
U_02760,2025-11-05,Books,47.47
U_02762,2025-07-14,Beauty,31.34
U_02762,2025-07-18,Beauty,36.2
U_02762,2025-10-19,Beauty,27.57
U_02762,2025-11-06,Beauty,46.79
U_02762,2025-12-04,Beauty,219.35
U_02763,2025-07-30,Home,218.57
U_02763,2025-10-02,Home,36.97
U_02764,2025-07-23,Books,73.0
U_02764,2025-08-03,Books,33.69
U_02764,2025-09-28,Books,20.05
U_02764,2025-11-24,Books,35.54
U_02765,2025-09-05,Beauty,20.8
U_02767,2025-10-11,Books,29.63
U_02767,2025-11-19,Sports,21.36
U_02767,2025-11-21,Books,51.93
U_02768,2025-09-15,Home,37.25
U_02768,2025-09-22,Home,53.63
U_02768,2025-10-21,Home,73.28
U_02768,2025-12-06,Toys,55.2
U_02770,2025-07-09,Toys,49.52
U_02771,2025-07-12,Sports,69.8
U_02771,2025-08-22,Electronics,126.09
U_02771,2025-11-05,Books,147.66
U_02772,2025-07-05,Beauty,24.15
U_02772,2025-08-24,Beauty,117.93
U_02772,2025-08-31,Beauty,109.72
U_02772,2025-10-30,Fashion,39.62
U_02773,2025-08-28,Fashion,30.6
U_02773,2025-10-16,Grocery,41.72
U_02773,2025-10-24,Grocery,14.59
U_02775,2025-09-13,Home,24.47
U_02775,2025-09-28,Home,179.61
U_02776,2025-07-26,Grocery,42.48
U_02777,2025-07-11,Electronics,71.88
U_02777,2025-08-24,Grocery,110.56
U_02777,2025-09-19,Grocery,31.77
U_02779,2025-10-28,Sports,51.73
U_02779,2025-11-30,Sports,67.75
U_02780,2025-07-25,Books,138.41
U_02780,2025-10-19,Books,60.81
U_02780,2025-10-24,Beauty,26.67
U_02780,2025-11-06,Fashion,42.68
U_02780,2025-12-30,Fashion,85.21
U_02781,2025-07-05,Books,30.92
U_02781,2025-08-04,Fashion,33.41
U_02781,2025-10-04,Fashion,61.81
U_02782,2025-07-12,Books,16.28
U_02782,2025-08-13,Books,14.38
U_02782,2025-09-17,Beauty,42.21
U_02783,2025-07-21,Sports,37.83
U_02783,2025-08-13,Sports,52.53
U_02783,2025-08-22,Sports,42.39
U_02783,2025-10-05,Fashion,57.18
U_02783,2025-10-21,Books,27.07
U_02783,2025-11-08,Sports,40.51
U_02783,2025-11-13,Sports,60.21
U_02784,2025-08-20,Books,26.4
U_02785,2025-07-31,Toys,33.85
U_02785,2025-10-26,Books,26.45
U_02787,2025-09-05,Books,26.83
U_02787,2025-10-02,Toys,142.43
U_02787,2025-10-07,Books,65.64
U_02788,2025-10-09,Fashion,47.11
U_02788,2025-10-30,Books,74.22
U_02788,2025-12-22,Sports,65.61
U_02791,2025-07-18,Fashion,222.2
U_02791,2025-07-26,Electronics,179.51
U_02791,2025-08-12,Books,29.01
U_02792,2025-08-06,Home,40.97
U_02793,2025-07-10,Sports,79.9
U_02793,2025-07-11,Sports,50.45
U_02793,2025-07-27,Beauty,79.58
U_02793,2025-08-14,Sports,149.95
U_02793,2025-09-01,Sports,317.07
U_02793,2025-09-04,Toys,39.76
U_02793,2025-10-18,Grocery,98.1
U_02793,2025-10-20,Sports,77.08
U_02793,2025-12-18,Sports,410.47
U_02794,2025-07-08,Home,15.88
U_02794,2025-08-21,Fashion,30.72
U_02794,2025-09-19,Toys,16.97
U_02794,2025-10-16,Toys,15.14
U_02794,2025-12-19,Toys,39.53
U_02795,2025-11-11,Toys,75.57
U_02796,2025-07-13,Toys,20.38
U_02797,2025-10-06,Fashion,100.41
U_02798,2025-07-07,Fashion,48.45
U_02798,2025-07-24,Toys,84.69
U_02799,2025-08-29,Books,9.93
U_02799,2025-12-18,Sports,23.27
U_02801,2025-07-28,Beauty,111.63
U_02801,2025-07-29,Beauty,150.27
U_02801,2025-08-22,Beauty,97.34
U_02801,2025-09-07,Beauty,16.01
U_02801,2025-09-11,Beauty,104.75
U_02801,2025-10-07,Beauty,27.22
U_02801,2025-10-21,Beauty,32.89
U_02801,2025-12-13,Electronics,125.73
U_02801,2025-12-14,Beauty,39.79
U_02801,2025-12-19,Beauty,32.41
U_02803,2025-08-15,Home,18.84
U_02804,2025-08-18,Sports,11.0
U_02804,2025-10-15,Sports,18.69
U_02804,2025-12-30,Sports,11.48
U_02805,2025-07-05,Beauty,114.0
U_02807,2025-07-29,Beauty,26.65
U_02807,2025-09-23,Beauty,67.35
U_02807,2025-11-11,Beauty,53.39
U_02807,2025-11-21,Beauty,60.31
U_02808,2025-08-29,Grocery,24.73
U_02808,2025-12-16,Grocery,29.64
U_02808,2025-12-29,Fashion,104.92
U_02811,2025-08-13,Fashion,40.83
U_02811,2025-11-17,Fashion,13.41
U_02811,2025-12-27,Fashion,27.81
U_02811,2025-12-29,Fashion,52.16
U_02812,2025-07-27,Beauty,38.82
U_02814,2025-10-07,Home,27.83
U_02815,2025-09-12,Electronics,50.64
U_02815,2025-09-14,Home,72.41
U_02816,2025-09-06,Home,21.42
U_02817,2025-07-17,Electronics,131.29
U_02817,2025-07-24,Home,103.77
U_02817,2025-07-26,Toys,40.83
U_02817,2025-08-20,Home,10.4
U_02817,2025-08-31,Home,35.62
U_02823,2025-08-20,Beauty,83.53
U_02823,2025-08-25,Beauty,58.84
U_02824,2025-07-11,Beauty,126.54
U_02824,2025-09-01,Beauty,59.3
U_02824,2025-10-11,Beauty,40.93
U_02824,2025-11-24,Books,50.91
U_02824,2025-12-30,Beauty,51.4
U_02825,2025-07-28,Books,19.06
U_02825,2025-08-03,Sports,36.75
U_02825,2025-08-04,Books,19.29
U_02825,2025-11-09,Grocery,24.9
U_02825,2025-12-19,Grocery,49.8
U_02827,2025-07-14,Toys,66.33
U_02827,2025-09-12,Beauty,51.39
U_02827,2025-10-10,Beauty,76.07
U_02828,2025-08-17,Beauty,32.04
U_02829,2025-07-17,Fashion,89.81
U_02829,2025-07-18,Beauty,28.91
U_02829,2025-08-01,Fashion,339.64
U_02829,2025-08-19,Grocery,39.31
U_02829,2025-08-26,Fashion,156.18
U_02829,2025-10-25,Fashion,22.48
U_02829,2025-11-13,Fashion,77.31
U_02829,2025-12-11,Sports,37.03
U_02830,2025-07-19,Electronics,44.23
U_02830,2025-08-03,Electronics,40.09
U_02830,2025-08-10,Sports,43.98
U_02830,2025-09-04,Electronics,94.22
U_02830,2025-10-04,Electronics,80.73
U_02830,2025-10-06,Home,73.48
U_02830,2025-11-11,Electronics,27.02
U_02831,2025-07-09,Grocery,69.36
U_02831,2025-07-20,Electronics,22.18
U_02832,2025-07-09,Books,5.47
U_02832,2025-07-26,Fashion,33.83
U_02833,2025-07-16,Sports,37.75
U_02835,2025-07-21,Toys,16.44
U_02835,2025-07-29,Toys,20.05
U_02835,2025-07-30,Toys,187.0
U_02835,2025-12-30,Books,125.36
U_02836,2025-07-05,Beauty,31.14
U_02836,2025-08-18,Home,58.44
U_02836,2025-09-18,Home,25.11
U_02837,2025-08-18,Toys,30.52
U_02837,2025-08-27,Electronics,12.26
U_02838,2025-09-07,Toys,208.89
U_02838,2025-09-21,Toys,137.6
U_02838,2025-12-11,Beauty,302.47
U_02839,2025-08-01,Beauty,123.74
U_02840,2025-08-09,Beauty,27.67
U_02840,2025-09-11,Beauty,93.39
U_02840,2025-10-05,Beauty,48.43
U_02840,2025-11-16,Fashion,31.06
U_02840,2025-12-08,Beauty,68.09
U_02840,2025-12-15,Fashion,37.14
U_02840,2025-12-29,Beauty,30.68
U_02841,2025-08-30,Sports,27.16
U_02841,2025-09-11,Sports,45.41
U_02842,2025-09-08,Electronics,16.61
U_02842,2025-11-23,Electronics,22.61
U_02842,2025-12-14,Electronics,40.34
U_02843,2025-12-05,Home,23.53
U_02845,2025-07-25,Books,116.99
U_02847,2025-12-29,Home,9.78
U_02848,2025-07-04,Books,57.91
U_02848,2025-07-19,Toys,25.09
U_02848,2025-09-12,Toys,21.74
U_02849,2025-07-09,Home,142.13
U_02849,2025-07-10,Home,145.04
U_02849,2025-07-14,Toys,28.19
U_02849,2025-07-25,Toys,14.08
U_02849,2025-08-19,Toys,102.65
U_02849,2025-09-07,Home,176.82
U_02849,2025-09-13,Beauty,236.83
U_02849,2025-10-15,Toys,129.04
U_02849,2025-10-30,Home,7.18
U_02855,2025-11-21,Toys,92.7
U_02855,2025-12-28,Toys,70.72
U_02856,2025-11-30,Sports,7.68
U_02857,2025-11-07,Toys,37.55
U_02857,2025-12-22,Home,17.5
U_02858,2025-09-04,Electronics,146.16
U_02858,2025-12-22,Toys,95.87
U_02860,2025-07-14,Sports,35.51
U_02860,2025-08-19,Sports,76.09
U_02860,2025-09-13,Beauty,226.19
U_02860,2025-10-14,Sports,66.79
U_02860,2025-10-16,Sports,21.23
U_02860,2025-11-13,Sports,75.5
U_02860,2025-11-20,Grocery,81.97
U_02860,2025-11-26,Sports,103.57
U_02860,2025-12-16,Sports,71.16
U_02860,2025-12-17,Sports,68.25
U_02864,2025-08-01,Toys,38.98
U_02864,2025-09-07,Sports,21.04
U_02865,2025-08-03,Sports,18.18
U_02865,2025-08-27,Sports,19.08
U_02865,2025-10-08,Sports,19.13
U_02865,2025-11-22,Sports,24.15
U_02868,2025-08-07,Home,58.96
U_02868,2025-08-09,Toys,61.29
U_02868,2025-08-29,Home,15.58
U_02868,2025-09-25,Home,42.38
U_02868,2025-10-15,Home,91.41
U_02868,2025-10-17,Toys,79.77
U_02868,2025-11-04,Toys,104.62
U_02868,2025-12-12,Home,130.94
U_02869,2025-08-15,Beauty,50.75
U_02869,2025-08-17,Books,67.1
U_02869,2025-09-27,Beauty,47.25
U_02870,2025-08-07,Beauty,38.91
U_02870,2025-08-20,Home,69.54
U_02870,2025-08-29,Books,5.65
U_02870,2025-09-01,Home,42.12
U_02870,2025-09-20,Home,39.3
U_02870,2025-09-21,Home,109.52
U_02870,2025-10-03,Home,64.89
U_02870,2025-10-05,Home,69.5
U_02870,2025-10-07,Electronics,168.22
U_02870,2025-10-13,Books,72.35
U_02870,2025-10-26,Home,187.53
U_02870,2025-10-28,Home,38.24
U_02870,2025-11-22,Home,51.41
U_02870,2025-12-12,Home,90.47
U_02870,2025-12-19,Sports,12.46
U_02870,2025-12-22,Grocery,114.64
U_02871,2025-09-04,Grocery,73.51
U_02871,2025-12-01,Electronics,69.53
U_02872,2025-10-25,Grocery,71.23
U_02873,2025-07-05,Sports,269.94
U_02873,2025-08-30,Grocery,85.09
U_02873,2025-11-29,Fashion,64.7
U_02874,2025-08-17,Sports,14.56
U_02875,2025-07-09,Toys,40.45
U_02877,2025-11-06,Electronics,19.07
U_02881,2025-07-24,Books,96.95
U_02881,2025-08-06,Toys,135.02
U_02881,2025-08-14,Books,177.42
U_02881,2025-08-15,Books,55.55
U_02881,2025-08-31,Books,120.67
U_02882,2025-09-17,Toys,28.93
U_02884,2025-09-26,Fashion,17.04
U_02886,2025-07-05,Fashion,37.2
U_02886,2025-07-11,Home,69.78
U_02886,2025-08-07,Books,74.6
U_02886,2025-08-12,Home,76.11
U_02886,2025-08-17,Electronics,68.89
U_02887,2025-07-31,Fashion,105.82
U_02887,2025-08-19,Fashion,209.13
U_02887,2025-09-06,Fashion,75.14
U_02887,2025-11-08,Fashion,126.28
U_02887,2025-11-27,Fashion,221.79
U_02887,2025-12-11,Fashion,88.34
U_02887,2025-12-19,Fashion,90.39
U_02888,2025-08-17,Home,45.99
U_02889,2025-07-12,Fashion,18.28
U_02889,2025-09-18,Fashion,41.34
U_02889,2025-09-26,Fashion,79.95
U_02889,2025-10-08,Fashion,12.73
U_02889,2025-11-21,Fashion,102.3
U_02889,2025-12-03,Fashion,71.9
U_02890,2025-07-10,Beauty,62.07
U_02890,2025-07-13,Books,101.42
U_02890,2025-09-23,Books,27.24
U_02890,2025-12-24,Books,21.58
U_02891,2025-07-16,Books,24.31
U_02892,2025-09-08,Electronics,38.87
U_02892,2025-10-20,Grocery,79.31
U_02892,2025-11-11,Sports,24.24
U_02892,2025-12-17,Grocery,46.68
U_02893,2025-11-16,Beauty,21.09
U_02894,2025-08-08,Home,67.57
U_02894,2025-08-10,Sports,16.43
U_02894,2025-09-28,Home,30.12
U_02894,2025-12-10,Grocery,11.21
U_02895,2025-09-12,Home,31.35
U_02895,2025-09-18,Fashion,70.55
U_02895,2025-11-19,Fashion,89.39
U_02895,2025-11-20,Home,24.95
U_02895,2025-11-24,Home,25.12
U_02897,2025-09-02,Toys,18.13
U_02898,2025-08-09,Beauty,42.92
U_02899,2025-10-13,Electronics,20.28
U_02900,2025-07-08,Books,43.42
U_02900,2025-07-13,Books,15.13
U_02900,2025-07-31,Grocery,227.65
U_02900,2025-08-08,Books,33.45
U_02900,2025-10-02,Toys,52.89
U_02900,2025-10-04,Books,93.77
U_02900,2025-10-09,Home,46.08
U_02900,2025-10-11,Books,28.83
U_02900,2025-10-23,Books,11.65
U_02900,2025-11-03,Grocery,51.46
U_02900,2025-11-20,Home,80.27
U_02900,2025-11-29,Grocery,100.16
U_02902,2025-10-17,Toys,51.75
U_02903,2025-07-26,Electronics,70.27
U_02903,2025-09-19,Electronics,16.39
U_02904,2025-09-05,Home,24.58
U_02904,2025-11-13,Home,23.28
U_02905,2025-08-11,Fashion,22.77
U_02905,2025-09-18,Fashion,37.66
U_02905,2025-10-14,Fashion,61.85
U_02905,2025-12-16,Fashion,100.79
U_02905,2025-12-29,Fashion,113.19
U_02906,2025-09-01,Fashion,21.61
U_02907,2025-08-19,Electronics,101.4
U_02907,2025-08-21,Electronics,30.68
U_02907,2025-11-10,Grocery,104.68
U_02907,2025-12-12,Electronics,34.63
U_02909,2025-07-04,Sports,16.99
U_02909,2025-07-20,Home,75.48
U_02909,2025-11-27,Home,42.94
U_02909,2025-12-28,Sports,201.57
U_02910,2025-09-26,Sports,25.89
U_02912,2025-07-04,Home,68.97
U_02912,2025-10-13,Sports,28.17
U_02913,2025-07-05,Home,54.95
U_02913,2025-10-02,Home,42.25
U_02913,2025-11-16,Books,17.83
U_02914,2025-10-29,Sports,113.74
U_02914,2025-11-29,Sports,69.55
U_02914,2025-12-20,Sports,21.24
U_02915,2025-07-12,Books,59.14
U_02915,2025-09-08,Home,47.74
U_02915,2025-10-15,Books,45.04
U_02916,2025-08-23,Sports,52.52
U_02916,2025-11-25,Fashion,52.11
U_02917,2025-11-24,Toys,53.62
U_02918,2025-07-28,Sports,59.68
U_02918,2025-07-30,Grocery,141.34
U_02918,2025-08-15,Sports,151.26
U_02918,2025-08-24,Sports,48.79
U_02918,2025-09-10,Sports,175.36
U_02918,2025-09-26,Sports,30.76
U_02918,2025-09-29,Sports,140.37
U_02918,2025-12-05,Sports,37.82
U_02918,2025-12-30,Books,83.47
U_02919,2025-07-07,Home,17.04
U_02919,2025-08-22,Sports,53.3
U_02919,2025-12-20,Sports,17.26
U_02920,2025-08-19,Toys,29.28
U_02920,2025-11-01,Toys,29.62
U_02921,2025-09-16,Toys,67.31
U_02921,2025-09-17,Electronics,24.14
U_02921,2025-10-01,Toys,96.2
U_02921,2025-11-10,Electronics,25.53
U_02921,2025-11-20,Toys,183.5
U_02921,2025-12-05,Toys,168.72
U_02921,2025-12-17,Toys,32.95
U_02924,2025-08-04,Beauty,65.24
U_02926,2025-07-14,Beauty,112.13
U_02927,2025-08-16,Home,40.59
U_02927,2025-09-25,Home,26.18
U_02927,2025-10-07,Home,42.24
U_02927,2025-12-02,Home,26.49
U_02927,2025-12-09,Home,160.65
U_02928,2025-07-30,Sports,23.38
U_02928,2025-09-07,Sports,93.13
U_02928,2025-10-16,Grocery,50.61
U_02929,2025-10-20,Fashion,9.91
U_02930,2025-08-01,Fashion,8.54
U_02930,2025-08-26,Fashion,70.35
U_02930,2025-11-11,Fashion,10.85
U_02931,2025-09-15,Sports,42.95
U_02931,2025-11-23,Toys,75.74
U_02932,2025-08-22,Electronics,22.82
U_02932,2025-11-13,Toys,23.03
U_02935,2025-10-02,Sports,343.68
U_02935,2025-10-20,Sports,32.02
U_02935,2025-10-24,Sports,231.45
U_02935,2025-11-08,Sports,51.56
U_02935,2025-11-10,Sports,94.23
U_02935,2025-12-08,Toys,79.57
U_02936,2025-07-23,Books,60.87
U_02937,2025-08-17,Home,45.62
U_02938,2025-07-17,Toys,60.04
U_02938,2025-08-11,Beauty,140.05
U_02938,2025-09-04,Books,128.82
U_02938,2025-11-27,Books,96.71
U_02939,2025-08-19,Toys,74.47
U_02939,2025-12-30,Toys,14.02
U_02940,2025-08-12,Home,44.35
U_02940,2025-08-29,Grocery,5.42
U_02940,2025-08-30,Home,17.22
U_02940,2025-09-10,Home,9.4
U_02940,2025-11-16,Toys,14.32
U_02940,2025-11-20,Toys,8.74
U_02940,2025-12-13,Beauty,22.2
U_02944,2025-11-04,Home,30.53
U_02946,2025-08-05,Fashion,30.34
U_02947,2025-07-12,Beauty,31.57
U_02947,2025-08-22,Beauty,29.58
U_02947,2025-11-13,Books,27.43
U_02948,2025-07-29,Sports,17.85
U_02948,2025-08-12,Grocery,39.67
U_02948,2025-09-04,Grocery,43.89
U_02948,2025-11-01,Sports,82.34
U_02948,2025-12-05,Toys,19.2
U_02949,2025-08-13,Grocery,21.26
U_02950,2025-07-06,Electronics,34.99
U_02950,2025-07-31,Books,41.83
U_02952,2025-07-29,Toys,167.19
U_02952,2025-08-17,Home,54.84
U_02952,2025-10-20,Grocery,114.54
U_02952,2025-11-18,Toys,139.72
U_02954,2025-09-06,Toys,115.35
U_02955,2025-08-10,Beauty,37.74
U_02955,2025-09-03,Books,32.21
U_02955,2025-10-21,Books,14.72
U_02959,2025-07-17,Beauty,77.36
U_02959,2025-08-28,Fashion,91.53
U_02959,2025-09-04,Beauty,61.17
U_02959,2025-09-06,Beauty,130.57
U_02959,2025-09-21,Beauty,52.14
U_02959,2025-10-13,Beauty,67.99
U_02959,2025-11-01,Electronics,56.92
U_02960,2025-07-04,Electronics,36.58
U_02960,2025-10-12,Electronics,43.24
U_02962,2025-07-23,Beauty,35.24
U_02962,2025-10-02,Home,196.24
U_02962,2025-10-04,Home,23.29
U_02962,2025-10-30,Fashion,106.61
U_02962,2025-11-02,Home,146.69
U_02963,2025-07-31,Sports,24.95
U_02965,2025-08-17,Toys,16.0
U_02967,2025-08-26,Grocery,22.58
U_02967,2025-09-13,Electronics,97.09
U_02970,2025-08-09,Toys,100.58
U_02970,2025-10-26,Toys,33.36
U_02971,2025-12-26,Home,18.96
U_02972,2025-07-29,Sports,66.74
U_02972,2025-09-08,Sports,29.08
U_02972,2025-11-07,Sports,73.88
U_02972,2025-12-10,Books,171.18
U_02974,2025-07-13,Beauty,65.08
U_02974,2025-08-14,Home,31.04
U_02974,2025-09-10,Home,31.94
U_02974,2025-09-12,Beauty,43.55
U_02974,2025-09-29,Beauty,179.13
U_02974,2025-12-03,Beauty,49.77
U_02976,2025-08-22,Grocery,21.88
U_02978,2025-08-08,Electronics,86.59
U_02978,2025-09-18,Electronics,23.66
U_02978,2025-11-08,Books,20.52
U_02979,2025-07-11,Books,50.74
U_02979,2025-08-16,Books,14.54
U_02979,2025-08-22,Grocery,52.68
U_02980,2025-07-09,Toys,45.57
U_02980,2025-07-23,Sports,37.05
U_02980,2025-11-02,Toys,8.56
U_02980,2025-11-23,Toys,85.8
U_02982,2025-09-19,Fashion,128.32
U_02983,2025-08-30,Sports,83.49
U_02983,2025-09-04,Sports,60.72
U_02983,2025-09-08,Sports,7.02
U_02983,2025-09-28,Fashion,68.64
U_02985,2025-07-12,Grocery,80.1
U_02985,2025-11-23,Grocery,156.75
U_02986,2025-08-01,Electronics,137.55
U_02986,2025-08-06,Electronics,80.55
U_02986,2025-08-08,Electronics,159.57
U_02986,2025-08-12,Fashion,68.19
U_02986,2025-09-14,Books,92.33
U_02986,2025-10-20,Electronics,65.1
U_02986,2025-11-04,Electronics,57.94
U_02987,2025-07-17,Fashion,37.66
U_02987,2025-12-06,Grocery,35.9
U_02988,2025-08-10,Home,78.39
U_02988,2025-08-14,Home,66.6
U_02988,2025-09-06,Home,20.82
U_02988,2025-10-17,Home,99.27
U_02988,2025-11-05,Home,142.83
U_02990,2025-08-15,Beauty,44.95
U_02990,2025-08-27,Beauty,63.61
U_02992,2025-08-23,Home,23.02
U_02992,2025-09-28,Home,18.44
U_02992,2025-11-28,Home,18.82
U_02993,2025-09-18,Sports,49.43
U_02993,2025-11-12,Sports,18.38
U_02995,2025-07-09,Grocery,30.55
U_02995,2025-08-11,Grocery,24.69
U_02995,2025-08-15,Grocery,65.11
U_02995,2025-11-16,Fashion,95.54
U_02996,2025-07-08,Electronics,45.75
U_02996,2025-09-12,Electronics,51.49
U_03000,2025-08-07,Electronics,15.83
U_03000,2025-09-09,Electronics,110.77
U_03000,2025-09-11,Toys,42.11
U_03000,2025-09-12,Home,28.52
U_03000,2025-09-19,Sports,63.15
U_03000,2025-12-03,Toys,16.57
U_03000,2025-12-18,Toys,158.82
U_03001,2025-07-08,Beauty,44.8
U_03001,2025-10-03,Sports,20.67
U_03001,2025-10-26,Sports,49.34
U_03001,2025-11-05,Electronics,35.99
U_03001,2025-12-12,Sports,26.29
U_03001,2025-12-13,Electronics,200.15
U_03003,2025-07-14,Sports,23.33
U_03003,2025-07-15,Beauty,68.83
U_03003,2025-07-17,Toys,68.88
U_03003,2025-09-20,Sports,41.56
U_03003,2025-09-26,Sports,210.22
U_03003,2025-09-28,Sports,130.66
U_03003,2025-10-10,Electronics,66.17
U_03003,2025-10-28,Sports,215.64
U_03003,2025-10-30,Sports,82.74
U_03003,2025-11-02,Electronics,85.13
U_03005,2025-10-08,Home,110.42
U_03005,2025-11-10,Home,244.48
U_03005,2025-12-08,Home,59.27
U_03006,2025-09-14,Home,14.81
U_03006,2025-10-20,Books,15.81
U_03007,2025-08-21,Toys,23.7
U_03008,2025-08-09,Beauty,48.38
U_03008,2025-08-29,Beauty,19.54
U_03008,2025-12-10,Beauty,68.3
U_03008,2025-12-27,Beauty,27.91
U_03010,2025-07-28,Electronics,44.7
U_03010,2025-08-05,Electronics,21.15
U_03010,2025-09-23,Electronics,27.97
U_03012,2025-08-25,Home,17.61
U_03013,2025-08-22,Beauty,35.24
U_03016,2025-08-24,Fashion,17.84
U_03017,2025-08-09,Electronics,104.72
U_03018,2025-09-14,Grocery,36.89
U_03018,2025-11-25,Electronics,121.81
U_03019,2025-10-14,Grocery,67.17
U_03020,2025-07-22,Sports,113.98
U_03020,2025-08-08,Electronics,135.94
U_03021,2025-09-28,Sports,19.87
U_03022,2025-07-13,Sports,35.11
U_03022,2025-07-24,Sports,62.45
U_03022,2025-08-19,Sports,88.36
U_03022,2025-09-02,Sports,41.9
U_03022,2025-09-15,Sports,224.16
U_03022,2025-10-30,Sports,82.37
U_03022,2025-11-26,Sports,18.83
U_03022,2025-12-01,Sports,19.79
U_03023,2025-07-19,Books,57.14
U_03023,2025-08-01,Books,30.74
U_03023,2025-08-10,Books,33.5
U_03023,2025-08-27,Books,32.1
U_03023,2025-10-05,Books,99.32
U_03023,2025-11-01,Books,33.16
U_03023,2025-11-06,Books,42.06
U_03023,2025-11-17,Books,13.47
U_03023,2025-11-30,Books,103.62
U_03023,2025-12-09,Books,112.62
U_03025,2025-07-20,Fashion,82.44
U_03025,2025-10-25,Beauty,17.22
U_03026,2025-09-10,Grocery,12.34
U_03028,2025-10-20,Toys,11.1
U_03029,2025-08-25,Grocery,25.14
U_03029,2025-09-06,Grocery,58.24
U_03029,2025-11-13,Grocery,8.06
U_03029,2025-12-19,Toys,15.57
U_03030,2025-08-27,Books,28.94
U_03031,2025-08-15,Fashion,24.64
U_03031,2025-08-19,Fashion,60.27
U_03032,2025-07-26,Fashion,52.28
U_03032,2025-09-25,Fashion,8.94
U_03034,2025-12-30,Fashion,11.01
U_03035,2025-10-04,Toys,20.95
U_03036,2025-07-15,Toys,62.89
U_03036,2025-07-30,Sports,104.53
U_03036,2025-08-03,Toys,16.6
U_03036,2025-09-03,Electronics,67.71
U_03036,2025-09-11,Toys,129.51
U_03036,2025-09-30,Toys,63.72
U_03036,2025-10-03,Toys,11.09
U_03036,2025-11-01,Toys,26.89
U_03036,2025-12-03,Toys,84.21
U_03037,2025-08-18,Home,80.21
U_03037,2025-08-21,Home,57.62
U_03037,2025-09-05,Home,182.17
U_03037,2025-09-07,Home,146.49
U_03037,2025-09-10,Home,54.25
U_03037,2025-11-03,Home,68.68
U_03038,2025-07-24,Electronics,99.52
U_03038,2025-08-22,Electronics,24.0
U_03038,2025-08-24,Electronics,20.55
U_03038,2025-09-24,Electronics,41.18
U_03038,2025-11-25,Electronics,37.13
U_03038,2025-12-20,Electronics,40.51
U_03038,2025-12-28,Electronics,38.11
U_03039,2025-07-09,Beauty,20.26
U_03039,2025-12-07,Electronics,12.36
U_03040,2025-07-08,Electronics,18.49
U_03040,2025-11-25,Sports,13.74
U_03041,2025-07-07,Grocery,22.11
U_03041,2025-08-24,Grocery,11.25
U_03042,2025-12-29,Home,7.64
U_03043,2025-08-22,Grocery,88.06
U_03043,2025-09-07,Grocery,117.95
U_03044,2025-08-05,Grocery,19.81
U_03045,2025-07-19,Electronics,48.81
U_03045,2025-08-05,Electronics,74.73
U_03045,2025-08-24,Electronics,116.64
U_03045,2025-10-19,Electronics,107.98
U_03045,2025-11-29,Electronics,139.65
U_03045,2025-12-07,Electronics,170.56
U_03045,2025-12-22,Electronics,128.0
U_03045,2025-12-30,Electronics,143.0
U_03047,2025-07-29,Electronics,126.15
U_03047,2025-08-27,Fashion,172.05
U_03049,2025-08-27,Fashion,76.0
U_03049,2025-09-05,Electronics,10.77
U_03050,2025-07-06,Books,17.58
U_03050,2025-08-11,Books,42.85
U_03050,2025-08-15,Sports,33.59
U_03050,2025-10-18,Books,19.18
U_03050,2025-10-20,Books,32.83
U_03051,2025-07-11,Toys,16.97
U_03051,2025-07-26,Electronics,176.27
U_03051,2025-08-06,Toys,108.2
U_03051,2025-10-14,Grocery,136.59
U_03051,2025-11-11,Grocery,76.38
U_03051,2025-12-08,Toys,210.71
U_03051,2025-12-24,Toys,74.68
U_03052,2025-09-12,Beauty,26.83
U_03053,2025-07-09,Home,97.03
U_03053,2025-08-08,Home,10.54
U_03053,2025-08-19,Home,26.71
U_03053,2025-08-21,Home,92.86
U_03053,2025-09-08,Beauty,71.05
U_03055,2025-09-01,Grocery,45.45
U_03055,2025-10-07,Fashion,56.93
U_03055,2025-10-16,Grocery,100.98
U_03055,2025-10-25,Fashion,183.72
U_03055,2025-12-04,Grocery,91.1
U_03055,2025-12-08,Books,80.64
U_03055,2025-12-13,Fashion,180.61
U_03056,2025-09-02,Home,46.45
U_03057,2025-07-22,Toys,147.54
U_03057,2025-08-19,Toys,116.44
U_03057,2025-09-19,Toys,114.55
U_03057,2025-10-04,Toys,137.53
U_03058,2025-07-20,Fashion,106.94
U_03058,2025-07-21,Fashion,80.43
U_03058,2025-09-18,Toys,76.82
U_03058,2025-11-12,Fashion,16.82
U_03059,2025-07-27,Sports,42.4
U_03061,2025-11-08,Toys,111.78
U_03061,2025-11-22,Toys,68.62
U_03061,2025-12-20,Beauty,48.71
U_03061,2025-12-21,Toys,37.24
U_03061,2025-12-22,Toys,64.02
U_03064,2025-10-29,Grocery,43.59
U_03065,2025-08-20,Home,36.19
U_03065,2025-09-05,Beauty,49.37
U_03066,2025-10-03,Fashion,99.07
U_03066,2025-11-09,Toys,26.67
U_03067,2025-08-11,Grocery,46.51
U_03067,2025-09-28,Grocery,58.29
U_03067,2025-10-09,Grocery,36.25
U_03067,2025-11-16,Home,139.39
U_03067,2025-11-24,Grocery,67.63
U_03067,2025-12-01,Grocery,40.57
U_03067,2025-12-19,Grocery,63.02
U_03067,2025-12-25,Home,64.04
U_03068,2025-08-04,Sports,26.38
U_03068,2025-08-07,Electronics,45.09
U_03068,2025-08-24,Electronics,29.15
U_03068,2025-09-09,Sports,14.39
U_03069,2025-07-04,Toys,8.63
U_03069,2025-07-18,Toys,14.68
U_03069,2025-09-26,Toys,35.35
U_03070,2025-07-14,Home,81.65
U_03070,2025-07-17,Home,47.58
U_03070,2025-07-24,Home,31.5
U_03071,2025-08-13,Books,52.18
U_03071,2025-10-20,Home,37.31
U_03071,2025-10-28,Grocery,33.12
U_03072,2025-08-19,Electronics,80.23
U_03075,2025-07-30,Fashion,17.65
U_03075,2025-08-15,Fashion,46.21
U_03075,2025-09-10,Fashion,8.09
U_03075,2025-10-09,Toys,11.75
U_03075,2025-11-13,Beauty,12.39
U_03075,2025-12-24,Fashion,54.33
U_03076,2025-08-16,Electronics,43.68
U_03076,2025-09-15,Electronics,16.24
U_03077,2025-12-07,Toys,25.92
U_03078,2025-08-18,Grocery,81.46
U_03078,2025-09-05,Books,171.21
U_03078,2025-12-01,Books,124.18
U_03078,2025-12-07,Books,23.01
U_03079,2025-09-07,Books,15.87
U_03080,2025-08-23,Toys,90.49
U_03080,2025-09-21,Toys,100.36
U_03080,2025-12-19,Beauty,55.23
U_03081,2025-09-12,Beauty,115.89
U_03081,2025-09-28,Beauty,57.82
U_03081,2025-10-09,Beauty,34.98
U_03081,2025-11-05,Beauty,179.74
U_03081,2025-11-10,Beauty,295.88
U_03081,2025-11-20,Electronics,103.13
U_03081,2025-12-20,Beauty,208.01
U_03081,2025-12-28,Beauty,229.95
U_03082,2025-07-23,Electronics,16.34
U_03082,2025-10-29,Toys,27.78
U_03083,2025-08-01,Sports,11.39
U_03084,2025-07-06,Fashion,143.06
U_03084,2025-07-15,Sports,49.98
U_03084,2025-07-24,Fashion,116.06
U_03084,2025-08-30,Fashion,30.08
U_03084,2025-09-22,Fashion,73.99
U_03084,2025-10-10,Fashion,75.48
U_03084,2025-10-12,Fashion,107.61
U_03084,2025-11-13,Fashion,64.19
U_03084,2025-11-15,Fashion,116.68
U_03084,2025-11-28,Fashion,40.32
U_03087,2025-07-27,Books,53.61
U_03087,2025-09-27,Books,19.46
U_03087,2025-10-28,Books,23.49
U_03087,2025-12-26,Books,38.03
U_03088,2025-07-24,Sports,20.1
U_03088,2025-08-16,Sports,10.8
U_03089,2025-08-06,Books,62.46
U_03089,2025-08-11,Books,48.41
U_03089,2025-08-28,Books,106.96
U_03090,2025-08-08,Toys,22.69
U_03090,2025-08-13,Fashion,89.77
U_03091,2025-08-16,Books,17.51
U_03092,2025-07-22,Grocery,59.77
U_03092,2025-10-06,Fashion,34.0
U_03092,2025-10-13,Grocery,57.62
U_03092,2025-10-25,Beauty,48.26
U_03093,2025-07-08,Grocery,80.86
U_03095,2025-09-15,Grocery,57.66
U_03096,2025-09-28,Sports,51.63
U_03097,2025-08-14,Toys,48.59
U_03097,2025-08-16,Toys,67.34
U_03097,2025-08-29,Toys,10.96
U_03097,2025-09-20,Toys,11.69
U_03097,2025-10-19,Toys,55.27
U_03099,2025-07-30,Sports,105.62
U_03099,2025-08-01,Sports,80.77
U_03099,2025-10-06,Fashion,89.31
U_03099,2025-10-09,Toys,104.31
U_03099,2025-10-22,Fashion,153.05
U_03099,2025-12-12,Sports,8.91
U_03100,2025-09-15,Fashion,50.77
U_03100,2025-09-18,Toys,42.16
U_03102,2025-07-07,Toys,27.68
U_03102,2025-08-26,Electronics,50.45
U_03102,2025-09-21,Electronics,55.67
U_03102,2025-12-27,Home,35.92
U_03103,2025-07-13,Electronics,116.68
U_03103,2025-07-30,Grocery,272.76
U_03103,2025-07-31,Home,64.36
U_03103,2025-08-02,Sports,49.21
U_03103,2025-08-09,Electronics,52.46
U_03103,2025-08-18,Home,243.87
U_03103,2025-10-03,Home,60.32
U_03103,2025-10-13,Beauty,131.9
U_03103,2025-10-23,Home,150.87
U_03103,2025-10-24,Home,177.8
U_03103,2025-11-02,Home,204.02
U_03103,2025-11-28,Toys,43.95
U_03103,2025-12-17,Home,60.32
U_03104,2025-07-17,Electronics,100.94
U_03104,2025-07-25,Electronics,179.43
U_03105,2025-07-22,Toys,50.09
U_03105,2025-11-02,Toys,20.23
U_03105,2025-12-01,Toys,61.95
U_03106,2025-08-16,Fashion,12.59
U_03107,2025-08-13,Fashion,11.15
U_03107,2025-09-05,Fashion,30.96
U_03109,2025-08-30,Electronics,96.72
U_03109,2025-09-18,Books,39.3
U_03112,2025-07-07,Fashion,61.34
U_03112,2025-07-15,Fashion,12.64
U_03112,2025-09-18,Home,11.6
U_03112,2025-10-17,Fashion,12.36
U_03112,2025-11-23,Home,93.69
U_03113,2025-07-13,Beauty,111.27
U_03113,2025-08-08,Books,33.21
U_03113,2025-08-28,Electronics,9.43
U_03113,2025-09-23,Books,26.1
U_03113,2025-10-11,Toys,46.91
U_03113,2025-10-21,Books,93.03
U_03113,2025-12-15,Books,32.57
U_03113,2025-12-16,Books,64.04
U_03114,2025-08-07,Grocery,43.99
U_03114,2025-09-22,Grocery,20.32
U_03114,2025-10-03,Grocery,70.4
U_03114,2025-11-26,Home,74.46
U_03115,2025-08-27,Fashion,5.99
U_03116,2025-11-02,Electronics,41.54
U_03116,2025-12-24,Electronics,34.23
U_03117,2025-07-11,Beauty,43.53
U_03117,2025-07-26,Beauty,52.07
U_03117,2025-10-12,Beauty,100.21
U_03118,2025-10-23,Home,106.36
U_03119,2025-10-14,Books,39.77
U_03120,2025-08-27,Sports,67.31
U_03120,2025-10-11,Books,97.37
U_03120,2025-12-15,Books,19.55
U_03121,2025-08-26,Sports,6.97
U_03121,2025-11-16,Electronics,17.07
U_03121,2025-12-13,Home,21.23
U_03121,2025-12-19,Home,42.71
U_03122,2025-07-14,Toys,39.17
U_03122,2025-08-13,Grocery,20.5
U_03122,2025-08-23,Grocery,31.88
U_03123,2025-08-06,Electronics,48.26
U_03123,2025-08-09,Electronics,40.17
U_03123,2025-08-12,Electronics,14.21
U_03123,2025-09-11,Sports,8.05
U_03123,2025-10-16,Sports,29.73
U_03124,2025-08-12,Electronics,26.31
U_03124,2025-10-18,Beauty,31.08
U_03125,2025-08-12,Home,86.67
U_03126,2025-07-18,Beauty,38.95
U_03126,2025-08-17,Beauty,34.65
U_03126,2025-08-21,Beauty,50.65
U_03126,2025-09-09,Beauty,16.18
U_03127,2025-07-23,Home,60.51
U_03127,2025-08-11,Home,98.25
U_03127,2025-08-21,Home,37.93
U_03127,2025-10-15,Fashion,88.45
U_03127,2025-12-14,Beauty,73.27
U_03130,2025-07-10,Books,193.95
U_03130,2025-07-26,Books,201.8
U_03130,2025-08-19,Toys,123.88
U_03130,2025-09-04,Books,54.43
U_03130,2025-10-04,Sports,75.05
U_03130,2025-10-11,Sports,142.58
U_03130,2025-11-10,Sports,141.52
U_03132,2025-09-04,Home,30.73
U_03133,2025-11-05,Fashion,8.76
U_03134,2025-07-07,Electronics,129.24
U_03134,2025-07-09,Toys,39.17
U_03134,2025-07-20,Grocery,82.24
U_03134,2025-09-14,Beauty,23.96
U_03134,2025-10-27,Grocery,60.05
U_03134,2025-10-28,Electronics,216.24
U_03135,2025-11-02,Electronics,442.36
U_03136,2025-09-11,Books,82.98
U_03136,2025-12-21,Books,41.99
U_03137,2025-08-05,Sports,34.13
U_03138,2025-08-02,Home,65.14
U_03138,2025-10-25,Home,46.75
U_03139,2025-07-14,Fashion,62.45
U_03139,2025-07-16,Sports,160.56
U_03139,2025-08-18,Sports,45.12
U_03139,2025-09-14,Beauty,58.59
U_03139,2025-12-14,Sports,22.57
U_03140,2025-07-11,Grocery,67.45
U_03140,2025-08-14,Grocery,107.49
U_03140,2025-08-26,Grocery,70.29
U_03140,2025-10-01,Grocery,15.54
U_03140,2025-12-17,Grocery,16.28
U_03142,2025-07-07,Fashion,8.58
U_03142,2025-10-16,Beauty,45.04
U_03144,2025-07-24,Books,21.51
U_03144,2025-10-22,Grocery,15.75
U_03145,2025-07-14,Toys,92.41
U_03145,2025-09-03,Toys,30.73
U_03145,2025-10-03,Electronics,44.02
U_03145,2025-11-29,Toys,34.6
U_03145,2025-12-18,Home,30.65
U_03145,2025-12-25,Toys,30.27
U_03146,2025-09-13,Fashion,101.81
U_03147,2025-09-15,Grocery,113.14
U_03147,2025-09-26,Fashion,54.06
U_03150,2025-08-07,Sports,31.43
U_03151,2025-11-18,Fashion,26.0
U_03151,2025-12-24,Fashion,57.03
U_03153,2025-07-19,Books,28.78
U_03153,2025-07-31,Books,66.49
U_03153,2025-08-24,Books,43.98
U_03153,2025-08-27,Books,568.36
U_03153,2025-10-05,Books,78.13
U_03154,2025-08-05,Toys,124.82
U_03154,2025-09-16,Toys,218.82
U_03155,2025-07-21,Home,14.72
U_03155,2025-09-06,Home,16.4
U_03156,2025-11-23,Toys,81.81
U_03157,2025-07-22,Books,58.81
U_03158,2025-10-04,Grocery,13.05
U_03158,2025-10-31,Beauty,72.64
U_03159,2025-07-22,Sports,108.97
U_03159,2025-08-10,Sports,48.17
U_03159,2025-09-14,Sports,9.13
U_03159,2025-09-22,Sports,132.12
U_03159,2025-11-16,Sports,109.61
U_03159,2025-11-25,Sports,156.18
U_03160,2025-07-08,Sports,37.37
U_03160,2025-09-02,Sports,85.7
U_03160,2025-09-25,Sports,37.74
U_03160,2025-09-27,Fashion,262.7
U_03160,2025-11-11,Sports,94.56
U_03160,2025-11-17,Sports,33.87
U_03160,2025-11-18,Sports,33.25
U_03160,2025-12-12,Grocery,89.63
U_03162,2025-07-30,Home,34.78
U_03162,2025-08-23,Home,127.62
U_03162,2025-10-14,Home,56.7
U_03162,2025-12-04,Home,91.78
U_03163,2025-08-16,Books,58.44
U_03163,2025-11-15,Toys,49.89
U_03163,2025-11-19,Books,14.98
U_03164,2025-11-09,Home,77.07
U_03164,2025-11-11,Books,50.31
U_03165,2025-10-10,Fashion,15.6
U_03165,2025-11-09,Fashion,94.83
U_03165,2025-11-19,Fashion,31.5
U_03165,2025-12-22,Fashion,24.54
U_03166,2025-07-14,Fashion,112.61
U_03166,2025-07-29,Home,19.6
U_03166,2025-08-30,Fashion,72.96
U_03166,2025-09-01,Fashion,45.24
U_03166,2025-09-23,Fashion,59.17
U_03166,2025-10-09,Home,27.2
U_03166,2025-10-20,Fashion,16.79
U_03166,2025-11-29,Grocery,45.36
U_03168,2025-09-23,Grocery,63.77
U_03168,2025-10-09,Home,7.29
U_03169,2025-11-26,Home,15.94
U_03170,2025-07-04,Home,27.09
U_03170,2025-11-27,Home,103.69
U_03170,2025-12-20,Home,67.45
U_03171,2025-07-16,Home,97.65
U_03171,2025-08-25,Home,64.34
U_03171,2025-08-30,Grocery,50.5
U_03171,2025-09-28,Home,23.32
U_03171,2025-10-04,Home,71.34
U_03171,2025-11-19,Home,275.1
U_03171,2025-11-27,Electronics,45.73
U_03172,2025-07-30,Home,14.94
U_03172,2025-09-30,Home,24.08
U_03172,2025-11-07,Home,23.12
U_03172,2025-12-05,Home,45.4
U_03173,2025-07-12,Electronics,19.53
U_03174,2025-07-07,Electronics,69.38
U_03174,2025-07-19,Electronics,17.17
U_03174,2025-08-24,Electronics,30.9
U_03174,2025-08-30,Electronics,30.67
U_03174,2025-09-26,Electronics,105.13
U_03176,2025-07-20,Electronics,35.18
U_03176,2025-08-15,Electronics,38.37
U_03176,2025-10-20,Electronics,98.0
U_03178,2025-07-19,Books,9.28
U_03180,2025-07-22,Grocery,19.82
U_03180,2025-07-26,Grocery,56.91
U_03180,2025-09-13,Electronics,45.23
U_03180,2025-09-19,Electronics,54.57
U_03180,2025-10-07,Grocery,30.43
U_03180,2025-11-08,Grocery,27.25
U_03180,2025-12-24,Grocery,58.26
U_03181,2025-11-16,Sports,51.12
U_03183,2025-10-19,Sports,23.4
U_03184,2025-07-28,Books,71.77
U_03184,2025-08-10,Books,32.04
U_03184,2025-08-29,Grocery,55.59
U_03184,2025-09-04,Grocery,56.68
U_03184,2025-09-27,Fashion,170.35
U_03184,2025-10-13,Books,127.7
U_03184,2025-10-18,Home,9.45
U_03184,2025-11-27,Fashion,45.09
U_03185,2025-10-27,Toys,63.69
U_03185,2025-12-20,Sports,11.57
U_03186,2025-08-30,Electronics,32.75
U_03186,2025-09-28,Electronics,31.15
U_03186,2025-10-24,Electronics,32.74
U_03189,2025-08-31,Sports,7.16
U_03189,2025-12-03,Sports,9.03
U_03190,2025-10-03,Grocery,28.06
U_03193,2025-07-28,Toys,39.69
U_03193,2025-08-27,Grocery,33.65
U_03194,2025-07-06,Home,106.68
U_03194,2025-07-08,Toys,242.38
U_03194,2025-08-10,Toys,223.46
U_03194,2025-09-11,Toys,138.54
U_03195,2025-09-25,Beauty,163.36
U_03195,2025-12-22,Home,70.59
U_03196,2025-08-04,Electronics,74.39
U_03196,2025-10-25,Electronics,54.91
U_03196,2025-11-10,Grocery,75.71
U_03197,2025-08-28,Books,24.64
U_03198,2025-10-07,Toys,28.18
U_03200,2025-08-12,Toys,35.09
U_03200,2025-08-22,Grocery,16.19
U_03200,2025-09-18,Grocery,52.01
U_03201,2025-09-06,Grocery,51.35
U_03202,2025-09-01,Beauty,13.55
U_03203,2025-07-11,Toys,157.11
U_03203,2025-07-22,Toys,40.85
U_03203,2025-09-05,Toys,52.0
U_03203,2025-09-24,Beauty,88.28
U_03203,2025-10-05,Sports,45.32
U_03203,2025-11-30,Beauty,8.47
U_03203,2025-12-01,Toys,36.67
U_03204,2025-09-11,Toys,60.32
U_03204,2025-10-29,Toys,79.24
U_03205,2025-10-20,Toys,95.76
U_03205,2025-10-24,Beauty,76.68
U_03205,2025-11-02,Beauty,143.82
U_03205,2025-12-10,Beauty,85.02
U_03206,2025-07-04,Electronics,323.79
U_03206,2025-07-28,Books,90.45
U_03206,2025-08-19,Electronics,20.51
U_03206,2025-08-22,Electronics,208.82
U_03206,2025-09-15,Electronics,69.49
U_03206,2025-09-24,Fashion,310.8
U_03206,2025-10-28,Electronics,24.41
U_03206,2025-11-14,Electronics,81.43
U_03206,2025-12-12,Beauty,199.83
U_03207,2025-07-07,Home,138.87
U_03207,2025-07-27,Books,95.01
U_03207,2025-08-01,Books,183.68
U_03207,2025-08-05,Books,39.32
U_03207,2025-08-07,Books,76.68
U_03207,2025-08-12,Home,31.81
U_03207,2025-08-30,Books,152.1
U_03207,2025-09-14,Grocery,69.23
U_03207,2025-09-23,Home,43.59
U_03207,2025-12-08,Books,52.76
U_03207,2025-12-29,Books,150.65
U_03208,2025-07-07,Toys,82.25
U_03208,2025-09-23,Toys,81.29
U_03208,2025-11-04,Toys,29.33
U_03208,2025-12-04,Toys,29.98
U_03209,2025-09-05,Beauty,106.6
U_03211,2025-08-26,Grocery,41.66
U_03211,2025-10-09,Beauty,97.34
U_03212,2025-08-25,Grocery,30.62
U_03212,2025-12-27,Fashion,55.81
U_03213,2025-09-04,Beauty,35.43
U_03213,2025-11-03,Beauty,11.07
U_03213,2025-11-26,Home,65.24
U_03214,2025-07-07,Toys,11.92
U_03214,2025-12-06,Beauty,17.4
U_03215,2025-07-28,Home,60.83
U_03216,2025-08-28,Electronics,46.61
U_03218,2025-10-25,Toys,7.95
U_03219,2025-07-15,Sports,39.63
U_03219,2025-07-18,Fashion,37.39
U_03219,2025-09-26,Fashion,14.6
U_03219,2025-11-24,Fashion,24.43
U_03221,2025-08-01,Sports,27.49
U_03221,2025-10-08,Sports,51.99
U_03224,2025-07-27,Home,55.21
U_03224,2025-08-10,Fashion,34.58
U_03224,2025-10-20,Grocery,163.41
U_03224,2025-10-23,Beauty,72.84
U_03225,2025-08-03,Sports,52.02
U_03225,2025-08-18,Fashion,13.58
U_03225,2025-11-08,Sports,36.12
U_03227,2025-09-14,Home,8.65
U_03228,2025-07-29,Home,56.23
U_03228,2025-07-30,Home,8.17
U_03230,2025-08-18,Sports,12.23
U_03231,2025-07-10,Sports,70.82
U_03231,2025-09-30,Sports,52.67
U_03231,2025-10-30,Sports,93.74
U_03232,2025-09-12,Fashion,61.65
U_03232,2025-10-27,Fashion,58.52
U_03232,2025-12-03,Fashion,23.64
U_03233,2025-07-26,Books,33.05
U_03233,2025-09-19,Books,61.73
U_03233,2025-11-02,Books,31.57
U_03234,2025-08-03,Sports,34.34
U_03234,2025-10-20,Fashion,28.77
U_03234,2025-12-14,Sports,76.32
U_03235,2025-07-07,Fashion,106.82
U_03235,2025-07-17,Fashion,25.15
U_03235,2025-09-21,Fashion,20.67
U_03236,2025-07-05,Home,10.74
U_03237,2025-08-22,Grocery,48.53
U_03238,2025-07-23,Toys,27.11
U_03238,2025-07-29,Sports,13.82
U_03238,2025-09-18,Fashion,39.93
U_03238,2025-11-12,Home,145.23
U_03239,2025-09-16,Books,68.44
U_03240,2025-07-06,Home,159.86
U_03240,2025-08-08,Home,120.02
U_03240,2025-08-13,Home,50.46
U_03240,2025-08-28,Home,33.18
U_03240,2025-08-31,Home,48.34
U_03240,2025-10-02,Home,131.7
U_03240,2025-10-06,Home,116.78
U_03243,2025-07-15,Toys,10.94
U_03243,2025-09-22,Sports,32.0
U_03243,2025-10-15,Toys,10.3
U_03243,2025-10-19,Fashion,23.1
U_03244,2025-08-20,Electronics,6.59
U_03244,2025-10-23,Beauty,16.9
U_03249,2025-09-22,Sports,9.14
U_03249,2025-12-30,Sports,9.26
U_03250,2025-07-15,Electronics,288.3
U_03250,2025-07-24,Beauty,18.27
U_03250,2025-07-28,Sports,22.37
U_03250,2025-09-12,Electronics,77.35
U_03250,2025-09-14,Electronics,89.17
U_03250,2025-09-17,Electronics,205.17
U_03250,2025-09-19,Beauty,16.49
U_03250,2025-09-22,Electronics,31.49
U_03250,2025-09-27,Electronics,43.46
U_03250,2025-11-19,Fashion,40.66
U_03250,2025-12-05,Electronics,22.31
U_03251,2025-09-29,Fashion,73.42
U_03252,2025-09-28,Toys,20.24
U_03255,2025-08-25,Toys,23.97
U_03256,2025-07-12,Grocery,91.39
U_03256,2025-08-18,Beauty,75.76
U_03256,2025-10-10,Beauty,25.16
U_03256,2025-10-13,Sports,94.29
U_03256,2025-11-09,Beauty,53.6
U_03257,2025-10-07,Fashion,66.97
U_03258,2025-10-02,Grocery,70.97
U_03258,2025-10-09,Grocery,44.71
U_03258,2025-11-17,Grocery,66.2
U_03258,2025-12-21,Grocery,44.39
U_03260,2025-08-17,Electronics,14.57
U_03260,2025-09-01,Toys,17.01
U_03260,2025-10-06,Electronics,37.59
U_03260,2025-10-16,Electronics,50.15
U_03261,2025-07-08,Electronics,31.04
U_03261,2025-07-28,Books,16.49
U_03261,2025-08-14,Toys,30.96
U_03261,2025-08-15,Books,45.34
U_03261,2025-08-31,Books,22.02
U_03262,2025-07-15,Electronics,50.65
U_03263,2025-09-05,Grocery,24.14
U_03265,2025-10-26,Fashion,36.6
U_03266,2025-08-07,Toys,14.26
U_03266,2025-08-16,Grocery,17.96
U_03267,2025-11-03,Electronics,60.32
U_03267,2025-12-14,Electronics,36.72
U_03267,2025-12-17,Electronics,19.96
U_03268,2025-10-22,Beauty,33.46
U_03268,2025-11-08,Grocery,125.15
U_03269,2025-07-17,Toys,100.96
U_03269,2025-08-24,Fashion,26.32
U_03270,2025-10-28,Fashion,111.83
U_03270,2025-12-01,Books,38.35
U_03270,2025-12-02,Toys,61.66
U_03271,2025-07-30,Beauty,37.88
U_03272,2025-07-25,Toys,37.75
U_03272,2025-10-27,Grocery,64.14
U_03273,2025-07-09,Grocery,33.37
U_03273,2025-08-11,Fashion,27.63
U_03273,2025-12-01,Fashion,45.55
U_03273,2025-12-08,Fashion,69.63
U_03274,2025-09-09,Books,65.97
U_03274,2025-10-03,Books,18.57
U_03274,2025-12-16,Books,20.85
U_03275,2025-07-09,Toys,217.25
U_03275,2025-07-31,Toys,75.62
U_03275,2025-08-23,Toys,65.55
U_03275,2025-10-11,Toys,38.86
U_03275,2025-10-30,Toys,85.01
U_03275,2025-11-04,Toys,119.05
U_03275,2025-11-27,Toys,57.67
U_03275,2025-12-06,Toys,120.33
U_03275,2025-12-29,Home,102.01
U_03275,2025-12-30,Toys,149.3
U_03277,2025-07-18,Electronics,140.47
U_03277,2025-09-03,Electronics,209.22
U_03278,2025-09-10,Home,58.83
U_03279,2025-10-18,Fashion,18.81
U_03280,2025-08-15,Electronics,15.29
U_03280,2025-08-22,Home,56.19
U_03281,2025-07-19,Electronics,60.82
U_03282,2025-08-27,Grocery,60.86
U_03282,2025-09-23,Grocery,130.64
U_03282,2025-12-02,Grocery,108.17
U_03282,2025-12-16,Grocery,27.41
U_03282,2025-12-17,Grocery,140.11
U_03283,2025-07-18,Electronics,27.17
U_03283,2025-08-09,Grocery,13.05
U_03283,2025-09-06,Electronics,17.0
U_03283,2025-09-10,Grocery,41.0
U_03283,2025-10-05,Grocery,17.39
U_03284,2025-07-15,Fashion,99.78
U_03284,2025-08-17,Toys,112.21
U_03284,2025-09-05,Electronics,36.83
U_03284,2025-09-22,Home,33.42
U_03284,2025-09-29,Electronics,54.53
U_03284,2025-12-13,Electronics,17.02
U_03285,2025-07-30,Home,9.04
U_03286,2025-08-02,Home,14.36
U_03286,2025-08-06,Grocery,46.12
U_03286,2025-08-17,Home,26.4
U_03287,2025-08-23,Beauty,19.79
U_03287,2025-09-13,Beauty,35.79
U_03288,2025-07-12,Books,23.69
U_03288,2025-09-23,Beauty,134.73
U_03288,2025-10-30,Beauty,166.87
U_03289,2025-09-28,Fashion,93.76
U_03289,2025-11-19,Fashion,105.25
U_03289,2025-12-10,Fashion,93.57
U_03290,2025-08-28,Sports,12.2
U_03291,2025-07-06,Sports,86.06
U_03291,2025-08-06,Beauty,75.4
U_03291,2025-10-17,Sports,17.23
U_03291,2025-10-21,Sports,43.47
U_03291,2025-10-22,Sports,54.55
U_03291,2025-12-29,Sports,16.88
U_03292,2025-07-05,Sports,52.98
U_03293,2025-08-29,Home,64.17
U_03295,2025-12-27,Electronics,42.41
U_03297,2025-09-04,Electronics,19.95
U_03297,2025-10-24,Grocery,56.66
U_03297,2025-12-02,Grocery,112.41
U_03298,2025-10-21,Beauty,40.35
U_03300,2025-07-23,Fashion,39.37
U_03300,2025-09-30,Home,23.39
U_03301,2025-07-05,Beauty,27.95
U_03301,2025-07-13,Beauty,36.57
U_03301,2025-07-23,Beauty,15.94
U_03301,2025-07-27,Beauty,35.12
U_03301,2025-11-29,Beauty,37.03
U_03304,2025-08-08,Electronics,54.05
U_03304,2025-08-12,Electronics,71.92
U_03304,2025-09-13,Electronics,127.96
U_03305,2025-11-02,Electronics,12.58
U_03306,2025-07-15,Electronics,28.58
U_03309,2025-07-13,Toys,26.36
U_03310,2025-07-29,Toys,41.4
U_03310,2025-09-08,Grocery,119.38
U_03311,2025-07-06,Electronics,16.47
U_03311,2025-09-21,Electronics,17.76
U_03311,2025-12-10,Electronics,15.57
U_03312,2025-07-08,Grocery,35.78
U_03312,2025-07-11,Grocery,17.25
U_03312,2025-07-20,Grocery,37.84
U_03312,2025-08-01,Home,92.68
U_03312,2025-08-08,Grocery,75.15
U_03312,2025-09-04,Grocery,128.45
U_03312,2025-09-09,Grocery,15.92
U_03312,2025-10-08,Grocery,167.7
U_03312,2025-10-22,Grocery,104.58
U_03313,2025-07-11,Books,43.06
U_03313,2025-07-20,Books,38.85
U_03313,2025-08-24,Books,13.4
U_03313,2025-08-25,Books,81.67
U_03313,2025-12-24,Sports,14.29
U_03314,2025-11-20,Electronics,5.94
U_03315,2025-08-17,Fashion,32.74
U_03315,2025-08-31,Fashion,12.98
U_03316,2025-07-27,Fashion,57.54
U_03316,2025-08-16,Fashion,13.91
U_03317,2025-07-12,Fashion,48.29
U_03317,2025-07-31,Fashion,103.46
U_03317,2025-10-16,Fashion,45.15
U_03319,2025-08-11,Home,17.16
U_03319,2025-09-15,Home,36.74
U_03319,2025-12-19,Home,18.02
U_03320,2025-10-18,Grocery,38.76
U_03321,2025-08-14,Beauty,23.35
U_03322,2025-08-18,Fashion,194.65
U_03322,2025-10-13,Fashion,78.72
U_03322,2025-12-16,Fashion,66.04
U_03323,2025-09-06,Fashion,23.09
U_03324,2025-09-09,Home,52.0
U_03324,2025-10-21,Home,21.66
U_03326,2025-09-07,Beauty,18.42
U_03328,2025-07-14,Sports,35.93
U_03328,2025-10-24,Toys,10.23
U_03329,2025-10-20,Grocery,76.88
U_03329,2025-10-24,Toys,137.69
U_03331,2025-08-15,Fashion,34.26
U_03331,2025-08-23,Fashion,12.74
U_03331,2025-12-28,Fashion,29.62
U_03332,2025-09-04,Beauty,37.73
U_03332,2025-10-06,Sports,19.86
U_03332,2025-11-26,Home,68.91
U_03332,2025-12-10,Books,35.83
U_03333,2025-07-26,Electronics,32.18
U_03333,2025-11-13,Electronics,38.21
U_03333,2025-12-26,Electronics,21.07
U_03334,2025-08-15,Books,83.7
U_03334,2025-09-08,Sports,161.46
U_03335,2025-07-07,Books,29.84
U_03335,2025-08-08,Books,122.74
U_03335,2025-08-25,Books,73.42
U_03335,2025-11-04,Books,132.1
U_03335,2025-11-22,Books,64.75
U_03335,2025-12-10,Books,23.06
U_03335,2025-12-26,Books,150.07
U_03336,2025-07-07,Sports,34.01
U_03336,2025-07-30,Sports,43.49
U_03337,2025-07-17,Beauty,28.97
U_03337,2025-07-20,Home,21.5
U_03337,2025-09-20,Beauty,25.77
U_03338,2025-09-13,Sports,18.22
U_03339,2025-07-21,Fashion,40.67
U_03339,2025-07-22,Toys,44.68
U_03339,2025-07-26,Fashion,33.53
U_03339,2025-08-03,Toys,6.65
U_03339,2025-09-10,Fashion,39.99
U_03339,2025-11-02,Toys,46.77
U_03339,2025-12-06,Fashion,29.74
U_03340,2025-07-15,Grocery,83.82
U_03340,2025-07-30,Grocery,35.52
U_03340,2025-08-20,Electronics,94.28
U_03340,2025-09-29,Electronics,30.21
U_03340,2025-10-05,Electronics,74.0
U_03340,2025-12-25,Grocery,100.21
U_03342,2025-09-30,Electronics,42.03
U_03342,2025-12-08,Electronics,33.51
U_03342,2025-12-25,Electronics,128.87
U_03343,2025-07-15,Books,137.63
U_03343,2025-09-08,Books,40.83
U_03344,2025-09-08,Beauty,62.89
U_03344,2025-10-12,Beauty,46.33
U_03344,2025-10-25,Electronics,40.61
U_03344,2025-11-17,Books,112.61
U_03344,2025-11-24,Books,67.6
U_03345,2025-07-26,Fashion,79.7
U_03345,2025-08-30,Fashion,137.44
U_03345,2025-09-04,Fashion,67.24
U_03345,2025-09-08,Fashion,118.76
U_03345,2025-10-15,Toys,138.54
U_03345,2025-10-26,Toys,16.92
U_03345,2025-12-08,Fashion,187.45
U_03345,2025-12-21,Fashion,196.2
U_03345,2025-12-25,Fashion,58.49
U_03346,2025-07-18,Home,51.5
U_03346,2025-07-26,Home,30.57
U_03346,2025-07-29,Fashion,48.81
U_03346,2025-09-02,Books,63.58
U_03346,2025-09-10,Home,20.61
U_03346,2025-09-29,Home,108.36
U_03346,2025-10-01,Home,19.45
U_03346,2025-10-27,Sports,28.03
U_03346,2025-11-30,Home,41.39
U_03346,2025-12-11,Home,91.54
U_03347,2025-07-23,Toys,50.6
U_03350,2025-12-23,Toys,67.14
U_03352,2025-07-05,Fashion,25.3
U_03352,2025-07-15,Home,146.05
U_03352,2025-07-17,Home,59.61
U_03352,2025-08-10,Home,65.94
U_03352,2025-10-03,Home,59.12
U_03352,2025-11-24,Home,110.8
U_03353,2025-09-28,Books,6.15
U_03354,2025-09-01,Home,17.62
U_03355,2025-08-03,Sports,45.18
U_03355,2025-10-04,Sports,19.98
U_03355,2025-10-10,Sports,34.73
U_03355,2025-10-24,Sports,26.81
U_03356,2025-08-29,Home,9.92
U_03356,2025-09-12,Home,58.08
U_03357,2025-08-04,Fashion,17.08
U_03358,2025-09-05,Sports,12.26
U_03358,2025-09-16,Sports,50.5
U_03359,2025-09-20,Toys,72.14
U_03359,2025-10-14,Grocery,109.87
U_03360,2025-07-26,Home,11.42
U_03360,2025-08-12,Beauty,34.93
U_03360,2025-08-18,Beauty,34.44
U_03360,2025-09-01,Beauty,8.19
U_03360,2025-09-21,Fashion,40.93
U_03363,2025-09-12,Books,27.93
U_03363,2025-10-10,Books,23.8
U_03363,2025-12-06,Books,12.93
U_03364,2025-08-04,Beauty,23.29
U_03364,2025-08-17,Beauty,18.67
U_03365,2025-07-10,Toys,25.67
U_03365,2025-07-24,Fashion,51.05
U_03365,2025-08-25,Books,44.1
U_03365,2025-11-08,Books,67.27
U_03366,2025-08-15,Books,34.4
U_03366,2025-10-22,Books,22.76
U_03367,2025-07-09,Sports,46.72
U_03367,2025-08-04,Books,46.19
U_03367,2025-08-22,Sports,22.6
U_03367,2025-09-05,Beauty,26.73
U_03367,2025-10-11,Sports,23.86
U_03367,2025-10-12,Sports,40.42
U_03367,2025-10-24,Sports,22.92
U_03368,2025-09-09,Electronics,49.28
U_03369,2025-08-25,Grocery,36.86
U_03370,2025-09-18,Fashion,79.99
U_03370,2025-10-31,Fashion,15.76
U_03370,2025-12-05,Fashion,64.79
U_03372,2025-09-04,Home,36.9
U_03372,2025-09-12,Home,60.37
U_03373,2025-07-11,Fashion,183.62
U_03373,2025-08-20,Fashion,142.14
U_03373,2025-08-30,Fashion,173.06
U_03373,2025-09-18,Fashion,139.6
U_03373,2025-09-28,Fashion,54.68
U_03373,2025-10-08,Fashion,117.87
U_03373,2025-10-21,Toys,60.76
U_03373,2025-10-28,Fashion,70.38
U_03373,2025-11-09,Books,93.61
U_03373,2025-11-19,Toys,145.42
U_03373,2025-12-19,Fashion,60.2
U_03375,2025-09-25,Electronics,19.05
U_03375,2025-11-12,Electronics,57.33
U_03376,2025-07-13,Sports,119.28
U_03376,2025-07-23,Sports,54.7
U_03376,2025-07-31,Electronics,64.9
U_03376,2025-08-21,Home,24.12
U_03376,2025-09-01,Sports,112.04
U_03376,2025-11-16,Sports,38.84
U_03376,2025-11-26,Fashion,33.74
U_03376,2025-11-29,Fashion,119.73
U_03376,2025-12-02,Fashion,14.95
U_03378,2025-08-01,Grocery,46.97
U_03379,2025-07-05,Books,310.06
U_03379,2025-07-20,Books,139.46
U_03379,2025-07-24,Books,118.82
U_03379,2025-09-14,Books,42.47
U_03379,2025-10-06,Books,110.51
U_03381,2025-09-13,Home,56.77
U_03382,2025-07-24,Books,39.05
U_03382,2025-09-12,Books,53.35
U_03382,2025-09-16,Books,50.0
U_03382,2025-09-23,Books,41.2
U_03382,2025-11-30,Books,34.04
U_03382,2025-12-13,Books,75.53
U_03383,2025-08-23,Grocery,13.04
U_03385,2025-07-15,Home,52.59
U_03385,2025-07-22,Home,33.24
U_03385,2025-09-25,Home,51.98
U_03385,2025-10-11,Fashion,60.4
U_03385,2025-11-27,Beauty,12.07
U_03385,2025-12-11,Home,20.89
U_03385,2025-12-17,Home,24.03
U_03385,2025-12-21,Home,126.34
U_03385,2025-12-24,Home,31.19
U_03385,2025-12-28,Home,24.47
U_03385,2025-12-29,Home,81.43
U_03386,2025-07-12,Sports,11.69
U_03386,2025-09-22,Beauty,8.92
U_03387,2025-12-15,Toys,26.09
U_03388,2025-10-18,Books,65.61
U_03388,2025-12-16,Toys,12.21
U_03389,2025-07-18,Beauty,79.22
U_03389,2025-07-20,Beauty,109.92
U_03389,2025-08-13,Beauty,62.92
U_03389,2025-08-22,Beauty,37.54
U_03389,2025-08-23,Beauty,104.45
U_03389,2025-09-03,Beauty,51.63
U_03389,2025-09-20,Beauty,41.91
U_03389,2025-09-27,Beauty,278.03
U_03389,2025-11-07,Beauty,22.17
U_03389,2025-11-27,Beauty,42.83
U_03389,2025-12-03,Beauty,109.02
U_03389,2025-12-22,Beauty,92.84
U_03389,2025-12-24,Beauty,101.31
U_03390,2025-07-29,Books,12.16
U_03392,2025-09-27,Grocery,38.94
U_03393,2025-10-08,Beauty,151.78
U_03394,2025-07-14,Books,19.21
U_03394,2025-07-23,Books,42.67
U_03394,2025-08-29,Beauty,77.82
U_03394,2025-09-23,Books,59.15
U_03394,2025-11-27,Books,90.47
U_03395,2025-07-08,Fashion,61.2
U_03395,2025-10-03,Toys,33.44
U_03395,2025-10-10,Home,43.6
U_03396,2025-07-13,Grocery,30.72
U_03396,2025-07-25,Grocery,16.72
U_03397,2025-09-03,Books,39.28
U_03398,2025-07-28,Grocery,88.47
U_03398,2025-09-05,Home,74.43
U_03398,2025-09-19,Grocery,76.12
U_03399,2025-08-30,Home,21.23
U_03399,2025-09-20,Home,15.83
U_03400,2025-08-20,Grocery,47.85
U_03400,2025-09-16,Beauty,41.1
U_03400,2025-09-26,Beauty,15.78
U_03400,2025-11-17,Toys,27.44
U_03401,2025-08-29,Electronics,128.44
U_03401,2025-12-04,Electronics,27.77
U_03401,2025-12-23,Electronics,85.94
U_03402,2025-07-05,Grocery,192.12
U_03402,2025-07-16,Sports,64.24
U_03402,2025-07-29,Fashion,161.11
U_03402,2025-08-01,Books,165.96
U_03402,2025-08-03,Toys,42.75
U_03402,2025-08-04,Grocery,34.67
U_03402,2025-08-13,Grocery,66.8
U_03402,2025-08-23,Toys,92.22
U_03402,2025-09-07,Books,101.59
U_03402,2025-09-11,Grocery,204.85
U_03402,2025-09-27,Grocery,58.96
U_03402,2025-09-28,Home,68.33
U_03402,2025-10-05,Grocery,17.28
U_03402,2025-10-22,Grocery,156.57
U_03402,2025-10-26,Grocery,78.74
U_03402,2025-10-28,Grocery,42.12
U_03402,2025-10-31,Grocery,44.98
U_03402,2025-11-10,Grocery,54.42
U_03402,2025-12-23,Grocery,42.18
U_03403,2025-08-12,Electronics,58.59
U_03403,2025-10-08,Electronics,64.7
U_03403,2025-10-17,Electronics,70.38
U_03403,2025-11-22,Electronics,18.47
U_03403,2025-11-24,Electronics,74.16
U_03403,2025-11-25,Electronics,37.02
U_03404,2025-07-06,Toys,48.78
U_03404,2025-08-02,Fashion,41.5
U_03405,2025-12-27,Home,40.59
U_03406,2025-07-13,Sports,100.96
U_03406,2025-07-27,Sports,104.93
U_03406,2025-08-25,Sports,69.47
U_03406,2025-09-17,Sports,85.61
U_03406,2025-09-21,Sports,46.32
U_03406,2025-11-14,Sports,51.69
U_03406,2025-12-14,Home,67.01
U_03407,2025-10-05,Grocery,23.39
U_03408,2025-08-05,Home,133.39
U_03410,2025-07-08,Beauty,49.96
U_03410,2025-07-16,Beauty,32.63
U_03410,2025-07-18,Beauty,22.87
U_03410,2025-09-17,Beauty,87.14
U_03410,2025-11-28,Beauty,50.51
U_03411,2025-11-25,Beauty,29.09
U_03412,2025-07-17,Home,44.54
U_03412,2025-11-29,Home,90.08
U_03413,2025-09-09,Fashion,57.75
U_03415,2025-08-02,Fashion,56.82
U_03416,2025-10-02,Fashion,14.99
U_03417,2025-08-19,Beauty,110.53
U_03417,2025-08-27,Beauty,82.61
U_03417,2025-09-02,Beauty,54.48
U_03417,2025-09-03,Home,77.02
U_03417,2025-11-23,Sports,43.04
U_03417,2025-12-02,Beauty,158.37
U_03417,2025-12-08,Beauty,54.78
U_03418,2025-11-21,Grocery,17.45
U_03419,2025-08-26,Home,122.94
U_03419,2025-09-22,Electronics,66.86
U_03419,2025-12-06,Home,55.07
U_03420,2025-07-13,Grocery,66.89
U_03420,2025-10-29,Grocery,16.99
U_03420,2025-11-16,Toys,11.63
U_03422,2025-07-23,Grocery,57.03
U_03422,2025-07-28,Grocery,13.85
U_03424,2025-07-19,Home,46.66
U_03424,2025-09-02,Toys,34.47
U_03425,2025-07-27,Grocery,24.35
U_03425,2025-10-18,Books,26.14
U_03425,2025-12-14,Books,36.31
U_03426,2025-09-24,Toys,56.34
U_03427,2025-07-12,Books,10.93
U_03427,2025-09-29,Books,34.44
U_03428,2025-07-08,Home,31.54
U_03428,2025-08-14,Grocery,16.19
U_03428,2025-12-07,Books,76.53
U_03429,2025-07-04,Fashion,8.39
U_03429,2025-09-03,Fashion,22.71
U_03429,2025-09-22,Sports,23.36
U_03429,2025-10-09,Grocery,42.14
U_03429,2025-12-02,Fashion,35.37
U_03429,2025-12-09,Grocery,28.27
U_03432,2025-07-20,Grocery,46.88
U_03432,2025-09-19,Home,17.68
U_03432,2025-10-26,Grocery,17.2
U_03433,2025-09-06,Home,28.01
U_03433,2025-09-19,Home,23.12
U_03433,2025-09-24,Home,51.93
U_03433,2025-12-18,Home,10.85
U_03434,2025-08-12,Home,111.12
U_03434,2025-09-07,Beauty,9.04
U_03434,2025-09-16,Beauty,21.54
U_03435,2025-10-10,Grocery,64.03
U_03436,2025-09-12,Sports,59.75
U_03436,2025-09-17,Grocery,54.68
U_03436,2025-09-24,Sports,41.17
U_03436,2025-10-01,Sports,80.54
U_03436,2025-11-05,Fashion,19.48
U_03436,2025-11-24,Sports,106.15
U_03436,2025-12-25,Sports,23.1
U_03437,2025-08-21,Electronics,22.71
U_03438,2025-07-13,Home,141.96
U_03438,2025-08-04,Home,53.51
U_03438,2025-10-14,Home,24.13
U_03438,2025-11-17,Home,35.89
U_03438,2025-12-09,Home,183.82
U_03438,2025-12-27,Home,42.07
U_03439,2025-08-24,Grocery,56.62
U_03440,2025-12-27,Books,60.9
U_03441,2025-08-15,Beauty,27.17
U_03444,2025-07-05,Books,13.9
U_03444,2025-08-17,Toys,98.83
U_03444,2025-09-12,Toys,80.79
U_03445,2025-09-21,Electronics,18.78
U_03446,2025-08-04,Toys,43.41
U_03446,2025-08-14,Books,36.26
U_03446,2025-09-28,Home,29.46
U_03446,2025-10-04,Toys,38.06
U_03447,2025-08-17,Electronics,31.32
U_03447,2025-09-06,Electronics,22.19
U_03448,2025-10-23,Sports,107.32
U_03448,2025-12-15,Sports,63.29
U_03449,2025-08-03,Fashion,27.07
U_03449,2025-11-16,Fashion,27.09
U_03450,2025-08-10,Beauty,41.45
U_03450,2025-09-30,Beauty,66.77
U_03450,2025-11-20,Fashion,26.46
U_03450,2025-12-29,Beauty,114.25
U_03451,2025-07-11,Beauty,59.61
U_03451,2025-08-04,Beauty,22.75
U_03451,2025-11-02,Beauty,109.29
U_03452,2025-10-04,Sports,17.08
U_03452,2025-10-21,Home,17.9
U_03452,2025-10-22,Home,33.34
U_03452,2025-10-28,Sports,40.58
U_03452,2025-11-30,Sports,39.23
U_03453,2025-10-06,Electronics,11.06
U_03453,2025-10-19,Electronics,15.36
U_03454,2025-12-06,Grocery,29.42
U_03457,2025-07-18,Home,25.94
U_03457,2025-10-03,Books,37.69
U_03457,2025-10-11,Beauty,43.3
U_03463,2025-07-14,Sports,62.04
U_03463,2025-07-20,Sports,121.77
U_03463,2025-07-25,Electronics,77.44
U_03463,2025-07-27,Books,21.02
U_03463,2025-10-28,Grocery,17.64
U_03464,2025-07-24,Fashion,74.45
U_03464,2025-12-10,Sports,15.1
U_03467,2025-12-07,Toys,24.79
U_03468,2025-07-22,Toys,103.71
U_03468,2025-09-02,Toys,14.28
U_03468,2025-09-14,Toys,30.03
U_03469,2025-08-14,Books,113.35
U_03469,2025-08-26,Books,50.32
U_03469,2025-10-03,Books,56.58
U_03469,2025-11-06,Beauty,44.61
U_03470,2025-07-19,Beauty,10.92
U_03471,2025-08-06,Fashion,130.95
U_03471,2025-09-03,Sports,66.86
U_03471,2025-09-16,Fashion,66.11
U_03472,2025-09-17,Grocery,38.93
U_03473,2025-07-04,Beauty,32.03
U_03473,2025-08-27,Beauty,26.31
U_03474,2025-08-08,Electronics,93.02
U_03474,2025-09-13,Fashion,32.89
U_03474,2025-09-25,Beauty,17.7
U_03475,2025-08-02,Fashion,152.71
U_03475,2025-09-25,Fashion,9.3
U_03476,2025-10-01,Toys,21.71
U_03476,2025-11-16,Sports,61.72
U_03476,2025-11-30,Sports,98.57
U_03476,2025-12-24,Books,74.03
U_03476,2025-12-26,Sports,53.92
U_03477,2025-07-12,Grocery,96.32
U_03477,2025-07-26,Grocery,112.66
U_03477,2025-08-21,Grocery,155.3
U_03478,2025-07-04,Electronics,272.15
U_03478,2025-08-17,Sports,38.3
U_03478,2025-09-20,Electronics,94.15
U_03478,2025-09-23,Electronics,32.56
U_03478,2025-09-29,Electronics,224.12
U_03478,2025-11-10,Books,36.55
U_03478,2025-11-20,Electronics,84.45
U_03478,2025-12-04,Electronics,23.27
U_03478,2025-12-23,Electronics,114.52
U_03478,2025-12-24,Home,64.66
U_03479,2025-08-06,Beauty,21.65
U_03479,2025-09-24,Fashion,31.41
U_03480,2025-07-24,Electronics,10.24
U_03481,2025-07-30,Sports,22.93
U_03481,2025-08-21,Sports,43.27
U_03481,2025-08-24,Toys,180.65
U_03481,2025-10-22,Sports,92.76
U_03481,2025-11-08,Toys,71.58
U_03481,2025-11-12,Sports,46.89
U_03481,2025-12-10,Sports,27.24
U_03482,2025-09-08,Books,42.17
U_03482,2025-10-21,Home,35.46
U_03482,2025-11-05,Electronics,18.01
U_03484,2025-08-14,Sports,200.07
U_03484,2025-08-18,Sports,234.66
U_03484,2025-08-19,Fashion,46.52
U_03484,2025-10-08,Sports,43.0
U_03484,2025-10-27,Sports,92.94
U_03484,2025-11-06,Electronics,62.12
U_03487,2025-09-03,Sports,110.43
U_03487,2025-09-11,Home,162.4
U_03487,2025-10-11,Toys,74.09
U_03487,2025-10-14,Toys,43.21
U_03487,2025-11-10,Toys,37.34
U_03487,2025-12-01,Sports,65.0
U_03488,2025-08-31,Toys,42.7
U_03488,2025-10-17,Toys,19.5
U_03490,2025-07-18,Toys,55.85
U_03490,2025-12-15,Toys,75.54
U_03492,2025-07-09,Sports,138.03
U_03492,2025-07-24,Toys,12.19
U_03492,2025-07-28,Toys,30.17
U_03492,2025-10-15,Toys,161.85
U_03492,2025-10-25,Toys,87.34
U_03492,2025-10-30,Sports,68.65
U_03492,2025-11-13,Toys,50.21
U_03492,2025-11-28,Toys,395.04
U_03492,2025-12-01,Beauty,178.82
U_03495,2025-10-31,Toys,41.79
U_03495,2025-12-05,Toys,117.08
U_03496,2025-07-13,Fashion,25.63
U_03496,2025-07-21,Books,31.68
U_03496,2025-08-14,Grocery,30.68
U_03496,2025-09-04,Home,47.24
U_03497,2025-07-07,Grocery,189.65
U_03497,2025-07-20,Grocery,96.45
U_03497,2025-09-12,Grocery,157.98
U_03497,2025-10-10,Grocery,99.25
U_03497,2025-10-13,Grocery,30.25
U_03497,2025-10-26,Grocery,99.73
U_03497,2025-11-07,Grocery,187.56
U_03497,2025-11-15,Grocery,104.56
U_03497,2025-12-04,Grocery,41.53
U_03497,2025-12-19,Grocery,71.83
U_03498,2025-10-19,Sports,13.55
U_03498,2025-12-19,Sports,27.64
U_03499,2025-07-15,Sports,88.39
U_03499,2025-08-24,Sports,122.05
U_03499,2025-10-02,Sports,38.46
U_03499,2025-10-06,Sports,47.98
U_03500,2025-10-02,Fashion,53.82
U_03501,2025-10-18,Books,60.85
U_03501,2025-11-01,Books,132.1
U_03501,2025-11-25,Books,31.53
U_03501,2025-11-27,Books,20.51
U_03504,2025-11-21,Electronics,39.21
U_03504,2025-11-25,Electronics,9.23
U_03508,2025-07-07,Home,26.45
U_03510,2025-07-04,Beauty,30.56
U_03510,2025-08-17,Home,101.2
U_03510,2025-09-06,Fashion,39.41
U_03511,2025-08-29,Electronics,34.19
U_03511,2025-10-03,Electronics,21.87
U_03513,2025-07-15,Home,54.25
U_03513,2025-07-29,Toys,16.19
U_03513,2025-08-17,Toys,42.13
U_03513,2025-11-10,Beauty,23.65
U_03513,2025-11-19,Fashion,34.07
U_03516,2025-07-18,Grocery,41.93
U_03516,2025-08-04,Electronics,66.78
U_03516,2025-09-08,Electronics,55.35
U_03516,2025-09-15,Electronics,36.19
U_03516,2025-09-28,Electronics,32.61
U_03516,2025-10-28,Electronics,51.46
U_03516,2025-11-08,Electronics,55.3
U_03516,2025-11-27,Fashion,40.46
U_03516,2025-12-04,Electronics,108.16
U_03516,2025-12-09,Fashion,40.57
U_03517,2025-08-02,Sports,29.92
U_03517,2025-11-03,Sports,30.15
U_03518,2025-07-26,Toys,67.19
U_03518,2025-08-01,Home,132.87
U_03518,2025-08-11,Home,52.67
U_03519,2025-07-06,Fashion,24.5
U_03519,2025-08-06,Fashion,29.18
U_03519,2025-11-01,Fashion,73.41
U_03519,2025-12-20,Fashion,27.76
U_03520,2025-07-11,Books,17.63
U_03520,2025-09-14,Books,11.09
U_03523,2025-08-23,Books,13.0
U_03523,2025-11-22,Beauty,41.81
U_03523,2025-11-23,Books,32.26
U_03524,2025-10-04,Sports,87.98
U_03524,2025-11-02,Home,79.29
U_03525,2025-08-25,Beauty,103.46
U_03525,2025-09-04,Home,29.21
U_03525,2025-09-09,Home,118.89
U_03525,2025-09-13,Home,18.53
U_03525,2025-10-05,Home,70.48
U_03525,2025-10-21,Home,62.26
U_03525,2025-11-30,Grocery,97.49
U_03526,2025-07-27,Books,16.57
U_03526,2025-10-13,Grocery,44.21
U_03526,2025-10-22,Grocery,20.56
U_03526,2025-11-12,Books,11.59
U_03527,2025-08-27,Grocery,28.44
U_03528,2025-09-17,Books,46.48
U_03529,2025-12-27,Books,27.86
U_03530,2025-07-28,Beauty,102.36
U_03530,2025-09-12,Beauty,99.23
U_03530,2025-12-07,Beauty,42.16
U_03530,2025-12-29,Beauty,32.65
U_03531,2025-07-10,Toys,116.66
U_03531,2025-08-10,Sports,241.85
U_03531,2025-09-06,Home,26.19
U_03533,2025-08-22,Electronics,17.65
U_03533,2025-10-24,Beauty,27.02
U_03533,2025-12-08,Beauty,83.67
U_03535,2025-07-10,Toys,132.15
U_03535,2025-08-12,Toys,137.27
U_03535,2025-10-21,Home,180.24
U_03536,2025-07-12,Sports,16.21
U_03536,2025-07-26,Home,44.0
U_03536,2025-11-21,Fashion,76.6
U_03536,2025-12-30,Fashion,24.81
U_03538,2025-08-11,Grocery,43.96
U_03538,2025-08-29,Grocery,16.55
U_03538,2025-09-09,Grocery,26.08
U_03538,2025-09-25,Grocery,7.47
U_03538,2025-11-06,Fashion,41.68
U_03540,2025-08-02,Grocery,76.7
U_03540,2025-10-04,Grocery,31.06
U_03542,2025-07-11,Beauty,33.96
U_03543,2025-07-04,Books,87.45
U_03543,2025-10-09,Books,91.66
U_03543,2025-10-23,Books,105.64
U_03543,2025-12-16,Books,44.8
U_03544,2025-10-02,Beauty,33.04
U_03545,2025-08-09,Beauty,13.31
U_03545,2025-12-14,Sports,30.59
U_03547,2025-07-04,Grocery,292.31
U_03547,2025-08-15,Grocery,126.55
U_03547,2025-08-17,Grocery,177.61
U_03547,2025-08-22,Toys,148.23
U_03547,2025-10-19,Beauty,95.85
U_03548,2025-08-05,Home,73.91
U_03548,2025-08-09,Home,19.93
U_03548,2025-09-02,Home,117.97
U_03550,2025-07-14,Electronics,22.15
U_03550,2025-11-02,Books,233.1
U_03551,2025-10-20,Home,132.66
U_03551,2025-11-23,Home,27.75
U_03553,2025-09-16,Beauty,53.06
U_03553,2025-11-24,Home,24.58
U_03554,2025-08-05,Beauty,17.92
U_03554,2025-10-11,Beauty,13.91
U_03554,2025-10-24,Beauty,62.71
U_03554,2025-11-22,Home,78.69
U_03554,2025-12-18,Beauty,35.98
U_03554,2025-12-23,Electronics,20.97
U_03556,2025-07-06,Home,36.2
U_03559,2025-07-13,Home,19.98
U_03559,2025-07-18,Beauty,15.88
U_03559,2025-10-15,Home,15.19
U_03561,2025-11-11,Sports,33.39
U_03561,2025-12-17,Sports,79.34
U_03562,2025-12-08,Electronics,45.51
U_03563,2025-08-01,Grocery,41.57
U_03564,2025-08-06,Books,39.07
U_03565,2025-07-15,Electronics,30.89
U_03565,2025-08-12,Books,100.41
U_03565,2025-08-15,Books,91.11
U_03565,2025-08-19,Books,123.33
U_03565,2025-09-14,Beauty,15.61
U_03565,2025-09-24,Beauty,54.02
U_03565,2025-12-10,Books,94.74
U_03565,2025-12-29,Grocery,116.96
U_03567,2025-09-23,Fashion,93.11
U_03568,2025-10-26,Beauty,55.87
U_03568,2025-11-16,Toys,65.91
U_03571,2025-07-11,Fashion,77.85
U_03571,2025-08-18,Fashion,206.21
U_03571,2025-11-01,Fashion,18.78
U_03571,2025-12-15,Beauty,87.83
U_03572,2025-08-07,Grocery,51.67
U_03572,2025-09-12,Beauty,68.15
U_03572,2025-10-08,Grocery,86.18
U_03572,2025-10-22,Grocery,77.46
U_03572,2025-11-14,Fashion,50.58
U_03572,2025-12-25,Grocery,24.33
U_03573,2025-09-15,Toys,33.45
U_03573,2025-11-11,Toys,54.56
U_03574,2025-07-06,Grocery,21.94
U_03575,2025-08-18,Grocery,67.89
U_03577,2025-07-12,Toys,139.04
U_03577,2025-09-26,Toys,114.2
U_03578,2025-08-24,Home,76.89
U_03581,2025-08-08,Grocery,16.95
U_03581,2025-09-09,Beauty,38.17
U_03583,2025-07-09,Beauty,42.06
U_03583,2025-10-15,Beauty,21.18
U_03584,2025-09-12,Home,53.74
U_03584,2025-10-11,Grocery,46.88
U_03587,2025-07-22,Home,30.14
U_03587,2025-08-05,Sports,38.72
U_03588,2025-07-11,Grocery,17.85
U_03588,2025-07-16,Grocery,41.08
U_03588,2025-07-22,Home,175.13
U_03588,2025-09-04,Grocery,155.27
U_03590,2025-10-31,Toys,41.69
U_03591,2025-09-04,Toys,21.54
U_03591,2025-10-08,Beauty,20.49
U_03591,2025-10-25,Beauty,22.58
U_03592,2025-07-13,Beauty,259.86
U_03592,2025-07-14,Books,39.92
U_03592,2025-07-17,Electronics,22.81
U_03592,2025-08-06,Home,87.14
U_03592,2025-09-10,Home,44.67
U_03592,2025-09-23,Electronics,74.96
U_03592,2025-10-07,Toys,72.44
U_03592,2025-11-02,Home,74.82
U_03592,2025-12-16,Electronics,28.35
U_03592,2025-12-24,Electronics,125.7
U_03593,2025-07-07,Books,34.15
U_03594,2025-07-04,Electronics,45.27
U_03594,2025-09-19,Fashion,53.0
U_03595,2025-07-05,Sports,77.49
U_03595,2025-07-16,Books,76.71
U_03595,2025-08-18,Sports,141.75
U_03595,2025-09-01,Sports,47.3
U_03595,2025-10-30,Sports,30.06
U_03595,2025-11-26,Sports,34.71
U_03595,2025-12-04,Sports,95.75
U_03596,2025-07-09,Beauty,63.25
U_03596,2025-07-21,Beauty,28.2
U_03596,2025-07-23,Beauty,28.17
U_03596,2025-08-14,Beauty,16.24
U_03596,2025-09-21,Beauty,16.79
U_03597,2025-07-07,Fashion,63.92
U_03597,2025-09-21,Fashion,98.71
U_03597,2025-10-14,Sports,80.11
U_03597,2025-10-23,Fashion,208.12
U_03598,2025-08-12,Fashion,57.02
U_03599,2025-07-18,Toys,28.98
U_03600,2025-09-24,Beauty,15.66
U_03601,2025-09-14,Beauty,31.36
U_03602,2025-08-13,Beauty,43.15
U_03602,2025-09-21,Toys,21.64
U_03602,2025-09-26,Toys,24.57
U_03602,2025-12-05,Toys,125.81
U_03603,2025-07-04,Books,7.57
U_03603,2025-07-28,Books,34.31
U_03604,2025-07-13,Home,47.44
U_03607,2025-09-14,Books,18.38
U_03608,2025-07-11,Fashion,91.44
U_03608,2025-09-21,Books,51.29
U_03608,2025-10-08,Sports,299.71
U_03610,2025-07-05,Toys,132.47
U_03610,2025-07-21,Sports,141.58
U_03610,2025-07-27,Toys,141.91
U_03610,2025-08-08,Sports,153.28
U_03610,2025-09-30,Sports,190.02
U_03610,2025-10-01,Toys,33.29
U_03610,2025-11-21,Home,20.46
U_03610,2025-12-04,Sports,74.98
U_03611,2025-09-21,Sports,58.33
U_03611,2025-09-23,Grocery,74.4
U_03611,2025-10-21,Grocery,11.27
U_03611,2025-12-14,Books,97.34
U_03614,2025-07-09,Beauty,81.1
U_03614,2025-07-25,Beauty,72.09
U_03614,2025-08-04,Sports,31.52
U_03615,2025-07-06,Beauty,169.9
U_03615,2025-07-17,Beauty,96.91
U_03615,2025-09-03,Beauty,71.92
U_03615,2025-09-08,Beauty,88.14
U_03615,2025-10-19,Beauty,109.43
U_03615,2025-10-29,Beauty,49.25
U_03615,2025-12-24,Beauty,63.33
U_03615,2025-12-30,Beauty,142.48
U_03617,2025-12-01,Fashion,109.84
U_03618,2025-07-16,Beauty,27.83
U_03618,2025-08-27,Beauty,19.52
U_03619,2025-09-16,Electronics,118.7
U_03619,2025-09-18,Fashion,100.79
U_03619,2025-09-23,Electronics,124.31
U_03619,2025-11-01,Electronics,75.7
U_03622,2025-09-22,Fashion,17.05
U_03622,2025-10-12,Fashion,16.31
U_03623,2025-09-23,Fashion,25.72
U_03624,2025-07-09,Electronics,96.75
U_03624,2025-09-07,Electronics,247.75
U_03624,2025-10-22,Beauty,283.39
U_03624,2025-11-04,Beauty,80.37
U_03624,2025-12-04,Home,85.56
U_03624,2025-12-28,Home,18.93
U_03627,2025-09-13,Fashion,35.72
U_03628,2025-12-25,Sports,205.41
U_03629,2025-07-24,Grocery,15.18
U_03629,2025-08-13,Toys,130.31
U_03629,2025-09-10,Grocery,81.17
U_03629,2025-09-11,Home,105.09
U_03629,2025-09-29,Grocery,101.26
U_03629,2025-10-03,Electronics,35.18
U_03629,2025-10-26,Grocery,92.8
U_03629,2025-11-07,Grocery,163.34
U_03630,2025-10-05,Electronics,35.27
U_03630,2025-11-30,Books,39.49
U_03631,2025-07-09,Grocery,13.25
U_03631,2025-07-17,Books,40.35
U_03631,2025-07-21,Books,36.23
U_03631,2025-07-30,Grocery,98.61
U_03631,2025-09-03,Books,108.6
U_03632,2025-09-03,Toys,18.54
U_03632,2025-09-15,Fashion,71.06
U_03632,2025-10-18,Fashion,63.42
U_03635,2025-07-09,Books,49.12
U_03635,2025-07-29,Electronics,17.07
U_03635,2025-08-28,Books,51.98
U_03635,2025-10-23,Books,150.69
U_03635,2025-12-17,Books,63.31
U_03636,2025-07-12,Sports,63.73
U_03636,2025-08-14,Sports,128.67
U_03636,2025-10-20,Toys,26.86
U_03636,2025-11-07,Sports,56.58
U_03637,2025-09-02,Sports,14.26
U_03638,2025-09-13,Grocery,34.75
U_03639,2025-09-18,Books,108.07
U_03639,2025-10-17,Beauty,68.96
U_03641,2025-07-06,Sports,33.75
U_03641,2025-07-11,Fashion,40.3
U_03641,2025-11-22,Toys,49.88
U_03641,2025-11-24,Sports,12.75
U_03643,2025-08-27,Beauty,54.85
U_03643,2025-10-02,Fashion,94.98
U_03643,2025-10-20,Toys,20.15
U_03643,2025-11-10,Toys,47.69
U_03643,2025-11-18,Toys,29.6
U_03643,2025-11-19,Toys,97.38
U_03643,2025-12-30,Toys,134.82
U_03646,2025-07-12,Grocery,34.79
U_03646,2025-08-01,Grocery,101.29
U_03646,2025-08-28,Grocery,45.5
U_03647,2025-08-26,Books,80.04
U_03647,2025-09-16,Books,21.52
U_03647,2025-11-18,Books,38.59
U_03648,2025-07-15,Grocery,17.06
U_03648,2025-11-05,Toys,91.22
U_03650,2025-07-30,Home,14.51
U_03650,2025-10-04,Grocery,60.09
U_03650,2025-12-07,Grocery,27.31
U_03652,2025-08-08,Toys,158.68
U_03652,2025-09-23,Home,36.19
U_03652,2025-10-07,Beauty,69.33
U_03652,2025-10-26,Sports,12.2
U_03652,2025-11-05,Beauty,46.63
U_03652,2025-11-24,Electronics,187.97
U_03652,2025-12-06,Beauty,51.24
U_03652,2025-12-09,Beauty,22.06
U_03653,2025-09-03,Home,97.43
U_03654,2025-08-13,Fashion,98.0
U_03654,2025-08-30,Home,24.12
U_03654,2025-10-04,Home,42.28
U_03654,2025-10-09,Home,66.45
U_03654,2025-11-17,Fashion,62.37
U_03654,2025-12-05,Fashion,107.81
U_03659,2025-10-23,Sports,44.31
U_03660,2025-07-19,Fashion,16.92
U_03660,2025-07-28,Books,15.44
U_03660,2025-08-31,Toys,55.33
U_03660,2025-09-06,Books,30.01
U_03661,2025-07-28,Beauty,32.51
U_03661,2025-08-11,Beauty,65.83
U_03661,2025-09-08,Beauty,68.39
U_03661,2025-12-24,Beauty,33.68
U_03662,2025-08-23,Sports,33.79
U_03662,2025-09-12,Grocery,17.74
U_03663,2025-07-21,Sports,14.34
U_03663,2025-10-21,Sports,11.44
U_03664,2025-10-08,Beauty,25.33
U_03665,2025-09-06,Beauty,63.96
U_03666,2025-10-29,Beauty,67.55
U_03669,2025-07-09,Sports,140.63
U_03669,2025-09-07,Sports,56.03
U_03669,2025-09-25,Sports,49.42
U_03669,2025-11-08,Sports,122.54
U_03669,2025-12-27,Grocery,88.11
U_03672,2025-07-04,Toys,103.8
U_03672,2025-08-21,Toys,102.34
U_03672,2025-09-12,Toys,15.52
U_03672,2025-11-10,Toys,36.28
U_03672,2025-11-23,Sports,43.53
U_03672,2025-12-02,Grocery,58.09
U_03673,2025-07-13,Sports,337.22
U_03673,2025-08-17,Sports,153.64
U_03673,2025-08-28,Grocery,91.13
U_03673,2025-09-01,Electronics,53.72
U_03673,2025-09-10,Home,62.49
U_03673,2025-09-23,Electronics,120.28
U_03673,2025-10-15,Grocery,13.31
U_03673,2025-11-21,Grocery,86.93
U_03673,2025-11-23,Toys,56.4
U_03673,2025-11-25,Electronics,37.7
U_03673,2025-12-05,Toys,36.74
U_03674,2025-07-19,Fashion,32.05
U_03674,2025-09-28,Books,60.62
U_03674,2025-10-07,Electronics,83.5
U_03674,2025-10-27,Fashion,45.49
U_03674,2025-12-01,Electronics,194.69
U_03674,2025-12-05,Books,33.25
U_03675,2025-08-12,Books,64.12
U_03675,2025-08-23,Toys,41.06
U_03675,2025-10-03,Toys,23.79
U_03675,2025-12-11,Sports,32.24
U_03678,2025-12-07,Sports,124.84
U_03679,2025-07-07,Toys,84.7
U_03680,2025-07-04,Beauty,79.47
U_03680,2025-07-28,Beauty,149.69
U_03680,2025-09-10,Beauty,87.27
U_03682,2025-07-11,Beauty,35.23
U_03682,2025-07-20,Grocery,118.33
U_03682,2025-07-22,Sports,83.42
U_03682,2025-07-24,Beauty,41.02
U_03682,2025-10-03,Beauty,11.15
U_03682,2025-11-18,Beauty,25.66
U_03685,2025-09-15,Electronics,91.95
U_03686,2025-07-25,Grocery,64.43
U_03686,2025-08-25,Grocery,107.7
U_03686,2025-08-28,Grocery,7.79
U_03686,2025-09-21,Books,62.71
U_03686,2025-09-28,Grocery,99.88
U_03686,2025-10-06,Grocery,32.43
U_03686,2025-10-15,Grocery,123.15
U_03687,2025-09-10,Toys,35.42
U_03687,2025-11-08,Electronics,53.51
U_03689,2025-10-11,Grocery,5.78
U_03691,2025-10-02,Sports,35.87
U_03693,2025-08-09,Toys,32.2
U_03693,2025-08-15,Sports,29.77
U_03693,2025-10-28,Fashion,48.29
U_03693,2025-11-08,Fashion,21.88
U_03694,2025-07-27,Grocery,51.2
U_03694,2025-08-24,Toys,83.88
U_03694,2025-08-25,Home,59.0
U_03694,2025-09-26,Grocery,90.93
U_03694,2025-10-02,Sports,52.66
U_03695,2025-10-07,Grocery,19.02
U_03695,2025-10-27,Grocery,59.01
U_03696,2025-08-02,Toys,63.17
U_03696,2025-11-14,Toys,21.22
U_03696,2025-12-22,Toys,13.68
U_03697,2025-08-05,Sports,158.23
U_03697,2025-10-04,Electronics,112.73
U_03697,2025-10-10,Sports,66.57
U_03697,2025-10-26,Sports,49.71
U_03698,2025-09-03,Toys,133.49
U_03698,2025-09-05,Toys,89.18
U_03698,2025-09-09,Toys,111.91
U_03698,2025-11-23,Books,118.86
U_03698,2025-12-10,Books,31.2
U_03699,2025-07-21,Home,44.21
U_03699,2025-08-03,Grocery,112.44
U_03699,2025-08-10,Sports,72.02
U_03699,2025-08-18,Sports,114.44
U_03699,2025-08-19,Sports,99.85
U_03699,2025-10-17,Sports,30.43
U_03699,2025-10-26,Sports,65.11
U_03699,2025-11-16,Sports,76.91
U_03701,2025-11-15,Sports,23.98
U_03701,2025-12-16,Beauty,7.4
U_03703,2025-07-16,Beauty,96.49
U_03703,2025-07-29,Fashion,61.28
U_03703,2025-09-19,Beauty,56.14
U_03703,2025-09-21,Beauty,12.93
U_03703,2025-09-24,Beauty,51.22
U_03703,2025-10-15,Toys,65.67
U_03703,2025-11-09,Beauty,30.34
U_03703,2025-11-25,Beauty,40.18
U_03704,2025-09-26,Books,57.17
U_03704,2025-12-15,Books,128.86
U_03705,2025-08-12,Home,13.75
U_03707,2025-07-05,Fashion,48.74
U_03707,2025-10-21,Books,90.61
U_03707,2025-12-05,Beauty,201.2
U_03707,2025-12-19,Beauty,68.4
U_03708,2025-11-29,Fashion,47.49
U_03708,2025-12-30,Fashion,21.49
U_03709,2025-08-01,Electronics,22.82
U_03709,2025-08-03,Electronics,15.11
U_03709,2025-12-13,Sports,18.12
U_03711,2025-07-18,Home,70.43
U_03711,2025-08-04,Sports,75.95
U_03712,2025-08-20,Fashion,19.04
U_03714,2025-09-18,Home,34.91
U_03715,2025-09-27,Grocery,8.51
U_03716,2025-07-15,Beauty,59.83
U_03716,2025-07-20,Books,45.07
U_03716,2025-10-08,Beauty,37.97
U_03716,2025-12-17,Beauty,32.85
U_03717,2025-07-31,Grocery,18.36
U_03717,2025-10-02,Fashion,8.08
U_03717,2025-11-22,Fashion,43.14
U_03717,2025-12-07,Fashion,10.87
U_03717,2025-12-15,Fashion,33.11
U_03717,2025-12-17,Fashion,5.63
U_03718,2025-07-08,Sports,24.8
U_03719,2025-08-21,Grocery,16.08
U_03719,2025-11-10,Sports,100.21
U_03720,2025-12-20,Home,83.99
U_03722,2025-08-13,Sports,27.96
U_03722,2025-11-13,Sports,23.84
U_03722,2025-12-07,Sports,50.62
U_03723,2025-12-29,Beauty,71.81
U_03724,2025-07-30,Toys,50.67
U_03724,2025-09-11,Toys,29.25
U_03724,2025-10-29,Sports,49.35
U_03724,2025-11-11,Sports,37.23
U_03724,2025-11-15,Grocery,45.23
U_03725,2025-09-30,Grocery,37.76
U_03725,2025-10-01,Electronics,25.47
U_03726,2025-07-18,Toys,110.65
U_03726,2025-07-27,Beauty,147.4
U_03726,2025-07-31,Beauty,23.2
U_03726,2025-09-15,Beauty,61.38
U_03726,2025-09-22,Electronics,98.85
U_03726,2025-09-30,Beauty,10.83
U_03726,2025-12-10,Electronics,107.79
U_03726,2025-12-20,Beauty,68.45
U_03727,2025-07-16,Sports,172.14
U_03727,2025-07-18,Sports,133.04
U_03727,2025-10-07,Sports,91.33
U_03728,2025-07-20,Grocery,29.8
U_03728,2025-09-13,Grocery,16.77
U_03728,2025-09-24,Grocery,21.89
U_03728,2025-10-29,Grocery,10.02
U_03728,2025-12-05,Grocery,61.55
U_03729,2025-10-05,Beauty,97.45
U_03729,2025-11-09,Home,12.6
U_03732,2025-08-15,Books,75.79
U_03733,2025-08-06,Toys,50.97
U_03733,2025-08-09,Home,19.91
U_03734,2025-07-16,Fashion,37.23
U_03734,2025-08-31,Fashion,66.05
U_03736,2025-09-07,Beauty,65.48
U_03737,2025-09-09,Sports,17.38
U_03737,2025-10-22,Home,38.49
U_03738,2025-07-14,Grocery,66.27
U_03738,2025-08-24,Grocery,47.98
U_03738,2025-08-27,Sports,14.45
U_03738,2025-09-06,Grocery,13.15
U_03738,2025-10-12,Grocery,34.94
U_03738,2025-10-23,Grocery,46.61
U_03739,2025-07-25,Grocery,33.14
U_03739,2025-08-30,Sports,86.12
U_03739,2025-09-21,Grocery,8.96
U_03739,2025-10-06,Home,84.35
U_03739,2025-12-30,Grocery,44.85
U_03740,2025-10-08,Beauty,14.18
U_03740,2025-10-26,Grocery,76.11
U_03740,2025-12-06,Grocery,131.11
U_03741,2025-11-30,Home,58.2
U_03744,2025-07-25,Books,23.99
U_03744,2025-08-13,Books,23.8
U_03744,2025-09-07,Books,30.36
U_03744,2025-12-26,Grocery,22.29
U_03745,2025-08-04,Beauty,20.62
U_03745,2025-10-31,Beauty,52.82
U_03746,2025-12-03,Beauty,26.21
U_03748,2025-07-15,Beauty,11.94
U_03748,2025-08-08,Fashion,11.95
U_03750,2025-07-05,Grocery,86.04
U_03750,2025-11-23,Fashion,20.16
U_03750,2025-12-09,Grocery,86.93
U_03751,2025-07-06,Grocery,17.12
U_03751,2025-08-01,Grocery,84.84
U_03751,2025-09-10,Grocery,29.59
U_03752,2025-07-26,Beauty,40.42
U_03752,2025-08-13,Sports,120.45
U_03752,2025-10-12,Beauty,32.67
U_03752,2025-10-17,Toys,66.78
U_03753,2025-07-17,Home,69.5
U_03753,2025-07-21,Sports,80.72
U_03754,2025-08-03,Books,65.04
U_03754,2025-08-15,Electronics,20.93
U_03754,2025-10-14,Books,26.22
U_03754,2025-10-21,Books,139.43
U_03754,2025-11-24,Fashion,11.01
U_03755,2025-09-13,Sports,7.92
U_03755,2025-12-07,Grocery,16.17
U_03757,2025-08-17,Toys,6.59
U_03757,2025-09-09,Toys,11.29
U_03758,2025-10-08,Toys,74.9
U_03758,2025-11-13,Toys,14.5
U_03758,2025-11-21,Home,27.21
U_03758,2025-12-24,Toys,31.5
U_03760,2025-08-03,Toys,20.38
U_03760,2025-08-20,Home,107.21
U_03760,2025-08-22,Books,20.32
U_03760,2025-08-23,Beauty,49.81
U_03760,2025-08-28,Beauty,49.4
U_03760,2025-08-29,Beauty,42.61
U_03760,2025-10-01,Beauty,51.26
U_03760,2025-12-12,Books,123.66
U_03760,2025-12-25,Home,37.63
U_03761,2025-12-08,Beauty,10.4
U_03762,2025-07-18,Fashion,64.55
U_03762,2025-09-21,Home,91.89
U_03763,2025-07-10,Books,13.54
U_03763,2025-10-02,Books,28.63
U_03763,2025-12-12,Books,85.59
U_03763,2025-12-21,Books,10.96
U_03764,2025-07-14,Toys,14.55
U_03764,2025-07-24,Fashion,23.4
U_03764,2025-08-02,Home,88.82
U_03764,2025-08-30,Home,13.39
U_03765,2025-08-15,Sports,30.04
U_03765,2025-10-03,Sports,10.68
U_03765,2025-10-29,Grocery,31.37
U_03766,2025-07-24,Grocery,26.48
U_03766,2025-08-04,Beauty,22.43
U_03767,2025-10-14,Sports,13.03
U_03767,2025-11-24,Sports,36.94
U_03768,2025-09-03,Sports,22.79
U_03768,2025-10-20,Sports,10.48
U_03769,2025-08-08,Books,78.13
U_03770,2025-09-19,Home,37.13
U_03772,2025-08-05,Sports,41.15
U_03772,2025-09-08,Sports,31.85
U_03772,2025-09-16,Sports,28.44
U_03772,2025-09-24,Sports,17.52
U_03772,2025-09-27,Home,9.76
U_03772,2025-10-01,Sports,19.19
U_03774,2025-11-04,Beauty,188.56
U_03774,2025-11-05,Beauty,87.88
U_03775,2025-07-18,Books,44.46
U_03777,2025-07-26,Beauty,104.28
U_03777,2025-09-29,Beauty,73.75
U_03779,2025-10-21,Books,29.45
U_03780,2025-09-23,Home,39.75
U_03780,2025-10-25,Home,38.56
U_03780,2025-12-25,Home,12.86
U_03781,2025-07-31,Grocery,101.24
U_03781,2025-08-29,Grocery,51.89
U_03781,2025-10-01,Grocery,65.14
U_03781,2025-11-06,Grocery,11.06
U_03781,2025-12-14,Grocery,48.46
U_03781,2025-12-28,Grocery,40.77
U_03781,2025-12-29,Grocery,120.44
U_03782,2025-07-09,Electronics,32.08
U_03782,2025-07-21,Grocery,21.62
U_03782,2025-07-30,Grocery,59.33
U_03782,2025-09-09,Grocery,141.8
U_03782,2025-10-02,Electronics,58.04
U_03782,2025-12-25,Electronics,57.21
U_03783,2025-10-07,Beauty,41.68
U_03784,2025-10-26,Grocery,13.73
U_03785,2025-08-31,Fashion,29.23
U_03785,2025-09-17,Fashion,50.0
U_03785,2025-10-03,Fashion,51.14
U_03785,2025-10-23,Fashion,33.65
U_03785,2025-11-09,Fashion,94.23
U_03785,2025-11-16,Beauty,59.92
U_03785,2025-11-19,Fashion,85.57
U_03787,2025-09-17,Beauty,46.43
U_03787,2025-09-21,Beauty,57.43
U_03787,2025-10-13,Fashion,56.06
U_03788,2025-10-05,Grocery,86.78
U_03788,2025-10-31,Grocery,20.68
U_03788,2025-11-10,Grocery,80.75
U_03788,2025-12-27,Grocery,117.83
U_03790,2025-07-29,Sports,10.72
U_03790,2025-08-12,Sports,23.53
U_03791,2025-07-10,Toys,50.29
U_03791,2025-07-25,Toys,26.83
U_03791,2025-09-03,Toys,16.6
U_03792,2025-08-24,Books,102.24
U_03792,2025-09-22,Beauty,23.28
U_03793,2025-09-18,Grocery,25.89
U_03794,2025-12-13,Home,39.65
U_03794,2025-12-30,Fashion,49.32
U_03795,2025-10-07,Home,197.0
U_03795,2025-11-23,Books,33.97
U_03795,2025-12-28,Home,153.21
U_03796,2025-08-04,Fashion,119.76
U_03796,2025-08-23,Fashion,14.57
U_03796,2025-12-07,Fashion,56.58
U_03797,2025-08-13,Sports,92.55
U_03798,2025-11-01,Books,107.54
U_03799,2025-09-10,Grocery,67.65
U_03799,2025-10-28,Grocery,11.37
U_03799,2025-12-09,Grocery,39.41
U_03800,2025-07-29,Grocery,69.18
U_03801,2025-07-08,Sports,209.12
U_03801,2025-07-10,Sports,64.64
U_03801,2025-08-09,Sports,13.69
U_03801,2025-09-07,Toys,147.51
U_03801,2025-09-29,Sports,87.71
U_03801,2025-10-26,Sports,133.57
U_03801,2025-12-29,Sports,46.62
U_03802,2025-10-03,Toys,54.76
U_03802,2025-10-06,Toys,27.22
U_03802,2025-10-24,Electronics,153.42
U_03802,2025-12-09,Electronics,149.96
U_03802,2025-12-22,Books,175.48
U_03804,2025-09-06,Beauty,46.62
U_03804,2025-09-27,Beauty,37.17
U_03804,2025-10-01,Beauty,7.15
U_03805,2025-08-08,Sports,20.31
U_03806,2025-07-09,Toys,92.63
U_03806,2025-08-13,Grocery,135.13
U_03806,2025-08-23,Grocery,110.18
U_03806,2025-08-24,Grocery,89.99
U_03806,2025-09-09,Beauty,71.12
U_03806,2025-09-15,Grocery,83.94
U_03806,2025-12-30,Toys,203.28
U_03807,2025-08-12,Toys,11.89
U_03807,2025-09-02,Toys,37.4
U_03807,2025-09-30,Toys,52.7
U_03807,2025-10-21,Toys,14.71
U_03808,2025-07-05,Beauty,16.31
U_03808,2025-08-17,Fashion,262.3
U_03808,2025-08-21,Fashion,28.8
U_03808,2025-10-04,Fashion,39.77
U_03808,2025-10-29,Fashion,22.57
U_03808,2025-11-22,Fashion,87.93
U_03808,2025-12-04,Beauty,100.19
U_03808,2025-12-14,Fashion,147.67
U_03808,2025-12-30,Beauty,45.45
U_03809,2025-08-01,Electronics,100.74
U_03809,2025-08-23,Home,70.05
U_03809,2025-10-01,Toys,54.72
U_03809,2025-11-11,Toys,93.07
U_03810,2025-07-07,Home,28.78
U_03810,2025-09-27,Fashion,16.87
U_03811,2025-07-23,Grocery,9.63
U_03811,2025-08-12,Grocery,12.25
U_03811,2025-08-18,Fashion,12.72
U_03812,2025-07-23,Beauty,43.23
U_03813,2025-10-05,Grocery,19.72
U_03813,2025-11-16,Grocery,7.54
U_03813,2025-12-30,Grocery,51.13
U_03814,2025-08-11,Sports,47.0
U_03814,2025-09-20,Beauty,8.0
U_03815,2025-11-03,Grocery,78.26
U_03815,2025-12-24,Grocery,33.02
U_03816,2025-07-05,Electronics,30.32
U_03816,2025-08-03,Toys,53.1
U_03816,2025-08-24,Toys,56.92
U_03816,2025-09-02,Toys,12.7
U_03816,2025-09-20,Electronics,38.49
U_03816,2025-11-25,Grocery,221.37
U_03817,2025-07-20,Beauty,22.82
U_03818,2025-07-26,Home,20.42
U_03819,2025-08-23,Sports,13.14
U_03819,2025-09-11,Electronics,43.02
U_03819,2025-12-30,Grocery,10.84
U_03820,2025-07-05,Grocery,20.2
U_03821,2025-09-12,Grocery,28.68
U_03821,2025-12-30,Grocery,14.95
U_03822,2025-09-22,Beauty,49.62
U_03822,2025-10-10,Books,85.31
U_03824,2025-07-07,Books,26.74
U_03824,2025-08-22,Home,24.27
U_03825,2025-09-07,Fashion,27.07
U_03826,2025-07-12,Fashion,121.18
U_03826,2025-07-16,Fashion,61.37
U_03826,2025-09-14,Fashion,45.71
U_03826,2025-10-13,Fashion,146.0
U_03827,2025-09-21,Books,16.33
U_03828,2025-07-05,Sports,153.96
U_03828,2025-07-20,Home,109.54
U_03828,2025-07-24,Home,123.31
U_03828,2025-08-10,Home,81.53
U_03828,2025-08-12,Home,38.07
U_03828,2025-08-17,Home,41.48
U_03828,2025-09-08,Electronics,200.1
U_03828,2025-09-18,Fashion,137.36
U_03828,2025-09-28,Home,114.31
U_03828,2025-10-06,Home,186.45
U_03828,2025-11-14,Home,119.36
U_03828,2025-12-10,Home,32.88
U_03828,2025-12-25,Beauty,107.85
U_03829,2025-08-02,Sports,38.13
U_03829,2025-11-30,Sports,43.42
U_03829,2025-12-12,Home,9.8
U_03829,2025-12-23,Home,35.55
U_03829,2025-12-24,Sports,117.7
U_03830,2025-08-14,Toys,20.98
U_03830,2025-09-22,Beauty,64.26
U_03830,2025-10-24,Beauty,22.02
U_03830,2025-12-21,Beauty,28.94
U_03832,2025-08-29,Grocery,43.7
U_03833,2025-07-13,Toys,8.64
U_03833,2025-11-12,Grocery,49.34
U_03836,2025-07-19,Books,39.0
U_03836,2025-08-03,Sports,52.9
U_03836,2025-08-06,Home,101.11
U_03836,2025-11-29,Sports,171.12
U_03837,2025-09-02,Electronics,151.83
U_03837,2025-09-22,Toys,122.44
U_03837,2025-10-01,Electronics,79.41
U_03837,2025-10-06,Electronics,192.9
U_03837,2025-10-21,Books,98.42
U_03837,2025-10-25,Electronics,133.77
U_03837,2025-11-05,Electronics,33.84
U_03837,2025-11-07,Electronics,33.24
U_03837,2025-11-24,Electronics,11.31
U_03837,2025-12-04,Electronics,102.87
U_03837,2025-12-05,Home,81.33
U_03838,2025-10-02,Fashion,28.86
U_03838,2025-10-29,Electronics,192.25
U_03838,2025-12-22,Fashion,94.26
U_03838,2025-12-28,Electronics,7.81
U_03839,2025-07-06,Home,27.49
U_03839,2025-07-09,Sports,48.42
U_03839,2025-07-28,Sports,39.67
U_03839,2025-07-30,Grocery,56.31
U_03839,2025-08-26,Books,165.86
U_03839,2025-09-16,Home,97.76
U_03839,2025-09-21,Home,62.46
U_03839,2025-11-12,Sports,16.63
U_03839,2025-11-21,Home,56.82
U_03839,2025-12-30,Home,59.72
U_03840,2025-09-18,Home,12.38
U_03840,2025-09-20,Home,30.64
U_03842,2025-08-28,Home,37.85
U_03842,2025-09-07,Home,74.18
U_03843,2025-07-20,Toys,40.6
U_03843,2025-09-07,Toys,18.01
U_03844,2025-09-14,Electronics,64.17
U_03844,2025-10-12,Sports,165.28
U_03844,2025-11-14,Beauty,82.64
U_03844,2025-12-19,Beauty,278.4
U_03845,2025-08-13,Beauty,20.55
U_03845,2025-11-05,Home,32.3
U_03845,2025-12-27,Toys,12.85
U_03846,2025-11-12,Toys,7.97
U_03847,2025-07-28,Grocery,50.27
U_03849,2025-08-26,Grocery,51.48
U_03851,2025-07-28,Toys,12.52
U_03851,2025-09-09,Home,44.49
U_03851,2025-10-16,Home,32.72
U_03851,2025-11-23,Electronics,29.56
U_03851,2025-12-21,Home,18.99
U_03852,2025-11-26,Beauty,20.57
U_03853,2025-10-17,Grocery,40.01
U_03854,2025-08-04,Home,7.74
U_03855,2025-09-29,Toys,17.94
U_03859,2025-08-12,Sports,48.18
U_03859,2025-10-06,Electronics,72.75
U_03859,2025-11-17,Toys,51.62
U_03859,2025-11-22,Toys,71.31
U_03860,2025-08-12,Home,8.68
U_03862,2025-12-16,Toys,67.26
U_03863,2025-07-15,Sports,96.51
U_03864,2025-07-05,Beauty,53.7
U_03864,2025-08-25,Fashion,48.07
U_03864,2025-09-01,Fashion,51.86
U_03864,2025-11-21,Fashion,125.1
U_03864,2025-12-04,Beauty,42.94
U_03866,2025-07-19,Books,27.01
U_03866,2025-09-10,Books,45.38
U_03866,2025-10-04,Books,44.24
U_03867,2025-07-20,Fashion,186.86
U_03867,2025-08-20,Toys,119.18
U_03867,2025-08-28,Fashion,56.21
U_03867,2025-09-17,Fashion,47.77
U_03867,2025-09-30,Fashion,38.56
U_03867,2025-10-29,Fashion,72.58
U_03867,2025-11-13,Fashion,59.65
U_03867,2025-12-18,Grocery,189.96
U_03869,2025-07-09,Fashion,51.54
U_03869,2025-07-21,Fashion,56.43
U_03869,2025-08-05,Electronics,43.33
U_03869,2025-09-13,Fashion,43.55
U_03869,2025-10-01,Fashion,70.82
U_03869,2025-10-24,Fashion,42.38
U_03869,2025-12-08,Fashion,118.97
U_03870,2025-08-22,Books,35.87
U_03870,2025-09-12,Sports,58.91
U_03870,2025-09-29,Electronics,59.35
U_03871,2025-10-24,Home,127.9
U_03872,2025-07-15,Home,169.77
U_03872,2025-08-11,Home,276.19
U_03872,2025-10-24,Home,26.09
U_03872,2025-11-12,Sports,36.87
U_03872,2025-12-01,Home,85.76
U_03872,2025-12-20,Home,25.39
U_03872,2025-12-27,Home,153.28
U_03874,2025-09-19,Electronics,24.85
U_03875,2025-08-08,Toys,125.94
U_03875,2025-08-09,Toys,62.06
U_03875,2025-08-30,Toys,134.9
U_03875,2025-09-10,Toys,70.95
U_03875,2025-09-13,Toys,88.8
U_03875,2025-09-18,Grocery,52.83
U_03875,2025-09-19,Grocery,57.52
U_03875,2025-09-28,Toys,159.93
U_03875,2025-11-13,Toys,160.05
U_03875,2025-12-06,Grocery,75.64
U_03876,2025-07-05,Electronics,92.52
U_03876,2025-08-20,Electronics,99.39
U_03876,2025-11-07,Beauty,55.96
U_03876,2025-11-18,Electronics,24.54
U_03877,2025-07-15,Fashion,23.94
U_03877,2025-10-26,Fashion,27.93
U_03877,2025-12-02,Fashion,15.92
U_03879,2025-07-18,Fashion,16.02
U_03879,2025-08-21,Grocery,49.57
U_03879,2025-09-13,Fashion,40.67
U_03879,2025-10-01,Sports,117.56
U_03879,2025-10-02,Sports,28.48
U_03881,2025-08-05,Home,19.39
U_03882,2025-09-24,Electronics,43.09
U_03882,2025-11-05,Fashion,99.89
U_03883,2025-12-16,Electronics,21.21
U_03884,2025-09-16,Electronics,34.75
U_03885,2025-07-22,Toys,33.51
U_03885,2025-09-10,Electronics,116.05
U_03885,2025-09-22,Fashion,112.02
U_03885,2025-09-27,Books,15.97
U_03885,2025-12-11,Electronics,15.42
U_03886,2025-08-17,Beauty,121.45
U_03886,2025-11-08,Electronics,38.05
U_03890,2025-07-22,Books,36.39
U_03890,2025-09-12,Books,100.93
U_03891,2025-07-09,Beauty,48.42
U_03891,2025-07-19,Grocery,127.28
U_03891,2025-08-10,Beauty,50.97
U_03891,2025-08-24,Sports,31.67
U_03891,2025-09-29,Grocery,109.85
U_03891,2025-12-30,Grocery,121.48
U_03892,2025-07-20,Electronics,16.99
U_03892,2025-08-14,Electronics,68.47
U_03895,2025-07-17,Electronics,228.57
U_03895,2025-07-31,Electronics,305.74
U_03895,2025-08-21,Electronics,99.86
U_03895,2025-10-14,Electronics,114.82
U_03895,2025-11-06,Electronics,68.83
U_03895,2025-11-13,Electronics,31.67
U_03895,2025-12-02,Electronics,55.11
U_03895,2025-12-16,Books,81.87
U_03897,2025-09-14,Home,62.19
U_03898,2025-08-30,Books,20.54
U_03898,2025-10-01,Electronics,39.11
U_03898,2025-10-06,Grocery,33.22
U_03898,2025-10-30,Beauty,35.39
U_03898,2025-11-06,Fashion,70.35
U_03898,2025-11-07,Beauty,16.09
U_03898,2025-11-16,Beauty,53.78
U_03900,2025-07-17,Home,60.01
U_03900,2025-08-02,Home,30.31
U_03900,2025-08-17,Home,43.92
U_03900,2025-11-14,Home,41.33
U_03900,2025-11-18,Electronics,18.13
U_03900,2025-12-26,Home,18.47
U_03902,2025-09-22,Electronics,23.88
U_03902,2025-11-07,Beauty,310.81
U_03903,2025-09-22,Grocery,34.48
U_03903,2025-09-28,Beauty,7.23
U_03903,2025-11-07,Grocery,76.89
U_03903,2025-11-26,Beauty,73.52
U_03905,2025-08-18,Sports,40.42
U_03905,2025-10-11,Sports,149.72
U_03905,2025-10-12,Grocery,47.27
U_03905,2025-10-26,Sports,138.14
U_03907,2025-08-25,Beauty,149.76
U_03907,2025-08-26,Beauty,18.73
U_03907,2025-12-03,Beauty,181.24
U_03907,2025-12-09,Electronics,126.26
U_03908,2025-08-26,Grocery,18.84
U_03910,2025-11-15,Sports,13.87
U_03910,2025-12-15,Fashion,128.11
U_03911,2025-07-22,Home,62.81
U_03911,2025-08-03,Home,37.32
U_03911,2025-10-15,Fashion,90.96
U_03911,2025-11-18,Electronics,93.3
U_03912,2025-10-15,Electronics,58.94
U_03912,2025-10-16,Home,17.97
U_03912,2025-10-31,Electronics,47.45
U_03912,2025-11-01,Sports,49.38
U_03912,2025-12-05,Sports,127.01
U_03913,2025-07-28,Books,31.11
U_03913,2025-09-05,Home,9.23
U_03913,2025-09-20,Beauty,9.49
U_03913,2025-09-25,Electronics,54.59
U_03914,2025-07-27,Home,75.61
U_03915,2025-11-29,Electronics,14.37
U_03916,2025-07-12,Sports,21.85
U_03916,2025-07-19,Sports,44.06
U_03916,2025-07-24,Sports,53.91
U_03916,2025-09-03,Sports,62.35
U_03916,2025-09-14,Sports,22.58
U_03916,2025-12-24,Sports,50.85
U_03916,2025-12-28,Sports,101.83
U_03917,2025-09-03,Home,32.88
U_03917,2025-09-18,Home,94.23
U_03917,2025-10-21,Books,328.82
U_03917,2025-11-05,Home,108.9
U_03918,2025-07-11,Sports,46.65
U_03918,2025-08-09,Sports,13.83
U_03920,2025-08-17,Books,100.3
U_03920,2025-09-13,Fashion,107.95
U_03921,2025-09-20,Fashion,114.97
U_03922,2025-08-22,Electronics,86.41
U_03922,2025-11-29,Electronics,50.45
U_03923,2025-09-08,Toys,144.81
U_03923,2025-09-29,Toys,215.38
U_03923,2025-10-13,Sports,209.4
U_03925,2025-10-21,Grocery,75.29
U_03926,2025-07-14,Grocery,71.98
U_03926,2025-12-04,Fashion,37.36
U_03928,2025-07-19,Home,46.13
U_03928,2025-09-28,Toys,17.23
U_03929,2025-10-21,Sports,28.62
U_03930,2025-09-09,Electronics,14.89
U_03930,2025-09-21,Electronics,37.6
U_03930,2025-10-30,Electronics,21.58
U_03933,2025-07-07,Books,18.61
U_03933,2025-08-24,Books,19.39
U_03933,2025-08-27,Books,58.97
U_03933,2025-09-14,Books,65.56
U_03933,2025-10-14,Books,26.67
U_03934,2025-09-13,Books,53.98
U_03934,2025-09-27,Sports,75.26
U_03934,2025-10-07,Beauty,40.34
U_03934,2025-11-04,Books,59.48
U_03934,2025-11-10,Books,69.61
U_03934,2025-12-13,Fashion,140.07
U_03936,2025-08-13,Home,16.62
U_03936,2025-09-12,Toys,37.4
U_03937,2025-07-05,Fashion,76.31
U_03937,2025-07-18,Fashion,84.97
U_03937,2025-07-23,Fashion,41.22
U_03937,2025-08-27,Fashion,107.42
U_03937,2025-11-17,Fashion,88.94
U_03937,2025-11-18,Fashion,30.08
U_03937,2025-11-25,Fashion,31.28
U_03938,2025-08-10,Toys,194.71
U_03938,2025-08-11,Home,73.47
U_03938,2025-08-13,Beauty,34.46
U_03938,2025-09-06,Fashion,68.48
U_03938,2025-09-14,Fashion,188.93
U_03938,2025-09-16,Fashion,133.2
U_03938,2025-10-22,Fashion,31.54
U_03939,2025-09-21,Toys,39.35
U_03940,2025-07-13,Books,55.4
U_03940,2025-08-14,Sports,20.69
U_03941,2025-08-06,Grocery,20.48
U_03941,2025-08-16,Books,12.74
U_03942,2025-07-18,Sports,26.3
U_03943,2025-12-15,Grocery,27.4
U_03943,2025-12-17,Grocery,51.21
U_03943,2025-12-19,Grocery,76.43
U_03944,2025-08-20,Home,104.95
U_03944,2025-09-05,Home,31.9
U_03944,2025-09-27,Electronics,21.59
U_03944,2025-09-30,Beauty,257.72
U_03944,2025-10-03,Home,216.75
U_03944,2025-10-29,Home,145.41
U_03944,2025-11-04,Books,59.04
U_03945,2025-07-19,Electronics,83.0
U_03945,2025-07-30,Fashion,60.29
U_03945,2025-09-13,Home,74.56
U_03945,2025-09-28,Electronics,66.02
U_03946,2025-07-17,Home,40.6
U_03946,2025-11-25,Toys,17.12
U_03947,2025-07-06,Fashion,38.88
U_03947,2025-07-31,Sports,68.66
U_03947,2025-10-10,Sports,30.88
U_03947,2025-10-21,Fashion,15.66
U_03948,2025-07-25,Grocery,41.96
U_03948,2025-09-03,Grocery,31.41
U_03948,2025-11-07,Grocery,65.69
U_03949,2025-08-03,Grocery,46.23
U_03949,2025-08-04,Grocery,64.12
U_03949,2025-08-10,Toys,95.21
U_03949,2025-09-04,Toys,66.05
U_03950,2025-09-08,Grocery,96.6
U_03950,2025-10-08,Fashion,7.52
U_03950,2025-11-11,Sports,50.88
U_03951,2025-08-29,Beauty,66.05
U_03951,2025-10-19,Electronics,27.27
U_03953,2025-07-19,Sports,49.56
U_03954,2025-08-05,Sports,89.07
U_03954,2025-08-24,Books,16.41
U_03954,2025-09-02,Books,24.75
U_03954,2025-11-23,Books,63.07
U_03956,2025-08-14,Beauty,39.4
U_03957,2025-08-05,Beauty,20.12
U_03957,2025-08-13,Beauty,12.36
U_03957,2025-10-13,Beauty,21.24
U_03958,2025-08-22,Electronics,72.65
U_03958,2025-10-21,Electronics,33.08
U_03958,2025-12-04,Electronics,106.8
U_03958,2025-12-05,Electronics,84.57
U_03958,2025-12-28,Electronics,46.59
U_03959,2025-07-14,Fashion,229.83
U_03959,2025-08-30,Beauty,205.49
U_03959,2025-09-04,Fashion,44.31
U_03959,2025-09-06,Electronics,141.06
U_03959,2025-09-29,Fashion,57.63
U_03961,2025-07-06,Home,33.39
U_03961,2025-07-09,Grocery,83.9
U_03961,2025-10-15,Home,115.08
U_03961,2025-10-16,Home,57.68
U_03963,2025-07-29,Fashion,48.33
U_03963,2025-08-30,Fashion,121.09
U_03963,2025-09-29,Fashion,61.97
U_03963,2025-10-18,Toys,7.59
U_03963,2025-10-24,Fashion,136.85
U_03963,2025-11-05,Home,72.0
U_03963,2025-11-11,Fashion,53.4
U_03963,2025-12-29,Fashion,74.68
U_03964,2025-07-05,Home,48.45
U_03964,2025-07-06,Home,15.98
U_03964,2025-07-10,Electronics,141.01
U_03965,2025-07-27,Sports,20.63
U_03965,2025-11-14,Sports,28.77
U_03966,2025-07-29,Toys,43.16
U_03967,2025-08-19,Home,18.67
U_03967,2025-09-18,Sports,18.93
U_03967,2025-10-28,Sports,62.2
U_03967,2025-12-12,Grocery,40.59
U_03969,2025-08-29,Home,18.65
U_03969,2025-12-13,Home,24.64
U_03971,2025-07-31,Sports,88.06
U_03973,2025-07-04,Sports,41.54
U_03973,2025-07-06,Fashion,66.12
U_03973,2025-08-23,Beauty,19.11
U_03973,2025-09-08,Grocery,46.09
U_03973,2025-10-19,Electronics,100.67
U_03973,2025-10-22,Grocery,50.43
U_03973,2025-11-11,Fashion,248.72
U_03973,2025-11-15,Grocery,99.1
U_03973,2025-11-17,Electronics,51.39
U_03973,2025-12-09,Fashion,350.07
U_03974,2025-08-13,Electronics,37.97
U_03974,2025-11-26,Electronics,37.46
U_03975,2025-08-18,Grocery,18.42
U_03975,2025-08-27,Grocery,19.32
U_03977,2025-07-15,Sports,78.26
U_03977,2025-08-08,Sports,42.93
U_03977,2025-08-30,Sports,78.84
U_03977,2025-09-15,Sports,54.54
U_03977,2025-10-03,Electronics,51.51
U_03977,2025-10-08,Sports,54.61
U_03977,2025-10-15,Sports,88.88
U_03977,2025-11-02,Sports,106.51
U_03977,2025-11-28,Sports,191.45
U_03978,2025-10-31,Electronics,11.04
U_03982,2025-07-29,Beauty,28.6
U_03982,2025-10-14,Beauty,52.97
U_03983,2025-07-11,Electronics,150.8
U_03983,2025-08-26,Electronics,43.72
U_03984,2025-07-05,Toys,17.56
U_03984,2025-09-10,Home,127.13
U_03984,2025-10-21,Books,66.55
U_03985,2025-07-24,Grocery,95.73
U_03985,2025-07-31,Sports,92.22
U_03985,2025-10-20,Sports,72.92
U_03985,2025-12-03,Sports,45.63
U_03986,2025-09-15,Sports,28.46
U_03987,2025-08-12,Sports,24.52
U_03988,2025-08-16,Fashion,29.81
U_03990,2025-08-23,Electronics,45.27
U_03990,2025-11-01,Electronics,27.8
U_03990,2025-11-28,Electronics,35.9
U_03990,2025-12-09,Electronics,16.33
U_03991,2025-08-25,Beauty,49.1
U_03991,2025-08-29,Beauty,49.23
U_03991,2025-09-04,Beauty,58.87
U_03991,2025-11-11,Beauty,42.62
U_03992,2025-11-06,Sports,7.61
U_03993,2025-07-24,Books,141.25
U_03993,2025-08-18,Beauty,133.53
U_03993,2025-09-29,Books,51.03
U_03993,2025-10-01,Books,160.69
U_03993,2025-10-05,Books,202.16
U_03993,2025-10-09,Books,162.28
U_03993,2025-10-19,Sports,90.15
U_03993,2025-10-26,Books,110.45
U_03993,2025-11-28,Electronics,84.42
U_03993,2025-12-01,Books,75.62
U_03993,2025-12-05,Books,245.49
U_03993,2025-12-12,Books,41.77
U_03993,2025-12-14,Books,116.23
U_03996,2025-10-01,Grocery,15.48
U_03997,2025-09-15,Fashion,67.45
U_03997,2025-09-24,Fashion,222.63
U_03997,2025-10-11,Fashion,99.02
U_03997,2025-10-16,Fashion,144.83
U_03997,2025-11-05,Fashion,211.74
U_04000,2025-08-31,Grocery,26.95
U_04000,2025-10-18,Grocery,199.09
U_04001,2025-10-13,Electronics,56.84
U_04002,2025-07-11,Home,39.04
U_04003,2025-08-04,Toys,122.46
U_04003,2025-08-17,Toys,134.11
U_04003,2025-09-14,Toys,34.58
U_04003,2025-10-25,Toys,113.93
U_04004,2025-08-18,Grocery,56.75
U_04004,2025-10-05,Grocery,16.23
U_04004,2025-10-14,Grocery,42.13
U_04004,2025-11-21,Grocery,39.04
U_04004,2025-11-26,Grocery,37.95
U_04004,2025-12-22,Grocery,21.55
U_04005,2025-07-08,Fashion,63.93
U_04005,2025-10-12,Electronics,33.03
U_04006,2025-08-17,Grocery,65.56
U_04006,2025-12-11,Grocery,47.06
U_04009,2025-08-08,Sports,63.96
U_04009,2025-08-24,Sports,38.72
U_04009,2025-09-02,Sports,91.82
U_04009,2025-11-02,Toys,54.37
U_04009,2025-12-01,Beauty,64.53
U_04012,2025-08-04,Home,64.81
U_04012,2025-11-12,Home,65.64
U_04013,2025-08-23,Sports,90.16
U_04013,2025-09-01,Sports,63.62
U_04013,2025-09-04,Grocery,31.71
U_04014,2025-08-01,Grocery,37.88
U_04014,2025-08-13,Grocery,13.53
U_04015,2025-10-24,Home,24.11
U_04016,2025-07-22,Fashion,63.14
U_04017,2025-07-12,Fashion,128.13
U_04017,2025-09-19,Toys,334.54
U_04020,2025-08-17,Home,25.5
U_04021,2025-07-15,Beauty,14.57
U_04021,2025-08-27,Beauty,14.9
U_04023,2025-07-07,Fashion,14.34
U_04023,2025-08-24,Fashion,17.97
U_04023,2025-08-31,Beauty,80.13
U_04024,2025-07-08,Books,67.62
U_04024,2025-08-30,Books,58.88
U_04025,2025-07-05,Toys,31.2
U_04025,2025-09-19,Toys,30.5
U_04025,2025-10-24,Toys,81.99
U_04027,2025-08-05,Electronics,23.06
U_04027,2025-09-10,Electronics,20.86
U_04030,2025-09-09,Electronics,23.5
U_04030,2025-09-18,Electronics,13.05
U_04030,2025-09-29,Books,14.54
U_04031,2025-11-03,Electronics,17.08
U_04032,2025-08-11,Sports,11.56
U_04032,2025-10-17,Fashion,59.64
U_04033,2025-07-25,Books,46.07
U_04034,2025-08-15,Beauty,32.34
U_04035,2025-09-02,Beauty,18.43
U_04036,2025-07-24,Home,17.99
U_04036,2025-08-24,Home,80.14
U_04037,2025-07-04,Home,95.68
U_04037,2025-08-02,Grocery,36.18
U_04037,2025-08-16,Beauty,98.97
U_04037,2025-08-17,Beauty,13.15
U_04037,2025-08-27,Beauty,66.17
U_04037,2025-09-10,Beauty,83.81
U_04037,2025-11-14,Beauty,73.34
U_04037,2025-11-27,Electronics,64.17
U_04037,2025-12-21,Beauty,92.9
U_04040,2025-10-04,Grocery,54.36
U_04040,2025-10-24,Sports,17.38
U_04041,2025-07-19,Home,15.59
U_04041,2025-09-23,Home,33.76
U_04042,2025-09-21,Books,26.72
U_04042,2025-09-26,Books,25.47
U_04043,2025-07-19,Electronics,79.35
U_04043,2025-10-11,Electronics,97.86
U_04044,2025-08-03,Electronics,31.84
U_04044,2025-08-24,Electronics,43.4
U_04045,2025-07-10,Beauty,18.75
U_04045,2025-07-25,Books,40.3
U_04046,2025-10-27,Grocery,8.95
U_04046,2025-12-08,Grocery,15.56
U_04047,2025-07-12,Home,25.41
U_04047,2025-11-12,Home,15.83
U_04047,2025-11-23,Electronics,17.45
U_04049,2025-07-16,Toys,27.5
U_04050,2025-08-27,Home,41.66
U_04050,2025-10-02,Home,139.56
U_04051,2025-07-24,Toys,27.36
U_04051,2025-10-20,Books,60.16
U_04051,2025-10-30,Toys,27.68
U_04051,2025-12-28,Toys,48.49
U_04052,2025-07-20,Beauty,17.59
U_04052,2025-08-01,Sports,59.49
U_04052,2025-10-11,Beauty,37.38
U_04052,2025-10-31,Grocery,30.98
U_04052,2025-11-16,Beauty,121.17
U_04052,2025-12-07,Sports,115.33
U_04053,2025-08-06,Sports,48.17
U_04053,2025-09-16,Sports,128.06
U_04053,2025-12-11,Sports,30.9
U_04053,2025-12-28,Home,89.86
U_04054,2025-07-12,Books,64.44
U_04054,2025-08-12,Books,156.41
U_04054,2025-10-09,Grocery,105.05
U_04054,2025-10-26,Toys,32.0
U_04055,2025-09-03,Toys,32.8
U_04055,2025-11-19,Sports,52.65
U_04056,2025-10-24,Home,31.46
U_04056,2025-10-29,Fashion,66.22
U_04056,2025-11-20,Home,136.58
U_04056,2025-11-29,Home,143.52
U_04057,2025-10-07,Beauty,36.2
U_04057,2025-11-04,Beauty,65.16
U_04057,2025-11-26,Beauty,29.66
U_04057,2025-12-18,Beauty,35.19
U_04058,2025-08-05,Beauty,36.28
U_04058,2025-09-07,Beauty,51.95
U_04058,2025-10-06,Beauty,124.6
U_04058,2025-11-03,Beauty,45.35
U_04059,2025-10-03,Beauty,13.01
U_04060,2025-07-05,Toys,103.42
U_04060,2025-07-26,Fashion,153.46
U_04060,2025-08-07,Toys,131.71
U_04060,2025-08-24,Beauty,51.57
U_04060,2025-08-29,Toys,107.8
U_04060,2025-09-17,Toys,198.36
U_04061,2025-10-20,Fashion,120.6
U_04061,2025-10-23,Fashion,10.39
U_04061,2025-11-29,Fashion,68.55
U_04062,2025-07-28,Sports,43.88
U_04062,2025-12-02,Fashion,28.2
U_04062,2025-12-25,Grocery,20.77
U_04063,2025-07-30,Electronics,48.12
U_04063,2025-08-16,Electronics,26.53
U_04064,2025-08-31,Grocery,61.22
U_04064,2025-09-11,Grocery,20.56
U_04065,2025-07-27,Home,18.26
U_04065,2025-08-27,Grocery,16.02
U_04066,2025-08-11,Grocery,27.78
U_04066,2025-12-24,Electronics,15.45
U_04066,2025-12-29,Sports,13.85
U_04067,2025-10-22,Toys,19.96
U_04069,2025-08-16,Beauty,157.06
U_04069,2025-09-07,Home,14.32
U_04069,2025-09-15,Home,54.3
U_04069,2025-09-16,Sports,110.88
U_04069,2025-09-17,Home,39.8
U_04069,2025-10-25,Home,31.31
U_04070,2025-10-10,Books,33.09
U_04071,2025-09-30,Books,8.09
U_04071,2025-10-17,Books,25.22
U_04071,2025-11-26,Sports,61.4
U_04071,2025-12-06,Books,31.76
U_04071,2025-12-11,Books,28.48
U_04072,2025-07-04,Grocery,28.96
U_04072,2025-08-23,Toys,43.27
U_04074,2025-09-22,Books,15.03
U_04076,2025-08-06,Beauty,68.38
U_04076,2025-08-23,Home,60.74
U_04076,2025-10-25,Toys,40.89
U_04076,2025-12-08,Beauty,33.27
U_04077,2025-10-25,Home,24.54
U_04078,2025-07-09,Sports,16.98
U_04078,2025-10-02,Sports,44.77
U_04078,2025-11-06,Sports,27.05
U_04078,2025-11-16,Sports,29.99
U_04079,2025-07-19,Fashion,74.92
U_04079,2025-07-31,Books,106.06
U_04079,2025-08-05,Fashion,125.0
U_04079,2025-08-17,Fashion,172.18
U_04079,2025-08-19,Fashion,58.99
U_04079,2025-09-02,Fashion,114.62
U_04079,2025-09-09,Electronics,89.07
U_04079,2025-12-10,Fashion,88.29
U_04080,2025-07-09,Grocery,84.29
U_04080,2025-07-18,Toys,143.03
U_04080,2025-08-11,Sports,236.94
U_04080,2025-08-12,Books,166.98
U_04080,2025-08-27,Grocery,108.56
U_04080,2025-09-03,Sports,173.71
U_04080,2025-09-10,Beauty,41.24
U_04080,2025-09-23,Fashion,239.58
U_04080,2025-10-01,Grocery,55.43
U_04081,2025-09-29,Toys,16.77
U_04081,2025-12-12,Toys,26.47
U_04082,2025-09-16,Sports,18.33
U_04083,2025-07-05,Beauty,31.44
U_04083,2025-08-18,Toys,39.66
U_04083,2025-08-26,Beauty,24.82
U_04083,2025-09-10,Beauty,45.12
U_04083,2025-10-30,Beauty,12.07
U_04084,2025-07-11,Sports,135.23
U_04084,2025-07-13,Sports,235.67
U_04084,2025-10-15,Sports,21.46
U_04085,2025-09-19,Grocery,12.59
U_04087,2025-08-07,Sports,73.13
U_04087,2025-09-06,Electronics,27.64
U_04087,2025-12-12,Electronics,12.0
U_04088,2025-09-11,Toys,64.3
U_04088,2025-09-29,Sports,13.45
U_04088,2025-11-02,Sports,34.46
U_04089,2025-07-05,Home,27.93
U_04089,2025-08-14,Home,103.26
U_04089,2025-08-19,Home,48.82
U_04089,2025-08-26,Home,16.76
U_04089,2025-09-03,Home,68.8
U_04089,2025-09-22,Home,26.43
U_04089,2025-09-27,Home,136.7
U_04089,2025-10-27,Toys,98.42
U_04089,2025-11-20,Home,36.68
U_04089,2025-11-29,Home,54.88
U_04089,2025-12-08,Home,95.65
U_04089,2025-12-19,Home,41.96
U_04089,2025-12-20,Toys,61.34
U_04091,2025-07-20,Books,30.53
U_04091,2025-08-10,Grocery,27.28
U_04091,2025-10-12,Home,30.38
U_04091,2025-11-09,Home,132.19
U_04091,2025-11-10,Toys,24.81
U_04091,2025-11-18,Grocery,9.58
U_04093,2025-08-07,Sports,61.72
U_04093,2025-08-20,Sports,99.38
U_04093,2025-11-28,Sports,52.75
U_04094,2025-07-21,Toys,120.58
U_04094,2025-07-24,Electronics,208.45
U_04094,2025-08-07,Toys,140.83
U_04094,2025-09-07,Toys,151.72
U_04094,2025-11-01,Electronics,20.47
U_04095,2025-10-23,Grocery,24.97
U_04095,2025-12-07,Beauty,32.23
U_04096,2025-07-11,Grocery,75.77
U_04097,2025-08-12,Grocery,58.5
U_04097,2025-10-02,Grocery,6.75
U_04097,2025-11-02,Grocery,87.29
U_04098,2025-07-16,Sports,7.33
U_04098,2025-10-18,Fashion,25.96
U_04098,2025-11-28,Fashion,42.4
U_04099,2025-08-07,Fashion,56.88
U_04099,2025-10-08,Fashion,35.99
U_04100,2025-07-19,Toys,62.58
U_04100,2025-11-18,Sports,38.41
U_04101,2025-07-09,Sports,12.65
U_04101,2025-07-18,Sports,7.1
U_04101,2025-07-22,Sports,20.19
U_04102,2025-07-28,Electronics,46.61
U_04102,2025-08-15,Books,24.13
U_04102,2025-09-02,Books,178.78
U_04102,2025-09-15,Books,107.48
U_04102,2025-10-29,Books,79.12
U_04103,2025-07-17,Electronics,151.88
U_04104,2025-07-28,Books,19.5
U_04104,2025-08-06,Home,34.63
U_04104,2025-08-13,Books,104.43
U_04104,2025-08-20,Books,83.55
U_04104,2025-08-22,Books,41.01
U_04104,2025-08-25,Books,16.77
U_04104,2025-10-17,Beauty,62.62
U_04104,2025-11-24,Books,20.63
U_04104,2025-12-03,Books,107.26
U_04106,2025-07-07,Fashion,125.76
U_04106,2025-07-22,Grocery,25.98
U_04106,2025-08-18,Fashion,11.85
U_04106,2025-09-07,Books,55.79
U_04106,2025-09-18,Fashion,26.25
U_04106,2025-09-24,Fashion,49.72
U_04106,2025-11-02,Fashion,34.1
U_04106,2025-11-05,Books,65.42
U_04106,2025-11-16,Books,56.71
U_04107,2025-08-07,Electronics,82.93
U_04108,2025-08-27,Books,44.12
U_04108,2025-09-14,Electronics,39.76
U_04108,2025-09-23,Beauty,141.03
U_04109,2025-08-18,Beauty,13.53
U_04109,2025-10-29,Beauty,121.1
U_04109,2025-12-05,Beauty,73.78
U_04110,2025-09-28,Fashion,6.47
U_04111,2025-09-30,Beauty,175.47
U_04112,2025-07-26,Beauty,131.51
U_04112,2025-10-11,Grocery,142.71
U_04112,2025-11-01,Beauty,42.92
U_04112,2025-11-24,Fashion,30.67
U_04112,2025-12-29,Beauty,46.6
U_04113,2025-08-01,Fashion,74.1
U_04113,2025-09-01,Fashion,24.94
U_04113,2025-09-25,Fashion,96.04
U_04113,2025-11-01,Books,120.89
U_04113,2025-11-22,Electronics,57.74
U_04114,2025-08-10,Fashion,33.61
U_04114,2025-08-28,Electronics,42.87
U_04114,2025-09-27,Fashion,45.97
U_04115,2025-09-20,Sports,47.75
U_04115,2025-10-04,Toys,44.0
U_04115,2025-10-13,Toys,17.9
U_04115,2025-10-31,Fashion,26.28
U_04117,2025-09-10,Toys,83.41
U_04117,2025-10-13,Toys,8.3
U_04117,2025-11-27,Toys,15.71
U_04117,2025-12-10,Home,99.48
U_04118,2025-08-11,Grocery,12.25
U_04118,2025-09-12,Grocery,19.61
U_04118,2025-09-20,Sports,28.6
U_04119,2025-10-03,Books,19.84
U_04120,2025-08-24,Home,24.68
U_04121,2025-09-06,Beauty,33.73
U_04121,2025-10-19,Beauty,51.65
U_04122,2025-08-12,Books,30.8
U_04124,2025-07-18,Books,51.33
U_04124,2025-09-07,Fashion,119.95
U_04124,2025-09-16,Books,91.11
U_04126,2025-08-10,Electronics,16.06
U_04126,2025-08-18,Electronics,57.63
U_04126,2025-10-07,Electronics,110.59
U_04126,2025-12-20,Electronics,29.86
U_04127,2025-07-25,Grocery,35.29
U_04128,2025-09-23,Home,6.62
U_04128,2025-12-15,Home,12.2
U_04129,2025-08-16,Home,18.9
U_04129,2025-09-07,Fashion,59.22
U_04130,2025-07-13,Grocery,42.36
U_04130,2025-07-24,Fashion,56.65
U_04130,2025-07-30,Fashion,17.15
U_04130,2025-08-13,Books,59.15
U_04130,2025-09-20,Fashion,108.95
U_04130,2025-09-29,Beauty,59.43
U_04130,2025-12-27,Books,11.56
U_04131,2025-07-20,Home,94.43
U_04131,2025-07-29,Home,62.47
U_04131,2025-08-13,Books,43.22
U_04131,2025-09-18,Sports,150.75
U_04131,2025-10-20,Home,334.88
U_04131,2025-10-28,Sports,39.85
U_04131,2025-11-02,Electronics,140.62
U_04131,2025-11-26,Books,17.36
U_04133,2025-08-09,Beauty,29.75
U_04133,2025-08-11,Beauty,82.65
U_04133,2025-10-02,Beauty,81.39
U_04133,2025-10-05,Toys,59.56
U_04133,2025-10-30,Beauty,90.21
U_04136,2025-11-20,Sports,30.67
U_04137,2025-07-17,Home,114.3
U_04137,2025-11-22,Sports,85.89
U_04139,2025-09-18,Grocery,16.9
U_04140,2025-08-27,Electronics,7.91
U_04141,2025-07-10,Books,12.48
U_04141,2025-09-03,Sports,8.25
U_04141,2025-10-15,Books,76.53
U_04141,2025-11-07,Books,39.76
U_04143,2025-07-10,Grocery,22.1
U_04144,2025-07-08,Electronics,75.06
U_04144,2025-08-14,Electronics,31.92
U_04144,2025-09-27,Beauty,36.17
U_04144,2025-11-25,Electronics,123.25
U_04144,2025-12-01,Electronics,72.55
U_04144,2025-12-10,Electronics,158.6
U_04144,2025-12-22,Electronics,72.71
U_04146,2025-09-10,Beauty,83.66
U_04148,2025-08-03,Toys,32.78
U_04148,2025-10-18,Books,16.55
U_04148,2025-11-21,Toys,22.44
U_04148,2025-12-08,Toys,14.32
U_04149,2025-07-13,Beauty,32.48
U_04149,2025-10-01,Beauty,57.41
U_04150,2025-08-04,Toys,40.28
U_04150,2025-09-10,Toys,19.71
U_04150,2025-09-20,Toys,44.64
U_04151,2025-07-11,Electronics,55.32
U_04151,2025-07-14,Sports,98.93
U_04152,2025-07-11,Fashion,55.79
U_04152,2025-08-03,Fashion,91.53
U_04152,2025-08-13,Fashion,97.39
U_04152,2025-09-01,Fashion,140.31
U_04152,2025-09-07,Beauty,14.69
U_04153,2025-07-04,Home,118.12
U_04153,2025-07-07,Home,93.19
U_04153,2025-08-06,Home,61.17
U_04153,2025-08-17,Fashion,116.29
U_04153,2025-08-27,Home,135.26
U_04154,2025-07-27,Beauty,95.49
U_04154,2025-10-21,Beauty,76.34
U_04154,2025-10-22,Beauty,350.03
U_04154,2025-10-31,Beauty,187.14
U_04154,2025-11-04,Beauty,234.21
U_04154,2025-12-17,Beauty,28.66
U_04155,2025-09-15,Electronics,34.69
U_04156,2025-09-04,Home,156.07
U_04156,2025-09-07,Grocery,75.28
U_04156,2025-10-05,Grocery,69.79
U_04157,2025-09-19,Books,53.85
U_04157,2025-09-22,Sports,33.26
U_04157,2025-10-11,Sports,10.2
U_04157,2025-11-19,Sports,8.47
U_04158,2025-08-01,Toys,63.11
U_04158,2025-10-16,Toys,100.84
U_04158,2025-10-22,Toys,11.89
U_04158,2025-11-04,Toys,90.0
U_04159,2025-10-05,Sports,15.34
U_04161,2025-08-22,Toys,64.23
U_04161,2025-10-01,Books,16.79
U_04163,2025-12-18,Home,42.93
U_04164,2025-07-23,Fashion,112.31
U_04164,2025-07-27,Fashion,45.38
U_04164,2025-08-18,Fashion,39.27
U_04164,2025-09-03,Books,41.73
U_04165,2025-08-18,Grocery,22.06
U_04165,2025-10-09,Grocery,13.25
U_04165,2025-12-23,Sports,30.99
U_04165,2025-12-24,Grocery,8.11
U_04166,2025-10-21,Sports,51.46
U_04167,2025-12-03,Electronics,21.81
U_04168,2025-07-14,Books,50.58
U_04169,2025-08-30,Books,46.01
U_04169,2025-10-06,Books,18.71
U_04171,2025-07-12,Sports,55.65
U_04171,2025-11-12,Books,64.78
U_04172,2025-07-31,Home,18.83
U_04172,2025-09-29,Sports,24.55
U_04172,2025-11-09,Sports,13.29
U_04172,2025-12-19,Sports,10.52
U_04174,2025-07-21,Books,35.16
U_04174,2025-08-11,Fashion,17.69
U_04175,2025-11-04,Electronics,12.95
U_04175,2025-11-18,Electronics,25.94
U_04176,2025-07-04,Home,51.65
U_04176,2025-08-28,Fashion,8.45
U_04176,2025-12-29,Home,63.43
U_04177,2025-09-10,Grocery,75.73
U_04177,2025-11-03,Sports,41.16
U_04177,2025-11-08,Grocery,33.2
U_04177,2025-11-24,Grocery,84.97
U_04178,2025-09-10,Home,51.53
U_04178,2025-12-19,Home,25.32
U_04179,2025-07-22,Books,28.92
U_04182,2025-08-07,Fashion,47.13
U_04182,2025-08-30,Fashion,60.65
U_04182,2025-09-19,Fashion,35.87
U_04182,2025-09-21,Fashion,42.85
U_04182,2025-12-29,Beauty,43.34
U_04184,2025-11-07,Home,69.96
U_04185,2025-09-19,Grocery,125.92
U_04187,2025-08-12,Fashion,77.53
U_04187,2025-08-26,Fashion,152.1
U_04188,2025-07-23,Grocery,54.63
U_04190,2025-07-06,Beauty,138.01
U_04190,2025-07-11,Fashion,75.36
U_04190,2025-11-24,Sports,37.04
U_04191,2025-11-05,Fashion,27.69
U_04191,2025-11-16,Grocery,29.19
U_04192,2025-07-12,Home,29.01
U_04192,2025-08-16,Home,76.4
U_04192,2025-09-07,Fashion,31.83
U_04192,2025-09-16,Home,75.79
U_04192,2025-11-20,Home,25.71
U_04192,2025-11-24,Home,109.26
U_04192,2025-12-18,Home,67.75
U_04193,2025-07-21,Grocery,126.04
U_04193,2025-08-30,Toys,21.57
U_04195,2025-07-27,Fashion,22.29
U_04195,2025-08-16,Toys,63.33
U_04195,2025-10-12,Toys,31.05
U_04196,2025-07-15,Beauty,47.79
U_04196,2025-10-16,Fashion,43.78
U_04196,2025-12-11,Sports,43.46
U_04197,2025-08-08,Beauty,95.66
U_04197,2025-08-10,Grocery,35.04
U_04197,2025-09-16,Grocery,122.69
U_04197,2025-10-29,Sports,240.34
U_04197,2025-11-02,Fashion,118.32
U_04197,2025-11-23,Toys,38.23
U_04197,2025-12-07,Grocery,125.27
U_04197,2025-12-13,Grocery,222.03
U_04197,2025-12-16,Grocery,56.61
U_04197,2025-12-22,Sports,198.75
U_04200,2025-08-08,Electronics,70.41
U_04201,2025-09-19,Beauty,41.94
U_04202,2025-08-18,Beauty,16.65
U_04202,2025-12-21,Beauty,9.29
U_04203,2025-08-17,Books,7.56
U_04203,2025-11-30,Books,118.12
U_04203,2025-12-14,Books,20.82
U_04203,2025-12-24,Books,55.4
U_04204,2025-07-25,Books,60.55
U_04204,2025-09-23,Books,34.4
U_04204,2025-09-27,Books,45.93
U_04204,2025-10-03,Electronics,25.7
U_04204,2025-10-04,Books,122.41
U_04204,2025-11-04,Electronics,56.12
U_04204,2025-11-17,Books,30.7
U_04204,2025-12-09,Grocery,37.61
U_04204,2025-12-22,Books,12.6
U_04205,2025-07-11,Toys,50.65
U_04205,2025-07-12,Toys,146.07
U_04205,2025-08-20,Toys,76.24
U_04205,2025-09-27,Toys,48.59
U_04205,2025-10-27,Toys,129.19
U_04205,2025-12-29,Toys,44.04
U_04209,2025-07-21,Grocery,137.98
U_04209,2025-08-12,Grocery,151.79
U_04209,2025-10-05,Beauty,86.4
U_04209,2025-10-14,Grocery,51.41
U_04209,2025-10-18,Grocery,62.81
U_04209,2025-10-23,Grocery,204.13
U_04209,2025-11-02,Grocery,73.31
U_04210,2025-08-29,Grocery,50.08
U_04210,2025-12-12,Fashion,10.09
U_04211,2025-07-11,Sports,22.64
U_04211,2025-07-22,Beauty,38.85
U_04211,2025-08-04,Sports,48.81
U_04211,2025-08-13,Books,49.84
U_04211,2025-09-08,Sports,172.66
U_04211,2025-10-04,Sports,36.69
U_04211,2025-10-23,Sports,62.14
U_04211,2025-11-23,Beauty,12.55
U_04211,2025-12-19,Sports,41.59
U_04212,2025-07-07,Beauty,43.79
U_04212,2025-09-08,Electronics,13.01
U_04212,2025-11-17,Electronics,5.7
U_04214,2025-07-25,Beauty,28.09
U_04214,2025-09-29,Fashion,17.23
U_04215,2025-08-17,Grocery,67.19
U_04215,2025-09-10,Grocery,35.07
U_04215,2025-10-18,Grocery,69.3
U_04215,2025-11-02,Grocery,63.53
U_04215,2025-12-30,Grocery,58.73
U_04216,2025-07-05,Books,113.41
U_04216,2025-07-28,Books,114.27
U_04216,2025-08-08,Books,30.46
U_04216,2025-08-22,Books,27.63
U_04216,2025-08-26,Books,163.83
U_04216,2025-09-21,Grocery,66.88
U_04216,2025-09-29,Home,53.45
U_04216,2025-10-05,Books,136.47
U_04216,2025-10-24,Beauty,142.94
U_04216,2025-11-18,Electronics,138.75
U_04217,2025-09-30,Beauty,49.26
U_04217,2025-10-22,Home,44.64
U_04218,2025-10-10,Books,178.86
U_04218,2025-11-01,Books,131.46
U_04219,2025-07-12,Books,109.39
U_04219,2025-08-14,Electronics,84.08
U_04219,2025-08-25,Books,20.25
U_04219,2025-09-20,Grocery,56.43
U_04219,2025-10-21,Electronics,49.15
U_04219,2025-11-09,Electronics,204.8
U_04220,2025-09-20,Home,104.95
U_04220,2025-09-21,Sports,38.62
U_04220,2025-10-09,Grocery,90.27
U_04221,2025-11-07,Toys,28.99
U_04222,2025-07-09,Electronics,67.42
U_04222,2025-07-27,Sports,57.98
U_04223,2025-07-11,Books,9.83
U_04224,2025-07-25,Fashion,89.82
U_04224,2025-09-30,Fashion,15.14
U_04226,2025-07-29,Books,10.5
U_04227,2025-07-23,Fashion,55.8
U_04227,2025-10-05,Fashion,21.92
U_04227,2025-10-29,Fashion,25.68
U_04227,2025-12-09,Fashion,38.64
U_04228,2025-07-20,Fashion,50.29
U_04228,2025-08-06,Fashion,36.49
U_04228,2025-10-01,Fashion,234.12
U_04228,2025-10-07,Fashion,146.82
U_04228,2025-12-04,Fashion,208.22
U_04229,2025-07-09,Fashion,113.81
U_04229,2025-07-24,Fashion,16.44
U_04229,2025-08-14,Fashion,70.66
U_04229,2025-08-22,Fashion,51.25
U_04232,2025-07-09,Sports,154.17
U_04232,2025-07-19,Sports,51.31
U_04232,2025-09-02,Beauty,180.88
U_04232,2025-10-21,Electronics,164.89
U_04233,2025-08-29,Toys,18.29
U_04233,2025-09-20,Toys,38.04
U_04234,2025-07-11,Toys,48.96
U_04234,2025-07-18,Beauty,20.53
U_04235,2025-09-09,Grocery,37.93
U_04236,2025-08-01,Grocery,29.53
U_04238,2025-11-01,Fashion,87.68
U_04239,2025-08-03,Books,27.33
U_04239,2025-08-15,Beauty,25.7
U_04239,2025-09-26,Fashion,179.47
U_04239,2025-11-26,Fashion,123.36
U_04239,2025-12-03,Beauty,6.42
U_04240,2025-08-22,Home,21.58
U_04242,2025-08-14,Home,41.41
U_04242,2025-11-03,Electronics,76.57
U_04244,2025-08-08,Books,8.61
U_04244,2025-08-20,Books,53.42
U_04244,2025-09-16,Books,18.02
U_04244,2025-11-02,Books,79.23
U_04244,2025-11-07,Books,28.24
U_04244,2025-11-20,Books,60.2
U_04244,2025-11-25,Sports,208.05
U_04244,2025-11-27,Books,23.11
U_04245,2025-07-09,Toys,10.15
U_04245,2025-07-17,Toys,21.43
U_04245,2025-09-11,Electronics,16.55
U_04245,2025-12-11,Toys,22.92
U_04247,2025-08-16,Beauty,26.03
U_04248,2025-09-03,Electronics,38.91
U_04248,2025-10-07,Electronics,34.01
U_04248,2025-10-25,Electronics,45.0
U_04250,2025-10-08,Grocery,59.72
U_04251,2025-09-21,Toys,35.74
U_04253,2025-07-04,Books,52.19
U_04253,2025-08-18,Electronics,11.78
U_04253,2025-12-10,Books,7.48
U_04254,2025-10-10,Home,49.07
U_04256,2025-09-04,Fashion,56.1
U_04257,2025-07-11,Beauty,37.28
U_04257,2025-12-25,Grocery,26.93
U_04258,2025-08-05,Beauty,63.78
U_04260,2025-07-06,Toys,46.75
U_04260,2025-07-18,Toys,62.11
U_04260,2025-09-04,Toys,65.93
U_04260,2025-11-21,Grocery,14.16
U_04261,2025-11-05,Fashion,112.13
U_04261,2025-11-11,Books,53.66
U_04261,2025-12-27,Electronics,55.4
U_04262,2025-07-31,Beauty,23.92
U_04265,2025-07-25,Sports,39.53
U_04265,2025-08-06,Sports,111.62
U_04265,2025-10-15,Fashion,40.2
U_04265,2025-10-22,Sports,61.89
U_04265,2025-11-20,Sports,85.38
U_04267,2025-07-26,Electronics,26.39
U_04267,2025-08-15,Electronics,21.92
U_04268,2025-07-26,Home,36.95
U_04270,2025-10-15,Electronics,18.84
U_04270,2025-12-16,Grocery,39.49
U_04271,2025-07-07,Books,83.97
U_04271,2025-07-19,Fashion,34.17
U_04271,2025-08-15,Books,136.05
U_04271,2025-08-31,Grocery,72.67
U_04271,2025-09-30,Sports,51.91
U_04271,2025-11-12,Books,53.0
U_04271,2025-12-19,Books,72.13
U_04272,2025-09-13,Books,14.65
U_04272,2025-11-04,Books,25.43
U_04273,2025-07-07,Grocery,25.65
U_04273,2025-07-30,Grocery,82.48
U_04273,2025-08-06,Beauty,59.35
U_04274,2025-07-09,Grocery,45.32
U_04274,2025-07-24,Fashion,19.89
U_04274,2025-11-17,Electronics,47.54
U_04275,2025-08-06,Fashion,56.49
U_04275,2025-08-27,Sports,25.02
U_04275,2025-10-07,Toys,127.63
U_04275,2025-11-22,Sports,12.96
U_04276,2025-10-01,Fashion,69.26
U_04277,2025-09-07,Sports,59.23
U_04277,2025-12-01,Books,76.47
U_04278,2025-09-09,Grocery,124.62
U_04278,2025-10-08,Grocery,31.5
U_04278,2025-10-27,Grocery,60.8
U_04279,2025-12-15,Books,27.31
U_04280,2025-07-10,Books,89.76
U_04280,2025-08-08,Grocery,31.76
U_04280,2025-08-31,Fashion,26.69
U_04280,2025-09-29,Books,92.33
U_04282,2025-09-24,Sports,41.71
U_04282,2025-12-13,Beauty,27.83
U_04283,2025-07-31,Toys,22.75
U_04284,2025-07-15,Grocery,47.69
U_04284,2025-08-07,Fashion,87.41
U_04284,2025-08-13,Sports,48.13
U_04284,2025-09-23,Fashion,45.17
U_04284,2025-12-20,Fashion,15.01
U_04284,2025-12-30,Fashion,49.63
U_04285,2025-07-18,Books,32.2
U_04286,2025-08-18,Beauty,111.54
U_04286,2025-10-10,Beauty,154.72
U_04287,2025-07-27,Home,18.99
U_04288,2025-10-15,Beauty,71.34
U_04289,2025-09-12,Home,17.82
U_04289,2025-10-26,Home,57.74
U_04290,2025-12-28,Books,14.47
U_04291,2025-12-17,Electronics,14.87
U_04292,2025-07-20,Books,64.05
U_04293,2025-08-12,Toys,35.69
U_04295,2025-07-18,Beauty,70.06
U_04295,2025-08-05,Electronics,51.66
U_04295,2025-12-27,Grocery,89.63
U_04296,2025-09-07,Home,18.11
U_04296,2025-10-23,Home,66.42
U_04297,2025-07-17,Sports,39.54
U_04297,2025-09-23,Sports,45.32
U_04297,2025-10-11,Sports,73.18
U_04297,2025-12-12,Toys,58.62
U_04298,2025-09-28,Electronics,24.65
U_04298,2025-10-05,Books,24.41
U_04299,2025-08-31,Sports,91.9
U_04299,2025-09-07,Books,79.29
U_04300,2025-08-11,Books,20.92
U_04303,2025-08-03,Fashion,83.04
U_04303,2025-08-27,Toys,171.09
U_04303,2025-12-15,Grocery,47.29
U_04305,2025-07-04,Sports,29.98
U_04305,2025-07-09,Sports,51.97
U_04305,2025-08-05,Toys,205.29
U_04305,2025-08-19,Sports,115.27
U_04305,2025-10-01,Books,104.83
U_04308,2025-07-16,Home,105.23
U_04308,2025-07-23,Home,94.68
U_04308,2025-08-14,Home,143.88
U_04308,2025-11-14,Home,136.22
U_04309,2025-07-08,Toys,68.07
U_04309,2025-09-17,Books,52.21
U_04310,2025-07-28,Grocery,95.07
U_04310,2025-09-17,Grocery,37.11
U_04312,2025-07-13,Grocery,91.09
U_04312,2025-08-31,Books,89.09
U_04312,2025-12-06,Toys,39.2
U_04313,2025-09-11,Electronics,48.24
U_04314,2025-07-28,Sports,38.42
U_04314,2025-08-08,Toys,13.16
U_04314,2025-08-27,Sports,10.91
U_04314,2025-10-09,Home,16.12
U_04315,2025-09-02,Beauty,41.28
U_04316,2025-07-18,Home,10.09
U_04316,2025-07-24,Home,21.98
U_04317,2025-07-10,Toys,49.47
U_04317,2025-08-29,Toys,75.8
U_04317,2025-11-28,Toys,9.91
U_04319,2025-09-20,Toys,22.31
U_04319,2025-10-14,Toys,13.26
U_04320,2025-08-13,Home,25.41
U_04320,2025-08-30,Fashion,21.24
U_04321,2025-09-15,Sports,36.83
U_04322,2025-07-25,Toys,64.26
U_04322,2025-07-31,Home,48.64
U_04322,2025-08-09,Home,21.61
U_04322,2025-11-21,Home,8.58
U_04323,2025-08-26,Sports,9.32
U_04324,2025-08-21,Books,40.05
U_04324,2025-09-11,Sports,50.93
U_04326,2025-08-07,Sports,29.51
U_04326,2025-08-23,Sports,33.41
U_04326,2025-09-19,Sports,16.04
U_04327,2025-08-04,Electronics,52.73
U_04327,2025-12-09,Fashion,12.57
U_04327,2025-12-13,Fashion,14.2
U_04328,2025-07-07,Beauty,46.08
U_04328,2025-09-05,Toys,102.37
U_04328,2025-09-21,Toys,166.46
U_04329,2025-07-23,Home,25.53
U_04329,2025-08-23,Sports,40.12
U_04329,2025-08-25,Grocery,30.42
U_04330,2025-07-25,Toys,53.23
U_04330,2025-07-30,Toys,70.53
U_04330,2025-10-19,Toys,22.98
U_04332,2025-07-09,Toys,43.05
U_04335,2025-08-29,Sports,119.15
U_04335,2025-09-23,Home,84.61
U_04336,2025-08-31,Books,45.58
U_04337,2025-10-13,Books,12.21
U_04337,2025-10-23,Books,14.97
U_04338,2025-10-18,Sports,21.85
U_04339,2025-07-06,Fashion,41.43
U_04339,2025-07-19,Fashion,20.5
U_04339,2025-07-29,Toys,48.87
U_04339,2025-08-08,Electronics,49.69
U_04339,2025-09-14,Toys,176.46
U_04339,2025-09-27,Toys,126.65
U_04339,2025-10-26,Toys,44.33
U_04340,2025-11-13,Grocery,25.51
U_04341,2025-07-15,Beauty,160.38
U_04341,2025-07-22,Beauty,17.29
U_04341,2025-07-23,Books,89.9
U_04341,2025-07-24,Electronics,139.73
U_04341,2025-08-29,Beauty,20.68
U_04341,2025-09-30,Books,71.24
U_04341,2025-10-04,Sports,176.08
U_04341,2025-10-08,Beauty,46.54
U_04341,2025-10-21,Books,43.27
U_04341,2025-10-26,Beauty,101.12
U_04341,2025-11-30,Books,40.73
U_04341,2025-12-09,Books,175.4
U_04342,2025-07-09,Electronics,57.67
U_04342,2025-08-08,Electronics,21.47
U_04342,2025-08-23,Electronics,98.01
U_04344,2025-07-09,Electronics,36.62
U_04344,2025-10-06,Electronics,57.93
U_04344,2025-10-10,Electronics,32.44
U_04344,2025-10-21,Electronics,21.1
U_04344,2025-12-30,Electronics,14.35
U_04345,2025-07-30,Electronics,56.33
U_04346,2025-08-22,Fashion,36.79
U_04346,2025-09-26,Fashion,56.43
U_04346,2025-10-02,Fashion,42.56
U_04347,2025-12-05,Grocery,77.21
U_04347,2025-12-16,Grocery,63.23
U_04348,2025-12-13,Electronics,34.31
U_04348,2025-12-21,Fashion,70.12
U_04349,2025-07-24,Books,13.63
U_04349,2025-11-24,Fashion,93.36
U_04350,2025-09-12,Sports,43.11
U_04351,2025-08-24,Grocery,62.61
U_04352,2025-09-02,Fashion,28.75
U_04352,2025-12-28,Grocery,25.78
U_04353,2025-07-21,Electronics,163.13
U_04353,2025-08-14,Home,121.36
U_04353,2025-09-21,Home,56.74
U_04353,2025-09-25,Home,139.76
U_04353,2025-11-09,Home,67.72
U_04353,2025-12-04,Home,16.07
U_04353,2025-12-18,Home,45.7
U_04354,2025-07-16,Electronics,42.34
U_04354,2025-08-13,Grocery,59.75
U_04354,2025-09-17,Electronics,67.69
U_04354,2025-10-06,Beauty,42.81
U_04354,2025-12-22,Electronics,25.48
U_04355,2025-08-06,Sports,27.12
U_04355,2025-08-16,Sports,20.15
U_04355,2025-09-10,Electronics,31.12
U_04357,2025-11-06,Fashion,21.63
U_04358,2025-07-17,Electronics,166.75
U_04358,2025-07-18,Electronics,120.24
U_04358,2025-09-28,Electronics,62.36
U_04359,2025-11-23,Home,13.32
U_04360,2025-07-23,Toys,78.6
U_04360,2025-08-07,Sports,65.78
U_04360,2025-08-26,Toys,13.74
U_04360,2025-09-04,Sports,181.91
U_04360,2025-10-07,Toys,60.37
U_04360,2025-11-03,Books,26.74
U_04360,2025-12-12,Toys,45.28
U_04360,2025-12-17,Toys,55.02
U_04361,2025-10-18,Toys,85.14
U_04362,2025-07-23,Beauty,55.78
U_04362,2025-09-06,Beauty,28.4
U_04363,2025-08-23,Electronics,16.73
U_04363,2025-08-29,Grocery,28.35
U_04365,2025-10-15,Books,12.03
U_04365,2025-11-04,Toys,23.78
U_04365,2025-11-10,Toys,25.51
U_04365,2025-11-30,Toys,87.0
U_04366,2025-07-19,Toys,39.71
U_04366,2025-08-01,Toys,19.11
U_04366,2025-09-07,Toys,77.12
U_04366,2025-10-01,Fashion,19.25
U_04366,2025-10-15,Toys,36.88
U_04366,2025-10-29,Toys,10.97
U_04366,2025-11-03,Toys,16.86
U_04366,2025-12-12,Toys,20.76
U_04366,2025-12-13,Toys,49.22
U_04367,2025-08-08,Home,109.87
U_04367,2025-08-22,Home,24.43
U_04367,2025-09-14,Books,63.33
U_04367,2025-09-21,Home,60.43
U_04367,2025-10-14,Home,99.03
U_04368,2025-12-26,Electronics,10.89
U_04369,2025-07-16,Sports,436.36
U_04369,2025-08-07,Sports,306.17
U_04369,2025-09-05,Fashion,81.71
U_04369,2025-11-12,Fashion,49.38
U_04369,2025-11-22,Sports,134.44
U_04369,2025-12-02,Sports,84.64
U_04369,2025-12-04,Sports,87.28
U_04369,2025-12-10,Sports,33.07
U_04370,2025-07-11,Fashion,23.14
U_04370,2025-08-27,Fashion,24.56
U_04370,2025-09-13,Fashion,42.6
U_04370,2025-11-30,Fashion,26.6
U_04371,2025-11-24,Books,41.75
U_04372,2025-07-26,Toys,20.95
U_04372,2025-08-31,Home,20.55
U_04372,2025-10-20,Grocery,7.42
U_04372,2025-11-11,Electronics,61.18
U_04372,2025-12-14,Fashion,38.64
U_04372,2025-12-29,Grocery,20.87
U_04373,2025-07-17,Toys,63.41
U_04373,2025-07-22,Toys,19.65
U_04373,2025-10-11,Toys,71.19
U_04373,2025-10-14,Toys,87.76
U_04373,2025-12-08,Toys,80.08
U_04374,2025-07-26,Toys,102.48
U_04374,2025-11-24,Toys,54.33
U_04375,2025-11-06,Home,8.72
U_04376,2025-07-09,Books,239.75
U_04376,2025-07-16,Grocery,86.47
U_04376,2025-08-15,Home,39.79
U_04376,2025-08-16,Books,114.67
U_04376,2025-10-18,Books,75.08
U_04376,2025-11-10,Home,168.36
U_04379,2025-07-10,Home,56.22
U_04379,2025-09-30,Beauty,29.36
U_04379,2025-12-13,Electronics,8.86
U_04379,2025-12-18,Toys,67.59
U_04380,2025-07-20,Toys,130.4
U_04383,2025-07-07,Books,26.21
U_04383,2025-08-02,Books,67.77
U_04383,2025-08-08,Books,50.38
U_04383,2025-08-17,Sports,38.78
U_04383,2025-09-26,Books,68.36
U_04383,2025-11-15,Sports,80.67
U_04384,2025-08-03,Sports,119.62
U_04384,2025-08-17,Sports,68.56
U_04384,2025-08-25,Sports,91.09
U_04384,2025-09-22,Sports,108.69
U_04384,2025-10-22,Home,95.01
U_04384,2025-11-09,Sports,16.22
U_04384,2025-11-14,Sports,36.62
U_04384,2025-12-11,Sports,150.13
U_04384,2025-12-13,Sports,102.89
U_04385,2025-09-01,Books,31.87
U_04387,2025-08-09,Sports,89.3
U_04390,2025-07-11,Sports,135.57
U_04390,2025-08-25,Sports,58.84
U_04390,2025-08-27,Beauty,99.23
U_04390,2025-08-30,Toys,108.12
U_04390,2025-10-22,Sports,286.65
U_04390,2025-10-31,Sports,41.77
U_04390,2025-11-09,Sports,60.53
U_04390,2025-11-16,Books,128.42
U_04390,2025-12-07,Home,105.61
U_04390,2025-12-21,Beauty,52.22
U_04390,2025-12-26,Sports,157.87
U_04391,2025-07-10,Books,10.94
U_04391,2025-07-14,Beauty,30.14
U_04391,2025-07-16,Toys,13.12
U_04391,2025-08-31,Books,36.13
U_04391,2025-09-30,Books,32.33
U_04394,2025-09-29,Home,29.09
U_04396,2025-10-26,Grocery,7.52
U_04397,2025-07-19,Fashion,88.48
U_04397,2025-08-06,Fashion,48.65
U_04397,2025-08-24,Fashion,218.89
U_04398,2025-08-29,Sports,25.38
U_04398,2025-09-01,Sports,24.58
U_04398,2025-11-14,Sports,10.5
U_04399,2025-07-14,Sports,27.21
U_04399,2025-08-13,Grocery,75.25
U_04399,2025-08-23,Sports,19.04
U_04399,2025-10-01,Sports,45.22
U_04399,2025-10-24,Grocery,8.02
U_04399,2025-11-08,Electronics,20.61
U_04399,2025-11-09,Books,175.27
U_04401,2025-07-24,Electronics,21.92
U_04403,2025-08-05,Grocery,65.72
U_04403,2025-08-22,Grocery,48.23
U_04403,2025-11-20,Grocery,94.63
U_04403,2025-12-04,Electronics,17.1
U_04403,2025-12-30,Grocery,42.16
U_04404,2025-07-25,Home,239.98
U_04404,2025-07-31,Sports,44.0
U_04404,2025-08-17,Toys,99.06
U_04404,2025-09-05,Electronics,154.75
U_04404,2025-09-08,Home,13.57
U_04404,2025-10-02,Home,96.06
U_04404,2025-10-27,Electronics,7.88
U_04404,2025-11-09,Home,151.36
U_04404,2025-11-10,Home,45.9
U_04404,2025-11-19,Home,153.94
U_04404,2025-12-09,Electronics,52.45
U_04404,2025-12-28,Electronics,313.1
U_04405,2025-11-03,Beauty,25.55
U_04406,2025-09-09,Fashion,38.92
U_04406,2025-10-22,Fashion,6.12
U_04406,2025-10-26,Sports,13.22
U_04406,2025-10-30,Sports,28.13
U_04406,2025-11-11,Sports,23.09
U_04406,2025-11-14,Electronics,29.52
U_04407,2025-07-24,Fashion,140.31
U_04407,2025-08-05,Toys,24.44
U_04407,2025-08-15,Toys,79.9
U_04407,2025-08-17,Toys,219.83
U_04407,2025-09-24,Toys,47.17
U_04407,2025-10-07,Toys,103.25
U_04407,2025-10-30,Toys,75.15
U_04407,2025-11-24,Toys,30.91
U_04407,2025-12-30,Toys,32.98
U_04408,2025-09-30,Grocery,42.41
U_04410,2025-07-17,Grocery,11.02
U_04412,2025-09-16,Fashion,59.38
U_04412,2025-10-11,Fashion,16.08
U_04413,2025-12-22,Sports,25.49
U_04414,2025-07-12,Fashion,117.91
U_04414,2025-08-30,Electronics,41.26
U_04414,2025-09-08,Electronics,73.78
U_04414,2025-09-22,Electronics,54.15
U_04414,2025-09-29,Grocery,69.65
U_04414,2025-10-01,Electronics,185.19
U_04414,2025-10-03,Electronics,38.19
U_04414,2025-12-04,Electronics,54.6
U_04415,2025-07-09,Electronics,48.6
U_04415,2025-07-16,Electronics,72.28
U_04415,2025-07-27,Fashion,21.04
U_04415,2025-11-11,Fashion,103.41
U_04416,2025-08-14,Fashion,59.33
U_04416,2025-08-19,Fashion,20.19
U_04418,2025-08-29,Toys,13.31
U_04418,2025-10-16,Toys,192.46
U_04418,2025-10-19,Toys,84.57
U_04418,2025-11-25,Toys,72.45
U_04418,2025-12-09,Toys,260.68
U_04418,2025-12-12,Toys,59.42
U_04420,2025-08-08,Sports,37.04
U_04420,2025-10-17,Beauty,18.31
U_04420,2025-10-22,Beauty,29.86
U_04422,2025-07-09,Beauty,54.81
U_04422,2025-08-03,Beauty,117.75
U_04422,2025-08-28,Electronics,101.79
U_04422,2025-11-07,Books,39.25
U_04423,2025-07-09,Beauty,40.06
U_04423,2025-07-13,Sports,35.4
U_04423,2025-08-13,Grocery,86.24
U_04423,2025-08-20,Fashion,36.96
U_04423,2025-11-18,Beauty,21.88
U_04424,2025-07-27,Books,69.9
U_04424,2025-10-25,Home,159.55
U_04426,2025-11-29,Beauty,63.43
U_04428,2025-08-18,Beauty,57.81
U_04429,2025-07-16,Fashion,99.86
U_04429,2025-10-06,Toys,70.1
U_04430,2025-10-16,Toys,16.03
U_04430,2025-11-16,Books,95.57
U_04431,2025-07-10,Electronics,49.78
U_04431,2025-07-25,Fashion,213.78
U_04431,2025-08-04,Toys,73.2
U_04431,2025-08-25,Toys,77.98
U_04431,2025-10-05,Toys,160.49
U_04432,2025-07-04,Fashion,149.01
U_04433,2025-10-28,Electronics,85.75
U_04434,2025-07-11,Beauty,15.48
U_04434,2025-07-13,Beauty,36.92
U_04434,2025-10-02,Grocery,36.26
U_04434,2025-11-20,Sports,52.0
U_04437,2025-08-06,Beauty,27.79
U_04437,2025-11-13,Toys,39.71
U_04437,2025-11-30,Beauty,73.3
U_04438,2025-10-15,Electronics,43.65
U_04438,2025-11-01,Grocery,81.33
U_04438,2025-11-09,Beauty,35.98
U_04439,2025-08-29,Grocery,26.11
U_04439,2025-09-14,Books,7.82
U_04439,2025-12-24,Home,14.57
U_04439,2025-12-30,Sports,31.76
U_04441,2025-08-15,Toys,61.45
U_04441,2025-10-23,Toys,15.99
U_04441,2025-10-30,Home,14.34
U_04441,2025-11-10,Sports,18.08
U_04441,2025-11-12,Toys,23.26
U_04441,2025-12-22,Toys,48.58
U_04442,2025-07-19,Grocery,46.83
U_04442,2025-08-12,Toys,62.09
U_04442,2025-09-07,Grocery,17.69
U_04442,2025-10-09,Sports,27.3
U_04442,2025-12-14,Grocery,61.59
U_04443,2025-07-26,Home,51.26
U_04445,2025-08-03,Fashion,31.6
U_04446,2025-07-08,Electronics,230.56
U_04446,2025-07-09,Fashion,187.76
U_04446,2025-07-26,Books,43.92
U_04446,2025-07-31,Electronics,80.45
U_04446,2025-08-10,Fashion,20.45
U_04446,2025-09-15,Fashion,47.02
U_04446,2025-10-01,Sports,85.74
U_04446,2025-12-10,Electronics,102.01
U_04447,2025-07-06,Fashion,25.41
U_04447,2025-07-20,Grocery,24.9
U_04447,2025-08-16,Fashion,96.36
U_04447,2025-08-24,Home,197.95
U_04447,2025-09-02,Home,73.22
U_04447,2025-09-17,Fashion,48.74
U_04447,2025-11-02,Fashion,154.06
U_04447,2025-12-24,Fashion,159.31
U_04449,2025-09-04,Fashion,45.33
U_04450,2025-08-13,Beauty,27.85
U_04450,2025-12-02,Sports,38.42
U_04450,2025-12-14,Beauty,39.66
U_04451,2025-08-10,Grocery,11.5
U_04451,2025-08-13,Beauty,15.63
U_04451,2025-08-26,Toys,26.03
U_04451,2025-09-06,Home,24.54
U_04452,2025-09-10,Electronics,25.79
U_04452,2025-09-12,Electronics,75.46
U_04452,2025-12-24,Electronics,62.58
U_04453,2025-07-28,Toys,8.64
U_04453,2025-08-20,Sports,40.97
U_04454,2025-07-24,Grocery,42.88
U_04454,2025-08-06,Sports,20.54
U_04456,2025-08-29,Toys,111.48
U_04456,2025-12-07,Toys,52.81
U_04456,2025-12-16,Home,36.61
U_04458,2025-08-08,Beauty,16.25
U_04458,2025-08-14,Beauty,82.11
U_04458,2025-09-20,Beauty,47.72
U_04458,2025-10-01,Beauty,35.0
U_04459,2025-07-04,Grocery,115.1
U_04459,2025-07-20,Toys,87.69
U_04459,2025-08-03,Beauty,124.19
U_04459,2025-08-19,Grocery,16.5
U_04459,2025-09-27,Grocery,38.1
U_04459,2025-10-29,Grocery,40.49
U_04459,2025-12-20,Grocery,29.34
U_04460,2025-08-15,Home,30.05
U_04460,2025-10-10,Home,61.48
U_04462,2025-07-28,Electronics,60.86
U_04462,2025-09-29,Sports,52.48
U_04462,2025-10-16,Books,46.0
U_04462,2025-11-02,Toys,69.39
U_04462,2025-11-18,Sports,26.86
U_04462,2025-11-29,Books,84.39
U_04462,2025-12-01,Grocery,53.74
U_04462,2025-12-12,Home,45.4
U_04464,2025-09-24,Toys,47.59
U_04464,2025-10-04,Sports,51.99
U_04465,2025-07-15,Electronics,16.96
U_04467,2025-07-05,Toys,27.32
U_04467,2025-07-31,Home,97.24
U_04467,2025-08-08,Home,44.82
U_04467,2025-09-10,Toys,121.84
U_04467,2025-10-28,Toys,12.83
U_04467,2025-11-11,Home,31.49
U_04467,2025-12-08,Sports,48.5
U_04467,2025-12-23,Beauty,131.51
U_04468,2025-07-15,Home,18.99
U_04468,2025-07-23,Home,8.58
U_04469,2025-09-19,Toys,35.75
U_04469,2025-10-22,Grocery,103.1
U_04471,2025-09-09,Toys,70.21
U_04472,2025-07-24,Fashion,141.69
U_04472,2025-08-27,Fashion,49.47
U_04472,2025-09-20,Sports,77.54
U_04472,2025-09-27,Sports,102.06
U_04472,2025-10-25,Home,196.7
U_04472,2025-11-05,Grocery,21.18
U_04472,2025-11-20,Sports,43.9
U_04472,2025-12-10,Sports,172.31
U_04473,2025-08-29,Home,240.02
U_04473,2025-09-19,Home,198.16
U_04476,2025-08-03,Home,26.4
U_04476,2025-08-15,Home,24.79
U_04476,2025-11-27,Home,53.96
U_04477,2025-08-09,Electronics,17.3
U_04477,2025-09-15,Electronics,54.45
U_04477,2025-10-03,Electronics,10.54
U_04478,2025-07-27,Toys,15.6
U_04478,2025-10-14,Toys,61.98
U_04478,2025-11-14,Toys,49.5
U_04478,2025-12-21,Toys,36.71
U_04478,2025-12-23,Toys,65.19
U_04479,2025-08-10,Grocery,11.16
U_04479,2025-09-10,Grocery,38.47
U_04480,2025-08-09,Fashion,58.63
U_04480,2025-08-31,Toys,60.83
U_04480,2025-09-01,Fashion,53.11
U_04480,2025-12-05,Fashion,191.16
U_04482,2025-07-17,Grocery,233.19
U_04482,2025-07-31,Toys,10.65
U_04482,2025-08-29,Electronics,83.22
U_04482,2025-09-01,Sports,93.81
U_04482,2025-09-11,Electronics,133.6
U_04482,2025-09-19,Electronics,14.67
U_04482,2025-10-01,Grocery,114.56
U_04482,2025-10-24,Electronics,335.75
U_04482,2025-11-26,Electronics,18.66
U_04482,2025-12-03,Electronics,133.09
U_04483,2025-12-01,Fashion,30.94
U_04484,2025-07-28,Toys,29.68
U_04484,2025-08-16,Toys,59.67
U_04484,2025-08-20,Toys,51.33
U_04484,2025-09-18,Toys,62.17
U_04484,2025-11-06,Toys,45.42
U_04484,2025-12-28,Toys,88.71
U_04485,2025-08-21,Beauty,25.73
U_04486,2025-07-14,Fashion,119.56
U_04486,2025-09-24,Books,133.25
U_04486,2025-12-04,Electronics,14.44
U_04486,2025-12-20,Electronics,48.27
U_04487,2025-07-18,Electronics,45.18
U_04487,2025-07-28,Home,42.93
U_04487,2025-11-16,Home,122.8
U_04487,2025-11-28,Toys,168.89
U_04487,2025-12-08,Electronics,60.98
U_04488,2025-09-01,Sports,29.42
U_04488,2025-12-22,Sports,51.47
U_04489,2025-07-13,Beauty,33.3
U_04490,2025-08-20,Beauty,19.79
U_04490,2025-12-08,Beauty,58.41
U_04492,2025-07-04,Toys,58.81
U_04495,2025-09-20,Electronics,155.35
U_04496,2025-10-24,Electronics,31.38
U_04497,2025-07-08,Electronics,100.14
U_04497,2025-07-14,Electronics,61.54
U_04497,2025-08-31,Electronics,96.48
U_04497,2025-09-17,Electronics,100.77
U_04497,2025-10-25,Electronics,82.88
U_04498,2025-08-16,Fashion,149.71
U_04498,2025-08-29,Toys,93.08
U_04498,2025-09-07,Electronics,80.36
U_04498,2025-10-12,Beauty,115.87
U_04498,2025-11-05,Beauty,132.8
U_04499,2025-07-11,Toys,94.56
U_04499,2025-07-12,Toys,117.28
U_04499,2025-09-09,Beauty,28.84
U_04499,2025-10-22,Toys,57.82
U_04499,2025-12-14,Toys,22.1
U_04499,2025-12-19,Toys,75.4
U_04499,2025-12-27,Toys,71.33
U_04500,2025-08-23,Home,39.57
U_04500,2025-09-06,Home,33.72
U_04500,2025-09-24,Home,30.06
U_04500,2025-10-24,Home,59.47
U_04500,2025-12-01,Home,58.44
U_04500,2025-12-21,Home,71.9
U_04502,2025-10-20,Home,87.12
U_04502,2025-11-11,Home,10.59
U_04502,2025-11-26,Home,70.89
U_04504,2025-10-20,Home,11.45
U_04507,2025-08-03,Electronics,43.91
U_04507,2025-08-04,Beauty,12.17
U_04507,2025-08-05,Electronics,155.8
U_04507,2025-08-24,Beauty,69.47
U_04507,2025-09-12,Electronics,43.73
U_04507,2025-09-16,Beauty,93.83
U_04507,2025-10-26,Beauty,82.66
U_04507,2025-11-26,Beauty,70.05
U_04508,2025-07-27,Home,30.44
U_04509,2025-07-12,Fashion,36.5
U_04509,2025-07-30,Fashion,33.36
U_04509,2025-09-30,Fashion,159.76
U_04509,2025-11-30,Electronics,63.22
U_04509,2025-12-09,Fashion,182.02
U_04510,2025-07-22,Electronics,10.98
U_04512,2025-07-21,Books,69.99
U_04512,2025-07-27,Electronics,9.45
U_04512,2025-08-08,Electronics,55.93
U_04512,2025-08-18,Books,137.34
U_04512,2025-10-11,Electronics,55.07
U_04512,2025-10-12,Books,68.88
U_04512,2025-11-08,Beauty,56.24
U_04512,2025-11-20,Grocery,36.15
U_04512,2025-11-29,Books,34.43
U_04514,2025-11-16,Sports,52.43
U_04516,2025-10-16,Grocery,33.98
U_04517,2025-09-07,Grocery,17.09
U_04518,2025-07-30,Toys,11.71
U_04518,2025-08-12,Grocery,16.13
U_04520,2025-07-29,Beauty,117.22
U_04520,2025-08-27,Sports,103.58
U_04520,2025-09-10,Beauty,25.25
U_04520,2025-09-21,Electronics,51.69
U_04520,2025-11-01,Electronics,222.16
U_04522,2025-07-11,Beauty,73.4
U_04522,2025-07-14,Sports,131.61
U_04522,2025-07-16,Sports,37.43
U_04522,2025-08-27,Toys,71.69
U_04522,2025-09-22,Sports,82.62
U_04522,2025-12-14,Sports,26.89
U_04522,2025-12-18,Sports,214.19
U_04523,2025-09-21,Sports,13.32
U_04524,2025-07-09,Books,10.73
U_04524,2025-09-08,Beauty,31.96
U_04524,2025-09-20,Books,8.65
U_04524,2025-12-10,Books,14.49
U_04525,2025-07-15,Toys,47.06
U_04525,2025-07-18,Fashion,170.63
U_04525,2025-07-31,Toys,24.78
U_04525,2025-10-23,Books,153.11
U_04525,2025-11-02,Toys,133.03
U_04525,2025-11-24,Books,102.18
U_04525,2025-12-14,Books,70.08
U_04527,2025-08-09,Toys,34.13
U_04527,2025-12-01,Books,15.53
U_04528,2025-08-14,Books,17.14
U_04529,2025-07-13,Electronics,23.42
U_04529,2025-10-06,Grocery,52.72
U_04529,2025-12-01,Electronics,119.44
U_04530,2025-08-21,Sports,33.41
U_04530,2025-09-13,Books,8.96
U_04530,2025-10-11,Books,72.98
U_04530,2025-11-15,Books,14.39
U_04530,2025-12-23,Books,23.26
U_04533,2025-07-23,Toys,107.03
U_04533,2025-07-28,Electronics,144.28
U_04533,2025-08-17,Toys,191.63
U_04533,2025-08-18,Toys,91.12
U_04533,2025-08-24,Electronics,236.68
U_04533,2025-09-25,Electronics,22.3
U_04533,2025-10-07,Electronics,43.55
U_04533,2025-10-19,Toys,94.72
U_04533,2025-12-18,Electronics,76.11
U_04535,2025-12-18,Grocery,33.05
U_04536,2025-07-16,Fashion,39.18
U_04536,2025-07-22,Electronics,25.85
U_04537,2025-09-06,Fashion,57.21
U_04537,2025-10-05,Books,43.98
U_04537,2025-10-07,Fashion,68.88
U_04537,2025-11-14,Fashion,99.29
U_04537,2025-12-29,Beauty,73.9
U_04538,2025-10-09,Beauty,11.05
U_04538,2025-10-15,Beauty,81.78
U_04539,2025-11-05,Electronics,41.93
U_04540,2025-08-30,Grocery,27.95
U_04540,2025-09-11,Sports,164.21
U_04540,2025-10-07,Grocery,99.53
U_04540,2025-12-07,Beauty,58.78
U_04540,2025-12-19,Grocery,17.77
U_04542,2025-07-12,Books,89.0
U_04542,2025-08-10,Grocery,62.61
U_04543,2025-07-09,Toys,61.29
U_04543,2025-10-22,Toys,287.05
U_04543,2025-10-27,Toys,65.05
U_04543,2025-10-30,Toys,16.7
U_04543,2025-11-21,Toys,75.41
U_04543,2025-11-29,Toys,19.83
U_04543,2025-12-12,Toys,70.93
U_04543,2025-12-14,Toys,121.65
U_04543,2025-12-20,Toys,57.39
U_04543,2025-12-21,Toys,98.84
U_04544,2025-09-19,Home,37.18
U_04546,2025-11-09,Beauty,62.09
U_04546,2025-12-15,Sports,12.42
U_04547,2025-07-21,Fashion,22.31
U_04547,2025-12-12,Fashion,48.8
U_04548,2025-09-19,Fashion,104.34
U_04549,2025-11-03,Sports,20.37
U_04550,2025-08-17,Electronics,9.52
U_04552,2025-08-15,Home,30.63
U_04553,2025-11-22,Toys,15.2
U_04554,2025-08-18,Electronics,68.42
U_04554,2025-08-26,Electronics,57.2
U_04554,2025-09-18,Electronics,91.14
U_04554,2025-09-24,Electronics,48.06
U_04554,2025-11-15,Electronics,102.42
U_04554,2025-12-25,Grocery,182.89
U_04555,2025-07-19,Home,24.19
U_04556,2025-07-14,Sports,141.88
U_04556,2025-07-17,Sports,22.72
U_04556,2025-07-19,Sports,162.94
U_04556,2025-09-12,Sports,48.14
U_04557,2025-12-30,Beauty,18.95
U_04558,2025-07-19,Fashion,12.38
U_04558,2025-07-30,Sports,14.99
U_04558,2025-08-04,Fashion,15.28
U_04558,2025-09-07,Fashion,49.69
U_04560,2025-08-03,Books,24.85
U_04560,2025-10-11,Books,46.45
U_04560,2025-10-13,Grocery,83.14
U_04562,2025-08-22,Toys,31.15
U_04563,2025-07-10,Grocery,8.97
U_04565,2025-09-05,Books,23.94
U_04565,2025-10-06,Books,28.34
U_04565,2025-10-28,Books,31.18
U_04565,2025-12-01,Toys,24.32
U_04565,2025-12-06,Books,42.33
U_04566,2025-08-07,Beauty,73.33
U_04566,2025-08-30,Home,143.81
U_04566,2025-09-20,Sports,37.22
U_04566,2025-10-20,Grocery,95.41
U_04566,2025-12-20,Home,103.37
U_04567,2025-10-21,Fashion,12.77
U_04567,2025-10-29,Electronics,33.22
U_04568,2025-07-28,Beauty,27.55
U_04568,2025-08-04,Grocery,102.01
U_04568,2025-08-13,Beauty,49.84
U_04568,2025-10-08,Beauty,38.95
U_04568,2025-12-12,Beauty,27.23
U_04568,2025-12-26,Beauty,18.96
U_04569,2025-10-25,Fashion,12.24
U_04569,2025-12-21,Beauty,12.86
U_04571,2025-08-02,Sports,14.06
U_04571,2025-08-09,Toys,16.26
U_04571,2025-10-15,Sports,12.5
U_04572,2025-07-25,Fashion,18.63
U_04572,2025-08-29,Fashion,32.84
U_04572,2025-11-27,Home,91.93
U_04573,2025-08-31,Toys,11.8
U_04573,2025-09-26,Books,26.14
U_04573,2025-10-02,Fashion,13.29
U_04573,2025-11-24,Fashion,21.61
U_04574,2025-11-29,Grocery,36.81
U_04575,2025-09-09,Grocery,33.98
U_04575,2025-09-15,Books,39.67
U_04577,2025-07-11,Electronics,71.44
U_04577,2025-07-22,Toys,91.43
U_04578,2025-07-22,Fashion,87.6
U_04578,2025-12-18,Toys,62.14
U_04579,2025-08-18,Grocery,27.18
U_04581,2025-08-04,Electronics,16.93
U_04581,2025-12-29,Beauty,17.06
U_04582,2025-11-25,Beauty,11.47
U_04583,2025-07-05,Sports,5.33
U_04583,2025-07-08,Toys,14.25
U_04583,2025-08-13,Books,64.13
U_04583,2025-09-26,Grocery,19.42
U_04583,2025-11-27,Toys,70.14
U_04584,2025-07-27,Beauty,16.69
U_04584,2025-09-08,Fashion,66.82
U_04584,2025-10-19,Fashion,54.09
U_04584,2025-11-26,Home,15.47
U_04587,2025-08-21,Beauty,47.14
U_04587,2025-08-28,Electronics,18.82
U_04587,2025-10-24,Beauty,37.55
U_04588,2025-08-07,Toys,23.12
U_04590,2025-07-04,Books,55.01
U_04590,2025-07-07,Sports,27.42
U_04590,2025-09-16,Grocery,95.29
U_04590,2025-10-04,Books,46.24
U_04590,2025-10-13,Books,188.7
U_04590,2025-11-14,Books,14.13
U_04590,2025-11-21,Books,62.52
U_04590,2025-12-15,Books,23.75
U_04591,2025-10-30,Home,71.01
U_04591,2025-12-01,Fashion,66.33
U_04592,2025-08-16,Grocery,17.24
U_04592,2025-08-22,Grocery,119.27
U_04592,2025-11-09,Books,49.6
U_04592,2025-11-17,Grocery,8.37
U_04592,2025-12-01,Grocery,48.98
U_04593,2025-08-07,Electronics,60.58
U_04593,2025-08-09,Fashion,67.94
U_04593,2025-09-18,Electronics,148.07
U_04593,2025-11-20,Electronics,50.27
U_04594,2025-09-18,Toys,50.8
U_04594,2025-12-13,Toys,31.45
U_04595,2025-08-20,Beauty,36.65
U_04595,2025-09-20,Beauty,164.26
U_04595,2025-11-10,Beauty,71.0
U_04597,2025-09-04,Books,220.63
U_04599,2025-08-12,Books,23.01
U_04599,2025-08-28,Books,98.01
U_04599,2025-10-13,Books,133.47
U_04599,2025-10-25,Fashion,86.16
U_04599,2025-11-03,Books,36.85
U_04600,2025-09-26,Toys,38.81
U_04601,2025-08-25,Beauty,47.98
U_04602,2025-08-04,Books,47.61
U_04603,2025-09-25,Beauty,11.65
U_04605,2025-07-11,Toys,44.81
U_04605,2025-10-05,Beauty,90.17
U_04607,2025-07-10,Sports,156.03
U_04607,2025-07-19,Home,81.25
U_04607,2025-08-07,Home,38.27
U_04607,2025-08-22,Sports,67.41
U_04607,2025-09-19,Sports,78.49
U_04607,2025-10-05,Toys,102.26
U_04607,2025-11-09,Sports,12.38
U_04607,2025-12-28,Books,60.71
U_04609,2025-07-16,Electronics,22.86
U_04610,2025-07-30,Books,22.73
U_04611,2025-08-14,Home,27.15
U_04612,2025-07-26,Grocery,7.77
U_04612,2025-07-31,Grocery,15.3
U_04612,2025-08-02,Fashion,33.99
U_04612,2025-09-26,Grocery,43.06
U_04614,2025-11-02,Books,46.72
U_04614,2025-11-09,Books,101.21
U_04614,2025-12-21,Books,71.25
U_04615,2025-08-16,Electronics,16.58
U_04615,2025-09-27,Fashion,30.56
U_04615,2025-10-14,Fashion,77.1
U_04615,2025-11-03,Fashion,50.44
U_04616,2025-07-19,Books,81.54
U_04616,2025-08-24,Books,68.29
U_04616,2025-08-31,Books,122.56
U_04616,2025-09-16,Books,16.46
U_04616,2025-10-07,Fashion,31.99
U_04616,2025-11-18,Books,123.67
U_04616,2025-12-13,Books,37.02
U_04616,2025-12-21,Fashion,29.26
U_04616,2025-12-29,Toys,90.91
U_04618,2025-07-24,Electronics,137.85
U_04618,2025-09-13,Sports,50.4
U_04618,2025-09-20,Sports,58.16
U_04620,2025-07-13,Grocery,14.97
U_04621,2025-07-20,Books,14.82
U_04622,2025-12-09,Books,101.57
U_04622,2025-12-10,Home,56.73
U_04623,2025-08-09,Home,16.66
U_04623,2025-08-28,Home,43.64
U_04625,2025-07-23,Grocery,45.3
U_04625,2025-08-23,Grocery,96.67
U_04625,2025-09-10,Beauty,126.42
U_04625,2025-10-21,Grocery,21.54
U_04627,2025-07-05,Fashion,10.32
U_04627,2025-08-31,Electronics,25.5
U_04627,2025-09-17,Electronics,19.86
U_04627,2025-10-29,Electronics,131.04
U_04627,2025-12-05,Electronics,35.44
U_04628,2025-08-30,Sports,43.71
U_04629,2025-07-20,Toys,45.14
U_04629,2025-10-31,Beauty,107.37
U_04631,2025-07-14,Grocery,64.83
U_04631,2025-08-27,Home,187.25
U_04631,2025-09-07,Grocery,79.65
U_04631,2025-09-26,Books,219.94
U_04631,2025-12-23,Grocery,58.5
U_04632,2025-07-05,Sports,55.85
U_04632,2025-07-08,Sports,54.56
U_04632,2025-08-27,Sports,77.2
U_04632,2025-08-30,Sports,69.05
U_04633,2025-08-13,Fashion,49.63
U_04633,2025-09-01,Fashion,26.98
U_04634,2025-09-22,Grocery,74.9
U_04634,2025-10-20,Beauty,34.97
U_04636,2025-09-12,Home,10.46
U_04636,2025-10-25,Home,52.17
U_04636,2025-11-19,Toys,82.45
U_04637,2025-07-11,Books,57.82
U_04637,2025-07-23,Beauty,46.99
U_04637,2025-08-29,Sports,29.07
U_04637,2025-12-17,Home,11.61
U_04639,2025-11-23,Books,17.68
U_04641,2025-09-16,Sports,20.97
U_04641,2025-10-14,Sports,55.11
U_04646,2025-07-19,Beauty,48.96
U_04646,2025-07-24,Electronics,63.42
U_04646,2025-07-26,Grocery,21.23
U_04646,2025-08-04,Grocery,34.78
U_04647,2025-10-10,Beauty,27.25
U_04649,2025-08-08,Books,48.02
U_04649,2025-08-28,Books,30.46
U_04650,2025-07-04,Toys,252.84
U_04651,2025-09-03,Toys,35.96
U_04651,2025-10-24,Fashion,77.2
U_04651,2025-11-09,Toys,36.16
U_04651,2025-12-04,Toys,59.75
U_04652,2025-08-13,Books,168.41
U_04652,2025-08-29,Books,122.3
U_04652,2025-09-12,Books,54.52
U_04652,2025-09-29,Books,47.63
U_04652,2025-12-18,Books,39.42
U_04653,2025-07-30,Home,70.0
U_04653,2025-08-24,Grocery,97.7
U_04653,2025-08-25,Toys,139.69
U_04653,2025-09-09,Grocery,117.61
U_04653,2025-09-14,Sports,79.45
U_04653,2025-10-09,Fashion,203.82
U_04654,2025-07-24,Sports,51.44
U_04654,2025-08-11,Books,49.88
U_04654,2025-11-13,Sports,42.06
U_04655,2025-07-14,Sports,45.53
U_04656,2025-08-31,Home,21.13
U_04657,2025-09-24,Grocery,43.77
U_04658,2025-07-26,Beauty,37.56
U_04658,2025-07-29,Beauty,133.4
U_04658,2025-10-22,Electronics,220.56
U_04658,2025-11-01,Beauty,83.28
U_04659,2025-08-02,Beauty,51.91
U_04659,2025-08-28,Home,32.43
U_04661,2025-08-27,Electronics,59.07
U_04661,2025-08-31,Toys,82.25
U_04661,2025-09-28,Toys,37.63
U_04661,2025-10-06,Toys,71.68
U_04661,2025-10-20,Toys,45.44
U_04661,2025-10-21,Electronics,46.52
U_04661,2025-11-01,Electronics,85.39
U_04662,2025-08-04,Sports,28.81
U_04662,2025-08-26,Sports,141.92
U_04663,2025-10-13,Fashion,24.42
U_04665,2025-07-11,Beauty,12.55
U_04667,2025-07-31,Fashion,20.54
U_04667,2025-09-29,Sports,98.27
U_04668,2025-07-12,Electronics,19.21
U_04668,2025-08-21,Fashion,16.08
U_04668,2025-09-06,Books,56.7
U_04669,2025-08-15,Beauty,229.38
U_04669,2025-10-03,Beauty,32.99
U_04670,2025-07-27,Beauty,11.87
U_04671,2025-09-23,Sports,48.0
U_04672,2025-09-21,Books,48.01
U_04673,2025-07-05,Sports,68.65
U_04673,2025-07-08,Sports,127.88
U_04673,2025-07-14,Sports,60.51
U_04673,2025-07-20,Sports,127.36
U_04673,2025-08-20,Sports,135.04
U_04673,2025-09-24,Sports,30.54
U_04673,2025-10-04,Home,108.96
U_04673,2025-10-10,Sports,106.23
U_04673,2025-10-28,Sports,83.76
U_04673,2025-11-02,Sports,206.1
U_04673,2025-11-12,Beauty,52.11
U_04673,2025-11-18,Sports,87.62
U_04673,2025-12-20,Sports,49.73
U_04674,2025-08-24,Toys,34.72
U_04675,2025-07-30,Books,58.33
U_04675,2025-10-22,Books,99.98
U_04675,2025-11-14,Home,97.38
U_04677,2025-07-16,Books,40.79
U_04677,2025-08-28,Grocery,127.87
U_04677,2025-09-09,Beauty,10.97
U_04677,2025-11-20,Books,82.82
U_04678,2025-11-09,Grocery,17.29
U_04679,2025-08-13,Grocery,35.6
U_04679,2025-08-16,Sports,57.07
U_04679,2025-08-17,Sports,53.95
U_04679,2025-09-05,Fashion,111.96
U_04679,2025-09-23,Sports,35.22
U_04679,2025-10-10,Sports,39.59
U_04679,2025-10-13,Sports,47.76
U_04679,2025-11-01,Sports,57.9
U_04679,2025-11-05,Sports,133.78
U_04679,2025-11-20,Sports,31.11
U_04679,2025-11-24,Sports,74.11
U_04679,2025-11-28,Sports,68.5
U_04679,2025-12-09,Sports,13.05
U_04680,2025-09-05,Beauty,30.55
U_04680,2025-09-22,Beauty,21.79
U_04680,2025-11-01,Electronics,88.72
U_04680,2025-11-26,Beauty,71.53
U_04682,2025-08-13,Home,16.84
U_04683,2025-07-08,Grocery,26.61
U_04683,2025-08-07,Grocery,109.87
U_04683,2025-08-13,Grocery,124.21
U_04687,2025-08-04,Beauty,18.96
U_04688,2025-09-18,Grocery,67.32
U_04689,2025-07-21,Grocery,84.35
U_04689,2025-08-03,Grocery,80.28
U_04689,2025-09-08,Grocery,35.74
U_04689,2025-09-11,Grocery,125.02
U_04689,2025-10-06,Grocery,123.69
U_04690,2025-11-21,Home,14.72
U_04691,2025-12-03,Home,60.83
U_04691,2025-12-17,Electronics,87.43
U_04692,2025-07-10,Sports,32.3
U_04692,2025-07-29,Sports,115.24
U_04692,2025-09-16,Sports,74.9
U_04692,2025-10-19,Sports,138.13
U_04693,2025-08-25,Fashion,45.5
U_04693,2025-09-09,Fashion,51.86
U_04693,2025-12-28,Fashion,38.69
U_04694,2025-08-28,Beauty,9.99
U_04694,2025-10-16,Beauty,17.48
U_04695,2025-07-11,Home,78.67
U_04695,2025-07-12,Home,142.78
U_04695,2025-08-26,Home,191.13
U_04695,2025-08-29,Home,233.12
U_04695,2025-09-19,Home,83.23
U_04695,2025-10-01,Fashion,203.59
U_04695,2025-10-13,Home,30.27
U_04695,2025-10-21,Home,205.74
U_04695,2025-11-07,Home,112.61
U_04695,2025-11-11,Grocery,149.17
U_04695,2025-11-26,Home,155.89
U_04695,2025-12-24,Home,102.22
U_04696,2025-07-31,Sports,17.91
U_04696,2025-11-22,Beauty,17.19
U_04696,2025-11-24,Beauty,96.15
U_04697,2025-08-31,Fashion,69.64
U_04697,2025-10-22,Fashion,137.0
U_04697,2025-11-15,Toys,91.63
U_04698,2025-09-12,Sports,94.83
U_04700,2025-11-29,Books,26.13
U_04701,2025-07-11,Sports,6.63
U_04702,2025-08-17,Beauty,38.97
U_04702,2025-08-25,Fashion,26.68
U_04702,2025-10-31,Fashion,31.77
U_04704,2025-09-06,Books,12.02
U_04704,2025-12-17,Sports,104.78
U_04705,2025-12-21,Home,33.9
U_04706,2025-07-06,Fashion,255.68
U_04706,2025-07-21,Fashion,187.83
U_04706,2025-09-21,Fashion,82.82
U_04707,2025-08-19,Electronics,42.96
U_04707,2025-10-14,Electronics,20.79
U_04708,2025-07-16,Electronics,11.78
U_04709,2025-07-15,Grocery,19.87
U_04709,2025-10-11,Grocery,58.36
U_04709,2025-10-20,Sports,38.74
U_04710,2025-08-11,Books,34.52
U_04710,2025-10-10,Books,22.93
U_04713,2025-09-28,Beauty,32.95
U_04716,2025-08-19,Beauty,33.51
U_04716,2025-09-06,Beauty,76.91
U_04716,2025-09-14,Beauty,50.43
U_04716,2025-10-13,Beauty,237.75
U_04716,2025-12-14,Beauty,128.37
U_04717,2025-11-24,Books,89.68
U_04718,2025-08-26,Sports,50.48
U_04718,2025-08-27,Sports,20.19
U_04719,2025-07-14,Grocery,25.16
U_04720,2025-10-12,Sports,13.85
U_04720,2025-11-28,Sports,28.97
U_04721,2025-07-12,Fashion,12.8
U_04721,2025-08-15,Fashion,40.57
U_04723,2025-07-23,Home,75.94
U_04723,2025-10-12,Sports,15.17
U_04724,2025-07-20,Beauty,25.18
U_04724,2025-09-08,Beauty,27.98
U_04724,2025-11-21,Books,21.64
U_04724,2025-12-18,Beauty,13.02
U_04727,2025-08-16,Electronics,62.96
U_04728,2025-07-28,Home,57.18
U_04728,2025-09-05,Home,143.56
U_04730,2025-09-10,Books,58.88
U_04730,2025-12-26,Electronics,10.07
U_04731,2025-08-08,Fashion,40.75
U_04731,2025-09-08,Fashion,151.98
U_04731,2025-09-23,Fashion,76.86
U_04731,2025-10-20,Fashion,147.51
U_04731,2025-11-11,Beauty,74.74
U_04731,2025-11-12,Beauty,117.64
U_04731,2025-11-21,Fashion,33.54
U_04733,2025-08-22,Grocery,11.75
U_04733,2025-09-10,Beauty,36.79
U_04734,2025-07-09,Fashion,25.03
U_04734,2025-07-13,Sports,93.86
U_04734,2025-07-19,Electronics,186.99
U_04734,2025-08-24,Electronics,207.81
U_04734,2025-09-09,Toys,233.63
U_04735,2025-07-26,Books,34.25
U_04736,2025-07-09,Sports,34.06
U_04736,2025-09-01,Fashion,23.11
U_04736,2025-10-04,Sports,16.08
U_04736,2025-10-29,Sports,111.03
U_04736,2025-12-06,Sports,24.53
U_04739,2025-09-23,Books,32.55
U_04739,2025-09-24,Grocery,33.69
U_04739,2025-10-27,Home,119.64
U_04739,2025-12-30,Home,136.42
U_04740,2025-11-08,Electronics,42.41
U_04741,2025-07-07,Fashion,16.11
U_04741,2025-07-12,Home,15.58
U_04741,2025-07-21,Home,12.48
U_04741,2025-08-30,Home,36.14
U_04741,2025-10-28,Home,51.32
U_04741,2025-11-15,Home,8.55
U_04741,2025-12-01,Sports,26.19
U_04743,2025-11-09,Beauty,39.79
U_04743,2025-11-28,Beauty,50.37
U_04743,2025-12-14,Beauty,55.18
U_04745,2025-08-03,Beauty,11.96
U_04745,2025-08-13,Grocery,38.48
U_04745,2025-09-08,Beauty,158.6
U_04745,2025-09-12,Beauty,89.52
U_04745,2025-09-24,Books,9.88
U_04745,2025-10-18,Beauty,18.19
U_04745,2025-12-06,Books,47.25
U_04746,2025-11-24,Electronics,28.27
U_04747,2025-07-16,Fashion,69.57
U_04747,2025-07-21,Home,76.75
U_04747,2025-07-24,Home,61.82
U_04747,2025-08-05,Fashion,77.61
U_04747,2025-09-11,Home,77.54
U_04747,2025-09-28,Sports,120.81
U_04747,2025-10-10,Toys,90.86
U_04747,2025-10-29,Fashion,21.81
U_04747,2025-11-11,Fashion,198.63
U_04747,2025-11-13,Electronics,63.94
U_04747,2025-12-19,Home,39.15
U_04747,2025-12-24,Home,159.96
U_04747,2025-12-29,Fashion,93.87
U_04748,2025-10-09,Home,13.72
U_04752,2025-07-13,Electronics,14.24
U_04753,2025-11-23,Fashion,44.45
U_04755,2025-10-06,Toys,20.38
U_04755,2025-10-30,Toys,23.93
U_04756,2025-07-16,Beauty,22.1
U_04756,2025-08-01,Beauty,146.93
U_04757,2025-08-26,Fashion,33.17
U_04757,2025-10-16,Books,34.06
U_04757,2025-10-17,Fashion,22.2
U_04757,2025-11-03,Beauty,35.41
U_04759,2025-07-29,Grocery,48.59
U_04760,2025-08-03,Home,23.76
U_04760,2025-08-26,Sports,54.76
U_04760,2025-09-30,Sports,37.49
U_04760,2025-10-30,Sports,63.25
U_04761,2025-10-05,Home,11.12
U_04763,2025-09-08,Beauty,109.24
U_04763,2025-09-20,Beauty,154.84
U_04763,2025-10-20,Beauty,199.88
U_04764,2025-11-16,Grocery,14.37
U_04765,2025-07-14,Toys,34.15
U_04765,2025-07-16,Toys,76.31
U_04765,2025-07-18,Toys,8.64
U_04765,2025-09-03,Toys,59.03
U_04765,2025-09-07,Toys,88.27
U_04765,2025-09-30,Electronics,13.48
U_04765,2025-10-09,Toys,25.54
U_04767,2025-07-26,Grocery,20.34
U_04767,2025-07-29,Toys,46.71
U_04767,2025-11-21,Electronics,50.95
U_04769,2025-07-12,Home,21.01
U_04771,2025-09-13,Toys,39.44
U_04772,2025-09-25,Fashion,58.43
U_04772,2025-10-31,Fashion,10.35
U_04773,2025-12-09,Grocery,41.58
U_04774,2025-07-25,Fashion,59.09
U_04774,2025-12-28,Grocery,120.98
U_04775,2025-08-22,Home,31.28
U_04776,2025-08-25,Sports,23.07
U_04776,2025-09-22,Toys,49.25
U_04776,2025-11-04,Fashion,10.0
U_04777,2025-07-06,Beauty,57.01
U_04777,2025-07-28,Grocery,160.29
U_04777,2025-09-02,Fashion,57.36
U_04777,2025-10-01,Fashion,19.59
U_04777,2025-10-22,Fashion,192.88
U_04777,2025-12-21,Fashion,28.79
U_04779,2025-09-08,Sports,22.46
U_04779,2025-09-10,Sports,5.46
U_04779,2025-10-29,Beauty,21.06
U_04781,2025-08-21,Electronics,60.11
U_04782,2025-08-09,Electronics,21.8
U_04783,2025-07-06,Home,17.32
U_04784,2025-11-21,Grocery,28.66
U_04785,2025-07-09,Grocery,175.4
U_04785,2025-07-10,Grocery,75.84
U_04785,2025-08-07,Grocery,131.02
U_04785,2025-08-09,Home,90.27
U_04785,2025-08-15,Grocery,97.84
U_04785,2025-10-20,Grocery,44.53
U_04786,2025-09-05,Beauty,73.65
U_04786,2025-10-05,Beauty,106.31
U_04787,2025-11-10,Grocery,20.03
U_04789,2025-08-25,Grocery,220.62
U_04789,2025-09-17,Grocery,84.42
U_04789,2025-09-26,Grocery,61.7
U_04789,2025-10-19,Grocery,320.75
U_04790,2025-07-26,Sports,68.99
U_04790,2025-08-03,Fashion,85.05
U_04790,2025-08-09,Grocery,45.99
U_04790,2025-08-27,Fashion,56.52
U_04790,2025-09-04,Grocery,26.56
U_04790,2025-11-02,Fashion,47.0
U_04790,2025-11-07,Electronics,56.09
U_04790,2025-11-09,Grocery,49.99
U_04790,2025-11-29,Sports,108.31
U_04791,2025-08-22,Books,20.38
U_04791,2025-08-24,Books,19.37
U_04791,2025-09-20,Books,44.75
U_04791,2025-09-25,Books,8.89
U_04791,2025-12-22,Books,21.31
U_04793,2025-08-05,Sports,14.36
U_04793,2025-08-29,Fashion,23.19
U_04793,2025-09-21,Sports,41.46
U_04795,2025-08-06,Fashion,21.67
U_04795,2025-08-28,Home,195.68
U_04795,2025-09-16,Fashion,35.06
U_04795,2025-10-24,Fashion,57.06
U_04796,2025-10-08,Sports,43.05
U_04796,2025-10-15,Electronics,73.82
U_04797,2025-08-23,Fashion,109.83
U_04797,2025-08-25,Fashion,10.1
U_04798,2025-07-31,Grocery,13.95
U_04799,2025-08-13,Toys,62.98
U_04799,2025-08-28,Home,15.58
U_04799,2025-09-04,Sports,31.19
U_04801,2025-09-17,Toys,67.5
U_04802,2025-07-11,Grocery,101.13
U_04802,2025-10-13,Electronics,66.04
U_04802,2025-10-18,Grocery,8.66
U_04802,2025-10-23,Toys,191.65
U_04802,2025-11-04,Fashion,140.39
U_04802,2025-11-17,Grocery,41.95
U_04802,2025-11-25,Grocery,58.84
U_04804,2025-07-31,Beauty,49.12
U_04804,2025-08-20,Beauty,43.63
U_04805,2025-07-24,Beauty,18.23
U_04805,2025-09-07,Beauty,42.84
U_04805,2025-11-26,Beauty,26.13
U_04805,2025-12-14,Beauty,15.51
U_04806,2025-07-30,Beauty,71.22
U_04806,2025-11-25,Beauty,23.23
U_04806,2025-12-30,Beauty,31.41
U_04808,2025-08-04,Books,36.86
U_04811,2025-09-17,Sports,40.04
U_04812,2025-07-17,Electronics,125.82
U_04812,2025-08-14,Beauty,248.29
U_04812,2025-09-18,Fashion,91.91
U_04812,2025-09-20,Beauty,141.86
U_04812,2025-09-21,Beauty,183.89
U_04812,2025-11-04,Beauty,130.62
U_04812,2025-11-16,Beauty,91.23
U_04812,2025-11-18,Beauty,52.82
U_04814,2025-07-09,Toys,227.93
U_04814,2025-07-15,Toys,220.65
U_04814,2025-07-16,Toys,73.9
U_04814,2025-07-25,Toys,76.32
U_04814,2025-09-16,Toys,45.3
U_04814,2025-09-26,Toys,106.62
U_04814,2025-10-21,Toys,77.37
U_04814,2025-11-12,Toys,133.71
U_04814,2025-12-11,Toys,56.81
U_04817,2025-07-27,Electronics,32.88
U_04817,2025-09-15,Home,28.18
U_04817,2025-09-21,Electronics,75.05
U_04817,2025-10-30,Electronics,46.83
U_04817,2025-12-08,Home,35.08
U_04817,2025-12-12,Electronics,135.7
U_04818,2025-07-24,Toys,60.38
U_04818,2025-07-28,Fashion,8.86
U_04818,2025-07-31,Books,20.04
U_04818,2025-08-11,Books,93.91
U_04818,2025-08-12,Books,52.6
U_04818,2025-09-20,Electronics,81.16
U_04818,2025-09-27,Home,41.82
U_04818,2025-09-30,Fashion,60.97
U_04818,2025-10-28,Fashion,71.05
U_04818,2025-11-17,Fashion,56.79
U_04818,2025-11-20,Fashion,97.6
U_04818,2025-11-26,Beauty,116.13
U_04819,2025-10-23,Electronics,16.62
U_04819,2025-11-18,Electronics,80.98
U_04819,2025-11-22,Electronics,168.86
U_04819,2025-11-25,Beauty,40.98
U_04820,2025-07-07,Toys,20.95
U_04820,2025-07-24,Toys,93.86
U_04820,2025-09-01,Sports,95.58
U_04820,2025-11-04,Books,93.25
U_04820,2025-11-28,Toys,60.28
U_04820,2025-12-25,Toys,66.35
U_04821,2025-11-24,Electronics,52.86
U_04822,2025-10-21,Sports,21.55
U_04822,2025-10-29,Toys,18.52
U_04822,2025-11-15,Books,61.66
U_04822,2025-12-29,Books,49.52
U_04823,2025-09-08,Beauty,23.2
U_04823,2025-10-18,Beauty,40.06
U_04823,2025-10-25,Beauty,24.82
U_04823,2025-12-04,Beauty,51.46
U_04824,2025-07-07,Fashion,52.55
U_04824,2025-12-07,Fashion,56.56
U_04825,2025-09-15,Fashion,55.05
U_04825,2025-10-11,Fashion,27.31
U_04825,2025-10-25,Fashion,23.5
U_04825,2025-12-01,Fashion,51.28
U_04826,2025-08-21,Sports,50.85
U_04826,2025-09-30,Books,96.15
U_04827,2025-08-30,Beauty,184.63
U_04828,2025-11-13,Sports,29.64
U_04828,2025-11-28,Books,14.59
U_04829,2025-09-21,Fashion,24.81
U_04830,2025-07-15,Electronics,66.19
U_04830,2025-07-24,Electronics,47.61
U_04830,2025-07-31,Electronics,88.02
U_04830,2025-10-13,Grocery,139.78
U_04832,2025-07-21,Fashion,71.21
U_04832,2025-07-30,Fashion,62.0
U_04832,2025-08-31,Fashion,22.59
U_04832,2025-10-04,Books,50.52
U_04832,2025-10-16,Fashion,62.98
U_04832,2025-11-04,Fashion,46.98
U_04832,2025-12-02,Fashion,61.17
U_04832,2025-12-12,Electronics,99.49
U_04833,2025-07-08,Toys,48.5
U_04833,2025-09-21,Grocery,59.91
U_04833,2025-10-03,Toys,30.87
U_04834,2025-12-19,Beauty,18.23
U_04836,2025-09-30,Grocery,11.27
U_04836,2025-10-17,Grocery,63.57
U_04836,2025-11-03,Grocery,25.14
U_04839,2025-09-24,Electronics,109.17
U_04839,2025-12-18,Electronics,85.01
U_04841,2025-08-27,Fashion,25.83
U_04841,2025-11-06,Fashion,51.86
U_04843,2025-08-09,Books,35.09
U_04846,2025-08-25,Home,61.47
U_04846,2025-10-26,Home,14.7
U_04846,2025-12-20,Home,36.92
U_04847,2025-10-05,Beauty,38.73
U_04847,2025-10-06,Beauty,44.9
U_04847,2025-10-29,Beauty,26.44
U_04847,2025-12-21,Books,89.63
U_04848,2025-07-04,Toys,89.95
U_04848,2025-09-18,Sports,56.11
U_04848,2025-10-10,Toys,112.58
U_04848,2025-10-14,Electronics,47.08
U_04848,2025-10-26,Beauty,16.14
U_04848,2025-11-09,Electronics,83.32
U_04848,2025-11-16,Toys,74.2
U_04849,2025-07-09,Home,67.19
U_04849,2025-07-19,Home,146.59
U_04849,2025-07-31,Sports,14.96
U_04849,2025-09-25,Sports,104.54
U_04849,2025-10-06,Books,104.09
U_04849,2025-10-27,Home,164.33
U_04849,2025-11-07,Home,47.67
U_04849,2025-11-16,Home,143.6
U_04849,2025-12-06,Home,16.21
U_04849,2025-12-21,Home,41.75
U_04849,2025-12-27,Home,72.68
U_04851,2025-08-27,Toys,46.08
U_04852,2025-08-19,Sports,41.72
U_04852,2025-09-24,Home,121.37
U_04852,2025-11-05,Books,47.27
U_04852,2025-12-11,Sports,147.22
U_04852,2025-12-16,Sports,117.14
U_04852,2025-12-27,Sports,72.26
U_04853,2025-07-20,Toys,97.82
U_04854,2025-08-24,Toys,17.62
U_04855,2025-07-29,Grocery,98.47
U_04855,2025-08-07,Grocery,42.42
U_04855,2025-08-20,Books,75.13
U_04855,2025-09-08,Grocery,42.85
U_04855,2025-09-13,Beauty,36.44
U_04856,2025-08-23,Toys,24.35
U_04857,2025-07-16,Sports,67.53
U_04857,2025-07-24,Sports,11.14
U_04857,2025-12-08,Books,19.75
U_04859,2025-07-12,Beauty,78.43
U_04860,2025-08-05,Electronics,23.04
U_04860,2025-08-15,Electronics,58.82
U_04860,2025-08-31,Electronics,30.99
U_04860,2025-11-15,Electronics,108.38
U_04861,2025-07-04,Books,38.58
U_04861,2025-07-27,Sports,62.8
U_04861,2025-08-01,Sports,127.4
U_04861,2025-08-05,Sports,143.19
U_04861,2025-08-14,Sports,134.44
U_04861,2025-09-15,Sports,31.61
U_04861,2025-09-22,Electronics,14.85
U_04861,2025-10-07,Sports,52.36
U_04861,2025-11-26,Sports,49.66
U_04864,2025-08-14,Toys,6.52
U_04864,2025-11-05,Toys,21.12
U_04865,2025-07-20,Sports,10.34
U_04865,2025-10-27,Sports,8.16
U_04865,2025-12-02,Electronics,24.78
U_04865,2025-12-17,Fashion,57.03
U_04866,2025-08-23,Fashion,120.82
U_04866,2025-09-13,Toys,47.59
U_04866,2025-09-28,Toys,47.24
U_04866,2025-10-25,Electronics,44.29
U_04867,2025-09-01,Grocery,56.16
U_04867,2025-09-08,Grocery,29.94
U_04869,2025-10-30,Fashion,34.7
U_04869,2025-11-22,Sports,16.72
U_04869,2025-12-10,Fashion,20.16
U_04870,2025-07-04,Books,14.08
U_04871,2025-07-05,Electronics,58.7
U_04871,2025-10-30,Electronics,104.9
U_04872,2025-07-26,Toys,15.83
U_04872,2025-09-05,Electronics,13.25
U_04872,2025-12-02,Electronics,57.2
U_04873,2025-09-18,Toys,161.56
U_04873,2025-09-27,Fashion,55.8
U_04873,2025-10-05,Toys,102.87
U_04873,2025-10-25,Toys,146.78
U_04873,2025-10-31,Toys,146.92
U_04873,2025-11-08,Toys,55.52
U_04873,2025-11-18,Toys,154.29
U_04873,2025-12-07,Toys,14.09
U_04874,2025-08-21,Toys,6.79
U_04874,2025-11-25,Toys,25.83
U_04875,2025-07-16,Books,94.67
U_04875,2025-07-26,Beauty,39.89
U_04875,2025-08-10,Books,147.22
U_04875,2025-08-13,Books,66.85
U_04875,2025-08-17,Books,81.97
U_04875,2025-09-07,Home,118.2
U_04875,2025-09-19,Books,53.96
U_04875,2025-10-18,Books,93.28
U_04875,2025-11-14,Books,281.39
U_04876,2025-07-17,Books,82.76
U_04876,2025-07-23,Electronics,70.66
U_04876,2025-07-24,Beauty,220.01
U_04876,2025-07-30,Electronics,354.64
U_04876,2025-08-16,Electronics,102.9
U_04876,2025-11-07,Electronics,148.01
U_04878,2025-08-17,Books,28.05
U_04880,2025-07-26,Books,47.17
U_04880,2025-08-30,Books,18.33
U_04880,2025-12-10,Books,14.93
U_04881,2025-07-30,Toys,66.17
U_04881,2025-09-01,Toys,18.11
U_04881,2025-09-03,Sports,62.69
U_04881,2025-09-24,Sports,42.59
U_04881,2025-11-25,Toys,67.18
U_04882,2025-09-15,Toys,30.23
U_04883,2025-07-27,Toys,61.47
U_04883,2025-09-20,Toys,38.0
U_04883,2025-10-26,Toys,9.77
U_04884,2025-07-12,Fashion,95.12
U_04884,2025-09-03,Fashion,16.5
U_04884,2025-12-21,Fashion,45.2
U_04885,2025-08-25,Electronics,42.25
U_04885,2025-09-05,Electronics,23.05
U_04888,2025-07-16,Books,15.31
U_04889,2025-07-17,Books,90.19
U_04889,2025-09-12,Books,90.46
U_04889,2025-11-25,Electronics,59.26
U_04890,2025-07-31,Beauty,12.21
U_04890,2025-09-03,Beauty,39.17
U_04890,2025-12-24,Beauty,29.52
U_04891,2025-08-05,Home,14.12
U_04891,2025-08-12,Home,31.42
U_04891,2025-12-03,Home,42.36
U_04892,2025-09-12,Books,37.14
U_04892,2025-09-28,Books,76.0
U_04894,2025-09-20,Beauty,33.76
U_04895,2025-07-24,Beauty,72.81
U_04895,2025-10-13,Beauty,43.66
U_04895,2025-10-14,Beauty,78.02
U_04895,2025-11-20,Beauty,116.26
U_04896,2025-10-29,Home,46.68
U_04897,2025-09-13,Beauty,54.85
U_04897,2025-11-11,Toys,91.31
U_04897,2025-11-26,Beauty,60.23
U_04898,2025-07-04,Beauty,12.28
U_04900,2025-07-23,Sports,36.7
U_04901,2025-07-14,Grocery,33.25
U_04902,2025-08-04,Sports,78.73
U_04902,2025-08-24,Toys,234.95
U_04902,2025-10-12,Sports,64.84
U_04902,2025-12-15,Sports,77.94
U_04902,2025-12-23,Sports,214.56
U_04903,2025-07-12,Home,87.29
U_04903,2025-08-05,Home,154.85
U_04903,2025-09-03,Books,26.37
U_04903,2025-09-15,Home,66.58
U_04903,2025-11-29,Books,90.75
U_04903,2025-12-04,Books,116.87
U_04905,2025-07-15,Fashion,43.67
U_04905,2025-08-08,Electronics,43.01
U_04905,2025-09-01,Fashion,27.59
U_04905,2025-11-04,Toys,19.09
U_04905,2025-12-22,Electronics,96.35
U_04907,2025-07-10,Toys,42.27
U_04908,2025-07-27,Books,39.64
U_04908,2025-09-21,Books,208.04
U_04909,2025-07-12,Fashion,39.65
U_04909,2025-07-16,Fashion,95.63
U_04909,2025-08-27,Fashion,62.61
U_04909,2025-09-06,Fashion,95.34
U_04909,2025-09-19,Beauty,61.15
U_04909,2025-10-03,Fashion,37.22
U_04909,2025-10-15,Fashion,24.76
U_04909,2025-10-19,Fashion,9.57
U_04909,2025-11-22,Fashion,63.01
U_04909,2025-12-01,Fashion,117.2
U_04909,2025-12-12,Sports,34.54
U_04910,2025-10-12,Books,46.55
U_04910,2025-11-13,Electronics,76.67
U_04910,2025-12-06,Books,20.22
U_04910,2025-12-18,Books,106.73
U_04910,2025-12-19,Books,62.66
U_04911,2025-08-19,Beauty,35.08
U_04912,2025-07-22,Sports,13.35
U_04913,2025-08-31,Fashion,21.01
U_04916,2025-09-17,Sports,19.41
U_04916,2025-10-26,Sports,24.97
U_04916,2025-11-20,Sports,51.27
U_04917,2025-07-20,Electronics,51.29
U_04917,2025-07-25,Books,30.59
U_04917,2025-09-10,Books,14.12
U_04918,2025-08-04,Fashion,10.91
U_04919,2025-07-19,Toys,9.35
U_04919,2025-07-21,Grocery,56.37
U_04919,2025-08-01,Grocery,74.15
U_04919,2025-09-08,Toys,148.42
U_04919,2025-09-21,Grocery,22.92
U_04919,2025-11-10,Grocery,107.57
U_04919,2025-12-05,Grocery,72.33
U_04920,2025-07-17,Electronics,60.99
U_04920,2025-07-25,Electronics,61.67
U_04920,2025-07-27,Electronics,370.82
U_04920,2025-08-21,Electronics,40.81
U_04920,2025-08-23,Electronics,420.33
U_04920,2025-09-02,Electronics,131.96
U_04920,2025-09-04,Electronics,33.64
U_04921,2025-09-06,Fashion,41.05
U_04922,2025-08-29,Books,133.1
U_04922,2025-09-15,Books,21.65
U_04922,2025-11-20,Books,77.9
U_04923,2025-08-19,Sports,46.7
U_04923,2025-10-10,Home,20.01
U_04924,2025-08-24,Toys,28.57
U_04926,2025-08-19,Fashion,42.04
U_04926,2025-10-07,Grocery,10.11
U_04926,2025-12-25,Books,35.52
U_04928,2025-09-15,Beauty,27.96
U_04929,2025-07-22,Home,52.1
U_04929,2025-08-07,Toys,72.35
U_04929,2025-08-14,Toys,116.15
U_04929,2025-11-27,Toys,135.55
U_04930,2025-09-02,Electronics,13.53
U_04931,2025-09-30,Sports,31.45
U_04932,2025-07-26,Fashion,59.85
U_04932,2025-08-04,Grocery,140.46
U_04932,2025-08-29,Sports,84.3
U_04932,2025-12-01,Beauty,102.98
U_04933,2025-08-30,Books,12.68
U_04934,2025-08-05,Books,139.67
U_04934,2025-08-13,Books,186.95
U_04934,2025-09-05,Books,70.9
U_04934,2025-09-19,Books,104.69
U_04934,2025-09-26,Books,104.2
U_04934,2025-10-30,Books,94.57
U_04934,2025-11-02,Home,119.45
U_04934,2025-11-11,Books,25.92
U_04934,2025-11-15,Books,232.18
U_04934,2025-11-22,Books,13.55
U_04934,2025-11-24,Books,163.13
U_04934,2025-12-03,Books,75.1
U_04934,2025-12-12,Books,94.82
U_04935,2025-07-26,Toys,54.11
U_04935,2025-08-24,Toys,99.07
U_04935,2025-09-05,Toys,78.21
U_04935,2025-09-11,Toys,26.67
U_04935,2025-10-20,Toys,114.79
U_04935,2025-10-23,Fashion,16.65
U_04935,2025-11-13,Toys,180.96
U_04935,2025-12-10,Toys,46.08
U_04936,2025-08-09,Toys,8.84
U_04936,2025-08-10,Sports,66.57
U_04936,2025-08-23,Sports,8.61
U_04936,2025-08-30,Sports,276.6
U_04936,2025-09-22,Sports,22.94
U_04936,2025-09-23,Sports,56.88
U_04936,2025-09-26,Sports,39.29
U_04936,2025-10-03,Sports,107.23
U_04936,2025-10-07,Beauty,99.91
U_04936,2025-10-19,Grocery,76.41
U_04936,2025-10-26,Sports,125.58
U_04936,2025-11-28,Sports,42.88
U_04938,2025-11-15,Books,127.44
U_04940,2025-08-04,Fashion,74.23
U_04940,2025-09-02,Fashion,84.2
U_04940,2025-09-15,Fashion,83.56
U_04940,2025-09-30,Books,42.67
U_04940,2025-11-29,Fashion,80.39
U_04941,2025-07-29,Electronics,209.31
U_04941,2025-08-16,Home,62.15
U_04941,2025-10-06,Home,140.13
U_04941,2025-10-23,Toys,85.53
U_04943,2025-07-18,Beauty,15.61
U_04943,2025-09-04,Beauty,46.46
U_04943,2025-09-09,Beauty,10.88
U_04947,2025-07-18,Home,18.55
U_04947,2025-12-04,Toys,17.9
U_04948,2025-07-25,Grocery,62.32
U_04948,2025-08-03,Beauty,16.82
U_04948,2025-08-11,Beauty,42.17
U_04948,2025-10-13,Beauty,134.03
U_04948,2025-11-16,Toys,38.27
U_04950,2025-07-10,Toys,81.86
U_04950,2025-09-07,Toys,33.14
U_04951,2025-07-06,Beauty,32.96
U_04951,2025-10-21,Beauty,12.57
U_04951,2025-10-29,Beauty,8.64
U_04952,2025-07-07,Grocery,16.92
U_04952,2025-10-07,Home,25.18
U_04953,2025-11-01,Toys,21.43
U_04954,2025-09-01,Books,33.8
U_04954,2025-11-23,Books,7.54
U_04956,2025-08-14,Sports,112.7
U_04956,2025-09-02,Electronics,126.32
U_04956,2025-09-21,Fashion,128.37
U_04956,2025-11-03,Fashion,128.54
U_04958,2025-07-11,Grocery,50.49
U_04958,2025-08-12,Grocery,25.67
U_04958,2025-11-13,Sports,168.69
U_04959,2025-08-21,Beauty,92.54
U_04960,2025-08-22,Toys,11.83
U_04960,2025-11-05,Beauty,15.42
U_04961,2025-08-17,Electronics,9.77
U_04962,2025-07-11,Toys,32.76
U_04962,2025-07-23,Toys,80.8
U_04962,2025-07-28,Toys,27.36
U_04962,2025-08-05,Books,32.94
U_04962,2025-09-29,Books,25.46
U_04962,2025-12-22,Books,19.25
U_04963,2025-08-21,Toys,11.3
U_04965,2025-07-07,Toys,53.27
U_04966,2025-07-20,Grocery,129.42
U_04966,2025-08-26,Sports,74.43
U_04966,2025-09-08,Grocery,16.84
U_04967,2025-11-08,Sports,16.4
U_04968,2025-08-04,Toys,124.53
U_04969,2025-09-12,Toys,38.94
U_04970,2025-11-16,Sports,26.95
U_04971,2025-07-16,Home,14.51
U_04972,2025-09-12,Beauty,30.41
U_04974,2025-08-14,Books,42.29
U_04975,2025-10-10,Grocery,50.71
U_04975,2025-10-28,Books,118.18
U_04977,2025-12-02,Grocery,95.54
U_04979,2025-07-14,Electronics,22.72
U_04979,2025-07-20,Grocery,66.4
U_04979,2025-08-15,Books,28.01
U_04979,2025-08-27,Grocery,23.79
U_04979,2025-10-09,Grocery,217.07
U_04982,2025-09-18,Home,137.97
U_04982,2025-10-06,Home,122.78
U_04982,2025-10-07,Beauty,8.39
U_04982,2025-11-12,Home,17.09
U_04982,2025-12-18,Home,44.22
U_04982,2025-12-25,Home,59.22
U_04982,2025-12-27,Home,85.9
U_04983,2025-07-22,Home,35.85
U_04984,2025-10-01,Fashion,30.89
U_04985,2025-08-30,Grocery,74.71
U_04985,2025-08-31,Grocery,23.68
U_04985,2025-10-02,Grocery,40.85
U_04986,2025-09-27,Sports,19.52
U_04987,2025-07-04,Home,52.78
U_04987,2025-10-10,Toys,65.1
U_04988,2025-07-04,Beauty,36.28
U_04988,2025-08-13,Beauty,52.98
U_04989,2025-07-22,Grocery,47.64
U_04989,2025-10-31,Grocery,72.48
U_04990,2025-11-08,Beauty,56.73
U_04991,2025-07-16,Home,126.56
U_04991,2025-08-13,Books,16.27
U_04991,2025-09-14,Fashion,27.8
U_04991,2025-12-25,Books,24.64
U_04993,2025-08-30,Home,83.8
U_04993,2025-09-17,Home,32.41
U_04993,2025-10-07,Home,13.02
U_04993,2025-10-11,Fashion,14.95
U_04997,2025-10-08,Toys,15.13
U_04998,2025-08-10,Fashion,34.14
U_04998,2025-11-05,Home,36.86
U_04998,2025-12-02,Fashion,53.43
U_04998,2025-12-23,Home,184.17
U_04999,2025-07-21,Fashion,30.56
U_04999,2025-09-17,Fashion,18.34
U_04999,2025-10-16,Fashion,58.78
U_04999,2025-11-14,Fashion,33.18
U_04999,2025-12-22,Fashion,74.0
U_05001,2025-07-09,Grocery,17.15
U_05001,2025-07-10,Beauty,26.68
U_05001,2025-09-01,Beauty,17.34
U_05001,2025-09-04,Beauty,57.94
U_05001,2025-10-06,Fashion,19.56
U_05001,2025-12-12,Beauty,15.64
U_05003,2025-08-22,Beauty,63.35
U_05003,2025-08-28,Electronics,37.39
U_05003,2025-09-16,Beauty,18.6
U_05004,2025-07-07,Home,115.46
U_05004,2025-07-25,Books,53.72
U_05004,2025-08-17,Electronics,120.57
U_05004,2025-08-22,Books,243.52
U_05004,2025-08-31,Books,50.23
U_05004,2025-09-03,Home,86.48
U_05004,2025-09-17,Books,155.28
U_05004,2025-09-28,Books,87.63
U_05004,2025-10-01,Home,84.09
U_05004,2025-10-06,Books,50.8
U_05004,2025-10-17,Books,253.84
U_05004,2025-11-01,Books,165.2
U_05004,2025-11-26,Books,67.94
U_05004,2025-12-06,Books,125.03
U_05004,2025-12-13,Books,40.42
U_05004,2025-12-16,Books,49.24
U_05004,2025-12-24,Toys,146.82
U_05006,2025-08-30,Beauty,71.62
U_05007,2025-07-05,Beauty,189.92
U_05007,2025-08-04,Electronics,69.51
U_05007,2025-08-06,Electronics,62.39
U_05007,2025-08-12,Sports,69.99
U_05007,2025-09-11,Electronics,78.16
U_05007,2025-09-16,Sports,31.84
U_05007,2025-10-15,Sports,26.44
U_05007,2025-10-31,Electronics,38.41
U_05007,2025-11-19,Sports,39.02
U_05007,2025-12-23,Sports,67.49
U_05011,2025-09-05,Electronics,35.1
U_05012,2025-07-11,Electronics,17.04
U_05013,2025-09-02,Home,8.08
U_05014,2025-09-04,Sports,30.37
U_05015,2025-08-01,Grocery,19.72
U_05017,2025-11-19,Sports,19.21
U_05020,2025-08-23,Sports,12.55
U_05020,2025-10-22,Sports,35.41
U_05020,2025-11-05,Toys,33.84
U_05020,2025-12-26,Sports,10.45
U_05021,2025-12-26,Toys,52.07
U_05022,2025-08-18,Beauty,44.92
U_05022,2025-10-17,Beauty,28.01
U_05022,2025-11-26,Beauty,19.1
U_05023,2025-10-08,Home,30.69
U_05024,2025-07-31,Sports,76.02
U_05024,2025-12-02,Home,90.03
U_05024,2025-12-11,Home,68.13
U_05025,2025-08-16,Beauty,119.2
U_05026,2025-07-29,Sports,25.42
U_05026,2025-08-21,Home,33.25
U_05026,2025-10-16,Sports,18.77
U_05026,2025-12-09,Sports,18.33
U_05027,2025-08-14,Grocery,26.65
U_05030,2025-07-08,Beauty,81.2
U_05030,2025-11-18,Electronics,54.65
U_05030,2025-11-19,Electronics,26.87
U_05031,2025-08-12,Beauty,8.63
U_05031,2025-10-08,Beauty,31.06
U_05031,2025-11-05,Beauty,81.97
U_05032,2025-10-10,Beauty,30.76
U_05033,2025-08-23,Books,14.74
U_05033,2025-10-08,Books,10.05
U_05035,2025-08-19,Grocery,53.07
U_05036,2025-08-01,Books,223.43
U_05036,2025-12-17,Books,169.22
U_05037,2025-07-12,Home,9.4
U_05038,2025-09-16,Electronics,17.38
U_05039,2025-07-28,Books,19.01
U_05039,2025-10-10,Books,34.51
U_05040,2025-07-14,Books,74.54
U_05040,2025-09-12,Books,14.53
U_05041,2025-10-26,Home,89.45
U_05042,2025-10-19,Sports,25.37
U_05043,2025-08-16,Books,5.51
U_05043,2025-09-20,Grocery,30.26
U_05045,2025-07-15,Books,71.37
U_05047,2025-09-22,Home,7.39
U_05047,2025-09-26,Beauty,33.55
U_05047,2025-12-04,Toys,20.49
U_05048,2025-10-03,Books,32.54
U_05050,2025-08-28,Beauty,38.93
U_05050,2025-09-28,Fashion,56.91
U_05053,2025-08-29,Fashion,78.07
U_05053,2025-11-28,Fashion,57.07
U_05053,2025-12-11,Fashion,30.95
U_05053,2025-12-12,Electronics,62.95
U_05054,2025-10-22,Toys,8.49
U_05054,2025-11-06,Sports,26.53
U_05054,2025-12-20,Toys,14.2
U_05056,2025-07-25,Grocery,84.86
U_05056,2025-08-15,Grocery,100.27
U_05058,2025-10-05,Beauty,53.38
U_05058,2025-10-22,Beauty,53.21
U_05058,2025-12-27,Beauty,38.41
U_05059,2025-07-11,Sports,27.2
U_05059,2025-09-09,Books,25.4
U_05059,2025-10-07,Books,46.3
U_05059,2025-11-24,Sports,14.58
U_05060,2025-07-17,Toys,18.68
U_05060,2025-07-23,Home,150.17
U_05060,2025-08-29,Beauty,149.12
U_05060,2025-10-27,Books,241.15
U_05060,2025-10-28,Books,66.15
U_05060,2025-11-03,Books,35.54
U_05060,2025-11-09,Toys,25.8
U_05060,2025-12-22,Beauty,30.05
U_05061,2025-07-17,Books,71.78
U_05061,2025-07-18,Fashion,52.11
U_05061,2025-07-26,Home,186.56
U_05061,2025-08-07,Fashion,91.31
U_05061,2025-08-11,Fashion,52.35
U_05061,2025-09-04,Fashion,106.4
U_05061,2025-09-18,Fashion,237.13
U_05061,2025-09-24,Toys,30.19
U_05061,2025-11-24,Fashion,156.28
U_05063,2025-09-01,Home,18.08
U_05063,2025-10-05,Home,27.81
U_05064,2025-08-11,Sports,25.21
U_05065,2025-07-06,Grocery,240.14
U_05065,2025-07-07,Grocery,65.6
U_05065,2025-07-17,Grocery,160.25
U_05065,2025-08-09,Grocery,138.71
U_05065,2025-09-13,Grocery,74.98
U_05065,2025-11-13,Grocery,176.59
U_05066,2025-08-11,Toys,22.56
U_05066,2025-09-06,Toys,47.42
U_05066,2025-09-20,Toys,37.71
U_05066,2025-09-21,Books,101.32
U_05066,2025-11-11,Toys,59.26
U_05069,2025-08-07,Beauty,73.99
U_05069,2025-09-10,Beauty,89.95
U_05069,2025-09-16,Grocery,46.19
U_05069,2025-10-08,Sports,77.61
U_05072,2025-07-16,Fashion,16.74
U_05072,2025-07-28,Sports,30.11
U_05072,2025-08-06,Electronics,49.26
U_05072,2025-12-29,Sports,21.98
U_05073,2025-07-10,Fashion,13.25
U_05073,2025-11-13,Books,9.49
U_05074,2025-09-29,Grocery,16.81
U_05074,2025-12-06,Fashion,25.84
U_05074,2025-12-11,Home,18.66
U_05075,2025-09-01,Toys,30.47
U_05075,2025-12-23,Toys,44.43
U_05076,2025-07-27,Sports,27.17
U_05076,2025-09-08,Sports,28.95
U_05077,2025-08-21,Fashion,32.39
U_05077,2025-09-13,Fashion,34.64
U_05078,2025-07-16,Beauty,101.52
U_05078,2025-07-23,Fashion,47.5
U_05078,2025-08-07,Fashion,98.13
U_05078,2025-08-19,Fashion,63.49
U_05078,2025-09-14,Home,156.79
U_05078,2025-10-03,Fashion,157.38
U_05078,2025-11-01,Sports,50.94
U_05078,2025-12-03,Home,23.08
U_05078,2025-12-12,Home,100.59
U_05078,2025-12-25,Home,39.19
U_05079,2025-07-26,Books,129.12
U_05080,2025-07-17,Fashion,22.96
U_05080,2025-09-10,Fashion,19.06
U_05082,2025-07-09,Electronics,60.74
U_05082,2025-08-09,Books,39.59
U_05082,2025-10-30,Sports,77.65
U_05083,2025-07-04,Toys,30.31
U_05083,2025-07-08,Grocery,44.46
U_05083,2025-07-09,Toys,92.69
U_05083,2025-09-07,Toys,133.98
U_05083,2025-10-26,Toys,8.86
U_05083,2025-11-10,Toys,32.45
U_05084,2025-12-05,Fashion,77.25
U_05085,2025-07-19,Grocery,24.4
U_05085,2025-09-24,Toys,41.78
U_05085,2025-12-06,Grocery,9.15
U_05086,2025-11-07,Beauty,60.2
U_05087,2025-10-04,Beauty,21.34
U_05088,2025-08-30,Beauty,7.67
U_05088,2025-11-16,Sports,77.66
U_05088,2025-12-29,Beauty,8.55
U_05089,2025-11-15,Home,61.64
U_05092,2025-07-17,Home,37.81
U_05092,2025-08-09,Home,26.01
U_05094,2025-07-04,Sports,95.05
U_05094,2025-07-11,Home,71.84
U_05094,2025-08-30,Home,105.25
U_05094,2025-09-16,Home,16.9
U_05094,2025-09-20,Home,220.02
U_05094,2025-10-08,Books,57.83
U_05094,2025-12-26,Grocery,45.24
U_05095,2025-07-06,Sports,67.8
U_05095,2025-08-03,Sports,112.15
U_05095,2025-08-29,Sports,32.83
U_05095,2025-09-01,Sports,108.44
U_05095,2025-09-02,Sports,159.91
U_05095,2025-10-30,Sports,110.92
U_05096,2025-07-06,Fashion,32.43
U_05097,2025-09-04,Home,19.72
U_05098,2025-07-28,Fashion,50.67
U_05098,2025-08-15,Fashion,27.06
U_05098,2025-09-11,Toys,115.44
U_05098,2025-09-18,Books,19.79
U_05098,2025-10-30,Fashion,73.45
U_05098,2025-11-06,Sports,118.66
U_05098,2025-12-11,Fashion,11.46
U_05099,2025-07-22,Beauty,126.71
U_05099,2025-11-30,Books,106.97
U_05102,2025-11-20,Electronics,31.8
U_05103,2025-08-07,Grocery,16.23
U_05103,2025-10-28,Grocery,32.16
U_05103,2025-11-25,Grocery,76.75
U_05104,2025-10-05,Sports,18.98
U_05104,2025-11-14,Electronics,34.81
U_05105,2025-07-31,Home,70.15
U_05105,2025-10-10,Electronics,48.01
U_05105,2025-11-06,Home,14.22
U_05105,2025-12-24,Beauty,39.8
U_05107,2025-07-07,Books,69.42
U_05107,2025-07-08,Books,62.01
U_05107,2025-09-05,Books,73.78
U_05108,2025-08-22,Home,167.34
U_05108,2025-09-18,Home,10.99
U_05112,2025-09-17,Home,66.48
U_05113,2025-10-10,Toys,115.7
U_05113,2025-12-23,Toys,74.16
U_05115,2025-09-25,Electronics,34.06
U_05115,2025-10-06,Sports,22.76
U_05117,2025-07-25,Toys,31.74
U_05117,2025-10-29,Home,20.92
U_05117,2025-11-07,Books,126.52
U_05117,2025-12-28,Home,46.65
U_05118,2025-07-10,Electronics,76.14
U_05118,2025-09-10,Home,19.84
U_05118,2025-10-03,Electronics,19.51
U_05118,2025-11-07,Home,25.96
U_05118,2025-12-14,Toys,24.07
U_05118,2025-12-24,Home,50.16
U_05119,2025-08-30,Electronics,37.99
U_05119,2025-10-09,Electronics,44.26
U_05119,2025-10-20,Electronics,72.57
U_05119,2025-11-05,Electronics,49.78
U_05120,2025-07-29,Beauty,48.81
U_05120,2025-08-03,Toys,199.67
U_05120,2025-10-26,Electronics,116.79
U_05121,2025-08-04,Fashion,30.02
U_05121,2025-11-16,Fashion,28.14
U_05122,2025-08-31,Electronics,27.71
U_05123,2025-07-24,Sports,26.7
U_05124,2025-08-10,Sports,38.57
U_05124,2025-09-18,Sports,22.54
U_05126,2025-12-08,Beauty,24.78
U_05127,2025-08-12,Home,118.21
U_05128,2025-11-24,Sports,65.49
U_05129,2025-09-19,Toys,35.77
U_05130,2025-08-14,Fashion,10.43
U_05131,2025-07-15,Home,36.22
U_05131,2025-07-30,Home,108.7
U_05131,2025-08-10,Home,29.65
U_05131,2025-08-12,Home,115.35
U_05131,2025-09-09,Home,60.03
U_05131,2025-11-11,Home,64.09
U_05131,2025-12-23,Sports,80.03
U_05132,2025-07-08,Grocery,40.25
U_05132,2025-08-02,Grocery,37.04
U_05132,2025-08-27,Grocery,35.59
U_05134,2025-07-13,Sports,177.55
U_05134,2025-07-20,Books,77.03
U_05134,2025-08-15,Sports,330.84
U_05134,2025-08-21,Sports,71.72
U_05134,2025-08-29,Sports,182.99
U_05134,2025-09-03,Sports,62.01
U_05134,2025-09-19,Sports,165.46
U_05134,2025-09-26,Sports,52.52
U_05134,2025-09-30,Sports,104.92
U_05134,2025-10-02,Sports,198.2
U_05134,2025-10-16,Sports,12.45
U_05134,2025-11-20,Sports,91.54
U_05134,2025-12-05,Fashion,152.78
U_05137,2025-10-17,Electronics,25.39
U_05137,2025-12-15,Electronics,13.81
U_05137,2025-12-16,Electronics,29.45
U_05137,2025-12-23,Electronics,8.6
U_05139,2025-09-12,Grocery,16.19
U_05140,2025-08-17,Electronics,86.31
U_05141,2025-08-25,Toys,35.11
U_05141,2025-10-21,Toys,64.2
U_05142,2025-09-25,Electronics,41.26
U_05142,2025-11-25,Electronics,49.6
U_05143,2025-08-20,Grocery,51.39
U_05144,2025-10-06,Electronics,26.52
U_05145,2025-08-17,Books,69.84
U_05145,2025-08-26,Electronics,28.22
U_05145,2025-09-25,Toys,68.49
U_05145,2025-10-15,Electronics,73.26
U_05146,2025-08-30,Books,34.32
U_05146,2025-09-09,Home,13.9
U_05146,2025-10-26,Books,23.99
U_05148,2025-07-28,Sports,67.44
U_05149,2025-07-17,Fashion,47.45
U_05153,2025-07-07,Books,44.45
U_05154,2025-10-12,Grocery,34.71
U_05156,2025-07-17,Fashion,19.55
U_05156,2025-10-23,Home,11.51
U_05157,2025-07-22,Toys,60.7
U_05157,2025-09-08,Home,103.58
U_05157,2025-09-15,Sports,104.1
U_05157,2025-10-11,Toys,55.37
U_05159,2025-07-11,Fashion,53.33
U_05159,2025-08-02,Toys,274.55
U_05159,2025-09-27,Fashion,41.35
U_05159,2025-11-15,Fashion,41.58
U_05160,2025-08-22,Sports,36.57
U_05160,2025-09-27,Sports,55.35
U_05160,2025-10-04,Books,31.06
U_05160,2025-11-08,Books,66.35
U_05160,2025-11-20,Fashion,49.77
U_05160,2025-12-10,Grocery,213.1
U_05161,2025-07-30,Toys,21.0
U_05161,2025-08-13,Grocery,98.68
U_05161,2025-09-29,Toys,79.26
U_05161,2025-10-02,Home,60.12
U_05161,2025-10-16,Books,17.88
U_05161,2025-11-27,Toys,24.66
U_05161,2025-12-15,Fashion,83.03
U_05162,2025-07-21,Books,124.33
U_05162,2025-07-29,Toys,21.1
U_05162,2025-08-14,Books,28.65
U_05162,2025-09-21,Books,140.24
U_05164,2025-08-20,Books,33.01
U_05165,2025-07-11,Grocery,89.02
U_05165,2025-11-03,Books,82.47
U_05165,2025-11-14,Books,88.63
U_05165,2025-12-15,Books,12.43
U_05166,2025-09-10,Fashion,72.18
U_05166,2025-10-12,Sports,19.78
U_05166,2025-10-31,Fashion,59.79
U_05166,2025-11-27,Fashion,18.03
U_05167,2025-08-12,Toys,67.72
U_05167,2025-08-16,Toys,29.55
U_05167,2025-10-02,Toys,19.76
U_05167,2025-11-17,Toys,42.52
U_05168,2025-10-01,Fashion,73.3
U_05169,2025-07-26,Home,44.6
U_05169,2025-08-11,Home,23.48
U_05169,2025-09-04,Home,41.63
U_05169,2025-09-26,Home,76.59
U_05170,2025-07-27,Sports,12.6
U_05171,2025-08-16,Beauty,11.16
U_05171,2025-10-14,Beauty,52.08
U_05171,2025-10-15,Beauty,58.07
U_05171,2025-10-22,Beauty,41.52
U_05171,2025-11-19,Beauty,23.11
U_05172,2025-10-05,Toys,66.2
U_05172,2025-10-08,Toys,22.83
U_05173,2025-09-08,Books,35.32
U_05173,2025-12-03,Home,12.82
U_05173,2025-12-11,Fashion,15.52
U_05174,2025-08-27,Books,89.67
U_05175,2025-07-22,Grocery,12.23
U_05176,2025-07-14,Sports,139.44
U_05176,2025-07-17,Sports,157.67
U_05176,2025-08-16,Sports,124.92
U_05178,2025-07-30,Home,35.3
U_05178,2025-08-30,Home,37.53
U_05178,2025-09-18,Home,50.51
U_05178,2025-12-23,Home,99.89
U_05179,2025-07-23,Fashion,11.8
U_05180,2025-08-01,Sports,10.65
U_05180,2025-12-15,Electronics,15.23
U_05181,2025-07-06,Beauty,14.76
U_05181,2025-10-15,Beauty,53.41
U_05181,2025-11-02,Beauty,7.98
U_05181,2025-11-28,Beauty,36.43
U_05181,2025-12-26,Beauty,14.1
U_05182,2025-07-09,Grocery,15.07
U_05182,2025-08-02,Grocery,111.51
U_05182,2025-08-09,Grocery,55.82
U_05182,2025-10-14,Grocery,34.49
U_05182,2025-10-20,Fashion,119.35
U_05185,2025-08-04,Sports,103.33
U_05185,2025-08-23,Sports,106.2
U_05185,2025-09-07,Sports,74.23
U_05185,2025-09-13,Books,71.78
U_05185,2025-11-03,Books,126.69
U_05185,2025-11-07,Books,23.83
U_05185,2025-11-09,Sports,53.35
U_05187,2025-08-04,Toys,18.23
U_05188,2025-12-05,Books,142.1
U_05189,2025-07-10,Electronics,45.11
U_05190,2025-07-14,Grocery,59.63
U_05190,2025-12-02,Beauty,34.09
U_05191,2025-08-04,Sports,23.2
U_05191,2025-08-13,Sports,86.39
U_05192,2025-12-17,Electronics,47.67
U_05193,2025-08-15,Fashion,20.34
U_05193,2025-09-09,Fashion,19.7
U_05193,2025-10-06,Fashion,34.16
U_05193,2025-12-06,Fashion,29.14
U_05194,2025-11-29,Books,23.72
U_05195,2025-08-02,Books,41.9
U_05195,2025-08-26,Grocery,84.55
U_05195,2025-09-03,Toys,54.63
U_05195,2025-10-29,Books,40.58
U_05195,2025-11-09,Books,59.55
U_05195,2025-11-22,Books,55.64
U_05196,2025-07-26,Toys,73.6
U_05196,2025-08-05,Toys,80.67
U_05196,2025-08-11,Toys,57.67
U_05196,2025-08-12,Beauty,25.05
U_05196,2025-08-27,Grocery,47.89
U_05196,2025-09-29,Books,96.44
U_05196,2025-10-27,Books,115.49
U_05196,2025-12-24,Books,97.52
U_05196,2025-12-26,Electronics,66.2
U_05197,2025-12-13,Grocery,24.1
U_05198,2025-07-04,Fashion,135.53
U_05199,2025-11-24,Home,169.48
U_05199,2025-12-08,Home,18.07
U_05199,2025-12-12,Home,177.74
U_05199,2025-12-28,Home,82.19
U_05200,2025-09-08,Fashion,48.22
U_05200,2025-12-23,Fashion,44.31
U_05201,2025-09-19,Books,6.54
U_05202,2025-08-30,Books,28.7
U_05203,2025-07-19,Sports,24.03
U_05203,2025-10-29,Toys,13.09
U_05204,2025-08-03,Fashion,21.83
U_05204,2025-10-31,Books,35.64
U_05206,2025-08-15,Home,32.11
U_05206,2025-11-02,Home,20.38
U_05208,2025-07-04,Home,26.58
U_05208,2025-07-06,Home,34.61
U_05208,2025-09-03,Home,49.89
U_05210,2025-08-20,Fashion,51.22
U_05211,2025-07-29,Home,31.95
U_05211,2025-10-14,Beauty,12.29
U_05211,2025-11-27,Sports,19.62
U_05211,2025-12-07,Grocery,66.24
U_05211,2025-12-09,Sports,8.9
U_05212,2025-08-13,Fashion,41.89
U_05212,2025-12-02,Grocery,15.42
U_05212,2025-12-21,Sports,24.15
U_05214,2025-08-10,Sports,24.34
U_05215,2025-11-10,Toys,27.95
U_05217,2025-07-11,Books,14.18
U_05217,2025-07-17,Home,25.36
U_05217,2025-09-14,Toys,39.46
U_05217,2025-10-01,Toys,43.63
U_05217,2025-10-13,Toys,14.43
U_05218,2025-09-24,Sports,18.13
U_05218,2025-12-23,Books,38.31
U_05219,2025-10-12,Electronics,26.21
U_05221,2025-07-07,Sports,10.55
U_05221,2025-11-02,Grocery,53.04
U_05222,2025-07-28,Toys,32.13
U_05222,2025-09-27,Toys,16.33
U_05224,2025-10-03,Fashion,20.57
U_05226,2025-07-16,Fashion,107.35
U_05226,2025-07-19,Fashion,93.81
U_05226,2025-07-22,Fashion,31.34
U_05226,2025-10-10,Fashion,136.52
U_05227,2025-11-09,Books,33.34
U_05227,2025-12-25,Books,12.97
U_05228,2025-08-18,Fashion,54.32
U_05228,2025-09-25,Fashion,79.78
U_05230,2025-07-19,Fashion,71.45
U_05230,2025-07-26,Fashion,35.13
U_05230,2025-10-05,Fashion,65.35
U_05230,2025-11-20,Fashion,38.97
U_05230,2025-12-08,Fashion,26.52
U_05230,2025-12-17,Electronics,46.47
U_05230,2025-12-30,Fashion,34.83
U_05231,2025-08-11,Electronics,11.08
U_05231,2025-08-17,Home,11.73
U_05231,2025-11-15,Electronics,43.35
U_05232,2025-08-12,Grocery,28.21
U_05233,2025-08-21,Beauty,15.36
U_05233,2025-11-18,Home,11.65
U_05234,2025-09-16,Toys,37.54
U_05236,2025-08-11,Home,25.34
U_05236,2025-09-24,Toys,65.53
U_05236,2025-10-12,Home,14.71
U_05236,2025-11-26,Home,13.61
U_05237,2025-07-20,Fashion,36.27
U_05237,2025-08-10,Fashion,47.68
U_05237,2025-08-18,Fashion,148.39
U_05237,2025-08-22,Electronics,99.36
U_05237,2025-08-30,Fashion,120.31
U_05237,2025-09-28,Fashion,102.09
U_05238,2025-08-17,Fashion,237.83
U_05238,2025-09-01,Beauty,52.48
U_05238,2025-09-05,Beauty,15.61
U_05239,2025-09-08,Toys,17.86
U_05240,2025-08-24,Fashion,20.89
U_05240,2025-12-16,Fashion,60.01
U_05241,2025-07-18,Sports,106.77
U_05241,2025-07-24,Sports,104.54
U_05241,2025-09-01,Sports,20.67
U_05241,2025-09-19,Sports,114.52
U_05241,2025-10-02,Sports,42.17
U_05241,2025-10-14,Sports,16.6
U_05241,2025-11-30,Sports,56.61
U_05241,2025-12-18,Sports,46.87
U_05242,2025-09-15,Toys,20.45
U_05242,2025-12-13,Fashion,12.43
U_05242,2025-12-22,Toys,29.47
U_05243,2025-09-25,Electronics,39.74
U_05244,2025-11-27,Beauty,40.09
U_05245,2025-07-07,Electronics,116.5
U_05245,2025-07-11,Electronics,31.35
U_05245,2025-07-27,Toys,70.07
U_05245,2025-08-11,Electronics,42.6
U_05245,2025-09-03,Electronics,48.94
U_05247,2025-08-02,Books,25.8
U_05247,2025-09-18,Books,21.24
U_05247,2025-09-20,Books,13.65
U_05248,2025-07-10,Home,205.17
U_05248,2025-07-24,Electronics,73.42
U_05248,2025-08-25,Toys,80.02
U_05248,2025-09-07,Beauty,111.44
U_05249,2025-07-27,Beauty,70.58
U_05249,2025-08-11,Grocery,64.99
U_05251,2025-10-05,Home,9.04
U_05251,2025-10-28,Home,21.15
U_05252,2025-10-15,Fashion,35.23
U_05255,2025-08-06,Grocery,74.41
U_05255,2025-11-07,Sports,113.75
U_05256,2025-08-07,Home,78.87
U_05256,2025-10-13,Grocery,29.78
U_05256,2025-10-26,Toys,123.78
U_05257,2025-10-09,Fashion,14.61
U_05257,2025-11-01,Fashion,28.76
U_05257,2025-12-30,Beauty,43.49
U_05259,2025-09-24,Home,86.87
U_05259,2025-12-03,Electronics,28.76
U_05259,2025-12-05,Electronics,114.44
U_05260,2025-09-07,Home,43.99
U_05263,2025-07-26,Books,56.33
U_05263,2025-08-18,Electronics,46.2
U_05263,2025-10-11,Sports,83.28
U_05263,2025-10-26,Books,43.58
U_05264,2025-07-08,Books,81.31
U_05264,2025-07-25,Books,324.99
U_05264,2025-10-23,Books,98.98
U_05264,2025-11-08,Books,160.79
U_05265,2025-11-21,Home,62.28
U_05267,2025-10-03,Beauty,19.66
U_05268,2025-08-11,Electronics,88.87
U_05268,2025-08-31,Grocery,105.16
U_05268,2025-09-01,Books,117.38
U_05268,2025-09-19,Books,72.53
U_05268,2025-10-03,Books,117.82
U_05269,2025-07-28,Books,24.34
U_05269,2025-09-16,Grocery,15.4
U_05270,2025-09-21,Fashion,15.67
U_05270,2025-11-03,Home,26.04
U_05272,2025-10-09,Fashion,24.17
U_05273,2025-07-31,Toys,10.42
U_05273,2025-08-09,Beauty,38.17
U_05273,2025-09-07,Beauty,8.13
U_05273,2025-09-08,Fashion,78.35
U_05273,2025-11-14,Beauty,83.68
U_05274,2025-09-19,Grocery,98.86
U_05275,2025-07-19,Beauty,95.58
U_05275,2025-09-08,Beauty,122.47
U_05275,2025-10-19,Beauty,34.23
U_05275,2025-12-17,Toys,15.89
U_05276,2025-09-14,Beauty,144.05
U_05277,2025-10-04,Toys,17.27
U_05277,2025-10-10,Beauty,15.21
U_05279,2025-08-02,Toys,91.61
U_05279,2025-08-11,Toys,72.73
U_05279,2025-09-17,Toys,50.23
U_05279,2025-12-16,Toys,43.66
U_05280,2025-07-31,Books,20.65
U_05280,2025-08-06,Books,25.19
U_05282,2025-07-14,Home,25.74
U_05282,2025-09-18,Fashion,15.01
U_05282,2025-12-09,Fashion,39.41
U_05283,2025-07-30,Beauty,67.11
U_05283,2025-08-02,Books,170.14
U_05283,2025-08-21,Sports,64.1
U_05284,2025-08-31,Home,152.99
U_05284,2025-12-06,Home,38.51
U_05285,2025-08-01,Electronics,38.81
U_05285,2025-08-07,Toys,64.23
U_05285,2025-09-26,Electronics,37.64
U_05285,2025-11-07,Electronics,154.86
U_05285,2025-12-01,Grocery,28.29
U_05285,2025-12-23,Electronics,56.1
U_05286,2025-07-28,Home,38.81
U_05287,2025-08-30,Beauty,58.85
U_05290,2025-07-05,Beauty,88.5
U_05290,2025-07-07,Toys,122.97
U_05290,2025-08-02,Toys,85.97
U_05290,2025-09-07,Sports,109.13
U_05290,2025-10-03,Toys,89.35
U_05290,2025-10-07,Beauty,106.08
U_05290,2025-10-15,Toys,187.31
U_05290,2025-10-26,Beauty,263.88
U_05290,2025-11-05,Beauty,212.67
U_05290,2025-11-29,Fashion,124.2
U_05290,2025-12-12,Toys,133.22
U_05290,2025-12-18,Beauty,128.44
U_05290,2025-12-21,Fashion,203.46
U_05291,2025-07-24,Fashion,33.44
U_05296,2025-12-01,Sports,18.95
U_05297,2025-09-03,Toys,10.56
U_05297,2025-10-25,Books,22.74
U_05297,2025-11-15,Sports,16.35
U_05297,2025-12-18,Toys,29.13
U_05298,2025-07-15,Grocery,57.67
U_05298,2025-09-14,Home,49.57
U_05298,2025-11-20,Toys,46.39
U_05299,2025-12-17,Sports,63.43
U_05299,2025-12-23,Home,30.17
U_05300,2025-07-08,Electronics,183.0
U_05300,2025-07-27,Electronics,82.65
U_05300,2025-07-29,Electronics,113.12
U_05300,2025-08-04,Electronics,208.95
U_05300,2025-08-23,Toys,119.44
U_05301,2025-08-17,Grocery,26.88
U_05301,2025-09-02,Fashion,122.29
U_05301,2025-09-25,Grocery,100.24
U_05302,2025-10-07,Books,39.65
U_05303,2025-12-09,Beauty,52.68
U_05303,2025-12-13,Electronics,12.86
U_05303,2025-12-14,Home,12.06
U_05306,2025-08-09,Beauty,43.04
U_05306,2025-08-21,Home,38.29
U_05307,2025-07-26,Beauty,12.45
U_05307,2025-08-21,Electronics,36.86
U_05307,2025-09-12,Beauty,27.48
U_05308,2025-07-24,Electronics,52.24
U_05308,2025-09-01,Electronics,20.35
U_05308,2025-10-10,Electronics,39.71
U_05309,2025-07-09,Fashion,102.29
U_05309,2025-07-11,Fashion,104.91
U_05309,2025-07-20,Toys,16.91
U_05309,2025-08-01,Beauty,166.84
U_05309,2025-09-24,Fashion,178.7
U_05309,2025-09-25,Fashion,121.57
U_05309,2025-10-05,Fashion,131.19
U_05309,2025-10-29,Fashion,142.83
U_05309,2025-12-03,Beauty,50.08
U_05309,2025-12-04,Beauty,27.35
U_05309,2025-12-05,Beauty,150.89
U_05311,2025-09-14,Toys,54.49
U_05311,2025-11-24,Toys,152.52
U_05312,2025-08-18,Beauty,44.79
U_05313,2025-08-24,Beauty,32.06
U_05313,2025-10-03,Electronics,30.14
U_05314,2025-08-13,Electronics,184.26
U_05314,2025-10-23,Home,38.37
U_05314,2025-10-30,Toys,77.07
U_05314,2025-12-09,Home,48.06
U_05314,2025-12-15,Home,72.19
U_05315,2025-07-13,Electronics,61.12
U_05315,2025-10-10,Grocery,42.44
U_05317,2025-09-06,Fashion,27.76
U_05317,2025-12-25,Fashion,29.09
U_05318,2025-07-09,Fashion,40.88
U_05318,2025-10-15,Books,45.89
U_05318,2025-10-27,Sports,24.52
U_05318,2025-11-13,Fashion,19.82
U_05318,2025-12-23,Fashion,194.73
U_05319,2025-07-05,Toys,45.52
U_05319,2025-07-19,Toys,24.25
U_05319,2025-08-10,Toys,92.83
U_05319,2025-08-16,Toys,144.14
U_05319,2025-08-20,Beauty,55.59
U_05319,2025-09-01,Books,69.12
U_05319,2025-11-12,Toys,33.66
U_05319,2025-12-09,Toys,99.95
U_05320,2025-08-28,Grocery,119.83
U_05320,2025-09-23,Grocery,94.25
U_05320,2025-09-28,Grocery,83.6
U_05320,2025-11-09,Toys,72.08
U_05320,2025-11-17,Grocery,73.75
U_05320,2025-11-27,Grocery,14.91
U_05320,2025-12-30,Grocery,92.85
U_05321,2025-08-30,Sports,40.8
U_05322,2025-07-21,Grocery,42.33
U_05322,2025-08-05,Fashion,85.91
U_05322,2025-09-07,Grocery,33.75
U_05322,2025-10-02,Grocery,75.22
U_05322,2025-10-11,Grocery,37.54
U_05322,2025-10-12,Grocery,31.06
U_05323,2025-10-31,Beauty,82.5
U_05324,2025-09-07,Grocery,12.49
U_05325,2025-09-17,Toys,56.23
U_05325,2025-10-03,Toys,27.87
U_05330,2025-10-21,Home,7.97
U_05330,2025-10-30,Beauty,41.49
U_05330,2025-11-06,Sports,30.57
U_05330,2025-12-08,Grocery,23.54
U_05330,2025-12-15,Grocery,181.82
U_05333,2025-07-05,Books,114.44
U_05333,2025-07-27,Grocery,14.83
U_05333,2025-08-21,Fashion,47.04
U_05333,2025-09-03,Electronics,75.02
U_05333,2025-09-30,Books,33.25
U_05333,2025-10-20,Books,83.4
U_05335,2025-09-08,Sports,61.07
U_05335,2025-09-09,Books,21.44
U_05336,2025-07-28,Home,29.33
U_05336,2025-10-11,Books,23.2
U_05337,2025-08-07,Fashion,79.37
U_05337,2025-08-14,Fashion,129.91
U_05337,2025-09-03,Electronics,83.02
U_05337,2025-10-08,Fashion,25.76
U_05337,2025-12-13,Fashion,135.6
U_05338,2025-12-28,Toys,79.27
U_05339,2025-10-10,Beauty,40.0
U_05339,2025-10-29,Beauty,26.9
U_05339,2025-11-06,Sports,18.57
U_05340,2025-08-11,Electronics,48.24
U_05340,2025-08-30,Beauty,143.03
U_05343,2025-10-20,Beauty,10.84
U_05344,2025-08-07,Grocery,8.24
U_05344,2025-09-04,Fashion,26.65
U_05345,2025-08-11,Toys,33.72
U_05345,2025-08-12,Toys,61.29
U_05345,2025-08-21,Home,257.67
U_05345,2025-08-26,Sports,23.27
U_05346,2025-09-22,Beauty,49.67
U_05346,2025-11-14,Beauty,32.08
U_05346,2025-11-18,Grocery,27.53
U_05347,2025-07-07,Beauty,116.9
U_05347,2025-07-22,Fashion,68.83
U_05347,2025-10-10,Beauty,115.56
U_05348,2025-07-04,Sports,246.45
U_05348,2025-08-20,Toys,107.87
U_05348,2025-08-23,Toys,163.69
U_05348,2025-12-21,Sports,54.94
U_05349,2025-08-08,Beauty,45.05
U_05349,2025-11-11,Home,14.62
U_05351,2025-10-16,Beauty,86.2
U_05351,2025-11-18,Electronics,109.9
U_05351,2025-12-11,Beauty,8.3
U_05352,2025-08-27,Sports,19.83
U_05352,2025-09-21,Sports,16.4
U_05353,2025-08-31,Books,76.46
U_05353,2025-09-04,Fashion,45.04
U_05353,2025-09-27,Books,38.87
U_05353,2025-10-29,Books,18.51
U_05353,2025-12-27,Books,62.34
U_05354,2025-07-22,Electronics,45.31
U_05354,2025-07-30,Fashion,39.43
U_05354,2025-08-31,Beauty,37.35
U_05354,2025-09-29,Fashion,36.97
U_05354,2025-11-25,Toys,170.13
U_05354,2025-12-09,Toys,34.36
U_05354,2025-12-13,Fashion,95.12
U_05354,2025-12-14,Home,113.21
U_05354,2025-12-15,Fashion,25.99
U_05354,2025-12-19,Toys,67.98
U_05356,2025-07-06,Electronics,136.99
U_05356,2025-11-12,Electronics,37.37
U_05357,2025-12-16,Home,62.94
U_05357,2025-12-19,Home,90.63
U_05358,2025-10-04,Books,17.4
U_05358,2025-10-17,Fashion,73.92
U_05358,2025-11-06,Fashion,87.43
U_05358,2025-11-17,Electronics,87.94
U_05359,2025-07-04,Sports,73.47
U_05359,2025-09-20,Sports,48.35
U_05359,2025-12-19,Sports,52.98
U_05360,2025-08-20,Toys,54.83
U_05360,2025-09-13,Toys,9.91
U_05363,2025-07-25,Electronics,19.06
U_05363,2025-08-28,Beauty,46.5
U_05364,2025-07-29,Sports,34.3
U_05364,2025-09-04,Sports,118.34
U_05364,2025-09-09,Fashion,43.14
U_05364,2025-09-30,Sports,82.04
U_05364,2025-10-16,Sports,36.06
U_05364,2025-12-16,Sports,63.45
U_05365,2025-07-14,Electronics,37.46
U_05366,2025-08-02,Beauty,65.26
U_05366,2025-08-07,Beauty,74.64
U_05366,2025-12-25,Electronics,63.54
U_05367,2025-07-22,Electronics,99.28
U_05367,2025-07-25,Home,83.53
U_05367,2025-08-09,Home,103.38
U_05367,2025-08-14,Sports,130.03
U_05367,2025-08-31,Home,61.94
U_05368,2025-07-21,Books,21.85
U_05370,2025-11-29,Home,148.17
U_05372,2025-08-13,Beauty,26.84
U_05372,2025-12-25,Beauty,43.53
U_05373,2025-09-25,Toys,96.22
U_05373,2025-12-25,Grocery,87.06
U_05376,2025-08-13,Electronics,23.57
U_05376,2025-11-25,Fashion,28.74
U_05376,2025-12-09,Books,22.61
U_05377,2025-07-30,Sports,36.54
U_05377,2025-08-02,Sports,14.13
U_05377,2025-09-13,Sports,60.49
U_05377,2025-10-01,Sports,30.29
U_05378,2025-08-24,Sports,26.57
U_05378,2025-10-22,Grocery,21.4
U_05379,2025-08-07,Grocery,35.86
U_05379,2025-10-04,Home,13.84
U_05379,2025-11-04,Home,17.39
U_05379,2025-11-24,Grocery,95.94
U_05380,2025-12-13,Sports,53.38
U_05380,2025-12-18,Grocery,192.98
U_05381,2025-07-18,Beauty,29.43
U_05381,2025-07-24,Beauty,232.16
U_05381,2025-08-27,Beauty,81.73
U_05381,2025-09-13,Beauty,41.7
U_05381,2025-09-22,Beauty,22.03
U_05381,2025-10-06,Books,73.46
U_05381,2025-10-25,Beauty,64.77
U_05381,2025-11-17,Beauty,86.03
U_05381,2025-11-23,Beauty,127.99
U_05381,2025-12-05,Beauty,95.26
U_05381,2025-12-08,Beauty,143.12
U_05381,2025-12-15,Beauty,94.69
U_05381,2025-12-18,Electronics,61.03
U_05381,2025-12-24,Beauty,76.65
U_05382,2025-09-16,Home,59.77
U_05382,2025-11-25,Home,55.84
U_05382,2025-12-08,Home,80.47
U_05383,2025-08-22,Grocery,17.53
U_05383,2025-11-07,Grocery,25.62
U_05383,2025-11-27,Grocery,52.24
U_05384,2025-07-08,Toys,79.33
U_05384,2025-08-25,Toys,23.12
U_05384,2025-11-04,Toys,46.52
U_05384,2025-11-11,Toys,78.32
U_05384,2025-12-15,Toys,42.98
U_05386,2025-07-14,Electronics,9.72
U_05386,2025-07-18,Beauty,20.57
U_05386,2025-08-14,Fashion,20.78
U_05386,2025-09-02,Electronics,31.95
U_05386,2025-11-23,Electronics,35.59
U_05387,2025-09-02,Electronics,15.31
U_05387,2025-09-10,Electronics,52.69
U_05387,2025-09-28,Fashion,27.8
U_05387,2025-10-15,Fashion,49.24
U_05388,2025-08-18,Home,23.06
U_05389,2025-07-13,Fashion,22.71
U_05389,2025-12-22,Fashion,26.61
U_05391,2025-08-21,Beauty,226.19
U_05391,2025-09-03,Home,70.23
U_05394,2025-08-09,Grocery,16.73
U_05394,2025-09-07,Grocery,153.94
U_05394,2025-09-11,Books,120.44
U_05394,2025-09-21,Grocery,176.55
U_05394,2025-10-02,Grocery,124.89
U_05394,2025-10-16,Grocery,61.84
U_05394,2025-10-26,Books,51.18
U_05394,2025-12-10,Grocery,131.98
U_05394,2025-12-20,Grocery,160.03
U_05395,2025-09-01,Fashion,30.39
U_05397,2025-08-25,Grocery,18.21
U_05397,2025-09-24,Fashion,88.47
U_05397,2025-12-13,Fashion,28.03
U_05398,2025-07-13,Books,10.44
U_05398,2025-08-27,Home,30.5
U_05398,2025-12-04,Fashion,22.37
U_05399,2025-10-16,Sports,74.82
U_05399,2025-11-26,Sports,16.6
U_05400,2025-07-20,Books,86.71
U_05401,2025-07-18,Fashion,194.42
U_05401,2025-08-20,Fashion,50.59
U_05401,2025-12-21,Fashion,56.27
U_05402,2025-11-22,Home,16.19
U_05403,2025-08-17,Beauty,53.92
U_05403,2025-09-03,Beauty,22.14
U_05404,2025-07-23,Electronics,45.42
U_05404,2025-08-07,Beauty,71.76
U_05404,2025-09-08,Beauty,76.01
U_05404,2025-11-12,Beauty,108.83
U_05404,2025-12-13,Beauty,35.37
U_05405,2025-12-15,Books,60.34
U_05405,2025-12-16,Books,31.15
U_05407,2025-07-26,Fashion,55.78
U_05407,2025-09-21,Fashion,109.58
U_05407,2025-10-10,Electronics,94.04
U_05407,2025-10-15,Home,81.46
U_05407,2025-11-15,Books,26.53
U_05407,2025-12-14,Grocery,20.71
U_05407,2025-12-21,Fashion,52.71
U_05408,2025-07-21,Fashion,77.41
U_05410,2025-08-29,Books,48.83
U_05410,2025-09-25,Books,60.01
U_05410,2025-10-22,Books,100.22
U_05410,2025-10-24,Books,182.1
U_05410,2025-11-24,Electronics,35.65
U_05410,2025-12-21,Books,29.96
U_05411,2025-09-01,Beauty,42.75
U_05412,2025-07-27,Sports,51.04
U_05412,2025-10-20,Electronics,45.83
U_05413,2025-08-12,Electronics,24.26
U_05413,2025-08-13,Fashion,61.63
U_05413,2025-09-19,Electronics,20.09
U_05413,2025-12-03,Electronics,49.18
U_05414,2025-12-19,Grocery,30.3
U_05415,2025-07-21,Toys,65.0
U_05415,2025-08-29,Toys,14.38
U_05415,2025-09-17,Sports,86.02
U_05415,2025-09-19,Toys,281.04
U_05415,2025-09-29,Toys,55.06
U_05417,2025-10-20,Fashion,31.86
U_05417,2025-10-29,Fashion,28.29
U_05417,2025-12-12,Fashion,26.11
U_05418,2025-09-15,Electronics,40.48
U_05419,2025-07-28,Electronics,41.93
U_05420,2025-09-25,Grocery,37.92
U_05420,2025-11-14,Home,39.8
U_05421,2025-08-19,Books,86.43
U_05422,2025-07-05,Toys,29.02
U_05423,2025-07-19,Electronics,38.08
U_05423,2025-12-13,Home,23.39
U_05424,2025-07-16,Home,52.47
U_05424,2025-09-01,Fashion,14.89
U_05424,2025-09-28,Home,19.14
U_05425,2025-07-31,Grocery,29.68
U_05425,2025-08-20,Grocery,40.41
U_05425,2025-09-18,Home,53.74
U_05425,2025-12-21,Grocery,56.89
U_05426,2025-07-19,Grocery,27.1
U_05426,2025-07-22,Grocery,12.99
U_05426,2025-09-02,Grocery,62.84
U_05427,2025-07-12,Toys,86.75
U_05427,2025-07-27,Toys,58.07
U_05427,2025-08-20,Fashion,16.51
U_05427,2025-09-20,Toys,22.6
U_05427,2025-11-13,Grocery,127.86
U_05428,2025-09-24,Grocery,21.97
U_05428,2025-10-12,Sports,64.25
U_05428,2025-11-08,Sports,44.04
U_05428,2025-11-15,Sports,82.43
U_05429,2025-07-21,Beauty,89.28
U_05430,2025-08-17,Electronics,15.31
U_05430,2025-09-16,Toys,203.48
U_05430,2025-12-17,Toys,74.37
U_05432,2025-10-19,Fashion,147.85
U_05433,2025-08-10,Grocery,34.42
U_05433,2025-09-07,Beauty,25.45
U_05433,2025-09-20,Beauty,64.7
U_05438,2025-09-10,Home,80.82
U_05438,2025-10-25,Electronics,60.97
U_05438,2025-10-26,Electronics,55.84
U_05438,2025-12-15,Beauty,68.62
U_05440,2025-09-09,Home,37.19
U_05440,2025-09-26,Beauty,26.94
U_05441,2025-12-15,Beauty,41.11
U_05442,2025-07-08,Toys,22.98
U_05442,2025-08-16,Toys,62.8
U_05444,2025-08-11,Toys,26.21
U_05445,2025-09-13,Fashion,80.27
U_05445,2025-10-30,Beauty,19.4
U_05446,2025-09-23,Home,37.34
U_05446,2025-11-06,Beauty,14.21
U_05446,2025-11-25,Home,18.4
U_05447,2025-11-01,Electronics,17.16
U_05448,2025-10-04,Sports,9.69
U_05449,2025-07-19,Toys,89.18
U_05449,2025-08-11,Toys,21.02
U_05449,2025-09-15,Toys,183.48
U_05449,2025-10-13,Toys,97.2
U_05449,2025-11-11,Toys,71.17
U_05453,2025-12-13,Books,73.04
U_05454,2025-09-04,Sports,36.16
U_05457,2025-08-01,Beauty,67.31
U_05459,2025-08-23,Sports,273.74
U_05459,2025-12-29,Fashion,41.67
U_05461,2025-08-18,Electronics,9.54
U_05461,2025-10-17,Fashion,29.16
U_05462,2025-08-10,Home,8.53
U_05464,2025-08-11,Beauty,46.96
U_05465,2025-11-07,Electronics,34.06
U_05465,2025-11-24,Electronics,15.65
U_05466,2025-07-05,Beauty,83.04
U_05466,2025-07-17,Electronics,223.02
U_05466,2025-08-16,Beauty,213.21
U_05466,2025-10-24,Beauty,205.96
U_05466,2025-11-24,Beauty,42.24
U_05466,2025-12-06,Beauty,155.15
U_05466,2025-12-15,Beauty,114.4
U_05467,2025-08-22,Electronics,18.04
U_05468,2025-07-20,Electronics,140.41
U_05468,2025-09-18,Electronics,70.61
U_05468,2025-11-12,Grocery,60.99
U_05469,2025-10-14,Home,8.26
U_05469,2025-11-08,Home,33.74
U_05469,2025-11-28,Home,39.01
U_05470,2025-11-09,Sports,77.36
U_05471,2025-07-07,Beauty,46.79
U_05471,2025-08-15,Sports,180.04
U_05472,2025-09-23,Grocery,20.2
U_05472,2025-11-19,Grocery,68.54
U_05472,2025-12-23,Electronics,48.72
U_05473,2025-07-27,Beauty,85.08
U_05473,2025-08-09,Books,101.1
U_05477,2025-09-26,Grocery,20.18
U_05477,2025-11-06,Grocery,36.7
U_05477,2025-11-28,Grocery,28.35
U_05481,2025-08-28,Grocery,43.45
U_05481,2025-09-09,Books,44.87
U_05482,2025-10-18,Sports,22.68
U_05482,2025-10-31,Sports,26.68
U_05483,2025-07-25,Books,5.92
U_05483,2025-12-06,Beauty,8.57
U_05484,2025-12-10,Toys,29.77
U_05485,2025-07-15,Sports,22.8
U_05485,2025-07-27,Sports,30.46
U_05485,2025-08-17,Sports,76.77
U_05485,2025-08-22,Electronics,50.25
U_05485,2025-08-27,Sports,121.19
U_05485,2025-09-30,Electronics,117.98
U_05485,2025-10-31,Sports,23.81
U_05485,2025-11-16,Sports,70.73
U_05485,2025-11-22,Sports,190.57
U_05485,2025-12-13,Beauty,80.38
U_05486,2025-07-18,Grocery,121.97
U_05486,2025-08-13,Grocery,51.32
U_05487,2025-09-29,Electronics,26.94
U_05487,2025-10-24,Home,24.13
U_05487,2025-11-17,Toys,41.88
U_05487,2025-12-26,Electronics,44.12
U_05488,2025-08-31,Toys,32.51
U_05488,2025-09-22,Toys,12.12
U_05488,2025-10-22,Toys,5.43
U_05488,2025-10-29,Electronics,32.4
U_05489,2025-12-12,Books,55.92
U_05489,2025-12-25,Fashion,20.32
U_05490,2025-08-12,Electronics,53.43
U_05490,2025-09-10,Toys,67.93
U_05490,2025-11-14,Grocery,74.0
U_05490,2025-12-30,Grocery,18.42
U_05493,2025-09-28,Grocery,55.35
U_05494,2025-08-07,Toys,23.06
U_05494,2025-11-19,Fashion,46.41
U_05495,2025-07-28,Toys,90.2
U_05495,2025-09-16,Toys,140.67
U_05496,2025-08-16,Toys,224.85
U_05496,2025-09-03,Toys,128.36
U_05496,2025-09-13,Toys,183.15
U_05497,2025-10-28,Electronics,20.69
U_05497,2025-11-09,Electronics,18.95
U_05498,2025-07-28,Beauty,46.86
U_05499,2025-08-05,Fashion,43.59
U_05499,2025-10-25,Grocery,23.13
U_05499,2025-12-06,Sports,27.87
U_05499,2025-12-11,Home,57.61
U_05499,2025-12-26,Beauty,37.73
U_05500,2025-09-07,Books,15.08
U_05500,2025-10-01,Books,132.56
U_05500,2025-10-21,Toys,46.95
U_05501,2025-07-23,Beauty,183.32
U_05501,2025-08-02,Beauty,107.09
U_05501,2025-08-29,Beauty,46.59
U_05501,2025-09-10,Beauty,68.31
U_05501,2025-09-23,Beauty,54.65
U_05501,2025-11-11,Home,150.37
U_05501,2025-11-23,Beauty,85.37
U_05501,2025-12-27,Beauty,198.5
U_05502,2025-07-26,Sports,177.31
U_05503,2025-08-28,Sports,23.45
U_05503,2025-11-04,Books,50.49
U_05505,2025-08-28,Grocery,43.33
U_05505,2025-10-01,Grocery,26.35
U_05505,2025-10-27,Grocery,31.25
U_05505,2025-12-17,Grocery,24.88
U_05506,2025-07-10,Sports,25.85
U_05506,2025-09-14,Sports,13.11
U_05506,2025-10-21,Sports,135.26
U_05507,2025-07-11,Sports,87.61
U_05507,2025-07-28,Home,59.35
U_05507,2025-07-31,Sports,105.53
U_05507,2025-08-15,Home,23.76
U_05508,2025-09-16,Books,26.61
U_05510,2025-08-07,Sports,50.6
U_05510,2025-08-12,Sports,21.14
U_05510,2025-09-04,Sports,41.24
U_05511,2025-07-22,Electronics,46.39
U_05511,2025-08-06,Home,17.04
U_05511,2025-08-17,Beauty,91.16
U_05511,2025-09-03,Sports,106.02
U_05511,2025-09-04,Toys,42.86
U_05511,2025-10-06,Fashion,301.79
U_05511,2025-10-18,Electronics,211.47
U_05511,2025-10-20,Electronics,69.15
U_05511,2025-11-12,Fashion,106.2
U_05511,2025-12-21,Fashion,64.78
U_05511,2025-12-29,Fashion,277.09
U_05513,2025-07-31,Sports,182.62
U_05513,2025-08-14,Grocery,39.0
U_05513,2025-08-23,Grocery,129.04
U_05513,2025-09-16,Grocery,84.94
U_05513,2025-10-02,Grocery,112.78
U_05514,2025-09-01,Beauty,154.27
U_05515,2025-07-16,Sports,42.51
U_05515,2025-08-14,Grocery,50.69
U_05516,2025-08-13,Sports,12.23
U_05517,2025-09-24,Books,24.89
U_05517,2025-10-16,Fashion,28.28
U_05519,2025-07-06,Fashion,39.1
U_05519,2025-09-10,Sports,160.66
U_05520,2025-08-02,Books,90.99
U_05520,2025-08-26,Books,94.8
U_05520,2025-09-29,Books,37.95
U_05520,2025-10-23,Books,168.21
U_05520,2025-11-14,Books,75.38
U_05520,2025-11-15,Books,87.59
U_05520,2025-11-22,Books,40.6
U_05520,2025-12-28,Books,156.89
U_05522,2025-09-24,Home,6.62
U_05522,2025-11-26,Home,34.64
U_05523,2025-08-27,Electronics,29.25
U_05524,2025-08-18,Electronics,42.83
U_05525,2025-08-13,Beauty,193.37
U_05525,2025-09-10,Beauty,49.57
U_05525,2025-09-25,Grocery,63.05
U_05525,2025-10-09,Beauty,27.27
U_05525,2025-10-23,Beauty,62.51
U_05525,2025-12-14,Beauty,21.7
U_05525,2025-12-26,Beauty,37.71
U_05526,2025-11-30,Sports,15.42
U_05527,2025-07-13,Books,77.75
U_05527,2025-08-16,Books,43.18
U_05527,2025-08-26,Home,42.26
U_05527,2025-12-03,Toys,17.79
U_05527,2025-12-16,Toys,30.0
U_05529,2025-08-24,Home,174.09
U_05529,2025-08-28,Electronics,238.83
U_05529,2025-09-25,Home,104.15
U_05529,2025-11-09,Sports,36.92
U_05529,2025-12-03,Home,47.83
U_05530,2025-08-09,Home,57.55
U_05530,2025-09-13,Sports,16.69
U_05531,2025-08-05,Grocery,11.19
U_05532,2025-07-05,Fashion,26.84
U_05532,2025-07-16,Fashion,50.82
U_05533,2025-07-05,Grocery,13.56
U_05533,2025-07-13,Books,21.4
U_05533,2025-07-24,Grocery,17.34
U_05533,2025-08-20,Fashion,30.58
U_05533,2025-10-12,Sports,41.61
U_05533,2025-11-20,Books,214.69
U_05534,2025-08-23,Beauty,110.77
U_05535,2025-10-03,Toys,16.46
U_05535,2025-11-14,Beauty,30.44
U_05536,2025-08-12,Grocery,153.28
U_05536,2025-09-28,Fashion,24.45
U_05536,2025-11-13,Fashion,55.13
U_05536,2025-12-14,Fashion,24.44
U_05538,2025-09-28,Beauty,24.89
U_05538,2025-10-11,Beauty,28.79
U_05538,2025-11-10,Beauty,40.39
U_05538,2025-12-22,Beauty,19.51
U_05542,2025-07-16,Electronics,100.96
U_05542,2025-08-08,Books,124.66
U_05542,2025-08-22,Electronics,208.74
U_05542,2025-08-27,Electronics,155.77
U_05542,2025-08-30,Electronics,162.86
U_05542,2025-10-08,Electronics,285.23
U_05542,2025-12-19,Electronics,35.47
U_05544,2025-08-30,Home,35.84
U_05546,2025-07-21,Beauty,53.64
U_05546,2025-09-22,Beauty,40.26
U_05547,2025-09-07,Sports,18.77
U_05549,2025-12-03,Fashion,10.65
U_05550,2025-08-05,Toys,32.19
U_05551,2025-07-05,Home,94.95
U_05551,2025-07-06,Electronics,57.1
U_05551,2025-07-24,Electronics,70.0
U_05551,2025-08-03,Home,103.33
U_05551,2025-08-19,Home,54.08
U_05551,2025-10-12,Books,56.31
U_05551,2025-10-22,Electronics,12.3
U_05551,2025-11-20,Electronics,39.52
U_05551,2025-11-25,Beauty,133.34
U_05551,2025-12-11,Home,99.05
U_05551,2025-12-13,Fashion,56.04
U_05552,2025-07-28,Home,122.61
U_05552,2025-08-01,Electronics,118.92
U_05552,2025-08-07,Grocery,164.36
U_05552,2025-08-27,Grocery,43.94
U_05552,2025-09-06,Grocery,25.14
U_05552,2025-10-24,Grocery,56.97
U_05552,2025-11-03,Sports,20.49
U_05552,2025-11-19,Grocery,70.41
U_05552,2025-11-25,Home,47.54
U_05552,2025-12-03,Grocery,24.05
U_05552,2025-12-19,Grocery,112.7
U_05552,2025-12-25,Grocery,57.23
U_05553,2025-07-06,Books,56.23
U_05553,2025-07-19,Books,50.37
U_05553,2025-08-16,Fashion,24.41
U_05553,2025-08-27,Books,29.67
U_05553,2025-09-12,Books,75.63
U_05553,2025-10-20,Books,19.74
U_05553,2025-12-15,Books,58.45
U_05554,2025-07-25,Electronics,30.47
U_05554,2025-10-01,Electronics,26.95
U_05554,2025-12-27,Beauty,47.7
U_05555,2025-07-24,Toys,19.64
U_05556,2025-10-18,Toys,72.26
U_05558,2025-12-25,Beauty,32.26
U_05559,2025-07-05,Toys,38.97
U_05559,2025-10-29,Toys,106.84
U_05560,2025-08-01,Toys,87.95
U_05560,2025-08-18,Toys,55.17
U_05560,2025-08-24,Toys,41.22
U_05560,2025-09-21,Toys,12.27
U_05560,2025-10-13,Electronics,107.14
U_05560,2025-10-20,Toys,57.06
U_05560,2025-11-16,Toys,73.46
U_05562,2025-08-21,Toys,47.88
U_05562,2025-08-23,Electronics,91.52
U_05562,2025-08-26,Toys,86.38
U_05563,2025-07-06,Sports,193.79
U_05563,2025-07-10,Books,77.19
U_05563,2025-07-15,Sports,42.94
U_05563,2025-08-21,Home,53.13
U_05563,2025-10-18,Home,360.06
U_05563,2025-11-01,Books,52.9
U_05563,2025-11-23,Beauty,177.81
U_05564,2025-07-13,Sports,35.72
U_05564,2025-08-02,Toys,137.67
U_05564,2025-09-16,Sports,38.97
U_05564,2025-09-26,Sports,103.57
U_05564,2025-12-12,Electronics,43.23
U_05564,2025-12-22,Sports,118.74
U_05566,2025-07-06,Electronics,32.23
U_05566,2025-07-25,Electronics,46.52
U_05566,2025-09-30,Electronics,80.93
U_05566,2025-10-08,Electronics,32.56
U_05567,2025-07-21,Toys,59.15
U_05567,2025-10-29,Electronics,34.76
U_05568,2025-09-21,Grocery,83.11
U_05568,2025-10-14,Sports,67.41
U_05568,2025-11-07,Sports,37.99
U_05569,2025-08-11,Beauty,33.05
U_05569,2025-09-08,Home,22.7
U_05570,2025-09-29,Beauty,98.62
U_05570,2025-11-01,Books,43.42
U_05572,2025-10-17,Beauty,33.38
U_05572,2025-11-28,Beauty,50.86
U_05573,2025-07-15,Home,15.78
U_05573,2025-12-21,Home,90.83
U_05573,2025-12-26,Home,16.38
U_05574,2025-10-13,Beauty,66.26
U_05574,2025-10-14,Electronics,27.64
U_05576,2025-09-16,Beauty,99.99
U_05576,2025-09-21,Grocery,59.13
U_05576,2025-10-17,Sports,40.98
U_05577,2025-09-26,Electronics,45.22
U_05577,2025-10-30,Electronics,66.04
U_05577,2025-11-08,Electronics,93.56
U_05577,2025-12-24,Sports,79.82
U_05578,2025-08-28,Sports,43.25
U_05578,2025-09-08,Books,162.91
U_05578,2025-09-13,Grocery,36.04
U_05578,2025-10-12,Grocery,32.98
U_05582,2025-07-07,Sports,86.62
U_05582,2025-07-23,Sports,86.62
U_05582,2025-08-01,Sports,51.9
U_05582,2025-08-06,Sports,49.87
U_05582,2025-08-10,Sports,7.47
U_05582,2025-08-15,Fashion,26.53
U_05582,2025-11-28,Sports,75.58
U_05583,2025-08-22,Toys,25.84
U_05583,2025-09-03,Beauty,43.85
U_05583,2025-12-23,Toys,50.07
U_05584,2025-10-10,Fashion,79.38
U_05585,2025-07-05,Fashion,21.51
U_05585,2025-07-06,Fashion,10.8
U_05585,2025-07-16,Fashion,71.04
U_05585,2025-07-18,Fashion,150.11
U_05585,2025-08-17,Fashion,53.21
U_05586,2025-10-19,Electronics,85.16
U_05587,2025-09-03,Home,31.73
U_05588,2025-08-15,Beauty,35.99
U_05589,2025-09-21,Grocery,8.47
U_05589,2025-12-12,Home,62.21
U_05591,2025-10-19,Books,15.15
U_05592,2025-10-01,Electronics,54.02
U_05592,2025-10-16,Electronics,59.1
U_05592,2025-12-16,Books,88.71
U_05593,2025-09-10,Home,24.93
U_05596,2025-08-30,Fashion,28.82
U_05596,2025-11-24,Fashion,80.19
U_05598,2025-07-14,Beauty,32.22
U_05599,2025-07-11,Grocery,43.03
U_05599,2025-12-05,Beauty,43.34
U_05600,2025-12-07,Electronics,184.89
U_05602,2025-08-05,Sports,20.64
U_05602,2025-11-22,Sports,40.8
U_05605,2025-08-08,Beauty,78.5
U_05605,2025-08-18,Grocery,73.13
U_05605,2025-08-25,Fashion,90.25
U_05605,2025-09-11,Grocery,180.2
U_05605,2025-10-06,Grocery,141.81
U_05605,2025-10-13,Grocery,25.23
U_05605,2025-12-11,Grocery,67.79
U_05607,2025-10-07,Sports,99.15
U_05607,2025-10-25,Books,17.99
U_05607,2025-11-14,Grocery,29.7
U_05608,2025-08-18,Books,17.98
U_05608,2025-10-18,Beauty,11.6
U_05609,2025-10-02,Books,16.2
U_05610,2025-08-15,Grocery,25.62
U_05611,2025-10-02,Grocery,18.61
U_05612,2025-07-04,Electronics,16.94
U_05612,2025-07-28,Electronics,12.96
U_05612,2025-09-03,Electronics,39.93
U_05612,2025-10-30,Electronics,59.72
U_05613,2025-10-14,Books,53.76
U_05615,2025-09-24,Electronics,32.35
U_05615,2025-10-23,Home,49.98
U_05615,2025-12-02,Home,77.42
U_05616,2025-11-09,Beauty,42.78
U_05617,2025-08-26,Electronics,35.4
U_05617,2025-12-17,Electronics,21.61
U_05618,2025-07-30,Grocery,66.09
U_05619,2025-07-06,Electronics,12.88
U_05620,2025-11-12,Electronics,36.81
U_05622,2025-07-13,Toys,73.56
U_05622,2025-07-31,Toys,20.67
U_05622,2025-09-01,Home,142.14
U_05622,2025-09-08,Toys,22.81
U_05622,2025-09-09,Toys,110.14
U_05622,2025-10-02,Toys,45.45
U_05622,2025-10-04,Toys,99.69
U_05622,2025-12-02,Toys,23.6
U_05623,2025-11-23,Fashion,55.25
U_05624,2025-09-27,Sports,16.26
U_05625,2025-07-05,Books,111.39
U_05625,2025-08-24,Beauty,49.66
U_05625,2025-11-04,Beauty,40.77
U_05625,2025-11-09,Books,37.72
U_05625,2025-11-20,Books,22.77
U_05625,2025-12-28,Sports,82.79
U_05626,2025-07-07,Grocery,42.64
U_05626,2025-07-27,Grocery,60.86
U_05627,2025-08-31,Books,17.59
U_05627,2025-09-12,Books,8.87
U_05629,2025-07-24,Fashion,86.82
U_05630,2025-09-01,Fashion,207.74
U_05630,2025-11-21,Home,59.49
U_05630,2025-12-10,Electronics,123.14
U_05630,2025-12-29,Electronics,124.27
U_05630,2025-12-30,Electronics,136.87
U_05632,2025-07-27,Fashion,13.78
U_05633,2025-09-26,Electronics,8.4
U_05633,2025-11-26,Beauty,8.41
U_05634,2025-12-14,Grocery,40.02
U_05636,2025-07-21,Home,109.97
U_05636,2025-08-09,Beauty,206.77
U_05636,2025-08-27,Beauty,73.94
U_05636,2025-09-09,Beauty,82.82
U_05636,2025-09-14,Beauty,188.11
U_05636,2025-10-02,Beauty,126.02
U_05636,2025-10-04,Beauty,42.39
U_05636,2025-11-26,Beauty,61.08
U_05637,2025-08-01,Toys,20.43
U_05637,2025-09-14,Grocery,57.93
U_05637,2025-12-27,Grocery,46.77
U_05638,2025-07-19,Sports,139.37
U_05638,2025-07-26,Sports,32.67
U_05638,2025-08-20,Toys,87.26
U_05638,2025-08-24,Books,23.04
U_05638,2025-08-25,Toys,60.86
U_05638,2025-09-01,Toys,100.94
U_05638,2025-09-07,Grocery,179.33
U_05638,2025-10-13,Toys,131.84
U_05638,2025-12-08,Toys,19.28
U_05638,2025-12-11,Toys,81.2
U_05638,2025-12-12,Toys,145.86
U_05638,2025-12-26,Toys,78.66
U_05638,2025-12-27,Toys,103.72
U_05639,2025-08-13,Grocery,42.19
U_05639,2025-10-16,Home,22.72
U_05640,2025-09-28,Fashion,25.13
U_05641,2025-11-15,Home,20.42
U_05643,2025-07-05,Fashion,33.2
U_05645,2025-08-05,Books,23.82
U_05645,2025-11-21,Sports,20.64
U_05647,2025-07-22,Sports,19.4
U_05647,2025-09-07,Sports,38.34
U_05647,2025-09-28,Grocery,77.49
U_05648,2025-11-24,Beauty,110.18
U_05648,2025-11-27,Beauty,61.33
U_05648,2025-11-28,Beauty,15.15
U_05649,2025-08-14,Sports,15.95
U_05649,2025-08-25,Sports,226.85
U_05650,2025-07-20,Sports,224.68
U_05650,2025-09-26,Sports,110.54
U_05650,2025-10-01,Home,48.93
U_05650,2025-10-02,Beauty,111.94
U_05650,2025-11-11,Beauty,49.29
U_05651,2025-07-16,Books,102.91
U_05651,2025-09-03,Fashion,67.84
U_05651,2025-09-16,Books,45.17
U_05652,2025-10-04,Home,6.31
U_05653,2025-11-07,Fashion,28.01
U_05654,2025-08-11,Sports,30.27
U_05654,2025-08-15,Sports,44.6
U_05654,2025-11-13,Fashion,11.61
U_05654,2025-12-27,Fashion,11.01
U_05657,2025-09-28,Home,105.19
U_05657,2025-10-02,Home,129.06
U_05657,2025-10-04,Home,69.8
U_05657,2025-10-10,Home,103.64
U_05658,2025-07-15,Sports,39.24
U_05659,2025-07-14,Home,46.63
U_05660,2025-08-27,Toys,34.07
U_05660,2025-10-04,Books,14.11
U_05662,2025-07-18,Beauty,49.25
U_05662,2025-07-25,Beauty,94.59
U_05662,2025-08-09,Fashion,24.45
U_05662,2025-09-02,Fashion,53.74
U_05662,2025-10-07,Beauty,83.01
U_05662,2025-11-15,Sports,38.76
U_05663,2025-08-30,Sports,8.77
U_05663,2025-09-02,Fashion,30.48
U_05665,2025-07-04,Grocery,79.54
U_05665,2025-07-05,Toys,108.19
U_05665,2025-07-10,Beauty,48.0
U_05666,2025-10-13,Fashion,18.54
U_05666,2025-10-30,Beauty,37.47
U_05667,2025-08-06,Fashion,19.56
U_05668,2025-08-26,Books,119.42
U_05670,2025-11-07,Beauty,64.15
U_05671,2025-08-17,Fashion,110.45
U_05671,2025-10-09,Fashion,170.38
U_05671,2025-10-16,Toys,158.05
U_05671,2025-10-19,Beauty,80.61
U_05671,2025-11-05,Fashion,89.45
U_05672,2025-07-08,Home,60.69
U_05672,2025-07-30,Sports,35.87
U_05672,2025-08-24,Sports,79.86
U_05672,2025-08-29,Fashion,11.79
U_05672,2025-10-01,Sports,33.92
U_05672,2025-11-05,Fashion,154.72
U_05676,2025-07-29,Sports,195.55
U_05676,2025-08-13,Fashion,161.29
U_05677,2025-09-11,Home,40.7
U_05678,2025-08-03,Home,64.53
U_05678,2025-08-26,Toys,63.88
U_05678,2025-09-01,Fashion,21.25
U_05679,2025-09-10,Books,67.89
U_05679,2025-09-11,Books,127.01
U_05680,2025-07-10,Sports,85.85
U_05680,2025-07-25,Sports,37.25
U_05680,2025-11-09,Sports,79.23
U_05681,2025-11-19,Sports,19.58
U_05681,2025-11-25,Sports,87.47
U_05681,2025-12-01,Sports,47.43
U_05682,2025-07-13,Beauty,32.55
U_05682,2025-09-01,Beauty,63.17
U_05682,2025-09-09,Sports,67.46
U_05682,2025-09-20,Beauty,50.03
U_05682,2025-10-15,Beauty,79.93
U_05682,2025-11-13,Beauty,14.99
U_05682,2025-12-11,Beauty,15.25
U_05683,2025-09-02,Toys,48.98
U_05683,2025-10-09,Toys,93.57
U_05684,2025-07-06,Electronics,95.27
U_05684,2025-08-23,Electronics,17.05
U_05684,2025-09-15,Electronics,42.82
U_05684,2025-09-26,Books,40.96
U_05685,2025-08-04,Books,25.36
U_05685,2025-11-15,Books,12.26
U_05690,2025-08-04,Home,16.63
U_05691,2025-10-08,Books,36.46
U_05691,2025-11-29,Beauty,62.39
U_05692,2025-07-17,Beauty,58.85
U_05692,2025-08-06,Beauty,95.12
U_05693,2025-08-19,Fashion,8.27
U_05694,2025-09-28,Beauty,19.0
U_05694,2025-10-14,Beauty,75.65
U_05695,2025-08-23,Fashion,24.47
U_05695,2025-09-13,Toys,61.25
U_05695,2025-10-07,Toys,24.57
U_05696,2025-07-22,Fashion,10.05
U_05696,2025-12-05,Sports,17.77
U_05697,2025-07-21,Grocery,17.1
U_05697,2025-11-01,Home,41.85
U_05697,2025-12-13,Grocery,8.76
U_05698,2025-08-29,Grocery,17.31
U_05700,2025-08-30,Books,21.0
U_05700,2025-09-25,Books,30.84
U_05700,2025-10-05,Books,19.05
U_05700,2025-11-22,Beauty,15.38
U_05700,2025-12-10,Electronics,97.18
U_05700,2025-12-18,Books,29.77
U_05702,2025-08-01,Toys,34.45
U_05704,2025-07-13,Sports,62.25
U_05704,2025-09-10,Toys,57.53
U_05704,2025-10-25,Toys,17.91
U_05705,2025-08-22,Grocery,14.22
U_05705,2025-12-11,Home,43.16
U_05706,2025-07-15,Sports,68.97
U_05706,2025-08-15,Beauty,205.04
U_05706,2025-08-19,Sports,56.59
U_05706,2025-08-23,Sports,36.91
U_05706,2025-08-30,Sports,127.79
U_05706,2025-10-04,Books,77.07
U_05706,2025-10-22,Sports,109.39
U_05706,2025-10-25,Beauty,18.65
U_05706,2025-12-03,Sports,112.81
U_05706,2025-12-07,Sports,242.6
U_05706,2025-12-24,Books,84.8
U_05706,2025-12-25,Sports,128.76
U_05707,2025-08-31,Sports,13.67
U_05709,2025-07-11,Toys,33.4
U_05709,2025-07-14,Toys,9.93
U_05709,2025-08-12,Toys,52.76
U_05709,2025-09-02,Toys,30.75
U_05709,2025-09-27,Toys,125.02
U_05709,2025-12-07,Books,13.17
U_05709,2025-12-18,Electronics,58.78
U_05710,2025-09-15,Toys,65.76
U_05710,2025-09-19,Toys,49.92
U_05710,2025-12-01,Toys,145.88
U_05712,2025-07-05,Home,29.38
U_05712,2025-07-11,Home,147.0
U_05712,2025-07-27,Electronics,69.15
U_05712,2025-07-28,Home,290.66
U_05712,2025-08-03,Home,34.43
U_05712,2025-09-04,Home,235.8
U_05712,2025-09-05,Electronics,153.39
U_05713,2025-11-18,Home,57.17
U_05714,2025-10-28,Grocery,77.61
U_05715,2025-07-13,Toys,155.16
U_05716,2025-09-06,Sports,39.04
U_05717,2025-08-04,Toys,17.74
U_05717,2025-11-30,Home,10.72
U_05719,2025-09-25,Books,36.54
U_05721,2025-09-30,Electronics,52.7
U_05721,2025-12-22,Electronics,27.94
U_05722,2025-07-21,Home,23.33
U_05722,2025-08-11,Home,21.74
U_05722,2025-08-23,Home,22.84
U_05723,2025-07-08,Toys,33.61
U_05723,2025-07-27,Toys,75.69
U_05723,2025-11-11,Electronics,107.74
U_05723,2025-12-30,Toys,23.59
U_05725,2025-09-10,Books,20.42
U_05728,2025-09-17,Home,11.61
U_05730,2025-08-10,Toys,72.31
U_05730,2025-10-25,Sports,118.38
U_05730,2025-11-26,Toys,26.23
U_05731,2025-08-05,Fashion,55.31
U_05731,2025-10-16,Electronics,26.41
U_05732,2025-10-02,Beauty,47.94
U_05732,2025-11-18,Beauty,79.33
U_05735,2025-08-14,Electronics,31.53
U_05736,2025-10-19,Toys,44.33
U_05736,2025-11-06,Toys,20.93
U_05736,2025-11-17,Toys,16.47
U_05736,2025-11-25,Toys,7.02
U_05737,2025-07-26,Electronics,18.43
U_05737,2025-10-08,Grocery,45.15
U_05737,2025-11-10,Home,32.72
U_05737,2025-11-12,Electronics,42.02
U_05737,2025-11-16,Home,43.25
U_05737,2025-11-19,Electronics,35.04
U_05737,2025-12-08,Home,28.24
U_05737,2025-12-24,Books,93.66
U_05738,2025-12-28,Toys,43.48
U_05739,2025-08-06,Toys,162.91
U_05739,2025-08-14,Sports,61.93
U_05739,2025-09-19,Sports,129.33
U_05739,2025-09-23,Sports,92.52
U_05739,2025-12-10,Electronics,23.4
U_05740,2025-09-07,Grocery,38.81
U_05741,2025-09-02,Toys,83.73
U_05741,2025-10-07,Toys,46.38
U_05742,2025-08-01,Toys,103.57
U_05742,2025-08-12,Electronics,224.51
U_05742,2025-09-22,Fashion,125.39
U_05742,2025-10-06,Toys,47.44
U_05742,2025-10-16,Toys,44.01
U_05742,2025-11-17,Toys,16.12
U_05742,2025-12-03,Toys,86.82
U_05742,2025-12-27,Electronics,93.02
U_05743,2025-08-10,Grocery,51.2
U_05743,2025-09-30,Grocery,32.07
U_05743,2025-10-14,Grocery,166.08
U_05743,2025-10-23,Grocery,68.07
U_05743,2025-11-06,Electronics,148.28
U_05743,2025-11-26,Books,107.07
U_05744,2025-09-03,Toys,76.46
U_05744,2025-11-23,Books,112.14
U_05744,2025-12-07,Books,22.02
U_05745,2025-07-25,Sports,78.16
U_05745,2025-10-23,Sports,16.41
U_05746,2025-12-17,Electronics,15.76
U_05747,2025-08-14,Toys,21.36
U_05747,2025-09-06,Sports,70.06
U_05748,2025-07-24,Home,36.37
U_05748,2025-08-01,Home,65.97
U_05748,2025-08-04,Beauty,96.55
U_05748,2025-10-16,Home,17.88
U_05749,2025-07-07,Fashion,7.55
U_05751,2025-08-05,Fashion,17.9
U_05751,2025-10-18,Fashion,34.02
U_05751,2025-11-11,Fashion,27.67
U_05751,2025-11-19,Electronics,25.36
U_05752,2025-09-22,Books,21.92
U_05753,2025-10-25,Fashion,12.83
U_05753,2025-10-31,Fashion,34.7
U_05753,2025-11-15,Beauty,25.51
U_05754,2025-07-26,Grocery,116.67
U_05756,2025-07-31,Electronics,77.4
U_05756,2025-09-01,Sports,49.36
U_05756,2025-11-21,Grocery,44.96
U_05757,2025-09-17,Toys,47.77
U_05757,2025-10-31,Toys,19.01
U_05757,2025-11-13,Books,25.47
U_05757,2025-11-30,Toys,24.68
U_05757,2025-12-24,Toys,18.57
U_05759,2025-08-12,Home,38.12
U_05759,2025-10-17,Home,34.89
U_05760,2025-08-09,Beauty,27.55
U_05760,2025-08-15,Beauty,40.26
U_05760,2025-09-17,Beauty,113.27
U_05760,2025-09-21,Beauty,131.14
U_05761,2025-09-06,Beauty,12.65
U_05762,2025-07-12,Electronics,31.48
U_05762,2025-07-17,Grocery,167.26
U_05762,2025-07-31,Toys,172.09
U_05762,2025-08-04,Toys,309.78
U_05762,2025-08-20,Toys,254.9
U_05762,2025-09-17,Toys,79.8
U_05763,2025-07-16,Sports,41.11
U_05764,2025-07-24,Home,20.42
U_05764,2025-10-20,Home,18.85
U_05766,2025-07-25,Electronics,10.4
U_05766,2025-10-03,Beauty,79.26
U_05767,2025-09-18,Beauty,11.48
U_05768,2025-07-07,Toys,58.87
U_05768,2025-07-28,Grocery,36.22
U_05768,2025-09-16,Beauty,80.49
U_05768,2025-09-21,Beauty,106.47
U_05768,2025-10-19,Toys,100.57
U_05768,2025-11-13,Toys,68.82
U_05768,2025-11-30,Toys,7.58
U_05769,2025-08-06,Home,33.33
U_05771,2025-07-19,Fashion,25.92
U_05771,2025-09-14,Fashion,16.11
U_05771,2025-11-07,Fashion,35.26
U_05771,2025-12-04,Fashion,68.13
U_05771,2025-12-24,Fashion,113.2
U_05772,2025-09-09,Beauty,151.52
U_05772,2025-10-11,Beauty,54.51
U_05772,2025-10-31,Fashion,29.86
U_05772,2025-12-02,Beauty,27.97
U_05772,2025-12-16,Beauty,63.96
U_05773,2025-07-22,Fashion,31.25
U_05773,2025-07-28,Fashion,112.11
U_05773,2025-08-30,Fashion,63.79
U_05773,2025-09-13,Fashion,53.9
U_05773,2025-10-27,Fashion,93.81
U_05774,2025-10-10,Fashion,45.05
U_05774,2025-10-23,Home,36.11
U_05775,2025-08-11,Fashion,48.32
U_05775,2025-12-18,Fashion,19.35
U_05776,2025-08-23,Sports,72.45
U_05776,2025-11-20,Fashion,30.14
U_05777,2025-08-13,Toys,33.42
U_05778,2025-08-14,Beauty,70.13
U_05778,2025-09-11,Grocery,200.17
U_05779,2025-07-22,Grocery,28.52
U_05779,2025-08-01,Grocery,72.38
U_05779,2025-08-04,Grocery,225.64
U_05779,2025-08-08,Grocery,37.32
U_05779,2025-08-18,Grocery,31.18
U_05779,2025-09-11,Grocery,87.9
U_05779,2025-10-20,Grocery,78.93
U_05779,2025-10-24,Grocery,136.61
U_05779,2025-12-24,Grocery,44.88
U_05779,2025-12-30,Books,67.51
U_05780,2025-12-10,Grocery,21.75
U_05781,2025-07-04,Grocery,97.5
U_05781,2025-08-04,Grocery,34.34
U_05781,2025-08-25,Fashion,78.67
U_05781,2025-09-09,Grocery,11.81
U_05781,2025-09-13,Grocery,16.34
U_05781,2025-10-16,Grocery,50.23
U_05781,2025-10-25,Grocery,103.98
U_05781,2025-10-28,Home,73.26
U_05781,2025-11-12,Grocery,50.37
U_05781,2025-12-14,Beauty,129.85
U_05782,2025-09-25,Books,45.8
U_05783,2025-07-24,Grocery,232.98
U_05783,2025-08-20,Books,28.07
U_05783,2025-10-29,Fashion,70.79
U_05785,2025-07-05,Books,71.18
U_05785,2025-07-19,Electronics,40.81
U_05785,2025-07-20,Electronics,176.54
U_05785,2025-07-21,Electronics,32.58
U_05785,2025-08-27,Books,50.7
U_05785,2025-10-24,Books,51.06
U_05785,2025-12-29,Books,63.27
U_05787,2025-07-19,Electronics,55.13
U_05787,2025-08-30,Beauty,12.71
U_05789,2025-10-31,Beauty,11.92
U_05791,2025-09-16,Fashion,15.59
U_05792,2025-07-30,Electronics,78.77
U_05792,2025-09-09,Electronics,26.93
U_05793,2025-07-06,Home,89.22
U_05793,2025-07-28,Grocery,48.06
U_05793,2025-10-23,Sports,80.76
U_05793,2025-11-11,Toys,87.03
U_05793,2025-11-19,Home,24.78
U_05793,2025-11-24,Home,124.64
U_05793,2025-11-26,Home,67.63
U_05794,2025-07-15,Sports,135.49
U_05794,2025-08-07,Books,148.5
U_05794,2025-08-31,Books,23.57
U_05794,2025-09-04,Grocery,267.06
U_05794,2025-10-08,Books,117.79
U_05794,2025-12-19,Fashion,160.99
U_05794,2025-12-22,Books,44.56
U_05796,2025-07-09,Sports,8.3
U_05799,2025-07-23,Sports,16.87
U_05799,2025-08-08,Sports,139.07
U_05799,2025-09-12,Sports,53.87
U_05799,2025-10-09,Sports,99.06
U_05799,2025-11-26,Sports,44.09
U_05800,2025-07-14,Sports,105.59
U_05800,2025-07-31,Sports,17.73
U_05800,2025-10-29,Electronics,30.29
U_05801,2025-07-12,Beauty,58.38
U_05801,2025-07-29,Grocery,103.83
U_05801,2025-09-22,Grocery,70.27
U_05801,2025-10-05,Beauty,10.21
U_05801,2025-10-20,Fashion,49.07
U_05801,2025-12-15,Beauty,63.74
U_05801,2025-12-24,Beauty,97.78
U_05802,2025-07-07,Sports,84.49
U_05802,2025-08-20,Books,24.2
U_05805,2025-08-16,Grocery,42.16
U_05805,2025-10-16,Grocery,20.72
U_05805,2025-12-16,Grocery,10.21
U_05806,2025-10-13,Books,22.49
U_05807,2025-09-16,Fashion,27.28
U_05808,2025-11-01,Toys,17.39
U_05809,2025-08-10,Home,67.39
U_05809,2025-08-14,Sports,39.32
U_05809,2025-09-03,Home,18.53
U_05809,2025-09-14,Home,144.34
U_05809,2025-12-29,Home,34.96
U_05810,2025-07-21,Toys,68.18
U_05811,2025-07-17,Electronics,42.21
U_05811,2025-08-20,Books,11.1
U_05811,2025-09-05,Electronics,18.26
U_05812,2025-07-09,Beauty,65.35
U_05812,2025-08-21,Beauty,103.34
U_05813,2025-07-22,Books,16.16
U_05813,2025-10-26,Grocery,26.62
U_05813,2025-11-25,Grocery,27.87
U_05814,2025-09-17,Electronics,21.28
U_05815,2025-08-12,Fashion,56.56
U_05815,2025-08-18,Fashion,39.32
U_05815,2025-08-23,Fashion,48.65
U_05816,2025-07-17,Grocery,70.88
U_05816,2025-07-19,Grocery,15.98
U_05816,2025-10-15,Sports,28.77
U_05816,2025-12-08,Fashion,87.82
U_05817,2025-07-06,Grocery,87.2
U_05817,2025-07-22,Home,110.47
U_05817,2025-08-05,Fashion,73.17
U_05819,2025-08-11,Grocery,15.4
U_05820,2025-09-20,Books,18.99
U_05820,2025-11-06,Books,28.04
U_05821,2025-07-28,Home,84.37
U_05821,2025-09-18,Home,80.79
U_05821,2025-11-18,Fashion,159.56
U_05821,2025-12-01,Home,98.61
U_05821,2025-12-06,Fashion,44.51
U_05822,2025-07-04,Beauty,21.28
U_05822,2025-07-10,Electronics,28.81
U_05822,2025-08-02,Electronics,6.11
U_05822,2025-10-14,Electronics,36.52
U_05822,2025-10-20,Electronics,58.69
U_05822,2025-11-20,Beauty,16.75
U_05823,2025-09-06,Home,31.79
U_05824,2025-07-29,Books,167.72
U_05824,2025-08-01,Toys,9.17
U_05824,2025-08-05,Beauty,94.03
U_05824,2025-09-08,Toys,155.83
U_05825,2025-07-14,Sports,9.19
U_05825,2025-09-19,Fashion,12.63
U_05825,2025-12-12,Fashion,23.56
U_05825,2025-12-27,Beauty,22.25
U_05826,2025-08-27,Beauty,84.91
U_05826,2025-12-18,Beauty,18.26
U_05827,2025-07-06,Grocery,116.02
U_05827,2025-07-23,Grocery,163.34
U_05827,2025-07-30,Home,106.61
U_05827,2025-08-22,Grocery,60.48
U_05827,2025-08-24,Grocery,23.78
U_05827,2025-09-24,Grocery,275.67
U_05827,2025-10-01,Sports,104.48
U_05827,2025-10-10,Grocery,129.92
U_05827,2025-11-08,Grocery,138.17
U_05827,2025-12-09,Grocery,28.01
U_05828,2025-07-13,Books,19.67
U_05829,2025-07-27,Beauty,63.47
U_05829,2025-10-04,Electronics,24.3
U_05830,2025-10-14,Fashion,13.41
U_05831,2025-07-12,Grocery,12.1
U_05831,2025-09-16,Grocery,22.67
U_05831,2025-11-14,Sports,45.75
U_05833,2025-08-28,Electronics,79.83
U_05834,2025-08-24,Toys,25.13
U_05834,2025-10-28,Sports,61.19
U_05835,2025-09-05,Toys,13.76
U_05837,2025-08-28,Sports,47.56
U_05837,2025-09-09,Books,70.04
U_05837,2025-11-10,Books,32.4
U_05838,2025-07-11,Fashion,120.0
U_05838,2025-08-27,Fashion,40.93
U_05838,2025-10-01,Fashion,93.9
U_05838,2025-10-06,Fashion,14.97
U_05839,2025-09-10,Toys,15.98
U_05839,2025-12-16,Toys,14.6
U_05839,2025-12-21,Books,49.4
U_05841,2025-07-06,Toys,85.76
U_05841,2025-08-09,Toys,36.21
U_05841,2025-09-28,Toys,77.91
U_05842,2025-07-11,Books,65.88
U_05842,2025-07-21,Books,69.35
U_05842,2025-08-11,Books,91.83
U_05842,2025-08-13,Books,177.98
U_05842,2025-09-26,Books,88.77
U_05842,2025-09-28,Electronics,314.13
U_05842,2025-10-13,Books,44.73
U_05842,2025-10-19,Books,14.77
U_05842,2025-10-24,Books,30.41
U_05842,2025-10-29,Books,46.23
U_05842,2025-11-15,Fashion,56.75
U_05842,2025-11-30,Grocery,181.69
U_05842,2025-12-24,Books,68.67
U_05843,2025-08-13,Fashion,35.38
U_05844,2025-07-28,Grocery,43.41
U_05844,2025-08-28,Grocery,18.93
U_05845,2025-07-18,Sports,56.38
U_05845,2025-08-04,Sports,10.17
U_05845,2025-08-31,Sports,51.73
U_05845,2025-09-15,Sports,42.46
U_05845,2025-11-01,Sports,63.65
U_05846,2025-07-04,Toys,8.48
U_05846,2025-09-03,Home,31.32
U_05846,2025-10-06,Sports,36.17
U_05846,2025-12-17,Toys,14.01
U_05849,2025-08-11,Books,45.71
U_05849,2025-09-20,Grocery,19.26
U_05850,2025-12-23,Toys,36.94
U_05851,2025-08-29,Grocery,34.1
U_05851,2025-12-11,Grocery,118.24
U_05852,2025-07-19,Fashion,184.07
U_05852,2025-08-21,Fashion,221.53
U_05852,2025-09-08,Beauty,143.66
U_05852,2025-10-22,Fashion,115.12
U_05852,2025-11-19,Fashion,54.16
U_05853,2025-07-29,Beauty,110.78
U_05853,2025-08-07,Beauty,19.9
U_05854,2025-08-25,Grocery,23.93
U_05854,2025-10-14,Grocery,16.68
U_05856,2025-10-01,Home,110.36
U_05856,2025-11-07,Sports,52.84
U_05857,2025-10-09,Toys,69.45
U_05857,2025-10-26,Toys,87.23
U_05858,2025-07-07,Books,352.11
U_05858,2025-07-25,Beauty,49.8
U_05858,2025-07-26,Beauty,38.35
U_05858,2025-08-02,Beauty,256.58
U_05858,2025-08-04,Beauty,112.63
U_05858,2025-08-31,Electronics,127.15
U_05858,2025-09-09,Books,23.85
U_05858,2025-10-05,Beauty,95.4
U_05858,2025-10-22,Beauty,191.09
U_05858,2025-11-28,Beauty,53.4
U_05859,2025-08-10,Fashion,36.68
U_05859,2025-09-23,Grocery,68.73
U_05860,2025-07-25,Fashion,108.9
U_05860,2025-11-08,Fashion,75.11
U_05862,2025-12-30,Fashion,41.17
U_05863,2025-08-09,Grocery,42.21
U_05864,2025-09-15,Toys,73.1
U_05864,2025-10-11,Toys,32.98
U_05864,2025-10-12,Sports,22.31
U_05864,2025-10-13,Toys,154.76
U_05864,2025-10-17,Toys,58.61
U_05864,2025-10-22,Home,50.83
U_05864,2025-12-09,Toys,165.73
U_05864,2025-12-27,Toys,62.06
U_05865,2025-07-04,Electronics,169.87
U_05865,2025-09-22,Electronics,115.4
U_05865,2025-10-05,Electronics,24.09
U_05865,2025-11-09,Electronics,44.22
U_05865,2025-12-09,Fashion,28.42
U_05867,2025-09-25,Books,214.28
U_05867,2025-10-17,Books,7.22
U_05868,2025-08-11,Home,22.71
U_05868,2025-11-17,Home,9.73
U_05870,2025-07-05,Fashion,91.16
U_05870,2025-07-19,Sports,152.18
U_05870,2025-07-23,Sports,71.72
U_05870,2025-07-25,Toys,179.8
U_05870,2025-08-12,Sports,116.02
U_05870,2025-08-20,Sports,68.95
U_05870,2025-09-16,Fashion,12.37
U_05870,2025-10-23,Sports,97.2
U_05871,2025-07-07,Sports,158.03
U_05871,2025-07-11,Sports,241.03
U_05871,2025-07-29,Sports,159.2
U_05871,2025-08-07,Sports,71.01
U_05871,2025-08-08,Sports,66.01
U_05871,2025-08-16,Books,88.15
U_05871,2025-09-25,Sports,92.25
U_05871,2025-10-02,Sports,55.41
U_05871,2025-10-12,Sports,104.39
U_05871,2025-12-16,Sports,55.06
U_05872,2025-07-17,Sports,51.26
U_05872,2025-08-08,Electronics,96.95
U_05872,2025-12-27,Sports,31.79
U_05873,2025-08-05,Fashion,48.14
U_05874,2025-07-04,Sports,23.23
U_05874,2025-08-29,Sports,14.29
U_05874,2025-11-30,Grocery,22.97
U_05875,2025-11-21,Books,13.18
U_05876,2025-07-24,Sports,81.29
U_05876,2025-11-18,Sports,155.38
U_05878,2025-07-08,Fashion,11.68
U_05878,2025-07-23,Home,61.87
U_05878,2025-08-12,Beauty,38.23
U_05878,2025-11-06,Home,30.7
U_05878,2025-11-08,Home,16.04
U_05879,2025-07-22,Books,272.59
U_05879,2025-08-18,Books,11.07
U_05879,2025-08-29,Beauty,65.12
U_05879,2025-09-17,Books,62.54
U_05879,2025-10-14,Toys,18.64
U_05879,2025-11-07,Books,47.08
U_05879,2025-12-12,Books,135.98
U_05879,2025-12-24,Books,94.39
U_05881,2025-09-27,Electronics,39.15
U_05881,2025-10-10,Electronics,44.65
U_05882,2025-09-26,Home,39.08
U_05883,2025-08-23,Electronics,29.92
U_05884,2025-10-20,Home,31.35
U_05885,2025-07-17,Home,13.89
U_05885,2025-07-24,Toys,17.19
U_05885,2025-10-24,Home,63.02
U_05887,2025-07-19,Home,36.71
U_05887,2025-09-15,Home,14.37
U_05890,2025-12-02,Sports,66.67
U_05891,2025-07-15,Beauty,33.52
U_05891,2025-09-22,Beauty,11.71
U_05891,2025-10-31,Beauty,40.41
U_05891,2025-12-03,Toys,33.53
U_05891,2025-12-07,Sports,10.25
U_05892,2025-12-25,Sports,27.24
U_05893,2025-10-02,Beauty,19.54
U_05893,2025-11-02,Grocery,61.82
U_05893,2025-11-19,Electronics,92.08
U_05893,2025-11-24,Grocery,31.93
U_05894,2025-07-25,Home,75.78
U_05895,2025-08-11,Home,38.31
U_05895,2025-08-24,Electronics,9.38
U_05895,2025-09-03,Home,80.08
U_05895,2025-11-17,Home,145.45
U_05896,2025-11-24,Grocery,7.16
U_05896,2025-12-17,Grocery,57.18
U_05897,2025-12-02,Fashion,52.8
U_05898,2025-08-28,Home,36.59
U_05898,2025-11-11,Electronics,131.15
U_05899,2025-11-07,Electronics,46.51
U_05900,2025-08-01,Grocery,31.55
U_05900,2025-10-26,Fashion,31.01
U_05901,2025-09-01,Beauty,40.45
U_05901,2025-10-01,Home,49.36
U_05903,2025-08-25,Books,8.82
U_05903,2025-08-28,Books,10.7
U_05903,2025-11-21,Books,27.42
U_05904,2025-08-05,Beauty,35.81
U_05906,2025-11-04,Toys,11.52
U_05906,2025-11-10,Toys,17.36
U_05908,2025-07-11,Sports,98.8
U_05908,2025-08-19,Sports,64.78
U_05908,2025-09-04,Sports,91.39
U_05908,2025-11-13,Sports,72.08
U_05908,2025-12-13,Sports,195.11
U_05909,2025-08-15,Books,23.22
U_05910,2025-09-19,Fashion,37.28
U_05910,2025-09-26,Electronics,36.55
U_05910,2025-09-28,Fashion,16.29
U_05910,2025-10-18,Fashion,14.99
U_05912,2025-07-27,Books,16.47
U_05912,2025-09-29,Books,25.31
U_05913,2025-07-14,Grocery,64.99
U_05913,2025-08-16,Toys,43.08
U_05913,2025-10-04,Grocery,26.36
U_05913,2025-10-28,Home,96.23
U_05913,2025-11-08,Grocery,85.2
U_05913,2025-11-09,Home,33.13
U_05913,2025-11-14,Home,70.13
U_05913,2025-11-17,Home,135.61
U_05913,2025-12-01,Home,95.45
U_05913,2025-12-06,Grocery,91.43
U_05914,2025-08-01,Electronics,28.03
U_05914,2025-11-22,Electronics,24.4
U_05916,2025-07-26,Toys,42.73
U_05916,2025-09-10,Toys,90.93
U_05916,2025-10-09,Fashion,67.51
U_05917,2025-10-01,Home,14.54
U_05918,2025-07-31,Grocery,27.69
U_05918,2025-09-06,Toys,104.93
U_05918,2025-10-05,Books,129.26
U_05918,2025-10-12,Beauty,35.13
U_05918,2025-10-25,Beauty,148.03
U_05918,2025-10-30,Toys,306.8
U_05918,2025-12-08,Toys,91.97
U_05920,2025-08-14,Beauty,20.15
U_05920,2025-09-05,Home,21.53
U_05920,2025-09-09,Beauty,46.07
U_05920,2025-09-21,Electronics,61.13
U_05922,2025-10-14,Electronics,19.43
U_05922,2025-11-05,Sports,59.04
U_05923,2025-07-31,Beauty,12.64
U_05923,2025-10-23,Electronics,20.14
U_05923,2025-11-05,Electronics,51.97
U_05924,2025-08-02,Beauty,109.57
U_05925,2025-08-30,Fashion,6.08
U_05927,2025-07-22,Grocery,27.78
U_05927,2025-08-13,Beauty,42.13
U_05927,2025-09-14,Home,26.88
U_05928,2025-09-16,Home,16.62
U_05929,2025-09-22,Sports,26.77
U_05930,2025-07-26,Beauty,83.28
U_05930,2025-09-18,Sports,31.22
U_05931,2025-09-10,Sports,43.31
U_05931,2025-09-16,Sports,73.37
U_05931,2025-10-04,Sports,87.74
U_05931,2025-10-23,Sports,151.39
U_05931,2025-10-31,Sports,203.6
U_05932,2025-08-08,Grocery,49.58
U_05932,2025-08-11,Toys,5.55
U_05932,2025-08-12,Toys,29.22
U_05932,2025-09-11,Toys,27.4
U_05932,2025-09-21,Beauty,50.74
U_05932,2025-11-01,Toys,44.72
U_05932,2025-11-07,Grocery,67.19
U_05932,2025-11-27,Grocery,34.77
U_05932,2025-12-10,Grocery,98.93
U_05933,2025-09-02,Electronics,23.05
U_05933,2025-09-26,Electronics,25.42
U_05934,2025-07-27,Sports,66.51
U_05934,2025-10-04,Sports,121.35
U_05934,2025-10-26,Sports,25.41
U_05934,2025-10-30,Sports,38.83
U_05934,2025-11-05,Beauty,82.96
U_05934,2025-11-29,Sports,40.87
U_05934,2025-12-14,Sports,136.56
U_05935,2025-09-19,Grocery,7.65
U_05935,2025-10-22,Sports,36.2
U_05937,2025-08-16,Books,11.11
U_05938,2025-09-29,Home,22.78
U_05938,2025-11-13,Electronics,25.62
U_05939,2025-08-22,Beauty,13.77
U_05940,2025-08-23,Toys,65.72
U_05942,2025-08-03,Sports,30.19
U_05942,2025-12-14,Grocery,89.49
U_05943,2025-09-07,Books,115.51
U_05943,2025-10-18,Fashion,260.01
U_05943,2025-11-12,Toys,116.58
U_05944,2025-07-23,Electronics,19.38
U_05944,2025-08-04,Electronics,41.08
U_05944,2025-08-12,Electronics,21.8
U_05944,2025-09-07,Electronics,26.84
U_05944,2025-11-17,Electronics,19.09
U_05944,2025-12-07,Electronics,34.24
U_05944,2025-12-17,Electronics,27.96
U_05945,2025-07-17,Grocery,18.79
U_05946,2025-07-08,Fashion,33.35
U_05947,2025-07-27,Sports,25.61
U_05947,2025-11-01,Fashion,41.95
U_05949,2025-08-09,Home,27.67
U_05949,2025-09-17,Grocery,22.22
U_05949,2025-11-30,Home,64.07
U_05951,2025-07-05,Electronics,104.2
U_05951,2025-08-02,Electronics,74.63
U_05951,2025-10-24,Electronics,31.35
U_05951,2025-12-09,Sports,74.33
U_05953,2025-08-18,Toys,129.52
U_05953,2025-11-07,Toys,35.76
U_05953,2025-12-29,Toys,86.58
U_05954,2025-07-12,Grocery,31.81
U_05954,2025-07-16,Beauty,39.98
U_05954,2025-07-27,Grocery,23.28
U_05954,2025-07-28,Fashion,50.98
U_05954,2025-10-11,Fashion,57.55
U_05954,2025-11-02,Fashion,49.26
U_05955,2025-08-29,Books,38.6
U_05956,2025-09-05,Grocery,26.91
U_05957,2025-08-13,Fashion,66.58
U_05958,2025-11-30,Toys,19.87
U_05959,2025-07-08,Sports,18.83
U_05961,2025-11-27,Electronics,21.02
U_05962,2025-07-05,Fashion,51.41
U_05962,2025-08-13,Fashion,20.93
U_05962,2025-09-04,Fashion,16.7
U_05963,2025-09-04,Beauty,10.88
U_05963,2025-11-19,Sports,56.48
U_05963,2025-12-17,Sports,35.07
U_05965,2025-08-28,Beauty,61.17
U_05965,2025-11-02,Beauty,69.31
U_05965,2025-11-29,Beauty,49.19
U_05965,2025-12-19,Beauty,36.94
U_05965,2025-12-27,Beauty,27.07
U_05966,2025-08-08,Beauty,60.68
U_05966,2025-08-11,Beauty,78.32
U_05966,2025-08-12,Beauty,16.3
U_05966,2025-09-30,Beauty,46.42
U_05966,2025-11-14,Beauty,44.99
U_05968,2025-07-04,Home,47.75
U_05968,2025-07-11,Books,91.11
U_05968,2025-07-15,Home,163.9
U_05968,2025-08-14,Beauty,61.59
U_05968,2025-09-10,Beauty,57.29
U_05968,2025-10-29,Home,125.52
U_05968,2025-11-13,Beauty,139.76
U_05970,2025-08-03,Home,129.42
U_05970,2025-08-20,Books,120.85
U_05970,2025-09-21,Books,49.8
U_05972,2025-07-25,Grocery,12.33
U_05972,2025-08-02,Grocery,45.75
U_05972,2025-08-05,Toys,39.89
U_05972,2025-08-13,Grocery,11.18
U_05972,2025-08-16,Grocery,32.8
U_05972,2025-08-31,Electronics,95.07
U_05972,2025-09-30,Toys,89.97
U_05972,2025-10-27,Books,99.18
U_05972,2025-11-19,Grocery,59.71
U_05972,2025-11-26,Grocery,65.48
U_05972,2025-12-20,Home,28.68
U_05972,2025-12-25,Grocery,38.81
U_05973,2025-07-30,Toys,159.16
U_05973,2025-08-30,Toys,46.04
U_05973,2025-09-05,Toys,88.48
U_05973,2025-09-16,Toys,170.27
U_05973,2025-10-08,Grocery,150.67
U_05973,2025-10-10,Toys,32.33
U_05973,2025-11-12,Toys,45.03
U_05973,2025-12-30,Toys,124.11
U_05974,2025-10-15,Home,100.32
U_05975,2025-08-13,Home,24.44
U_05976,2025-07-18,Home,12.73
U_05977,2025-09-24,Books,36.81
U_05977,2025-10-19,Books,14.63
U_05980,2025-07-04,Electronics,27.86
U_05980,2025-09-07,Fashion,15.25
U_05981,2025-07-31,Toys,21.03
U_05981,2025-09-25,Sports,21.78
U_05981,2025-10-01,Beauty,34.3
U_05981,2025-11-13,Electronics,37.82
U_05982,2025-07-29,Sports,39.38
U_05982,2025-12-29,Fashion,36.98
U_05984,2025-07-06,Toys,65.19
U_05985,2025-08-17,Electronics,51.23
U_05987,2025-08-30,Books,24.31
U_05987,2025-09-13,Books,30.36
U_05987,2025-11-13,Books,32.35
U_05989,2025-08-16,Fashion,73.81
U_05990,2025-07-26,Home,14.38
U_05990,2025-10-19,Fashion,24.38
U_05991,2025-09-25,Beauty,51.32
U_05991,2025-11-19,Beauty,52.03
U_05991,2025-12-29,Beauty,40.51
U_05991,2025-12-30,Fashion,23.37
U_05992,2025-09-13,Books,62.51
U_05993,2025-09-17,Home,27.87
U_05994,2025-08-16,Electronics,51.44
U_05994,2025-09-11,Electronics,52.1
U_05995,2025-07-11,Toys,183.88
U_05995,2025-11-12,Grocery,75.8
U_05995,2025-11-17,Toys,93.01
U_05996,2025-08-10,Beauty,20.39
U_05996,2025-09-03,Beauty,18.69
U_05996,2025-11-11,Fashion,39.51
U_05996,2025-12-03,Fashion,17.23
U_05997,2025-08-02,Beauty,16.32
U_05998,2025-10-04,Electronics,36.78
U_05998,2025-12-12,Electronics,103.54
U_05999,2025-07-25,Books,14.09
U_05999,2025-12-12,Grocery,16.09
