user_id,recommended_categories
U_00003,"Fashion, Beauty, Electronics"
U_00004,"Fashion, Electronics, Home"
U_00008,"Fashion, Electronics, Home"
U_00009,"Grocery, Books, Toys"
U_00010,"Sports, Toys, Home"
U_00011,"Beauty, Books, Electronics"
U_00016,"Beauty, Electronics, Home"
U_00021,"Grocery, Home, Electronics"
U_00022,"Fashion, Grocery, Toys"
U_00025,"Toys, Home, Electronics"
U_00028,"Toys, Home, Electronics"
U_00031,"Beauty, Grocery, Electronics"
U_00032,"Toys, Home, Electronics"
U_00035,"Sports, Beauty, Books"
U_00036,"Grocery, Fashion, Home"
U_00037,"Fashion, Sports, Beauty"
U_00038,"Beauty, Electronics, Home"
U_00039,"Toys, Home, Electronics"
U_00040,"Sports, Home, Electronics"
U_00041,"Grocery, Home, Electronics"
U_00042,"Books, Fashion, Beauty"
U_00043,"Grocery, Home, Electronics"
U_00044,"Grocery, Home, Electronics"
U_00045,"Grocery, Home, Electronics"
U_00046,"Fashion, Electronics, Home"
U_00047,"Grocery, Books, Toys"
U_00048,"Beauty, Toys, Electronics"
U_00049,"Grocery, Books, Toys"
U_00050,"Books, Toys, Grocery"
U_00052,"Sports, Beauty, Home"
U_00054,"Toys, Home, Electronics"
U_00057,"Sports, Fashion, Grocery"
U_00058,"Beauty, Fashion, Books"
U_00059,"Beauty, Electronics, Books"
U_00060,"Beauty, Sports, Fashion"
U_00065,"Toys, Home, Electronics"
U_00067,"Beauty, Electronics, Home"
U_00069,"Toys, Home, Electronics"
U_00070,"Toys, Books, Home"
U_00071,"Beauty, Fashion, Electronics"
U_00072,"Beauty, Electronics, Books"
U_00074,"Beauty, Electronics, Home"
U_00076,"Grocery, Home, Electronics"
U_00079,"Toys, Home, Electronics"
U_00080,"Toys, Home, Electronics"
U_00082,"Fashion, Electronics, Home"
U_00083,"Beauty, Electronics, Home"
U_00084,"Sports, Home, Electronics"
U_00085,"Beauty, Toys, Electronics"
U_00089,"Grocery, Home, Electronics"
U_00090,"Sports, Home, Electronics"
U_00091,"Fashion, Grocery, Home"
U_00092,"Fashion, Electronics, Home"
U_00094,"Books, Toys, Grocery"
U_00095,"Books, Toys, Grocery"
U_00096,"Beauty, Electronics, Home"
U_00101,"Books, Home, Grocery"
U_00103,"Fashion, Sports, Electronics"
U_00105,"Sports, Home, Electronics"
U_00107,"Grocery, Books, Toys"
U_00109,"Grocery, Toys, Fashion"
U_00110,"Grocery, Home, Electronics"
U_00111,"Grocery, Home, Electronics"
U_00112,"Books, Home, Electronics"
U_00113,"Books, Home, Electronics"
U_00116,"Toys, Fashion, Home"
U_00117,"Fashion, Electronics, Home"
U_00118,"Grocery, Books, Toys"
U_00119,"Grocery, Books, Toys"
U_00122,"Sports, Home, Electronics"
U_00123,"Beauty, Grocery, Books"
U_00124,"Books, Toys, Grocery"
U_00125,"Fashion, Electronics, Home"
U_00126,"Sports, Home, Electronics"
U_00129,"Beauty, Electronics, Home"
U_00131,"Beauty, Electronics, Grocery"
U_00132,"Sports, Toys, Home"
U_00136,"Fashion, Books, Home"
U_00139,"Sports, Home, Electronics"
U_00140,"Fashion, Electronics, Home"
U_00142,"Books, Toys, Grocery"
U_00143,"Fashion, Books, Electronics"
U_00145,"Grocery, Home, Electronics"
U_00147,"Toys, Home, Electronics"
U_00148,"Sports, Home, Electronics"
U_00149,"Grocery, Home, Electronics"
U_00150,"Books, Home, Grocery"
U_00152,"Grocery, Books, Toys"
U_00158,"Sports, Fashion, Grocery"
U_00164,"Beauty, Electronics, Books"
U_00166,"Grocery, Home, Electronics"
U_00168,"Beauty, Toys, Books"
U_00174,"Fashion, Beauty, Electronics"
U_00175,"Sports, Home, Electronics"
U_00177,"Books, Toys, Grocery"
U_00181,"Grocery, Home, Electronics"
U_00182,"Toys, Home, Books"
U_00186,"Toys, Home, Electronics"
U_00189,"Grocery, Books, Toys"
U_00191,"Beauty, Electronics, Home"
U_00193,"Toys, Home, Electronics"
U_00197,"Books, Home, Electronics"
U_00202,"Books, Toys, Grocery"
U_00203,"Beauty, Books, Toys"
U_00205,"Books, Home, Electronics"
U_00206,"Grocery, Home, Electronics"
U_00208,"Grocery, Beauty, Fashion"
U_00209,"Beauty, Electronics, Home"
U_00211,"Toys, Home, Electronics"
U_00212,"Sports, Home, Electronics"
U_00213,"Sports, Home, Electronics"
U_00215,"Grocery, Sports, Home"
U_00216,"Books, Fashion, Home"
U_00217,"Beauty, Sports, Electronics"
U_00220,"Fashion, Books, Home"
U_00221,"Fashion, Electronics, Home"
U_00224,"Grocery, Books, Home"
U_00229,"Grocery, Home, Electronics"
U_00230,"Beauty, Electronics, Home"
U_00231,"Books, Home, Electronics"
U_00232,"Toys, Home, Electronics"
U_00233,"Fashion, Electronics, Home"
U_00234,"Toys, Beauty, Grocery"
U_00235,"Beauty, Books, Sports"
U_00243,"Grocery, Home, Electronics"
U_00245,"Beauty, Electronics, Home"
U_00246,"Beauty, Sports, Electronics"
U_00248,"Books, Toys, Grocery"
U_00251,"Beauty, Electronics, Home"
U_00254,"Sports, Home, Electronics"
U_00256,"Beauty, Electronics, Home"
U_00257,"Beauty, Fashion, Books"
U_00259,"Fashion, Toys, Electronics"
U_00261,"Books, Toys, Grocery"
U_00263,"Books, Home, Electronics"
U_00264,"Toys, Home, Fashion"
U_00271,"Fashion, Home, Electronics"
U_00272,"Fashion, Electronics, Home"
U_00273,"Books, Home, Grocery"
U_00274,"Fashion, Electronics, Home"
U_00275,"Toys, Fashion, Home"
U_00277,"Toys, Home, Electronics"
U_00278,"Beauty, Sports, Electronics"
U_00281,"Beauty, Electronics, Home"
U_00283,"Books, Toys, Grocery"
U_00284,"Grocery, Books, Toys"
U_00287,"Grocery, Beauty, Home"
U_00288,"Beauty, Electronics, Home"
U_00289,"Toys, Home, Electronics"
U_00290,"Sports, Home, Electronics"
U_00291,"Beauty, Grocery, Books"
U_00292,"Books, Home, Electronics"
U_00293,"Beauty, Toys, Sports"
U_00295,"Books, Toys, Grocery"
U_00296,"Grocery, Home, Electronics"
U_00297,"Sports, Home, Electronics"
U_00299,"Toys, Home, Electronics"
U_00300,"Grocery, Books, Toys"
U_00301,"Beauty, Electronics, Home"
U_00303,"Sports, Grocery, Home"
U_00304,"Fashion, Electronics, Home"
U_00306,"Beauty, Grocery, Books"
U_00312,"Books, Toys, Home"
U_00317,"Books, Beauty, Home"
U_00318,"Books, Home, Electronics"
U_00320,"Toys, Home, Books"
U_00323,"Beauty, Electronics, Home"
U_00324,"Grocery, Toys, Home"
U_00325,"Books, Toys, Grocery"
U_00328,"Sports, Home, Grocery"
U_00331,"Books, Home, Electronics"
U_00333,"Toys, Home, Electronics"
U_00334,"Fashion, Grocery, Home"
U_00335,"Books, Home, Electronics"
U_00336,"Grocery, Books, Toys"
U_00337,"Grocery, Books, Home"
U_00338,"Books, Home, Electronics"
U_00341,"Fashion, Electronics, Home"
U_00344,"Grocery, Home, Electronics"
U_00346,"Grocery, Sports, Home"
U_00347,"Grocery, Books, Toys"
U_00348,"Grocery, Toys, Home"
U_00350,"Beauty, Electronics, Home"
U_00351,"Grocery, Toys, Home"
U_00354,"Beauty, Electronics, Home"
U_00355,"Books, Fashion, Home"
U_00356,"Fashion, Electronics, Home"
U_00357,"Toys, Home, Electronics"
U_00358,"Toys, Home, Electronics"
U_00359,"Toys, Home, Electronics"
U_00361,"Grocery, Fashion, Home"
U_00362,"Toys, Home, Fashion"
U_00364,"Grocery, Home, Electronics"
U_00365,"Grocery, Home, Electronics"
U_00366,"Fashion, Electronics, Home"
U_00369,"Books, Fashion, Home"
U_00370,"Books, Home, Electronics"
U_00371,"Toys, Grocery, Home"
U_00373,"Beauty, Electronics, Home"
U_00374,"Beauty, Electronics, Home"
U_00375,"Grocery, Books, Toys"
U_00381,"Grocery, Home, Books"
U_00383,"Grocery, Books, Toys"
U_00384,"Sports, Home, Electronics"
U_00386,"Grocery, Home, Electronics"
U_00389,"Beauty, Electronics, Books"
U_00392,"Books, Toys, Grocery"
U_00398,"Books, Home, Electronics"
U_00402,"Books, Toys, Grocery"
U_00405,"Beauty, Electronics, Home"
U_00408,"Sports, Home, Electronics"
U_00411,"Toys, Sports, Home"
U_00414,"Sports, Home, Electronics"
U_00415,"Grocery, Home, Electronics"
U_00416,"Toys, Home, Electronics"
U_00417,"Fashion, Books, Home"
U_00418,"Beauty, Electronics, Home"
U_00421,"Grocery, Home, Electronics"
U_00422,"Sports, Home, Electronics"
U_00424,"Fashion, Electronics, Home"
U_00425,"Books, Toys, Grocery"
U_00426,"Fashion, Sports, Electronics"
U_00427,"Beauty, Grocery, Electronics"
U_00428,"Books, Toys, Grocery"
U_00430,"Toys, Home, Electronics"
U_00432,"Beauty, Toys, Books"
U_00437,"Books, Toys, Home"
U_00439,"Sports, Home, Electronics"
U_00440,"Books, Home, Electronics"
U_00445,"Fashion, Home, Electronics"
U_00448,"Fashion, Electronics, Home"
U_00449,"Beauty, Toys, Electronics"
U_00450,"Sports, Home, Electronics"
U_00451,"Grocery, Books, Toys"
U_00452,"Grocery, Books, Toys"
U_00453,"Fashion, Beauty, Electronics"
U_00455,"Grocery, Beauty, Home"
U_00456,"Books, Grocery, Toys"
U_00457,"Sports, Home, Electronics"
U_00458,"Grocery, Books, Toys"
U_00459,"Toys, Beauty, Home"
U_00463,"Sports, Home, Electronics"
U_00466,"Sports, Home, Electronics"
U_00467,"Grocery, Books, Toys"
U_00468,"Fashion, Electronics, Home"
U_00469,"Beauty, Fashion, Electronics"
U_00470,"Toys, Home, Electronics"
U_00473,"Sports, Toys, Home"
U_00474,"Fashion, Electronics, Home"
U_00475,"Grocery, Books, Home"
U_00477,"Beauty, Electronics, Home"
U_00479,"Grocery, Home, Electronics"
U_00481,"Fashion, Toys, Home"
U_00483,"Fashion, Beauty, Electronics"
U_00484,"Sports, Home, Electronics"
U_00485,"Beauty, Electronics, Home"
U_00486,"Books, Home, Electronics"
U_00487,"Toys, Home, Electronics"
U_00488,"Sports, Toys, Grocery"
U_00492,"Beauty, Electronics, Home"
U_00495,"Sports, Home, Electronics"
U_00496,"Toys, Home, Electronics"
U_00497,"Sports, Home, Grocery"
U_00501,"Beauty, Grocery, Home"
U_00507,"Fashion, Electronics, Home"
U_00509,"Sports, Home, Electronics"
U_00513,"Sports, Beauty, Home"
U_00515,"Toys, Home, Electronics"
U_00520,"Fashion, Electronics, Home"
U_00524,"Beauty, Grocery, Electronics"
U_00525,"Sports, Fashion, Beauty"
U_00528,"Fashion, Toys, Home"
U_00530,"Grocery, Books, Toys"
U_00533,"Toys, Books, Home"
U_00534,"Toys, Fashion, Sports"
U_00537,"Fashion, Electronics, Home"
U_00538,"Toys, Sports, Books"
U_00539,"Books, Toys, Grocery"
U_00541,"Books, Toys, Grocery"
U_00545,"Sports, Home, Electronics"
U_00547,"Sports, Home, Electronics"
U_00551,"Beauty, Electronics, Home"
U_00552,"Grocery, Home, Electronics"
U_00554,"Beauty, Electronics, Home"
U_00555,"Books, Toys, Grocery"
U_00558,"Fashion, Grocery, Home"
U_00561,"Fashion, Toys, Electronics"
U_00562,"Grocery, Fashion, Home"
U_00564,"Fashion, Electronics, Home"
U_00567,"Grocery, Home, Electronics"
U_00572,"Grocery, Home, Books"
U_00573,"Grocery, Books, Toys"
U_00574,"Beauty, Electronics, Home"
U_00575,"Toys, Home, Electronics"
U_00576,"Beauty, Electronics, Home"
U_00578,"Books, Home, Electronics"
U_00579,"Toys, Books, Home"
U_00580,"Beauty, Electronics, Home"
U_00581,"Books, Toys, Grocery"
U_00582,"Fashion, Electronics, Home"
U_00585,"Fashion, Beauty, Electronics"
U_00588,"Grocery, Home, Electronics"
U_00589,"Books, Home, Electronics"
U_00591,"Books, Home, Electronics"
U_00592,"Sports, Toys, Home"
U_00596,"Sports, Grocery, Home"
U_00599,"Sports, Toys, Home"
U_00610,"Sports, Home, Electronics"
U_00613,"Fashion, Electronics, Home"
U_00616,"Sports, Home, Electronics"
U_00617,"Grocery, Sports, Home"
U_00618,"Toys, Home, Electronics"
U_00620,"Toys, Home, Electronics"
U_00621,"Books, Toys, Grocery"
U_00623,"Books, Toys, Home"
U_00624,"Books, Home, Electronics"
U_00625,"Fashion, Electronics, Home"
U_00627,"Beauty, Electronics, Home"
U_00628,"Fashion, Grocery, Home"
U_00629,"Books, Sports, Home"
U_00630,"Toys, Home, Electronics"
U_00632,"Grocery, Home, Electronics"
U_00633,"Toys, Home, Electronics"
U_00635,"Beauty, Toys, Electronics"
U_00637,"Books, Home, Electronics"
U_00639,"Toys, Home, Electronics"
U_00640,"Toys, Home, Electronics"
U_00643,"Beauty, Electronics, Home"
U_00645,"Fashion, Electronics, Home"
U_00647,"Books, Home, Electronics"
U_00649,"Toys, Home, Electronics"
U_00652,"Grocery, Beauty, Sports"
U_00653,"Grocery, Books, Toys"
U_00654,"Sports, Home, Electronics"
U_00655,"Sports, Home, Electronics"
U_00656,"Books, Grocery, Home"
U_00658,"Books, Home, Electronics"
U_00659,"Grocery, Toys, Home"
U_00660,"Sports, Home, Electronics"
U_00664,"Grocery, Books, Toys"
U_00667,"Books, Toys, Grocery"
U_00671,"Beauty, Books, Electronics"
U_00675,"Books, Home, Electronics"
U_00676,"Grocery, Home, Books"
U_00677,"Grocery, Home, Toys"
U_00679,"Toys, Grocery, Home"
U_00680,"Toys, Home, Electronics"
U_00682,"Books, Home, Electronics"
U_00686,"Grocery, Home, Electronics"
U_00687,"Fashion, Sports, Books"
U_00689,"Beauty, Sports, Electronics"
U_00690,"Grocery, Books, Toys"
U_00691,"Sports, Home, Electronics"
U_00694,"Toys, Home, Electronics"
U_00696,"Grocery, Books, Toys"
U_00699,"Fashion, Electronics, Home"
U_00701,"Toys, Beauty, Electronics"
U_00702,"Books, Toys, Grocery"
U_00705,"Grocery, Home, Electronics"
U_00706,"Grocery, Home, Electronics"
U_00713,"Grocery, Home, Books"
U_00714,"Grocery, Home, Books"
U_00715,"Sports, Home, Electronics"
U_00716,"Books, Toys, Grocery"
U_00722,"Fashion, Grocery, Books"
U_00723,"Grocery, Books, Toys"
U_00724,"Sports, Home, Electronics"
U_00728,"Books, Home, Electronics"
U_00730,"Books, Home, Electronics"
U_00733,"Toys, Books, Home"
U_00734,"Toys, Home, Electronics"
U_00735,"Sports, Home, Electronics"
U_00737,"Books, Home, Electronics"
U_00738,"Grocery, Home, Electronics"
U_00741,"Fashion, Books, Electronics"
U_00749,"Grocery, Books, Toys"
U_00750,"Grocery, Home, Electronics"
U_00751,"Toys, Home, Electronics"
U_00752,"Books, Toys, Grocery"
U_00754,"Grocery, Home, Electronics"
U_00756,"Grocery, Books, Toys"
U_00757,"Fashion, Electronics, Home"
U_00758,"Sports, Home, Electronics"
U_00761,"Books, Toys, Grocery"
U_00762,"Beauty, Books, Toys"
U_00763,"Beauty, Electronics, Home"
U_00764,"Grocery, Books, Home"
U_00765,"Toys, Grocery, Home"
U_00770,"Books, Sports, Home"
U_00771,"Grocery, Home, Electronics"
U_00772,"Grocery, Home, Electronics"
U_00778,"Books, Toys, Grocery"
U_00779,"Beauty, Fashion, Electronics"
U_00780,"Sports, Books, Grocery"
U_00785,"Toys, Books, Home"
U_00787,"Beauty, Electronics, Home"
U_00790,"Beauty, Grocery, Books"
U_00791,"Books, Toys, Grocery"
U_00792,"Grocery, Home, Electronics"
U_00796,"Toys, Home, Books"
U_00800,"Toys, Books, Home"
U_00801,"Fashion, Electronics, Home"
U_00803,"Books, Home, Electronics"
U_00805,"Grocery, Sports, Home"
U_00806,"Fashion, Electronics, Home"
U_00808,"Beauty, Electronics, Home"
U_00809,"Books, Beauty, Sports"
U_00813,"Sports, Home, Electronics"
U_00814,"Beauty, Electronics, Home"
U_00818,"Fashion, Toys, Beauty"
U_00819,"Grocery, Home, Electronics"
U_00820,"Toys, Home, Electronics"
U_00821,"Beauty, Toys, Electronics"
U_00822,"Fashion, Electronics, Home"
U_00823,"Books, Grocery, Home"
U_00824,"Toys, Grocery, Home"
U_00825,"Grocery, Home, Electronics"
U_00828,"Books, Home, Electronics"
U_00829,"Fashion, Sports, Electronics"
U_00831,"Grocery, Home, Electronics"
U_00832,"Grocery, Home, Electronics"
U_00834,"Beauty, Books, Electronics"
U_00839,"Beauty, Electronics, Home"
U_00840,"Beauty, Grocery, Home"
U_00844,"Books, Home, Electronics"
U_00846,"Sports, Home, Electronics"
U_00851,"Fashion, Electronics, Home"
U_00853,"Toys, Home, Electronics"
U_00854,"Beauty, Toys, Books"
U_00857,"Beauty, Sports, Electronics"
U_00859,"Books, Grocery, Home"
U_00860,"Beauty, Sports, Fashion"
U_00861,"Grocery, Books, Toys"
U_00862,"Fashion, Electronics, Home"
U_00864,"Toys, Beauty, Books"
U_00866,"Fashion, Electronics, Home"
U_00867,"Grocery, Books, Toys"
U_00868,"Fashion, Electronics, Home"
U_00870,"Beauty, Electronics, Home"
U_00871,"Sports, Home, Electronics"
U_00872,"Fashion, Electronics, Home"
U_00875,"Books, Home, Electronics"
U_00877,"Toys, Beauty, Home"
U_00879,"Toys, Home, Electronics"
U_00880,"Beauty, Books, Electronics"
U_00882,"Sports, Home, Electronics"
U_00884,"Toys, Home, Electronics"
U_00885,"Sports, Home, Electronics"
U_00887,"Books, Sports, Home"
U_00888,"Grocery, Books, Toys"
U_00889,"Beauty, Electronics, Home"
U_00890,"Books, Home, Electronics"
U_00893,"Toys, Home, Books"
U_00895,"Fashion, Electronics, Home"
U_00897,"Books, Toys, Grocery"
U_00899,"Books, Home, Electronics"
U_00901,"Fashion, Electronics, Home"
U_00903,"Toys, Grocery, Home"
U_00905,"Toys, Home, Electronics"
U_00906,"Toys, Grocery, Home"
U_00908,"Grocery, Books, Toys"
U_00909,"Fashion, Electronics, Home"
U_00916,"Beauty, Electronics, Home"
U_00918,"Grocery, Books, Toys"
U_00920,"Toys, Fashion, Home"
U_00922,"Fashion, Electronics, Home"
U_00923,"Fashion, Electronics, Home"
U_00924,"Fashion, Electronics, Home"
U_00925,"Fashion, Grocery, Home"
U_00926,"Toys, Home, Electronics"
U_00927,"Books, Home, Electronics"
U_00928,"Beauty, Electronics, Home"
U_00934,"Grocery, Home, Books"
U_00935,"Fashion, Toys, Electronics"
U_00936,"Books, Beauty, Home"
U_00938,"Books, Home, Electronics"
U_00939,"Beauty, Toys, Electronics"
U_00940,"Beauty, Electronics, Home"
U_00945,"Sports, Home, Electronics"
U_00948,"Grocery, Toys, Home"
U_00950,"Grocery, Home, Electronics"
U_00952,"Fashion, Electronics, Home"
U_00954,"Books, Toys, Grocery"
U_00955,"Books, Toys, Home"
U_00956,"Toys, Beauty, Home"
U_00957,"Grocery, Home, Electronics"
U_00960,"Books, Toys, Grocery"
U_00965,"Fashion, Sports, Electronics"
U_00966,"Beauty, Electronics, Home"
U_00967,"Grocery, Books, Toys"
U_00969,"Grocery, Home, Electronics"
U_00973,"Beauty, Fashion, Sports"
U_00975,"Sports, Home, Electronics"
U_00977,"Sports, Fashion, Home"
U_00980,"Books, Home, Electronics"
U_00982,"Grocery, Books, Toys"
U_00983,"Books, Toys, Grocery"
U_00986,"Beauty, Books, Electronics"
U_00988,"Fashion, Toys, Electronics"
U_00989,"Fashion, Electronics, Home"
U_00990,"Books, Grocery, Home"
U_00991,"Grocery, Home, Electronics"
U_00997,"Grocery, Books, Toys"
U_00998,"Books, Toys, Grocery"
U_01000,"Fashion, Books, Electronics"
U_01001,"Toys, Grocery, Home"
U_01005,"Sports, Home, Electronics"
U_01006,"Sports, Books, Home"
U_01007,"Grocery, Books, Toys"
U_01009,"Toys, Home, Electronics"
U_01012,"Sports, Books, Home"
U_01013,"Toys, Home, Electronics"
U_01016,"Toys, Home, Electronics"
U_01018,"Beauty, Electronics, Home"
U_01019,"Fashion, Toys, Electronics"
U_01024,"Grocery, Home, Electronics"
U_01026,"Grocery, Home, Electronics"
U_01028,"Beauty, Grocery, Books"
U_01029,"Sports, Home, Electronics"
U_01030,"Books, Home, Electronics"
U_01032,"Toys, Home, Beauty"
U_01033,"Grocery, Home, Electronics"
U_01035,"Books, Grocery, Home"
U_01038,"Beauty, Grocery, Books"
U_01040,"Grocery, Toys, Home"
U_01041,"Grocery, Home, Electronics"
U_01042,"Beauty, Grocery, Home"
U_01043,"Books, Toys, Grocery"
U_01045,"Fashion, Books, Home"
U_01046,"Fashion, Books, Home"
U_01051,"Fashion, Grocery, Home"
U_01055,"Beauty, Electronics, Home"
U_01058,"Sports, Toys, Grocery"
U_01060,"Beauty, Electronics, Home"
U_01065,"Beauty, Electronics, Books"
U_01068,"Beauty, Books, Electronics"
U_01069,"Toys, Home, Electronics"
U_01070,"Fashion, Grocery, Home"
U_01072,"Sports, Home, Electronics"
U_01073,"Beauty, Electronics, Home"
U_01074,"Toys, Home, Electronics"
U_01077,"Beauty, Fashion, Toys"
U_01079,"Toys, Home, Electronics"
U_01084,"Sports, Home, Electronics"
U_01086,"Toys, Home, Electronics"
U_01088,"Grocery, Books, Toys"
U_01090,"Books, Home, Electronics"
U_01091,"Sports, Fashion, Home"
U_01097,"Grocery, Books, Toys"
U_01100,"Sports, Home, Electronics"
U_01101,"Sports, Toys, Grocery"
U_01104,"Beauty, Sports, Toys"
U_01107,"Books, Fashion, Home"
U_01108,"Toys, Home, Electronics"
U_01110,"Toys, Home, Electronics"
U_01111,"Grocery, Books, Toys"
U_01112,"Beauty, Electronics, Home"
U_01113,"Books, Fashion, Home"
U_01115,"Fashion, Electronics, Home"
U_01117,"Toys, Home, Electronics"
U_01119,"Books, Home, Electronics"
U_01121,"Beauty, Electronics, Home"
U_01125,"Books, Home, Electronics"
U_01127,"Books, Home, Electronics"
U_01130,"Beauty, Books, Electronics"
U_01133,"Books, Home, Electronics"
U_01134,"Books, Toys, Grocery"
U_01136,"Books, Home, Electronics"
U_01138,"Beauty, Grocery, Electronics"
U_01139,"Toys, Home, Electronics"
U_01142,"Fashion, Electronics, Home"
U_01143,"Books, Toys, Grocery"
U_01144,"Beauty, Electronics, Home"
U_01145,"Grocery, Books, Toys"
U_01147,"Grocery, Home, Electronics"
U_01149,"Sports, Home, Electronics"
U_01150,"Grocery, Home, Electronics"
U_01152,"Sports, Home, Electronics"
U_01153,"Toys, Home, Electronics"
U_01154,"Sports, Home, Electronics"
U_01156,"Books, Toys, Grocery"
U_01157,"Grocery, Books, Toys"
U_01162,"Beauty, Electronics, Home"
U_01163,"Fashion, Toys, Books"
U_01164,"Toys, Home, Grocery"
U_01167,"Toys, Home, Electronics"
U_01168,"Sports, Books, Home"
U_01169,"Fashion, Electronics, Home"
U_01171,"Grocery, Books, Toys"
U_01172,"Toys, Home, Electronics"
U_01173,"Beauty, Electronics, Home"
U_01175,"Toys, Home, Electronics"
U_01177,"Books, Toys, Grocery"
U_01180,"Books, Home, Sports"
U_01183,"Toys, Home, Electronics"
U_01187,"Grocery, Books, Toys"
U_01191,"Beauty, Sports, Electronics"
U_01193,"Beauty, Grocery, Home"
U_01194,"Grocery, Home, Books"
U_01195,"Books, Toys, Grocery"
U_01196,"Fashion, Electronics, Home"
U_01198,"Beauty, Books, Electronics"
U_01199,"Fashion, Electronics, Home"
U_01201,"Grocery, Home, Books"
U_01204,"Grocery, Home, Electronics"
U_01208,"Books, Home, Electronics"
U_01209,"Toys, Home, Electronics"
U_01210,"Books, Fashion, Home"
U_01211,"Fashion, Toys, Home"
U_01213,"Sports, Home, Electronics"
U_01214,"Fashion, Toys, Grocery"
U_01215,"Sports, Home, Electronics"
U_01216,"Grocery, Home, Electronics"
U_01217,"Grocery, Home, Electronics"
U_01219,"Beauty, Books, Electronics"
U_01220,"Sports, Toys, Home"
U_01224,"Books, Home, Electronics"
U_01225,"Beauty, Books, Toys"
U_01226,"Books, Toys, Grocery"
U_01227,"Grocery, Home, Sports"
U_01228,"Toys, Home, Electronics"
U_01232,"Sports, Home, Electronics"
U_01235,"Books, Grocery, Home"
U_01236,"Books, Home, Electronics"
U_01237,"Grocery, Books, Toys"
U_01238,"Sports, Grocery, Home"
U_01239,"Books, Home, Electronics"
U_01240,"Grocery, Home, Electronics"
U_01242,"Toys, Home, Electronics"
U_01246,"Sports, Home, Electronics"
U_01249,"Beauty, Books, Electronics"
U_01250,"Fashion, Books, Electronics"
U_01252,"Toys, Home, Books"
U_01253,"Toys, Grocery, Home"
U_01254,"Grocery, Books, Toys"
U_01255,"Beauty, Books, Toys"
U_01256,"Sports, Books, Grocery"
U_01257,"Books, Toys, Grocery"
U_01258,"Grocery, Home, Electronics"
U_01259,"Beauty, Sports, Electronics"
U_01261,"Grocery, Toys, Home"
U_01265,"Sports, Home, Electronics"
U_01266,"Sports, Grocery, Books"
U_01267,"Toys, Home, Electronics"
U_01269,"Sports, Beauty, Home"
U_01270,"Books, Beauty, Electronics"
U_01271,"Sports, Fashion, Home"
U_01274,"Grocery, Books, Toys"
U_01277,"Grocery, Home, Electronics"
U_01278,"Grocery, Home, Electronics"
U_01279,"Books, Toys, Grocery"
U_01280,"Beauty, Electronics, Home"
U_01281,"Fashion, Electronics, Home"
U_01284,"Fashion, Grocery, Home"
U_01286,"Toys, Home, Electronics"
U_01287,"Grocery, Books, Toys"
U_01289,"Beauty, Electronics, Home"
U_01290,"Beauty, Fashion, Electronics"
U_01293,"Toys, Home, Electronics"
U_01296,"Grocery, Home, Electronics"
U_01298,"Toys, Home, Electronics"
U_01300,"Books, Home, Electronics"
U_01303,"Toys, Home, Electronics"
U_01304,"Sports, Home, Electronics"
U_01305,"Books, Toys, Grocery"
U_01306,"Books, Toys, Grocery"
U_01307,"Sports, Home, Electronics"
U_01309,"Beauty, Fashion, Electronics"
U_01314,"Fashion, Electronics, Home"
U_01315,"Books, Home, Electronics"
U_01316,"Toys, Home, Electronics"
U_01318,"Beauty, Books, Electronics"
U_01320,"Beauty, Sports, Electronics"
U_01322,"Fashion, Electronics, Home"
U_01324,"Books, Toys, Grocery"
U_01325,"Books, Toys, Grocery"
U_01327,"Toys, Sports, Beauty"
U_01329,"Grocery, Books, Toys"
U_01333,"Fashion, Sports, Electronics"
U_01339,"Grocery, Fashion, Home"
U_01342,"Sports, Fashion, Home"
U_01343,"Beauty, Electronics, Home"
U_01344,"Books, Beauty, Home"
U_01346,"Beauty, Electronics, Home"
U_01348,"Fashion, Books, Electronics"
U_01350,"Grocery, Home, Electronics"
U_01351,"Grocery, Home, Electronics"
U_01357,"Fashion, Electronics, Home"
U_01359,"Grocery, Beauty, Home"
U_01362,"Books, Toys, Grocery"
U_01364,"Toys, Home, Electronics"
U_01370,"Books, Toys, Home"
U_01371,"Fashion, Electronics, Home"
U_01375,"Books, Home, Electronics"
U_01378,"Grocery, Home, Electronics"
U_01380,"Grocery, Home, Electronics"
U_01383,"Books, Home, Electronics"
U_01384,"Grocery, Books, Toys"
U_01387,"Sports, Books, Toys"
U_01388,"Fashion, Beauty, Electronics"
U_01389,"Grocery, Books, Toys"
U_01391,"Grocery, Home, Electronics"
U_01396,"Toys, Books, Grocery"
U_01403,"Books, Home, Electronics"
U_01404,"Beauty, Electronics, Home"
U_01405,"Books, Toys, Grocery"
U_01407,"Books, Home, Electronics"
U_01408,"Books, Home, Fashion"
U_01409,"Fashion, Electronics, Home"
U_01410,"Fashion, Sports, Beauty"
U_01411,"Books, Home, Electronics"
U_01413,"Grocery, Home, Electronics"
U_01415,"Grocery, Home, Electronics"
U_01417,"Books, Home, Electronics"
U_01421,"Books, Toys, Grocery"
U_01423,"Beauty, Sports, Electronics"
U_01424,"Books, Toys, Grocery"
U_01425,"Fashion, Electronics, Home"
U_01427,"Beauty, Fashion, Books"
U_01431,"Grocery, Books, Toys"
U_01432,"Books, Home, Electronics"
U_01433,"Toys, Home, Electronics"
U_01434,"Beauty, Electronics, Home"
U_01435,"Grocery, Sports, Home"
U_01436,"Toys, Home, Electronics"
U_01438,"Toys, Grocery, Home"
U_01439,"Grocery, Books, Toys"
U_01444,"Beauty, Grocery, Electronics"
U_01445,"Toys, Beauty, Electronics"
U_01446,"Fashion, Electronics, Home"
U_01447,"Toys, Home, Electronics"
U_01452,"Grocery, Fashion, Home"
U_01453,"Fashion, Books, Electronics"
U_01454,"Toys, Home, Electronics"
U_01457,"Beauty, Electronics, Home"
U_01460,"Books, Toys, Grocery"
U_01461,"Toys, Home, Electronics"
U_01462,"Grocery, Beauty, Home"
U_01463,"Grocery, Books, Toys"
U_01464,"Grocery, Home, Electronics"
U_01465,"Books, Toys, Grocery"
U_01469,"Toys, Beauty, Home"
U_01470,"Sports, Home, Electronics"
U_01474,"Toys, Beauty, Electronics"
U_01475,"Beauty, Toys, Electronics"
U_01478,"Beauty, Electronics, Home"
U_01480,"Grocery, Home, Electronics"
U_01483,"Sports, Toys, Books"
U_01485,"Beauty, Electronics, Home"
U_01487,"Grocery, Books, Toys"
U_01492,"Books, Home, Electronics"
U_01493,"Books, Home, Electronics"
U_01495,"Sports, Fashion, Home"
U_01496,"Grocery, Books, Toys"
U_01498,"Beauty, Electronics, Home"
U_01499,"Books, Home, Electronics"
U_01504,"Sports, Home, Electronics"
U_01507,"Grocery, Books, Toys"
U_01508,"Grocery, Home, Electronics"
U_01512,"Grocery, Sports, Books"
U_01513,"Beauty, Electronics, Home"
U_01514,"Toys, Grocery, Home"
U_01515,"Grocery, Home, Electronics"
U_01518,"Grocery, Books, Toys"
U_01519,"Books, Sports, Home"
U_01521,"Grocery, Sports, Home"
U_01526,"Grocery, Books, Home"
U_01527,"Fashion, Toys, Electronics"
U_01529,"Grocery, Books, Toys"
U_01531,"Toys, Sports, Home"
U_01532,"Fashion, Electronics, Home"
U_01533,"Toys, Home, Electronics"
U_01534,"Books, Home, Electronics"
U_01535,"Grocery, Home, Electronics"
U_01536,"Books, Home, Electronics"
U_01537,"Sports, Home, Electronics"
U_01538,"Fashion, Electronics, Home"
U_01539,"Books, Home, Electronics"
U_01541,"Fashion, Toys, Electronics"
U_01542,"Grocery, Home, Electronics"
U_01543,"Grocery, Home, Beauty"
U_01545,"Toys, Home, Electronics"
U_01547,"Toys, Home, Electronics"
U_01548,"Fashion, Electronics, Home"
U_01550,"Beauty, Electronics, Home"
U_01552,"Sports, Toys, Home"
U_01553,"Toys, Home, Electronics"
U_01556,"Beauty, Sports, Grocery"
U_01561,"Books, Toys, Grocery"
U_01562,"Books, Home, Electronics"
U_01563,"Beauty, Books, Electronics"
U_01564,"Books, Grocery, Toys"
U_01566,"Toys, Sports, Books"
U_01567,"Fashion, Electronics, Home"
U_01570,"Sports, Home, Electronics"
U_01572,"Toys, Grocery, Home"
U_01576,"Books, Toys, Grocery"
U_01578,"Fashion, Electronics, Home"
U_01581,"Books, Home, Electronics"
U_01582,"Grocery, Books, Toys"
U_01584,"Fashion, Grocery, Home"
U_01586,"Fashion, Electronics, Home"
U_01587,"Grocery, Home, Electronics"
U_01589,"Grocery, Home, Electronics"
U_01591,"Fashion, Electronics, Home"
U_01593,"Toys, Grocery, Home"
U_01594,"Books, Home, Electronics"
U_01596,"Grocery, Home, Electronics"
U_01597,"Books, Home, Electronics"
U_01599,"Beauty, Electronics, Home"
U_01600,"Books, Home, Electronics"
U_01602,"Sports, Home, Electronics"
U_01604,"Grocery, Home, Electronics"
U_01605,"Grocery, Home, Fashion"
U_01606,"Fashion, Electronics, Home"
U_01609,"Toys, Fashion, Home"
U_01612,"Beauty, Electronics, Home"
U_01613,"Beauty, Electronics, Home"
U_01614,"Fashion, Electronics, Home"
U_01620,"Toys, Home, Electronics"
U_01621,"Books, Home, Electronics"
U_01622,"Sports, Fashion, Books"
U_01623,"Fashion, Electronics, Home"
U_01624,"Beauty, Electronics, Home"
U_01629,"Sports, Home, Electronics"
U_01633,"Beauty, Electronics, Home"
U_01634,"Books, Home, Electronics"
U_01635,"Sports, Books, Home"
U_01637,"Books, Toys, Grocery"
U_01638,"Books, Toys, Grocery"
U_01643,"Sports, Toys, Home"
U_01647,"Beauty, Electronics, Home"
U_01648,"Grocery, Books, Toys"
U_01650,"Fashion, Electronics, Home"
U_01653,"Fashion, Toys, Beauty"
U_01655,"Grocery, Books, Toys"
U_01657,"Beauty, Grocery, Electronics"
U_01660,"Toys, Home, Electronics"
U_01661,"Beauty, Sports, Grocery"
U_01665,"Beauty, Books, Electronics"
U_01666,"Sports, Home, Grocery"
U_01667,"Books, Toys, Grocery"
U_01668,"Fashion, Grocery, Home"
U_01670,"Books, Home, Electronics"
U_01671,"Beauty, Electronics, Home"
U_01675,"Toys, Home, Electronics"
U_01676,"Beauty, Electronics, Home"
U_01678,"Sports, Fashion, Toys"
U_01682,"Books, Home, Toys"
U_01683,"Books, Home, Electronics"
U_01684,"Fashion, Electronics, Home"
U_01687,"Sports, Toys, Home"
U_01689,"Beauty, Sports, Toys"
U_01692,"Grocery, Home, Electronics"
U_01693,"Fashion, Electronics, Home"
U_01694,"Fashion, Electronics, Home"
U_01696,"Toys, Beauty, Grocery"
U_01697,"Fashion, Electronics, Home"
U_01701,"Grocery, Books, Toys"
U_01702,"Grocery, Home, Books"
U_01704,"Grocery, Home, Electronics"
U_01706,"Sports, Home, Grocery"
U_01707,"Toys, Home, Electronics"
U_01708,"Fashion, Electronics, Home"
U_01709,"Books, Home, Electronics"
U_01712,"Books, Home, Electronics"
U_01713,"Grocery, Books, Toys"
U_01714,"Beauty, Grocery, Books"
U_01722,"Beauty, Electronics, Home"
U_01723,"Toys, Home, Electronics"
U_01725,"Sports, Grocery, Home"
U_01726,"Grocery, Home, Electronics"
U_01727,"Toys, Home, Electronics"
U_01729,"Toys, Home, Electronics"
U_01731,"Books, Home, Electronics"
U_01732,"Books, Home, Electronics"
U_01735,"Sports, Beauty, Books"
U_01736,"Toys, Home, Electronics"
U_01737,"Grocery, Books, Toys"
U_01739,"Toys, Home, Electronics"
U_01740,"Books, Grocery, Toys"
U_01742,"Beauty, Electronics, Books"
U_01743,"Toys, Home, Electronics"
U_01744,"Sports, Fashion, Home"
U_01747,"Beauty, Fashion, Books"
U_01750,"Sports, Home, Electronics"
U_01751,"Sports, Toys, Grocery"
U_01754,"Fashion, Electronics, Home"
U_01755,"Beauty, Toys, Electronics"
U_01756,"Fashion, Electronics, Home"
U_01757,"Grocery, Books, Toys"
U_01758,"Toys, Home, Electronics"
U_01759,"Books, Home, Electronics"
U_01762,"Grocery, Home, Electronics"
U_01763,"Toys, Home, Electronics"
U_01766,"Toys, Home, Electronics"
U_01770,"Beauty, Grocery, Home"
U_01773,"Toys, Fashion, Home"
U_01775,"Beauty, Electronics, Home"
U_01777,"Sports, Home, Electronics"
U_01778,"Sports, Home, Electronics"
U_01779,"Grocery, Books, Toys"
U_01780,"Fashion, Electronics, Home"
U_01782,"Books, Home, Electronics"
U_01783,"Toys, Home, Books"
U_01785,"Fashion, Grocery, Home"
U_01787,"Grocery, Home, Electronics"
U_01788,"Books, Sports, Home"
U_01793,"Fashion, Electronics, Home"
U_01794,"Toys, Home, Electronics"
U_01796,"Beauty, Toys, Electronics"
U_01798,"Toys, Beauty, Electronics"
U_01799,"Books, Home, Electronics"
U_01802,"Fashion, Home, Electronics"
U_01806,"Fashion, Toys, Home"
U_01807,"Sports, Home, Electronics"
U_01808,"Fashion, Grocery, Home"
U_01809,"Toys, Home, Electronics"
U_01811,"Books, Home, Electronics"
U_01814,"Beauty, Toys, Electronics"
U_01815,"Toys, Home, Electronics"
U_01817,"Grocery, Home, Electronics"
U_01822,"Grocery, Books, Toys"
U_01823,"Fashion, Electronics, Home"
U_01825,"Beauty, Toys, Electronics"
U_01829,"Grocery, Home, Electronics"
U_01830,"Grocery, Home, Books"
U_01831,"Grocery, Home, Electronics"
U_01834,"Beauty, Grocery, Books"
U_01835,"Sports, Home, Electronics"
U_01836,"Beauty, Toys, Electronics"
U_01838,"Grocery, Home, Electronics"
U_01842,"Books, Home, Electronics"
U_01844,"Toys, Home, Electronics"
U_01849,"Grocery, Home, Electronics"
U_01850,"Sports, Home, Electronics"
U_01854,"Grocery, Home, Electronics"
U_01855,"Books, Home, Electronics"
U_01856,"Grocery, Toys, Home"
U_01857,"Beauty, Electronics, Grocery"
U_01858,"Books, Home, Electronics"
U_01862,"Grocery, Home, Electronics"
U_01864,"Books, Home, Electronics"
U_01866,"Books, Home, Grocery"
U_01867,"Toys, Beauty, Home"
U_01869,"Sports, Toys, Home"
U_01873,"Beauty, Electronics, Grocery"
U_01874,"Books, Toys, Grocery"
U_01876,"Beauty, Electronics, Home"
U_01877,"Toys, Beauty, Fashion"
U_01878,"Sports, Home, Electronics"
U_01881,"Books, Home, Electronics"
U_01886,"Books, Fashion, Home"
U_01890,"Books, Home, Electronics"
U_01891,"Fashion, Electronics, Home"
U_01893,"Books, Home, Electronics"
U_01894,"Books, Toys, Grocery"
U_01896,"Books, Toys, Grocery"
U_01897,"Grocery, Beauty, Home"
U_01900,"Toys, Home, Electronics"
U_01903,"Books, Home, Electronics"
U_01905,"Toys, Beauty, Home"
U_01906,"Sports, Home, Electronics"
U_01907,"Toys, Home, Electronics"
U_01908,"Sports, Home, Electronics"
U_01915,"Beauty, Electronics, Home"
U_01916,"Beauty, Grocery, Books"
U_01917,"Toys, Books, Sports"
U_01920,"Books, Toys, Grocery"
U_01921,"Grocery, Books, Toys"
U_01925,"Toys, Beauty, Home"
U_01929,"Beauty, Electronics, Home"
U_01930,"Books, Grocery, Home"
U_01933,"Fashion, Electronics, Home"
U_01937,"Fashion, Beauty, Electronics"
U_01938,"Beauty, Electronics, Home"
U_01939,"Books, Home, Electronics"
U_01941,"Sports, Toys, Home"
U_01944,"Grocery, Books, Toys"
U_01945,"Sports, Beauty, Home"
U_01947,"Fashion, Electronics, Home"
U_01956,"Beauty, Books, Electronics"
U_01959,"Beauty, Books, Electronics"
U_01960,"Beauty, Electronics, Books"
U_01961,"Beauty, Sports, Fashion"
U_01963,"Sports, Grocery, Home"
U_01964,"Grocery, Home, Books"
U_01966,"Books, Sports, Home"
U_01967,"Fashion, Grocery, Home"
U_01970,"Grocery, Home, Electronics"
U_01976,"Beauty, Fashion, Electronics"
U_01978,"Sports, Fashion, Home"
U_01980,"Fashion, Electronics, Home"
U_01981,"Toys, Sports, Home"
U_01984,"Beauty, Electronics, Home"
U_01986,"Toys, Beauty, Home"
U_01987,"Books, Toys, Grocery"
U_01988,"Beauty, Electronics, Books"
U_01989,"Grocery, Sports, Home"
U_01991,"Fashion, Electronics, Home"
U_01996,"Grocery, Home, Electronics"
U_01998,"Toys, Home, Grocery"
U_02002,"Books, Home, Electronics"
U_02003,"Books, Toys, Grocery"
U_02009,"Beauty, Electronics, Home"
U_02010,"Fashion, Sports, Electronics"
U_02011,"Fashion, Electronics, Home"
U_02014,"Grocery, Books, Toys"
U_02018,"Toys, Home, Electronics"
U_02019,"Fashion, Electronics, Home"
U_02021,"Toys, Home, Electronics"
U_02030,"Books, Fashion, Grocery"
U_02032,"Fashion, Books, Electronics"
U_02033,"Books, Toys, Grocery"
U_02034,"Books, Toys, Grocery"
U_02036,"Beauty, Electronics, Home"
U_02037,"Beauty, Electronics, Home"
U_02038,"Sports, Beauty, Toys"
U_02041,"Grocery, Books, Toys"
U_02046,"Books, Grocery, Home"
U_02049,"Books, Toys, Grocery"
U_02050,"Sports, Books, Home"
U_02051,"Beauty, Electronics, Home"
U_02053,"Toys, Beauty, Home"
U_02055,"Toys, Home, Electronics"
U_02056,"Toys, Home, Electronics"
U_02057,"Fashion, Electronics, Home"
U_02058,"Fashion, Electronics, Home"
U_02059,"Fashion, Grocery, Home"
U_02060,"Grocery, Sports, Home"
U_02061,"Grocery, Home, Electronics"
U_02063,"Grocery, Home, Electronics"
U_02065,"Sports, Books, Home"
U_02068,"Beauty, Electronics, Home"
U_02070,"Books, Grocery, Home"
U_02073,"Fashion, Electronics, Home"
U_02074,"Beauty, Electronics, Home"
U_02075,"Sports, Home, Electronics"
U_02076,"Beauty, Electronics, Home"
U_02078,"Toys, Home, Electronics"
U_02079,"Sports, Home, Electronics"
U_02080,"Beauty, Electronics, Home"
U_02081,"Beauty, Electronics, Home"
U_02082,"Beauty, Fashion, Electronics"
U_02086,"Books, Toys, Grocery"
U_02087,"Grocery, Home, Electronics"
U_02088,"Toys, Home, Electronics"
U_02089,"Grocery, Home, Electronics"
U_02090,"Fashion, Electronics, Home"
U_02091,"Fashion, Grocery, Home"
U_02094,"Sports, Home, Electronics"
U_02096,"Sports, Fashion, Toys"
U_02098,"Grocery, Books, Toys"
U_02099,"Beauty, Electronics, Home"
U_02100,"Fashion, Grocery, Home"
U_02102,"Grocery, Books, Home"
U_02103,"Toys, Home, Electronics"
U_02105,"Toys, Home, Electronics"
U_02106,"Fashion, Electronics, Home"
U_02107,"Books, Toys, Grocery"
U_02108,"Books, Home, Electronics"
U_02109,"Beauty, Electronics, Home"
U_02110,"Fashion, Books, Home"
U_02112,"Books, Home, Electronics"
U_02115,"Fashion, Electronics, Home"
U_02117,"Beauty, Electronics, Home"
U_02118,"Grocery, Home, Electronics"
U_02120,"Beauty, Electronics, Home"
U_02122,"Books, Toys, Grocery"
U_02123,"Sports, Toys, Books"
U_02124,"Beauty, Sports, Electronics"
U_02126,"Beauty, Books, Toys"
U_02127,"Beauty, Electronics, Home"
U_02130,"Books, Toys, Grocery"
U_02131,"Fashion, Electronics, Home"
U_02132,"Grocery, Sports, Home"
U_02133,"Grocery, Books, Toys"
U_02134,"Grocery, Home, Electronics"
U_02135,"Sports, Books, Home"
U_02140,"Books, Grocery, Home"
U_02141,"Beauty, Books, Toys"
U_02142,"Fashion, Electronics, Home"
U_02143,"Grocery, Books, Toys"
U_02145,"Grocery, Home, Electronics"
U_02146,"Beauty, Electronics, Grocery"
U_02149,"Fashion, Toys, Home"
U_02151,"Books, Home, Electronics"
U_02153,"Sports, Home, Grocery"
U_02156,"Books, Sports, Home"
U_02158,"Sports, Grocery, Home"
U_02159,"Beauty, Grocery, Books"
U_02161,"Grocery, Books, Toys"
U_02164,"Toys, Home, Electronics"
U_02171,"Sports, Grocery, Home"
U_02173,"Toys, Home, Electronics"
U_02174,"Toys, Home, Electronics"
U_02175,"Fashion, Electronics, Home"
U_02176,"Fashion, Electronics, Home"
U_02177,"Sports, Books, Home"
U_02178,"Grocery, Home, Electronics"
U_02179,"Grocery, Books, Toys"
U_02180,"Books, Toys, Grocery"
U_02183,"Grocery, Books, Toys"
U_02185,"Toys, Home, Electronics"
U_02187,"Sports, Home, Electronics"
U_02189,"Toys, Home, Electronics"
U_02190,"Books, Toys, Grocery"
U_02191,"Beauty, Electronics, Home"
U_02192,"Beauty, Electronics, Home"
U_02193,"Beauty, Electronics, Home"
U_02194,"Toys, Home, Electronics"
U_02195,"Grocery, Home, Electronics"
U_02196,"Fashion, Electronics, Home"
U_02197,"Sports, Home, Electronics"
U_02198,"Books, Home, Electronics"
U_02200,"Sports, Home, Electronics"
U_02201,"Toys, Home, Electronics"
U_02202,"Toys, Home, Electronics"
U_02203,"Fashion, Electronics, Home"
U_02204,"Books, Home, Electronics"
U_02205,"Beauty, Grocery, Electronics"
U_02210,"Toys, Fashion, Home"
U_02211,"Fashion, Electronics, Home"
U_02212,"Books, Home, Electronics"
U_02213,"Beauty, Fashion, Electronics"
U_02214,"Toys, Home, Electronics"
U_02218,"Grocery, Books, Toys"
U_02220,"Grocery, Home, Electronics"
U_02221,"Sports, Home, Electronics"
U_02225,"Books, Toys, Grocery"
U_02227,"Toys, Home, Electronics"
U_02232,"Grocery, Home, Electronics"
U_02233,"Beauty, Fashion, Electronics"
U_02235,"Beauty, Electronics, Home"
U_02236,"Beauty, Books, Grocery"
U_02237,"Grocery, Books, Toys"
U_02238,"Grocery, Books, Toys"
U_02241,"Fashion, Electronics, Home"
U_02243,"Grocery, Home, Electronics"
U_02244,"Books, Home, Electronics"
U_02245,"Sports, Home, Electronics"
U_02248,"Fashion, Electronics, Home"
U_02250,"Sports, Home, Electronics"
U_02252,"Beauty, Sports, Electronics"
U_02255,"Beauty, Electronics, Grocery"
U_02257,"Sports, Home, Electronics"
U_02258,"Grocery, Home, Sports"
U_02260,"Grocery, Books, Toys"
U_02262,"Beauty, Electronics, Books"
U_02265,"Books, Toys, Grocery"
U_02267,"Books, Toys, Grocery"
U_02268,"Fashion, Electronics, Home"
U_02271,"Sports, Home, Grocery"
U_02272,"Sports, Home, Electronics"
U_02273,"Books, Home, Electronics"
U_02274,"Books, Home, Fashion"
U_02275,"Books, Home, Sports"
U_02276,"Toys, Home, Electronics"
U_02277,"Fashion, Books, Electronics"
U_02280,"Books, Home, Electronics"
U_02282,"Grocery, Books, Toys"
U_02283,"Toys, Sports, Home"
U_02284,"Sports, Home, Electronics"
U_02285,"Toys, Home, Electronics"
U_02287,"Grocery, Home, Electronics"
U_02290,"Sports, Home, Electronics"
U_02295,"Fashion, Grocery, Home"
U_02296,"Books, Home, Electronics"
U_02298,"Beauty, Toys, Fashion"
U_02299,"Grocery, Books, Toys"
U_02300,"Grocery, Books, Toys"
U_02301,"Toys, Home, Electronics"
U_02302,"Grocery, Home, Electronics"
U_02304,"Books, Home, Electronics"
U_02305,"Books, Sports, Home"
U_02306,"Books, Toys, Grocery"
U_02307,"Beauty, Electronics, Home"
U_02308,"Sports, Fashion, Home"
U_02312,"Beauty, Electronics, Home"
U_02316,"Toys, Home, Electronics"
U_02317,"Fashion, Electronics, Home"
U_02318,"Books, Home, Electronics"
U_02319,"Sports, Home, Electronics"
U_02320,"Grocery, Home, Electronics"
U_02321,"Books, Home, Electronics"
U_02322,"Books, Toys, Grocery"
U_02323,"Books, Home, Electronics"
U_02324,"Grocery, Home, Beauty"
U_02327,"Books, Toys, Grocery"
U_02333,"Beauty, Grocery, Electronics"
U_02334,"Beauty, Toys, Books"
U_02337,"Toys, Home, Electronics"
U_02338,"Beauty, Electronics, Home"
U_02341,"Grocery, Home, Electronics"
U_02345,"Sports, Home, Grocery"
U_02347,"Sports, Home, Electronics"
U_02348,"Books, Sports, Home"
U_02350,"Beauty, Electronics, Home"
U_02351,"Grocery, Books, Toys"
U_02354,"Toys, Home, Electronics"
U_02355,"Toys, Beauty, Home"
U_02356,"Books, Home, Electronics"
U_02362,"Beauty, Grocery, Books"
U_02364,"Grocery, Books, Toys"
U_02365,"Sports, Home, Electronics"
U_02366,"Fashion, Electronics, Home"
U_02367,"Beauty, Electronics, Home"
U_02370,"Fashion, Books, Grocery"
U_02372,"Grocery, Sports, Home"
U_02373,"Beauty, Electronics, Home"
U_02374,"Books, Sports, Home"
U_02375,"Books, Home, Electronics"
U_02376,"Grocery, Sports, Home"
U_02377,"Books, Home, Electronics"
U_02378,"Beauty, Electronics, Home"
U_02379,"Sports, Home, Electronics"
U_02380,"Fashion, Electronics, Home"
U_02382,"Books, Home, Electronics"
U_02384,"Sports, Home, Electronics"
U_02385,"Fashion, Electronics, Home"
U_02386,"Beauty, Electronics, Home"
U_02390,"Books, Grocery, Home"
U_02395,"Grocery, Home, Electronics"
U_02404,"Beauty, Electronics, Home"
U_02406,"Grocery, Books, Toys"
U_02407,"Books, Home, Electronics"
U_02408,"Sports, Home, Electronics"
U_02410,"Grocery, Books, Toys"
U_02414,"Books, Home, Electronics"
U_02415,"Sports, Home, Electronics"
U_02422,"Toys, Books, Home"
U_02423,"Books, Toys, Grocery"
U_02425,"Grocery, Books, Toys"
U_02428,"Toys, Home, Electronics"
U_02429,"Grocery, Home, Electronics"
U_02439,"Fashion, Toys, Home"
U_02442,"Books, Home, Electronics"
U_02443,"Books, Grocery, Home"
U_02445,"Books, Home, Electronics"
U_02449,"Grocery, Books, Toys"
U_02452,"Beauty, Electronics, Home"
U_02453,"Toys, Home, Electronics"
U_02455,"Fashion, Grocery, Home"
U_02456,"Books, Home, Electronics"
U_02457,"Grocery, Fashion, Home"
U_02461,"Fashion, Electronics, Home"
U_02462,"Beauty, Electronics, Home"
U_02464,"Toys, Home, Electronics"
U_02466,"Sports, Fashion, Home"
U_02477,"Books, Toys, Grocery"
U_02479,"Grocery, Home, Electronics"
U_02481,"Fashion, Beauty, Electronics"
U_02482,"Sports, Home, Electronics"
U_02484,"Books, Home, Electronics"
U_02485,"Toys, Beauty, Home"
U_02487,"Beauty, Electronics, Home"
U_02488,"Beauty, Toys, Electronics"
U_02492,"Grocery, Home, Electronics"
U_02493,"Toys, Home, Electronics"
U_02494,"Grocery, Books, Toys"
U_02495,"Fashion, Electronics, Home"
U_02497,"Books, Home, Grocery"
U_02501,"Sports, Grocery, Home"
U_02502,"Beauty, Electronics, Home"
U_02505,"Grocery, Books, Toys"
U_02509,"Books, Toys, Home"
U_02511,"Sports, Home, Electronics"
U_02512,"Books, Toys, Grocery"
U_02513,"Books, Home, Electronics"
U_02515,"Sports, Beauty, Electronics"
U_02519,"Grocery, Home, Electronics"
U_02521,"Toys, Fashion, Home"
U_02522,"Toys, Home, Electronics"
U_02523,"Sports, Home, Electronics"
U_02525,"Books, Grocery, Toys"
U_02527,"Toys, Grocery, Home"
U_02529,"Sports, Home, Electronics"
U_02530,"Fashion, Grocery, Home"
U_02532,"Grocery, Home, Electronics"
U_02533,"Books, Grocery, Home"
U_02534,"Toys, Home, Electronics"
U_02535,"Beauty, Fashion, Electronics"
U_02536,"Books, Home, Electronics"
U_02537,"Books, Home, Electronics"
U_02539,"Sports, Books, Home"
U_02541,"Toys, Home, Electronics"
U_02542,"Grocery, Books, Toys"
U_02543,"Grocery, Home, Electronics"
U_02546,"Fashion, Grocery, Sports"
U_02547,"Fashion, Toys, Home"
U_02550,"Beauty, Books, Electronics"
U_02551,"Grocery, Books, Toys"
U_02552,"Beauty, Fashion, Electronics"
U_02553,"Toys, Home, Electronics"
U_02554,"Beauty, Electronics, Home"
U_02555,"Sports, Toys, Fashion"
U_02558,"Grocery, Home, Fashion"
U_02560,"Toys, Sports, Home"
U_02562,"Sports, Home, Electronics"
U_02563,"Grocery, Books, Toys"
U_02564,"Grocery, Books, Toys"
U_02565,"Grocery, Books, Toys"
U_02566,"Sports, Home, Electronics"
U_02571,"Fashion, Electronics, Home"
U_02572,"Beauty, Electronics, Home"
U_02574,"Sports, Toys, Home"
U_02575,"Grocery, Books, Toys"
U_02576,"Fashion, Electronics, Home"
U_02578,"Grocery, Home, Electronics"
U_02582,"Sports, Home, Electronics"
U_02583,"Grocery, Books, Toys"
U_02584,"Grocery, Books, Toys"
U_02587,"Books, Home, Electronics"
U_02589,"Fashion, Electronics, Home"
U_02592,"Grocery, Home, Electronics"
U_02593,"Grocery, Home, Electronics"
U_02595,"Grocery, Home, Beauty"
U_02596,"Grocery, Home, Electronics"
U_02597,"Fashion, Electronics, Home"
U_02599,"Sports, Home, Books"
U_02604,"Toys, Home, Electronics"
U_02605,"Fashion, Toys, Electronics"
U_02607,"Sports, Home, Electronics"
U_02610,"Sports, Home, Grocery"
U_02612,"Books, Toys, Grocery"
U_02613,"Beauty, Electronics, Home"
U_02616,"Books, Home, Electronics"
U_02620,"Grocery, Home, Electronics"
U_02621,"Sports, Toys, Home"
U_02623,"Toys, Home, Electronics"
U_02624,"Toys, Beauty, Electronics"
U_02625,"Sports, Home, Electronics"
U_02627,"Toys, Sports, Home"
U_02634,"Grocery, Home, Electronics"
U_02635,"Beauty, Sports, Toys"
U_02637,"Toys, Sports, Grocery"
U_02638,"Grocery, Books, Toys"
U_02640,"Beauty, Electronics, Home"
U_02641,"Sports, Home, Electronics"
U_02642,"Books, Home, Electronics"
U_02644,"Grocery, Books, Toys"
U_02645,"Toys, Home, Electronics"
U_02648,"Books, Home, Electronics"
U_02649,"Fashion, Grocery, Home"
U_02650,"Grocery, Books, Toys"
U_02655,"Fashion, Electronics, Home"
U_02659,"Books, Home, Grocery"
U_02660,"Grocery, Home, Books"
U_02663,"Fashion, Electronics, Home"
U_02664,"Toys, Home, Electronics"
U_02666,"Grocery, Books, Toys"
U_02668,"Sports, Home, Grocery"
U_02672,"Books, Home, Electronics"
U_02674,"Fashion, Electronics, Home"
U_02678,"Books, Home, Electronics"
U_02679,"Grocery, Home, Electronics"
U_02681,"Toys, Home, Electronics"
U_02682,"Sports, Home, Grocery"
U_02683,"Grocery, Toys, Home"
U_02685,"Grocery, Books, Toys"
U_02686,"Beauty, Grocery, Electronics"
U_02687,"Books, Home, Electronics"
U_02689,"Sports, Fashion, Books"
U_02690,"Books, Toys, Grocery"
U_02693,"Books, Home, Electronics"
U_02695,"Books, Toys, Grocery"
U_02699,"Sports, Home, Electronics"
U_02701,"Books, Home, Electronics"
U_02703,"Beauty, Electronics, Home"
U_02704,"Grocery, Home, Beauty"
U_02705,"Grocery, Home, Electronics"
U_02706,"Books, Toys, Grocery"
U_02707,"Fashion, Books, Home"
U_02708,"Books, Fashion, Home"
U_02710,"Sports, Home, Electronics"
U_02712,"Fashion, Home, Electronics"
U_02715,"Books, Sports, Toys"
U_02718,"Grocery, Home, Electronics"
U_02722,"Sports, Toys, Home"
U_02724,"Sports, Fashion, Home"
U_02725,"Grocery, Books, Toys"
U_02726,"Fashion, Toys, Home"
U_02728,"Fashion, Grocery, Home"
U_02734,"Grocery, Home, Electronics"
U_02737,"Toys, Home, Electronics"
U_02740,"Beauty, Electronics, Home"
U_02741,"Grocery, Home, Electronics"
U_02743,"Grocery, Home, Electronics"
U_02744,"Beauty, Electronics, Books"
U_02747,"Books, Toys, Grocery"
U_02748,"Beauty, Electronics, Home"
U_02749,"Fashion, Electronics, Home"
U_02753,"Beauty, Electronics, Home"
U_02756,"Books, Toys, Grocery"
U_02760,"Toys, Home, Electronics"
U_02762,"Beauty, Electronics, Home"
U_02763,"Grocery, Books, Toys"
U_02764,"Books, Home, Electronics"
U_02767,"Sports, Books, Home"
U_02768,"Grocery, Books, Toys"
U_02771,"Sports, Home, Books"
U_02772,"Beauty, Electronics, Home"
U_02773,"Fashion, Grocery, Home"
U_02775,"Grocery, Books, Toys"
U_02777,"Grocery, Home, Electronics"
U_02779,"Sports, Home, Electronics"
U_02780,"Books, Beauty, Fashion"
U_02781,"Fashion, Books, Home"
U_02782,"Books, Home, Electronics"
U_02783,"Sports, Fashion, Books"
U_02785,"Toys, Home, Electronics"
U_02787,"Toys, Books, Home"
U_02788,"Fashion, Books, Home"
U_02791,"Fashion, Electronics, Home"
U_02793,"Sports, Beauty, Toys"
U_02794,"Toys, Fashion, Home"
U_02798,"Fashion, Electronics, Home"
U_02799,"Books, Home, Electronics"
U_02801,"Beauty, Electronics, Home"
U_02804,"Sports, Home, Electronics"
U_02807,"Beauty, Electronics, Home"
U_02808,"Grocery, Home, Electronics"
U_02811,"Fashion, Electronics, Home"
U_02815,"Books, Toys, Grocery"
U_02817,"Toys, Home, Grocery"
U_02823,"Beauty, Electronics, Home"
U_02824,"Beauty, Books, Electronics"
U_02825,"Books, Sports, Grocery"
U_02827,"Beauty, Toys, Electronics"
U_02829,"Fashion, Beauty, Grocery"
U_02830,"Sports, Books, Grocery"
U_02831,"Grocery, Home, Electronics"
U_02832,"Books, Home, Electronics"
U_02835,"Toys, Home, Electronics"
U_02836,"Beauty, Grocery, Electronics"
U_02837,"Toys, Home, Electronics"
U_02838,"Toys, Home, Electronics"
U_02840,"Beauty, Fashion, Electronics"
U_02841,"Sports, Home, Electronics"
U_02842,"Books, Toys, Grocery"
U_02848,"Toys, Books, Home"
U_02849,"Toys, Home, Beauty"
U_02855,"Toys, Home, Electronics"
U_02857,"Toys, Home, Electronics"
U_02858,"Books, Toys, Grocery"
U_02860,"Sports, Beauty, Home"
U_02864,"Toys, Home, Electronics"
U_02865,"Sports, Home, Electronics"
U_02868,"Toys, Home, Electronics"
U_02869,"Beauty, Books, Electronics"
U_02870,"Books, Grocery, Home"
U_02871,"Grocery, Home, Electronics"
U_02873,"Sports, Grocery, Home"
U_02881,"Books, Toys, Home"
U_02886,"Books, Fashion, Home"
U_02887,"Fashion, Electronics, Home"
U_02889,"Fashion, Electronics, Home"
U_02890,"Books, Beauty, Electronics"
U_02892,"Grocery, Sports, Home"
U_02894,"Sports, Grocery, Home"
U_02895,"Fashion, Grocery, Home"
U_02900,"Books, Home, Grocery"
U_02903,"Books, Toys, Grocery"
U_02904,"Grocery, Books, Toys"
U_02905,"Fashion, Electronics, Home"
U_02907,"Grocery, Home, Electronics"
U_02909,"Sports, Grocery, Home"
U_02912,"Grocery, Books, Toys"
U_02913,"Grocery, Books, Toys"
U_02914,"Sports, Home, Electronics"
U_02915,"Books, Home, Electronics"
U_02916,"Sports, Home, Electronics"
U_02918,"Sports, Home, Grocery"
U_02919,"Sports, Home, Grocery"
U_02920,"Toys, Home, Electronics"
U_02921,"Toys, Home, Electronics"
U_02927,"Grocery, Books, Toys"
U_02928,"Sports, Home, Electronics"
U_02930,"Fashion, Electronics, Home"
U_02931,"Sports, Home, Electronics"
U_02932,"Books, Toys, Grocery"
U_02935,"Sports, Home, Electronics"
U_02938,"Beauty, Toys, Books"
U_02939,"Toys, Home, Electronics"
U_02940,"Toys, Grocery, Home"
U_02947,"Beauty, Electronics, Home"
U_02948,"Sports, Grocery, Home"
U_02950,"Books, Toys, Grocery"
U_02952,"Grocery, Toys, Home"
U_02955,"Beauty, Books, Electronics"
U_02959,"Beauty, Fashion, Electronics"
U_02960,"Books, Toys, Grocery"
U_02962,"Fashion, Beauty, Grocery"
U_02967,"Grocery, Home, Electronics"
U_02970,"Toys, Home, Electronics"
U_02972,"Sports, Home, Electronics"
U_02974,"Beauty, Electronics, Grocery"
U_02978,"Books, Toys, Grocery"
U_02979,"Books, Home, Electronics"
U_02980,"Toys, Sports, Home"
U_02983,"Sports, Home, Electronics"
U_02985,"Grocery, Home, Electronics"
U_02986,"Books, Fashion, Home"
U_02987,"Fashion, Electronics, Home"
U_02988,"Grocery, Books, Toys"
U_02990,"Beauty, Electronics, Home"
U_02992,"Grocery, Books, Toys"
U_02993,"Sports, Home, Electronics"
U_02995,"Grocery, Home, Electronics"
U_02996,"Books, Toys, Grocery"
U_03000,"Toys, Sports, Home"
U_03001,"Sports, Beauty, Home"
U_03003,"Sports, Beauty, Toys"
U_03005,"Grocery, Books, Toys"
U_03006,"Grocery, Books, Toys"
U_03008,"Beauty, Electronics, Home"
U_03010,"Books, Toys, Grocery"
U_03018,"Grocery, Home, Electronics"
U_03020,"Sports, Home, Electronics"
U_03022,"Sports, Home, Electronics"
U_03023,"Books, Home, Electronics"
U_03025,"Fashion, Electronics, Home"
U_03029,"Grocery, Home, Electronics"
U_03031,"Fashion, Electronics, Home"
U_03032,"Fashion, Electronics, Home"
U_03036,"Toys, Home, Sports"
U_03037,"Grocery, Books, Toys"
U_03038,"Books, Toys, Grocery"
U_03039,"Beauty, Electronics, Home"
U_03040,"Books, Toys, Grocery"
U_03041,"Grocery, Home, Electronics"
U_03043,"Grocery, Home, Electronics"
U_03045,"Books, Toys, Grocery"
U_03047,"Books, Toys, Grocery"
U_03049,"Fashion, Electronics, Home"
U_03050,"Books, Sports, Home"
U_03051,"Toys, Grocery, Home"
U_03053,"Grocery, Books, Toys"
U_03055,"Grocery, Fashion, Home"
U_03057,"Toys, Home, Electronics"
U_03058,"Fashion, Toys, Electronics"
U_03061,"Toys, Beauty, Home"
U_03065,"Grocery, Books, Toys"
U_03066,"Fashion, Electronics, Home"
U_03067,"Grocery, Home, Electronics"
U_03068,"Sports, Books, Home"
U_03069,"Toys, Home, Electronics"
U_03070,"Grocery, Books, Toys"
U_03071,"Books, Home, Electronics"
U_03075,"Fashion, Beauty, Toys"
U_03076,"Books, Toys, Grocery"
U_03078,"Books, Grocery, Home"
U_03080,"Toys, Home, Electronics"
U_03081,"Beauty, Electronics, Home"
U_03082,"Books, Toys, Grocery"
U_03084,"Fashion, Sports, Electronics"
U_03087,"Books, Home, Electronics"
U_03088,"Sports, Home, Electronics"
U_03089,"Books, Home, Electronics"
U_03090,"Toys, Home, Electronics"
U_03092,"Grocery, Fashion, Home"
U_03097,"Toys, Home, Electronics"
U_03099,"Sports, Fashion, Toys"
U_03100,"Fashion, Electronics, Home"
U_03102,"Toys, Home, Electronics"
U_03103,"Grocery, Toys, Home"
U_03104,"Books, Toys, Grocery"
U_03105,"Toys, Home, Electronics"
U_03107,"Fashion, Electronics, Home"
U_03109,"Books, Toys, Grocery"
U_03112,"Fashion, Electronics, Home"
U_03113,"Books, Beauty, Home"
U_03114,"Grocery, Home, Electronics"
U_03116,"Books, Toys, Grocery"
U_03117,"Beauty, Electronics, Home"
U_03120,"Sports, Books, Home"
U_03121,"Sports, Grocery, Home"
U_03122,"Toys, Grocery, Home"
U_03123,"Sports, Books, Home"
U_03124,"Books, Toys, Grocery"
U_03126,"Beauty, Electronics, Home"
U_03127,"Fashion, Grocery, Books"
U_03130,"Books, Sports, Home"
U_03134,"Grocery, Beauty, Toys"
U_03136,"Books, Home, Electronics"
U_03138,"Grocery, Books, Toys"
U_03139,"Sports, Beauty, Fashion"
U_03140,"Grocery, Home, Electronics"
U_03142,"Fashion, Electronics, Home"
U_03144,"Books, Home, Electronics"
U_03145,"Toys, Home, Electronics"
U_03147,"Grocery, Home, Electronics"
U_03151,"Fashion, Electronics, Home"
U_03153,"Books, Home, Electronics"
U_03154,"Toys, Home, Electronics"
U_03155,"Grocery, Books, Toys"
U_03158,"Grocery, Home, Electronics"
U_03159,"Sports, Home, Electronics"
U_03160,"Sports, Fashion, Home"
U_03162,"Grocery, Books, Toys"
U_03163,"Toys, Books, Home"
U_03164,"Grocery, Books, Toys"
U_03165,"Fashion, Electronics, Home"
U_03166,"Fashion, Electronics, Home"
U_03168,"Grocery, Home, Electronics"
U_03170,"Grocery, Books, Toys"
U_03171,"Grocery, Home, Books"
U_03172,"Grocery, Books, Toys"
U_03174,"Books, Toys, Grocery"
U_03176,"Books, Toys, Grocery"
U_03180,"Grocery, Home, Electronics"
U_03184,"Books, Grocery, Home"
U_03185,"Toys, Home, Electronics"
U_03186,"Books, Toys, Grocery"
U_03189,"Sports, Home, Electronics"
U_03193,"Toys, Home, Electronics"
U_03194,"Toys, Home, Electronics"
U_03195,"Beauty, Electronics, Home"
U_03196,"Books, Toys, Grocery"
U_03200,"Toys, Grocery, Home"
U_03203,"Toys, Beauty, Sports"
U_03204,"Toys, Home, Electronics"
U_03205,"Beauty, Toys, Electronics"
U_03206,"Books, Fashion, Home"
U_03207,"Books, Home, Electronics"
U_03208,"Toys, Home, Electronics"
U_03211,"Grocery, Home, Electronics"
U_03212,"Grocery, Home, Electronics"
U_03213,"Beauty, Electronics, Home"
U_03214,"Toys, Home, Electronics"
U_03219,"Fashion, Sports, Electronics"
U_03221,"Sports, Home, Electronics"
U_03224,"Grocery, Fashion, Home"
U_03225,"Sports, Fashion, Home"
U_03228,"Grocery, Books, Toys"
U_03231,"Sports, Home, Electronics"
U_03232,"Fashion, Electronics, Home"
U_03233,"Books, Home, Electronics"
U_03234,"Sports, Fashion, Home"
U_03235,"Fashion, Electronics, Home"
U_03238,"Sports, Fashion, Toys"
U_03240,"Grocery, Books, Toys"
U_03243,"Toys, Sports, Home"
U_03244,"Books, Toys, Grocery"
U_03249,"Sports, Home, Electronics"
U_03250,"Beauty, Fashion, Sports"
U_03256,"Beauty, Sports, Grocery"
U_03258,"Grocery, Home, Electronics"
U_03260,"Toys, Home, Electronics"
U_03261,"Books, Toys, Home"
U_03266,"Toys, Home, Electronics"
U_03267,"Books, Toys, Grocery"
U_03268,"Beauty, Electronics, Home"
U_03269,"Toys, Home, Electronics"
U_03270,"Fashion, Books, Home"
U_03272,"Toys, Home, Electronics"
U_03273,"Fashion, Grocery, Home"
U_03274,"Books, Home, Electronics"
U_03275,"Toys, Home, Electronics"
U_03277,"Books, Toys, Grocery"
U_03280,"Books, Toys, Grocery"
U_03282,"Grocery, Home, Electronics"
U_03283,"Grocery, Home, Electronics"
U_03284,"Toys, Fashion, Home"
U_03286,"Grocery, Home, Electronics"
U_03287,"Beauty, Electronics, Home"
U_03288,"Beauty, Books, Electronics"
U_03289,"Fashion, Electronics, Home"
U_03291,"Sports, Beauty, Home"
U_03297,"Grocery, Home, Electronics"
U_03300,"Fashion, Electronics, Home"
U_03301,"Beauty, Electronics, Home"
U_03304,"Books, Toys, Grocery"
U_03310,"Toys, Home, Electronics"
U_03311,"Books, Toys, Grocery"
U_03312,"Grocery, Home, Electronics"
U_03313,"Books, Home, Electronics"
U_03315,"Fashion, Electronics, Home"
U_03316,"Fashion, Electronics, Home"
U_03317,"Fashion, Electronics, Home"
U_03319,"Grocery, Books, Toys"
U_03322,"Fashion, Electronics, Home"
U_03324,"Grocery, Books, Toys"
U_03328,"Sports, Home, Electronics"
U_03329,"Grocery, Home, Electronics"
U_03331,"Fashion, Electronics, Home"
U_03332,"Sports, Beauty, Home"
U_03333,"Books, Toys, Grocery"
U_03334,"Books, Home, Electronics"
U_03335,"Books, Home, Electronics"
U_03336,"Sports, Home, Electronics"
U_03337,"Beauty, Grocery, Electronics"
U_03339,"Fashion, Toys, Home"
U_03340,"Grocery, Home, Electronics"
U_03342,"Books, Toys, Grocery"
U_03343,"Books, Home, Electronics"
U_03344,"Beauty, Books, Electronics"
U_03345,"Fashion, Toys, Electronics"
U_03346,"Books, Sports, Fashion"
U_03352,"Fashion, Grocery, Books"
U_03355,"Sports, Home, Electronics"
U_03356,"Grocery, Books, Toys"
U_03358,"Sports, Home, Electronics"
U_03359,"Toys, Home, Electronics"
U_03360,"Beauty, Electronics, Grocery"
U_03363,"Books, Home, Electronics"
U_03364,"Beauty, Electronics, Home"
U_03365,"Fashion, Toys, Books"
U_03366,"Books, Home, Electronics"
U_03367,"Sports, Beauty, Books"
U_03370,"Fashion, Electronics, Home"
U_03372,"Grocery, Books, Toys"
U_03373,"Fashion, Toys, Electronics"
U_03375,"Books, Toys, Grocery"
U_03376,"Sports, Fashion, Home"
U_03379,"Books, Home, Electronics"
U_03382,"Books, Home, Electronics"
U_03385,"Grocery, Fashion, Books"
U_03386,"Sports, Home, Electronics"
U_03388,"Books, Home, Electronics"
U_03389,"Beauty, Electronics, Home"
U_03394,"Books, Beauty, Home"
U_03395,"Fashion, Toys, Home"
U_03396,"Grocery, Home, Electronics"
U_03398,"Grocery, Home, Electronics"
U_03399,"Grocery, Books, Toys"
U_03400,"Beauty, Grocery, Electronics"
U_03401,"Books, Toys, Grocery"
U_03402,"Grocery, Home, Electronics"
U_03403,"Books, Toys, Grocery"
U_03404,"Toys, Home, Electronics"
U_03406,"Sports, Home, Electronics"
U_03410,"Beauty, Electronics, Home"
U_03412,"Grocery, Books, Toys"
U_03417,"Beauty, Sports, Electronics"
U_03419,"Grocery, Books, Toys"
U_03420,"Grocery, Home, Electronics"
U_03422,"Grocery, Home, Electronics"
U_03424,"Grocery, Books, Toys"
U_03425,"Books, Grocery, Home"
U_03427,"Books, Home, Electronics"
U_03428,"Grocery, Home, Electronics"
U_03429,"Fashion, Sports, Grocery"
U_03432,"Grocery, Home, Electronics"
U_03433,"Grocery, Books, Toys"
U_03434,"Beauty, Grocery, Electronics"
U_03436,"Sports, Fashion, Grocery"
U_03438,"Grocery, Books, Toys"
U_03444,"Toys, Books, Home"
U_03446,"Books, Toys, Home"
U_03447,"Books, Toys, Grocery"
U_03448,"Sports, Home, Electronics"
U_03449,"Fashion, Electronics, Home"
U_03450,"Beauty, Fashion, Electronics"
U_03451,"Beauty, Electronics, Home"
U_03452,"Sports, Home, Grocery"
U_03453,"Books, Toys, Grocery"
U_03457,"Books, Home, Electronics"
U_03463,"Sports, Books, Home"
U_03464,"Fashion, Electronics, Home"
U_03468,"Toys, Home, Electronics"
U_03469,"Books, Home, Electronics"
U_03471,"Sports, Fashion, Home"
U_03473,"Beauty, Electronics, Home"
U_03474,"Fashion, Electronics, Home"
U_03475,"Fashion, Electronics, Home"
U_03476,"Sports, Toys, Books"
U_03477,"Grocery, Home, Electronics"
U_03478,"Books, Sports, Home"
U_03479,"Beauty, Electronics, Home"
U_03481,"Sports, Toys, Home"
U_03482,"Books, Home, Electronics"
U_03484,"Sports, Fashion, Home"
U_03487,"Toys, Sports, Home"
U_03488,"Toys, Home, Electronics"
U_03490,"Toys, Home, Electronics"
U_03492,"Toys, Sports, Home"
U_03495,"Toys, Home, Electronics"
U_03496,"Fashion, Books, Grocery"
U_03497,"Grocery, Home, Electronics"
U_03498,"Sports, Home, Electronics"
U_03499,"Sports, Home, Electronics"
U_03501,"Books, Home, Electronics"
U_03504,"Books, Toys, Grocery"
U_03510,"Beauty, Grocery, Electronics"
U_03511,"Books, Toys, Grocery"
U_03513,"Toys, Beauty, Home"
U_03516,"Grocery, Fashion, Home"
U_03517,"Sports, Home, Electronics"
U_03518,"Toys, Home, Electronics"
U_03519,"Fashion, Electronics, Home"
U_03520,"Books, Home, Electronics"
U_03523,"Beauty, Books, Electronics"
U_03524,"Sports, Home, Electronics"
U_03525,"Grocery, Beauty, Books"
U_03526,"Grocery, Books, Home"
U_03530,"Beauty, Electronics, Home"
U_03531,"Sports, Toys, Home"
U_03533,"Beauty, Electronics, Books"
U_03535,"Toys, Home, Electronics"
U_03536,"Sports, Fashion, Home"
U_03538,"Grocery, Home, Electronics"
U_03540,"Grocery, Home, Electronics"
U_03543,"Books, Home, Electronics"
U_03545,"Beauty, Electronics, Home"
U_03547,"Grocery, Home, Toys"
U_03548,"Grocery, Books, Toys"
U_03550,"Books, Toys, Grocery"
U_03551,"Grocery, Books, Toys"
U_03553,"Beauty, Electronics, Home"
U_03554,"Beauty, Electronics, Home"
U_03559,"Beauty, Grocery, Electronics"
U_03561,"Sports, Home, Electronics"
U_03565,"Books, Beauty, Home"
U_03568,"Beauty, Electronics, Home"
U_03571,"Fashion, Electronics, Home"
U_03572,"Grocery, Beauty, Fashion"
U_03573,"Toys, Home, Electronics"
U_03577,"Toys, Home, Electronics"
U_03581,"Grocery, Home, Electronics"
U_03583,"Beauty, Electronics, Home"
U_03584,"Grocery, Books, Toys"
U_03587,"Grocery, Books, Toys"
U_03588,"Grocery, Home, Electronics"
U_03591,"Beauty, Toys, Electronics"
U_03592,"Books, Toys, Beauty"
U_03594,"Books, Toys, Grocery"
U_03595,"Sports, Books, Home"
U_03596,"Beauty, Electronics, Home"
U_03597,"Fashion, Sports, Electronics"
U_03602,"Toys, Beauty, Electronics"
U_03603,"Books, Home, Electronics"
U_03608,"Fashion, Books, Home"
U_03610,"Sports, Toys, Home"
U_03611,"Grocery, Sports, Home"
U_03614,"Beauty, Electronics, Home"
U_03615,"Beauty, Electronics, Home"
U_03618,"Beauty, Electronics, Home"
U_03619,"Fashion, Books, Home"
U_03622,"Fashion, Electronics, Home"
U_03624,"Beauty, Books, Grocery"
U_03629,"Grocery, Home, Toys"
U_03630,"Books, Toys, Grocery"
U_03631,"Books, Grocery, Home"
U_03632,"Fashion, Toys, Home"
U_03635,"Books, Home, Electronics"
U_03636,"Sports, Toys, Home"
U_03639,"Books, Home, Electronics"
U_03641,"Sports, Fashion, Toys"
U_03643,"Toys, Beauty, Fashion"
U_03646,"Grocery, Home, Electronics"
U_03647,"Books, Home, Electronics"
U_03648,"Grocery, Home, Electronics"
U_03650,"Grocery, Home, Electronics"
U_03652,"Beauty, Toys, Sports"
U_03654,"Fashion, Grocery, Home"
U_03660,"Fashion, Toys, Books"
U_03661,"Beauty, Electronics, Home"
U_03662,"Sports, Home, Electronics"
U_03663,"Sports, Home, Electronics"
U_03669,"Sports, Home, Electronics"
U_03672,"Toys, Sports, Home"
U_03673,"Grocery, Sports, Home"
U_03674,"Fashion, Books, Home"
U_03675,"Toys, Books, Home"
U_03680,"Beauty, Electronics, Home"
U_03682,"Beauty, Sports, Grocery"
U_03686,"Grocery, Home, Electronics"
U_03687,"Toys, Home, Electronics"
U_03693,"Sports, Fashion, Toys"
U_03694,"Grocery, Toys, Home"
U_03695,"Grocery, Home, Electronics"
U_03696,"Toys, Home, Electronics"
U_03697,"Sports, Home, Electronics"
U_03698,"Toys, Books, Home"
U_03699,"Sports, Grocery, Home"
U_03701,"Sports, Home, Electronics"
U_03703,"Beauty, Fashion, Toys"
U_03704,"Books, Home, Electronics"
U_03707,"Beauty, Fashion, Books"
U_03708,"Fashion, Electronics, Home"
U_03709,"Books, Toys, Grocery"
U_03711,"Grocery, Books, Toys"
U_03716,"Beauty, Books, Electronics"
U_03717,"Fashion, Grocery, Home"
U_03719,"Grocery, Home, Electronics"
U_03722,"Sports, Home, Electronics"
U_03724,"Sports, Toys, Home"
U_03725,"Grocery, Home, Electronics"
U_03726,"Beauty, Toys, Electronics"
U_03727,"Sports, Home, Electronics"
U_03728,"Grocery, Home, Electronics"
U_03729,"Beauty, Electronics, Home"
U_03733,"Toys, Home, Electronics"
U_03734,"Fashion, Electronics, Home"
U_03737,"Sports, Home, Electronics"
U_03738,"Grocery, Home, Sports"
U_03739,"Grocery, Sports, Home"
U_03740,"Beauty, Grocery, Home"
U_03744,"Books, Home, Electronics"
U_03745,"Beauty, Electronics, Home"
U_03748,"Beauty, Electronics, Home"
U_03750,"Fashion, Grocery, Home"
U_03751,"Grocery, Home, Electronics"
U_03752,"Beauty, Sports, Electronics"
U_03753,"Grocery, Books, Toys"
U_03754,"Books, Home, Electronics"
U_03755,"Sports, Home, Electronics"
U_03757,"Toys, Home, Electronics"
U_03758,"Toys, Home, Electronics"
U_03760,"Beauty, Books, Toys"
U_03762,"Fashion, Electronics, Home"
U_03763,"Books, Home, Electronics"
U_03764,"Toys, Fashion, Home"
U_03765,"Sports, Home, Electronics"
U_03766,"Grocery, Home, Electronics"
U_03767,"Sports, Home, Electronics"
U_03768,"Sports, Home, Electronics"
U_03772,"Sports, Home, Electronics"
U_03774,"Beauty, Electronics, Home"
U_03777,"Beauty, Electronics, Home"
U_03780,"Grocery, Books, Toys"
U_03781,"Grocery, Home, Electronics"
U_03782,"Grocery, Home, Electronics"
U_03785,"Fashion, Beauty, Electronics"
U_03787,"Beauty, Electronics, Home"
U_03788,"Grocery, Home, Electronics"
U_03790,"Sports, Home, Electronics"
U_03791,"Toys, Home, Electronics"
U_03792,"Books, Home, Electronics"
U_03794,"Grocery, Books, Toys"
U_03795,"Books, Home, Electronics"
U_03796,"Fashion, Electronics, Home"
U_03799,"Grocery, Home, Electronics"
U_03801,"Sports, Toys, Home"
U_03802,"Toys, Home, Electronics"
U_03804,"Beauty, Electronics, Home"
U_03806,"Grocery, Home, Beauty"
U_03807,"Toys, Home, Electronics"
U_03808,"Fashion, Beauty, Electronics"
U_03809,"Toys, Home, Electronics"
U_03810,"Grocery, Books, Toys"
U_03811,"Grocery, Home, Electronics"
U_03813,"Grocery, Home, Electronics"
U_03814,"Sports, Home, Electronics"
U_03815,"Grocery, Home, Electronics"
U_03816,"Toys, Home, Electronics"
U_03819,"Sports, Home, Books"
U_03821,"Grocery, Home, Electronics"
U_03822,"Beauty, Electronics, Home"
U_03824,"Books, Home, Electronics"
U_03826,"Fashion, Electronics, Home"
U_03828,"Grocery, Sports, Books"
U_03829,"Sports, Home, Grocery"
U_03830,"Beauty, Toys, Electronics"
U_03833,"Toys, Home, Electronics"
U_03836,"Books, Sports, Home"
U_03837,"Books, Toys, Home"
U_03838,"Fashion, Electronics, Home"
U_03839,"Sports, Grocery, Books"
U_03840,"Grocery, Books, Toys"
U_03842,"Grocery, Books, Toys"
U_03843,"Toys, Home, Electronics"
U_03844,"Beauty, Sports, Electronics"
U_03845,"Beauty, Grocery, Electronics"
U_03851,"Toys, Home, Grocery"
U_03859,"Toys, Sports, Home"
U_03864,"Fashion, Beauty, Electronics"
U_03866,"Books, Home, Electronics"
U_03867,"Fashion, Toys, Electronics"
U_03869,"Fashion, Electronics, Home"
U_03870,"Sports, Books, Home"
U_03872,"Sports, Grocery, Books"
U_03875,"Toys, Home, Grocery"
U_03876,"Beauty, Books, Toys"
U_03877,"Fashion, Electronics, Home"
U_03879,"Fashion, Sports, Grocery"
U_03882,"Books, Toys, Grocery"
U_03885,"Fashion, Toys, Books"
U_03886,"Beauty, Electronics, Home"
U_03890,"Books, Home, Electronics"
U_03891,"Beauty, Grocery, Sports"
U_03892,"Books, Toys, Grocery"
U_03895,"Books, Toys, Grocery"
U_03898,"Beauty, Fashion, Books"
U_03900,"Grocery, Books, Toys"
U_03902,"Books, Toys, Grocery"
U_03903,"Grocery, Beauty, Home"
U_03905,"Sports, Grocery, Home"
U_03907,"Beauty, Electronics, Home"
U_03910,"Sports, Home, Electronics"
U_03911,"Fashion, Grocery, Home"
U_03912,"Sports, Books, Grocery"
U_03913,"Books, Beauty, Home"
U_03916,"Sports, Home, Electronics"
U_03917,"Books, Home, Grocery"
U_03918,"Sports, Home, Electronics"
U_03920,"Books, Home, Electronics"
U_03922,"Books, Toys, Grocery"
U_03923,"Toys, Home, Electronics"
U_03926,"Grocery, Home, Electronics"
U_03928,"Grocery, Books, Toys"
U_03930,"Books, Toys, Grocery"
U_03933,"Books, Home, Electronics"
U_03934,"Books, Beauty, Sports"
U_03936,"Grocery, Books, Toys"
U_03937,"Fashion, Electronics, Home"
U_03938,"Fashion, Toys, Beauty"
U_03940,"Books, Home, Electronics"
U_03941,"Grocery, Home, Electronics"
U_03943,"Grocery, Home, Electronics"
U_03944,"Beauty, Grocery, Books"
U_03945,"Fashion, Grocery, Books"
U_03946,"Grocery, Books, Toys"
U_03947,"Sports, Fashion, Home"
U_03948,"Grocery, Home, Electronics"
U_03949,"Grocery, Toys, Home"
U_03950,"Fashion, Grocery, Home"
U_03951,"Beauty, Electronics, Home"
U_03954,"Books, Sports, Home"
U_03957,"Beauty, Electronics, Home"
U_03958,"Books, Toys, Grocery"
U_03959,"Fashion, Beauty, Electronics"
U_03961,"Grocery, Home, Electronics"
U_03963,"Fashion, Toys, Electronics"
U_03964,"Grocery, Books, Toys"
U_03965,"Sports, Home, Electronics"
U_03967,"Sports, Home, Grocery"
U_03969,"Grocery, Books, Toys"
U_03973,"Grocery, Fashion, Beauty"
U_03974,"Books, Toys, Grocery"
U_03975,"Grocery, Home, Electronics"
U_03977,"Sports, Home, Electronics"
U_03982,"Beauty, Electronics, Home"
U_03983,"Books, Toys, Grocery"
U_03984,"Toys, Home, Electronics"
U_03985,"Sports, Grocery, Home"
U_03990,"Books, Toys, Grocery"
U_03991,"Beauty, Electronics, Home"
U_03993,"Books, Home, Electronics"
U_03997,"Fashion, Electronics, Home"
U_04000,"Grocery, Home, Electronics"
U_04003,"Toys, Home, Electronics"
U_04004,"Grocery, Home, Electronics"
U_04005,"Fashion, Electronics, Home"
U_04006,"Grocery, Home, Electronics"
U_04009,"Sports, Toys, Home"
U_04012,"Grocery, Books, Toys"
U_04013,"Sports, Home, Electronics"
U_04014,"Grocery, Home, Electronics"
U_04017,"Fashion, Electronics, Home"
U_04021,"Beauty, Electronics, Home"
U_04023,"Fashion, Electronics, Home"
U_04024,"Books, Home, Electronics"
U_04025,"Toys, Home, Electronics"
U_04027,"Books, Toys, Grocery"
U_04030,"Books, Toys, Grocery"
U_04032,"Sports, Home, Electronics"
U_04036,"Grocery, Books, Toys"
U_04037,"Beauty, Grocery, Electronics"
U_04040,"Grocery, Home, Electronics"
U_04041,"Grocery, Books, Toys"
U_04042,"Books, Home, Electronics"
U_04043,"Books, Toys, Grocery"
U_04044,"Books, Toys, Grocery"
U_04045,"Beauty, Electronics, Home"
U_04046,"Grocery, Home, Electronics"
U_04047,"Grocery, Books, Toys"
U_04050,"Grocery, Books, Toys"
U_04051,"Toys, Books, Home"
U_04052,"Beauty, Sports, Grocery"
U_04053,"Sports, Home, Electronics"
U_04054,"Books, Grocery, Home"
U_04055,"Toys, Home, Electronics"
U_04056,"Fashion, Grocery, Home"
U_04057,"Beauty, Electronics, Home"
U_04058,"Beauty, Electronics, Home"
U_04060,"Toys, Beauty, Fashion"
U_04061,"Fashion, Electronics, Home"
U_04062,"Sports, Fashion, Home"
U_04063,"Books, Toys, Grocery"
U_04064,"Grocery, Home, Electronics"
U_04065,"Grocery, Books, Toys"
U_04066,"Grocery, Home, Electronics"
U_04069,"Sports, Beauty, Grocery"
U_04071,"Books, Sports, Home"
U_04072,"Grocery, Home, Electronics"
U_04076,"Toys, Beauty, Home"
U_04078,"Sports, Home, Electronics"
U_04079,"Fashion, Books, Electronics"
U_04080,"Sports, Grocery, Home"
U_04081,"Toys, Home, Electronics"
U_04083,"Beauty, Toys, Electronics"
U_04084,"Sports, Home, Electronics"
U_04087,"Sports, Home, Books"
U_04088,"Sports, Toys, Home"
U_04089,"Toys, Grocery, Books"
U_04091,"Grocery, Books, Toys"
U_04093,"Sports, Home, Electronics"
U_04094,"Toys, Home, Electronics"
U_04095,"Grocery, Home, Electronics"
U_04097,"Grocery, Home, Electronics"
U_04098,"Sports, Fashion, Home"
U_04099,"Fashion, Electronics, Home"
U_04100,"Toys, Home, Electronics"
U_04101,"Sports, Home, Electronics"
U_04102,"Books, Home, Electronics"
U_04104,"Books, Home, Electronics"
U_04106,"Fashion, Books, Home"
U_04108,"Books, Home, Electronics"
U_04109,"Beauty, Electronics, Home"
U_04112,"Beauty, Fashion, Grocery"
U_04113,"Fashion, Books, Electronics"
U_04114,"Fashion, Electronics, Home"
U_04115,"Toys, Sports, Home"
U_04117,"Toys, Home, Electronics"
U_04118,"Grocery, Home, Electronics"
U_04121,"Beauty, Electronics, Home"
U_04124,"Fashion, Books, Home"
U_04126,"Books, Toys, Grocery"
U_04128,"Grocery, Books, Toys"
U_04129,"Grocery, Books, Toys"
U_04130,"Fashion, Beauty, Books"
U_04131,"Sports, Books, Home"
U_04133,"Beauty, Toys, Electronics"
U_04137,"Grocery, Books, Toys"
U_04141,"Books, Sports, Home"
U_04144,"Beauty, Books, Toys"
U_04148,"Toys, Books, Home"
U_04149,"Beauty, Electronics, Home"
U_04150,"Toys, Home, Electronics"
U_04151,"Books, Toys, Grocery"
U_04152,"Fashion, Electronics, Home"
U_04153,"Fashion, Grocery, Books"
U_04154,"Beauty, Electronics, Home"
U_04156,"Grocery, Home, Electronics"
U_04157,"Sports, Books, Home"
U_04158,"Toys, Home, Electronics"
U_04161,"Toys, Home, Electronics"
U_04164,"Fashion, Electronics, Home"
U_04165,"Grocery, Sports, Home"
U_04169,"Books, Home, Electronics"
U_04171,"Sports, Home, Electronics"
U_04172,"Sports, Home, Grocery"
U_04174,"Books, Home, Electronics"
U_04175,"Books, Toys, Grocery"
U_04176,"Fashion, Grocery, Home"
U_04177,"Grocery, Sports, Home"
U_04178,"Grocery, Books, Toys"
U_04182,"Fashion, Electronics, Home"
U_04187,"Fashion, Electronics, Home"
U_04190,"Beauty, Fashion, Electronics"
U_04191,"Fashion, Electronics, Home"
U_04192,"Fashion, Grocery, Books"
U_04193,"Grocery, Home, Electronics"
U_04195,"Fashion, Toys, Home"
U_04196,"Beauty, Fashion, Electronics"
U_04197,"Grocery, Home, Beauty"
U_04202,"Beauty, Electronics, Home"
U_04203,"Books, Home, Electronics"
U_04204,"Books, Home, Electronics"
U_04205,"Toys, Home, Electronics"
U_04209,"Grocery, Home, Beauty"
U_04210,"Grocery, Home, Electronics"
U_04211,"Sports, Beauty, Books"
U_04212,"Beauty, Electronics, Books"
U_04214,"Beauty, Electronics, Home"
U_04215,"Grocery, Home, Electronics"
U_04216,"Books, Home, Electronics"
U_04217,"Beauty, Electronics, Home"
U_04218,"Books, Home, Electronics"
U_04219,"Books, Grocery, Home"
U_04220,"Sports, Home, Grocery"
U_04222,"Books, Toys, Grocery"
U_04224,"Fashion, Electronics, Home"
U_04227,"Fashion, Electronics, Home"
U_04228,"Fashion, Electronics, Home"
U_04229,"Fashion, Electronics, Home"
U_04232,"Sports, Beauty, Home"
U_04233,"Toys, Home, Electronics"
U_04234,"Toys, Home, Electronics"
U_04239,"Fashion, Beauty, Books"
U_04242,"Grocery, Books, Toys"
U_04244,"Books, Home, Electronics"
U_04245,"Toys, Home, Electronics"
U_04248,"Books, Toys, Grocery"
U_04253,"Books, Home, Electronics"
U_04257,"Beauty, Electronics, Home"
U_04260,"Toys, Home, Electronics"
U_04261,"Fashion, Books, Home"
U_04265,"Sports, Fashion, Home"
U_04267,"Books, Toys, Grocery"
U_04270,"Books, Toys, Grocery"
U_04271,"Books, Sports, Fashion"
U_04272,"Books, Home, Electronics"
U_04273,"Grocery, Home, Electronics"
U_04274,"Fashion, Grocery, Home"
U_04275,"Sports, Fashion, Toys"
U_04277,"Sports, Home, Electronics"
U_04278,"Grocery, Home, Electronics"
U_04280,"Fashion, Books, Grocery"
U_04282,"Sports, Home, Electronics"
U_04284,"Fashion, Sports, Grocery"
U_04286,"Beauty, Electronics, Home"
U_04289,"Grocery, Books, Toys"
U_04295,"Beauty, Electronics, Books"
U_04296,"Grocery, Books, Toys"
U_04297,"Sports, Home, Electronics"
U_04298,"Books, Toys, Grocery"
U_04299,"Sports, Home, Electronics"
U_04303,"Fashion, Toys, Home"
U_04305,"Sports, Toys, Home"
U_04308,"Grocery, Books, Toys"
U_04309,"Toys, Home, Electronics"
U_04310,"Grocery, Home, Electronics"
U_04312,"Books, Grocery, Home"
U_04314,"Sports, Toys, Home"
U_04316,"Grocery, Books, Toys"
U_04317,"Toys, Home, Electronics"
U_04319,"Toys, Home, Electronics"
U_04320,"Grocery, Books, Toys"
U_04322,"Toys, Home, Grocery"
U_04324,"Books, Home, Electronics"
U_04326,"Sports, Home, Electronics"
U_04327,"Fashion, Electronics, Home"
U_04328,"Beauty, Toys, Electronics"
U_04329,"Sports, Home, Grocery"
U_04330,"Toys, Home, Electronics"
U_04335,"Sports, Home, Electronics"
U_04337,"Books, Home, Electronics"
U_04339,"Toys, Fashion, Home"
U_04341,"Beauty, Books, Electronics"
U_04342,"Books, Toys, Grocery"
U_04344,"Books, Toys, Grocery"
U_04346,"Fashion, Electronics, Home"
U_04347,"Grocery, Home, Electronics"
U_04348,"Books, Toys, Grocery"
U_04349,"Books, Home, Electronics"
U_04352,"Fashion, Electronics, Home"
U_04353,"Grocery, Books, Toys"
U_04354,"Grocery, Beauty, Home"
U_04355,"Sports, Home, Electronics"
U_04358,"Books, Toys, Grocery"
U_04360,"Toys, Sports, Home"
U_04362,"Beauty, Electronics, Home"
U_04363,"Books, Toys, Grocery"
U_04365,"Toys, Books, Home"
U_04366,"Toys, Home, Electronics"
U_04367,"Books, Grocery, Home"
U_04369,"Sports, Fashion, Home"
U_04370,"Fashion, Electronics, Home"
U_04372,"Grocery, Toys, Fashion"
U_04373,"Toys, Home, Electronics"
U_04374,"Toys, Home, Electronics"
U_04376,"Books, Grocery, Home"
U_04379,"Beauty, Grocery, Books"
U_04383,"Books, Sports, Home"
U_04384,"Sports, Home, Electronics"
U_04390,"Sports, Beauty, Toys"
U_04391,"Books, Beauty, Toys"
U_04397,"Fashion, Electronics, Home"
U_04398,"Sports, Home, Electronics"
U_04399,"Sports, Grocery, Home"
U_04403,"Grocery, Home, Electronics"
U_04404,"Toys, Grocery, Sports"
U_04406,"Sports, Fashion, Home"
U_04407,"Toys, Home, Electronics"
U_04412,"Fashion, Electronics, Home"
U_04414,"Grocery, Fashion, Home"
U_04415,"Fashion, Books, Home"
U_04416,"Fashion, Electronics, Home"
U_04418,"Toys, Home, Electronics"
U_04420,"Beauty, Sports, Electronics"
U_04422,"Beauty, Electronics, Home"
U_04423,"Beauty, Sports, Fashion"
U_04424,"Books, Home, Electronics"
U_04429,"Fashion, Electronics, Home"
U_04430,"Toys, Home, Electronics"
U_04431,"Toys, Fashion, Home"
U_04434,"Beauty, Grocery, Electronics"
U_04437,"Beauty, Toys, Electronics"
U_04438,"Grocery, Home, Electronics"
U_04439,"Grocery, Books, Home"
U_04441,"Toys, Sports, Home"
U_04442,"Grocery, Sports, Toys"
U_04446,"Fashion, Books, Sports"
U_04447,"Fashion, Grocery, Home"
U_04450,"Beauty, Sports, Electronics"
U_04451,"Beauty, Toys, Grocery"
U_04452,"Books, Toys, Grocery"
U_04453,"Toys, Home, Electronics"
U_04454,"Grocery, Home, Electronics"
U_04456,"Toys, Home, Electronics"
U_04458,"Beauty, Electronics, Home"
U_04459,"Grocery, Home, Beauty"
U_04460,"Grocery, Books, Toys"
U_04462,"Sports, Books, Home"
U_04464,"Toys, Home, Electronics"
U_04467,"Toys, Sports, Home"
U_04468,"Grocery, Books, Toys"
U_04469,"Toys, Home, Electronics"
U_04472,"Sports, Fashion, Grocery"
U_04473,"Grocery, Books, Toys"
U_04476,"Grocery, Books, Toys"
U_04477,"Books, Toys, Grocery"
U_04478,"Toys, Home, Electronics"
U_04479,"Grocery, Home, Electronics"
U_04480,"Fashion, Toys, Electronics"
U_04482,"Grocery, Toys, Home"
U_04484,"Toys, Home, Electronics"
U_04486,"Books, Fashion, Home"
U_04487,"Toys, Home, Grocery"
U_04488,"Sports, Home, Electronics"
U_04490,"Beauty, Electronics, Home"
U_04497,"Books, Toys, Grocery"
U_04498,"Beauty, Toys, Fashion"
U_04499,"Toys, Beauty, Home"
U_04500,"Grocery, Books, Toys"
U_04502,"Grocery, Books, Toys"
U_04507,"Beauty, Electronics, Books"
U_04509,"Fashion, Electronics, Home"
U_04512,"Books, Beauty, Home"
U_04518,"Toys, Home, Electronics"
U_04520,"Beauty, Sports, Electronics"
U_04522,"Sports, Beauty, Toys"
U_04524,"Books, Beauty, Electronics"
U_04525,"Toys, Books, Fashion"
U_04527,"Toys, Home, Electronics"
U_04529,"Grocery, Home, Electronics"
U_04530,"Books, Sports, Home"
U_04533,"Toys, Home, Electronics"
U_04536,"Fashion, Electronics, Home"
U_04537,"Fashion, Books, Electronics"
U_04538,"Beauty, Electronics, Home"
U_04540,"Grocery, Beauty, Sports"
U_04542,"Books, Home, Electronics"
U_04543,"Toys, Home, Electronics"
U_04546,"Beauty, Electronics, Home"
U_04547,"Fashion, Electronics, Home"
U_04554,"Books, Toys, Grocery"
U_04556,"Sports, Home, Electronics"
U_04558,"Fashion, Sports, Electronics"
U_04560,"Books, Home, Electronics"
U_04565,"Books, Toys, Home"
U_04566,"Grocery, Sports, Beauty"
U_04567,"Fashion, Electronics, Home"
U_04568,"Beauty, Grocery, Electronics"
U_04569,"Fashion, Electronics, Home"
U_04571,"Sports, Toys, Home"
U_04572,"Fashion, Electronics, Home"
U_04573,"Fashion, Toys, Books"
U_04575,"Grocery, Home, Electronics"
U_04577,"Books, Toys, Grocery"
U_04578,"Fashion, Electronics, Home"
U_04581,"Books, Toys, Grocery"
U_04583,"Sports, Toys, Books"
U_04584,"Fashion, Beauty, Electronics"
U_04587,"Beauty, Electronics, Books"
U_04590,"Books, Home, Electronics"
U_04591,"Grocery, Books, Toys"
U_04592,"Grocery, Home, Books"
U_04593,"Fashion, Books, Home"
U_04594,"Toys, Home, Electronics"
U_04595,"Beauty, Electronics, Home"
U_04599,"Books, Fashion, Home"
U_04605,"Toys, Home, Electronics"
U_04607,"Sports, Toys, Home"
U_04612,"Grocery, Fashion, Home"
U_04614,"Books, Home, Electronics"
U_04615,"Fashion, Electronics, Home"
U_04616,"Books, Fashion, Home"
U_04618,"Sports, Home, Books"
U_04622,"Books, Home, Electronics"
U_04623,"Grocery, Books, Toys"
U_04625,"Grocery, Beauty, Home"
U_04627,"Fashion, Books, Toys"
U_04629,"Toys, Home, Electronics"
U_04631,"Grocery, Books, Home"
U_04632,"Sports, Home, Electronics"
U_04633,"Fashion, Electronics, Home"
U_04634,"Grocery, Home, Electronics"
U_04636,"Grocery, Books, Toys"
U_04637,"Beauty, Sports, Books"
U_04641,"Sports, Home, Electronics"
U_04646,"Beauty, Grocery, Home"
U_04649,"Books, Home, Electronics"
U_04651,"Toys, Fashion, Home"
U_04652,"Books, Home, Electronics"
U_04653,"Grocery, Sports, Toys"
U_04654,"Sports, Books, Home"
U_04658,"Beauty, Electronics, Home"
U_04659,"Beauty, Electronics, Home"
U_04661,"Toys, Home, Electronics"
U_04662,"Sports, Home, Electronics"
U_04667,"Fashion, Electronics, Home"
U_04668,"Fashion, Electronics, Home"
U_04669,"Beauty, Electronics, Home"
U_04673,"Sports, Beauty, Home"
U_04675,"Books, Home, Electronics"
U_04677,"Beauty, Books, Grocery"
U_04679,"Sports, Home, Fashion"
U_04680,"Beauty, Electronics, Home"
U_04683,"Grocery, Home, Electronics"
U_04689,"Grocery, Home, Electronics"
U_04691,"Grocery, Books, Toys"
U_04692,"Sports, Home, Electronics"
U_04693,"Fashion, Electronics, Home"
U_04694,"Beauty, Electronics, Home"
U_04695,"Grocery, Home, Books"
U_04696,"Beauty, Sports, Electronics"
U_04697,"Fashion, Electronics, Home"
U_04702,"Beauty, Fashion, Electronics"
U_04704,"Books, Home, Electronics"
U_04706,"Fashion, Electronics, Home"
U_04707,"Books, Toys, Grocery"
U_04709,"Grocery, Home, Electronics"
U_04710,"Books, Home, Electronics"
U_04716,"Beauty, Electronics, Home"
U_04718,"Sports, Home, Electronics"
U_04720,"Sports, Home, Electronics"
U_04721,"Fashion, Electronics, Home"
U_04723,"Grocery, Books, Toys"
U_04724,"Beauty, Books, Electronics"
U_04728,"Grocery, Books, Toys"
U_04730,"Books, Home, Electronics"
U_04731,"Fashion, Beauty, Electronics"
U_04733,"Grocery, Home, Electronics"
U_04734,"Fashion, Sports, Home"
U_04736,"Sports, Fashion, Home"
U_04739,"Grocery, Books, Home"
U_04741,"Fashion, Grocery, Books"
U_04743,"Beauty, Electronics, Home"
U_04745,"Beauty, Books, Grocery"
U_04747,"Fashion, Toys, Sports"
U_04755,"Toys, Home, Electronics"
U_04756,"Beauty, Electronics, Home"
U_04757,"Fashion, Books, Electronics"
U_04760,"Sports, Home, Grocery"
U_04763,"Beauty, Electronics, Home"
U_04765,"Toys, Home, Electronics"
U_04767,"Toys, Grocery, Home"
U_04772,"Fashion, Electronics, Home"
U_04774,"Fashion, Electronics, Home"
U_04776,"Sports, Toys, Home"
U_04777,"Fashion, Beauty, Grocery"
U_04779,"Sports, Home, Electronics"
U_04785,"Grocery, Home, Electronics"
U_04786,"Beauty, Electronics, Home"
U_04789,"Grocery, Home, Electronics"
U_04790,"Fashion, Grocery, Home"
U_04791,"Books, Home, Electronics"
U_04793,"Sports, Fashion, Home"
U_04795,"Fashion, Home, Electronics"
U_04796,"Sports, Home, Electronics"
U_04797,"Fashion, Electronics, Home"
U_04799,"Toys, Home, Electronics"
U_04802,"Grocery, Home, Fashion"
U_04804,"Beauty, Electronics, Home"
U_04805,"Beauty, Electronics, Home"
U_04806,"Beauty, Electronics, Home"
U_04812,"Beauty, Fashion, Electronics"
U_04814,"Toys, Home, Electronics"
U_04817,"Grocery, Books, Toys"
U_04818,"Fashion, Books, Home"
U_04819,"Books, Toys, Grocery"
U_04820,"Toys, Sports, Books"
U_04822,"Sports, Toys, Books"
U_04823,"Beauty, Electronics, Home"
U_04824,"Fashion, Electronics, Home"
U_04825,"Fashion, Electronics, Home"
U_04826,"Sports, Home, Electronics"
U_04828,"Sports, Home, Electronics"
U_04830,"Books, Toys, Grocery"
U_04832,"Fashion, Books, Electronics"
U_04833,"Toys, Grocery, Home"
U_04836,"Grocery, Home, Electronics"
U_04839,"Books, Toys, Grocery"
U_04841,"Fashion, Electronics, Home"
U_04846,"Grocery, Books, Toys"
U_04847,"Beauty, Electronics, Home"
U_04848,"Toys, Beauty, Sports"
U_04849,"Sports, Books, Grocery"
U_04852,"Sports, Books, Home"
U_04855,"Grocery, Home, Books"
U_04857,"Sports, Home, Electronics"
U_04860,"Books, Toys, Grocery"
U_04861,"Sports, Books, Home"
U_04864,"Toys, Home, Electronics"
U_04865,"Sports, Home, Electronics"
U_04866,"Toys, Fashion, Home"
U_04867,"Grocery, Home, Electronics"
U_04869,"Sports, Fashion, Home"
U_04871,"Books, Toys, Grocery"
U_04872,"Toys, Home, Electronics"
U_04873,"Toys, Home, Fashion"
U_04874,"Toys, Home, Electronics"
U_04875,"Books, Home, Electronics"
U_04876,"Books, Beauty, Home"
U_04880,"Books, Home, Electronics"
U_04881,"Sports, Toys, Home"
U_04883,"Toys, Home, Electronics"
U_04884,"Fashion, Electronics, Home"
U_04885,"Books, Toys, Grocery"
U_04889,"Books, Home, Electronics"
U_04890,"Beauty, Electronics, Home"
U_04891,"Grocery, Books, Toys"
U_04892,"Books, Home, Electronics"
U_04895,"Beauty, Electronics, Home"
U_04897,"Beauty, Toys, Electronics"
U_04902,"Sports, Toys, Home"
U_04903,"Books, Home, Electronics"
U_04905,"Fashion, Toys, Home"
U_04908,"Books, Home, Electronics"
U_04909,"Fashion, Beauty, Electronics"
U_04910,"Books, Home, Electronics"
U_04916,"Sports, Home, Electronics"
U_04917,"Books, Home, Electronics"
U_04919,"Grocery, Toys, Home"
U_04920,"Books, Toys, Grocery"
U_04922,"Books, Home, Electronics"
U_04923,"Sports, Home, Electronics"
U_04926,"Fashion, Grocery, Home"
U_04929,"Toys, Home, Electronics"
U_04932,"Sports, Fashion, Grocery"
U_04934,"Books, Home, Electronics"
U_04935,"Toys, Home, Fashion"
U_04936,"Sports, Home, Beauty"
U_04940,"Fashion, Books, Electronics"
U_04941,"Grocery, Books, Toys"
U_04943,"Beauty, Electronics, Home"
U_04947,"Grocery, Books, Toys"
U_04948,"Beauty, Grocery, Electronics"
U_04950,"Toys, Home, Electronics"
U_04951,"Beauty, Electronics, Home"
U_04952,"Grocery, Home, Electronics"
U_04954,"Books, Home, Electronics"
U_04956,"Fashion, Sports, Home"
U_04958,"Grocery, Home, Electronics"
U_04960,"Toys, Home, Electronics"
U_04962,"Toys, Books, Home"
U_04966,"Sports, Grocery, Home"
U_04975,"Grocery, Home, Electronics"
U_04979,"Grocery, Books, Home"
U_04982,"Grocery, Beauty, Books"
U_04985,"Grocery, Home, Electronics"
U_04987,"Grocery, Books, Toys"
U_04988,"Beauty, Electronics, Home"
U_04989,"Grocery, Home, Electronics"
U_04991,"Books, Fashion, Home"
U_04993,"Grocery, Books, Toys"
U_04998,"Fashion, Home, Electronics"
U_04999,"Fashion, Electronics, Home"
U_05001,"Beauty, Fashion, Grocery"
U_05003,"Beauty, Electronics, Books"
U_05004,"Books, Home, Electronics"
U_05007,"Sports, Beauty, Home"
U_05020,"Sports, Toys, Home"
U_05022,"Beauty, Electronics, Home"
U_05024,"Sports, Home, Grocery"
U_05026,"Sports, Home, Grocery"
U_05030,"Beauty, Electronics, Books"
U_05031,"Beauty, Electronics, Home"
U_05033,"Books, Home, Electronics"
U_05036,"Books, Home, Electronics"
U_05039,"Books, Home, Electronics"
U_05040,"Books, Home, Electronics"
U_05043,"Books, Home, Electronics"
U_05047,"Beauty, Grocery, Electronics"
U_05050,"Beauty, Electronics, Home"
U_05053,"Fashion, Electronics, Home"
U_05054,"Sports, Toys, Home"
U_05056,"Grocery, Home, Electronics"
U_05058,"Beauty, Electronics, Home"
U_05059,"Books, Sports, Home"
U_05060,"Books, Toys, Home"
U_05061,"Fashion, Toys, Books"
U_05063,"Grocery, Books, Toys"
U_05065,"Grocery, Home, Electronics"
U_05066,"Toys, Books, Home"
U_05069,"Beauty, Grocery, Electronics"
U_05072,"Fashion, Sports, Home"
U_05073,"Fashion, Electronics, Home"
U_05074,"Fashion, Grocery, Home"
U_05075,"Toys, Home, Electronics"
U_05076,"Sports, Home, Electronics"
U_05077,"Fashion, Electronics, Home"
U_05078,"Fashion, Sports, Beauty"
U_05080,"Fashion, Electronics, Home"
U_05082,"Books, Home, Electronics"
U_05083,"Toys, Home, Grocery"
U_05085,"Toys, Grocery, Home"
U_05088,"Beauty, Sports, Electronics"
U_05092,"Grocery, Books, Toys"
U_05094,"Books, Sports, Grocery"
U_05095,"Sports, Home, Electronics"
U_05098,"Fashion, Sports, Toys"
U_05099,"Beauty, Electronics, Home"
U_05103,"Grocery, Home, Electronics"
U_05104,"Sports, Home, Electronics"
U_05105,"Grocery, Books, Toys"
U_05107,"Books, Home, Electronics"
U_05108,"Grocery, Books, Toys"
U_05113,"Toys, Home, Electronics"
U_05115,"Books, Toys, Grocery"
U_05117,"Books, Toys, Home"
U_05118,"Toys, Grocery, Home"
U_05119,"Books, Toys, Grocery"
U_05120,"Beauty, Toys, Electronics"
U_05121,"Fashion, Electronics, Home"
U_05124,"Sports, Home, Electronics"
U_05131,"Grocery, Books, Toys"
U_05132,"Grocery, Home, Electronics"
U_05134,"Sports, Home, Books"
U_05137,"Books, Toys, Grocery"
U_05141,"Toys, Home, Electronics"
U_05142,"Books, Toys, Grocery"
U_05145,"Books, Toys, Home"
U_05146,"Books, Home, Electronics"
U_05156,"Fashion, Electronics, Home"
U_05157,"Toys, Sports, Home"
U_05159,"Fashion, Toys, Electronics"
U_05160,"Sports, Books, Fashion"
U_05161,"Toys, Home, Grocery"
U_05162,"Books, Toys, Home"
U_05165,"Books, Grocery, Home"
U_05166,"Fashion, Sports, Electronics"
U_05167,"Toys, Home, Electronics"
U_05169,"Grocery, Books, Toys"
U_05171,"Beauty, Electronics, Home"
U_05172,"Toys, Home, Electronics"
U_05173,"Books, Home, Electronics"
U_05176,"Sports, Home, Electronics"
U_05178,"Grocery, Books, Toys"
U_05180,"Sports, Home, Electronics"
U_05181,"Beauty, Electronics, Home"
U_05182,"Grocery, Home, Electronics"
U_05185,"Sports, Books, Home"
U_05190,"Grocery, Home, Electronics"
U_05191,"Sports, Home, Electronics"
U_05193,"Fashion, Electronics, Home"
U_05195,"Books, Home, Toys"
U_05196,"Toys, Books, Home"
U_05199,"Grocery, Books, Toys"
U_05200,"Fashion, Electronics, Home"
U_05203,"Sports, Home, Electronics"
U_05204,"Fashion, Electronics, Home"
U_05206,"Grocery, Books, Toys"
U_05208,"Grocery, Books, Toys"
U_05211,"Grocery, Sports, Beauty"
U_05212,"Fashion, Grocery, Home"
U_05217,"Toys, Books, Home"
U_05218,"Sports, Home, Electronics"
U_05221,"Sports, Home, Electronics"
U_05222,"Toys, Home, Electronics"
U_05226,"Fashion, Electronics, Home"
U_05227,"Books, Home, Electronics"
U_05228,"Fashion, Electronics, Home"
U_05230,"Fashion, Electronics, Home"
U_05231,"Grocery, Books, Toys"
U_05233,"Beauty, Electronics, Home"
U_05236,"Toys, Home, Grocery"
U_05237,"Fashion, Electronics, Home"
U_05238,"Beauty, Fashion, Electronics"
U_05240,"Fashion, Electronics, Home"
U_05241,"Sports, Home, Electronics"
U_05242,"Fashion, Toys, Home"
U_05245,"Toys, Home, Books"
U_05247,"Books, Home, Electronics"
U_05248,"Toys, Home, Electronics"
U_05249,"Beauty, Electronics, Home"
U_05251,"Grocery, Books, Toys"
U_05255,"Grocery, Home, Electronics"
U_05256,"Grocery, Home, Electronics"
U_05257,"Fashion, Electronics, Home"
U_05259,"Grocery, Books, Toys"
U_05263,"Books, Sports, Home"
U_05264,"Books, Home, Electronics"
U_05268,"Books, Grocery, Home"
U_05269,"Books, Home, Electronics"
U_05270,"Fashion, Electronics, Home"
U_05273,"Beauty, Fashion, Toys"
U_05275,"Beauty, Electronics, Home"
U_05277,"Toys, Home, Electronics"
U_05279,"Toys, Home, Electronics"
U_05280,"Books, Home, Electronics"
U_05282,"Fashion, Grocery, Home"
U_05283,"Beauty, Books, Electronics"
U_05284,"Grocery, Books, Toys"
U_05285,"Toys, Grocery, Home"
U_05290,"Beauty, Toys, Electronics"
U_05297,"Sports, Toys, Books"
U_05298,"Grocery, Home, Electronics"
U_05299,"Sports, Home, Electronics"
U_05300,"Books, Toys, Grocery"
U_05301,"Fashion, Grocery, Home"
U_05303,"Beauty, Electronics, Books"
U_05306,"Beauty, Electronics, Home"
U_05307,"Beauty, Electronics, Books"
U_05308,"Books, Toys, Grocery"
U_05309,"Fashion, Beauty, Toys"
U_05311,"Toys, Home, Electronics"
U_05313,"Beauty, Electronics, Home"
U_05314,"Toys, Home, Grocery"
U_05315,"Books, Toys, Grocery"
U_05317,"Fashion, Electronics, Home"
U_05318,"Fashion, Sports, Books"
U_05319,"Toys, Beauty, Home"
U_05320,"Grocery, Home, Electronics"
U_05322,"Grocery, Home, Fashion"
U_05325,"Toys, Home, Electronics"
U_05330,"Grocery, Sports, Beauty"
U_05333,"Books, Fashion, Grocery"
U_05335,"Sports, Home, Electronics"
U_05336,"Grocery, Books, Toys"
U_05337,"Fashion, Electronics, Home"
U_05339,"Beauty, Electronics, Home"
U_05340,"Books, Toys, Grocery"
U_05344,"Grocery, Home, Electronics"
U_05345,"Toys, Home, Electronics"
U_05346,"Beauty, Electronics, Home"
U_05347,"Beauty, Fashion, Electronics"
U_05348,"Toys, Sports, Home"
U_05349,"Beauty, Electronics, Home"
U_05351,"Beauty, Electronics, Books"
U_05352,"Sports, Home, Electronics"
U_05353,"Books, Fashion, Home"
U_05354,"Fashion, Toys, Beauty"
U_05356,"Books, Toys, Grocery"
U_05357,"Grocery, Books, Toys"
U_05358,"Fashion, Books, Electronics"
U_05359,"Sports, Home, Electronics"
U_05360,"Toys, Home, Electronics"
U_05363,"Books, Toys, Grocery"
U_05364,"Sports, Fashion, Home"
U_05366,"Beauty, Electronics, Home"
U_05367,"Sports, Grocery, Books"
U_05372,"Beauty, Electronics, Home"
U_05373,"Toys, Home, Electronics"
U_05376,"Fashion, Electronics, Home"
U_05377,"Sports, Home, Electronics"
U_05378,"Sports, Home, Electronics"
U_05379,"Grocery, Home, Electronics"
U_05380,"Sports, Home, Electronics"
U_05381,"Beauty, Electronics, Books"
U_05382,"Grocery, Books, Toys"
U_05383,"Grocery, Home, Electronics"
U_05384,"Toys, Home, Electronics"
U_05386,"Beauty, Fashion, Electronics"
U_05387,"Fashion, Books, Home"
U_05389,"Fashion, Electronics, Home"
U_05391,"Beauty, Electronics, Home"
U_05394,"Grocery, Home, Books"
U_05397,"Fashion, Grocery, Home"
U_05398,"Books, Home, Electronics"
U_05399,"Sports, Home, Electronics"
U_05401,"Fashion, Electronics, Home"
U_05403,"Beauty, Electronics, Home"
U_05404,"Beauty, Electronics, Home"
U_05405,"Books, Home, Electronics"
U_05407,"Fashion, Grocery, Books"
U_05410,"Books, Home, Electronics"
U_05412,"Sports, Home, Electronics"
U_05413,"Fashion, Books, Home"
U_05415,"Toys, Sports, Home"
U_05417,"Fashion, Electronics, Home"
U_05420,"Grocery, Home, Electronics"
U_05423,"Books, Toys, Grocery"
U_05424,"Fashion, Grocery, Home"
U_05425,"Grocery, Home, Electronics"
U_05426,"Grocery, Home, Electronics"
U_05427,"Toys, Fashion, Home"
U_05428,"Sports, Grocery, Home"
U_05430,"Toys, Home, Electronics"
U_05433,"Beauty, Grocery, Home"
U_05438,"Books, Grocery, Toys"
U_05440,"Grocery, Books, Toys"
U_05442,"Toys, Home, Electronics"
U_05445,"Fashion, Electronics, Home"
U_05446,"Beauty, Grocery, Electronics"
U_05449,"Toys, Home, Electronics"
U_05459,"Sports, Home, Electronics"
U_05461,"Books, Toys, Grocery"
U_05465,"Books, Toys, Grocery"
U_05466,"Beauty, Electronics, Home"
U_05468,"Books, Toys, Grocery"
U_05469,"Grocery, Books, Toys"
U_05471,"Beauty, Electronics, Home"
U_05472,"Grocery, Home, Electronics"
U_05473,"Beauty, Electronics, Home"
U_05477,"Grocery, Home, Electronics"
U_05481,"Grocery, Home, Electronics"
U_05482,"Sports, Home, Electronics"
U_05483,"Books, Home, Electronics"
U_05485,"Sports, Home, Electronics"
U_05486,"Grocery, Home, Electronics"
U_05487,"Toys, Home, Electronics"
U_05488,"Toys, Home, Electronics"
U_05489,"Books, Home, Electronics"
U_05490,"Toys, Grocery, Home"
U_05494,"Toys, Home, Electronics"
U_05495,"Toys, Home, Electronics"
U_05496,"Toys, Home, Electronics"
U_05497,"Books, Toys, Grocery"
U_05499,"Grocery, Sports, Fashion"
U_05500,"Books, Home, Electronics"
U_05501,"Beauty, Electronics, Home"
U_05503,"Sports, Home, Electronics"
U_05505,"Grocery, Home, Electronics"
U_05506,"Sports, Home, Electronics"
U_05507,"Sports, Home, Grocery"
U_05510,"Sports, Home, Electronics"
U_05511,"Fashion, Toys, Beauty"
U_05513,"Grocery, Sports, Home"
U_05515,"Sports, Home, Electronics"
U_05517,"Books, Home, Electronics"
U_05519,"Fashion, Electronics, Home"
U_05520,"Books, Home, Electronics"
U_05522,"Grocery, Books, Toys"
U_05525,"Beauty, Grocery, Electronics"
U_05527,"Books, Toys, Home"
U_05529,"Sports, Grocery, Books"
U_05530,"Grocery, Books, Toys"
U_05532,"Fashion, Electronics, Home"
U_05533,"Grocery, Sports, Fashion"
U_05535,"Toys, Home, Electronics"
U_05536,"Fashion, Grocery, Home"
U_05538,"Beauty, Electronics, Home"
U_05542,"Books, Home, Toys"
U_05546,"Beauty, Electronics, Home"
U_05551,"Books, Beauty, Grocery"
U_05552,"Grocery, Home, Electronics"
U_05553,"Books, Home, Fashion"
U_05554,"Books, Toys, Grocery"
U_05559,"Toys, Home, Electronics"
U_05560,"Toys, Home, Electronics"
U_05562,"Toys, Home, Electronics"
U_05563,"Books, Sports, Home"
U_05564,"Sports, Toys, Home"
U_05566,"Books, Toys, Grocery"
U_05567,"Toys, Home, Electronics"
U_05568,"Sports, Grocery, Home"
U_05569,"Beauty, Electronics, Home"
U_05570,"Beauty, Electronics, Home"
U_05572,"Beauty, Electronics, Home"
U_05573,"Grocery, Books, Toys"
U_05574,"Beauty, Electronics, Home"
U_05576,"Beauty, Grocery, Home"
U_05577,"Books, Toys, Grocery"
U_05578,"Sports, Books, Grocery"
U_05582,"Sports, Fashion, Home"
U_05583,"Beauty, Toys, Electronics"
U_05585,"Fashion, Electronics, Home"
U_05589,"Grocery, Home, Electronics"
U_05592,"Books, Toys, Grocery"
U_05596,"Fashion, Electronics, Home"
U_05599,"Grocery, Home, Electronics"
U_05602,"Sports, Home, Electronics"
U_05605,"Grocery, Home, Beauty"
U_05607,"Sports, Books, Home"
U_05608,"Books, Home, Electronics"
U_05612,"Books, Toys, Grocery"
U_05615,"Grocery, Books, Toys"
U_05617,"Books, Toys, Grocery"
U_05622,"Toys, Home, Electronics"
U_05625,"Books, Beauty, Electronics"
U_05626,"Grocery, Home, Electronics"
U_05627,"Books, Home, Electronics"
U_05630,"Fashion, Books, Grocery"
U_05633,"Books, Toys, Grocery"
U_05636,"Beauty, Electronics, Home"
U_05637,"Toys, Grocery, Home"
U_05638,"Toys, Sports, Home"
U_05639,"Grocery, Home, Electronics"
U_05645,"Books, Home, Electronics"
U_05647,"Sports, Home, Electronics"
U_05648,"Beauty, Electronics, Home"
U_05649,"Sports, Home, Electronics"
U_05650,"Sports, Beauty, Home"
U_05651,"Fashion, Books, Home"
U_05654,"Sports, Fashion, Home"
U_05657,"Grocery, Books, Toys"
U_05660,"Toys, Home, Electronics"
U_05662,"Beauty, Fashion, Electronics"
U_05663,"Sports, Home, Electronics"
U_05665,"Toys, Grocery, Home"
U_05666,"Fashion, Electronics, Home"
U_05671,"Fashion, Beauty, Toys"
U_05672,"Sports, Fashion, Home"
U_05676,"Sports, Home, Electronics"
U_05678,"Toys, Home, Electronics"
U_05679,"Books, Home, Electronics"
U_05680,"Sports, Home, Electronics"
U_05681,"Sports, Home, Electronics"
U_05682,"Beauty, Sports, Electronics"
U_05683,"Toys, Home, Electronics"
U_05684,"Books, Toys, Grocery"
U_05685,"Books, Home, Electronics"
U_05691,"Books, Home, Electronics"
U_05692,"Beauty, Electronics, Home"
U_05694,"Beauty, Electronics, Home"
U_05695,"Fashion, Toys, Home"
U_05696,"Fashion, Electronics, Home"
U_05697,"Grocery, Home, Electronics"
U_05700,"Books, Beauty, Home"
U_05704,"Sports, Toys, Home"
U_05705,"Grocery, Home, Electronics"
U_05706,"Sports, Beauty, Books"
U_05709,"Toys, Home, Electronics"
U_05710,"Toys, Home, Electronics"
U_05712,"Grocery, Books, Toys"
U_05717,"Toys, Home, Electronics"
U_05721,"Books, Toys, Grocery"
U_05722,"Grocery, Books, Toys"
U_05723,"Toys, Home, Electronics"
U_05730,"Sports, Toys, Home"
U_05731,"Fashion, Electronics, Home"
U_05732,"Beauty, Electronics, Home"
U_05736,"Toys, Home, Electronics"
U_05737,"Grocery, Home, Books"
U_05739,"Sports, Toys, Home"
U_05741,"Toys, Home, Electronics"
U_05742,"Toys, Fashion, Home"
U_05743,"Grocery, Home, Electronics"
U_05744,"Toys, Books, Home"
U_05745,"Sports, Home, Electronics"
U_05747,"Toys, Home, Electronics"
U_05748,"Beauty, Grocery, Books"
U_05751,"Fashion, Electronics, Home"
U_05753,"Fashion, Electronics, Home"
U_05756,"Sports, Home, Books"
U_05757,"Toys, Books, Home"
U_05759,"Grocery, Books, Toys"
U_05760,"Beauty, Electronics, Home"
U_05762,"Toys, Grocery, Home"
U_05764,"Grocery, Books, Toys"
U_05766,"Books, Toys, Grocery"
U_05768,"Toys, Beauty, Grocery"
U_05771,"Fashion, Electronics, Home"
U_05772,"Beauty, Fashion, Electronics"
U_05773,"Fashion, Electronics, Home"
U_05774,"Fashion, Electronics, Home"
U_05775,"Fashion, Electronics, Home"
U_05776,"Sports, Home, Electronics"
U_05778,"Beauty, Electronics, Home"
U_05779,"Grocery, Home, Electronics"
U_05781,"Grocery, Home, Electronics"
U_05783,"Books, Grocery, Home"
U_05785,"Books, Home, Electronics"
U_05787,"Books, Toys, Grocery"
U_05792,"Books, Toys, Grocery"
U_05793,"Grocery, Toys, Sports"
U_05794,"Books, Sports, Fashion"
U_05799,"Sports, Home, Electronics"
U_05800,"Sports, Home, Electronics"
U_05801,"Beauty, Grocery, Fashion"
U_05802,"Sports, Home, Electronics"
U_05805,"Grocery, Home, Electronics"
U_05809,"Sports, Grocery, Books"
U_05811,"Books, Home, Electronics"
U_05812,"Beauty, Electronics, Home"
U_05813,"Books, Grocery, Home"
U_05815,"Fashion, Electronics, Home"
U_05816,"Grocery, Sports, Home"
U_05817,"Grocery, Home, Electronics"
U_05820,"Books, Home, Electronics"
U_05821,"Fashion, Grocery, Books"
U_05822,"Beauty, Books, Toys"
U_05824,"Beauty, Toys, Books"
U_05825,"Fashion, Sports, Electronics"
U_05826,"Beauty, Electronics, Home"
U_05827,"Grocery, Home, Electronics"
U_05829,"Beauty, Electronics, Home"
U_05831,"Grocery, Home, Electronics"
U_05834,"Toys, Home, Electronics"
U_05837,"Sports, Books, Home"
U_05838,"Fashion, Electronics, Home"
U_05839,"Toys, Home, Electronics"
U_05841,"Toys, Home, Electronics"
U_05842,"Books, Home, Electronics"
U_05844,"Grocery, Home, Electronics"
U_05845,"Sports, Home, Electronics"
U_05846,"Toys, Sports, Home"
U_05849,"Books, Home, Electronics"
U_05851,"Grocery, Home, Electronics"
U_05852,"Fashion, Beauty, Electronics"
U_05853,"Beauty, Electronics, Home"
U_05854,"Grocery, Home, Electronics"
U_05856,"Grocery, Books, Toys"
U_05857,"Toys, Home, Electronics"
U_05858,"Beauty, Books, Electronics"
U_05859,"Fashion, Electronics, Home"
U_05860,"Fashion, Electronics, Home"
U_05864,"Toys, Sports, Home"
U_05865,"Books, Toys, Grocery"
U_05867,"Books, Home, Electronics"
U_05868,"Grocery, Books, Toys"
U_05870,"Sports, Fashion, Toys"
U_05871,"Sports, Home, Books"
U_05872,"Sports, Home, Books"
U_05874,"Sports, Home, Electronics"
U_05876,"Sports, Home, Electronics"
U_05878,"Fashion, Beauty, Grocery"
U_05879,"Books, Home, Electronics"
U_05881,"Books, Toys, Grocery"
U_05885,"Toys, Home, Electronics"
U_05887,"Grocery, Books, Toys"
U_05891,"Beauty, Toys, Electronics"
U_05893,"Beauty, Grocery, Home"
U_05895,"Grocery, Books, Toys"
U_05896,"Grocery, Home, Electronics"
U_05898,"Grocery, Books, Toys"
U_05900,"Grocery, Home, Electronics"
U_05901,"Beauty, Electronics, Home"
U_05903,"Books, Home, Electronics"
U_05906,"Toys, Home, Electronics"
U_05908,"Sports, Home, Electronics"
U_05910,"Fashion, Electronics, Home"
U_05912,"Books, Home, Electronics"
U_05913,"Grocery, Home, Toys"
U_05914,"Books, Toys, Grocery"
U_05916,"Toys, Home, Electronics"
U_05918,"Beauty, Toys, Books"
U_05920,"Beauty, Electronics, Grocery"
U_05922,"Books, Toys, Grocery"
U_05923,"Beauty, Electronics, Books"
U_05927,"Beauty, Grocery, Home"
U_05930,"Beauty, Electronics, Home"
U_05931,"Sports, Home, Electronics"
U_05932,"Toys, Grocery, Home"
U_05933,"Books, Toys, Grocery"
U_05934,"Sports, Beauty, Home"
U_05935,"Grocery, Home, Electronics"
U_05938,"Grocery, Books, Toys"
U_05942,"Sports, Home, Electronics"
U_05943,"Fashion, Books, Home"
U_05944,"Books, Toys, Grocery"
U_05947,"Sports, Home, Electronics"
U_05949,"Grocery, Home, Electronics"
U_05951,"Books, Toys, Grocery"
U_05953,"Toys, Home, Electronics"
U_05954,"Fashion, Grocery, Beauty"
U_05962,"Fashion, Electronics, Home"
U_05963,"Beauty, Sports, Electronics"
U_05965,"Beauty, Electronics, Home"
U_05966,"Beauty, Electronics, Home"
U_05968,"Beauty, Books, Home"
U_05970,"Books, Home, Electronics"
U_05972,"Grocery, Home, Toys"
U_05973,"Toys, Home, Electronics"
U_05977,"Books, Home, Electronics"
U_05980,"Books, Toys, Grocery"
U_05981,"Beauty, Sports, Toys"
U_05982,"Sports, Home, Electronics"
U_05987,"Books, Home, Electronics"
U_05990,"Grocery, Books, Toys"
U_05991,"Beauty, Electronics, Home"
U_05994,"Books, Toys, Grocery"
U_05995,"Toys, Grocery, Home"
U_05996,"Beauty, Fashion, Electronics"
U_05998,"Books, Toys, Grocery"
U_05999,"Books, Home, Electronics"
