user_id,signup_date,plan_type,region,churn_label
U_00000,2024-07-12,Free,West,1
U_00001,2024-01-09,Free,North,1
U_00002,2025-06-25,Pro,South,1
U_00003,2023-10-18,Enterprise,West,0
U_00004,2025-02-23,Pro,South,0
U_00005,2024-08-25,Pro,North,1
U_00006,2023-10-02,Free,North,1
U_00007,2025-01-23,Free,South,1
U_00008,2023-09-10,Pro,East,0
U_00009,2024-11-06,Pro,North,0
U_00010,2023-10-15,Pro,South,1
U_00011,2023-11-06,Pro,East,0
U_00012,2024-10-27,Free,North,0
U_00013,2025-12-30,Free,West,0
U_00014,2023-12-11,Free,West,0
U_00015,2024-03-26,Free,South,1
U_00016,2025-05-31,Enterprise,North,0
U_00017,2026-05-08,Pro,West,0
U_00018,2025-04-08,Free,East,1
U_00019,2024-09-27,Pro,West,1
U_00020,2026-06-07,Free,South,1
U_00021,2023-09-20,Free,North,1
U_00022,2026-02-02,Pro,East,1
U_00023,2024-06-05,Free,West,0
U_00024,2024-01-02,Free,North,0
U_00025,2023-12-05,Free,North,0
U_00026,2024-06-25,Free,West,1
U_00027,2025-12-18,Enterprise,East,1
U_00028,2024-02-10,Pro,East,0
U_00029,2025-04-12,Enterprise,West,1
U_00030,2025-06-13,Free,East,1
U_00031,2024-09-01,Pro,West,0
U_00032,2025-03-07,Free,North,0
U_00033,2023-10-07,Free,West,1
U_00034,2023-10-04,Pro,West,0
U_00035,2024-03-08,Pro,West,0
U_00036,2025-07-27,Enterprise,South,0
U_00037,2024-10-30,Pro,South,0
U_00038,2024-07-01,Free,South,0
U_00039,2025-04-17,Pro,South,0
U_00040,2024-11-27,Free,North,0
U_00041,2024-06-16,Pro,East,0
U_00042,2025-11-25,Pro,North,0
U_00043,2025-08-16,Free,West,0
U_00044,2024-04-18,Pro,North,1
U_00045,2025-04-05,Enterprise,North,0
U_00046,2025-02-11,Free,South,0
U_00047,2026-02-19,Free,North,0
U_00048,2025-09-17,Pro,North,0
U_00049,2024-06-03,Free,North,0
U_00050,2026-06-11,Free,North,0
U_00051,2023-12-05,Free,South,1
U_00052,2024-10-20,Enterprise,East,0
U_00053,2025-10-17,Pro,North,1
U_00054,2024-01-11,Pro,West,0
U_00055,2025-01-04,Free,North,1
U_00056,2023-09-12,Pro,East,0
U_00057,2025-07-14,Enterprise,South,0
U_00058,2025-10-25,Pro,East,0
U_00059,2025-04-03,Enterprise,East,1
U_00060,2026-02-20,Pro,East,1
U_00061,2024-07-01,Pro,East,1
U_00062,2025-08-12,Free,South,1
U_00063,2025-04-26,Free,South,0
U_00064,2025-04-11,Free,South,0
U_00065,2024-11-30,Free,North,0
U_00066,2026-01-13,Enterprise,West,1
U_00067,2026-05-05,Free,East,0
U_00068,2024-12-19,Free,East,1
U_00069,2025-07-09,Free,North,1
U_00070,2023-10-05,Free,South,0
U_00071,2025-08-18,Enterprise,West,0
U_00072,2025-06-21,Pro,East,0
U_00073,2026-06-25,Pro,North,1
U_00074,2025-12-25,Enterprise,West,0
U_00075,2024-05-31,Free,East,0
U_00076,2024-09-16,Enterprise,West,1
U_00077,2025-07-14,Free,South,0
U_00078,2023-08-26,Pro,North,1
U_00079,2024-12-06,Free,South,0
U_00080,2024-01-28,Pro,East,0
U_00081,2023-12-04,Free,North,0
U_00082,2023-10-03,Free,South,0
U_00083,2025-10-28,Pro,South,0
U_00084,2023-12-17,Free,South,0
U_00085,2024-04-21,Enterprise,East,0
U_00086,2024-09-21,Pro,South,1
U_00087,2026-02-15,Pro,West,1
U_00088,2023-10-26,Free,South,0
U_00089,2024-11-22,Pro,North,0
U_00090,2025-03-09,Free,North,1
U_00091,2026-02-28,Pro,South,0
U_00092,2025-12-22,Free,North,0
U_00093,2026-02-08,Free,North,0
U_00094,2024-05-24,Free,South,1
U_00095,2024-10-17,Pro,North,0
U_00096,2024-08-18,Free,North,0
U_00097,2026-03-01,Free,East,0
U_00098,2026-05-18,Free,East,1
U_00099,2024-01-09,Pro,South,1
U_00100,2024-02-05,Free,South,1
U_00101,2024-04-05,Free,West,0
U_00102,2024-04-06,Free,West,0
U_00103,2024-12-30,Pro,South,1
U_00104,2025-04-21,Free,South,0
U_00105,2024-05-08,Enterprise,North,0
U_00106,2023-08-06,Free,South,0
U_00107,2024-10-21,Free,West,1
U_00108,2024-08-29,Free,West,0
U_00109,2025-03-27,Pro,South,0
U_00110,2026-05-14,Pro,West,0
U_00111,2025-08-07,Free,South,0
U_00112,2025-02-01,Pro,North,0
U_00113,2025-05-21,Free,East,1
U_00114,2025-07-22,Free,North,1
U_00115,2023-09-28,Free,East,0
U_00116,2026-03-17,Pro,South,0
U_00117,2025-11-10,Pro,East,0
U_00118,2026-02-19,Free,South,0
U_00119,2025-11-29,Pro,West,0
U_00120,2024-09-23,Free,South,1
U_00121,2024-09-30,Free,East,0
U_00122,2023-11-20,Free,North,0
U_00123,2025-06-08,Pro,North,1
U_00124,2023-10-07,Pro,North,0
U_00125,2023-10-12,Pro,South,0
U_00126,2024-03-11,Free,North,0
U_00127,2024-01-22,Pro,East,1
U_00128,2024-07-29,Free,South,1
U_00129,2023-09-27,Free,North,0
U_00130,2023-08-02,Free,North,0
U_00131,2024-01-10,Pro,East,0
U_00132,2023-11-18,Pro,South,0
U_00133,2024-08-23,Free,South,0
U_00134,2023-08-29,Free,North,0
U_00135,2026-02-19,Free,North,1
U_00136,2025-05-17,Pro,West,0
U_00137,2024-01-07,Free,North,0
U_00138,2024-04-26,Free,West,0
U_00139,2024-08-06,Free,East,0
U_00140,2024-08-24,Pro,East,0
U_00141,2023-12-10,Free,West,1
U_00142,2026-01-22,Free,South,0
U_00143,2026-06-25,Enterprise,East,0
U_00144,2024-12-10,Free,North,1
U_00145,2024-12-29,Pro,East,1
U_00146,2023-11-01,Pro,East,1
U_00147,2023-11-18,Free,South,0
U_00148,2024-08-01,Free,West,1
U_00149,2024-05-10,Free,East,0
U_00150,2026-01-01,Enterprise,South,0
U_00151,2024-01-21,Free,South,1
U_00152,2023-08-26,Free,North,0
U_00153,2026-05-11,Free,North,1
U_00154,2025-02-15,Free,South,0
U_00155,2024-01-05,Free,North,0
U_00156,2025-03-03,Free,South,1
U_00157,2023-08-30,Free,West,1
U_00158,2025-02-14,Pro,East,0
U_00159,2026-06-10,Free,South,0
U_00160,2026-02-07,Pro,East,1
U_00161,2025-08-13,Pro,East,1
U_00162,2024-05-06,Free,West,1
U_00163,2024-08-26,Pro,North,0
U_00164,2024-01-27,Free,North,0
U_00165,2025-11-01,Free,East,0
U_00166,2025-02-19,Pro,West,0
U_00167,2025-11-09,Free,North,0
U_00168,2024-07-18,Free,East,0
U_00169,2024-03-26,Pro,North,0
U_00170,2025-12-14,Pro,North,1
U_00171,2026-06-16,Free,North,1
U_00172,2026-01-26,Free,South,1
U_00173,2025-12-08,Free,West,0
U_00174,2025-12-21,Free,West,0
U_00175,2025-09-28,Free,North,0
U_00176,2024-03-30,Free,South,1
U_00177,2025-02-03,Pro,East,0
U_00178,2024-08-15,Free,West,1
U_00179,2023-09-01,Free,East,0
U_00180,2023-08-31,Free,South,1
U_00181,2024-05-25,Pro,East,0
U_00182,2024-05-04,Pro,West,0
U_00183,2025-08-09,Pro,East,1
U_00184,2026-05-17,Free,North,1
U_00185,2024-11-20,Free,North,1
U_00186,2026-04-26,Pro,West,0
U_00187,2026-06-20,Free,North,0
U_00188,2026-05-16,Free,East,0
U_00189,2024-08-24,Free,East,1
U_00190,2024-03-24,Free,South,0
U_00191,2024-03-30,Free,West,0
U_00192,2024-02-27,Free,North,1
U_00193,2024-03-06,Free,West,1
U_00194,2025-05-28,Free,West,1
U_00195,2026-03-18,Pro,East,1
U_00196,2026-01-13,Free,North,0
U_00197,2024-12-25,Enterprise,West,0
U_00198,2025-06-28,Free,North,1
U_00199,2025-12-01,Free,East,0
U_00200,2023-10-31,Free,West,1
U_00201,2025-07-06,Free,West,0
U_00202,2026-03-28,Pro,East,0
U_00203,2025-11-12,Free,East,0
U_00204,2025-10-09,Free,East,1
U_00205,2024-12-23,Enterprise,South,0
U_00206,2024-02-08,Free,North,0
U_00207,2025-11-20,Pro,South,0
U_00208,2024-07-21,Enterprise,West,0
U_00209,2025-12-02,Free,East,1
U_00210,2026-06-02,Free,South,0
U_00211,2024-09-26,Free,West,0
U_00212,2024-10-02,Enterprise,East,0
U_00213,2026-05-07,Pro,West,0
U_00214,2025-09-12,Enterprise,West,1
U_00215,2024-01-30,Pro,South,0
U_00216,2023-12-15,Pro,South,0
U_00217,2024-01-10,Enterprise,South,0
U_00218,2026-03-23,Free,West,1
U_00219,2025-12-08,Free,South,0
U_00220,2024-01-04,Pro,South,0
U_00221,2025-12-30,Pro,East,0
U_00222,2026-06-12,Pro,East,1
U_00223,2025-07-02,Free,West,1
U_00224,2024-08-09,Pro,South,0
U_00225,2025-03-08,Free,East,1
U_00226,2023-12-19,Pro,East,0
U_00227,2023-08-17,Free,South,1
U_00228,2026-06-01,Free,South,1
U_00229,2025-06-24,Free,West,1
U_00230,2025-02-13,Free,North,0
U_00231,2026-04-23,Free,West,0
U_00232,2024-11-06,Free,West,1
U_00233,2026-02-16,Free,West,0
U_00234,2025-12-29,Pro,South,0
U_00235,2024-03-13,Pro,South,0
U_00236,2024-04-26,Free,West,0
U_00237,2024-06-09,Free,North,1
U_00238,2024-04-14,Free,North,0
U_00239,2025-04-18,Free,East,1
U_00240,2024-05-04,Free,North,1
U_00241,2024-10-21,Free,East,0
U_00242,2023-12-19,Free,East,0
U_00243,2026-03-29,Pro,North,0
U_00244,2024-08-13,Free,East,1
U_00245,2024-12-02,Pro,West,0
U_00246,2025-04-14,Free,South,0
U_00247,2026-03-22,Free,East,0
U_00248,2024-10-23,Pro,South,0
U_00249,2026-04-06,Free,North,1
U_00250,2025-01-17,Free,West,1
U_00251,2025-02-18,Free,West,0
U_00252,2025-02-10,Pro,West,0
U_00253,2023-08-21,Free,South,1
U_00254,2024-11-13,Free,North,0
U_00255,2024-02-13,Free,South,1
U_00256,2023-08-06,Free,South,0
U_00257,2025-11-30,Enterprise,East,0
U_00258,2024-02-01,Free,West,1
U_00259,2024-12-18,Pro,West,0
U_00260,2025-09-13,Free,South,0
U_00261,2025-03-17,Pro,South,0
U_00262,2024-07-14,Free,West,1
U_00263,2025-02-04,Enterprise,South,0
U_00264,2025-03-16,Pro,East,0
U_00265,2025-11-15,Free,South,0
U_00266,2023-11-23,Free,South,0
U_00267,2025-03-21,Free,East,0
U_00268,2024-04-22,Free,East,1
U_00269,2024-05-23,Pro,South,1
U_00270,2025-11-02,Free,North,1
U_00271,2025-01-24,Pro,East,0
U_00272,2025-03-22,Free,South,0
U_00273,2025-10-20,Enterprise,East,1
U_00274,2026-03-31,Free,North,0
U_00275,2024-11-16,Enterprise,East,0
U_00276,2025-05-15,Free,East,0
U_00277,2025-01-21,Free,North,0
U_00278,2025-01-28,Free,West,1
U_00279,2025-08-09,Free,North,1
U_00280,2024-11-26,Pro,North,1
U_00281,2025-02-20,Pro,North,0
U_00282,2024-12-23,Pro,East,0
U_00283,2026-05-01,Pro,East,0
U_00284,2025-08-16,Pro,East,1
U_00285,2026-02-21,Free,North,1
U_00286,2026-05-02,Enterprise,West,1
U_00287,2024-05-04,Pro,West,0
U_00288,2025-03-20,Free,West,0
U_00289,2026-05-03,Pro,South,1
U_00290,2026-01-13,Pro,South,0
U_00291,2023-12-26,Pro,East,0
U_00292,2023-12-09,Enterprise,North,1
U_00293,2024-11-15,Enterprise,South,0
U_00294,2023-10-18,Pro,North,1
U_00295,2024-04-14,Free,East,0
U_00296,2023-10-18,Free,North,0
U_00297,2025-07-15,Free,North,0
U_00298,2025-11-14,Free,West,0
U_00299,2026-03-15,Free,South,0
U_00300,2024-01-13,Free,West,0
U_00301,2025-09-03,Pro,North,0
U_00302,2025-07-05,Free,East,0
U_00303,2024-01-01,Pro,East,0
U_00304,2026-02-28,Free,West,0
U_00305,2026-05-29,Pro,South,1
U_00306,2024-03-23,Pro,East,0
U_00307,2026-05-13,Pro,North,1
U_00308,2024-09-29,Pro,South,0
U_00309,2025-01-02,Free,North,1
U_00310,2026-06-22,Free,North,0
U_00311,2026-01-05,Free,South,0
U_00312,2024-01-21,Pro,North,0
U_00313,2024-11-04,Pro,North,1
U_00314,2025-02-01,Free,South,0
U_00315,2024-07-28,Free,South,1
U_00316,2024-02-26,Free,North,1
U_00317,2024-07-06,Pro,South,0
U_00318,2025-09-09,Pro,East,0
U_00319,2023-08-22,Free,South,0
U_00320,2025-03-14,Pro,South,0
U_00321,2024-11-13,Free,West,1
U_00322,2023-08-21,Free,East,0
U_00323,2024-07-20,Pro,North,0
U_00324,2025-05-28,Pro,North,1
U_00325,2025-01-29,Enterprise,West,1
U_00326,2023-10-09,Free,North,1
U_00327,2026-06-17,Free,East,1
U_00328,2025-11-19,Pro,East,0
U_00329,2026-06-02,Free,East,1
U_00330,2023-11-21,Free,West,0
U_00331,2024-05-11,Pro,South,0
U_00332,2023-09-13,Free,South,0
U_00333,2025-11-09,Pro,South,0
U_00334,2024-05-16,Free,North,0
U_00335,2023-12-18,Enterprise,West,0
U_00336,2024-10-25,Pro,North,0
U_00337,2026-03-30,Pro,West,0
U_00338,2025-12-22,Pro,South,0
U_00339,2024-05-03,Free,East,1
U_00340,2024-01-08,Pro,North,1
U_00341,2026-04-07,Free,West,0
U_00342,2025-04-01,Free,South,1
U_00343,2025-08-17,Free,East,1
U_00344,2023-11-05,Free,North,0
U_00345,2023-10-02,Free,South,0
U_00346,2025-08-04,Pro,South,0
U_00347,2024-10-28,Free,South,1
U_00348,2023-10-18,Free,South,0
U_00349,2026-04-28,Pro,North,1
U_00350,2025-06-08,Free,South,1
U_00351,2025-12-03,Enterprise,East,0
U_00352,2023-10-30,Free,West,0
U_00353,2026-01-30,Free,West,1
U_00354,2023-10-12,Free,West,1
U_00355,2026-02-06,Pro,West,0
U_00356,2024-11-27,Free,North,0
U_00357,2024-07-28,Enterprise,West,0
U_00358,2025-03-13,Enterprise,West,0
U_00359,2026-04-15,Enterprise,West,0
U_00360,2024-05-13,Pro,South,1
U_00361,2023-12-17,Pro,East,0
U_00362,2025-02-13,Pro,North,0
U_00363,2024-04-12,Pro,North,1
U_00364,2023-11-26,Free,North,1
U_00365,2024-01-21,Enterprise,South,1
U_00366,2023-09-24,Free,North,0
U_00367,2024-03-04,Free,West,0
U_00368,2024-06-29,Pro,South,0
U_00369,2024-06-22,Free,East,0
U_00370,2025-10-19,Free,East,0
U_00371,2024-06-06,Free,East,0
U_00372,2025-01-16,Free,East,1
U_00373,2024-02-07,Free,East,0
U_00374,2024-08-05,Enterprise,South,0
U_00375,2023-08-21,Free,East,0
U_00376,2024-04-24,Free,South,0
U_00377,2023-08-18,Pro,North,0
U_00378,2025-09-21,Pro,West,1
U_00379,2025-03-11,Pro,West,0
U_00380,2024-02-19,Free,West,0
U_00381,2024-12-20,Pro,East,0
U_00382,2026-04-24,Free,West,1
U_00383,2023-11-23,Free,North,0
U_00384,2025-12-21,Pro,East,0
U_00385,2024-11-04,Pro,North,1
U_00386,2025-01-10,Pro,South,0
U_00387,2026-01-07,Free,West,1
U_00388,2024-09-24,Free,South,1
U_00389,2025-01-23,Free,North,0
U_00390,2025-08-04,Free,North,0
U_00391,2026-06-14,Free,North,1
U_00392,2024-08-01,Pro,South,0
U_00393,2026-01-05,Free,South,1
U_00394,2025-08-24,Free,West,0
U_00395,2025-06-09,Enterprise,North,1
U_00396,2024-10-06,Pro,West,1
U_00397,2024-08-06,Free,South,1
U_00398,2023-09-28,Free,East,0
U_00399,2023-12-18,Free,East,0
U_00400,2023-10-16,Free,West,0
U_00401,2025-09-29,Free,North,0
U_00402,2024-04-30,Free,North,0
U_00403,2024-01-23,Pro,South,1
U_00404,2023-10-31,Free,North,1
U_00405,2026-01-14,Pro,South,1
U_00406,2026-02-14,Free,West,0
U_00407,2025-07-16,Free,East,0
U_00408,2024-05-28,Enterprise,North,0
U_00409,2024-04-16,Free,North,0
U_00410,2024-06-09,Free,West,1
U_00411,2024-12-03,Pro,South,1
U_00412,2024-01-16,Free,East,1
U_00413,2024-11-19,Free,North,1
U_00414,2024-05-08,Free,North,0
U_00415,2026-05-23,Pro,East,0
U_00416,2026-06-03,Pro,North,0
U_00417,2025-03-07,Enterprise,East,1
U_00418,2024-04-18,Pro,South,0
U_00419,2026-05-27,Free,West,0
U_00420,2024-06-26,Pro,West,0
U_00421,2024-08-16,Free,North,0
U_00422,2023-08-03,Free,South,1
U_00423,2024-09-11,Free,South,1
U_00424,2024-12-19,Free,South,0
U_00425,2025-01-18,Pro,North,1
U_00426,2024-03-03,Pro,South,0
U_00427,2025-01-21,Pro,North,1
U_00428,2023-08-07,Pro,South,1
U_00429,2024-05-09,Free,North,1
U_00430,2023-11-05,Free,East,0
U_00431,2024-09-30,Free,West,1
U_00432,2023-09-15,Pro,South,0
U_00433,2023-08-25,Pro,North,1
U_00434,2024-06-21,Free,East,1
U_00435,2024-04-06,Pro,South,0
U_00436,2025-04-17,Free,East,1
U_00437,2025-02-16,Free,West,0
U_00438,2025-10-10,Free,East,1
U_00439,2025-07-02,Pro,North,0
U_00440,2025-09-03,Pro,West,1
U_00441,2026-02-24,Free,West,1
U_00442,2024-09-20,Pro,North,1
U_00443,2024-07-14,Free,North,1
U_00444,2026-06-16,Pro,North,1
U_00445,2024-01-08,Free,West,0
U_00446,2025-09-11,Free,East,0
U_00447,2025-06-17,Free,East,1
U_00448,2023-09-17,Free,West,0
U_00449,2026-01-08,Pro,East,1
U_00450,2026-03-09,Free,South,0
U_00451,2025-05-31,Free,South,0
U_00452,2025-09-22,Pro,North,0
U_00453,2025-12-14,Free,North,0
U_00454,2023-12-28,Free,North,1
U_00455,2025-02-10,Enterprise,North,0
U_00456,2025-01-20,Free,East,0
U_00457,2026-01-08,Free,East,0
U_00458,2025-12-06,Pro,West,0
U_00459,2025-12-29,Enterprise,South,0
U_00460,2025-04-15,Free,East,1
U_00461,2026-03-10,Free,West,0
U_00462,2025-07-29,Free,West,1
U_00463,2025-08-10,Enterprise,South,1
U_00464,2024-04-03,Free,West,1
U_00465,2023-09-04,Free,South,1
U_00466,2023-12-21,Enterprise,South,1
U_00467,2024-08-20,Free,East,0
U_00468,2023-11-21,Pro,South,1
U_00469,2026-01-08,Pro,East,1
U_00470,2025-03-19,Free,North,0
U_00471,2025-06-01,Free,South,0
U_00472,2025-05-30,Pro,East,1
U_00473,2025-07-27,Free,South,0
U_00474,2025-01-04,Free,East,0
U_00475,2023-08-05,Pro,West,0
U_00476,2025-11-29,Free,West,1
U_00477,2025-10-07,Pro,East,0
U_00478,2025-01-19,Free,South,1
U_00479,2025-02-22,Pro,North,0
U_00480,2025-07-04,Free,West,1
U_00481,2023-10-11,Enterprise,South,1
U_00482,2025-09-25,Enterprise,South,1
U_00483,2024-04-26,Pro,West,0
U_00484,2023-10-20,Free,North,0
U_00485,2024-05-11,Free,West,0
U_00486,2025-09-17,Enterprise,West,1
U_00487,2024-03-07,Free,North,0
U_00488,2025-09-28,Free,South,0
U_00489,2026-06-07,Free,North,1
U_00490,2025-01-09,Free,North,1
U_00491,2024-09-12,Free,South,1
U_00492,2024-12-24,Pro,East,1
U_00493,2025-07-30,Free,South,1
U_00494,2025-10-27,Free,North,0
U_00495,2025-05-20,Free,East,0
U_00496,2025-06-17,Enterprise,South,0
U_00497,2023-10-23,Pro,North,1
U_00498,2024-01-06,Free,North,0
U_00499,2024-04-28,Free,West,1
U_00500,2025-10-02,Free,North,1
U_00501,2024-06-21,Pro,West,0
U_00502,2025-03-29,Free,East,1
U_00503,2023-08-15,Free,East,1
U_00504,2023-10-05,Free,South,0
U_00505,2024-05-14,Free,South,0
U_00506,2025-07-18,Free,North,1
U_00507,2025-08-08,Enterprise,South,0
U_00508,2025-07-22,Free,West,0
U_00509,2024-06-07,Pro,South,0
U_00510,2025-02-02,Free,South,0
U_00511,2024-12-09,Free,East,1
U_00512,2024-12-11,Pro,West,0
U_00513,2023-12-06,Pro,East,0
U_00514,2026-03-11,Pro,East,1
U_00515,2024-03-01,Free,West,0
U_00516,2026-06-09,Free,East,0
U_00517,2026-04-26,Enterprise,West,1
U_00518,2023-08-20,Free,East,0
U_00519,2024-12-03,Free,North,1
U_00520,2025-12-23,Free,North,0
U_00521,2026-05-30,Pro,North,1
U_00522,2024-11-23,Free,South,1
U_00523,2024-05-14,Free,East,1
U_00524,2024-03-12,Pro,West,0
U_00525,2026-05-05,Pro,North,0
U_00526,2024-03-13,Free,West,0
U_00527,2025-04-12,Pro,North,1
U_00528,2023-12-31,Free,North,0
U_00529,2025-02-10,Free,West,0
U_00530,2026-05-13,Free,West,1
U_00531,2023-12-21,Free,West,1
U_00532,2025-12-23,Free,West,1
U_00533,2025-01-25,Pro,South,1
U_00534,2026-03-04,Pro,East,0
U_00535,2025-08-20,Free,East,1
U_00536,2024-04-04,Free,West,0
U_00537,2026-03-15,Free,South,1
U_00538,2025-01-01,Pro,North,0
U_00539,2023-08-28,Free,East,0
U_00540,2023-08-05,Free,West,1
U_00541,2025-01-07,Free,South,0
U_00542,2024-11-24,Free,South,1
U_00543,2024-06-18,Free,East,1
U_00544,2023-12-29,Free,South,1
U_00545,2024-08-02,Free,East,0
U_00546,2024-07-03,Free,North,1
U_00547,2026-01-13,Pro,East,1
U_00548,2023-08-03,Pro,East,1
U_00549,2025-10-10,Free,East,0
U_00550,2026-01-12,Free,North,1
U_00551,2023-12-07,Free,East,0
U_00552,2026-04-15,Enterprise,North,1
U_00553,2025-08-31,Pro,West,0
U_00554,2026-03-20,Pro,East,1
U_00555,2024-06-05,Enterprise,North,1
U_00556,2024-09-01,Enterprise,North,0
U_00557,2024-09-23,Pro,South,1
U_00558,2026-07-01,Free,North,0
U_00559,2025-04-21,Free,South,0
U_00560,2024-08-20,Pro,North,1
U_00561,2024-10-31,Pro,North,0
U_00562,2024-05-21,Pro,East,0
U_00563,2023-09-22,Pro,East,1
U_00564,2023-11-18,Enterprise,North,1
U_00565,2026-01-07,Free,West,1
U_00566,2024-06-01,Free,North,1
U_00567,2026-04-25,Pro,West,0
U_00568,2024-04-23,Free,North,0
U_00569,2024-05-11,Free,South,0
U_00570,2025-01-27,Free,North,0
U_00571,2024-02-20,Enterprise,South,1
U_00572,2024-09-02,Pro,West,0
U_00573,2026-05-17,Pro,North,1
U_00574,2026-03-01,Pro,North,0
U_00575,2025-12-14,Enterprise,North,1
U_00576,2025-06-04,Free,West,0
U_00577,2026-04-01,Free,East,1
U_00578,2026-04-30,Pro,North,0
U_00579,2025-03-09,Pro,West,0
U_00580,2025-09-07,Pro,North,1
U_00581,2023-09-23,Free,North,1
U_00582,2025-09-20,Free,East,0
U_00583,2024-11-24,Pro,West,1
U_00584,2025-10-12,Free,East,1
U_00585,2025-06-19,Pro,South,0
U_00586,2024-06-02,Free,East,1
U_00587,2023-09-23,Pro,West,1
U_00588,2026-04-15,Pro,West,0
U_00589,2023-12-15,Free,East,0
U_00590,2024-12-17,Free,East,1
U_00591,2024-08-02,Pro,South,0
U_00592,2024-06-14,Pro,West,0
U_00593,2025-09-27,Free,West,0
U_00594,2026-06-07,Free,South,1
U_00595,2024-05-05,Pro,North,1
U_00596,2025-07-01,Enterprise,East,0
U_00597,2024-06-17,Pro,North,1
U_00598,2025-03-18,Free,South,1
U_00599,2024-09-25,Free,East,0
U_00600,2024-01-27,Free,West,1
U_00601,2024-01-21,Free,South,0
U_00602,2024-03-10,Free,West,1
U_00603,2026-03-24,Free,East,1
U_00604,2025-01-12,Free,West,1
U_00605,2024-03-23,Free,East,0
U_00606,2026-03-25,Free,West,0
U_00607,2026-06-29,Pro,East,1
U_00608,2024-11-23,Free,South,0
U_00609,2023-12-28,Free,North,1
U_00610,2024-02-23,Pro,East,0
U_00611,2023-11-06,Free,South,0
U_00612,2024-07-31,Pro,West,1
U_00613,2023-11-07,Pro,East,0
U_00614,2024-04-12,Free,North,1
U_00615,2024-05-03,Free,North,0
U_00616,2025-03-31,Free,North,0
U_00617,2026-03-04,Pro,South,0
U_00618,2025-10-09,Pro,South,1
U_00619,2024-10-15,Free,West,0
U_00620,2024-10-16,Pro,South,0
U_00621,2025-02-10,Free,East,0
U_00622,2024-09-06,Free,West,1
U_00623,2024-07-27,Enterprise,North,0
U_00624,2023-10-07,Pro,West,0
U_00625,2024-05-23,Enterprise,West,0
U_00626,2026-05-29,Pro,East,1
U_00627,2023-12-14,Pro,North,0
U_00628,2025-01-19,Free,West,1
U_00629,2025-06-03,Free,South,0
U_00630,2026-02-06,Free,North,0
U_00631,2024-03-19,Free,North,0
U_00632,2024-05-16,Free,North,0
U_00633,2024-04-22,Pro,North,0
U_00634,2024-10-01,Free,East,1
U_00635,2024-11-19,Pro,East,0
U_00636,2026-05-14,Free,North,1
U_00637,2026-01-22,Pro,East,1
U_00638,2026-02-17,Pro,North,0
U_00639,2023-08-25,Pro,West,0
U_00640,2023-09-05,Pro,South,1
U_00641,2025-08-27,Free,West,1
U_00642,2026-03-13,Free,North,0
U_00643,2024-12-18,Free,North,0
U_00644,2025-04-18,Free,South,0
U_00645,2023-08-02,Enterprise,West,1
U_00646,2024-09-22,Pro,West,1
U_00647,2026-04-15,Pro,South,0
U_00648,2025-12-29,Pro,East,0
U_00649,2026-01-29,Free,South,0
U_00650,2026-06-03,Free,West,1
U_00651,2024-04-22,Free,South,1
U_00652,2023-11-26,Pro,West,0
U_00653,2024-01-13,Pro,North,0
U_00654,2025-02-08,Free,East,0
U_00655,2025-07-29,Free,West,0
U_00656,2026-05-01,Pro,West,0
U_00657,2025-09-09,Free,South,1
U_00658,2025-06-22,Pro,South,0
U_00659,2025-10-25,Pro,East,0
U_00660,2024-12-01,Free,South,0
U_00661,2025-03-11,Free,East,0
U_00662,2023-09-13,Free,North,1
U_00663,2025-11-12,Free,West,0
U_00664,2024-04-05,Free,East,1
U_00665,2026-04-08,Free,West,0
U_00666,2025-06-20,Free,South,1
U_00667,2024-06-20,Enterprise,East,1
U_00668,2023-12-16,Pro,West,1
U_00669,2024-04-26,Free,South,0
U_00670,2025-06-10,Free,South,0
U_00671,2025-08-15,Enterprise,South,0
U_00672,2023-11-29,Free,North,0
U_00673,2023-10-15,Pro,East,1
U_00674,2025-02-11,Free,South,0
U_00675,2025-04-14,Enterprise,East,1
U_00676,2024-09-18,Enterprise,North,0
U_00677,2024-03-27,Pro,North,1
U_00678,2025-05-03,Free,East,1
U_00679,2023-08-13,Enterprise,North,0
U_00680,2024-06-18,Pro,South,0
U_00681,2024-12-05,Pro,South,0
U_00682,2026-05-20,Pro,South,0
U_00683,2025-06-19,Free,North,0
U_00684,2026-03-01,Free,North,0
U_00685,2024-12-20,Pro,South,1
U_00686,2024-04-08,Free,North,0
U_00687,2024-04-21,Enterprise,West,0
U_00688,2026-05-22,Free,South,0
U_00689,2025-08-22,Enterprise,North,0
U_00690,2024-06-24,Pro,South,0
U_00691,2023-08-25,Enterprise,East,0
U_00692,2025-01-14,Pro,North,1
U_00693,2025-07-20,Free,North,0
U_00694,2024-10-22,Enterprise,South,1
U_00695,2024-05-02,Pro,East,1
U_00696,2025-07-13,Free,North,1
U_00697,2026-04-14,Free,West,0
U_00698,2024-03-30,Free,North,0
U_00699,2023-09-07,Enterprise,West,1
U_00700,2024-07-27,Free,South,1
U_00701,2024-10-23,Pro,West,0
U_00702,2025-07-29,Pro,West,0
U_00703,2024-02-29,Free,North,1
U_00704,2025-11-28,Free,East,0
U_00705,2025-09-27,Enterprise,South,0
U_00706,2025-01-21,Pro,East,0
U_00707,2024-03-07,Free,East,0
U_00708,2026-05-31,Free,East,1
U_00709,2024-06-29,Free,North,1
U_00710,2025-12-23,Free,South,0
U_00711,2024-04-04,Free,West,1
U_00712,2024-03-25,Free,South,1
U_00713,2025-10-20,Pro,West,0
U_00714,2024-06-11,Enterprise,North,0
U_00715,2026-05-12,Pro,East,0
U_00716,2025-01-11,Free,North,0
U_00717,2024-02-17,Free,North,1
U_00718,2024-03-27,Free,North,1
U_00719,2024-10-19,Free,East,0
U_00720,2025-07-11,Pro,North,0
U_00721,2026-05-09,Pro,North,0
U_00722,2024-01-05,Enterprise,West,0
U_00723,2024-09-24,Enterprise,East,1
U_00724,2024-03-16,Pro,East,1
U_00725,2026-06-05,Free,East,1
U_00726,2023-12-31,Free,West,0
U_00727,2023-09-26,Free,West,0
U_00728,2023-10-05,Enterprise,West,1
U_00729,2024-09-24,Free,North,0
U_00730,2026-03-16,Free,South,0
U_00731,2026-02-28,Free,West,1
U_00732,2025-09-21,Free,South,1
U_00733,2026-06-30,Pro,East,0
U_00734,2026-04-21,Free,East,1
U_00735,2024-07-17,Pro,North,1
U_00736,2024-02-15,Free,North,0
U_00737,2026-04-25,Free,North,0
U_00738,2025-10-05,Enterprise,West,0
U_00739,2023-09-04,Free,South,1
U_00740,2025-07-10,Free,East,1
U_00741,2024-09-08,Pro,South,0
U_00742,2024-09-03,Free,North,1
U_00743,2024-07-20,Free,South,1
U_00744,2024-01-29,Free,North,0
U_00745,2023-08-05,Free,West,0
U_00746,2024-05-26,Free,West,1
U_00747,2024-08-10,Free,West,1
U_00748,2026-05-16,Free,East,1
U_00749,2023-12-11,Free,East,1
U_00750,2026-05-25,Pro,East,0
U_00751,2024-03-10,Free,West,0
U_00752,2024-08-16,Pro,South,0
U_00753,2025-12-24,Free,South,1
U_00754,2025-12-25,Enterprise,South,0
U_00755,2024-11-04,Free,East,1
U_00756,2023-09-23,Pro,South,0
U_00757,2024-12-18,Pro,North,1
U_00758,2024-09-02,Pro,West,0
U_00759,2026-04-08,Pro,West,1
U_00760,2024-02-23,Free,West,0
U_00761,2024-08-24,Free,East,0
U_00762,2026-03-15,Enterprise,North,0
U_00763,2023-09-03,Pro,West,0
U_00764,2024-10-12,Free,South,0
U_00765,2025-12-14,Enterprise,West,0
U_00766,2025-10-27,Free,East,0
U_00767,2023-09-14,Free,East,0
U_00768,2023-09-08,Free,North,1
U_00769,2023-10-07,Free,North,1
U_00770,2026-04-08,Pro,East,0
U_00771,2024-05-01,Free,South,1
U_00772,2025-10-06,Free,South,0
U_00773,2026-03-16,Free,South,0
U_00774,2024-07-28,Free,East,0
U_00775,2024-05-18,Pro,West,0
U_00776,2026-05-18,Free,East,1
U_00777,2025-05-20,Free,West,1
U_00778,2024-05-07,Free,North,0
U_00779,2025-09-03,Free,West,0
U_00780,2024-07-04,Enterprise,South,0
U_00781,2024-05-21,Free,North,1
U_00782,2023-08-06,Free,North,0
U_00783,2025-10-15,Free,North,1
U_00784,2026-04-04,Free,West,1
U_00785,2025-06-07,Pro,North,0
U_00786,2026-05-03,Pro,East,1
U_00787,2023-08-27,Pro,East,1
U_00788,2024-04-07,Free,North,0
U_00789,2024-12-20,Pro,North,0
U_00790,2026-05-17,Pro,West,0
U_00791,2026-05-14,Pro,North,1
U_00792,2024-09-17,Pro,North,0
U_00793,2024-04-25,Free,South,0
U_00794,2024-11-02,Free,North,0
U_00795,2025-01-09,Pro,East,1
U_00796,2026-04-17,Pro,East,0
U_00797,2024-02-13,Free,West,0
U_00798,2025-12-04,Pro,West,0
U_00799,2025-09-27,Free,East,0
U_00800,2025-12-26,Free,North,0
U_00801,2025-11-02,Pro,South,1
U_00802,2025-05-10,Enterprise,West,1
U_00803,2024-07-16,Free,East,0
U_00804,2024-07-07,Free,North,1
U_00805,2024-08-21,Free,East,0
U_00806,2025-11-12,Free,North,0
U_00807,2023-10-25,Free,South,0
U_00808,2024-02-28,Pro,West,1
U_00809,2025-10-12,Enterprise,South,0
U_00810,2024-04-21,Pro,East,1
U_00811,2023-10-10,Free,South,1
U_00812,2023-09-07,Pro,North,0
U_00813,2025-03-13,Free,South,0
U_00814,2024-07-14,Free,South,0
U_00815,2026-06-11,Free,East,1
U_00816,2026-02-28,Free,West,1
U_00817,2026-06-20,Free,West,0
U_00818,2024-05-10,Free,West,0
U_00819,2023-10-30,Pro,East,0
U_00820,2023-11-12,Free,East,0
U_00821,2025-01-14,Pro,South,0
U_00822,2025-08-27,Pro,North,0
U_00823,2024-11-20,Pro,West,0
U_00824,2024-04-07,Free,East,0
U_00825,2024-10-19,Pro,North,0
U_00826,2025-05-24,Free,South,1
U_00827,2025-07-20,Free,North,0
U_00828,2025-10-07,Free,East,0
U_00829,2026-01-20,Pro,East,0
U_00830,2025-07-10,Pro,East,0
U_00831,2023-12-09,Pro,East,0
U_00832,2026-01-14,Free,West,0
U_00833,2024-06-10,Free,South,1
U_00834,2025-03-28,Free,East,0
U_00835,2024-09-02,Pro,West,0
U_00836,2025-09-26,Free,East,0
U_00837,2024-03-01,Free,East,0
U_00838,2024-04-21,Pro,South,1
U_00839,2024-04-19,Free,North,0
U_00840,2024-01-12,Enterprise,South,0
U_00841,2026-03-01,Enterprise,West,1
U_00842,2025-04-09,Free,East,1
U_00843,2024-07-14,Free,South,1
U_00844,2024-09-27,Free,East,0
U_00845,2026-06-24,Free,North,1
U_00846,2025-01-23,Pro,North,1
U_00847,2024-04-04,Free,North,1
U_00848,2025-12-10,Free,South,0
U_00849,2025-06-28,Free,West,0
U_00850,2026-06-23,Free,South,1
U_00851,2023-11-19,Enterprise,East,1
U_00852,2024-12-20,Free,East,1
U_00853,2025-12-22,Free,North,0
U_00854,2026-01-14,Pro,South,0
U_00855,2026-04-02,Free,North,1
U_00856,2023-09-14,Pro,South,1
U_00857,2024-06-10,Pro,East,0
U_00858,2023-12-07,Enterprise,South,1
U_00859,2024-02-20,Free,West,0
U_00860,2026-06-04,Enterprise,East,0
U_00861,2025-04-14,Free,West,0
U_00862,2026-04-19,Free,South,0
U_00863,2024-09-01,Free,South,1
U_00864,2026-02-10,Pro,East,0
U_00865,2024-11-22,Pro,South,0
U_00866,2024-05-05,Pro,West,0
U_00867,2025-11-08,Pro,West,0
U_00868,2026-05-06,Pro,North,0
U_00869,2023-11-22,Pro,East,0
U_00870,2025-04-28,Pro,North,1
U_00871,2025-05-23,Pro,East,1
U_00872,2024-03-21,Enterprise,East,1
U_00873,2024-08-29,Free,South,1
U_00874,2023-12-30,Pro,West,0
U_00875,2024-03-06,Pro,South,1
U_00876,2024-04-29,Free,North,1
U_00877,2025-05-01,Enterprise,North,0
U_00878,2025-06-26,Free,East,0
U_00879,2024-03-05,Pro,West,0
U_00880,2023-08-14,Pro,East,0
U_00881,2024-07-15,Free,North,0
U_00882,2025-07-25,Pro,East,1
U_00883,2024-02-15,Free,South,0
U_00884,2024-06-29,Pro,West,0
U_00885,2024-03-05,Pro,East,1
U_00886,2025-11-26,Free,North,0
U_00887,2025-03-08,Enterprise,East,0
U_00888,2023-10-08,Pro,East,1
U_00889,2023-11-18,Pro,East,0
U_00890,2024-09-26,Free,East,0
U_00891,2025-03-10,Free,North,1
U_00892,2025-06-13,Free,North,1
U_00893,2023-11-07,Enterprise,West,0
U_00894,2024-01-23,Free,East,1
U_00895,2025-08-12,Free,South,0
U_00896,2024-10-11,Free,West,0
U_00897,2024-05-29,Enterprise,North,1
U_00898,2024-06-24,Free,South,1
U_00899,2026-05-14,Enterprise,North,0
U_00900,2024-06-29,Pro,South,0
U_00901,2025-03-27,Pro,North,1
U_00902,2024-08-16,Pro,North,1
U_00903,2024-10-18,Pro,South,0
U_00904,2026-02-08,Free,East,1
U_00905,2026-06-29,Free,East,0
U_00906,2024-08-23,Free,North,0
U_00907,2024-02-28,Free,West,0
U_00908,2025-09-16,Free,West,0
U_00909,2024-03-06,Free,North,0
U_00910,2023-08-08,Free,East,1
U_00911,2026-03-20,Pro,West,1
U_00912,2024-10-26,Pro,East,1
U_00913,2025-12-23,Pro,South,1
U_00914,2024-10-08,Free,North,0
U_00915,2026-02-28,Free,West,1
U_00916,2024-12-05,Pro,West,0
U_00917,2024-01-22,Free,North,1
U_00918,2023-08-17,Free,South,0
U_00919,2025-03-11,Free,East,0
U_00920,2025-06-14,Enterprise,East,0
U_00921,2026-03-28,Free,West,1
U_00922,2023-11-04,Free,North,0
U_00923,2025-05-26,Free,West,0
U_00924,2024-08-31,Free,North,0
U_00925,2025-01-20,Free,South,0
U_00926,2024-01-04,Pro,North,0
U_00927,2024-05-29,Pro,North,0
U_00928,2025-02-07,Pro,North,0
U_00929,2026-04-14,Free,North,0
U_00930,2023-11-25,Free,East,1
U_00931,2025-01-05,Pro,West,1
U_00932,2025-12-06,Pro,North,1
U_00933,2026-05-28,Free,East,1
U_00934,2024-02-28,Enterprise,North,0
U_00935,2023-12-15,Pro,South,0
U_00936,2026-05-03,Pro,West,0
U_00937,2026-06-06,Free,North,0
U_00938,2024-12-28,Free,North,0
U_00939,2023-09-27,Enterprise,East,0
U_00940,2026-04-15,Free,West,0
U_00941,2024-09-18,Free,North,0
U_00942,2026-03-22,Free,North,1
U_00943,2025-05-24,Free,South,0
U_00944,2025-12-27,Free,West,1
U_00945,2024-01-19,Free,East,0
U_00946,2025-11-16,Free,North,0
U_00947,2024-03-25,Pro,West,0
U_00948,2024-10-06,Pro,North,0
U_00949,2026-01-20,Free,South,1
U_00950,2026-01-01,Pro,West,0
U_00951,2024-02-13,Free,West,1
U_00952,2024-03-21,Pro,East,0
U_00953,2024-10-01,Free,East,0
U_00954,2025-02-04,Free,South,1
U_00955,2024-09-13,Free,West,0
U_00956,2023-12-11,Pro,West,0
U_00957,2024-04-21,Enterprise,North,0
U_00958,2025-09-12,Free,East,0
U_00959,2026-03-15,Free,South,0
U_00960,2023-09-14,Free,South,0
U_00961,2025-03-23,Free,West,0
U_00962,2025-10-17,Free,East,1
U_00963,2023-09-11,Free,North,1
U_00964,2026-01-11,Free,South,0
U_00965,2023-12-05,Pro,East,0
U_00966,2025-05-02,Pro,South,0
U_00967,2025-03-10,Pro,East,0
U_00968,2025-05-31,Free,South,0
U_00969,2024-06-23,Free,East,0
U_00970,2024-10-22,Free,East,0
U_00971,2025-04-14,Free,South,1
U_00972,2024-10-28,Free,South,1
U_00973,2025-07-04,Pro,North,0
U_00974,2024-11-20,Free,West,0
U_00975,2024-11-11,Enterprise,South,0
U_00976,2023-08-26,Pro,East,1
U_00977,2025-05-22,Free,East,0
U_00978,2025-01-04,Free,North,0
U_00979,2024-04-08,Free,East,0
U_00980,2025-10-23,Free,West,0
U_00981,2025-11-10,Pro,West,1
U_00982,2024-12-02,Free,East,0
U_00983,2024-02-09,Pro,South,0
U_00984,2024-12-18,Free,North,1
U_00985,2023-11-24,Pro,West,0
U_00986,2023-12-16,Pro,East,0
U_00987,2024-11-03,Free,South,1
U_00988,2023-11-07,Enterprise,North,1
U_00989,2024-11-15,Free,East,0
U_00990,2025-01-26,Enterprise,South,0
U_00991,2023-09-14,Free,East,0
U_00992,2025-06-10,Pro,East,1
U_00993,2023-10-28,Free,West,1
U_00994,2025-09-21,Pro,South,1
U_00995,2025-11-07,Free,North,0
U_00996,2025-01-28,Free,West,0
U_00997,2023-09-28,Pro,West,0
U_00998,2025-01-20,Free,East,0
U_00999,2024-09-07,Free,West,0
U_01000,2026-05-11,Pro,North,0
U_01001,2023-12-25,Free,South,0
U_01002,2026-01-31,Pro,East,1
U_01003,2026-06-28,Pro,East,1
U_01004,2025-09-20,Pro,East,1
U_01005,2025-12-17,Free,West,0
U_01006,2024-02-24,Enterprise,West,1
U_01007,2026-06-13,Pro,East,1
U_01008,2025-01-07,Pro,North,1
U_01009,2026-05-17,Enterprise,East,1
U_01010,2026-04-04,Free,West,1
U_01011,2024-01-25,Free,South,0
U_01012,2025-11-19,Pro,South,0
U_01013,2026-04-20,Free,East,1
U_01014,2023-10-10,Free,South,1
U_01015,2024-08-10,Free,South,0
U_01016,2025-10-16,Pro,South,1
U_01017,2024-01-18,Free,West,0
U_01018,2026-03-14,Free,East,0
U_01019,2024-05-21,Pro,North,0
U_01020,2025-12-18,Free,East,1
U_01021,2024-01-02,Pro,West,0
U_01022,2025-01-18,Pro,South,1
U_01023,2026-04-08,Free,North,0
U_01024,2024-03-11,Free,South,0
U_01025,2024-05-08,Pro,South,0
U_01026,2025-01-22,Free,East,0
U_01027,2024-07-07,Free,South,0
U_01028,2023-09-10,Pro,East,0
U_01029,2024-02-12,Free,East,1
U_01030,2024-01-20,Free,North,0
U_01031,2026-04-26,Free,South,1
U_01032,2025-07-26,Pro,South,0
U_01033,2026-03-13,Free,South,0
U_01034,2024-01-28,Free,West,0
U_01035,2025-11-15,Free,South,0
U_01036,2023-12-02,Free,North,1
U_01037,2025-02-17,Free,South,1
U_01038,2025-06-10,Free,East,0
U_01039,2024-08-19,Pro,West,1
U_01040,2026-02-17,Enterprise,West,1
U_01041,2025-03-15,Enterprise,East,0
U_01042,2025-04-11,Free,South,1
U_01043,2026-02-27,Pro,South,0
U_01044,2023-11-21,Pro,West,1
U_01045,2026-06-25,Free,North,0
U_01046,2025-06-03,Enterprise,North,0
U_01047,2024-09-25,Pro,West,1
U_01048,2025-11-29,Pro,North,1
U_01049,2024-05-10,Free,South,1
U_01050,2026-06-22,Free,East,0
U_01051,2025-04-08,Pro,East,0
U_01052,2024-08-20,Free,North,0
U_01053,2025-10-25,Enterprise,North,1
U_01054,2024-11-15,Pro,North,1
U_01055,2024-02-06,Pro,North,0
U_01056,2025-10-02,Free,East,0
U_01057,2023-09-22,Pro,North,1
U_01058,2025-12-22,Enterprise,East,0
U_01059,2024-04-28,Free,West,1
U_01060,2025-06-13,Free,West,0
U_01061,2026-06-16,Free,West,0
U_01062,2025-04-17,Free,West,1
U_01063,2025-07-09,Free,North,1
U_01064,2024-06-30,Free,West,1
U_01065,2023-08-03,Pro,North,0
U_01066,2023-09-07,Pro,North,1
U_01067,2024-01-08,Free,West,1
U_01068,2025-05-19,Pro,North,0
U_01069,2024-11-04,Pro,East,0
U_01070,2025-01-29,Enterprise,West,0
U_01071,2026-03-13,Free,West,0
U_01072,2023-12-20,Enterprise,East,0
U_01073,2024-03-31,Pro,East,0
U_01074,2025-06-28,Pro,East,1
U_01075,2023-08-25,Pro,South,0
U_01076,2023-08-04,Pro,East,1
U_01077,2024-08-14,Pro,South,0
U_01078,2023-11-23,Free,South,1
U_01079,2024-08-16,Free,South,0
U_01080,2024-03-28,Free,West,1
U_01081,2025-04-15,Free,North,1
U_01082,2025-04-20,Free,East,1
U_01083,2024-03-06,Free,East,0
U_01084,2025-05-28,Pro,West,0
U_01085,2024-12-20,Pro,West,1
U_01086,2023-12-23,Free,North,0
U_01087,2026-04-26,Free,South,1
U_01088,2024-04-17,Free,South,0
U_01089,2024-01-08,Pro,South,1
U_01090,2023-11-12,Pro,East,0
U_01091,2025-06-12,Pro,North,1
U_01092,2026-02-15,Free,East,0
U_01093,2025-11-12,Free,East,1
U_01094,2024-10-03,Free,East,0
U_01095,2024-05-09,Pro,West,1
U_01096,2023-08-14,Free,North,1
U_01097,2025-06-19,Pro,West,1
U_01098,2025-03-23,Free,North,0
U_01099,2024-08-09,Free,East,0
U_01100,2025-06-20,Free,West,0
U_01101,2024-11-17,Enterprise,East,0
U_01102,2026-04-27,Free,South,1
U_01103,2025-09-21,Free,East,0
U_01104,2024-04-22,Pro,East,0
U_01105,2026-03-22,Pro,West,0
U_01106,2023-09-17,Free,West,1
U_01107,2025-02-18,Pro,North,1
U_01108,2024-10-07,Enterprise,West,0
U_01109,2024-04-11,Free,South,1
U_01110,2023-10-03,Free,West,0
U_01111,2025-11-09,Pro,North,0
U_01112,2023-08-15,Pro,South,0
U_01113,2025-03-11,Free,East,0
U_01114,2026-05-01,Pro,West,0
U_01115,2023-12-31,Enterprise,North,0
U_01116,2024-03-01,Free,North,0
U_01117,2025-05-11,Pro,North,0
U_01118,2025-01-23,Pro,North,1
U_01119,2025-06-15,Enterprise,East,1
U_01120,2025-12-16,Free,West,1
U_01121,2024-02-04,Pro,North,1
U_01122,2024-06-26,Free,East,0
U_01123,2024-06-17,Free,South,1
U_01124,2023-09-22,Free,East,0
U_01125,2026-03-07,Enterprise,West,0
U_01126,2025-11-13,Pro,West,1
U_01127,2025-09-02,Free,North,0
U_01128,2023-08-08,Pro,South,0
U_01129,2026-01-18,Free,East,1
U_01130,2025-10-04,Pro,South,0
U_01131,2024-12-09,Free,East,1
U_01132,2025-09-30,Pro,South,1
U_01133,2024-11-26,Pro,South,0
U_01134,2024-03-29,Pro,East,0
U_01135,2023-11-22,Free,West,1
U_01136,2024-04-05,Free,East,0
U_01137,2023-09-12,Free,East,0
U_01138,2024-07-24,Pro,West,0
U_01139,2025-10-09,Pro,South,0
U_01140,2025-08-11,Free,South,1
U_01141,2026-01-19,Pro,North,1
U_01142,2025-08-29,Free,West,0
U_01143,2024-05-11,Free,South,0
U_01144,2025-03-14,Pro,East,0
U_01145,2024-11-08,Pro,South,0
U_01146,2025-11-19,Free,North,1
U_01147,2025-02-09,Free,South,0
U_01148,2024-05-10,Free,West,0
U_01149,2025-06-16,Pro,West,0
U_01150,2026-05-26,Pro,North,0
U_01151,2024-03-20,Pro,South,0
U_01152,2026-02-25,Pro,South,1
U_01153,2023-08-18,Pro,South,1
U_01154,2024-05-05,Free,East,0
U_01155,2024-04-09,Free,South,0
U_01156,2025-10-02,Pro,East,0
U_01157,2026-05-05,Pro,East,0
U_01158,2025-10-05,Free,South,1
U_01159,2024-07-15,Pro,South,1
U_01160,2026-02-25,Free,West,0
U_01161,2024-07-17,Free,East,0
U_01162,2024-04-12,Free,North,0
U_01163,2026-03-26,Free,East,1
U_01164,2025-06-04,Pro,North,0
U_01165,2025-08-09,Free,East,0
U_01166,2025-07-11,Free,South,1
U_01167,2026-06-10,Pro,East,0
U_01168,2024-12-14,Enterprise,North,0
U_01169,2026-01-13,Enterprise,East,1
U_01170,2025-08-14,Free,East,0
U_01171,2026-02-01,Enterprise,East,1
U_01172,2024-11-10,Free,West,0
U_01173,2025-09-12,Free,East,0
U_01174,2025-03-31,Free,East,1
U_01175,2024-06-25,Free,North,0
U_01176,2024-03-14,Enterprise,South,1
U_01177,2025-05-26,Pro,North,0
U_01178,2023-10-23,Pro,North,1
U_01179,2026-03-29,Free,West,0
U_01180,2024-01-03,Enterprise,East,0
U_01181,2023-08-30,Free,South,1
U_01182,2023-11-23,Free,North,1
U_01183,2026-04-18,Pro,South,1
U_01184,2024-08-03,Enterprise,North,1
U_01185,2023-12-31,Free,South,1
U_01186,2023-09-01,Free,North,1
U_01187,2023-09-15,Free,South,1
U_01188,2025-08-09,Enterprise,East,1
U_01189,2025-06-07,Free,East,0
U_01190,2025-08-14,Free,South,0
U_01191,2025-09-25,Enterprise,North,0
U_01192,2023-10-11,Pro,North,0
U_01193,2025-04-22,Free,South,1
U_01194,2024-08-23,Pro,South,0
U_01195,2025-12-20,Free,West,1
U_01196,2025-12-22,Pro,East,0
U_01197,2026-03-09,Free,South,0
U_01198,2023-10-11,Free,North,1
U_01199,2026-02-12,Enterprise,East,0
U_01200,2026-04-02,Free,South,0
U_01201,2026-05-04,Pro,East,1
U_01202,2023-11-24,Free,West,0
U_01203,2024-03-08,Free,East,1
U_01204,2023-11-29,Free,North,0
U_01205,2023-09-07,Free,South,1
U_01206,2026-01-21,Pro,East,1
U_01207,2025-12-14,Free,South,1
U_01208,2025-06-08,Free,North,0
U_01209,2025-12-28,Free,North,0
U_01210,2025-06-05,Free,North,0
U_01211,2024-06-03,Pro,North,0
U_01212,2023-11-16,Free,North,1
U_01213,2023-11-14,Free,South,0
U_01214,2025-10-17,Free,South,0
U_01215,2024-03-07,Enterprise,North,0
U_01216,2024-07-07,Free,South,0
U_01217,2024-10-26,Pro,East,0
U_01218,2023-08-24,Free,East,1
U_01219,2024-05-01,Pro,South,0
U_01220,2024-05-29,Free,South,0
U_01221,2025-09-03,Free,West,1
U_01222,2024-08-28,Free,East,1
U_01223,2024-07-09,Free,North,0
U_01224,2026-05-25,Pro,West,0
U_01225,2025-01-19,Pro,East,0
U_01226,2026-01-25,Enterprise,North,0
U_01227,2025-05-22,Pro,West,0
U_01228,2023-09-04,Free,South,0
U_01229,2024-10-15,Free,North,0
U_01230,2024-11-09,Free,West,1
U_01231,2025-11-03,Pro,East,0
U_01232,2024-08-05,Pro,South,0
U_01233,2025-08-22,Free,South,0
U_01234,2025-02-25,Pro,North,1
U_01235,2024-03-19,Free,West,0
U_01236,2026-02-06,Pro,South,0
U_01237,2023-11-06,Pro,South,0
U_01238,2025-12-22,Enterprise,East,1
U_01239,2024-01-30,Free,South,0
U_01240,2023-08-03,Enterprise,North,0
U_01241,2024-03-04,Pro,North,1
U_01242,2025-10-22,Pro,East,0
U_01243,2026-06-09,Free,North,1
U_01244,2023-08-06,Free,East,0
U_01245,2025-01-06,Free,East,0
U_01246,2025-01-06,Free,East,1
U_01247,2025-11-28,Free,West,0
U_01248,2024-02-14,Free,West,0
U_01249,2025-01-10,Pro,North,0
U_01250,2024-08-06,Enterprise,West,0
U_01251,2026-01-04,Free,South,1
U_01252,2024-05-05,Enterprise,East,0
U_01253,2026-05-04,Pro,North,0
U_01254,2024-05-30,Pro,South,0
U_01255,2024-03-17,Pro,South,0
U_01256,2025-08-16,Free,South,1
U_01257,2025-01-14,Free,West,1
U_01258,2023-11-27,Enterprise,North,0
U_01259,2025-06-10,Enterprise,East,0
U_01260,2023-10-27,Pro,South,1
U_01261,2025-11-18,Free,North,0
U_01262,2025-08-14,Free,South,0
U_01263,2025-11-17,Free,East,1
U_01264,2025-06-01,Free,East,1
U_01265,2024-08-15,Pro,West,1
U_01266,2024-10-02,Pro,East,0
U_01267,2024-09-25,Pro,South,0
U_01268,2026-03-08,Free,West,0
U_01269,2023-11-01,Free,East,0
U_01270,2026-03-06,Free,West,1
U_01271,2023-08-28,Enterprise,North,0
U_01272,2024-03-08,Free,West,1
U_01273,2024-05-08,Free,East,0
U_01274,2026-03-19,Free,East,0
U_01275,2025-01-17,Pro,West,1
U_01276,2024-09-09,Free,West,0
U_01277,2026-03-01,Pro,East,0
U_01278,2024-04-06,Pro,West,0
U_01279,2024-12-05,Pro,East,0
U_01280,2025-02-18,Enterprise,East,0
U_01281,2025-10-14,Pro,North,0
U_01282,2025-10-12,Free,North,0
U_01283,2025-06-20,Free,South,0
U_01284,2024-08-07,Pro,West,0
U_01285,2024-07-15,Free,West,0
U_01286,2024-01-14,Pro,East,0
U_01287,2026-01-16,Free,South,0
U_01288,2025-07-07,Pro,East,0
U_01289,2025-09-30,Pro,East,1
U_01290,2024-01-29,Pro,North,0
U_01291,2024-11-11,Free,South,1
U_01292,2025-11-03,Pro,South,1
U_01293,2025-04-10,Enterprise,South,0
U_01294,2023-12-14,Free,South,0
U_01295,2024-12-06,Pro,North,1
U_01296,2026-03-02,Pro,South,0
U_01297,2024-04-11,Free,East,1
U_01298,2024-02-22,Free,East,0
U_01299,2024-06-18,Free,East,1
U_01300,2025-08-20,Pro,North,0
U_01301,2026-01-17,Free,North,0
U_01302,2024-01-13,Free,South,1
U_01303,2024-01-15,Enterprise,South,1
U_01304,2024-04-21,Enterprise,North,1
U_01305,2024-07-15,Free,North,0
U_01306,2025-02-08,Free,West,1
U_01307,2024-01-20,Free,East,1
U_01308,2024-07-16,Free,South,1
U_01309,2024-02-19,Pro,North,0
U_01310,2026-06-06,Free,North,0
U_01311,2025-09-16,Free,East,1
U_01312,2023-11-18,Free,North,1
U_01313,2026-05-23,Free,West,1
U_01314,2023-11-18,Pro,North,1
U_01315,2024-09-14,Pro,East,1
U_01316,2026-06-15,Free,South,0
U_01317,2025-11-26,Free,West,0
U_01318,2025-09-21,Pro,South,0
U_01319,2024-11-07,Free,South,0
U_01320,2024-02-27,Free,North,0
U_01321,2025-06-12,Free,South,0
U_01322,2023-11-23,Pro,East,0
U_01323,2024-03-09,Free,North,1
U_01324,2024-09-18,Pro,East,0
U_01325,2023-09-07,Free,North,0
U_01326,2024-09-30,Pro,East,0
U_01327,2025-11-22,Pro,East,1
U_01328,2025-08-10,Free,North,1
U_01329,2025-01-16,Pro,East,1
U_01330,2025-06-06,Free,West,1
U_01331,2024-12-07,Free,North,1
U_01332,2023-12-31,Free,West,0
U_01333,2025-05-06,Pro,East,0
U_01334,2024-10-06,Free,South,1
U_01335,2025-09-29,Free,West,0
U_01336,2026-03-26,Free,East,0
U_01337,2024-11-02,Free,East,0
U_01338,2025-04-04,Pro,West,1
U_01339,2025-10-08,Pro,South,0
U_01340,2024-10-23,Free,North,0
U_01341,2024-04-01,Free,North,1
U_01342,2025-09-09,Pro,West,0
U_01343,2026-02-25,Pro,North,0
U_01344,2025-11-04,Pro,West,0
U_01345,2025-08-17,Free,North,0
U_01346,2026-01-26,Free,East,0
U_01347,2025-07-26,Free,North,1
U_01348,2025-06-15,Pro,West,0
U_01349,2024-11-27,Pro,North,0
U_01350,2024-06-30,Free,West,1
U_01351,2025-06-01,Free,South,0
U_01352,2023-11-14,Free,West,1
U_01353,2024-10-22,Free,West,0
U_01354,2025-11-13,Free,South,1
U_01355,2025-08-31,Pro,West,0
U_01356,2025-06-03,Free,North,1
U_01357,2024-04-24,Pro,South,0
U_01358,2024-10-26,Free,West,0
U_01359,2024-11-29,Enterprise,South,0
U_01360,2025-05-25,Free,West,0
U_01361,2024-10-11,Free,South,0
U_01362,2025-07-21,Pro,West,0
U_01363,2026-04-19,Free,South,1
U_01364,2024-02-13,Pro,East,0
U_01365,2025-06-29,Free,North,0
U_01366,2025-11-08,Free,North,1
U_01367,2024-09-19,Pro,North,1
U_01368,2025-01-05,Free,West,1
U_01369,2026-06-05,Pro,South,1
U_01370,2023-09-11,Free,West,1
U_01371,2025-03-03,Free,South,0
U_01372,2024-01-20,Free,North,0
U_01373,2025-11-12,Free,North,0
U_01374,2026-04-30,Enterprise,North,1
U_01375,2025-02-05,Enterprise,East,0
U_01376,2023-11-17,Pro,East,1
U_01377,2025-04-05,Pro,East,1
U_01378,2025-02-28,Free,North,0
U_01379,2025-09-04,Free,North,1
U_01380,2025-01-28,Pro,West,1
U_01381,2025-06-13,Free,South,1
U_01382,2026-01-01,Free,North,0
U_01383,2025-02-08,Enterprise,South,0
U_01384,2024-10-12,Free,South,0
U_01385,2026-05-08,Free,East,0
U_01386,2024-03-12,Free,East,1
U_01387,2025-07-31,Pro,East,0
U_01388,2024-09-23,Enterprise,South,0
U_01389,2025-10-23,Pro,West,0
U_01390,2023-12-10,Pro,South,1
U_01391,2026-06-16,Pro,North,1
U_01392,2024-08-14,Pro,East,1
U_01393,2023-10-01,Pro,South,0
U_01394,2024-05-20,Free,South,1
U_01395,2024-10-01,Free,East,1
U_01396,2023-08-16,Pro,East,0
U_01397,2024-10-21,Pro,West,1
U_01398,2024-10-23,Free,North,0
U_01399,2025-08-15,Free,North,0
U_01400,2024-08-11,Free,East,1
U_01401,2024-05-10,Free,West,0
U_01402,2024-03-28,Free,West,1
U_01403,2025-09-30,Enterprise,East,0
U_01404,2026-04-29,Pro,East,1
U_01405,2025-02-13,Free,North,0
U_01406,2024-03-22,Pro,East,0
U_01407,2025-12-03,Pro,North,0
U_01408,2024-09-22,Pro,West,0
U_01409,2024-03-15,Pro,North,1
U_01410,2023-12-17,Enterprise,North,0
U_01411,2025-11-06,Pro,North,0
U_01412,2025-12-12,Free,West,1
U_01413,2025-06-08,Pro,West,1
U_01414,2024-12-14,Pro,East,1
U_01415,2025-03-23,Free,West,0
U_01416,2024-03-29,Free,North,1
U_01417,2026-05-25,Free,East,0
U_01418,2024-08-12,Pro,West,1
U_01419,2025-06-12,Free,South,1
U_01420,2025-12-21,Pro,East,1
U_01421,2025-12-19,Pro,South,0
U_01422,2024-12-12,Free,South,0
U_01423,2024-06-10,Pro,East,0
U_01424,2025-03-08,Free,South,1
U_01425,2023-12-13,Free,North,0
U_01426,2026-01-06,Pro,North,1
U_01427,2024-08-14,Pro,North,0
U_01428,2026-01-24,Free,East,1
U_01429,2024-05-13,Pro,East,1
U_01430,2024-09-05,Free,East,1
U_01431,2024-04-28,Pro,East,0
U_01432,2024-10-29,Pro,South,1
U_01433,2024-02-16,Pro,West,0
U_01434,2023-08-04,Free,South,0
U_01435,2025-09-09,Enterprise,East,0
U_01436,2024-05-27,Free,East,0
U_01437,2024-04-19,Free,North,1
U_01438,2024-06-18,Free,East,0
U_01439,2024-12-25,Free,North,0
U_01440,2024-10-31,Free,West,0
U_01441,2025-06-11,Free,West,0
U_01442,2025-07-04,Pro,West,1
U_01443,2024-08-22,Pro,West,1
U_01444,2026-04-18,Enterprise,West,0
U_01445,2026-01-28,Pro,North,0
U_01446,2023-10-01,Pro,East,1
U_01447,2025-12-31,Pro,West,1
U_01448,2026-03-24,Pro,North,1
U_01449,2025-11-14,Free,West,1
U_01450,2023-12-29,Pro,West,1
U_01451,2026-01-04,Free,West,1
U_01452,2025-06-06,Pro,South,0
U_01453,2023-08-17,Enterprise,North,0
U_01454,2023-08-14,Free,East,0
U_01455,2026-05-12,Free,South,0
U_01456,2025-07-01,Free,East,0
U_01457,2024-04-24,Free,East,0
U_01458,2023-11-18,Free,North,1
U_01459,2024-01-01,Free,East,1
U_01460,2024-04-07,Pro,North,0
U_01461,2025-11-06,Enterprise,North,1
U_01462,2024-08-05,Free,West,1
U_01463,2024-01-11,Pro,East,0
U_01464,2026-03-22,Free,East,1
U_01465,2025-11-22,Free,East,1
U_01466,2024-01-27,Free,South,1
U_01467,2026-03-08,Free,North,1
U_01468,2025-05-11,Free,North,1
U_01469,2025-11-11,Pro,South,1
U_01470,2025-07-14,Free,East,1
U_01471,2026-03-11,Free,West,1
U_01472,2025-11-19,Free,North,1
U_01473,2026-01-12,Free,South,1
U_01474,2024-02-28,Pro,East,0
U_01475,2025-08-09,Pro,South,1
U_01476,2025-02-17,Pro,West,1
U_01477,2025-09-30,Enterprise,West,1
U_01478,2024-11-11,Free,East,0
U_01479,2026-02-27,Free,South,1
U_01480,2025-03-15,Free,North,0
U_01481,2024-05-09,Pro,South,1
U_01482,2024-04-07,Free,South,0
U_01483,2023-12-28,Enterprise,West,0
U_01484,2025-01-08,Pro,South,1
U_01485,2023-10-03,Free,North,1
U_01486,2024-12-11,Free,South,0
U_01487,2024-01-02,Free,East,0
U_01488,2025-01-06,Free,South,1
U_01489,2025-01-14,Free,North,1
U_01490,2025-02-27,Free,West,0
U_01491,2026-02-06,Free,South,1
U_01492,2023-08-09,Free,West,0
U_01493,2026-01-14,Enterprise,West,0
U_01494,2024-12-12,Free,East,1
U_01495,2025-03-23,Pro,South,1
U_01496,2025-07-11,Pro,North,1
U_01497,2026-01-14,Free,East,1
U_01498,2024-09-04,Pro,South,0
U_01499,2024-10-21,Pro,South,0
U_01500,2026-05-22,Free,East,1
U_01501,2023-10-21,Free,East,1
U_01502,2025-06-11,Free,East,1
U_01503,2025-06-10,Free,North,0
U_01504,2023-09-01,Enterprise,West,0
U_01505,2025-05-12,Free,North,0
U_01506,2025-07-29,Pro,East,1
U_01507,2026-04-20,Pro,East,1
U_01508,2024-07-19,Pro,North,1
U_01509,2026-06-13,Free,West,1
U_01510,2025-01-27,Free,East,1
U_01511,2024-12-30,Pro,West,1
U_01512,2026-03-15,Enterprise,South,0
U_01513,2023-09-07,Pro,North,0
U_01514,2025-09-05,Enterprise,West,0
U_01515,2025-05-29,Free,North,0
U_01516,2024-07-27,Free,East,1
U_01517,2026-02-05,Free,West,0
U_01518,2024-08-26,Free,West,0
U_01519,2024-12-19,Enterprise,South,0
U_01520,2025-02-12,Free,North,1
U_01521,2025-10-31,Pro,South,0
U_01522,2024-03-13,Free,South,1
U_01523,2024-11-07,Free,East,0
U_01524,2024-10-25,Free,West,1
U_01525,2025-03-14,Pro,North,0
U_01526,2025-12-30,Pro,East,0
U_01527,2024-06-09,Enterprise,North,0
U_01528,2025-12-31,Pro,South,0
U_01529,2024-10-05,Pro,South,0
U_01530,2025-01-19,Free,South,0
U_01531,2024-05-17,Pro,North,0
U_01532,2025-01-22,Pro,South,1
U_01533,2026-06-06,Free,East,0
U_01534,2025-06-29,Pro,East,0
U_01535,2025-11-23,Enterprise,West,1
U_01536,2024-07-19,Free,North,0
U_01537,2024-07-05,Free,South,0
U_01538,2024-06-15,Free,North,0
U_01539,2025-04-18,Pro,East,0
U_01540,2025-06-08,Free,East,1
U_01541,2025-11-14,Enterprise,South,0
U_01542,2023-09-13,Free,South,0
U_01543,2025-09-10,Enterprise,East,0
U_01544,2026-03-03,Free,East,1
U_01545,2025-03-05,Free,North,0
U_01546,2023-09-23,Free,South,0
U_01547,2024-06-17,Pro,West,0
U_01548,2023-08-08,Free,West,0
U_01549,2024-02-20,Free,North,0
U_01550,2026-04-10,Pro,North,0
U_01551,2025-05-11,Free,East,0
U_01552,2025-07-03,Pro,East,0
U_01553,2025-11-20,Pro,South,1
U_01554,2026-03-28,Free,East,1
U_01555,2025-05-15,Pro,South,0
U_01556,2025-05-20,Pro,East,0
U_01557,2025-05-31,Free,South,1
U_01558,2025-08-13,Free,West,1
U_01559,2025-04-28,Free,West,0
U_01560,2025-07-27,Free,North,0
U_01561,2024-03-15,Enterprise,East,1
U_01562,2025-07-13,Pro,South,0
U_01563,2024-12-02,Pro,South,0
U_01564,2025-10-23,Free,South,0
U_01565,2023-11-18,Free,East,0
U_01566,2024-02-11,Pro,East,0
U_01567,2023-09-10,Pro,North,0
U_01568,2025-11-04,Free,West,0
U_01569,2026-04-02,Pro,South,0
U_01570,2025-06-30,Pro,West,0
U_01571,2024-08-29,Free,East,0
U_01572,2025-12-25,Free,East,0
U_01573,2025-11-17,Free,West,0
U_01574,2025-03-23,Free,South,0
U_01575,2024-05-03,Pro,North,0
U_01576,2024-06-18,Free,East,0
U_01577,2024-10-24,Free,East,1
U_01578,2024-07-06,Enterprise,South,0
U_01579,2024-11-03,Free,North,1
U_01580,2025-06-16,Free,South,1
U_01581,2026-04-23,Free,North,0
U_01582,2023-09-29,Pro,West,0
U_01583,2025-03-28,Pro,South,1
U_01584,2023-09-12,Free,East,0
U_01585,2023-12-06,Pro,South,0
U_01586,2025-12-12,Free,North,0
U_01587,2025-04-06,Enterprise,West,0
U_01588,2026-04-07,Pro,East,1
U_01589,2024-11-19,Enterprise,South,0
U_01590,2023-08-17,Pro,South,1
U_01591,2024-09-17,Enterprise,East,0
U_01592,2025-04-24,Free,East,0
U_01593,2026-04-27,Pro,South,0
U_01594,2026-06-12,Pro,South,1
U_01595,2024-12-20,Free,South,1
U_01596,2024-10-14,Enterprise,North,0
U_01597,2023-11-18,Free,North,0
U_01598,2025-06-19,Pro,North,1
U_01599,2024-03-15,Free,East,0
U_01600,2024-01-10,Free,East,0
U_01601,2023-08-18,Free,West,1
U_01602,2023-08-07,Free,North,0
U_01603,2025-07-30,Free,West,1
U_01604,2023-12-09,Free,North,0
U_01605,2026-05-28,Pro,South,0
U_01606,2023-11-03,Free,East,1
U_01607,2026-02-13,Free,East,0
U_01608,2023-12-17,Free,East,0
U_01609,2023-08-20,Pro,South,0
U_01610,2025-09-06,Free,North,1
U_01611,2024-04-16,Free,West,0
U_01612,2025-09-21,Pro,East,0
U_01613,2024-02-17,Free,North,0
U_01614,2023-09-24,Free,East,0
U_01615,2025-11-04,Free,South,0
U_01616,2025-08-31,Free,North,1
U_01617,2026-01-29,Free,South,1
U_01618,2025-09-17,Pro,East,1
U_01619,2023-10-30,Free,East,1
U_01620,2025-06-02,Free,East,0
U_01621,2025-08-27,Pro,East,0
U_01622,2024-12-04,Enterprise,North,0
U_01623,2026-04-21,Free,West,0
U_01624,2024-04-28,Enterprise,South,0
U_01625,2026-05-25,Free,East,0
U_01626,2025-09-04,Pro,North,0
U_01627,2023-08-14,Pro,North,1
U_01628,2023-08-17,Free,North,1
U_01629,2025-06-25,Free,East,0
U_01630,2025-12-20,Free,North,1
U_01631,2023-10-25,Free,West,1
U_01632,2024-06-28,Free,North,0
U_01633,2025-09-17,Enterprise,East,0
U_01634,2024-01-25,Enterprise,South,0
U_01635,2026-02-04,Free,South,0
U_01636,2025-01-01,Free,South,0
U_01637,2023-10-04,Pro,North,0
U_01638,2024-08-27,Free,North,0
U_01639,2025-04-05,Free,South,1
U_01640,2024-11-11,Free,South,0
U_01641,2025-07-23,Pro,West,0
U_01642,2024-01-03,Free,South,1
U_01643,2025-11-28,Free,East,0
U_01644,2024-08-23,Pro,South,1
U_01645,2025-06-19,Free,North,0
U_01646,2025-06-03,Free,South,0
U_01647,2024-10-20,Free,East,1
U_01648,2024-09-16,Pro,South,0
U_01649,2025-11-17,Free,South,0
U_01650,2026-05-05,Pro,West,0
U_01651,2025-11-15,Free,West,0
U_01652,2025-03-28,Pro,North,1
U_01653,2024-06-08,Enterprise,North,0
U_01654,2023-10-05,Free,East,0
U_01655,2026-06-05,Free,South,1
U_01656,2025-08-20,Free,South,0
U_01657,2025-12-31,Enterprise,South,0
U_01658,2024-07-20,Free,West,1
U_01659,2025-05-08,Free,South,0
U_01660,2026-06-08,Free,North,0
U_01661,2026-01-04,Pro,East,0
U_01662,2025-05-03,Free,South,1
U_01663,2024-06-25,Free,West,1
U_01664,2024-10-31,Pro,East,1
U_01665,2026-03-05,Pro,West,0
U_01666,2024-09-06,Pro,South,0
U_01667,2025-08-01,Free,East,1
U_01668,2025-05-04,Pro,West,0
U_01669,2026-03-14,Free,West,1
U_01670,2025-12-09,Pro,West,0
U_01671,2024-05-30,Pro,North,1
U_01672,2023-08-03,Free,East,1
U_01673,2024-05-08,Free,East,1
U_01674,2024-10-25,Free,South,1
U_01675,2025-04-18,Free,West,0
U_01676,2025-12-18,Pro,East,0
U_01677,2026-03-05,Free,South,1
U_01678,2023-09-16,Pro,South,0
U_01679,2026-01-06,Pro,West,0
U_01680,2025-12-14,Pro,East,1
U_01681,2026-02-11,Enterprise,East,1
U_01682,2025-04-02,Enterprise,West,0
U_01683,2024-05-19,Free,East,1
U_01684,2026-01-25,Free,North,0
U_01685,2025-12-09,Free,North,1
U_01686,2025-07-31,Free,East,1
U_01687,2026-04-02,Pro,West,0
U_01688,2024-08-05,Pro,North,1
U_01689,2023-10-31,Free,South,1
U_01690,2025-03-14,Free,South,1
U_01691,2025-11-29,Free,South,0
U_01692,2024-03-02,Free,East,0
U_01693,2025-10-09,Pro,South,0
U_01694,2026-04-21,Free,South,1
U_01695,2024-04-07,Free,North,0
U_01696,2025-05-09,Pro,West,0
U_01697,2025-07-24,Free,South,0
U_01698,2024-12-10,Free,North,1
U_01699,2024-03-09,Free,South,1
U_01700,2024-04-29,Free,North,0
U_01701,2025-10-10,Enterprise,North,0
U_01702,2025-11-22,Enterprise,North,0
U_01703,2024-12-04,Free,East,1
U_01704,2023-11-03,Enterprise,North,0
U_01705,2025-12-08,Free,West,0
U_01706,2025-11-02,Free,West,0
U_01707,2024-04-06,Pro,North,0
U_01708,2025-04-10,Free,South,0
U_01709,2026-03-15,Pro,North,0
U_01710,2026-03-02,Pro,West,1
U_01711,2025-02-08,Free,West,0
U_01712,2024-12-22,Free,West,0
U_01713,2025-04-21,Pro,North,0
U_01714,2024-02-19,Pro,South,0
U_01715,2024-02-23,Pro,North,1
U_01716,2024-02-10,Free,East,1
U_01717,2025-08-18,Pro,West,1
U_01718,2024-08-22,Free,West,0
U_01719,2025-03-25,Pro,West,0
U_01720,2024-10-04,Free,South,0
U_01721,2025-02-03,Enterprise,East,1
U_01722,2024-01-07,Free,East,0
U_01723,2023-09-18,Pro,East,1
U_01724,2026-06-29,Free,North,1
U_01725,2024-09-03,Pro,North,0
U_01726,2023-11-23,Enterprise,West,0
U_01727,2025-06-06,Free,South,0
U_01728,2025-11-18,Pro,East,1
U_01729,2024-01-15,Free,West,1
U_01730,2025-04-29,Free,West,0
U_01731,2024-08-03,Pro,North,1
U_01732,2025-02-05,Free,South,0
U_01733,2023-08-23,Free,East,0
U_01734,2023-09-06,Free,West,1
U_01735,2026-06-22,Pro,East,0
U_01736,2026-02-10,Pro,North,0
U_01737,2025-01-01,Pro,East,0
U_01738,2025-03-28,Free,East,0
U_01739,2024-05-06,Free,South,1
U_01740,2025-11-09,Free,West,0
U_01741,2024-10-29,Free,North,0
U_01742,2026-05-06,Enterprise,South,1
U_01743,2025-10-27,Pro,North,0
U_01744,2025-12-21,Pro,South,0
U_01745,2026-05-25,Enterprise,South,1
U_01746,2024-04-28,Free,South,1
U_01747,2023-09-11,Pro,West,0
U_01748,2024-03-03,Pro,East,1
U_01749,2024-02-10,Free,South,1
U_01750,2023-10-30,Free,North,0
U_01751,2023-09-25,Free,West,0
U_01752,2025-03-18,Free,West,0
U_01753,2026-02-15,Free,North,1
U_01754,2024-12-02,Free,West,0
U_01755,2026-05-07,Enterprise,East,1
U_01756,2026-03-28,Pro,East,1
U_01757,2023-10-09,Pro,South,0
U_01758,2025-04-30,Pro,West,0
U_01759,2024-09-28,Free,North,0
U_01760,2023-12-07,Pro,East,0
U_01761,2026-05-20,Free,North,1
U_01762,2024-05-02,Pro,North,1
U_01763,2025-03-25,Pro,East,0
U_01764,2025-06-14,Free,South,1
U_01765,2026-05-17,Free,East,0
U_01766,2025-07-15,Pro,North,0
U_01767,2024-09-24,Free,East,1
U_01768,2024-11-21,Free,South,1
U_01769,2024-01-19,Free,South,0
U_01770,2026-05-27,Free,East,0
U_01771,2026-06-24,Pro,North,0
U_01772,2024-03-25,Free,South,1
U_01773,2023-09-12,Pro,North,0
U_01774,2024-04-30,Pro,East,0
U_01775,2024-08-11,Pro,North,1
U_01776,2026-03-21,Free,West,1
U_01777,2026-03-23,Pro,East,0
U_01778,2026-01-10,Free,West,0
U_01779,2023-09-21,Pro,North,0
U_01780,2025-11-17,Free,South,1
U_01781,2025-08-27,Free,North,0
U_01782,2025-06-21,Free,West,0
U_01783,2026-06-17,Free,North,0
U_01784,2023-09-30,Free,East,1
U_01785,2024-01-03,Pro,East,0
U_01786,2025-10-14,Pro,North,1
U_01787,2026-04-29,Enterprise,South,0
U_01788,2025-07-23,Enterprise,South,0
U_01789,2024-06-15,Pro,East,1
U_01790,2025-04-23,Free,South,0
U_01791,2025-10-17,Free,North,0
U_01792,2023-11-22,Free,East,0
U_01793,2024-07-12,Pro,West,0
U_01794,2024-05-01,Enterprise,North,0
U_01795,2023-12-12,Free,West,1
U_01796,2024-12-27,Pro,North,0
U_01797,2024-01-28,Free,South,1
U_01798,2024-04-12,Pro,West,0
U_01799,2024-01-01,Free,West,0
U_01800,2025-07-24,Pro,North,0
U_01801,2023-08-15,Pro,North,1
U_01802,2025-09-04,Pro,North,0
U_01803,2024-02-25,Free,East,0
U_01804,2023-09-09,Free,North,1
U_01805,2026-04-16,Free,North,0
U_01806,2024-03-24,Pro,South,0
U_01807,2026-04-23,Free,West,0
U_01808,2026-02-10,Free,West,0
U_01809,2026-03-06,Free,West,0
U_01810,2023-12-28,Free,North,1
U_01811,2024-11-20,Free,East,0
U_01812,2023-11-13,Pro,South,1
U_01813,2026-04-18,Free,South,1
U_01814,2026-01-15,Pro,East,0
U_01815,2025-06-01,Free,South,0
U_01816,2024-11-26,Free,South,1
U_01817,2024-07-29,Enterprise,South,0
U_01818,2025-12-26,Free,East,1
U_01819,2024-12-23,Pro,South,0
U_01820,2025-06-01,Free,South,1
U_01821,2024-01-01,Pro,West,1
U_01822,2024-03-25,Pro,South,1
U_01823,2023-10-01,Free,North,0
U_01824,2025-08-31,Free,North,1
U_01825,2025-03-13,Free,East,0
U_01826,2024-01-03,Free,West,1
U_01827,2026-02-15,Free,North,0
U_01828,2024-05-11,Free,South,1
U_01829,2024-10-13,Free,West,1
U_01830,2024-01-14,Pro,South,0
U_01831,2024-05-17,Free,North,0
U_01832,2026-01-12,Free,South,1
U_01833,2024-07-23,Pro,East,0
U_01834,2024-01-27,Enterprise,East,0
U_01835,2025-01-06,Free,South,0
U_01836,2024-07-06,Free,South,0
U_01837,2026-03-21,Free,North,1
U_01838,2023-12-01,Free,South,1
U_01839,2026-06-10,Pro,East,1
U_01840,2023-10-01,Enterprise,West,1
U_01841,2026-03-13,Free,North,0
U_01842,2025-07-14,Pro,East,0
U_01843,2024-03-14,Free,East,0
U_01844,2024-12-22,Enterprise,South,0
U_01845,2024-06-02,Free,West,0
U_01846,2024-05-02,Free,East,0
U_01847,2024-03-03,Free,East,0
U_01848,2024-08-24,Pro,North,1
U_01849,2026-06-23,Free,South,0
U_01850,2026-06-30,Pro,East,0
U_01851,2026-04-14,Free,East,1
U_01852,2023-11-14,Free,West,0
U_01853,2024-06-05,Free,West,0
U_01854,2026-03-14,Enterprise,East,0
U_01855,2023-10-02,Free,South,0
U_01856,2025-09-14,Pro,East,0
U_01857,2024-06-09,Pro,East,0
U_01858,2026-06-10,Pro,South,0
U_01859,2023-08-19,Free,East,1
U_01860,2025-12-09,Enterprise,North,1
U_01861,2024-07-30,Pro,East,1
U_01862,2023-12-29,Enterprise,North,0
U_01863,2023-08-04,Free,South,0
U_01864,2026-01-05,Free,West,0
U_01865,2025-02-13,Pro,West,1
U_01866,2024-02-16,Enterprise,South,0
U_01867,2024-11-07,Enterprise,North,0
U_01868,2026-03-31,Free,West,1
U_01869,2024-03-21,Enterprise,West,0
U_01870,2025-04-02,Free,South,0
U_01871,2023-12-27,Free,South,1
U_01872,2024-02-10,Pro,North,1
U_01873,2025-10-31,Free,North,0
U_01874,2025-08-29,Free,West,0
U_01875,2024-02-27,Pro,South,0
U_01876,2023-10-25,Pro,North,0
U_01877,2023-11-03,Enterprise,West,0
U_01878,2025-05-11,Free,West,0
U_01879,2025-01-11,Free,West,0
U_01880,2024-05-19,Free,North,1
U_01881,2024-03-08,Pro,South,0
U_01882,2025-05-15,Free,South,0
U_01883,2025-08-25,Pro,South,1
U_01884,2025-12-14,Free,South,1
U_01885,2025-04-14,Pro,West,0
U_01886,2024-03-04,Pro,North,0
U_01887,2023-10-11,Pro,North,1
U_01888,2025-09-21,Pro,South,0
U_01889,2024-10-10,Free,East,0
U_01890,2025-09-09,Enterprise,North,1
U_01891,2023-09-30,Pro,East,0
U_01892,2025-12-13,Free,West,0
U_01893,2024-07-24,Free,South,0
U_01894,2026-01-15,Free,East,0
U_01895,2026-02-08,Free,West,0
U_01896,2025-01-08,Free,North,0
U_01897,2023-08-18,Pro,South,0
U_01898,2026-03-29,Pro,West,0
U_01899,2024-12-22,Free,North,1
U_01900,2026-02-16,Pro,North,0
U_01901,2024-05-11,Free,South,1
U_01902,2024-02-16,Free,North,0
U_01903,2026-01-04,Free,East,0
U_01904,2024-08-27,Free,West,0
U_01905,2024-01-23,Pro,East,0
U_01906,2024-08-31,Pro,South,0
U_01907,2025-04-27,Free,North,1
U_01908,2023-08-06,Free,South,0
U_01909,2025-02-06,Free,East,1
U_01910,2024-11-19,Pro,East,0
U_01911,2025-02-01,Free,North,0
U_01912,2023-12-08,Pro,South,1
U_01913,2025-09-01,Pro,East,0
U_01914,2025-12-19,Free,North,1
U_01915,2026-02-09,Pro,West,0
U_01916,2024-07-09,Free,South,0
U_01917,2025-08-29,Pro,West,0
U_01918,2024-09-11,Free,South,1
U_01919,2025-10-10,Free,East,0
U_01920,2023-10-06,Pro,West,1
U_01921,2026-02-17,Free,West,0
U_01922,2026-05-15,Free,West,0
U_01923,2025-01-10,Pro,North,1
U_01924,2025-01-30,Pro,South,1
U_01925,2025-02-17,Pro,South,0
U_01926,2025-02-24,Free,South,0
U_01927,2023-08-24,Free,North,0
U_01928,2026-05-29,Free,East,1
U_01929,2024-03-27,Free,South,0
U_01930,2024-02-12,Pro,East,0
U_01931,2023-11-19,Pro,East,0
U_01932,2024-04-24,Pro,South,1
U_01933,2025-12-20,Free,North,0
U_01934,2023-09-03,Free,South,0
U_01935,2023-11-12,Free,South,0
U_01936,2025-08-16,Free,South,0
U_01937,2024-02-25,Pro,West,0
U_01938,2023-08-20,Free,South,0
U_01939,2025-05-01,Free,East,0
U_01940,2025-04-07,Enterprise,East,1
U_01941,2025-02-09,Free,North,1
U_01942,2025-08-20,Free,North,1
U_01943,2023-11-19,Pro,East,1
U_01944,2026-02-13,Pro,South,0
U_01945,2025-09-04,Enterprise,North,0
U_01946,2023-09-19,Pro,South,0
U_01947,2023-12-11,Free,West,0
U_01948,2025-01-09,Free,West,0
U_01949,2025-01-16,Free,South,0
U_01950,2024-05-26,Free,East,1
U_01951,2023-12-10,Free,East,0
U_01952,2024-10-07,Free,South,1
U_01953,2023-12-25,Free,West,0
U_01954,2025-04-23,Free,East,1
U_01955,2026-02-04,Free,East,0
U_01956,2024-01-05,Enterprise,South,0
U_01957,2025-04-03,Free,West,0
U_01958,2025-10-05,Free,West,0
U_01959,2024-01-24,Pro,South,0
U_01960,2025-12-29,Free,East,0
U_01961,2026-04-27,Free,East,0
U_01962,2024-09-19,Pro,West,0
U_01963,2024-10-23,Pro,South,1
U_01964,2026-01-13,Pro,North,0
U_01965,2025-02-12,Free,South,1
U_01966,2024-09-26,Pro,South,1
U_01967,2026-05-01,Free,West,0
U_01968,2025-11-07,Free,West,0
U_01969,2024-07-27,Pro,South,0
U_01970,2024-04-14,Enterprise,South,1
U_01971,2024-07-24,Free,West,0
U_01972,2024-11-08,Free,South,1
U_01973,2026-06-12,Free,South,1
U_01974,2025-12-06,Pro,South,1
U_01975,2026-04-01,Free,North,1
U_01976,2025-12-17,Enterprise,West,0
U_01977,2026-01-21,Free,West,1
U_01978,2023-09-28,Pro,South,0
U_01979,2025-02-03,Free,East,0
U_01980,2026-05-19,Free,West,1
U_01981,2026-04-23,Pro,East,0
U_01982,2024-04-23,Pro,North,0
U_01983,2024-10-24,Free,South,1
U_01984,2025-06-06,Pro,North,0
U_01985,2024-08-24,Pro,North,1
U_01986,2025-02-17,Enterprise,South,0
U_01987,2023-10-14,Free,East,0
U_01988,2024-11-05,Pro,East,1
U_01989,2025-01-21,Pro,North,0
U_01990,2023-08-24,Pro,North,1
U_01991,2023-12-28,Pro,West,1
U_01992,2026-05-31,Free,North,1
U_01993,2025-11-06,Free,East,1
U_01994,2026-04-26,Pro,West,0
U_01995,2025-06-07,Free,South,1
U_01996,2025-12-11,Enterprise,North,0
U_01997,2026-03-01,Pro,West,1
U_01998,2026-03-02,Pro,South,0
U_01999,2023-09-07,Free,South,0
U_02000,2025-06-15,Free,South,1
U_02001,2024-05-11,Free,North,0
U_02002,2025-07-25,Free,West,0
U_02003,2024-05-19,Free,East,1
U_02004,2025-03-02,Free,South,1
U_02005,2026-04-13,Free,South,0
U_02006,2025-05-25,Free,South,0
U_02007,2024-04-25,Pro,North,1
U_02008,2025-02-06,Free,West,0
U_02009,2024-11-06,Free,South,0
U_02010,2026-05-11,Pro,South,0
U_02011,2024-06-03,Pro,East,0
U_02012,2024-06-22,Enterprise,East,1
U_02013,2025-06-22,Free,North,0
U_02014,2023-12-08,Enterprise,North,0
U_02015,2025-04-26,Pro,South,1
U_02016,2026-05-17,Free,West,1
U_02017,2025-01-30,Free,West,0
U_02018,2024-05-14,Pro,West,1
U_02019,2024-12-11,Pro,West,1
U_02020,2025-02-21,Pro,South,1
U_02021,2024-01-07,Pro,West,0
U_02022,2023-12-12,Free,North,1
U_02023,2023-12-20,Free,West,0
U_02024,2024-06-09,Free,South,0
U_02025,2024-10-08,Free,East,1
U_02026,2024-06-04,Pro,South,1
U_02027,2024-04-17,Free,East,0
U_02028,2023-11-03,Pro,North,1
U_02029,2025-03-06,Free,North,1
U_02030,2026-01-13,Pro,East,0
U_02031,2025-05-13,Enterprise,North,1
U_02032,2025-03-31,Pro,West,0
U_02033,2025-06-25,Free,West,0
U_02034,2024-03-03,Free,West,0
U_02035,2025-08-28,Free,North,1
U_02036,2024-12-05,Pro,North,0
U_02037,2025-03-08,Pro,North,0
U_02038,2025-05-16,Pro,West,0
U_02039,2024-12-13,Free,South,0
U_02040,2024-06-27,Free,North,0
U_02041,2024-04-16,Free,North,0
U_02042,2024-03-25,Free,West,1
U_02043,2025-01-29,Free,East,0
U_02044,2024-09-13,Pro,South,1
U_02045,2025-04-17,Free,East,1
U_02046,2023-08-14,Enterprise,East,1
U_02047,2024-08-11,Free,North,1
U_02048,2026-02-05,Pro,East,0
U_02049,2024-04-12,Free,North,1
U_02050,2025-03-17,Free,East,0
U_02051,2025-01-06,Pro,West,1
U_02052,2024-05-31,Free,South,0
U_02053,2026-06-19,Enterprise,East,0
U_02054,2024-06-12,Free,South,1
U_02055,2025-11-02,Free,East,0
U_02056,2024-01-18,Enterprise,East,0
U_02057,2023-10-12,Pro,West,0
U_02058,2026-02-15,Pro,East,0
U_02059,2024-11-13,Free,West,0
U_02060,2023-10-07,Pro,South,0
U_02061,2024-09-18,Enterprise,West,0
U_02062,2024-11-12,Free,East,0
U_02063,2025-09-23,Pro,West,1
U_02064,2023-11-26,Free,South,0
U_02065,2024-03-29,Pro,West,1
U_02066,2026-05-20,Free,South,1
U_02067,2025-09-27,Free,South,1
U_02068,2024-01-13,Pro,West,0
U_02069,2024-07-26,Free,East,0
U_02070,2024-08-11,Pro,South,0
U_02071,2025-07-21,Pro,North,1
U_02072,2025-05-19,Free,West,0
U_02073,2026-01-24,Pro,South,0
U_02074,2025-12-24,Pro,East,1
U_02075,2025-02-03,Free,North,0
U_02076,2025-09-27,Free,West,0
U_02077,2025-10-02,Free,South,1
U_02078,2025-10-19,Enterprise,North,1
U_02079,2024-12-20,Free,North,0
U_02080,2025-11-15,Pro,West,0
U_02081,2025-08-26,Free,North,0
U_02082,2026-04-03,Free,West,0
U_02083,2023-12-15,Pro,West,1
U_02084,2026-02-15,Pro,North,0
U_02085,2023-08-06,Free,North,0
U_02086,2025-10-26,Enterprise,West,0
U_02087,2025-04-17,Enterprise,West,0
U_02088,2025-01-13,Pro,East,0
U_02089,2026-05-24,Free,South,1
U_02090,2025-04-02,Pro,East,0
U_02091,2024-10-20,Pro,East,0
U_02092,2025-11-14,Free,East,0
U_02093,2026-02-17,Pro,East,1
U_02094,2025-05-10,Free,East,1
U_02095,2024-09-09,Free,West,1
U_02096,2024-11-26,Pro,East,0
U_02097,2024-12-02,Free,North,1
U_02098,2025-09-10,Free,South,0
U_02099,2024-06-09,Pro,West,0
U_02100,2024-09-21,Pro,East,1
U_02101,2025-03-16,Free,North,1
U_02102,2024-09-14,Pro,North,0
U_02103,2024-07-10,Pro,North,0
U_02104,2025-11-18,Free,North,1
U_02105,2026-01-23,Free,West,0
U_02106,2025-01-15,Free,South,0
U_02107,2024-11-17,Pro,West,0
U_02108,2024-02-14,Free,East,0
U_02109,2024-06-21,Pro,West,0
U_02110,2024-01-03,Pro,East,0
U_02111,2025-04-06,Free,South,1
U_02112,2025-04-12,Free,North,0
U_02113,2023-11-03,Free,North,1
U_02114,2026-04-08,Free,West,0
U_02115,2024-07-12,Pro,West,1
U_02116,2026-01-17,Free,West,1
U_02117,2026-01-11,Free,North,0
U_02118,2026-05-20,Free,North,1
U_02119,2024-03-06,Free,West,1
U_02120,2024-10-29,Pro,West,0
U_02121,2026-03-29,Pro,West,1
U_02122,2023-08-13,Pro,West,1
U_02123,2023-09-21,Pro,North,0
U_02124,2025-03-26,Pro,East,0
U_02125,2025-01-13,Free,North,1
U_02126,2026-04-09,Enterprise,East,0
U_02127,2025-11-03,Pro,West,0
U_02128,2025-02-26,Free,West,1
U_02129,2026-07-01,Free,West,1
U_02130,2025-02-03,Pro,East,0
U_02131,2025-02-03,Pro,East,1
U_02132,2025-08-01,Free,South,0
U_02133,2024-09-20,Free,East,1
U_02134,2024-08-17,Enterprise,South,0
U_02135,2025-04-26,Pro,South,0
U_02136,2024-08-10,Free,West,1
U_02137,2026-05-08,Free,South,0
U_02138,2025-07-23,Pro,East,1
U_02139,2025-02-11,Free,East,1
U_02140,2023-11-15,Pro,North,0
U_02141,2024-09-04,Pro,West,0
U_02142,2024-10-02,Pro,East,0
U_02143,2025-03-22,Free,West,0
U_02144,2025-04-04,Free,North,0
U_02145,2026-02-24,Free,West,0
U_02146,2026-05-26,Free,North,1
U_02147,2025-01-01,Free,East,0
U_02148,2024-11-13,Free,North,0
U_02149,2025-05-28,Pro,South,1
U_02150,2026-06-28,Pro,South,1
U_02151,2024-08-01,Free,West,0
U_02152,2025-02-17,Free,West,1
U_02153,2025-12-18,Free,South,0
U_02154,2024-01-30,Free,South,0
U_02155,2024-07-06,Pro,North,1
U_02156,2026-06-10,Pro,North,1
U_02157,2025-12-29,Free,North,1
U_02158,2025-01-29,Pro,West,0
U_02159,2023-11-27,Pro,North,0
U_02160,2026-03-12,Free,West,1
U_02161,2025-08-06,Pro,South,0
U_02162,2025-12-23,Pro,North,0
U_02163,2026-06-22,Pro,South,0
U_02164,2026-03-05,Pro,North,1
U_02165,2024-10-23,Free,North,1
U_02166,2024-01-15,Free,East,1
U_02167,2024-06-06,Pro,West,1
U_02168,2025-01-28,Free,West,1
U_02169,2025-01-21,Free,South,1
U_02170,2024-02-18,Free,East,0
U_02171,2024-02-12,Pro,East,0
U_02172,2025-06-03,Pro,West,1
U_02173,2025-05-05,Pro,East,0
U_02174,2024-08-12,Enterprise,East,1
U_02175,2026-06-26,Free,North,0
U_02176,2025-06-10,Free,West,0
U_02177,2023-09-16,Pro,West,0
U_02178,2024-10-13,Free,North,0
U_02179,2025-11-18,Pro,West,0
U_02180,2024-06-23,Free,West,0
U_02181,2025-08-07,Free,West,0
U_02182,2023-08-06,Free,North,1
U_02183,2024-06-21,Free,East,0
U_02184,2026-01-15,Enterprise,East,1
U_02185,2025-04-17,Pro,West,0
U_02186,2025-07-14,Free,South,0
U_02187,2024-02-27,Free,North,0
U_02188,2025-01-13,Pro,East,0
U_02189,2025-03-13,Free,South,0
U_02190,2024-05-11,Pro,West,0
U_02191,2025-06-21,Free,North,0
U_02192,2025-02-18,Pro,East,0
U_02193,2026-06-29,Free,West,0
U_02194,2025-04-05,Free,West,0
U_02195,2024-10-13,Pro,North,0
U_02196,2023-12-09,Enterprise,East,0
U_02197,2024-01-16,Free,West,0
U_02198,2025-10-19,Enterprise,West,0
U_02199,2023-11-23,Free,West,0
U_02200,2023-11-16,Pro,West,0
U_02201,2024-01-30,Free,West,0
U_02202,2025-02-08,Free,South,0
U_02203,2025-12-26,Pro,South,0
U_02204,2025-05-16,Pro,East,0
U_02205,2025-12-08,Pro,South,0
U_02206,2023-10-07,Free,West,1
U_02207,2023-08-15,Pro,North,0
U_02208,2025-10-31,Free,South,0
U_02209,2024-07-11,Free,North,1
U_02210,2025-09-02,Pro,East,0
U_02211,2024-08-13,Pro,South,0
U_02212,2024-01-29,Enterprise,West,0
U_02213,2024-05-12,Enterprise,North,1
U_02214,2023-11-16,Enterprise,East,1
U_02215,2026-03-22,Free,East,1
U_02216,2025-04-13,Free,South,1
U_02217,2024-08-07,Free,West,1
U_02218,2024-11-23,Free,West,0
U_02219,2024-09-16,Free,South,1
U_02220,2023-09-29,Free,North,0
U_02221,2026-03-08,Enterprise,East,0
U_02222,2025-04-14,Free,South,1
U_02223,2026-05-20,Enterprise,East,1
U_02224,2024-11-12,Pro,East,1
U_02225,2025-05-24,Free,West,0
U_02226,2024-04-23,Free,East,1
U_02227,2023-09-17,Enterprise,South,0
U_02228,2026-04-20,Free,South,1
U_02229,2026-01-29,Free,West,0
U_02230,2024-07-02,Free,West,0
U_02231,2026-03-17,Free,North,1
U_02232,2025-12-18,Free,East,0
U_02233,2024-06-20,Free,West,0
U_02234,2025-05-05,Free,North,0
U_02235,2026-05-21,Pro,East,0
U_02236,2025-01-11,Enterprise,East,0
U_02237,2026-05-10,Pro,West,1
U_02238,2024-04-16,Free,West,0
U_02239,2024-09-20,Pro,South,1
U_02240,2025-09-05,Pro,East,0
U_02241,2024-03-25,Enterprise,East,0
U_02242,2024-06-26,Enterprise,South,0
U_02243,2026-02-20,Enterprise,East,1
U_02244,2024-12-30,Free,South,0
U_02245,2025-11-24,Free,East,1
U_02246,2024-04-17,Free,West,1
U_02247,2024-02-02,Pro,East,1
U_02248,2024-08-18,Pro,East,0
U_02249,2024-02-16,Free,South,1
U_02250,2026-06-02,Pro,East,0
U_02251,2024-06-06,Free,East,0
U_02252,2025-03-22,Free,South,1
U_02253,2023-12-02,Free,North,1
U_02254,2025-02-20,Pro,North,1
U_02255,2024-09-16,Pro,East,0
U_02256,2024-10-04,Free,West,0
U_02257,2023-10-10,Pro,North,0
U_02258,2023-12-11,Pro,East,0
U_02259,2025-12-29,Enterprise,West,1
U_02260,2024-08-10,Free,South,0
U_02261,2024-04-19,Free,South,1
U_02262,2024-02-21,Pro,North,0
U_02263,2024-05-30,Free,South,1
U_02264,2024-04-10,Pro,West,1
U_02265,2023-09-08,Free,South,0
U_02266,2025-07-10,Free,West,0
U_02267,2024-07-30,Free,East,0
U_02268,2024-01-15,Free,East,0
U_02269,2025-08-23,Free,West,0
U_02270,2023-11-08,Free,North,1
U_02271,2024-05-15,Free,West,0
U_02272,2026-01-08,Pro,South,0
U_02273,2023-12-16,Enterprise,North,1
U_02274,2024-11-16,Pro,West,0
U_02275,2026-01-09,Pro,North,0
U_02276,2025-12-07,Pro,South,0
U_02277,2024-01-18,Pro,West,0
U_02278,2024-08-12,Free,North,0
U_02279,2025-09-10,Free,North,0
U_02280,2024-09-06,Free,East,0
U_02281,2026-05-19,Pro,North,0
U_02282,2024-03-10,Pro,West,1
U_02283,2026-05-11,Pro,East,0
U_02284,2025-01-21,Pro,North,0
U_02285,2024-03-31,Enterprise,South,1
U_02286,2024-11-26,Pro,East,0
U_02287,2023-12-19,Free,North,0
U_02288,2025-08-24,Free,North,0
U_02289,2024-05-05,Pro,West,1
U_02290,2026-03-17,Free,East,0
U_02291,2025-04-19,Free,East,1
U_02292,2024-08-28,Free,South,0
U_02293,2024-04-20,Free,South,1
U_02294,2025-05-11,Free,North,0
U_02295,2024-03-15,Pro,West,0
U_02296,2026-02-16,Free,North,0
U_02297,2023-12-10,Free,North,1
U_02298,2025-01-29,Pro,North,0
U_02299,2025-03-02,Pro,West,1
U_02300,2024-05-16,Free,South,1
U_02301,2025-11-01,Enterprise,South,1
U_02302,2024-09-15,Pro,East,0
U_02303,2025-07-02,Free,North,0
U_02304,2025-03-29,Free,North,0
U_02305,2024-06-28,Pro,South,0
U_02306,2024-09-20,Pro,North,1
U_02307,2023-11-01,Pro,East,1
U_02308,2024-02-06,Pro,North,0
U_02309,2026-01-25,Free,North,1
U_02310,2024-07-09,Pro,West,0
U_02311,2025-07-08,Pro,West,1
U_02312,2023-11-26,Free,South,0
U_02313,2025-03-23,Free,West,0
U_02314,2024-08-21,Free,East,1
U_02315,2025-01-16,Free,East,0
U_02316,2024-06-13,Free,West,1
U_02317,2023-10-11,Enterprise,East,0
U_02318,2024-06-28,Enterprise,North,0
U_02319,2024-03-30,Free,North,0
U_02320,2023-12-14,Pro,North,0
U_02321,2025-09-03,Pro,West,0
U_02322,2024-05-29,Pro,West,1
U_02323,2024-10-05,Pro,West,0
U_02324,2026-03-27,Pro,East,0
U_02325,2025-11-05,Pro,North,1
U_02326,2026-02-28,Free,East,0
U_02327,2026-02-05,Free,West,0
U_02328,2023-12-20,Free,North,1
U_02329,2024-05-22,Free,South,0
U_02330,2023-09-02,Free,North,1
U_02331,2025-07-26,Free,West,0
U_02332,2025-07-09,Pro,South,0
U_02333,2024-08-10,Pro,East,0
U_02334,2024-10-14,Pro,West,0
U_02335,2025-07-04,Free,South,0
U_02336,2025-08-16,Pro,East,0
U_02337,2024-04-22,Pro,North,0
U_02338,2026-01-20,Enterprise,North,1
U_02339,2024-08-11,Pro,West,0
U_02340,2025-06-02,Free,North,0
U_02341,2024-02-11,Enterprise,South,1
U_02342,2023-12-02,Free,South,1
U_02343,2026-03-31,Free,South,1
U_02344,2025-09-22,Free,West,1
U_02345,2025-08-30,Free,East,0
U_02346,2023-09-14,Free,North,0
U_02347,2023-09-13,Free,West,0
U_02348,2024-01-21,Enterprise,East,0
U_02349,2024-02-29,Free,North,1
U_02350,2024-06-20,Pro,South,0
U_02351,2024-09-10,Free,East,0
U_02352,2023-09-12,Free,West,0
U_02353,2024-06-28,Free,East,0
U_02354,2025-06-12,Pro,South,1
U_02355,2024-02-09,Pro,South,0
U_02356,2026-01-12,Pro,South,0
U_02357,2025-03-31,Pro,West,1
U_02358,2025-09-03,Free,South,1
U_02359,2024-04-29,Free,West,0
U_02360,2024-11-07,Free,East,0
U_02361,2025-07-31,Free,East,0
U_02362,2024-08-08,Free,East,0
U_02363,2023-08-03,Free,South,1
U_02364,2026-01-07,Enterprise,East,0
U_02365,2025-11-06,Free,West,0
U_02366,2024-06-02,Pro,East,0
U_02367,2023-09-16,Pro,North,0
U_02368,2026-01-28,Free,East,0
U_02369,2025-05-10,Free,East,0
U_02370,2023-09-21,Pro,North,0
U_02371,2024-04-18,Free,South,1
U_02372,2023-11-28,Pro,North,0
U_02373,2025-11-22,Free,South,0
U_02374,2024-03-13,Free,West,0
U_02375,2026-04-02,Free,East,0
U_02376,2025-10-08,Pro,East,0
U_02377,2023-11-01,Pro,North,1
U_02378,2025-08-11,Pro,East,0
U_02379,2024-09-24,Enterprise,East,0
U_02380,2025-10-06,Free,North,0
U_02381,2026-01-01,Free,East,1
U_02382,2024-05-27,Pro,West,0
U_02383,2023-11-05,Free,South,0
U_02384,2026-05-06,Free,East,1
U_02385,2024-10-26,Free,South,1
U_02386,2026-04-19,Free,East,0
U_02387,2025-08-08,Free,West,1
U_02388,2025-09-27,Free,North,0
U_02389,2026-01-02,Free,North,1
U_02390,2025-06-01,Enterprise,South,0
U_02391,2024-11-26,Pro,South,0
U_02392,2023-09-28,Free,East,0
U_02393,2025-08-15,Free,South,1
U_02394,2024-10-31,Free,East,1
U_02395,2025-01-28,Free,South,0
U_02396,2026-04-17,Free,West,0
U_02397,2023-12-16,Free,South,1
U_02398,2025-10-22,Pro,South,1
U_02399,2023-09-17,Free,South,0
U_02400,2025-08-20,Free,North,0
U_02401,2025-12-07,Free,West,0
U_02402,2024-05-06,Pro,North,1
U_02403,2025-03-06,Pro,North,1
U_02404,2026-05-31,Pro,East,0
U_02405,2025-06-11,Pro,North,1
U_02406,2025-03-03,Pro,West,0
U_02407,2024-04-24,Pro,North,0
U_02408,2023-10-04,Free,North,0
U_02409,2024-08-17,Free,East,0
U_02410,2024-10-13,Pro,West,0
U_02411,2024-03-03,Free,East,0
U_02412,2024-06-28,Free,North,1
U_02413,2023-12-25,Free,East,1
U_02414,2025-08-24,Free,East,0
U_02415,2025-07-16,Free,East,0
U_02416,2024-04-11,Enterprise,East,1
U_02417,2024-04-15,Free,South,0
U_02418,2025-02-01,Pro,North,0
U_02419,2024-11-18,Pro,South,1
U_02420,2026-04-25,Free,South,0
U_02421,2024-08-10,Free,South,0
U_02422,2024-06-16,Pro,North,0
U_02423,2026-03-02,Free,South,0
U_02424,2023-12-31,Free,South,0
U_02425,2025-03-24,Free,South,0
U_02426,2024-07-22,Free,East,1
U_02427,2025-12-18,Free,East,1
U_02428,2025-03-08,Pro,North,0
U_02429,2025-10-20,Free,South,0
U_02430,2024-01-29,Free,East,1
U_02431,2025-07-12,Pro,West,0
U_02432,2025-05-01,Free,East,1
U_02433,2024-12-05,Enterprise,East,1
U_02434,2025-10-26,Free,West,1
U_02435,2026-01-04,Pro,West,1
U_02436,2023-12-02,Free,West,0
U_02437,2024-06-05,Free,East,1
U_02438,2024-08-20,Free,North,1
U_02439,2024-03-09,Enterprise,East,1
U_02440,2023-10-05,Free,South,1
U_02441,2024-05-27,Free,West,0
U_02442,2024-02-28,Free,South,1
U_02443,2025-08-18,Enterprise,South,0
U_02444,2024-11-21,Pro,South,1
U_02445,2023-11-30,Enterprise,North,1
U_02446,2024-07-12,Free,East,0
U_02447,2024-12-13,Enterprise,West,1
U_02448,2024-08-22,Free,East,1
U_02449,2024-01-28,Free,West,0
U_02450,2023-10-17,Free,West,1
U_02451,2023-08-13,Enterprise,West,1
U_02452,2026-06-24,Free,North,0
U_02453,2025-10-09,Free,South,0
U_02454,2023-10-30,Pro,East,1
U_02455,2025-09-04,Free,North,0
U_02456,2026-06-11,Pro,West,1
U_02457,2025-03-24,Pro,East,0
U_02458,2023-11-25,Free,East,0
U_02459,2025-01-04,Free,North,0
U_02460,2024-11-06,Free,East,1
U_02461,2024-02-20,Enterprise,North,1
U_02462,2025-03-02,Pro,West,0
U_02463,2023-08-10,Free,East,0
U_02464,2026-04-08,Free,East,0
U_02465,2025-06-19,Free,West,1
U_02466,2025-06-01,Free,North,0
U_02467,2026-04-24,Enterprise,North,0
U_02468,2025-06-27,Pro,North,1
U_02469,2024-04-26,Free,North,1
U_02470,2024-04-20,Pro,North,0
U_02471,2023-12-27,Pro,East,1
U_02472,2023-08-31,Free,South,0
U_02473,2025-11-04,Free,West,0
U_02474,2026-01-12,Free,East,0
U_02475,2024-06-12,Pro,West,0
U_02476,2024-02-15,Pro,South,1
U_02477,2025-06-12,Free,North,0
U_02478,2026-01-19,Free,East,1
U_02479,2026-04-15,Pro,West,0
U_02480,2024-01-28,Pro,South,1
U_02481,2025-11-15,Pro,South,1
U_02482,2026-01-03,Free,West,0
U_02483,2025-10-01,Free,North,0
U_02484,2024-07-15,Free,East,1
U_02485,2024-02-14,Pro,West,0
U_02486,2025-12-28,Free,South,1
U_02487,2024-07-08,Free,South,0
U_02488,2024-08-28,Free,North,0
U_02489,2025-03-11,Free,North,1
U_02490,2024-08-29,Pro,East,1
U_02491,2026-01-04,Free,West,1
U_02492,2024-04-13,Enterprise,West,0
U_02493,2023-09-14,Enterprise,West,0
U_02494,2025-03-28,Free,North,0
U_02495,2025-06-01,Pro,West,0
U_02496,2025-12-22,Free,South,1
U_02497,2025-08-23,Enterprise,South,0
U_02498,2026-03-23,Free,West,0
U_02499,2026-05-05,Pro,South,1
U_02500,2025-01-10,Free,South,0
U_02501,2025-01-15,Pro,North,0
U_02502,2024-01-16,Free,East,1
U_02503,2024-06-16,Free,South,1
U_02504,2025-04-12,Free,West,1
U_02505,2023-10-26,Free,South,0
U_02506,2025-08-04,Pro,East,1
U_02507,2024-01-23,Free,East,1
U_02508,2024-11-16,Free,South,1
U_02509,2026-05-31,Enterprise,West,0
U_02510,2023-11-05,Pro,North,0
U_02511,2023-09-13,Free,West,1
U_02512,2024-11-12,Pro,South,0
U_02513,2024-02-21,Pro,West,0
U_02514,2025-09-10,Free,East,1
U_02515,2023-08-04,Pro,East,0
U_02516,2026-01-14,Pro,South,0
U_02517,2026-01-29,Free,North,0
U_02518,2025-11-17,Free,North,0
U_02519,2024-10-28,Pro,West,1
U_02520,2024-05-29,Free,North,1
U_02521,2025-07-07,Free,North,0
U_02522,2025-01-31,Enterprise,East,0
U_02523,2024-10-24,Free,West,0
U_02524,2024-07-28,Enterprise,East,0
U_02525,2024-11-11,Free,North,0
U_02526,2025-07-12,Free,North,1
U_02527,2025-12-29,Free,North,0
U_02528,2026-03-22,Free,North,1
U_02529,2024-01-24,Pro,North,1
U_02530,2024-06-12,Free,South,0
U_02531,2024-11-16,Free,North,1
U_02532,2025-03-24,Pro,North,0
U_02533,2024-08-07,Enterprise,South,0
U_02534,2024-02-26,Pro,South,0
U_02535,2023-10-31,Pro,South,0
U_02536,2024-07-12,Pro,West,0
U_02537,2024-12-04,Pro,West,0
U_02538,2026-06-02,Free,West,0
U_02539,2026-03-27,Pro,North,0
U_02540,2026-02-09,Free,West,0
U_02541,2026-06-05,Free,South,1
U_02542,2026-05-23,Free,East,1
U_02543,2025-05-23,Free,South,0
U_02544,2025-12-13,Enterprise,North,0
U_02545,2023-10-04,Free,North,1
U_02546,2025-07-23,Enterprise,West,0
U_02547,2025-05-12,Pro,North,0
U_02548,2024-06-13,Free,South,0
U_02549,2025-04-01,Free,West,1
U_02550,2026-05-13,Free,East,0
U_02551,2024-12-26,Pro,East,0
U_02552,2025-06-22,Pro,West,0
U_02553,2024-06-16,Free,North,0
U_02554,2024-08-02,Pro,South,1
U_02555,2026-03-02,Pro,East,0
U_02556,2023-08-31,Free,South,1
U_02557,2024-02-19,Pro,South,0
U_02558,2025-07-25,Enterprise,North,0
U_02559,2024-11-20,Free,South,1
U_02560,2023-10-31,Free,East,0
U_02561,2025-07-06,Free,West,1
U_02562,2024-09-01,Pro,South,0
U_02563,2025-04-12,Pro,West,0
U_02564,2024-10-18,Free,East,0
U_02565,2025-02-16,Pro,North,0
U_02566,2025-03-26,Free,West,0
U_02567,2024-09-27,Free,South,1
U_02568,2023-12-01,Pro,West,0
U_02569,2024-02-10,Free,West,1
U_02570,2026-03-07,Pro,West,0
U_02571,2025-03-08,Enterprise,East,0
U_02572,2023-11-29,Pro,West,0
U_02573,2026-02-06,Pro,North,1
U_02574,2024-04-28,Pro,North,0
U_02575,2023-11-11,Pro,West,1
U_02576,2025-02-17,Pro,South,0
U_02577,2024-04-26,Pro,South,0
U_02578,2025-01-04,Pro,North,0
U_02579,2025-03-14,Pro,East,1
U_02580,2024-03-30,Free,North,1
U_02581,2025-04-03,Free,South,1
U_02582,2023-11-30,Pro,South,1
U_02583,2025-01-30,Pro,South,0
U_02584,2025-04-20,Free,South,0
U_02585,2023-10-26,Free,South,0
U_02586,2024-10-09,Free,West,1
U_02587,2023-10-19,Enterprise,North,0
U_02588,2024-11-12,Pro,North,1
U_02589,2026-02-07,Free,North,0
U_02590,2025-03-10,Pro,South,1
U_02591,2025-09-01,Free,East,0
U_02592,2025-10-16,Pro,West,0
U_02593,2023-12-02,Enterprise,North,1
U_02594,2026-06-23,Free,South,0
U_02595,2025-09-09,Enterprise,West,0
U_02596,2023-11-18,Pro,West,0
U_02597,2026-01-03,Free,West,0
U_02598,2024-09-22,Free,East,0
U_02599,2024-01-31,Pro,East,1
U_02600,2026-05-21,Free,North,1
U_02601,2025-03-24,Free,East,1
U_02602,2025-11-05,Free,West,0
U_02603,2023-12-25,Free,East,1
U_02604,2025-11-06,Pro,West,0
U_02605,2023-10-02,Pro,South,1
U_02606,2024-04-10,Enterprise,East,1
U_02607,2024-09-01,Pro,East,0
U_02608,2023-08-18,Pro,West,0
U_02609,2025-04-26,Pro,East,1
U_02610,2024-03-16,Free,East,0
U_02611,2024-06-16,Free,West,0
U_02612,2025-08-25,Pro,South,0
U_02613,2024-10-29,Free,East,1
U_02614,2026-03-06,Pro,East,1
U_02615,2025-05-25,Pro,West,0
U_02616,2026-02-16,Free,South,0
U_02617,2025-03-24,Pro,South,1
U_02618,2026-04-06,Free,East,0
U_02619,2026-02-15,Free,West,0
U_02620,2024-01-28,Free,East,0
U_02621,2025-10-04,Pro,South,0
U_02622,2024-07-30,Pro,East,1
U_02623,2025-10-24,Pro,North,1
U_02624,2025-07-27,Enterprise,North,0
U_02625,2025-12-29,Enterprise,North,0
U_02626,2023-12-10,Free,East,1
U_02627,2024-09-02,Pro,West,0
U_02628,2025-09-25,Free,East,1
U_02629,2026-05-08,Pro,West,1
U_02630,2025-09-09,Free,South,1
U_02631,2023-09-17,Pro,West,0
U_02632,2025-05-06,Free,West,1
U_02633,2023-11-16,Free,North,1
U_02634,2025-03-09,Free,East,0
U_02635,2025-12-05,Pro,East,0
U_02636,2023-11-30,Pro,North,0
U_02637,2026-04-14,Enterprise,South,0
U_02638,2025-07-21,Free,West,0
U_02639,2024-04-29,Enterprise,North,1
U_02640,2024-02-23,Free,East,0
U_02641,2024-11-20,Enterprise,North,0
U_02642,2026-01-11,Free,North,1
U_02643,2025-04-12,Free,East,0
U_02644,2023-12-01,Free,East,0
U_02645,2023-08-24,Enterprise,South,1
U_02646,2023-11-27,Pro,West,1
U_02647,2025-12-02,Free,East,1
U_02648,2024-02-15,Free,West,0
U_02649,2025-03-14,Free,South,0
U_02650,2024-06-06,Free,North,0
U_02651,2025-08-03,Free,North,0
U_02652,2024-09-10,Free,South,0
U_02653,2024-01-02,Pro,South,1
U_02654,2026-02-20,Free,East,0
U_02655,2025-02-25,Enterprise,West,0
U_02656,2025-08-06,Free,North,1
U_02657,2025-12-10,Free,North,0
U_02658,2026-05-09,Free,East,1
U_02659,2023-08-16,Pro,North,0
U_02660,2024-07-31,Pro,North,0
U_02661,2024-01-09,Free,South,1
U_02662,2025-01-17,Free,East,1
U_02663,2026-02-17,Pro,West,0
U_02664,2025-12-02,Pro,North,1
U_02665,2023-09-08,Free,South,0
U_02666,2024-02-12,Free,North,0
U_02667,2025-12-21,Pro,South,1
U_02668,2025-07-26,Free,South,0
U_02669,2024-09-23,Free,East,1
U_02670,2024-12-21,Pro,South,1
U_02671,2024-01-17,Free,West,1
U_02672,2026-01-18,Free,North,0
U_02673,2024-09-24,Free,North,0
U_02674,2026-02-17,Enterprise,East,0
U_02675,2025-05-14,Pro,West,0
U_02676,2023-10-21,Free,North,1
U_02677,2024-07-18,Free,West,1
U_02678,2024-03-19,Free,West,0
U_02679,2026-03-11,Enterprise,West,1
U_02680,2025-04-21,Free,East,0
U_02681,2023-09-17,Free,South,0
U_02682,2024-01-29,Enterprise,East,0
U_02683,2024-08-20,Enterprise,West,0
U_02684,2024-12-12,Free,North,1
U_02685,2025-04-08,Pro,North,0
U_02686,2024-09-18,Pro,West,0
U_02687,2024-08-13,Free,East,1
U_02688,2023-08-08,Free,East,0
U_02689,2025-04-10,Enterprise,East,0
U_02690,2024-07-22,Pro,North,0
U_02691,2023-08-23,Free,West,1
U_02692,2024-12-03,Free,South,1
U_02693,2026-06-18,Pro,South,1
U_02694,2023-09-19,Pro,North,1
U_02695,2024-01-04,Free,East,1
U_02696,2025-07-17,Free,West,1
U_02697,2024-05-18,Free,West,1
U_02698,2024-05-19,Free,East,1
U_02699,2025-01-16,Pro,North,1
U_02700,2024-05-07,Free,North,0
U_02701,2025-03-30,Pro,South,0
U_02702,2025-02-15,Free,West,1
U_02703,2026-05-18,Pro,South,0
U_02704,2026-06-24,Pro,North,0
U_02705,2023-09-07,Pro,North,1
U_02706,2025-03-21,Free,West,0
U_02707,2025-10-31,Free,South,0
U_02708,2026-02-16,Pro,North,0
U_02709,2025-11-04,Pro,South,1
U_02710,2025-06-06,Free,East,1
U_02711,2025-06-08,Pro,East,0
U_02712,2024-08-22,Pro,East,0
U_02713,2024-05-28,Free,North,1
U_02714,2025-11-26,Free,East,1
U_02715,2026-02-17,Pro,South,0
U_02716,2026-04-28,Free,South,1
U_02717,2025-07-28,Free,North,0
U_02718,2024-06-21,Free,West,1
U_02719,2025-10-23,Free,South,0
U_02720,2025-09-28,Free,East,1
U_02721,2025-01-25,Free,South,1
U_02722,2025-06-09,Pro,West,0
U_02723,2024-08-09,Free,South,1
U_02724,2025-03-11,Enterprise,West,0
U_02725,2024-10-07,Pro,North,0
U_02726,2023-10-05,Free,North,0
U_02727,2024-07-26,Free,North,0
U_02728,2024-07-11,Pro,West,1
U_02729,2026-06-20,Free,North,1
U_02730,2024-12-27,Pro,South,1
U_02731,2024-08-27,Pro,West,1
U_02732,2024-04-17,Free,East,0
U_02733,2024-04-08,Free,West,1
U_02734,2024-08-08,Pro,North,0
U_02735,2023-12-24,Free,North,0
U_02736,2023-08-09,Enterprise,East,1
U_02737,2026-02-15,Pro,South,0
U_02738,2024-11-27,Free,North,1
U_02739,2024-11-18,Free,East,1
U_02740,2025-03-30,Free,East,0
U_02741,2024-06-19,Free,East,0
U_02742,2024-01-29,Free,East,1
U_02743,2023-10-11,Free,West,0
U_02744,2024-06-18,Free,East,1
U_02745,2024-06-25,Free,North,1
U_02746,2025-09-14,Free,South,1
U_02747,2025-03-11,Pro,North,1
U_02748,2026-04-27,Free,South,0
U_02749,2024-07-29,Pro,East,0
U_02750,2026-04-10,Free,North,1
U_02751,2025-04-14,Enterprise,East,0
U_02752,2023-10-26,Free,South,1
U_02753,2024-02-08,Free,West,0
U_02754,2025-04-11,Free,East,0
U_02755,2026-06-19,Enterprise,East,1
U_02756,2024-08-16,Free,North,1
U_02757,2025-11-04,Free,South,0
U_02758,2024-10-31,Free,West,1
U_02759,2026-02-12,Free,South,0
U_02760,2023-10-13,Free,South,0
U_02761,2024-12-30,Enterprise,South,1
U_02762,2026-03-17,Pro,West,0
U_02763,2024-05-22,Pro,East,1
U_02764,2024-05-02,Free,West,0
U_02765,2023-08-26,Free,West,1
U_02766,2024-01-24,Free,North,0
U_02767,2024-05-13,Free,North,0
U_02768,2025-08-21,Pro,West,0
U_02769,2024-03-21,Free,South,1
U_02770,2024-09-30,Pro,West,1
U_02771,2024-03-02,Pro,West,1
U_02772,2025-05-05,Pro,South,0
U_02773,2026-02-08,Free,West,1
U_02774,2025-06-22,Free,North,0
U_02775,2024-02-27,Pro,North,1
U_02776,2025-09-22,Free,East,1
U_02777,2026-05-24,Enterprise,West,1
U_02778,2025-05-03,Free,East,1
U_02779,2023-10-25,Free,North,0
U_02780,2025-12-11,Pro,South,0
U_02781,2026-02-20,Pro,East,1
U_02782,2024-07-30,Free,East,0
U_02783,2023-12-25,Pro,West,1
U_02784,2024-02-18,Free,North,1
U_02785,2025-02-24,Free,West,0
U_02786,2026-02-20,Free,South,0
U_02787,2025-06-14,Pro,West,0
U_02788,2026-04-11,Pro,East,0
U_02789,2024-03-15,Free,South,1
U_02790,2024-07-15,Free,South,1
U_02791,2025-10-08,Enterprise,South,1
U_02792,2025-06-23,Pro,West,0
U_02793,2024-10-07,Enterprise,North,0
U_02794,2025-07-25,Free,West,0
U_02795,2024-07-27,Free,North,0
U_02796,2023-10-02,Free,East,1
U_02797,2024-10-16,Enterprise,North,1
U_02798,2023-09-19,Pro,East,0
U_02799,2025-05-30,Free,East,0
U_02800,2024-07-23,Free,South,1
U_02801,2025-01-09,Pro,East,0
U_02802,2025-04-30,Free,West,1
U_02803,2024-05-01,Free,South,0
U_02804,2024-12-07,Free,East,0
U_02805,2023-08-16,Pro,South,1
U_02806,2026-04-14,Free,West,0
U_02807,2025-03-25,Free,North,1
U_02808,2026-06-19,Pro,East,0
U_02809,2023-09-30,Free,North,1
U_02810,2025-05-17,Pro,East,1
U_02811,2025-09-11,Pro,South,0
U_02812,2024-07-17,Free,West,0
U_02813,2023-11-09,Free,South,1
U_02814,2024-01-15,Free,South,0
U_02815,2024-01-01,Enterprise,North,0
U_02816,2025-10-27,Free,North,1
U_02817,2023-11-05,Pro,West,0
U_02818,2025-12-16,Free,North,1
U_02819,2024-10-26,Pro,North,1
U_02820,2025-02-26,Pro,West,1
U_02821,2025-04-20,Free,South,1
U_02822,2025-03-15,Free,South,1
U_02823,2025-07-02,Enterprise,North,1
U_02824,2025-05-04,Pro,North,0
U_02825,2024-07-19,Free,South,0
U_02826,2025-09-29,Free,West,1
U_02827,2024-05-02,Pro,West,1
U_02828,2025-08-29,Pro,North,1
U_02829,2025-10-23,Pro,West,0
U_02830,2025-11-06,Pro,West,0
U_02831,2024-06-26,Free,West,1
U_02832,2025-11-02,Free,West,1
U_02833,2026-06-08,Free,North,0
U_02834,2024-11-27,Free,South,1
U_02835,2024-05-24,Pro,North,0
U_02836,2025-02-09,Free,East,1
U_02837,2026-05-01,Free,West,0
U_02838,2023-12-20,Enterprise,East,0
U_02839,2023-08-11,Pro,North,1
U_02840,2024-12-21,Pro,West,0
U_02841,2025-06-30,Free,South,1
U_02842,2025-11-04,Free,South,0
U_02843,2024-08-22,Pro,East,0
U_02844,2026-06-21,Free,North,1
U_02845,2024-04-01,Pro,North,1
U_02846,2025-10-16,Free,South,1
U_02847,2023-11-05,Free,North,0
U_02848,2023-08-31,Free,North,0
U_02849,2023-12-22,Enterprise,East,0
U_02850,2023-10-05,Free,South,1
U_02851,2025-01-17,Free,South,0
U_02852,2025-03-15,Free,West,1
U_02853,2024-02-11,Free,East,0
U_02854,2026-04-29,Pro,West,1
U_02855,2024-08-25,Pro,West,0
U_02856,2024-01-08,Free,West,0
U_02857,2024-02-07,Free,West,0
U_02858,2025-09-26,Pro,West,0
U_02859,2026-04-10,Free,East,0
U_02860,2024-01-21,Enterprise,South,0
U_02861,2023-09-01,Free,North,1
U_02862,2025-11-08,Free,South,0
U_02863,2024-04-16,Free,North,1
U_02864,2026-06-14,Free,East,1
U_02865,2025-01-14,Free,South,0
U_02866,2025-06-10,Free,North,0
U_02867,2024-08-02,Free,North,0
U_02868,2025-12-02,Pro,South,0
U_02869,2024-12-04,Pro,South,0
U_02870,2024-07-12,Enterprise,North,0
U_02871,2026-03-22,Pro,East,0
U_02872,2023-11-24,Free,East,0
U_02873,2025-09-21,Enterprise,East,1
U_02874,2023-10-10,Pro,South,1
U_02875,2025-06-20,Free,South,1
U_02876,2024-10-03,Free,East,0
U_02877,2026-02-08,Free,South,1
U_02878,2023-10-04,Free,North,0
U_02879,2025-03-25,Free,South,1
U_02880,2024-10-11,Free,North,1
U_02881,2026-04-07,Enterprise,East,0
U_02882,2026-05-05,Free,South,0
U_02883,2025-05-31,Free,North,1
U_02884,2024-03-27,Free,South,0
U_02885,2024-04-26,Free,South,1
U_02886,2024-05-07,Pro,South,0
U_02887,2024-11-06,Enterprise,South,0
U_02888,2024-04-04,Free,North,0
U_02889,2024-03-05,Pro,East,0
U_02890,2025-10-19,Pro,East,0
U_02891,2025-06-17,Pro,South,1
U_02892,2024-06-15,Free,East,0
U_02893,2026-06-26,Free,East,0
U_02894,2024-03-19,Free,East,0
U_02895,2025-03-31,Pro,North,0
U_02896,2024-01-16,Pro,North,1
U_02897,2026-02-07,Free,East,0
U_02898,2026-02-13,Free,South,1
U_02899,2024-05-12,Pro,East,1
U_02900,2025-10-11,Pro,East,0
U_02901,2025-12-26,Pro,North,1
U_02902,2024-05-29,Free,East,0
U_02903,2024-07-20,Pro,South,0
U_02904,2024-12-31,Free,East,1
U_02905,2026-03-08,Pro,West,0
U_02906,2024-01-21,Free,East,0
U_02907,2025-07-29,Pro,South,0
U_02908,2025-04-30,Free,East,0
U_02909,2024-11-26,Pro,West,0
U_02910,2025-04-10,Free,South,0
U_02911,2026-02-28,Free,South,0
U_02912,2024-03-12,Pro,North,1
U_02913,2026-02-28,Free,North,0
U_02914,2024-08-20,Pro,West,0
U_02915,2025-11-10,Pro,West,0
U_02916,2026-02-07,Free,East,0
U_02917,2024-02-12,Pro,South,1
U_02918,2026-02-07,Enterprise,West,0
U_02919,2026-06-27,Free,West,0
U_02920,2024-06-14,Free,East,1
U_02921,2023-08-28,Pro,North,0
U_02922,2023-11-28,Pro,West,1
U_02923,2026-06-05,Free,South,0
U_02924,2023-08-12,Enterprise,East,0
U_02925,2026-03-30,Free,North,0
U_02926,2024-01-09,Pro,East,0
U_02927,2025-09-24,Pro,East,0
U_02928,2023-11-13,Pro,South,0
U_02929,2024-01-28,Free,South,0
U_02930,2025-07-29,Free,North,0
U_02931,2023-11-06,Free,West,0
U_02932,2024-07-28,Free,South,0
U_02933,2026-04-07,Enterprise,North,1
U_02934,2025-09-03,Pro,East,0
U_02935,2026-02-27,Enterprise,West,0
U_02936,2026-06-11,Pro,South,1
U_02937,2023-09-06,Free,East,1
U_02938,2024-04-08,Pro,North,0
U_02939,2025-11-23,Free,East,0
U_02940,2025-08-05,Free,West,0
U_02941,2023-09-11,Free,East,0
U_02942,2025-01-21,Free,South,0
U_02943,2024-04-04,Free,North,0
U_02944,2024-11-02,Free,East,0
U_02945,2023-11-21,Free,East,1
U_02946,2023-08-23,Free,North,1
U_02947,2026-06-23,Pro,North,1
U_02948,2024-07-04,Pro,West,0
U_02949,2026-02-23,Free,North,0
U_02950,2023-12-08,Pro,South,1
U_02951,2025-01-02,Free,North,0
U_02952,2023-12-24,Pro,South,0
U_02953,2024-10-31,Free,West,0
U_02954,2024-02-08,Enterprise,North,1
U_02955,2025-08-01,Free,South,1
U_02956,2024-01-06,Free,North,1
U_02957,2025-09-26,Pro,East,0
U_02958,2025-01-16,Free,West,0
U_02959,2023-11-29,Enterprise,West,0
U_02960,2024-08-12,Free,East,0
U_02961,2025-01-12,Free,West,0
U_02962,2026-04-07,Enterprise,South,1
U_02963,2024-08-08,Pro,North,0
U_02964,2024-03-18,Free,South,1
U_02965,2026-05-29,Free,West,1
U_02966,2026-02-28,Free,North,1
U_02967,2025-09-19,Free,East,1
U_02968,2024-05-18,Pro,East,1
U_02969,2024-02-06,Pro,West,1
U_02970,2024-05-10,Pro,South,0
U_02971,2023-10-14,Pro,East,0
U_02972,2023-09-17,Pro,West,0
U_02973,2025-01-25,Free,East,0
U_02974,2024-10-10,Pro,West,0
U_02975,2025-03-17,Pro,East,1
U_02976,2024-08-22,Free,West,1
U_02977,2023-08-13,Free,East,1
U_02978,2025-08-04,Free,North,0
U_02979,2025-06-28,Enterprise,East,1
U_02980,2025-03-03,Pro,West,0
U_02981,2025-03-09,Free,South,1
U_02982,2025-08-06,Pro,North,0
U_02983,2026-06-14,Pro,North,0
U_02984,2026-02-18,Free,East,0
U_02985,2025-09-05,Pro,South,0
U_02986,2024-09-30,Pro,South,0
U_02987,2024-07-06,Free,East,0
U_02988,2024-10-21,Pro,North,1
U_02989,2026-06-04,Pro,South,1
U_02990,2024-09-17,Pro,North,1
U_02991,2024-09-15,Free,South,0
U_02992,2024-10-12,Free,North,0
U_02993,2024-01-01,Free,South,0
U_02994,2026-07-01,Free,South,1
U_02995,2023-08-07,Pro,East,1
U_02996,2025-05-10,Pro,East,1
U_02997,2026-04-15,Free,North,1
U_02998,2024-04-29,Free,South,0
U_02999,2025-05-14,Free,South,1
U_03000,2024-09-06,Pro,South,0
U_03001,2024-04-14,Pro,West,0
U_03002,2024-02-29,Free,North,1
U_03003,2023-12-03,Enterprise,North,1
U_03004,2026-01-16,Pro,West,1
U_03005,2025-11-14,Pro,East,0
U_03006,2026-03-27,Free,West,1
U_03007,2023-09-23,Free,West,1
U_03008,2025-08-11,Pro,West,0
U_03009,2024-07-12,Free,East,0
U_03010,2025-06-20,Free,South,1
U_03011,2025-03-09,Free,West,1
U_03012,2024-07-03,Free,North,1
U_03013,2026-06-02,Free,North,1
U_03014,2023-08-02,Free,South,1
U_03015,2025-10-05,Free,North,1
U_03016,2026-01-27,Free,North,1
U_03017,2025-01-26,Pro,East,0
U_03018,2025-04-24,Pro,South,0
U_03019,2026-06-27,Pro,South,1
U_03020,2024-04-07,Pro,East,1
U_03021,2025-06-03,Pro,West,1
U_03022,2025-10-02,Pro,North,0
U_03023,2024-09-08,Pro,North,0
U_03024,2025-08-30,Free,North,1
U_03025,2024-09-24,Free,East,0
U_03026,2025-02-12,Free,South,0
U_03027,2025-05-16,Free,West,1
U_03028,2025-07-23,Free,South,0
U_03029,2024-07-10,Free,North,0
U_03030,2025-06-02,Free,North,0
U_03031,2025-03-02,Pro,South,1
U_03032,2024-03-26,Pro,East,1
U_03033,2025-05-15,Free,South,1
U_03034,2024-05-10,Pro,South,0
U_03035,2026-03-27,Free,North,0
U_03036,2024-12-18,Pro,East,0
U_03037,2025-09-09,Pro,North,0
U_03038,2025-02-08,Pro,West,0
U_03039,2024-12-22,Free,East,0
U_03040,2024-03-24,Free,West,0
U_03041,2023-12-31,Free,East,0
U_03042,2026-04-16,Free,West,0
U_03043,2025-02-15,Pro,South,0
U_03044,2025-02-10,Free,East,1
U_03045,2025-02-14,Enterprise,West,0
U_03046,2025-12-16,Free,South,1
U_03047,2024-04-12,Enterprise,South,1
U_03048,2024-02-01,Free,East,1
U_03049,2025-12-25,Pro,North,1
U_03050,2024-12-04,Free,North,0
U_03051,2025-06-14,Enterprise,North,0
U_03052,2025-12-31,Free,East,1
U_03053,2026-03-12,Pro,North,1
U_03054,2026-02-12,Free,West,1
U_03055,2023-09-17,Enterprise,East,0
U_03056,2024-09-11,Free,South,1
U_03057,2026-01-05,Enterprise,West,0
U_03058,2025-12-20,Enterprise,South,1
U_03059,2023-12-11,Pro,South,1
U_03060,2024-01-12,Free,West,0
U_03061,2024-04-26,Pro,South,0
U_03062,2023-11-19,Free,South,1
U_03063,2024-08-16,Free,East,0
U_03064,2025-12-05,Free,South,0
U_03065,2025-02-07,Free,South,1
U_03066,2024-11-26,Pro,West,0
U_03067,2023-11-03,Pro,East,0
U_03068,2024-09-26,Free,South,0
U_03069,2026-06-29,Free,North,0
U_03070,2025-08-11,Enterprise,West,1
U_03071,2024-11-22,Free,West,0
U_03072,2024-12-23,Enterprise,East,1
U_03073,2025-11-29,Pro,South,1
U_03074,2025-10-18,Free,North,1
U_03075,2024-01-08,Free,West,0
U_03076,2025-07-27,Free,East,0
U_03077,2024-08-27,Free,East,0
U_03078,2025-02-07,Pro,South,0
U_03079,2024-04-11,Free,West,1
U_03080,2024-08-31,Enterprise,North,0
U_03081,2024-07-29,Enterprise,North,0
U_03082,2024-09-11,Free,West,0
U_03083,2023-08-20,Pro,West,1
U_03084,2024-03-03,Pro,East,0
U_03085,2025-04-01,Free,North,1
U_03086,2023-10-02,Free,East,1
U_03087,2024-02-08,Free,South,0
U_03088,2025-09-05,Free,East,0
U_03089,2024-05-20,Pro,North,1
U_03090,2024-07-12,Free,East,1
U_03091,2024-04-15,Free,South,0
U_03092,2026-01-07,Pro,North,0
U_03093,2023-11-07,Free,South,1
U_03094,2025-06-10,Free,West,1
U_03095,2026-02-02,Pro,South,1
U_03096,2024-03-03,Enterprise,South,1
U_03097,2024-10-26,Free,North,0
U_03098,2025-11-23,Free,South,0
U_03099,2025-05-21,Pro,East,0
U_03100,2024-09-01,Pro,South,1
U_03101,2023-09-17,Free,North,1
U_03102,2024-11-15,Pro,North,0
U_03103,2024-08-27,Enterprise,West,0
U_03104,2025-08-30,Enterprise,East,1
U_03105,2024-06-11,Free,East,0
U_03106,2024-10-09,Pro,East,1
U_03107,2025-06-22,Free,North,0
U_03108,2025-12-13,Free,North,1
U_03109,2024-08-11,Pro,South,1
U_03110,2024-09-15,Pro,West,1
U_03111,2025-04-09,Pro,North,0
U_03112,2026-04-13,Pro,West,0
U_03113,2024-02-22,Pro,East,0
U_03114,2026-06-02,Pro,West,1
U_03115,2025-08-29,Free,East,0
U_03116,2024-09-01,Pro,West,0
U_03117,2025-07-11,Pro,South,1
U_03118,2024-07-18,Pro,East,1
U_03119,2023-10-16,Free,West,0
U_03120,2025-10-15,Pro,South,0
U_03121,2024-09-09,Free,West,0
U_03122,2025-02-12,Pro,South,1
U_03123,2025-01-12,Free,North,0
U_03124,2026-03-19,Free,West,0
U_03125,2025-10-17,Pro,South,1
U_03126,2023-08-29,Pro,East,1
U_03127,2025-04-24,Pro,West,0
U_03128,2024-12-07,Free,North,0
U_03129,2024-12-06,Free,West,1
U_03130,2026-01-12,Enterprise,South,1
U_03131,2024-10-17,Free,West,0
U_03132,2024-12-18,Free,North,0
U_03133,2026-03-08,Free,West,1
U_03134,2024-11-12,Pro,South,0
U_03135,2025-01-06,Enterprise,North,1
U_03136,2025-01-28,Pro,East,0
U_03137,2025-12-28,Free,North,1
U_03138,2025-07-16,Pro,West,1
U_03139,2025-09-29,Pro,East,0
U_03140,2024-10-03,Pro,West,0
U_03141,2023-09-14,Free,South,1
U_03142,2025-07-26,Free,South,1
U_03143,2025-03-14,Enterprise,East,1
U_03144,2025-10-29,Free,East,1
U_03145,2025-10-30,Pro,East,0
U_03146,2023-12-05,Pro,South,1
U_03147,2024-03-24,Pro,South,1
U_03148,2023-10-23,Free,West,1
U_03149,2025-12-20,Free,East,0
U_03150,2023-11-18,Free,South,1
U_03151,2023-11-04,Free,West,0
U_03152,2025-10-13,Free,East,1
U_03153,2025-03-25,Enterprise,North,1
U_03154,2023-09-29,Enterprise,North,0
U_03155,2025-07-27,Free,West,0
U_03156,2025-08-28,Pro,West,1
U_03157,2024-12-28,Free,South,0
U_03158,2023-09-29,Free,East,0
U_03159,2025-08-07,Pro,East,0
U_03160,2024-10-20,Pro,West,0
U_03161,2025-04-15,Pro,North,1
U_03162,2026-06-30,Pro,West,0
U_03163,2025-12-19,Pro,South,0
U_03164,2026-02-16,Free,West,0
U_03165,2024-01-04,Free,North,0
U_03166,2024-07-23,Pro,West,0
U_03167,2025-02-04,Free,South,0
U_03168,2023-08-08,Free,South,1
U_03169,2026-06-20,Free,North,0
U_03170,2024-05-20,Pro,West,0
U_03171,2024-05-07,Enterprise,East,0
U_03172,2024-06-30,Free,South,0
U_03173,2024-04-29,Free,North,1
U_03174,2026-02-02,Pro,North,0
U_03175,2025-03-16,Free,East,0
U_03176,2025-01-27,Pro,East,1
U_03177,2024-10-22,Pro,East,1
U_03178,2023-09-25,Free,South,0
U_03179,2024-06-21,Free,South,1
U_03180,2026-02-10,Free,West,0
U_03181,2025-12-03,Free,South,1
U_03182,2026-01-31,Pro,North,0
U_03183,2024-05-02,Pro,West,1
U_03184,2024-03-04,Pro,East,0
U_03185,2023-09-26,Free,West,0
U_03186,2025-02-24,Pro,East,1
U_03187,2024-09-03,Free,North,1
U_03188,2024-12-08,Enterprise,East,1
U_03189,2025-01-04,Free,North,0
U_03190,2025-04-15,Pro,North,0
U_03191,2024-08-25,Free,North,1
U_03192,2025-12-03,Free,South,1
U_03193,2024-03-02,Free,East,1
U_03194,2026-04-08,Enterprise,West,0
U_03195,2025-03-16,Pro,West,0
U_03196,2023-09-25,Pro,North,0
U_03197,2024-07-02,Free,West,0
U_03198,2025-02-20,Free,East,1
U_03199,2024-10-10,Pro,South,1
U_03200,2025-03-26,Free,North,0
U_03201,2024-07-11,Free,North,1
U_03202,2024-05-19,Free,South,0
U_03203,2025-11-27,Pro,East,0
U_03204,2024-06-07,Pro,West,0
U_03205,2025-08-28,Pro,South,0
U_03206,2025-12-04,Enterprise,West,0
U_03207,2025-04-24,Enterprise,South,0
U_03208,2024-11-28,Pro,North,0
U_03209,2026-04-24,Pro,North,1
U_03210,2024-11-18,Free,North,1
U_03211,2026-02-23,Pro,West,0
U_03212,2023-10-02,Free,West,0
U_03213,2024-11-06,Pro,East,0
U_03214,2025-06-13,Pro,East,0
U_03215,2023-09-23,Pro,West,1
U_03216,2026-02-06,Free,South,1
U_03217,2023-10-17,Free,South,1
U_03218,2025-04-28,Free,South,0
U_03219,2024-02-10,Free,West,0
U_03220,2026-04-11,Free,East,1
U_03221,2025-03-22,Free,North,0
U_03222,2025-12-02,Free,East,1
U_03223,2025-01-14,Free,South,1
U_03224,2025-07-20,Pro,North,1
U_03225,2025-07-21,Free,West,0
U_03226,2024-06-11,Free,West,0
U_03227,2024-03-13,Free,South,0
U_03228,2026-01-11,Pro,North,0
U_03229,2024-01-04,Pro,South,1
U_03230,2026-04-06,Free,East,1
U_03231,2024-03-09,Pro,North,1
U_03232,2023-11-17,Pro,East,0
U_03233,2023-11-11,Free,South,0
U_03234,2025-11-15,Pro,North,0
U_03235,2026-05-11,Pro,East,1
U_03236,2024-10-17,Free,East,1
U_03237,2025-07-04,Free,West,0
U_03238,2024-05-02,Pro,North,0
U_03239,2026-03-24,Pro,North,1
U_03240,2025-08-02,Enterprise,North,0
U_03241,2024-01-14,Free,West,0
U_03242,2023-10-01,Free,East,1
U_03243,2025-08-12,Free,East,1
U_03244,2023-09-15,Free,East,1
U_03245,2026-01-09,Pro,East,1
U_03246,2024-06-10,Free,West,1
U_03247,2024-04-06,Pro,East,1
U_03248,2025-04-13,Free,West,0
U_03249,2024-07-06,Free,North,0
U_03250,2025-03-21,Pro,West,0
U_03251,2024-01-13,Pro,South,1
U_03252,2026-03-31,Free,East,1
U_03253,2024-07-12,Pro,West,0
U_03254,2026-01-14,Free,West,1
U_03255,2024-01-10,Pro,West,1
U_03256,2025-12-01,Enterprise,East,0
U_03257,2026-06-11,Free,North,0
U_03258,2024-09-22,Pro,West,0
U_03259,2023-09-06,Pro,East,1
U_03260,2024-09-10,Pro,South,1
U_03261,2025-06-15,Free,North,0
U_03262,2024-03-27,Pro,North,1
U_03263,2025-03-05,Free,West,0
U_03264,2023-11-09,Free,East,0
U_03265,2024-12-09,Free,West,1
U_03266,2025-09-16,Free,East,1
U_03267,2024-11-02,Free,North,0
U_03268,2025-07-25,Pro,West,0
U_03269,2023-12-01,Pro,North,1
U_03270,2026-01-01,Pro,South,0
U_03271,2023-12-10,Pro,East,1
U_03272,2026-04-12,Pro,South,1
U_03273,2026-06-28,Pro,South,0
U_03274,2026-04-29,Free,West,0
U_03275,2025-02-13,Enterprise,North,0
U_03276,2024-06-06,Free,North,1
U_03277,2024-08-06,Pro,South,1
U_03278,2025-10-09,Pro,West,1
U_03279,2025-01-12,Enterprise,East,1
U_03280,2026-04-19,Free,South,1
U_03281,2023-11-09,Free,North,1
U_03282,2024-12-30,Enterprise,North,0
U_03283,2026-02-08,Free,South,0
U_03284,2025-04-30,Pro,East,0
U_03285,2025-02-28,Free,East,0
U_03286,2023-11-04,Free,South,0
U_03287,2023-12-28,Free,East,0
U_03288,2024-05-17,Pro,North,1
U_03289,2026-03-11,Enterprise,East,0
U_03290,2026-01-19,Free,South,0
U_03291,2024-03-31,Pro,North,0
U_03292,2026-04-13,Pro,South,1
U_03293,2023-09-05,Free,East,0
U_03294,2025-05-01,Free,East,0
U_03295,2026-05-29,Free,West,0
U_03296,2024-08-03,Free,West,0
U_03297,2026-05-04,Pro,West,0
U_03298,2025-07-01,Free,North,0
U_03299,2023-09-24,Pro,East,1
U_03300,2024-07-22,Free,West,1
U_03301,2024-11-23,Free,West,0
U_03302,2024-04-21,Free,West,1
U_03303,2025-10-01,Enterprise,East,0
U_03304,2024-02-08,Pro,East,0
U_03305,2025-11-18,Free,South,0
U_03306,2024-06-14,Free,North,0
U_03307,2023-10-15,Free,North,1
U_03308,2025-03-20,Free,West,1
U_03309,2023-11-11,Free,North,0
U_03310,2025-03-11,Pro,East,1
U_03311,2025-11-18,Free,South,0
U_03312,2025-04-27,Enterprise,North,1
U_03313,2024-12-05,Pro,South,0
U_03314,2023-09-06,Free,West,0
U_03315,2025-01-30,Free,North,0
U_03316,2023-11-13,Free,North,1
U_03317,2025-06-21,Pro,East,0
U_03318,2023-12-20,Free,North,1
U_03319,2025-04-09,Free,East,0
U_03320,2024-08-12,Free,North,0
U_03321,2024-09-04,Free,South,1
U_03322,2025-07-08,Enterprise,South,0
U_03323,2024-01-23,Free,West,0
U_03324,2024-01-29,Pro,North,1
U_03325,2026-05-01,Free,North,1
U_03326,2024-07-20,Free,South,0
U_03327,2026-01-15,Pro,South,1
U_03328,2026-02-18,Free,South,0
U_03329,2024-12-25,Enterprise,North,1
U_03330,2024-01-07,Enterprise,West,1
U_03331,2023-11-10,Free,West,0
U_03332,2026-02-24,Pro,West,0
U_03333,2023-12-04,Free,West,0
U_03334,2025-01-11,Pro,East,0
U_03335,2025-02-23,Enterprise,South,0
U_03336,2023-12-05,Pro,East,1
U_03337,2024-12-12,Pro,East,1
U_03338,2024-01-23,Free,South,0
U_03339,2025-02-22,Free,West,0
U_03340,2025-01-23,Enterprise,East,0
U_03341,2024-08-27,Pro,East,1
U_03342,2024-02-28,Pro,East,0
U_03343,2024-10-05,Pro,West,0
U_03344,2024-03-05,Pro,East,0
U_03345,2023-12-15,Enterprise,West,0
U_03346,2024-04-13,Pro,South,0
U_03347,2026-02-16,Free,East,1
U_03348,2025-01-17,Free,North,0
U_03349,2026-03-08,Pro,West,1
U_03350,2023-08-18,Free,South,0
U_03351,2026-05-03,Free,North,1
U_03352,2025-01-03,Pro,East,0
U_03353,2025-11-22,Free,North,0
U_03354,2025-04-01,Free,West,0
U_03355,2025-08-05,Pro,West,0
U_03356,2024-04-02,Free,South,1
U_03357,2025-10-09,Free,South,0
U_03358,2024-01-12,Free,North,0
U_03359,2024-05-09,Pro,West,1
U_03360,2023-09-03,Free,East,0
U_03361,2024-09-24,Free,East,1
U_03362,2025-02-04,Free,South,1
U_03363,2024-06-08,Free,West,0
U_03364,2026-03-08,Free,West,1
U_03365,2023-10-30,Free,West,1
U_03366,2025-04-09,Pro,East,1
U_03367,2024-04-07,Free,North,0
U_03368,2025-04-27,Free,West,1
U_03369,2025-11-14,Free,West,0
U_03370,2025-08-28,Free,North,0
U_03371,2023-10-07,Free,East,1
U_03372,2024-04-19,Pro,North,1
U_03373,2025-05-01,Enterprise,South,0
U_03374,2026-06-14,Pro,West,1
U_03375,2023-09-14,Free,South,0
U_03376,2025-05-22,Pro,South,0
U_03377,2025-08-08,Free,West,1
U_03378,2025-12-17,Pro,South,1
U_03379,2024-07-31,Enterprise,West,1
U_03380,2025-12-13,Free,West,0
U_03381,2024-12-06,Pro,North,1
U_03382,2026-04-09,Pro,North,0
U_03383,2023-08-13,Free,West,1
U_03384,2026-04-30,Free,North,1
U_03385,2024-10-14,Pro,North,0
U_03386,2024-10-08,Free,North,0
U_03387,2023-11-03,Free,South,0
U_03388,2024-04-18,Free,North,0
U_03389,2025-09-22,Enterprise,North,0
U_03390,2025-07-25,Free,West,0
U_03391,2024-01-10,Free,East,0
U_03392,2024-08-03,Free,East,0
U_03393,2023-12-29,Free,West,1
U_03394,2024-02-29,Pro,West,0
U_03395,2024-03-23,Pro,West,1
U_03396,2024-07-19,Pro,East,1
U_03397,2026-06-07,Free,West,1
U_03398,2026-06-30,Pro,North,0
U_03399,2025-11-22,Free,East,0
U_03400,2024-12-25,Free,West,0
U_03401,2025-01-13,Pro,South,0
U_03402,2025-11-09,Enterprise,West,0
U_03403,2026-03-27,Pro,East,0
U_03404,2025-10-11,Free,North,1
U_03405,2025-06-10,Free,South,0
U_03406,2024-03-01,Pro,West,0
U_03407,2025-05-29,Free,East,0
U_03408,2026-01-19,Pro,West,0
U_03409,2025-11-17,Pro,West,1
U_03410,2023-11-08,Pro,North,1
U_03411,2025-09-04,Pro,East,0
U_03412,2024-08-08,Pro,North,0
U_03413,2024-01-21,Free,East,1
U_03414,2026-05-27,Free,West,1
U_03415,2025-07-19,Pro,West,0
U_03416,2025-10-04,Free,South,0
U_03417,2023-12-23,Enterprise,East,0
U_03418,2026-01-01,Free,North,1
U_03419,2026-04-26,Pro,North,0
U_03420,2026-03-23,Free,East,0
U_03421,2025-10-04,Free,East,1
U_03422,2026-01-05,Pro,West,0
U_03423,2025-12-04,Free,South,1
U_03424,2025-04-22,Pro,South,1
U_03425,2024-11-08,Free,East,0
U_03426,2025-12-28,Free,West,0
U_03427,2025-11-15,Free,South,0
U_03428,2026-02-15,Enterprise,South,0
U_03429,2024-06-15,Free,South,0
U_03430,2026-05-22,Free,South,0
U_03431,2025-02-18,Free,North,0
U_03432,2026-05-06,Free,South,1
U_03433,2023-12-03,Pro,North,0
U_03434,2026-05-30,Free,East,0
U_03435,2025-11-18,Free,West,0
U_03436,2024-04-26,Pro,East,0
U_03437,2026-01-11,Free,West,1
U_03438,2024-04-05,Pro,North,0
U_03439,2024-02-29,Pro,East,0
U_03440,2024-12-02,Free,East,0
U_03441,2024-04-10,Free,North,1
U_03442,2025-01-08,Free,North,0
U_03443,2026-03-27,Free,West,1
U_03444,2025-08-01,Pro,North,1
U_03445,2025-08-28,Free,West,1
U_03446,2024-09-22,Pro,East,0
U_03447,2025-11-14,Free,South,1
U_03448,2025-11-25,Pro,South,0
U_03449,2025-07-29,Free,East,0
U_03450,2026-05-01,Pro,East,0
U_03451,2025-12-29,Pro,North,1
U_03452,2024-10-08,Free,West,0
U_03453,2023-11-02,Free,North,0
U_03454,2025-06-27,Free,North,0
U_03455,2026-01-09,Free,East,1
U_03456,2024-07-29,Free,West,0
U_03457,2025-04-27,Pro,North,0
U_03458,2026-01-09,Free,North,1
U_03459,2025-11-24,Enterprise,West,0
U_03460,2023-08-06,Pro,West,1
U_03461,2025-01-04,Pro,South,1
U_03462,2023-08-19,Free,South,0
U_03463,2023-11-27,Pro,East,1
U_03464,2025-12-15,Free,North,0
U_03465,2024-10-21,Free,South,0
U_03466,2025-05-07,Free,North,1
U_03467,2024-12-01,Free,West,0
U_03468,2024-07-24,Pro,North,0
U_03469,2024-03-16,Pro,East,1
U_03470,2024-08-13,Free,South,0
U_03471,2026-01-18,Pro,West,1
U_03472,2025-05-23,Pro,West,1
U_03473,2024-06-08,Free,North,0
U_03474,2023-11-03,Enterprise,North,1
U_03475,2024-05-16,Pro,South,1
U_03476,2025-08-18,Pro,West,0
U_03477,2024-11-15,Enterprise,South,1
U_03478,2025-07-06,Enterprise,West,0
U_03479,2025-12-09,Free,East,1
U_03480,2023-12-08,Free,South,1
U_03481,2025-07-30,Pro,West,0
U_03482,2023-09-15,Free,West,0
U_03483,2025-12-26,Free,West,1
U_03484,2024-02-14,Enterprise,West,0
U_03485,2024-05-17,Pro,East,1
U_03486,2026-05-18,Pro,East,1
U_03487,2024-08-22,Pro,West,0
U_03488,2024-03-27,Free,South,1
U_03489,2026-03-07,Pro,East,1
U_03490,2025-05-13,Pro,North,0
U_03491,2026-03-11,Free,South,1
U_03492,2024-09-25,Enterprise,West,0
U_03493,2025-01-15,Free,West,1
U_03494,2026-05-16,Pro,East,1
U_03495,2025-01-23,Pro,North,0
U_03496,2026-06-20,Free,South,1
U_03497,2024-02-19,Enterprise,West,0
U_03498,2026-01-03,Free,West,0
U_03499,2024-01-21,Pro,North,1
U_03500,2025-02-13,Free,East,0
U_03501,2023-08-02,Pro,West,0
U_03502,2024-02-04,Free,South,1
U_03503,2026-05-05,Free,West,1
U_03504,2024-11-28,Free,West,0
U_03505,2025-12-11,Free,South,1
U_03506,2024-04-25,Free,South,1
U_03507,2024-08-11,Free,West,1
U_03508,2023-11-17,Pro,South,0
U_03509,2025-03-13,Free,East,1
U_03510,2026-02-06,Enterprise,South,1
U_03511,2025-01-30,Free,East,0
U_03512,2024-09-06,Free,West,1
U_03513,2026-04-17,Free,West,1
U_03514,2026-03-11,Free,South,1
U_03515,2025-07-12,Pro,East,1
U_03516,2023-10-21,Pro,North,0
U_03517,2025-05-28,Free,East,0
U_03518,2024-11-17,Pro,South,1
U_03519,2026-05-19,Free,South,0
U_03520,2024-08-21,Free,West,0
U_03521,2025-07-06,Free,East,1
U_03522,2025-06-05,Free,West,1
U_03523,2024-09-05,Free,East,0
U_03524,2025-02-08,Enterprise,South,1
U_03525,2025-07-23,Pro,West,0
U_03526,2026-03-26,Free,South,0
U_03527,2025-01-13,Free,South,0
U_03528,2024-08-23,Pro,North,0
U_03529,2026-06-07,Free,West,0
U_03530,2023-10-01,Pro,South,0
U_03531,2026-01-07,Enterprise,South,1
U_03532,2025-07-30,Free,North,0
U_03533,2025-03-18,Pro,South,0
U_03534,2024-11-21,Pro,East,1
U_03535,2025-10-10,Enterprise,West,1
U_03536,2026-03-08,Pro,North,0
U_03537,2025-09-16,Pro,East,0
U_03538,2025-10-09,Free,East,0
U_03539,2023-09-08,Free,South,0
U_03540,2024-07-13,Enterprise,East,1
U_03541,2023-12-26,Pro,South,1
U_03542,2026-05-13,Free,South,0
U_03543,2026-03-09,Pro,South,0
U_03544,2024-01-03,Free,West,1
U_03545,2025-04-19,Free,South,0
U_03546,2025-04-07,Free,South,0
U_03547,2023-09-20,Enterprise,North,1
U_03548,2024-09-23,Enterprise,East,1
U_03549,2025-10-06,Free,North,0
U_03550,2025-06-15,Pro,East,0
U_03551,2024-05-27,Pro,North,0
U_03552,2025-10-22,Free,South,0
U_03553,2024-06-07,Free,East,0
U_03554,2025-03-04,Pro,South,0
U_03555,2024-10-23,Free,South,1
U_03556,2026-06-09,Pro,West,1
U_03557,2025-06-23,Free,East,0
U_03558,2025-12-07,Free,East,1
U_03559,2025-07-23,Free,East,0
U_03560,2024-09-10,Free,West,0
U_03561,2026-05-24,Pro,East,0
U_03562,2025-08-27,Free,North,0
U_03563,2025-08-07,Free,East,1
U_03564,2024-05-23,Free,North,0
U_03565,2024-01-21,Pro,West,0
U_03566,2025-04-06,Free,East,0
U_03567,2025-12-29,Pro,West,0
U_03568,2025-11-25,Free,South,0
U_03569,2024-08-06,Pro,East,0
U_03570,2023-12-29,Free,North,1
U_03571,2025-02-02,Pro,North,0
U_03572,2026-02-22,Pro,West,0
U_03573,2024-01-21,Free,East,0
U_03574,2025-09-27,Pro,North,1
U_03575,2024-01-30,Free,East,1
U_03576,2024-06-29,Free,South,1
U_03577,2023-09-28,Pro,West,0
U_03578,2024-06-14,Pro,North,1
U_03579,2024-09-13,Free,West,0
U_03580,2026-05-28,Free,West,0
U_03581,2026-05-23,Free,South,0
U_03582,2024-02-17,Pro,East,1
U_03583,2024-06-26,Free,North,0
U_03584,2026-05-04,Pro,South,0
U_03585,2024-02-28,Free,South,1
U_03586,2024-07-09,Free,East,1
U_03587,2024-11-11,Free,West,0
U_03588,2023-11-25,Enterprise,East,1
U_03589,2024-05-05,Free,West,0
U_03590,2024-09-24,Free,East,0
U_03591,2024-09-15,Free,West,0
U_03592,2026-05-25,Enterprise,North,0
U_03593,2024-05-12,Free,North,0
U_03594,2024-03-06,Pro,North,1
U_03595,2026-03-27,Pro,North,0
U_03596,2024-11-23,Pro,West,1
U_03597,2026-01-10,Pro,East,0
U_03598,2025-06-11,Pro,North,1
U_03599,2025-11-09,Free,East,0
U_03600,2024-07-02,Free,North,1
U_03601,2024-01-11,Free,South,0
U_03602,2025-10-17,Pro,East,0
U_03603,2024-12-15,Free,West,0
U_03604,2025-03-19,Free,East,0
U_03605,2025-07-16,Pro,East,1
U_03606,2025-10-12,Pro,West,1
U_03607,2024-05-21,Free,North,1
U_03608,2024-08-22,Pro,West,1
U_03609,2026-04-06,Free,East,1
U_03610,2025-02-16,Enterprise,East,0
U_03611,2024-06-04,Pro,East,0
U_03612,2025-06-03,Free,East,0
U_03613,2024-05-04,Free,East,1
U_03614,2025-11-01,Pro,West,1
U_03615,2023-09-15,Enterprise,East,0
U_03616,2025-12-30,Free,North,1
U_03617,2025-03-27,Pro,West,0
U_03618,2024-08-12,Free,West,0
U_03619,2026-04-29,Pro,West,0
U_03620,2024-05-11,Pro,West,1
U_03621,2024-04-17,Pro,West,1
U_03622,2023-10-15,Free,South,0
U_03623,2025-03-08,Free,South,0
U_03624,2025-10-13,Enterprise,West,0
U_03625,2025-07-24,Pro,East,1
U_03626,2024-10-14,Pro,West,1
U_03627,2025-12-10,Free,South,0
U_03628,2023-11-28,Enterprise,West,0
U_03629,2024-06-24,Enterprise,East,1
U_03630,2025-06-19,Free,East,0
U_03631,2026-05-29,Pro,South,0
U_03632,2025-06-07,Pro,West,0
U_03633,2025-08-08,Free,South,1
U_03634,2025-11-04,Free,North,1
U_03635,2024-09-25,Enterprise,East,0
U_03636,2026-04-30,Pro,North,0
U_03637,2025-10-01,Free,West,0
U_03638,2024-07-31,Pro,West,0
U_03639,2024-09-23,Pro,South,1
U_03640,2025-12-07,Free,North,0
U_03641,2024-08-08,Free,North,0
U_03642,2024-02-15,Free,North,0
U_03643,2026-02-16,Pro,West,0
U_03644,2025-02-18,Pro,West,0
U_03645,2025-02-07,Free,East,1
U_03646,2025-07-15,Pro,East,0
U_03647,2026-03-20,Free,North,0
U_03648,2023-12-22,Pro,East,0
U_03649,2024-07-28,Pro,West,0
U_03650,2023-10-11,Free,East,0
U_03651,2024-10-15,Free,East,0
U_03652,2025-01-18,Pro,South,0
U_03653,2026-01-26,Pro,East,0
U_03654,2025-07-13,Enterprise,North,0
U_03655,2025-04-08,Pro,East,1
U_03656,2024-10-05,Pro,North,1
U_03657,2025-04-04,Free,South,1
U_03658,2024-05-19,Pro,North,1
U_03659,2026-01-18,Free,North,0
U_03660,2025-11-19,Pro,West,1
U_03661,2026-01-11,Pro,East,0
U_03662,2024-01-10,Pro,West,0
U_03663,2025-07-17,Free,West,0
U_03664,2025-10-13,Free,West,1
U_03665,2025-01-16,Pro,East,0
U_03666,2026-03-16,Pro,East,0
U_03667,2026-03-17,Free,West,1
U_03668,2025-10-02,Free,West,1
U_03669,2025-12-24,Pro,West,0
U_03670,2025-06-23,Pro,South,1
U_03671,2026-02-23,Free,North,1
U_03672,2023-12-19,Pro,North,0
U_03673,2025-08-21,Enterprise,North,0
U_03674,2025-08-21,Pro,North,0
U_03675,2025-05-15,Pro,West,0
U_03676,2024-05-21,Free,South,0
U_03677,2023-10-12,Free,North,1
U_03678,2025-05-06,Enterprise,South,0
U_03679,2025-12-27,Free,North,1
U_03680,2024-05-19,Pro,East,1
U_03681,2024-03-16,Free,North,0
U_03682,2024-03-27,Pro,West,0
U_03683,2023-11-10,Free,West,1
U_03684,2025-07-22,Free,West,1
U_03685,2026-06-06,Free,North,0
U_03686,2025-12-04,Pro,East,1
U_03687,2024-08-19,Free,South,1
U_03688,2025-08-16,Free,East,1
U_03689,2023-10-17,Free,South,0
U_03690,2026-01-11,Free,South,1
U_03691,2024-07-13,Pro,East,1
U_03692,2023-08-05,Free,North,1
U_03693,2025-06-02,Free,North,0
U_03694,2023-12-27,Pro,South,0
U_03695,2024-05-21,Free,East,0
U_03696,2023-10-04,Free,West,0
U_03697,2024-11-19,Pro,East,1
U_03698,2025-03-15,Pro,South,0
U_03699,2025-12-09,Enterprise,South,0
U_03700,2023-09-13,Free,East,0
U_03701,2025-12-30,Free,South,0
U_03702,2023-11-27,Free,South,0
U_03703,2024-03-28,Pro,East,0
U_03704,2025-06-02,Enterprise,East,0
U_03705,2024-07-29,Pro,South,1
U_03706,2024-07-19,Free,South,1
U_03707,2025-03-29,Enterprise,West,0
U_03708,2024-03-21,Pro,South,0
U_03709,2025-11-24,Free,South,0
U_03710,2024-03-11,Free,East,1
U_03711,2026-01-12,Pro,East,1
U_03712,2025-12-11,Free,North,1
U_03713,2025-02-24,Free,East,1
U_03714,2023-09-03,Free,West,1
U_03715,2025-11-08,Free,South,0
U_03716,2023-09-01,Pro,West,0
U_03717,2025-01-20,Free,North,0
U_03718,2024-10-26,Pro,South,0
U_03719,2023-10-08,Pro,East,1
U_03720,2025-06-03,Pro,West,0
U_03721,2025-09-12,Free,North,1
U_03722,2025-04-16,Free,West,0
U_03723,2024-10-01,Free,East,0
U_03724,2025-01-28,Pro,North,0
U_03725,2025-04-20,Free,West,0
U_03726,2024-03-30,Pro,East,0
U_03727,2026-02-11,Pro,North,1
U_03728,2026-06-28,Free,North,0
U_03729,2025-12-06,Free,North,0
U_03730,2026-05-22,Free,East,1
U_03731,2024-07-18,Free,West,1
U_03732,2026-06-18,Pro,South,1
U_03733,2023-10-17,Free,South,1
U_03734,2024-12-23,Pro,East,0
U_03735,2023-12-22,Free,South,1
U_03736,2024-11-27,Free,West,0
U_03737,2025-07-29,Free,West,1
U_03738,2025-08-26,Free,West,0
U_03739,2024-11-28,Pro,South,0
U_03740,2024-07-31,Pro,East,0
U_03741,2024-02-20,Pro,South,0
U_03742,2024-10-04,Free,West,1
U_03743,2024-05-29,Free,West,0
U_03744,2024-02-25,Free,West,0
U_03745,2025-09-24,Free,West,0
U_03746,2025-02-02,Free,South,0
U_03747,2024-11-11,Free,South,1
U_03748,2024-02-28,Free,North,1
U_03749,2025-08-21,Free,East,1
U_03750,2024-02-27,Pro,West,0
U_03751,2024-05-11,Pro,North,0
U_03752,2025-03-21,Pro,East,1
U_03753,2025-08-18,Enterprise,West,1
U_03754,2026-06-04,Pro,West,0
U_03755,2025-10-06,Free,East,0
U_03756,2026-05-08,Free,West,1
U_03757,2026-04-08,Free,North,0
U_03758,2025-09-10,Free,West,0
U_03759,2025-09-07,Pro,North,1
U_03760,2023-10-07,Enterprise,West,0
U_03761,2024-03-08,Free,North,0
U_03762,2023-08-15,Pro,West,0
U_03763,2026-02-07,Pro,South,0
U_03764,2025-09-09,Pro,East,0
U_03765,2025-06-03,Free,West,0
U_03766,2024-05-09,Free,North,0
U_03767,2024-08-14,Free,East,0
U_03768,2024-01-23,Free,East,0
U_03769,2025-06-05,Pro,North,1
U_03770,2026-06-23,Free,West,0
U_03771,2024-06-22,Free,North,1
U_03772,2023-09-18,Free,South,0
U_03773,2024-02-04,Free,South,1
U_03774,2024-08-14,Enterprise,North,0
U_03775,2026-03-17,Free,South,1
U_03776,2025-12-06,Free,East,0
U_03777,2024-11-29,Pro,East,0
U_03778,2023-11-18,Free,North,1
U_03779,2023-11-23,Free,West,0
U_03780,2024-01-13,Free,North,0
U_03781,2025-11-07,Pro,South,0
U_03782,2024-12-16,Pro,North,0
U_03783,2026-06-22,Free,East,0
U_03784,2026-03-30,Pro,South,0
U_03785,2025-11-26,Enterprise,West,0
U_03786,2024-12-21,Free,West,0
U_03787,2025-12-25,Pro,North,0
U_03788,2023-12-16,Pro,North,0
U_03789,2023-11-26,Free,East,0
U_03790,2025-03-24,Free,East,1
U_03791,2025-01-24,Free,West,1
U_03792,2024-03-12,Pro,North,0
U_03793,2024-04-26,Free,South,0
U_03794,2023-08-24,Free,East,0
U_03795,2026-03-27,Pro,North,0
U_03796,2025-08-28,Pro,East,0
U_03797,2026-05-05,Pro,East,1
U_03798,2026-06-12,Pro,East,1
U_03799,2024-11-09,Pro,North,0
U_03800,2025-09-20,Pro,South,0
U_03801,2024-09-14,Enterprise,South,0
U_03802,2025-12-14,Pro,East,0
U_03803,2026-01-14,Free,North,0
U_03804,2023-12-22,Pro,West,0
U_03805,2023-08-15,Pro,West,1
U_03806,2024-03-17,Enterprise,East,0
U_03807,2025-04-16,Free,East,0
U_03808,2024-09-08,Pro,East,0
U_03809,2023-08-11,Pro,North,0
U_03810,2026-01-03,Free,South,0
U_03811,2025-11-16,Free,North,1
U_03812,2024-12-08,Pro,East,0
U_03813,2023-09-17,Free,South,0
U_03814,2026-03-06,Free,South,0
U_03815,2025-02-21,Pro,South,0
U_03816,2023-10-16,Pro,North,1
U_03817,2024-07-11,Pro,East,1
U_03818,2025-05-28,Free,North,1
U_03819,2026-03-02,Free,West,0
U_03820,2024-12-30,Free,North,0
U_03821,2025-06-13,Free,West,0
U_03822,2024-03-08,Pro,East,0
U_03823,2024-04-17,Free,East,0
U_03824,2026-03-24,Free,West,1
U_03825,2024-09-12,Free,East,1
U_03826,2023-11-20,Enterprise,North,0
U_03827,2025-04-23,Free,North,1
U_03828,2023-12-14,Enterprise,East,0
U_03829,2024-03-02,Pro,South,0
U_03830,2024-11-30,Free,South,0
U_03831,2025-04-17,Pro,South,0
U_03832,2025-06-10,Free,South,0
U_03833,2025-08-24,Free,South,0
U_03834,2024-11-12,Free,South,0
U_03835,2023-10-13,Free,North,0
U_03836,2025-09-12,Pro,West,0
U_03837,2023-09-28,Enterprise,North,0
U_03838,2024-12-15,Pro,South,0
U_03839,2024-10-01,Pro,West,0
U_03840,2025-07-19,Free,East,0
U_03841,2025-08-31,Free,North,1
U_03842,2024-04-13,Free,South,0
U_03843,2025-06-24,Free,West,1
U_03844,2025-08-08,Enterprise,South,0
U_03845,2024-12-16,Free,North,0
U_03846,2023-12-31,Free,West,1
U_03847,2026-03-28,Pro,East,0
U_03848,2025-05-01,Pro,North,0
U_03849,2023-10-07,Free,West,0
U_03850,2024-04-12,Pro,West,0
U_03851,2026-06-18,Free,North,0
U_03852,2024-04-01,Free,South,0
U_03853,2024-09-23,Free,North,1
U_03854,2025-11-19,Free,East,1
U_03855,2025-12-27,Free,East,1
U_03856,2025-06-07,Free,East,0
U_03857,2025-09-30,Free,West,1
U_03858,2023-09-11,Free,South,1
U_03859,2023-11-09,Pro,East,0
U_03860,2026-06-07,Free,East,1
U_03861,2025-12-04,Free,North,1
U_03862,2023-09-11,Pro,West,0
U_03863,2023-09-22,Free,West,0
U_03864,2024-04-14,Pro,South,0
U_03865,2026-04-20,Free,West,1
U_03866,2024-03-23,Free,East,0
U_03867,2025-07-18,Enterprise,South,0
U_03868,2026-04-19,Free,West,1
U_03869,2025-06-12,Pro,East,0
U_03870,2026-04-07,Pro,North,0
U_03871,2024-05-08,Pro,West,1
U_03872,2024-01-12,Enterprise,West,0
U_03873,2023-08-21,Free,North,0
U_03874,2025-10-17,Free,East,0
U_03875,2023-11-20,Enterprise,South,0
U_03876,2026-06-04,Pro,West,0
U_03877,2025-08-27,Free,East,0
U_03878,2024-02-17,Free,North,1
U_03879,2025-12-09,Pro,West,1
U_03880,2024-01-22,Free,West,1
U_03881,2025-01-28,Free,South,0
U_03882,2023-11-22,Pro,North,1
U_03883,2025-11-17,Free,North,0
U_03884,2026-03-07,Free,North,0
U_03885,2026-04-04,Pro,South,0
U_03886,2023-08-04,Pro,East,0
U_03887,2026-01-25,Free,North,1
U_03888,2025-03-16,Free,West,1
U_03889,2025-12-24,Pro,North,0
U_03890,2025-01-18,Pro,South,1
U_03891,2025-05-23,Pro,South,0
U_03892,2025-04-26,Free,West,0
U_03893,2025-12-01,Free,West,1
U_03894,2023-10-23,Free,East,1
U_03895,2023-09-28,Enterprise,South,0
U_03896,2025-03-05,Pro,North,1
U_03897,2024-06-07,Pro,South,0
U_03898,2024-09-28,Pro,East,0
U_03899,2023-08-10,Pro,East,1
U_03900,2025-10-04,Pro,West,0
U_03901,2023-08-27,Free,South,1
U_03902,2026-01-02,Pro,North,1
U_03903,2025-12-14,Free,East,0
U_03904,2024-12-02,Free,North,1
U_03905,2023-12-10,Pro,North,0
U_03906,2025-06-24,Free,West,0
U_03907,2024-03-09,Pro,East,0
U_03908,2024-11-01,Free,East,0
U_03909,2023-11-27,Free,North,0
U_03910,2026-06-07,Pro,East,0
U_03911,2025-03-06,Pro,East,0
U_03912,2024-08-11,Enterprise,West,0
U_03913,2023-11-10,Free,North,0
U_03914,2025-09-18,Pro,South,1
U_03915,2026-01-23,Free,North,0
U_03916,2026-01-22,Pro,North,0
U_03917,2023-11-18,Enterprise,East,0
U_03918,2024-08-27,Free,East,0
U_03919,2024-06-19,Pro,West,1
U_03920,2025-10-22,Pro,South,1
U_03921,2024-01-06,Pro,South,1
U_03922,2025-05-09,Pro,East,0
U_03923,2026-06-10,Enterprise,North,0
U_03924,2025-10-29,Free,West,1
U_03925,2023-08-09,Free,West,1
U_03926,2023-10-20,Pro,West,0
U_03927,2023-12-01,Free,North,0
U_03928,2025-08-09,Free,North,0
U_03929,2025-05-01,Free,West,0
U_03930,2025-02-06,Free,South,0
U_03931,2024-11-29,Free,South,1
U_03932,2024-10-09,Free,South,1
U_03933,2025-05-14,Pro,West,0
U_03934,2025-06-23,Pro,North,0
U_03935,2026-04-04,Free,East,1
U_03936,2025-09-21,Free,East,1
U_03937,2025-11-28,Pro,South,0
U_03938,2026-04-01,Enterprise,North,1
U_03939,2026-01-10,Free,North,0
U_03940,2025-09-03,Free,East,1
U_03941,2023-09-03,Free,West,1
U_03942,2025-07-27,Free,North,0
U_03943,2026-01-24,Free,North,0
U_03944,2024-11-03,Enterprise,North,0
U_03945,2026-02-23,Pro,East,0
U_03946,2024-02-09,Free,South,0
U_03947,2026-05-02,Enterprise,North,1
U_03948,2024-11-14,Pro,East,0
U_03949,2025-08-24,Pro,East,1
U_03950,2024-04-27,Pro,South,0
U_03951,2024-06-17,Free,West,0
U_03952,2024-08-07,Free,South,1
U_03953,2024-07-12,Free,West,1
U_03954,2023-11-10,Pro,North,1
U_03955,2024-11-16,Free,North,1
U_03956,2026-06-12,Free,East,0
U_03957,2025-06-29,Free,North,0
U_03958,2026-04-21,Pro,South,0
U_03959,2025-10-22,Enterprise,South,1
U_03960,2026-01-10,Free,South,1
U_03961,2026-06-26,Pro,North,1
U_03962,2025-10-12,Free,West,0
U_03963,2024-05-20,Enterprise,West,0
U_03964,2024-04-24,Pro,East,1
U_03965,2024-10-14,Free,East,1
U_03966,2023-08-24,Pro,West,1
U_03967,2024-04-04,Free,South,0
U_03968,2026-03-03,Free,South,0
U_03969,2026-04-09,Free,South,0
U_03970,2024-07-17,Free,West,0
U_03971,2025-10-31,Free,West,0
U_03972,2025-11-05,Free,South,0
U_03973,2026-03-07,Enterprise,West,0
U_03974,2025-11-26,Free,West,1
U_03975,2025-02-19,Free,South,0
U_03976,2023-11-21,Free,North,0
U_03977,2025-12-28,Pro,South,1
U_03978,2024-07-01,Free,East,0
U_03979,2025-05-31,Pro,South,1
U_03980,2024-08-27,Free,South,1
U_03981,2025-02-24,Free,East,1
U_03982,2026-05-27,Free,North,0
U_03983,2024-01-20,Pro,East,1
U_03984,2025-02-17,Pro,West,0
U_03985,2025-06-24,Pro,South,0
U_03986,2025-02-25,Free,East,1
U_03987,2026-04-27,Free,West,0
U_03988,2024-10-09,Pro,North,1
U_03989,2026-04-02,Free,West,0
U_03990,2025-08-06,Pro,East,0
U_03991,2026-05-29,Pro,South,0
U_03992,2023-11-05,Free,East,0
U_03993,2024-03-15,Enterprise,East,0
U_03994,2024-06-03,Free,South,0
U_03995,2026-03-25,Free,South,0
U_03996,2023-08-16,Free,East,0
U_03997,2024-05-05,Enterprise,North,0
U_03998,2025-09-03,Free,North,1
U_03999,2026-06-22,Enterprise,East,1
U_04000,2024-02-05,Pro,West,1
U_04001,2024-11-10,Pro,North,1
U_04002,2025-08-03,Pro,North,0
U_04003,2025-08-07,Enterprise,East,1
U_04004,2025-10-05,Pro,West,0
U_04005,2025-10-12,Free,South,0
U_04006,2024-04-22,Pro,West,0
U_04007,2024-05-02,Free,North,1
U_04008,2023-08-31,Pro,North,1
U_04009,2025-08-07,Pro,West,0
U_04010,2024-03-12,Free,West,1
U_04011,2024-05-04,Pro,South,0
U_04012,2026-05-25,Pro,South,1
U_04013,2025-06-17,Pro,East,1
U_04014,2025-04-23,Free,West,1
U_04015,2025-07-01,Free,East,0
U_04016,2025-04-30,Pro,North,1
U_04017,2025-08-11,Enterprise,West,1
U_04018,2024-06-20,Pro,North,1
U_04019,2023-10-09,Free,East,1
U_04020,2023-10-12,Free,West,0
U_04021,2023-08-17,Free,South,1
U_04022,2024-08-21,Pro,North,1
U_04023,2023-12-31,Free,East,0
U_04024,2023-11-30,Pro,East,1
U_04025,2025-01-09,Pro,North,1
U_04026,2026-05-31,Pro,South,0
U_04027,2025-08-03,Free,North,0
U_04028,2024-05-19,Enterprise,West,1
U_04029,2025-10-30,Free,East,1
U_04030,2024-02-07,Free,West,0
U_04031,2023-11-16,Pro,South,1
U_04032,2024-06-20,Free,South,1
U_04033,2024-10-10,Free,South,1
U_04034,2025-08-06,Pro,South,0
U_04035,2024-11-18,Free,South,1
U_04036,2025-09-16,Free,South,0
U_04037,2023-11-11,Pro,West,0
U_04038,2026-04-21,Free,West,1
U_04039,2024-07-31,Free,West,1
U_04040,2026-01-05,Free,West,1
U_04041,2023-09-03,Free,East,0
U_04042,2026-01-01,Free,North,1
U_04043,2024-03-30,Enterprise,South,1
U_04044,2026-01-29,Free,East,0
U_04045,2025-12-04,Free,East,0
U_04046,2025-07-16,Free,East,0
U_04047,2024-05-23,Free,South,0
U_04048,2023-08-12,Free,South,1
U_04049,2024-02-20,Free,West,1
U_04050,2026-03-23,Pro,South,0
U_04051,2024-01-17,Pro,West,0
U_04052,2025-07-04,Pro,East,0
U_04053,2025-04-18,Enterprise,North,0
U_04054,2025-07-06,Enterprise,East,1
U_04055,2024-02-10,Free,North,1
U_04056,2024-01-02,Pro,East,0
U_04057,2023-11-13,Free,North,0
U_04058,2026-06-14,Pro,South,0
U_04059,2024-09-13,Free,South,0
U_04060,2025-06-27,Enterprise,East,0
U_04061,2025-03-31,Pro,West,0
U_04062,2024-03-26,Pro,North,0
U_04063,2023-10-10,Free,South,0
U_04064,2023-08-17,Free,South,0
U_04065,2026-01-26,Free,South,0
U_04066,2023-12-18,Free,East,0
U_04067,2026-05-24,Free,South,0
U_04068,2024-08-23,Free,South,1
U_04069,2025-09-10,Enterprise,West,1
U_04070,2023-12-27,Free,South,0
U_04071,2025-11-18,Free,East,0
U_04072,2024-04-26,Pro,West,0
U_04073,2024-08-26,Free,West,1
U_04074,2025-02-09,Free,South,1
U_04075,2023-11-28,Free,West,0
U_04076,2024-04-22,Pro,East,0
U_04077,2025-11-27,Free,North,1
U_04078,2024-06-01,Pro,East,0
U_04079,2024-09-10,Enterprise,West,0
U_04080,2025-10-25,Enterprise,North,1
U_04081,2024-03-27,Free,East,0
U_04082,2024-02-24,Pro,South,1
U_04083,2024-03-22,Free,South,0
U_04084,2024-09-14,Enterprise,North,1
U_04085,2024-08-25,Free,East,0
U_04086,2025-06-15,Free,South,1
U_04087,2024-12-16,Free,West,0
U_04088,2026-02-14,Free,South,0
U_04089,2023-09-24,Pro,East,0
U_04090,2025-07-09,Free,East,1
U_04091,2026-01-09,Pro,East,0
U_04092,2024-04-08,Free,North,0
U_04093,2023-09-02,Pro,South,0
U_04094,2024-11-11,Enterprise,North,1
U_04095,2023-12-03,Free,East,0
U_04096,2024-12-04,Enterprise,West,1
U_04097,2025-08-29,Free,South,0
U_04098,2023-11-09,Free,North,0
U_04099,2023-12-05,Pro,East,1
U_04100,2024-12-25,Enterprise,East,0
U_04101,2024-02-03,Free,South,0
U_04102,2024-04-03,Pro,South,0
U_04103,2024-11-13,Pro,East,1
U_04104,2023-12-06,Enterprise,East,0
U_04105,2023-10-13,Free,West,1
U_04106,2024-08-20,Pro,East,0
U_04107,2024-12-14,Enterprise,North,1
U_04108,2026-04-26,Enterprise,North,1
U_04109,2025-03-15,Pro,South,0
U_04110,2023-10-17,Free,South,1
U_04111,2024-03-26,Pro,North,0
U_04112,2025-10-03,Pro,South,0
U_04113,2025-03-24,Pro,South,0
U_04114,2026-02-14,Pro,South,1
U_04115,2026-05-23,Free,West,1
U_04116,2026-02-01,Free,North,1
U_04117,2023-11-27,Pro,West,0
U_04118,2026-05-03,Free,North,1
U_04119,2025-02-11,Free,North,1
U_04120,2024-04-13,Free,South,1
U_04121,2024-01-30,Free,South,1
U_04122,2026-02-08,Pro,North,0
U_04123,2024-03-15,Free,North,1
U_04124,2023-10-29,Pro,South,1
U_04125,2024-05-10,Free,South,1
U_04126,2026-04-13,Pro,North,0
U_04127,2024-12-05,Free,South,1
U_04128,2025-09-19,Free,North,0
U_04129,2023-10-20,Free,South,0
U_04130,2024-11-26,Pro,South,0
U_04131,2024-07-05,Enterprise,North,0
U_04132,2024-03-07,Free,North,1
U_04133,2025-07-08,Pro,East,1
U_04134,2024-08-21,Free,West,1
U_04135,2023-12-07,Free,West,0
U_04136,2026-06-16,Free,West,0
U_04137,2024-12-27,Pro,South,1
U_04138,2024-02-09,Free,East,1
U_04139,2023-08-13,Free,North,1
U_04140,2025-06-28,Free,West,1
U_04141,2025-01-31,Free,South,0
U_04142,2023-08-28,Pro,South,1
U_04143,2024-12-15,Free,East,0
U_04144,2025-09-29,Pro,West,0
U_04145,2025-02-24,Pro,West,1
U_04146,2024-04-07,Free,South,1
U_04147,2025-01-14,Free,North,0
U_04148,2025-05-07,Free,West,0
U_04149,2025-06-26,Free,South,0
U_04150,2024-01-03,Free,West,0
U_04151,2025-12-05,Enterprise,North,1
U_04152,2026-05-05,Pro,East,0
U_04153,2025-09-29,Enterprise,South,1
U_04154,2026-01-31,Enterprise,East,0
U_04155,2024-08-27,Free,West,0
U_04156,2026-03-21,Pro,South,1
U_04157,2024-02-11,Free,West,0
U_04158,2024-03-30,Pro,North,0
U_04159,2025-04-30,Free,South,0
U_04160,2026-03-20,Free,North,0
U_04161,2023-10-28,Pro,South,0
U_04162,2024-03-20,Free,North,0
U_04163,2023-09-09,Free,West,0
U_04164,2024-11-11,Pro,South,0
U_04165,2023-12-29,Free,East,0
U_04166,2024-02-22,Pro,South,1
U_04167,2025-10-08,Free,North,0
U_04168,2025-04-14,Free,West,0
U_04169,2026-04-29,Free,East,0
U_04170,2024-10-03,Free,West,0
U_04171,2025-07-25,Enterprise,West,1
U_04172,2023-08-15,Free,West,0
U_04173,2026-05-08,Pro,North,1
U_04174,2024-04-06,Free,East,0
U_04175,2024-12-22,Free,North,0
U_04176,2025-01-28,Free,South,0
U_04177,2026-05-08,Pro,North,0
U_04178,2025-01-07,Pro,West,0
U_04179,2026-06-24,Free,North,0
U_04180,2025-05-25,Free,South,0
U_04181,2024-03-19,Free,East,1
U_04182,2026-01-06,Pro,South,0
U_04183,2024-03-04,Free,South,1
U_04184,2026-07-02,Free,East,0
U_04185,2024-11-30,Pro,West,1
U_04186,2024-03-30,Pro,East,1
U_04187,2026-05-22,Enterprise,West,1
U_04188,2024-07-10,Free,East,0
U_04189,2024-10-08,Free,West,1
U_04190,2024-08-01,Pro,West,0
U_04191,2025-07-14,Free,South,0
U_04192,2023-08-26,Enterprise,East,0
U_04193,2024-09-03,Pro,East,0
U_04194,2024-01-21,Free,North,0
U_04195,2025-12-31,Free,South,0
U_04196,2023-08-02,Pro,South,0
U_04197,2025-05-10,Enterprise,East,0
U_04198,2024-05-02,Enterprise,West,1
U_04199,2024-11-28,Free,West,1
U_04200,2025-03-22,Pro,West,1
U_04201,2025-08-29,Free,South,1
U_04202,2023-12-26,Free,South,0
U_04203,2024-04-14,Pro,North,0
U_04204,2023-12-08,Pro,North,0
U_04205,2026-05-21,Enterprise,East,0
U_04206,2024-01-07,Free,North,0
U_04207,2023-12-26,Free,East,0
U_04208,2025-02-08,Free,East,1
U_04209,2025-04-12,Enterprise,West,0
U_04210,2026-03-04,Free,West,0
U_04211,2023-10-01,Pro,North,0
U_04212,2024-04-07,Free,East,0
U_04213,2024-01-27,Free,North,1
U_04214,2025-04-17,Pro,West,0
U_04215,2024-11-26,Pro,North,0
U_04216,2024-10-10,Enterprise,East,1
U_04217,2026-03-06,Free,North,0
U_04218,2025-07-07,Pro,South,1
U_04219,2026-02-03,Pro,East,0
U_04220,2026-05-18,Pro,North,1
U_04221,2024-05-14,Free,South,0
U_04222,2026-05-02,Pro,South,1
U_04223,2024-10-09,Free,North,1
U_04224,2023-09-25,Pro,South,1
U_04225,2026-04-03,Free,East,1
U_04226,2023-11-20,Free,East,0
U_04227,2023-08-20,Free,North,0
U_04228,2024-06-05,Enterprise,North,0
U_04229,2024-06-05,Pro,East,0
U_04230,2026-05-28,Free,West,0
U_04231,2026-02-14,Free,East,1
U_04232,2024-10-22,Enterprise,North,1
U_04233,2025-02-16,Free,North,0
U_04234,2026-01-22,Pro,North,1
U_04235,2025-12-09,Pro,North,1
U_04236,2025-06-28,Pro,East,1
U_04237,2025-01-29,Free,West,1
U_04238,2023-12-04,Pro,West,0
U_04239,2024-04-17,Pro,West,0
U_04240,2025-07-03,Free,East,0
U_04241,2025-04-17,Pro,South,0
U_04242,2025-12-02,Enterprise,North,1
U_04243,2026-03-17,Enterprise,South,1
U_04244,2026-05-23,Pro,North,0
U_04245,2024-02-23,Free,North,0
U_04246,2023-10-22,Free,North,0
U_04247,2026-03-15,Free,West,0
U_04248,2025-03-31,Free,South,0
U_04249,2024-02-11,Free,North,0
U_04250,2025-08-08,Pro,South,1
U_04251,2024-04-30,Free,South,0
U_04252,2024-04-10,Free,East,0
U_04253,2024-08-26,Free,South,0
U_04254,2025-02-10,Free,North,1
U_04255,2025-07-24,Pro,North,1
U_04256,2023-10-19,Pro,South,1
U_04257,2025-09-30,Free,South,0
U_04258,2025-05-28,Pro,East,1
U_04259,2024-12-16,Free,East,1
U_04260,2025-07-18,Pro,West,1
U_04261,2025-12-01,Pro,West,0
U_04262,2023-08-12,Free,East,1
U_04263,2024-12-20,Pro,North,1
U_04264,2025-07-24,Free,North,0
U_04265,2025-08-26,Enterprise,East,1
U_04266,2025-06-22,Free,West,1
U_04267,2024-02-10,Free,East,0
U_04268,2026-05-19,Free,East,1
U_04269,2025-11-16,Free,South,1
U_04270,2024-04-06,Free,North,0
U_04271,2024-11-03,Enterprise,West,0
U_04272,2026-05-19,Free,South,0
U_04273,2024-03-09,Enterprise,South,1
U_04274,2024-10-11,Pro,West,1
U_04275,2026-05-23,Pro,East,0
U_04276,2026-03-18,Free,North,0
U_04277,2024-04-05,Pro,East,0
U_04278,2025-09-23,Pro,North,0
U_04279,2024-08-19,Free,North,0
U_04280,2025-07-09,Pro,South,0
U_04281,2025-10-27,Enterprise,South,0
U_04282,2023-12-15,Free,North,0
U_04283,2024-03-26,Free,East,0
U_04284,2024-03-18,Free,North,0
U_04285,2024-05-11,Free,South,0
U_04286,2023-09-09,Enterprise,West,0
U_04287,2023-12-24,Free,West,0
U_04288,2024-10-07,Pro,East,0
U_04289,2024-10-23,Free,West,0
U_04290,2023-10-23,Free,South,0
U_04291,2025-04-13,Free,East,0
U_04292,2026-05-02,Free,South,0
U_04293,2025-04-08,Free,West,1
U_04294,2024-08-15,Free,South,1
U_04295,2025-08-21,Pro,East,0
U_04296,2024-11-10,Pro,East,0
U_04297,2024-02-04,Pro,South,0
U_04298,2024-12-27,Free,East,0
U_04299,2023-08-20,Pro,North,1
U_04300,2025-07-22,Free,East,0
U_04301,2024-01-20,Pro,North,1
U_04302,2024-08-30,Pro,East,1
U_04303,2026-05-24,Enterprise,South,0
U_04304,2025-10-27,Free,East,0
U_04305,2026-01-08,Enterprise,West,0
U_04306,2025-06-16,Free,West,1
U_04307,2025-06-08,Free,East,1
U_04308,2025-08-22,Enterprise,South,0
U_04309,2026-05-28,Enterprise,West,0
U_04310,2024-02-27,Free,West,1
U_04311,2025-10-26,Free,East,1
U_04312,2024-06-17,Pro,East,0
U_04313,2024-04-30,Free,South,1
U_04314,2025-12-24,Free,North,0
U_04315,2025-05-03,Enterprise,South,0
U_04316,2026-01-23,Free,South,1
U_04317,2026-02-19,Free,North,0
U_04318,2025-04-20,Pro,South,0
U_04319,2024-02-29,Free,East,0
U_04320,2023-08-17,Free,North,0
U_04321,2025-02-22,Free,West,1
U_04322,2025-09-13,Pro,North,0
U_04323,2024-05-18,Free,South,1
U_04324,2023-10-15,Pro,East,0
U_04325,2023-08-07,Free,West,1
U_04326,2024-02-02,Free,East,0
U_04327,2025-08-12,Free,East,0
U_04328,2023-08-06,Enterprise,North,1
U_04329,2024-04-03,Free,North,0
U_04330,2024-05-10,Pro,North,0
U_04331,2025-08-29,Free,East,1
U_04332,2026-06-19,Free,North,1
U_04333,2023-08-22,Pro,East,1
U_04334,2023-12-01,Free,South,1
U_04335,2026-04-24,Pro,South,1
U_04336,2026-05-31,Free,West,1
U_04337,2024-01-07,Free,South,0
U_04338,2024-07-24,Pro,North,0
U_04339,2025-02-08,Pro,West,0
U_04340,2024-07-08,Enterprise,West,1
U_04341,2024-10-19,Enterprise,North,0
U_04342,2024-12-24,Pro,South,1
U_04343,2024-05-03,Free,South,0
U_04344,2023-09-29,Free,West,0
U_04345,2023-10-30,Free,West,0
U_04346,2024-01-22,Free,East,0
U_04347,2023-11-07,Pro,South,0
U_04348,2025-05-28,Free,West,0
U_04349,2025-08-13,Free,East,0
U_04350,2024-05-08,Pro,West,1
U_04351,2025-11-22,Free,South,0
U_04352,2025-09-16,Free,North,0
U_04353,2024-07-31,Pro,West,0
U_04354,2025-01-07,Pro,South,0
U_04355,2024-02-18,Pro,North,0
U_04356,2026-04-18,Free,West,1
U_04357,2025-03-21,Free,East,0
U_04358,2023-09-25,Pro,West,1
U_04359,2024-01-13,Free,South,0
U_04360,2025-08-09,Pro,South,0
U_04361,2024-09-15,Enterprise,North,0
U_04362,2025-09-04,Pro,West,1
U_04363,2024-04-02,Pro,West,1
U_04364,2025-11-28,Free,West,1
U_04365,2025-12-03,Free,South,0
U_04366,2023-11-10,Pro,East,0
U_04367,2025-04-17,Pro,North,0
U_04368,2024-02-21,Free,South,0
U_04369,2025-08-25,Enterprise,North,0
U_04370,2025-12-06,Free,East,0
U_04371,2025-11-22,Pro,East,1
U_04372,2024-04-04,Free,South,0
U_04373,2023-11-09,Pro,South,0
U_04374,2025-07-09,Pro,East,0
U_04375,2025-03-26,Free,East,0
U_04376,2023-12-27,Enterprise,West,1
U_04377,2024-02-23,Pro,East,1
U_04378,2025-04-13,Free,West,0
U_04379,2023-11-25,Pro,South,0
U_04380,2025-06-07,Enterprise,South,0
U_04381,2024-04-14,Pro,West,1
U_04382,2024-05-03,Free,South,1
U_04383,2024-10-26,Pro,East,0
U_04384,2025-02-20,Pro,East,0
U_04385,2025-09-12,Free,North,0
U_04386,2023-09-03,Free,South,0
U_04387,2025-09-12,Pro,West,0
U_04388,2024-03-24,Free,West,1
U_04389,2024-06-06,Free,East,1
U_04390,2025-06-14,Enterprise,North,0
U_04391,2025-08-07,Free,North,0
U_04392,2025-05-18,Pro,North,1
U_04393,2026-03-20,Free,South,1
U_04394,2024-03-07,Free,East,1
U_04395,2024-06-28,Pro,South,1
U_04396,2025-07-08,Free,South,1
U_04397,2024-05-05,Enterprise,South,1
U_04398,2024-01-16,Free,East,0
U_04399,2024-03-30,Pro,South,0
U_04400,2025-11-01,Free,West,1
U_04401,2025-12-30,Free,East,0
U_04402,2025-09-03,Free,North,1
U_04403,2026-05-19,Pro,East,0
U_04404,2025-11-25,Enterprise,East,0
U_04405,2024-06-27,Free,North,1
U_04406,2024-07-03,Free,East,0
U_04407,2025-09-08,Pro,East,0
U_04408,2023-09-30,Pro,West,0
U_04409,2025-05-12,Free,South,1
U_04410,2023-11-05,Free,West,1
U_04411,2023-09-23,Free,North,1
U_04412,2025-01-30,Pro,North,1
U_04413,2024-01-10,Free,West,0
U_04414,2026-04-21,Enterprise,North,0
U_04415,2026-02-22,Pro,South,0
U_04416,2024-12-06,Free,East,1
U_04417,2024-02-28,Free,South,1
U_04418,2023-12-07,Enterprise,North,0
U_04419,2025-01-23,Pro,North,0
U_04420,2025-02-07,Free,East,1
U_04421,2024-08-22,Free,North,0
U_04422,2025-09-03,Pro,North,0
U_04423,2025-02-16,Pro,West,0
U_04424,2025-11-05,Pro,South,0
U_04425,2023-11-23,Free,South,0
U_04426,2023-10-15,Pro,South,0
U_04427,2024-09-17,Free,North,0
U_04428,2024-12-29,Free,North,1
U_04429,2024-04-27,Pro,North,1
U_04430,2025-07-14,Pro,North,0
U_04431,2024-03-25,Pro,West,1
U_04432,2024-07-06,Pro,North,0
U_04433,2024-12-22,Free,East,1
U_04434,2025-08-30,Free,North,0
U_04435,2025-10-31,Free,South,1
U_04436,2024-09-01,Free,South,1
U_04437,2024-11-20,Pro,South,1
U_04438,2026-04-16,Pro,North,0
U_04439,2026-04-23,Free,West,0
U_04440,2025-05-22,Free,East,0
U_04441,2023-11-21,Free,South,0
U_04442,2024-11-29,Pro,West,0
U_04443,2025-06-10,Pro,North,1
U_04444,2024-05-24,Pro,West,1
U_04445,2023-09-10,Free,North,1
U_04446,2026-06-12,Enterprise,South,0
U_04447,2026-03-28,Enterprise,East,0
U_04448,2023-12-17,Free,South,1
U_04449,2024-12-10,Free,West,0
U_04450,2025-05-23,Free,East,0
U_04451,2024-06-16,Free,North,0
U_04452,2023-10-14,Pro,North,0
U_04453,2025-10-10,Free,West,0
U_04454,2025-10-31,Free,North,1
U_04455,2024-11-10,Pro,West,1
U_04456,2023-11-01,Enterprise,North,0
U_04457,2024-09-24,Pro,North,0
U_04458,2023-11-10,Free,West,1
U_04459,2026-05-25,Pro,West,0
U_04460,2023-09-25,Pro,East,0
U_04461,2024-06-04,Free,East,1
U_04462,2025-10-28,Pro,North,0
U_04463,2023-12-23,Free,West,0
U_04464,2023-11-23,Free,South,0
U_04465,2023-10-16,Free,North,0
U_04466,2024-01-23,Free,South,1
U_04467,2025-02-18,Pro,West,0
U_04468,2026-01-06,Free,North,0
U_04469,2024-01-29,Pro,West,0
U_04470,2024-02-03,Free,West,1
U_04471,2025-10-25,Enterprise,West,0
U_04472,2024-10-28,Enterprise,South,0
U_04473,2024-07-27,Enterprise,East,1
U_04474,2023-12-11,Free,East,0
U_04475,2024-04-16,Free,East,0
U_04476,2026-06-02,Free,West,0
U_04477,2023-12-04,Pro,West,1
U_04478,2024-05-04,Pro,East,0
U_04479,2025-09-29,Free,South,0
U_04480,2026-03-09,Enterprise,South,0
U_04481,2026-03-22,Free,East,1
U_04482,2024-12-17,Enterprise,North,0
U_04483,2026-05-17,Free,North,0
U_04484,2025-05-06,Pro,West,0
U_04485,2024-06-04,Free,South,1
U_04486,2024-12-09,Pro,South,0
U_04487,2025-09-03,Pro,South,0
U_04488,2025-09-22,Free,West,0
U_04489,2023-12-18,Free,East,0
U_04490,2024-02-24,Free,North,0
U_04491,2026-05-19,Free,South,1
U_04492,2023-11-24,Pro,South,0
U_04493,2025-12-16,Free,East,1
U_04494,2024-07-28,Free,East,1
U_04495,2024-04-22,Pro,South,0
U_04496,2024-04-29,Free,East,1
U_04497,2024-12-14,Pro,West,1
U_04498,2026-06-22,Enterprise,West,0
U_04499,2024-01-07,Pro,East,0
U_04500,2026-01-28,Enterprise,West,0
U_04501,2024-07-09,Free,West,1
U_04502,2024-02-02,Enterprise,South,0
U_04503,2025-10-03,Free,East,1
U_04504,2024-07-31,Free,North,0
U_04505,2024-02-17,Free,North,1
U_04506,2024-10-21,Free,South,0
U_04507,2025-12-24,Pro,West,0
U_04508,2026-02-07,Free,South,1
U_04509,2025-04-05,Pro,East,0
U_04510,2023-08-13,Free,East,1
U_04511,2025-10-23,Free,South,0
U_04512,2025-05-09,Enterprise,North,0
U_04513,2026-03-17,Pro,West,1
U_04514,2026-05-12,Free,North,0
U_04515,2024-07-15,Free,North,0
U_04516,2026-01-22,Pro,West,1
U_04517,2025-12-21,Free,South,1
U_04518,2024-05-11,Free,North,1
U_04519,2024-08-25,Enterprise,South,1
U_04520,2024-09-04,Enterprise,West,1
U_04521,2024-08-12,Free,South,1
U_04522,2024-09-08,Enterprise,North,0
U_04523,2023-11-27,Free,West,0
U_04524,2024-03-31,Free,East,0
U_04525,2026-03-28,Pro,South,0
U_04526,2024-10-12,Free,North,0
U_04527,2025-06-09,Pro,West,0
U_04528,2026-03-04,Enterprise,South,0
U_04529,2025-10-15,Pro,North,0
U_04530,2024-04-18,Free,West,0
U_04531,2026-04-08,Free,West,1
U_04532,2025-12-06,Pro,South,1
U_04533,2026-06-23,Enterprise,South,0
U_04534,2025-09-16,Free,North,0
U_04535,2025-10-14,Free,East,0
U_04536,2025-12-15,Pro,South,1
U_04537,2024-04-27,Pro,South,0
U_04538,2025-07-01,Pro,South,0
U_04539,2024-09-10,Free,East,1
U_04540,2026-01-13,Pro,North,0
U_04541,2023-12-22,Free,East,0
U_04542,2025-02-26,Enterprise,South,1
U_04543,2024-07-25,Enterprise,East,0
U_04544,2025-12-23,Pro,West,1
U_04545,2024-08-04,Pro,North,1
U_04546,2026-01-17,Pro,South,0
U_04547,2026-01-21,Free,West,0
U_04548,2026-02-23,Pro,East,1
U_04549,2023-12-28,Free,West,0
U_04550,2026-04-28,Free,North,0
U_04551,2025-10-03,Free,West,1
U_04552,2025-07-23,Free,North,0
U_04553,2025-06-27,Free,South,0
U_04554,2023-09-22,Enterprise,East,0
U_04555,2026-02-14,Free,North,1
U_04556,2025-03-07,Pro,North,1
U_04557,2024-11-29,Free,West,0
U_04558,2024-07-28,Free,North,1
U_04559,2025-11-13,Free,South,1
U_04560,2025-11-12,Pro,East,0
U_04561,2026-02-14,Free,West,0
U_04562,2024-03-17,Free,North,1
U_04563,2024-07-29,Free,East,1
U_04564,2024-04-23,Pro,North,0
U_04565,2023-11-17,Free,West,0
U_04566,2024-07-15,Pro,North,0
U_04567,2023-08-29,Free,West,1
U_04568,2025-11-28,Pro,South,0
U_04569,2024-03-31,Free,West,0
U_04570,2023-10-16,Free,East,1
U_04571,2023-10-13,Free,East,0
U_04572,2025-09-30,Free,East,0
U_04573,2024-02-29,Free,North,0
U_04574,2024-12-06,Free,South,0
U_04575,2024-10-03,Free,West,1
U_04576,2025-12-04,Free,South,0
U_04577,2026-05-15,Pro,South,0
U_04578,2024-06-27,Pro,West,0
U_04579,2025-06-06,Pro,North,1
U_04580,2026-03-12,Free,North,1
U_04581,2024-12-15,Free,South,0
U_04582,2026-03-18,Free,East,0
U_04583,2025-09-22,Pro,North,0
U_04584,2024-06-29,Free,East,0
U_04585,2026-02-18,Free,West,0
U_04586,2025-04-04,Pro,East,1
U_04587,2023-11-22,Free,West,1
U_04588,2025-04-19,Free,East,1
U_04589,2026-01-01,Pro,West,1
U_04590,2025-02-04,Pro,East,0
U_04591,2024-12-29,Pro,North,0
U_04592,2024-10-18,Pro,East,0
U_04593,2026-02-25,Enterprise,East,1
U_04594,2025-07-11,Free,South,0
U_04595,2024-03-10,Enterprise,West,1
U_04596,2024-08-22,Free,North,0
U_04597,2024-08-23,Pro,South,1
U_04598,2026-05-19,Free,West,1
U_04599,2025-08-12,Pro,West,0
U_04600,2023-12-13,Pro,South,1
U_04601,2026-04-02,Pro,South,0
U_04602,2023-09-08,Pro,East,1
U_04603,2025-04-22,Free,West,0
U_04604,2024-11-04,Free,East,1
U_04605,2025-09-04,Pro,West,1
U_04606,2024-11-01,Free,South,1
U_04607,2023-11-08,Pro,South,0
U_04608,2025-02-10,Free,South,0
U_04609,2025-12-23,Free,South,0
U_04610,2025-11-19,Free,West,1
U_04611,2024-08-16,Pro,South,1
U_04612,2024-03-26,Free,South,0
U_04613,2025-10-03,Pro,South,0
U_04614,2025-12-03,Pro,West,0
U_04615,2024-03-22,Pro,West,1
U_04616,2026-02-28,Pro,North,0
U_04617,2026-06-24,Pro,South,1
U_04618,2024-11-06,Pro,North,0
U_04619,2024-09-10,Pro,North,0
U_04620,2025-08-27,Free,West,1
U_04621,2026-04-19,Free,East,1
U_04622,2024-03-04,Pro,North,0
U_04623,2024-06-18,Free,West,1
U_04624,2024-07-17,Free,West,1
U_04625,2025-09-20,Pro,East,1
U_04626,2024-02-17,Free,East,1
U_04627,2025-03-06,Pro,North,0
U_04628,2025-01-16,Free,West,1
U_04629,2025-07-14,Pro,South,1
U_04630,2024-01-01,Free,East,1
U_04631,2026-05-17,Enterprise,East,0
U_04632,2026-07-02,Pro,North,1
U_04633,2025-03-22,Free,West,1
U_04634,2025-11-26,Pro,West,1
U_04635,2024-02-13,Free,West,1
U_04636,2026-03-29,Pro,East,0
U_04637,2025-03-11,Pro,South,0
U_04638,2025-10-19,Pro,South,0
U_04639,2026-02-12,Free,North,0
U_04640,2024-08-21,Free,South,1
U_04641,2026-04-12,Free,North,0
U_04642,2024-03-10,Free,North,0
U_04643,2023-08-26,Free,East,0
U_04644,2025-01-18,Free,West,1
U_04645,2026-03-16,Free,South,1
U_04646,2026-03-18,Pro,South,1
U_04647,2026-05-15,Free,North,0
U_04648,2025-01-27,Free,South,0
U_04649,2026-04-22,Free,North,0
U_04650,2025-03-20,Enterprise,North,1
U_04651,2024-01-02,Pro,East,0
U_04652,2025-06-04,Pro,South,0
U_04653,2025-12-05,Pro,West,0
U_04654,2024-10-26,Pro,East,0
U_04655,2025-05-04,Free,West,0
U_04656,2024-05-04,Free,East,0
U_04657,2024-05-22,Pro,North,1
U_04658,2024-10-23,Enterprise,North,0
U_04659,2025-01-30,Free,East,0
U_04660,2024-12-13,Free,East,0
U_04661,2023-11-08,Pro,North,0
U_04662,2023-08-08,Pro,South,1
U_04663,2024-07-29,Free,East,0
U_04664,2025-09-04,Pro,West,1
U_04665,2025-10-07,Pro,West,1
U_04666,2024-04-10,Free,East,1
U_04667,2024-04-30,Pro,West,1
U_04668,2025-02-02,Free,North,0
U_04669,2024-02-05,Enterprise,South,1
U_04670,2025-05-05,Free,West,1
U_04671,2026-03-22,Free,South,0
U_04672,2024-03-04,Pro,West,1
U_04673,2025-04-17,Enterprise,South,0
U_04674,2025-09-08,Free,South,0
U_04675,2025-10-08,Enterprise,North,0
U_04676,2025-08-30,Free,West,1
U_04677,2025-08-28,Enterprise,North,0
U_04678,2024-05-18,Free,West,0
U_04679,2026-01-11,Pro,South,0
U_04680,2026-04-14,Pro,East,0
U_04681,2023-09-27,Free,West,1
U_04682,2026-05-04,Free,North,1
U_04683,2024-11-15,Pro,West,1
U_04684,2023-11-02,Pro,North,1
U_04685,2023-10-15,Pro,North,1
U_04686,2025-11-28,Free,West,0
U_04687,2025-07-24,Free,East,0
U_04688,2023-12-31,Pro,West,1
U_04689,2024-12-04,Pro,North,1
U_04690,2025-06-12,Free,South,0
U_04691,2026-06-30,Pro,North,0
U_04692,2024-07-25,Pro,East,1
U_04693,2025-10-27,Free,East,0
U_04694,2024-04-19,Free,North,0
U_04695,2024-02-29,Enterprise,West,0
U_04696,2024-01-20,Free,East,0
U_04697,2024-10-12,Pro,North,0
U_04698,2025-05-22,Pro,West,1
U_04699,2024-06-20,Free,East,0
U_04700,2024-01-21,Free,North,0
U_04701,2024-03-21,Free,East,0
U_04702,2023-10-31,Free,East,0
U_04703,2024-02-23,Pro,North,1
U_04704,2024-07-03,Free,West,0
U_04705,2025-01-20,Free,West,0
U_04706,2024-02-13,Pro,East,1
U_04707,2024-12-25,Free,North,1
U_04708,2024-11-12,Free,South,1
U_04709,2026-06-04,Free,North,0
U_04710,2025-01-01,Free,North,1
U_04711,2026-05-05,Free,North,1
U_04712,2024-12-16,Free,West,1
U_04713,2024-02-29,Free,West,1
U_04714,2025-04-24,Pro,West,1
U_04715,2024-01-03,Free,East,1
U_04716,2024-01-29,Enterprise,East,0
U_04717,2023-10-19,Pro,South,0
U_04718,2025-08-18,Free,East,0
U_04719,2026-05-28,Free,North,0
U_04720,2024-10-05,Free,East,0
U_04721,2024-08-13,Free,North,0
U_04722,2024-10-28,Free,West,1
U_04723,2024-08-11,Free,South,0
U_04724,2025-08-07,Free,North,0
U_04725,2024-09-22,Free,West,1
U_04726,2024-01-11,Free,West,0
U_04727,2026-02-08,Free,North,1
U_04728,2025-04-03,Pro,East,0
U_04729,2023-08-08,Pro,South,1
U_04730,2026-01-23,Free,North,0
U_04731,2025-09-16,Enterprise,East,1
U_04732,2024-08-13,Free,South,1
U_04733,2025-06-03,Free,South,0
U_04734,2026-04-08,Enterprise,South,1
U_04735,2024-10-03,Free,North,1
U_04736,2024-11-05,Free,West,0
U_04737,2024-06-14,Free,North,0
U_04738,2025-03-14,Pro,East,1
U_04739,2025-07-08,Pro,North,0
U_04740,2025-09-23,Pro,North,0
U_04741,2026-05-09,Free,East,0
U_04742,2024-01-03,Free,South,1
U_04743,2024-08-25,Pro,West,0
U_04744,2026-01-25,Free,East,0
U_04745,2025-11-22,Pro,East,0
U_04746,2025-04-21,Free,East,0
U_04747,2025-07-23,Enterprise,West,0
U_04748,2024-07-29,Free,South,1
U_04749,2026-05-05,Free,North,1
U_04750,2025-03-09,Free,West,1
U_04751,2024-10-04,Free,South,1
U_04752,2024-02-12,Free,North,1
U_04753,2023-12-03,Pro,East,0
U_04754,2026-03-15,Free,South,0
U_04755,2025-12-02,Free,North,0
U_04756,2023-08-30,Pro,West,0
U_04757,2024-07-11,Free,South,0
U_04758,2024-12-25,Pro,North,1
U_04759,2025-01-11,Free,South,1
U_04760,2024-08-23,Free,West,0
U_04761,2026-03-13,Free,West,0
U_04762,2024-08-08,Enterprise,West,1
U_04763,2025-02-19,Enterprise,West,1
U_04764,2026-04-18,Pro,West,0
U_04765,2025-06-13,Pro,South,0
U_04766,2024-12-22,Free,North,1
U_04767,2024-07-21,Pro,South,1
U_04768,2024-09-17,Pro,South,1
U_04769,2025-05-12,Free,West,1
U_04770,2025-11-16,Free,North,0
U_04771,2024-05-05,Free,West,0
U_04772,2024-08-30,Pro,North,1
U_04773,2024-09-18,Free,West,0
U_04774,2024-08-22,Pro,North,0
U_04775,2026-04-01,Free,West,0
U_04776,2025-02-26,Free,East,0
U_04777,2024-05-22,Pro,West,0
U_04778,2024-07-21,Free,North,1
U_04779,2025-12-24,Free,West,0
U_04780,2024-01-19,Enterprise,North,1
U_04781,2025-08-06,Free,South,0
U_04782,2023-08-25,Free,South,1
U_04783,2024-02-23,Free,North,0
U_04784,2023-10-04,Free,South,0
U_04785,2025-12-07,Enterprise,West,1
U_04786,2024-01-05,Pro,West,1
U_04787,2024-04-01,Free,East,1
U_04788,2023-10-02,Free,East,1
U_04789,2024-05-09,Enterprise,North,1
U_04790,2025-09-21,Pro,South,0
U_04791,2025-09-07,Free,South,0
U_04792,2026-03-29,Free,West,0
U_04793,2026-05-07,Free,West,1
U_04794,2025-03-11,Free,West,1
U_04795,2026-04-10,Pro,West,0
U_04796,2023-11-05,Pro,East,0
U_04797,2026-04-14,Pro,East,0
U_04798,2024-11-06,Free,North,1
U_04799,2024-02-23,Pro,North,0
U_04800,2025-10-07,Free,West,1
U_04801,2026-02-02,Free,South,0
U_04802,2024-09-16,Pro,North,0
U_04803,2023-11-09,Free,West,1
U_04804,2026-02-17,Free,East,1
U_04805,2025-10-13,Free,North,0
U_04806,2025-04-29,Pro,South,0
U_04807,2026-06-08,Free,North,1
U_04808,2023-09-11,Free,East,1
U_04809,2023-09-30,Pro,West,1
U_04810,2023-12-12,Free,South,0
U_04811,2023-08-25,Pro,East,1
U_04812,2025-08-26,Enterprise,South,0
U_04813,2025-06-03,Pro,East,0
U_04814,2023-11-29,Enterprise,North,0
U_04815,2024-01-21,Free,North,0
U_04816,2024-02-10,Free,East,1
U_04817,2025-05-12,Pro,North,0
U_04818,2025-07-18,Enterprise,East,0
U_04819,2026-05-31,Pro,South,0
U_04820,2024-08-20,Pro,West,0
U_04821,2026-06-10,Free,North,0
U_04822,2024-11-07,Free,East,0
U_04823,2024-09-21,Free,North,0
U_04824,2024-04-28,Pro,West,0
U_04825,2024-04-05,Pro,East,0
U_04826,2026-06-05,Enterprise,West,1
U_04827,2026-06-27,Enterprise,East,1
U_04828,2025-08-23,Free,South,0
U_04829,2024-02-04,Free,West,1
U_04830,2024-02-09,Pro,South,1
U_04831,2024-01-11,Pro,West,1
U_04832,2024-08-10,Pro,North,0
U_04833,2025-09-25,Free,North,0
U_04834,2023-10-03,Free,West,0
U_04835,2025-02-17,Free,South,1
U_04836,2025-07-27,Free,North,0
U_04837,2023-09-06,Free,North,1
U_04838,2024-11-12,Free,North,0
U_04839,2025-11-22,Enterprise,East,0
U_04840,2025-04-06,Free,West,0
U_04841,2024-11-25,Free,East,0
U_04842,2026-02-26,Free,South,1
U_04843,2025-05-03,Free,West,1
U_04844,2024-07-26,Pro,East,1
U_04845,2024-09-27,Pro,North,1
U_04846,2026-05-03,Free,West,0
U_04847,2026-02-03,Pro,North,0
U_04848,2026-04-03,Pro,East,0
U_04849,2025-03-21,Enterprise,South,0
U_04850,2023-12-31,Pro,South,0
U_04851,2024-02-04,Pro,West,1
U_04852,2024-09-13,Enterprise,South,0
U_04853,2025-08-07,Pro,South,1
U_04854,2023-08-06,Free,West,0
U_04855,2025-12-03,Pro,West,1
U_04856,2025-11-16,Free,North,1
U_04857,2025-01-31,Free,North,0
U_04858,2023-08-07,Pro,South,1
U_04859,2025-11-29,Pro,South,1
U_04860,2024-10-16,Pro,East,1
U_04861,2025-07-15,Pro,North,1
U_04862,2025-03-31,Free,East,1
U_04863,2025-09-16,Free,South,1
U_04864,2024-10-10,Free,West,0
U_04865,2026-05-21,Free,South,0
U_04866,2026-05-16,Enterprise,North,1
U_04867,2026-04-18,Pro,South,1
U_04868,2025-05-18,Free,South,1
U_04869,2024-07-04,Free,West,0
U_04870,2024-09-06,Free,West,1
U_04871,2024-05-14,Pro,East,1
U_04872,2026-03-22,Free,East,0
U_04873,2025-11-23,Enterprise,South,0
U_04874,2025-11-19,Free,East,0
U_04875,2025-12-24,Pro,South,0
U_04876,2026-06-23,Enterprise,West,0
U_04877,2025-08-04,Free,East,1
U_04878,2024-07-06,Free,North,1
U_04879,2025-10-17,Free,East,0
U_04880,2024-05-07,Free,East,0
U_04881,2025-05-14,Pro,North,0
U_04882,2024-01-17,Free,West,0
U_04883,2026-02-01,Free,North,0
U_04884,2025-01-03,Pro,West,0
U_04885,2024-05-21,Free,West,0
U_04886,2026-04-11,Free,South,1
U_04887,2023-10-29,Free,North,1
U_04888,2026-04-19,Free,North,1
U_04889,2025-10-16,Pro,North,1
U_04890,2024-01-07,Free,East,0
U_04891,2025-10-21,Free,East,0
U_04892,2025-04-04,Pro,East,0
U_04893,2026-03-26,Free,East,0
U_04894,2025-04-18,Pro,East,1
U_04895,2024-10-30,Pro,South,0
U_04896,2026-04-22,Free,West,1
U_04897,2023-11-03,Pro,North,1
U_04898,2025-11-07,Free,South,0
U_04899,2023-11-19,Free,East,1
U_04900,2024-05-22,Pro,North,0
U_04901,2023-12-01,Free,West,0
U_04902,2026-02-15,Enterprise,East,0
U_04903,2024-11-14,Pro,East,0
U_04904,2025-09-14,Pro,West,0
U_04905,2024-05-01,Pro,East,0
U_04906,2025-09-18,Free,West,0
U_04907,2025-06-23,Free,West,0
U_04908,2023-11-14,Enterprise,West,1
U_04909,2025-01-09,Pro,North,0
U_04910,2025-09-09,Pro,East,0
U_04911,2024-03-17,Free,East,0
U_04912,2025-06-29,Free,East,0
U_04913,2024-05-24,Free,South,0
U_04914,2024-08-30,Pro,North,0
U_04915,2026-04-08,Free,West,0
U_04916,2026-05-03,Free,East,0
U_04917,2026-06-30,Free,North,0
U_04918,2024-10-29,Free,West,1
U_04919,2025-04-02,Pro,West,0
U_04920,2025-12-10,Enterprise,West,0
U_04921,2025-10-18,Free,North,0
U_04922,2024-11-30,Pro,North,0
U_04923,2026-02-07,Pro,West,0
U_04924,2024-10-02,Free,North,1
U_04925,2026-05-10,Free,North,1
U_04926,2024-12-17,Free,North,0
U_04927,2023-12-06,Free,South,0
U_04928,2025-10-08,Free,West,0
U_04929,2024-01-03,Enterprise,East,0
U_04930,2025-07-26,Free,South,0
U_04931,2023-09-28,Free,North,1
U_04932,2026-06-20,Pro,South,0
U_04933,2025-02-28,Free,North,1
U_04934,2025-09-29,Enterprise,West,0
U_04935,2023-12-19,Pro,North,0
U_04936,2025-06-10,Enterprise,West,0
U_04937,2024-09-06,Free,North,1
U_04938,2024-04-23,Pro,South,1
U_04939,2025-12-17,Free,West,1
U_04940,2023-09-06,Pro,West,0
U_04941,2024-12-23,Pro,East,1
U_04942,2023-11-02,Free,North,1
U_04943,2026-01-25,Free,West,0
U_04944,2026-03-11,Free,East,1
U_04945,2023-09-07,Free,West,0
U_04946,2024-12-09,Free,West,1
U_04947,2024-12-13,Free,North,0
U_04948,2025-09-06,Pro,West,0
U_04949,2025-09-17,Free,South,0
U_04950,2024-08-01,Pro,South,1
U_04951,2026-04-22,Free,East,0
U_04952,2024-02-15,Free,South,0
U_04953,2023-12-25,Free,North,0
U_04954,2025-12-17,Free,East,0
U_04955,2023-12-08,Free,East,1
U_04956,2024-02-16,Enterprise,East,1
U_04957,2025-01-16,Pro,North,1
U_04958,2024-07-25,Pro,East,1
U_04959,2024-01-23,Pro,East,1
U_04960,2026-04-19,Free,West,0
U_04961,2024-12-19,Free,North,0
U_04962,2025-11-16,Free,South,0
U_04963,2024-04-24,Free,North,1
U_04964,2026-03-31,Free,West,0
U_04965,2024-03-24,Free,North,1
U_04966,2026-03-25,Pro,North,0
U_04967,2025-05-16,Free,North,0
U_04968,2026-06-02,Pro,South,1
U_04969,2025-11-01,Free,North,0
U_04970,2025-06-04,Free,West,0
U_04971,2025-02-20,Free,East,0
U_04972,2026-01-29,Free,West,1
U_04973,2024-11-16,Free,West,1
U_04974,2023-11-14,Pro,North,1
U_04975,2026-04-02,Enterprise,North,1
U_04976,2025-12-07,Free,West,1
U_04977,2025-07-29,Pro,West,0
U_04978,2025-10-03,Free,North,1
U_04979,2024-04-05,Pro,South,0
U_04980,2024-12-07,Pro,West,0
U_04981,2025-12-26,Free,West,1
U_04982,2026-05-23,Pro,South,0
U_04983,2026-04-12,Pro,North,1
U_04984,2024-01-20,Free,North,0
U_04985,2025-07-31,Pro,North,1
U_04986,2025-03-14,Free,West,0
U_04987,2024-10-06,Pro,West,0
U_04988,2024-01-27,Free,West,0
U_04989,2023-12-26,Pro,North,1
U_04990,2024-12-15,Pro,East,0
U_04991,2025-01-08,Pro,North,0
U_04992,2024-05-13,Free,South,1
U_04993,2024-08-27,Pro,South,0
U_04994,2025-03-14,Pro,South,1
U_04995,2025-10-22,Free,East,1
U_04996,2025-04-21,Free,North,0
U_04997,2024-01-21,Free,South,0
U_04998,2026-03-03,Pro,South,0
U_04999,2024-08-27,Pro,South,0
U_05000,2026-05-21,Free,East,1
U_05001,2026-06-13,Free,South,0
U_05002,2023-12-29,Free,East,0
U_05003,2025-04-13,Pro,East,1
U_05004,2026-05-28,Enterprise,East,0
U_05005,2024-09-15,Free,East,0
U_05006,2025-03-07,Pro,West,1
U_05007,2024-07-01,Pro,East,0
U_05008,2023-09-01,Free,West,1
U_05009,2024-03-07,Free,North,1
U_05010,2023-12-12,Free,West,1
U_05011,2024-05-30,Pro,North,1
U_05012,2025-06-03,Free,North,1
U_05013,2025-03-24,Free,South,0
U_05014,2026-05-08,Free,North,1
U_05015,2025-08-01,Free,East,0
U_05016,2024-08-22,Enterprise,East,1
U_05017,2026-05-10,Free,East,0
U_05018,2025-06-07,Free,South,1
U_05019,2025-03-03,Free,East,0
U_05020,2026-02-06,Free,North,0
U_05021,2025-07-16,Free,North,0
U_05022,2024-08-20,Pro,West,0
U_05023,2025-05-07,Free,East,0
U_05024,2024-06-17,Pro,North,0
U_05025,2026-05-31,Enterprise,West,1
U_05026,2024-04-18,Free,South,0
U_05027,2026-06-04,Free,South,1
U_05028,2023-10-09,Pro,East,1
U_05029,2023-08-12,Free,North,0
U_05030,2025-03-13,Free,West,0
U_05031,2024-03-08,Free,West,0
U_05032,2025-01-23,Free,South,1
U_05033,2023-12-05,Free,North,1
U_05034,2026-01-10,Free,East,0
U_05035,2025-07-15,Free,East,0
U_05036,2025-07-31,Enterprise,South,0
U_05037,2026-04-15,Pro,South,0
U_05038,2026-06-24,Free,West,1
U_05039,2025-07-24,Free,East,0
U_05040,2025-08-31,Free,West,0
U_05041,2023-08-03,Pro,West,0
U_05042,2023-09-23,Pro,North,1
U_05043,2024-10-29,Free,South,1
U_05044,2026-05-31,Free,North,0
U_05045,2024-06-30,Pro,South,1
U_05046,2025-03-29,Free,North,0
U_05047,2023-08-11,Free,West,0
U_05048,2024-10-18,Free,South,0
U_05049,2026-03-21,Free,East,0
U_05050,2025-04-21,Pro,East,1
U_05051,2025-12-27,Free,North,1
U_05052,2023-08-15,Free,West,0
U_05053,2024-03-05,Pro,North,0
U_05054,2024-02-09,Free,North,0
U_05055,2026-01-05,Free,South,1
U_05056,2023-11-18,Pro,North,1
U_05057,2026-04-21,Pro,East,1
U_05058,2024-05-13,Free,East,0
U_05059,2026-02-25,Pro,West,0
U_05060,2025-02-01,Enterprise,South,0
U_05061,2024-07-11,Enterprise,East,0
U_05062,2026-05-28,Free,North,0
U_05063,2024-10-06,Free,South,0
U_05064,2025-08-14,Pro,West,0
U_05065,2023-10-12,Enterprise,West,0
U_05066,2026-01-03,Enterprise,South,0
U_05067,2026-06-12,Pro,West,1
U_05068,2023-11-27,Free,East,0
U_05069,2025-10-05,Pro,North,1
U_05070,2024-05-16,Free,West,1
U_05071,2024-01-06,Pro,South,1
U_05072,2024-08-24,Free,East,0
U_05073,2025-07-07,Free,West,0
U_05074,2026-05-14,Free,East,0
U_05075,2026-06-26,Free,North,0
U_05076,2026-06-26,Free,West,0
U_05077,2025-05-27,Free,East,0
U_05078,2025-06-28,Enterprise,West,0
U_05079,2024-01-20,Enterprise,East,1
U_05080,2025-09-13,Free,North,1
U_05081,2025-03-11,Free,North,1
U_05082,2024-08-18,Pro,East,1
U_05083,2026-03-18,Pro,North,0
U_05084,2024-04-29,Free,North,0
U_05085,2023-12-31,Free,North,0
U_05086,2024-01-17,Pro,South,0
U_05087,2024-01-08,Pro,West,1
U_05088,2025-04-20,Free,North,0
U_05089,2025-12-02,Pro,South,0
U_05090,2024-01-19,Free,East,0
U_05091,2025-01-18,Free,North,1
U_05092,2025-04-05,Pro,West,1
U_05093,2025-03-21,Free,West,1
U_05094,2024-10-14,Pro,West,0
U_05095,2025-03-03,Pro,West,1
U_05096,2023-08-18,Free,East,0
U_05097,2023-10-02,Free,South,1
U_05098,2024-10-25,Pro,East,0
U_05099,2024-04-10,Pro,North,0
U_05100,2025-10-16,Free,East,0
U_05101,2024-04-15,Free,North,1
U_05102,2025-12-27,Enterprise,North,1
U_05103,2024-04-15,Free,South,0
U_05104,2023-11-08,Free,West,0
U_05105,2024-12-22,Pro,South,0
U_05106,2024-09-18,Free,North,0
U_05107,2024-07-24,Enterprise,South,1
U_05108,2025-10-25,Pro,East,1
U_05109,2024-03-25,Free,West,1
U_05110,2025-07-16,Free,South,0
U_05111,2026-01-07,Free,South,1
U_05112,2024-11-26,Free,West,0
U_05113,2025-01-19,Pro,East,0
U_05114,2026-04-12,Free,South,1
U_05115,2025-05-06,Free,West,0
U_05116,2024-02-10,Free,South,1
U_05117,2023-10-15,Pro,East,0
U_05118,2023-10-28,Free,West,0
U_05119,2024-07-20,Free,South,0
U_05120,2023-11-04,Enterprise,East,0
U_05121,2025-06-23,Free,East,0
U_05122,2024-10-26,Pro,North,1
U_05123,2024-06-25,Free,East,1
U_05124,2025-01-28,Free,North,1
U_05125,2026-04-26,Free,West,1
U_05126,2024-04-18,Free,East,0
U_05127,2024-01-13,Enterprise,South,0
U_05128,2024-06-22,Pro,West,0
U_05129,2024-07-12,Free,South,0
U_05130,2026-03-28,Free,South,1
U_05131,2025-08-23,Pro,North,0
U_05132,2024-11-01,Pro,South,1
U_05133,2024-01-25,Free,East,1
U_05134,2023-09-19,Enterprise,East,0
U_05135,2023-12-10,Free,East,1
U_05136,2026-01-21,Free,East,1
U_05137,2025-06-22,Free,North,0
U_05138,2024-01-15,Free,West,1
U_05139,2025-05-29,Free,South,1
U_05140,2023-10-03,Pro,West,0
U_05141,2025-01-23,Free,South,0
U_05142,2024-07-24,Pro,South,0
U_05143,2023-11-19,Free,East,1
U_05144,2025-10-01,Free,North,0
U_05145,2025-09-04,Pro,North,1
U_05146,2025-01-27,Free,East,0
U_05147,2024-01-28,Free,North,0
U_05148,2025-07-15,Free,South,1
U_05149,2024-11-05,Pro,West,1
U_05150,2025-07-06,Free,West,1
U_05151,2023-11-07,Free,East,0
U_05152,2026-03-21,Free,North,1
U_05153,2023-08-05,Pro,South,0
U_05154,2024-03-26,Free,West,1
U_05155,2024-09-29,Free,East,1
U_05156,2024-02-29,Free,West,0
U_05157,2023-11-03,Enterprise,South,1
U_05158,2025-08-03,Free,South,1
U_05159,2026-06-26,Pro,East,0
U_05160,2024-07-24,Pro,South,0
U_05161,2024-05-11,Pro,South,0
U_05162,2025-07-16,Pro,East,1
U_05163,2024-03-26,Free,South,0
U_05164,2024-10-02,Pro,East,1
U_05165,2025-08-04,Pro,East,0
U_05166,2024-11-03,Pro,South,0
U_05167,2024-01-15,Free,East,0
U_05168,2023-10-16,Pro,West,1
U_05169,2025-03-02,Free,North,0
U_05170,2026-06-22,Pro,East,1
U_05171,2026-04-08,Pro,West,0
U_05172,2023-11-16,Free,West,0
U_05173,2025-01-18,Free,South,0
U_05174,2025-01-03,Enterprise,North,1
U_05175,2024-02-24,Pro,East,1
U_05176,2025-07-16,Pro,North,0
U_05177,2025-01-11,Free,East,0
U_05178,2025-12-11,Pro,South,0
U_05179,2024-06-08,Free,West,1
U_05180,2026-04-23,Free,South,0
U_05181,2025-12-17,Free,South,0
U_05182,2024-12-18,Pro,West,0
U_05183,2023-12-30,Pro,East,1
U_05184,2024-12-29,Free,West,0
U_05185,2023-12-15,Pro,North,0
U_05186,2025-08-01,Free,South,0
U_05187,2025-08-14,Free,West,1
U_05188,2025-04-09,Pro,West,0
U_05189,2026-06-07,Free,East,0
U_05190,2023-09-19,Free,East,0
U_05191,2025-09-02,Pro,North,1
U_05192,2025-12-02,Free,East,0
U_05193,2023-11-30,Free,East,0
U_05194,2024-07-10,Free,South,0
U_05195,2023-09-28,Pro,East,0
U_05196,2025-04-14,Enterprise,West,0
U_05197,2025-09-10,Free,North,0
U_05198,2024-08-06,Enterprise,South,1
U_05199,2025-08-12,Pro,South,0
U_05200,2024-08-26,Free,East,0
U_05201,2025-08-30,Free,East,0
U_05202,2024-05-23,Pro,East,1
U_05203,2026-06-09,Free,West,1
U_05204,2024-11-10,Free,South,1
U_05205,2023-08-05,Free,North,1
U_05206,2023-11-07,Free,South,0
U_05207,2025-09-14,Free,South,1
U_05208,2026-02-08,Pro,South,1
U_05209,2025-06-10,Free,East,1
U_05210,2024-01-14,Free,West,0
U_05211,2026-02-16,Free,West,0
U_05212,2025-09-04,Free,South,0
U_05213,2023-12-02,Free,West,0
U_05214,2024-09-10,Enterprise,South,1
U_05215,2025-07-17,Free,West,0
U_05216,2023-08-05,Free,East,0
U_05217,2023-09-16,Free,West,0
U_05218,2024-08-12,Free,East,0
U_05219,2026-02-19,Free,South,1
U_05220,2026-06-29,Free,South,1
U_05221,2024-07-06,Free,East,0
U_05222,2026-03-27,Pro,East,1
U_05223,2025-11-16,Free,North,1
U_05224,2026-02-09,Free,West,0
U_05225,2025-04-20,Pro,East,1
U_05226,2026-05-31,Pro,West,1
U_05227,2025-06-18,Free,West,0
U_05228,2026-05-08,Pro,South,0
U_05229,2025-03-27,Free,South,1
U_05230,2024-02-27,Pro,North,0
U_05231,2025-02-04,Free,North,0
U_05232,2024-12-28,Free,West,0
U_05233,2024-07-26,Free,East,0
U_05234,2024-09-03,Free,South,0
U_05235,2025-01-27,Free,East,0
U_05236,2025-04-19,Free,West,0
U_05237,2024-03-26,Pro,South,0
U_05238,2024-05-23,Pro,East,1
U_05239,2025-01-19,Pro,West,0
U_05240,2025-01-20,Free,North,0
U_05241,2024-10-21,Pro,North,0
U_05242,2025-07-09,Free,East,0
U_05243,2024-02-15,Free,North,0
U_05244,2025-02-18,Free,North,0
U_05245,2024-05-21,Pro,North,1
U_05246,2025-10-30,Free,East,0
U_05247,2025-08-21,Free,East,1
U_05248,2025-11-11,Enterprise,East,1
U_05249,2025-02-03,Pro,East,1
U_05250,2024-04-23,Pro,West,0
U_05251,2026-04-14,Free,West,0
U_05252,2025-01-27,Pro,North,0
U_05253,2024-09-04,Free,East,0
U_05254,2024-06-06,Free,West,1
U_05255,2024-10-03,Pro,North,0
U_05256,2025-08-26,Pro,North,0
U_05257,2025-12-21,Free,West,0
U_05258,2024-12-28,Free,South,0
U_05259,2025-09-19,Pro,East,0
U_05260,2024-03-15,Pro,South,1
U_05261,2024-11-25,Free,East,1
U_05262,2024-08-17,Free,East,1
U_05263,2024-06-23,Pro,East,0
U_05264,2024-08-19,Enterprise,West,0
U_05265,2025-10-14,Pro,West,0
U_05266,2025-09-21,Free,East,0
U_05267,2024-03-10,Free,West,1
U_05268,2024-04-07,Enterprise,South,1
U_05269,2025-11-15,Free,East,1
U_05270,2025-06-29,Free,West,0
U_05271,2025-07-22,Free,South,0
U_05272,2025-06-09,Free,North,0
U_05273,2025-08-10,Pro,West,0
U_05274,2024-05-18,Pro,South,1
U_05275,2023-10-05,Enterprise,East,0
U_05276,2024-08-20,Pro,South,1
U_05277,2023-09-05,Free,East,0
U_05278,2026-05-23,Pro,South,1
U_05279,2025-02-11,Pro,East,0
U_05280,2025-07-16,Pro,South,0
U_05281,2026-05-28,Free,West,1
U_05282,2025-12-06,Free,South,0
U_05283,2024-04-02,Pro,East,1
U_05284,2024-07-26,Pro,South,0
U_05285,2023-11-25,Pro,West,0
U_05286,2025-11-27,Free,West,0
U_05287,2025-09-25,Enterprise,West,1
U_05288,2025-01-02,Free,South,0
U_05289,2024-08-29,Free,West,0
U_05290,2024-05-15,Enterprise,West,0
U_05291,2025-01-02,Free,East,1
U_05292,2025-08-30,Free,North,1
U_05293,2026-03-13,Free,North,0
U_05294,2026-01-22,Free,East,1
U_05295,2026-02-11,Free,West,0
U_05296,2024-11-12,Free,South,0
U_05297,2024-10-24,Free,West,0
U_05298,2024-07-01,Pro,West,0
U_05299,2026-06-05,Pro,East,0
U_05300,2024-02-13,Enterprise,East,1
U_05301,2024-01-17,Pro,East,1
U_05302,2024-05-27,Free,South,0
U_05303,2026-04-10,Free,South,0
U_05304,2026-01-27,Free,North,1
U_05305,2024-07-20,Free,North,1
U_05306,2026-01-25,Pro,East,0
U_05307,2026-03-08,Free,South,0
U_05308,2024-10-30,Free,East,0
U_05309,2024-02-22,Enterprise,North,0
U_05310,2025-11-02,Pro,East,0
U_05311,2024-09-04,Pro,East,1
U_05312,2023-12-07,Free,West,1
U_05313,2026-03-21,Enterprise,West,1
U_05314,2024-11-12,Pro,North,0
U_05315,2024-09-28,Free,South,0
U_05316,2025-04-27,Free,East,1
U_05317,2024-04-30,Free,South,0
U_05318,2023-08-23,Pro,West,0
U_05319,2024-09-20,Pro,East,0
U_05320,2024-09-09,Pro,West,0
U_05321,2023-08-13,Pro,East,1
U_05322,2024-09-01,Pro,North,1
U_05323,2025-10-21,Pro,West,1
U_05324,2024-07-21,Free,East,0
U_05325,2025-07-26,Pro,East,0
U_05326,2025-05-28,Pro,East,0
U_05327,2024-02-18,Free,South,1
U_05328,2023-08-23,Pro,South,1
U_05329,2025-07-20,Free,West,1
U_05330,2025-05-14,Pro,East,0
U_05331,2024-06-10,Free,South,1
U_05332,2024-03-02,Free,North,1
U_05333,2026-01-29,Pro,East,0
U_05334,2026-03-28,Free,South,1
U_05335,2024-04-06,Free,South,0
U_05336,2025-04-17,Free,West,0
U_05337,2025-04-05,Pro,South,0
U_05338,2024-07-10,Free,West,0
U_05339,2023-09-09,Free,East,0
U_05340,2024-07-13,Pro,North,1
U_05341,2025-06-18,Free,South,0
U_05342,2025-05-04,Pro,South,1
U_05343,2025-01-26,Free,East,0
U_05344,2023-12-10,Free,West,0
U_05345,2024-03-15,Pro,South,0
U_05346,2024-06-28,Free,East,1
U_05347,2024-10-18,Enterprise,West,1
U_05348,2024-08-23,Enterprise,West,0
U_05349,2026-03-20,Free,West,0
U_05350,2023-12-03,Free,North,1
U_05351,2026-06-18,Free,West,0
U_05352,2024-04-14,Free,South,0
U_05353,2026-01-31,Pro,South,0
U_05354,2024-04-17,Enterprise,South,0
U_05355,2025-04-19,Free,South,0
U_05356,2024-09-07,Pro,South,0
U_05357,2023-09-11,Pro,East,0
U_05358,2025-11-27,Pro,South,1
U_05359,2025-12-12,Enterprise,South,0
U_05360,2024-05-14,Free,West,0
U_05361,2025-11-06,Pro,West,1
U_05362,2024-12-24,Free,North,1
U_05363,2026-06-19,Free,East,0
U_05364,2023-09-28,Pro,North,0
U_05365,2024-09-10,Free,North,1
U_05366,2024-03-31,Pro,East,0
U_05367,2025-05-29,Enterprise,North,1
U_05368,2025-11-08,Free,North,0
U_05369,2026-01-15,Pro,South,1
U_05370,2025-03-08,Pro,South,0
U_05371,2024-09-17,Free,North,0
U_05372,2025-12-01,Pro,North,0
U_05373,2023-11-21,Pro,South,0
U_05374,2024-05-05,Free,West,0
U_05375,2025-10-12,Free,North,1
U_05376,2024-11-13,Free,South,0
U_05377,2026-06-25,Free,West,0
U_05378,2023-11-06,Free,South,0
U_05379,2024-12-06,Pro,South,1
U_05380,2024-03-15,Pro,West,0
U_05381,2023-08-04,Enterprise,North,0
U_05382,2023-11-09,Pro,East,0
U_05383,2023-11-06,Pro,South,0
U_05384,2024-08-29,Pro,South,0
U_05385,2024-11-05,Pro,East,1
U_05386,2025-01-24,Pro,West,0
U_05387,2024-06-05,Pro,North,1
U_05388,2025-08-19,Free,South,0
U_05389,2025-02-02,Pro,South,0
U_05390,2026-06-13,Pro,West,1
U_05391,2024-01-29,Pro,West,1
U_05392,2025-01-27,Free,North,0
U_05393,2025-01-09,Free,North,1
U_05394,2024-09-01,Enterprise,East,0
U_05395,2026-02-05,Pro,West,0
U_05396,2024-03-12,Pro,West,0
U_05397,2026-02-22,Free,West,0
U_05398,2024-08-17,Free,South,0
U_05399,2024-07-24,Free,West,0
U_05400,2025-05-18,Pro,South,0
U_05401,2025-03-24,Pro,North,0
U_05402,2024-05-30,Free,South,0
U_05403,2023-10-31,Free,South,0
U_05404,2026-05-16,Pro,North,0
U_05405,2024-08-29,Free,East,0
U_05406,2023-12-01,Free,North,1
U_05407,2025-07-01,Pro,East,0
U_05408,2025-02-19,Pro,West,1
U_05409,2024-07-16,Enterprise,West,1
U_05410,2024-07-17,Enterprise,East,0
U_05411,2026-01-18,Pro,South,1
U_05412,2024-07-27,Free,East,0
U_05413,2024-10-19,Pro,South,0
U_05414,2026-05-18,Free,East,0
U_05415,2024-08-20,Enterprise,East,0
U_05416,2024-10-03,Pro,East,1
U_05417,2024-01-21,Free,West,0
U_05418,2025-07-08,Pro,East,0
U_05419,2025-07-10,Free,South,1
U_05420,2024-11-19,Free,East,0
U_05421,2024-10-07,Pro,West,1
U_05422,2024-04-06,Free,South,1
U_05423,2025-11-21,Free,East,0
U_05424,2024-12-01,Pro,West,1
U_05425,2026-01-04,Pro,West,0
U_05426,2024-09-04,Pro,East,1
U_05427,2025-09-21,Pro,East,0
U_05428,2023-09-01,Pro,East,0
U_05429,2024-03-23,Pro,North,1
U_05430,2026-05-21,Pro,East,0
U_05431,2025-07-29,Free,North,1
U_05432,2025-07-22,Pro,South,0
U_05433,2025-01-12,Pro,South,1
U_05434,2024-12-17,Free,East,0
U_05435,2024-02-28,Free,East,0
U_05436,2024-02-02,Free,South,0
U_05437,2025-06-19,Free,South,1
U_05438,2025-08-10,Pro,West,0
U_05439,2024-05-03,Free,North,1
U_05440,2025-06-19,Enterprise,West,1
U_05441,2023-12-25,Free,West,0
U_05442,2025-05-16,Pro,West,0
U_05443,2024-01-31,Free,South,1
U_05444,2025-01-26,Free,East,0
U_05445,2024-07-01,Pro,East,0
U_05446,2025-03-10,Free,South,0
U_05447,2023-12-22,Free,West,0
U_05448,2024-12-29,Free,East,1
U_05449,2025-05-20,Enterprise,West,1
U_05450,2023-12-23,Free,West,1
U_05451,2024-06-26,Free,West,1
U_05452,2025-07-25,Pro,West,1
U_05453,2025-03-06,Free,South,0
U_05454,2025-05-20,Free,South,1
U_05455,2025-11-10,Free,South,1
U_05456,2025-04-02,Pro,South,1
U_05457,2024-03-25,Pro,South,1
U_05458,2024-11-15,Free,North,1
U_05459,2026-01-02,Enterprise,West,0
U_05460,2025-03-28,Free,North,1
U_05461,2025-10-12,Free,North,0
U_05462,2024-08-24,Free,East,1
U_05463,2024-11-22,Pro,East,1
U_05464,2026-05-31,Pro,South,1
U_05465,2025-12-25,Free,West,0
U_05466,2025-06-27,Enterprise,North,0
U_05467,2023-11-23,Free,North,0
U_05468,2025-05-15,Pro,East,1
U_05469,2023-09-06,Free,South,0
U_05470,2026-04-23,Free,West,0
U_05471,2026-06-03,Pro,North,1
U_05472,2025-09-16,Pro,South,0
U_05473,2024-05-13,Pro,South,1
U_05474,2026-01-19,Free,South,0
U_05475,2024-02-06,Pro,North,1
U_05476,2025-12-31,Pro,West,0
U_05477,2025-02-07,Free,South,0
U_05478,2023-08-18,Free,North,0
U_05479,2026-03-08,Pro,East,1
U_05480,2024-11-13,Pro,East,0
U_05481,2026-01-02,Free,North,1
U_05482,2025-08-04,Free,North,0
U_05483,2025-02-19,Free,North,0
U_05484,2026-02-06,Free,South,0
U_05485,2024-03-05,Enterprise,North,0
U_05486,2026-03-16,Pro,East,0
U_05487,2024-07-28,Free,South,0
U_05488,2023-08-29,Free,East,0
U_05489,2024-07-25,Free,West,0
U_05490,2023-10-11,Pro,South,0
U_05491,2023-10-17,Pro,East,1
U_05492,2025-05-28,Pro,South,1
U_05493,2023-12-08,Free,South,0
U_05494,2024-01-19,Pro,East,0
U_05495,2024-06-08,Pro,West,0
U_05496,2024-05-25,Enterprise,North,0
U_05497,2026-04-08,Free,East,0
U_05498,2026-03-24,Pro,West,1
U_05499,2026-02-14,Pro,West,0
U_05500,2026-06-22,Enterprise,South,0
U_05501,2024-11-13,Enterprise,East,0
U_05502,2025-11-27,Enterprise,North,1
U_05503,2024-05-27,Free,West,1
U_05504,2026-04-15,Enterprise,South,1
U_05505,2025-12-13,Free,West,0
U_05506,2025-09-20,Pro,South,1
U_05507,2024-03-31,Pro,South,0
U_05508,2023-11-07,Free,North,1
U_05509,2026-04-14,Free,North,0
U_05510,2025-03-12,Free,South,0
U_05511,2025-05-15,Enterprise,East,0
U_05512,2026-02-05,Free,East,1
U_05513,2024-01-01,Enterprise,North,1
U_05514,2025-08-16,Pro,East,1
U_05515,2024-12-08,Pro,North,1
U_05516,2025-11-16,Free,North,1
U_05517,2024-11-30,Free,North,0
U_05518,2024-02-27,Pro,South,1
U_05519,2026-05-17,Pro,East,1
U_05520,2024-05-27,Pro,West,0
U_05521,2025-10-04,Free,North,1
U_05522,2026-01-04,Free,West,0
U_05523,2024-04-22,Free,East,0
U_05524,2025-08-11,Free,West,0
U_05525,2024-09-27,Pro,West,0
U_05526,2024-03-27,Pro,North,0
U_05527,2024-03-20,Pro,North,0
U_05528,2026-05-15,Free,South,1
U_05529,2024-08-28,Enterprise,South,0
U_05530,2025-01-26,Free,West,0
U_05531,2025-01-17,Free,West,1
U_05532,2023-08-30,Pro,South,0
U_05533,2025-10-13,Pro,South,0
U_05534,2025-10-04,Pro,East,1
U_05535,2026-02-20,Free,West,0
U_05536,2024-08-16,Pro,North,0
U_05537,2024-03-12,Free,South,1
U_05538,2024-08-06,Free,East,0
U_05539,2025-09-20,Free,South,1
U_05540,2025-07-03,Free,East,0
U_05541,2024-10-07,Free,East,1
U_05542,2025-02-11,Enterprise,South,0
U_05543,2024-01-13,Free,North,0
U_05544,2026-04-07,Free,East,0
U_05545,2024-12-16,Free,South,0
U_05546,2025-01-23,Free,South,0
U_05547,2025-11-17,Enterprise,East,1
U_05548,2024-02-28,Free,East,0
U_05549,2025-09-10,Free,East,0
U_05550,2024-08-12,Free,East,1
U_05551,2025-12-15,Enterprise,South,0
U_05552,2023-11-10,Pro,East,0
U_05553,2024-05-22,Free,North,0
U_05554,2025-06-09,Free,South,0
U_05555,2024-12-28,Free,East,0
U_05556,2024-09-06,Pro,South,1
U_05557,2025-04-09,Free,South,1
U_05558,2024-03-21,Free,East,0
U_05559,2024-11-10,Enterprise,North,1
U_05560,2023-08-04,Enterprise,South,0
U_05561,2025-11-30,Free,East,0
U_05562,2024-04-28,Pro,South,1
U_05563,2026-01-03,Enterprise,East,0
U_05564,2025-03-12,Enterprise,South,0
U_05565,2025-05-04,Free,West,0
U_05566,2025-05-30,Pro,West,0
U_05567,2023-12-13,Free,South,0
U_05568,2025-11-07,Pro,East,1
U_05569,2024-06-08,Pro,South,0
U_05570,2026-02-06,Pro,North,1
U_05571,2025-11-17,Free,East,1
U_05572,2025-07-24,Pro,East,0
U_05573,2025-12-17,Pro,South,0
U_05574,2024-11-09,Free,East,0
U_05575,2025-07-19,Free,East,1
U_05576,2026-05-13,Enterprise,East,1
U_05577,2024-02-19,Pro,East,0
U_05578,2023-11-17,Pro,North,1
U_05579,2024-10-14,Free,West,0
U_05580,2025-01-26,Free,North,1
U_05581,2024-01-07,Pro,West,1
U_05582,2024-03-24,Pro,South,0
U_05583,2026-02-10,Pro,South,0
U_05584,2024-09-18,Free,North,1
U_05585,2024-01-07,Pro,East,1
U_05586,2024-02-13,Pro,East,1
U_05587,2025-04-08,Free,North,0
U_05588,2024-02-20,Free,South,0
U_05589,2024-12-20,Free,East,0
U_05590,2025-02-25,Free,South,1
U_05591,2024-11-12,Free,East,1
U_05592,2025-01-19,Pro,West,0
U_05593,2026-01-10,Free,North,1
U_05594,2023-08-19,Free,East,0
U_05595,2026-04-19,Free,West,1
U_05596,2024-03-01,Free,North,0
U_05597,2023-09-11,Free,West,1
U_05598,2025-10-28,Pro,North,1
U_05599,2025-03-31,Free,West,0
U_05600,2025-02-25,Pro,East,0
U_05601,2024-03-20,Free,North,1
U_05602,2025-11-11,Free,East,0
U_05603,2024-06-23,Free,East,1
U_05604,2025-09-14,Free,East,1
U_05605,2024-04-01,Enterprise,North,0
U_05606,2025-04-03,Free,East,1
U_05607,2025-06-23,Pro,West,0
U_05608,2024-09-01,Free,West,0
U_05609,2024-12-25,Free,West,1
U_05610,2023-10-10,Pro,East,1
U_05611,2025-06-17,Free,North,0
U_05612,2025-08-07,Free,West,0
U_05613,2024-01-12,Free,East,1
U_05614,2025-03-11,Pro,South,1
U_05615,2025-09-21,Pro,East,0
U_05616,2023-11-17,Free,East,0
U_05617,2026-01-12,Free,East,0
U_05618,2026-02-14,Pro,West,0
U_05619,2023-09-24,Free,East,0
U_05620,2024-04-22,Free,West,0
U_05621,2023-10-30,Free,West,1
U_05622,2024-04-27,Pro,East,0
U_05623,2023-11-01,Enterprise,West,1
U_05624,2025-01-04,Free,North,0
U_05625,2024-04-24,Pro,East,0
U_05626,2024-06-16,Pro,South,1
U_05627,2024-12-05,Free,West,1
U_05628,2024-09-01,Pro,South,1
U_05629,2025-11-19,Pro,North,0
U_05630,2025-09-10,Pro,East,0
U_05631,2023-12-01,Pro,North,1
U_05632,2024-03-27,Free,West,1
U_05633,2023-08-10,Free,North,1
U_05634,2024-07-18,Pro,East,0
U_05635,2023-11-25,Free,North,1
U_05636,2025-08-14,Pro,East,0
U_05637,2025-11-10,Free,South,0
U_05638,2026-06-28,Enterprise,East,0
U_05639,2024-03-11,Free,South,0
U_05640,2023-09-10,Free,East,1
U_05641,2025-10-16,Free,South,1
U_05642,2024-10-13,Free,East,0
U_05643,2026-04-20,Free,East,0
U_05644,2024-09-23,Free,West,0
U_05645,2024-06-30,Pro,South,1
U_05646,2023-10-18,Pro,North,1
U_05647,2026-05-08,Pro,North,0
U_05648,2025-01-28,Pro,West,0
U_05649,2024-11-13,Pro,West,0
U_05650,2024-11-09,Pro,East,0
U_05651,2025-10-29,Pro,East,0
U_05652,2026-01-03,Free,South,0
U_05653,2024-12-21,Free,West,0
U_05654,2024-02-07,Free,South,0
U_05655,2024-10-08,Free,North,1
U_05656,2026-03-09,Free,East,1
U_05657,2024-10-09,Enterprise,East,1
U_05658,2025-07-06,Pro,East,1
U_05659,2025-03-20,Free,North,1
U_05660,2024-12-05,Pro,East,1
U_05661,2025-04-05,Free,West,1
U_05662,2024-04-19,Enterprise,West,1
U_05663,2025-03-18,Free,South,1
U_05664,2026-02-08,Enterprise,East,1
U_05665,2023-10-26,Pro,West,0
U_05666,2024-08-29,Free,South,0
U_05667,2026-02-25,Free,North,0
U_05668,2026-06-09,Pro,East,0
U_05669,2023-08-16,Free,North,1
U_05670,2025-05-31,Free,South,0
U_05671,2025-06-05,Pro,East,0
U_05672,2026-01-16,Pro,South,0
U_05673,2024-12-15,Pro,West,1
U_05674,2023-12-19,Free,South,1
U_05675,2024-06-17,Free,West,1
U_05676,2025-08-30,Enterprise,East,1
U_05677,2025-09-16,Pro,North,1
U_05678,2024-03-07,Pro,West,0
U_05679,2025-06-17,Pro,South,1
U_05680,2025-07-02,Pro,North,0
U_05681,2025-07-03,Pro,South,0
U_05682,2023-08-25,Pro,East,0
U_05683,2024-11-14,Pro,East,1
U_05684,2024-07-13,Pro,South,0
U_05685,2025-04-29,Pro,East,0
U_05686,2024-07-25,Free,North,1
U_05687,2023-12-16,Free,North,1
U_05688,2025-07-16,Free,North,1
U_05689,2024-06-02,Free,South,1
U_05690,2025-11-21,Free,South,1
U_05691,2024-06-22,Free,West,0
U_05692,2025-03-05,Pro,South,1
U_05693,2025-12-10,Free,North,0
U_05694,2023-12-03,Pro,East,1
U_05695,2025-09-19,Free,West,0
U_05696,2023-10-13,Free,North,0
U_05697,2026-04-26,Free,North,0
U_05698,2023-08-28,Free,West,1
U_05699,2025-09-11,Enterprise,North,1
U_05700,2024-08-29,Pro,East,0
U_05701,2024-02-09,Free,South,0
U_05702,2024-09-26,Free,South,1
U_05703,2025-01-17,Free,East,0
U_05704,2024-10-17,Free,West,0
U_05705,2023-12-10,Free,North,0
U_05706,2025-02-09,Enterprise,South,0
U_05707,2024-06-16,Free,North,0
U_05708,2026-05-29,Free,South,1
U_05709,2024-09-13,Pro,South,0
U_05710,2024-11-08,Pro,North,0
U_05711,2024-04-01,Free,West,1
U_05712,2026-05-30,Enterprise,West,1
U_05713,2024-07-10,Free,East,1
U_05714,2025-06-20,Pro,North,1
U_05715,2026-01-05,Pro,East,0
U_05716,2024-09-24,Pro,East,1
U_05717,2025-10-15,Free,West,0
U_05718,2024-05-25,Free,North,1
U_05719,2023-11-26,Free,East,0
U_05720,2023-09-15,Free,West,1
U_05721,2024-11-22,Free,West,0
U_05722,2026-02-18,Free,North,1
U_05723,2024-03-05,Pro,West,0
U_05724,2024-11-13,Free,North,0
U_05725,2025-10-23,Pro,East,0
U_05726,2024-05-22,Free,West,0
U_05727,2024-01-11,Free,East,1
U_05728,2025-02-05,Free,South,0
U_05729,2024-10-28,Free,North,0
U_05730,2026-04-28,Pro,North,0
U_05731,2026-03-15,Free,East,0
U_05732,2024-04-11,Pro,East,1
U_05733,2025-03-21,Pro,North,1
U_05734,2024-10-18,Free,South,0
U_05735,2023-09-07,Free,West,1
U_05736,2024-11-17,Free,North,0
U_05737,2026-04-04,Pro,East,0
U_05738,2024-06-19,Pro,East,0
U_05739,2025-04-17,Pro,East,0
U_05740,2025-08-28,Free,West,1
U_05741,2023-10-08,Free,East,0
U_05742,2026-04-13,Pro,South,0
U_05743,2023-11-26,Pro,North,0
U_05744,2024-06-18,Pro,North,0
U_05745,2025-09-03,Pro,East,1
U_05746,2023-08-22,Free,South,0
U_05747,2024-09-05,Free,North,1
U_05748,2023-12-15,Pro,South,0
U_05749,2024-12-18,Free,South,0
U_05750,2023-08-18,Free,North,1
U_05751,2024-01-10,Free,West,0
U_05752,2024-03-26,Free,North,1
U_05753,2023-10-27,Pro,North,1
U_05754,2023-11-06,Enterprise,West,1
U_05755,2024-02-25,Free,West,1
U_05756,2025-02-03,Pro,North,0
U_05757,2023-12-25,Free,North,0
U_05758,2025-12-24,Free,West,1
U_05759,2024-10-19,Free,North,1
U_05760,2024-04-26,Pro,South,1
U_05761,2024-04-14,Free,West,0
U_05762,2026-01-12,Enterprise,North,1
U_05763,2023-09-21,Free,North,0
U_05764,2025-10-01,Free,North,0
U_05765,2023-11-14,Free,South,0
U_05766,2026-05-04,Free,South,0
U_05767,2024-10-10,Free,East,0
U_05768,2025-04-30,Pro,West,0
U_05769,2026-02-07,Free,South,0
U_05770,2023-11-17,Free,West,1
U_05771,2023-10-09,Pro,South,0
U_05772,2025-08-10,Pro,North,0
U_05773,2025-04-19,Pro,East,1
U_05774,2025-09-08,Free,West,0
U_05775,2024-05-24,Free,South,0
U_05776,2025-01-12,Free,North,0
U_05777,2024-02-16,Free,South,1
U_05778,2024-11-09,Enterprise,West,1
U_05779,2024-05-28,Pro,South,0
U_05780,2025-04-17,Pro,South,0
U_05781,2024-06-15,Pro,North,0
U_05782,2024-05-20,Pro,North,0
U_05783,2025-06-16,Enterprise,East,1
U_05784,2023-11-01,Free,East,1
U_05785,2025-12-03,Pro,East,0
U_05786,2025-01-11,Free,North,0
U_05787,2024-04-01,Free,East,1
U_05788,2023-12-02,Free,South,1
U_05789,2025-01-25,Free,South,1
U_05790,2025-01-20,Free,South,1
U_05791,2025-09-06,Free,North,1
U_05792,2024-09-03,Free,North,0
U_05793,2024-10-14,Pro,West,0
U_05794,2026-03-10,Enterprise,West,0
U_05795,2024-05-19,Free,North,1
U_05796,2026-06-12,Pro,East,0
U_05797,2026-03-10,Free,West,1
U_05798,2026-06-22,Free,South,0
U_05799,2026-05-03,Pro,East,0
U_05800,2024-05-02,Pro,East,0
U_05801,2025-12-17,Pro,North,0
U_05802,2025-05-15,Pro,North,0
U_05803,2024-03-06,Free,North,1
U_05804,2026-06-30,Free,West,1
U_05805,2025-06-22,Free,West,0
U_05806,2025-12-12,Free,East,0
U_05807,2025-03-18,Pro,East,1
U_05808,2023-10-25,Free,South,0
U_05809,2026-02-07,Pro,East,0
U_05810,2024-02-05,Free,South,0
U_05811,2024-05-04,Free,West,0
U_05812,2025-05-19,Pro,North,1
U_05813,2024-02-24,Free,West,0
U_05814,2024-12-07,Free,East,1
U_05815,2025-08-31,Free,North,0
U_05816,2023-11-12,Pro,South,0
U_05817,2025-07-06,Enterprise,West,1
U_05818,2023-11-21,Enterprise,South,1
U_05819,2024-12-21,Free,West,1
U_05820,2025-06-24,Free,East,0
U_05821,2025-08-03,Pro,West,0
U_05822,2023-09-16,Free,North,0
U_05823,2024-02-21,Pro,North,1
U_05824,2026-05-21,Pro,North,1
U_05825,2024-09-21,Free,South,0
U_05826,2024-10-27,Free,South,0
U_05827,2024-09-04,Enterprise,East,0
U_05828,2025-08-13,Free,West,1
U_05829,2025-09-29,Free,West,1
U_05830,2025-06-25,Pro,South,1
U_05831,2024-10-03,Pro,East,0
U_05832,2025-03-31,Free,East,1
U_05833,2025-02-01,Pro,South,1
U_05834,2024-02-18,Free,South,0
U_05835,2026-05-10,Free,West,1
U_05836,2026-05-26,Free,North,0
U_05837,2025-11-07,Pro,South,1
U_05838,2026-06-25,Pro,East,1
U_05839,2024-12-10,Free,West,0
U_05840,2026-01-12,Free,West,1
U_05841,2024-04-14,Pro,West,0
U_05842,2025-10-01,Enterprise,North,0
U_05843,2025-09-02,Free,West,1
U_05844,2026-04-28,Free,North,0
U_05845,2026-01-06,Pro,North,0
U_05846,2026-02-24,Free,South,0
U_05847,2024-05-13,Pro,North,1
U_05848,2025-11-18,Pro,South,1
U_05849,2024-12-20,Free,East,0
U_05850,2024-06-30,Free,South,0
U_05851,2024-08-28,Enterprise,East,0
U_05852,2025-11-30,Pro,West,0
U_05853,2026-01-16,Pro,South,0
U_05854,2026-01-18,Free,West,1
U_05855,2025-07-15,Free,West,1
U_05856,2024-01-30,Pro,East,1
U_05857,2024-01-14,Pro,South,1
U_05858,2025-03-29,Enterprise,West,0
U_05859,2024-03-15,Pro,West,1
U_05860,2024-07-25,Pro,South,0
U_05861,2023-11-19,Free,West,1
U_05862,2024-01-13,Free,East,0
U_05863,2025-09-04,Free,West,1
U_05864,2024-03-27,Pro,West,0
U_05865,2026-01-21,Pro,West,0
U_05866,2024-07-17,Free,West,1
U_05867,2026-01-22,Pro,South,0
U_05868,2024-06-19,Free,North,0
U_05869,2024-05-13,Free,East,0
U_05870,2024-09-25,Enterprise,East,0
U_05871,2023-08-14,Enterprise,South,0
U_05872,2024-11-08,Pro,North,0
U_05873,2024-09-09,Pro,East,1
U_05874,2023-08-15,Free,East,0
U_05875,2026-02-05,Free,East,0
U_05876,2024-09-04,Pro,North,0
U_05877,2023-08-02,Free,South,1
U_05878,2026-05-21,Free,North,0
U_05879,2024-04-01,Enterprise,East,0
U_05880,2024-04-27,Free,West,1
U_05881,2023-08-27,Pro,East,0
U_05882,2023-11-16,Free,North,1
U_05883,2025-08-27,Free,North,1
U_05884,2025-04-13,Free,East,0
U_05885,2025-01-20,Free,West,0
U_05886,2024-04-20,Enterprise,East,1
U_05887,2024-06-02,Free,South,1
U_05888,2026-06-01,Pro,West,0
U_05889,2024-09-01,Pro,South,1
U_05890,2026-06-21,Free,East,0
U_05891,2026-03-04,Free,West,0
U_05892,2023-12-12,Free,North,0
U_05893,2026-01-22,Pro,East,0
U_05894,2023-08-24,Pro,East,1
U_05895,2025-08-28,Pro,East,1
U_05896,2025-12-12,Free,North,0
U_05897,2025-08-12,Free,South,0
U_05898,2025-03-10,Pro,South,1
U_05899,2025-12-15,Free,North,1
U_05900,2024-01-13,Free,South,0
U_05901,2025-02-27,Pro,East,0
U_05902,2024-05-11,Free,East,0
U_05903,2024-09-30,Free,West,0
U_05904,2024-02-21,Pro,South,1
U_05905,2025-08-26,Pro,West,1
U_05906,2025-04-03,Free,East,1
U_05907,2025-11-09,Free,South,1
U_05908,2025-06-01,Enterprise,West,0
U_05909,2025-05-01,Free,North,0
U_05910,2026-04-10,Free,West,0
U_05911,2025-12-15,Free,North,1
U_05912,2025-03-28,Pro,West,0
U_05913,2024-07-14,Enterprise,North,0
U_05914,2026-04-17,Free,South,0
U_05915,2024-08-31,Free,South,0
U_05916,2023-11-18,Pro,West,1
U_05917,2024-07-22,Free,North,1
U_05918,2025-08-24,Enterprise,South,0
U_05919,2026-04-20,Free,East,0
U_05920,2025-06-20,Free,East,0
U_05921,2025-07-08,Free,North,0
U_05922,2026-04-27,Free,East,0
U_05923,2025-11-08,Free,West,0
U_05924,2024-11-18,Enterprise,West,1
U_05925,2024-12-06,Free,South,0
U_05926,2025-10-19,Free,East,0
U_05927,2024-07-05,Free,North,0
U_05928,2023-11-27,Free,South,1
U_05929,2025-05-23,Free,East,1
U_05930,2025-12-11,Free,West,1
U_05931,2024-04-22,Pro,East,1
U_05932,2025-07-30,Pro,North,0
U_05933,2026-03-10,Free,West,1
U_05934,2023-12-16,Pro,East,0
U_05935,2023-12-24,Free,East,0
U_05936,2025-01-08,Pro,West,0
U_05937,2024-07-23,Free,East,1
U_05938,2026-05-10,Free,South,0
U_05939,2026-06-29,Enterprise,West,0
U_05940,2024-11-19,Pro,West,1
U_05941,2025-11-24,Pro,South,1
U_05942,2025-06-05,Pro,South,0
U_05943,2024-02-02,Enterprise,South,1
U_05944,2026-06-02,Free,North,0
U_05945,2024-02-04,Free,North,1
U_05946,2023-10-22,Pro,East,1
U_05947,2024-11-26,Free,West,1
U_05948,2023-08-21,Pro,West,1
U_05949,2024-12-26,Free,North,0
U_05950,2024-10-14,Free,North,0
U_05951,2026-05-15,Pro,East,0
U_05952,2024-10-15,Pro,West,1
U_05953,2026-01-23,Pro,North,0
U_05954,2025-11-10,Free,South,0
U_05955,2025-04-17,Pro,East,0
U_05956,2024-04-11,Free,South,0
U_05957,2024-06-21,Free,East,1
U_05958,2025-01-06,Free,West,0
U_05959,2024-09-26,Free,West,0
U_05960,2025-06-20,Free,West,0
U_05961,2025-01-21,Free,South,0
U_05962,2024-07-11,Free,South,0
U_05963,2025-05-09,Free,East,0
U_05964,2026-06-29,Free,South,0
U_05965,2024-03-04,Pro,East,0
U_05966,2024-07-24,Pro,North,1
U_05967,2023-08-14,Pro,North,1
U_05968,2023-11-09,Pro,East,0
U_05969,2023-09-30,Free,South,0
U_05970,2024-10-25,Pro,North,1
U_05971,2026-01-09,Free,North,0
U_05972,2025-08-14,Pro,East,0
U_05973,2026-05-27,Enterprise,West,0
U_05974,2026-01-10,Free,East,0
U_05975,2025-04-17,Free,East,1
U_05976,2025-04-11,Free,South,1
U_05977,2023-08-15,Free,West,0
U_05978,2024-09-13,Free,South,1
U_05979,2024-05-06,Free,West,0
U_05980,2025-05-24,Free,South,0
U_05981,2023-10-10,Free,North,0
U_05982,2025-03-02,Pro,West,0
U_05983,2024-09-05,Pro,East,1
U_05984,2025-01-07,Free,West,0
U_05985,2024-10-06,Enterprise,South,1
U_05986,2023-11-18,Free,East,1
U_05987,2025-09-19,Free,North,0
U_05988,2025-12-02,Free,East,1
U_05989,2025-04-30,Pro,North,0
U_05990,2023-12-03,Pro,West,0
U_05991,2025-05-01,Pro,East,0
U_05992,2026-02-15,Pro,West,1
U_05993,2026-06-18,Free,North,0
U_05994,2025-10-18,Free,North,0
U_05995,2023-09-19,Pro,North,0
U_05996,2026-02-23,Free,West,0
U_05997,2025-07-10,Free,East,1
U_05998,2024-05-22,Pro,East,0
U_05999,2026-04-08,Free,North,0
